experiment_name,run_id,dataset,method,batch_size,seed,iid_beta,round,evaluation_split,evaluation_acc,evaluation_loss,val_acc,val_loss,local_steps,train_time_sec,training_time_sec,parameter_sync_time_sec,train_sync_time_sec,cumulative_train_sync_time_sec,comm_time_sec,train_comm_time_sec,cum_train_comm_time_sec
nc_papers100m_195trainer_0hop_balanced_local_bs2048_800r,20260914_211623_ogbn-papers100M_FedAvg_bs2048_seed42_beta10000p0,ogbn-papers100M,FedAvg,2048,42,10000.0,1,validation,0.0058,5.1514,0.0058,5.1514,3,0.9274463653564453,0.9274463653564453,0.5460736751556396,1.473520040512085,1.473520040512085,0.5460736751556396,1.473520040512085,1.473520040512085
nc_papers100m_195trainer_0hop_balanced_local_bs2048_800r,20260914_211623_ogbn-papers100M_FedAvg_bs2048_seed42_beta10000p0,ogbn-papers100M,FedAvg,2048,42,10000.0,2,validation,0.0076,5.1449,0.0076,5.1449,6,0.14550065994262695,0.14550065994262695,0.5464117527008057,0.6919124126434326,2.1654324531555176,0.5464117527008057,0.6919124126434326,2.1654324531555176
nc_papers100m_195trainer_0hop_balanced_local_bs2048_800r,20260914_211623_ogbn-papers100M_FedAvg_bs2048_seed42_beta10000p0,ogbn-papers100M,FedAvg,2048,42,10000.0,3,validation,0.0096,5.1388,0.0096,5.1388,9,0.1448502540588379,0.1448502540588379,0.5408980846405029,0.6857483386993408,2.8511807918548584,0.5408980846405029,0.6857483386993408,2.8511807918548584
nc_papers100m_195trainer_0hop_balanced_local_bs2048_800r,20260914_211623_ogbn-papers100M_FedAvg_bs2048_seed42_beta10000p0,ogbn-papers100M,FedAvg,2048,42,10000.0,4,validation,0.0119,5.1324,0.0119,5.1324,12,0.1465764045715332,0.1465764045715332,0.5249013900756836,0.6714777946472168,3.522658586502075,0.5249013900756836,0.6714777946472168,3.522658586502075
nc_papers100m_195trainer_0hop_balanced_local_bs2048_800r,20260914_211623_ogbn-papers100M_FedAvg_bs2048_seed42_beta10000p0,ogbn-papers100M,FedAvg,2048,42,10000.0,5,validation,0.0138,5.1255,0.0138,5.1255,15,0.14313983917236328,0.14313983917236328,0.539069414138794,0.6822092533111572,4.204867839813232,0.539069414138794,0.6822092533111572,4.204867839813232
nc_papers100m_195trainer_0hop_balanced_local_bs2048_800r,20260914_211623_ogbn-papers100M_FedAvg_bs2048_seed42_beta10000p0,ogbn-papers100M,FedAvg,2048,42,10000.0,6,validation,0.0162,5.1175,0.0162,5.1175,18,0.14113569259643555,0.14113569259643555,0.5426042079925537,0.6837399005889893,4.888607740402222,0.5426042079925537,0.6837399005889893,4.888607740402222
nc_papers100m_195trainer_0hop_balanced_local_bs2048_800r,20260914_211623_ogbn-papers100M_FedAvg_bs2048_seed42_beta10000p0,ogbn-papers100M,FedAvg,2048,42,10000.0,7,validation,0.019,5.1084,0.019,5.1084,21,0.1465282440185547,0.1465282440185547,0.5451321601867676,0.6916604042053223,5.580268144607544,0.5451321601867676,0.6916604042053223,5.580268144607544
nc_papers100m_195trainer_0hop_balanced_local_bs2048_800r,20260914_211623_ogbn-papers100M_FedAvg_bs2048_seed42_beta10000p0,ogbn-papers100M,FedAvg,2048,42,10000.0,8,validation,0.0222,5.098,0.0222,5.098,24,0.142378568649292,0.142378568649292,0.5387845039367676,0.6811630725860596,6.2614312171936035,0.5387845039367676,0.6811630725860596,6.2614312171936035
nc_papers100m_195trainer_0hop_balanced_local_bs2048_800r,20260914_211623_ogbn-papers100M_FedAvg_bs2048_seed42_beta10000p0,ogbn-papers100M,FedAvg,2048,42,10000.0,9,validation,0.0258,5.0864,0.0258,5.0864,27,0.1447000503540039,0.1447000503540039,0.5494694709777832,0.6941695213317871,6.955600738525391,0.5494694709777832,0.6941695213317871,6.955600738525391
nc_papers100m_195trainer_0hop_balanced_local_bs2048_800r,20260914_211623_ogbn-papers100M_FedAvg_bs2048_seed42_beta10000p0,ogbn-papers100M,FedAvg,2048,42,10000.0,10,validation,0.0292,5.0735,0.0292,5.0735,30,0.14007949829101562,0.14007949829101562,0.5344722270965576,0.6745517253875732,7.630152463912964,0.5344722270965576,0.6745517253875732,7.630152463912964
nc_papers100m_195trainer_0hop_balanced_local_bs2048_800r,20260914_211623_ogbn-papers100M_FedAvg_bs2048_seed42_beta10000p0,ogbn-papers100M,FedAvg,2048,42,10000.0,11,validation,0.0325,5.0598,0.0325,5.0598,33,0.14116644859313965,0.14116644859313965,0.5304911136627197,0.6716575622558594,8.301810026168823,0.5304911136627197,0.6716575622558594,8.301810026168823
nc_papers100m_195trainer_0hop_balanced_local_bs2048_800r,20260914_211623_ogbn-papers100M_FedAvg_bs2048_seed42_beta10000p0,ogbn-papers100M,FedAvg,2048,42,10000.0,12,validation,0.0358,5.0452,0.0358,5.0452,36,0.1423509120941162,0.1423509120941162,0.5562341213226318,0.698585033416748,9.000395059585571,0.5562341213226318,0.698585033416748,9.000395059585571
nc_papers100m_195trainer_0hop_balanced_local_bs2048_800r,20260914_211623_ogbn-papers100M_FedAvg_bs2048_seed42_beta10000p0,ogbn-papers100M,FedAvg,2048,42,10000.0,13,validation,0.0388,5.0302,0.0388,5.0302,39,0.14344191551208496,0.14344191551208496,0.5728156566619873,0.7162575721740723,9.716652631759644,0.5728156566619873,0.7162575721740723,9.716652631759644
nc_papers100m_195trainer_0hop_balanced_local_bs2048_800r,20260914_211623_ogbn-papers100M_FedAvg_bs2048_seed42_beta10000p0,ogbn-papers100M,FedAvg,2048,42,10000.0,14,validation,0.0411,5.0148,0.0411,5.0148,42,0.138458251953125,0.138458251953125,0.524693489074707,0.663151741027832,10.379804372787476,0.524693489074707,0.663151741027832,10.379804372787476
nc_papers100m_195trainer_0hop_balanced_local_bs2048_800r,20260914_211623_ogbn-papers100M_FedAvg_bs2048_seed42_beta10000p0,ogbn-papers100M,FedAvg,2048,42,10000.0,15,validation,0.0433,4.9993,0.0433,4.9993,45,0.1467607021331787,0.1467607021331787,0.5340440273284912,0.6808047294616699,11.060609102249146,0.5340440273284912,0.6808047294616699,11.060609102249146
nc_papers100m_195trainer_0hop_balanced_local_bs2048_800r,20260914_211623_ogbn-papers100M_FedAvg_bs2048_seed42_beta10000p0,ogbn-papers100M,FedAvg,2048,42,10000.0,16,validation,0.0454,4.9837,0.0454,4.9837,48,0.1457967758178711,0.1457967758178711,0.5521683692932129,0.697965145111084,11.75857424736023,0.5521683692932129,0.697965145111084,11.75857424736023
nc_papers100m_195trainer_0hop_balanced_local_bs2048_800r,20260914_211623_ogbn-papers100M_FedAvg_bs2048_seed42_beta10000p0,ogbn-papers100M,FedAvg,2048,42,10000.0,17,validation,0.0473,4.968,0.0473,4.968,51,0.14013171195983887,0.14013171195983887,0.5359938144683838,0.6761255264282227,12.434699773788452,0.5359938144683838,0.6761255264282227,12.434699773788452
nc_papers100m_195trainer_0hop_balanced_local_bs2048_800r,20260914_211623_ogbn-papers100M_FedAvg_bs2048_seed42_beta10000p0,ogbn-papers100M,FedAvg,2048,42,10000.0,18,validation,0.0492,4.9523,0.0492,4.9523,54,0.13698697090148926,0.13698697090148926,0.534095287322998,0.6710822582244873,13.10578203201294,0.534095287322998,0.6710822582244873,13.10578203201294
nc_papers100m_195trainer_0hop_balanced_local_bs2048_800r,20260914_211623_ogbn-papers100M_FedAvg_bs2048_seed42_beta10000p0,ogbn-papers100M,FedAvg,2048,42,10000.0,19,validation,0.0508,4.9362,0.0508,4.9362,57,0.1379239559173584,0.1379239559173584,0.5375218391418457,0.6754457950592041,13.781227827072144,0.5375218391418457,0.6754457950592041,13.781227827072144
nc_papers100m_195trainer_0hop_balanced_local_bs2048_800r,20260914_211623_ogbn-papers100M_FedAvg_bs2048_seed42_beta10000p0,ogbn-papers100M,FedAvg,2048,42,10000.0,20,validation,0.0528,4.92,0.0528,4.92,60,0.13956141471862793,0.13956141471862793,0.5478346347808838,0.6873960494995117,14.468623876571655,0.5478346347808838,0.6873960494995117,14.468623876571655
nc_papers100m_195trainer_0hop_balanced_local_bs2048_800r,20260914_211623_ogbn-papers100M_FedAvg_bs2048_seed42_beta10000p0,ogbn-papers100M,FedAvg,2048,42,10000.0,21,validation,0.0544,4.9036,0.0544,4.9036,63,0.14513063430786133,0.14513063430786133,0.5439057350158691,0.6890363693237305,15.157660245895386,0.5439057350158691,0.6890363693237305,15.157660245895386
nc_papers100m_195trainer_0hop_balanced_local_bs2048_800r,20260914_211623_ogbn-papers100M_FedAvg_bs2048_seed42_beta10000p0,ogbn-papers100M,FedAvg,2048,42,10000.0,22,validation,0.0562,4.8872,0.0562,4.8872,66,0.14047765731811523,0.14047765731811523,0.5344910621643066,0.6749687194824219,15.832628965377808,0.5344910621643066,0.6749687194824219,15.832628965377808
nc_papers100m_195trainer_0hop_balanced_local_bs2048_800r,20260914_211623_ogbn-papers100M_FedAvg_bs2048_seed42_beta10000p0,ogbn-papers100M,FedAvg,2048,42,10000.0,23,validation,0.0579,4.8708,0.0579,4.8708,69,0.14158916473388672,0.14158916473388672,0.5286502838134766,0.6702394485473633,16.50286841392517,0.5286502838134766,0.6702394485473633,16.50286841392517
nc_papers100m_195trainer_0hop_balanced_local_bs2048_800r,20260914_211623_ogbn-papers100M_FedAvg_bs2048_seed42_beta10000p0,ogbn-papers100M,FedAvg,2048,42,10000.0,24,validation,0.0595,4.8544,0.0595,4.8544,72,0.13692688941955566,0.13692688941955566,0.5305118560791016,0.6674387454986572,17.170307159423828,0.5305118560791016,0.6674387454986572,17.170307159423828
nc_papers100m_195trainer_0hop_balanced_local_bs2048_800r,20260914_211623_ogbn-papers100M_FedAvg_bs2048_seed42_beta10000p0,ogbn-papers100M,FedAvg,2048,42,10000.0,25,validation,0.0615,4.8382,0.0615,4.8382,75,0.14318156242370605,0.14318156242370605,0.5216107368469238,0.6647922992706299,17.835099458694458,0.5216107368469238,0.6647922992706299,17.835099458694458
nc_papers100m_195trainer_0hop_balanced_local_bs2048_800r,20260914_211623_ogbn-papers100M_FedAvg_bs2048_seed42_beta10000p0,ogbn-papers100M,FedAvg,2048,42,10000.0,26,validation,0.0631,4.8223,0.0631,4.8223,78,0.14812183380126953,0.14812183380126953,0.548804521560669,0.6969263553619385,18.532025814056396,0.548804521560669,0.6969263553619385,18.532025814056396
nc_papers100m_195trainer_0hop_balanced_local_bs2048_800r,20260914_211623_ogbn-papers100M_FedAvg_bs2048_seed42_beta10000p0,ogbn-papers100M,FedAvg,2048,42,10000.0,27,validation,0.0649,4.8066,0.0649,4.8066,81,0.14220094680786133,0.14220094680786133,0.5469133853912354,0.6891143321990967,19.221140146255493,0.5469133853912354,0.6891143321990967,19.221140146255493
nc_papers100m_195trainer_0hop_balanced_local_bs2048_800r,20260914_211623_ogbn-papers100M_FedAvg_bs2048_seed42_beta10000p0,ogbn-papers100M,FedAvg,2048,42,10000.0,28,validation,0.0665,4.7911,0.0665,4.7911,84,0.13601922988891602,0.13601922988891602,0.5311920642852783,0.6672112941741943,19.888351440429688,0.5311920642852783,0.6672112941741943,19.888351440429688
nc_papers100m_195trainer_0hop_balanced_local_bs2048_800r,20260914_211623_ogbn-papers100M_FedAvg_bs2048_seed42_beta10000p0,ogbn-papers100M,FedAvg,2048,42,10000.0,29,validation,0.068,4.7759,0.068,4.7759,87,0.1377878189086914,0.1377878189086914,0.5288534164428711,0.6666412353515625,20.55499267578125,0.5288534164428711,0.6666412353515625,20.55499267578125
nc_papers100m_195trainer_0hop_balanced_local_bs2048_800r,20260914_211623_ogbn-papers100M_FedAvg_bs2048_seed42_beta10000p0,ogbn-papers100M,FedAvg,2048,42,10000.0,30,validation,0.0701,4.761,0.0701,4.761,90,0.14017724990844727,0.14017724990844727,0.5366058349609375,0.6767830848693848,21.231775760650635,0.5366058349609375,0.6767830848693848,21.231775760650635
nc_papers100m_195trainer_0hop_balanced_local_bs2048_800r,20260914_211623_ogbn-papers100M_FedAvg_bs2048_seed42_beta10000p0,ogbn-papers100M,FedAvg,2048,42,10000.0,31,validation,0.0717,4.7464,0.0717,4.7464,93,0.14123916625976562,0.14123916625976562,0.5326147079467773,0.673853874206543,21.905629634857178,0.5326147079467773,0.673853874206543,21.905629634857178
nc_papers100m_195trainer_0hop_balanced_local_bs2048_800r,20260914_211623_ogbn-papers100M_FedAvg_bs2048_seed42_beta10000p0,ogbn-papers100M,FedAvg,2048,42,10000.0,32,validation,0.0733,4.7321,0.0733,4.7321,96,0.1421670913696289,0.1421670913696289,0.5277643203735352,0.6699314117431641,22.575561046600342,0.5277643203735352,0.6699314117431641,22.575561046600342
nc_papers100m_195trainer_0hop_balanced_local_bs2048_800r,20260914_211623_ogbn-papers100M_FedAvg_bs2048_seed42_beta10000p0,ogbn-papers100M,FedAvg,2048,42,10000.0,33,validation,0.075,4.7181,0.075,4.7181,99,0.13866305351257324,0.13866305351257324,0.5263881683349609,0.6650512218475342,23.240612268447876,0.5263881683349609,0.6650512218475342,23.240612268447876
nc_papers100m_195trainer_0hop_balanced_local_bs2048_800r,20260914_211623_ogbn-papers100M_FedAvg_bs2048_seed42_beta10000p0,ogbn-papers100M,FedAvg,2048,42,10000.0,34,validation,0.0764,4.7043,0.0764,4.7043,102,0.13826322555541992,0.13826322555541992,0.550405740737915,0.688668966293335,23.92928123474121,0.550405740737915,0.688668966293335,23.92928123474121
nc_papers100m_195trainer_0hop_balanced_local_bs2048_800r,20260914_211623_ogbn-papers100M_FedAvg_bs2048_seed42_beta10000p0,ogbn-papers100M,FedAvg,2048,42,10000.0,35,validation,0.0781,4.6907,0.0781,4.6907,105,0.14109134674072266,0.14109134674072266,0.5434162616729736,0.6845076084136963,24.613788843154907,0.5434162616729736,0.6845076084136963,24.613788843154907
nc_papers100m_195trainer_0hop_balanced_local_bs2048_800r,20260914_211623_ogbn-papers100M_FedAvg_bs2048_seed42_beta10000p0,ogbn-papers100M,FedAvg,2048,42,10000.0,36,validation,0.0797,4.6774,0.0797,4.6774,108,0.14096927642822266,0.14096927642822266,0.5407669544219971,0.6817362308502197,25.295525074005127,0.5407669544219971,0.6817362308502197,25.295525074005127
nc_papers100m_195trainer_0hop_balanced_local_bs2048_800r,20260914_211623_ogbn-papers100M_FedAvg_bs2048_seed42_beta10000p0,ogbn-papers100M,FedAvg,2048,42,10000.0,37,validation,0.0814,4.6643,0.0814,4.6643,111,0.13837504386901855,0.13837504386901855,0.5535016059875488,0.6918766498565674,25.987401723861694,0.5535016059875488,0.6918766498565674,25.987401723861694
nc_papers100m_195trainer_0hop_balanced_local_bs2048_800r,20260914_211623_ogbn-papers100M_FedAvg_bs2048_seed42_beta10000p0,ogbn-papers100M,FedAvg,2048,42,10000.0,38,validation,0.083,4.6515,0.083,4.6515,114,0.13987302780151367,0.13987302780151367,0.5457253456115723,0.6855983734130859,26.67300009727478,0.5457253456115723,0.6855983734130859,26.67300009727478
nc_papers100m_195trainer_0hop_balanced_local_bs2048_800r,20260914_211623_ogbn-papers100M_FedAvg_bs2048_seed42_beta10000p0,ogbn-papers100M,FedAvg,2048,42,10000.0,39,validation,0.0843,4.6388,0.0843,4.6388,117,0.13519835472106934,0.13519835472106934,0.528146505355835,0.6633448600769043,27.336344957351685,0.528146505355835,0.6633448600769043,27.336344957351685
nc_papers100m_195trainer_0hop_balanced_local_bs2048_800r,20260914_211623_ogbn-papers100M_FedAvg_bs2048_seed42_beta10000p0,ogbn-papers100M,FedAvg,2048,42,10000.0,40,validation,0.0858,4.6263,0.0858,4.6263,120,0.14064502716064453,0.14064502716064453,0.5571157932281494,0.697760820388794,28.03410577774048,0.5571157932281494,0.697760820388794,28.03410577774048
nc_papers100m_195trainer_0hop_balanced_local_bs2048_800r,20260914_211623_ogbn-papers100M_FedAvg_bs2048_seed42_beta10000p0,ogbn-papers100M,FedAvg,2048,42,10000.0,41,validation,0.0873,4.614,0.0873,4.614,123,0.13950538635253906,0.13950538635253906,0.542515754699707,0.6820211410522461,28.716126918792725,0.542515754699707,0.6820211410522461,28.716126918792725
nc_papers100m_195trainer_0hop_balanced_local_bs2048_800r,20260914_211623_ogbn-papers100M_FedAvg_bs2048_seed42_beta10000p0,ogbn-papers100M,FedAvg,2048,42,10000.0,42,validation,0.0889,4.6018,0.0889,4.6018,126,0.1392512321472168,0.1392512321472168,0.5358197689056396,0.6750710010528564,29.39119791984558,0.5358197689056396,0.6750710010528564,29.39119791984558
nc_papers100m_195trainer_0hop_balanced_local_bs2048_800r,20260914_211623_ogbn-papers100M_FedAvg_bs2048_seed42_beta10000p0,ogbn-papers100M,FedAvg,2048,42,10000.0,43,validation,0.0902,4.5898,0.0902,4.5898,129,0.13709592819213867,0.13709592819213867,0.5220685005187988,0.6591644287109375,30.05036234855652,0.5220685005187988,0.6591644287109375,30.05036234855652
nc_papers100m_195trainer_0hop_balanced_local_bs2048_800r,20260914_211623_ogbn-papers100M_FedAvg_bs2048_seed42_beta10000p0,ogbn-papers100M,FedAvg,2048,42,10000.0,44,validation,0.0915,4.578,0.0915,4.578,132,0.13717031478881836,0.13717031478881836,0.5260810852050781,0.6632513999938965,30.713613748550415,0.5260810852050781,0.6632513999938965,30.713613748550415
nc_papers100m_195trainer_0hop_balanced_local_bs2048_800r,20260914_211623_ogbn-papers100M_FedAvg_bs2048_seed42_beta10000p0,ogbn-papers100M,FedAvg,2048,42,10000.0,45,validation,0.0929,4.5663,0.0929,4.5663,135,0.13727807998657227,0.13727807998657227,0.5328357219696045,0.6701138019561768,31.383727550506592,0.5328357219696045,0.6701138019561768,31.383727550506592
nc_papers100m_195trainer_0hop_balanced_local_bs2048_800r,20260914_211623_ogbn-papers100M_FedAvg_bs2048_seed42_beta10000p0,ogbn-papers100M,FedAvg,2048,42,10000.0,46,validation,0.0943,4.5548,0.0943,4.5548,138,0.13705158233642578,0.13705158233642578,0.5251479148864746,0.6621994972229004,32.04592704772949,0.5251479148864746,0.6621994972229004,32.04592704772949
nc_papers100m_195trainer_0hop_balanced_local_bs2048_800r,20260914_211623_ogbn-papers100M_FedAvg_bs2048_seed42_beta10000p0,ogbn-papers100M,FedAvg,2048,42,10000.0,47,validation,0.0955,4.5433,0.0955,4.5433,141,0.14236235618591309,0.14236235618591309,0.528282642364502,0.670644998550415,32.71657204627991,0.528282642364502,0.670644998550415,32.71657204627991
nc_papers100m_195trainer_0hop_balanced_local_bs2048_800r,20260914_211623_ogbn-papers100M_FedAvg_bs2048_seed42_beta10000p0,ogbn-papers100M,FedAvg,2048,42,10000.0,48,validation,0.0967,4.532,0.0967,4.532,144,0.1385211944580078,0.1385211944580078,0.5492210388183594,0.6877422332763672,33.404314279556274,0.5492210388183594,0.6877422332763672,33.404314279556274
nc_papers100m_195trainer_0hop_balanced_local_bs2048_800r,20260914_211623_ogbn-papers100M_FedAvg_bs2048_seed42_beta10000p0,ogbn-papers100M,FedAvg,2048,42,10000.0,49,validation,0.0979,4.5208,0.0979,4.5208,147,0.13693666458129883,0.13693666458129883,0.5356535911560059,0.6725902557373047,34.07690453529358,0.5356535911560059,0.6725902557373047,34.07690453529358
nc_papers100m_195trainer_0hop_balanced_local_bs2048_800r,20260914_211623_ogbn-papers100M_FedAvg_bs2048_seed42_beta10000p0,ogbn-papers100M,FedAvg,2048,42,10000.0,50,validation,0.0994,4.5097,0.0994,4.5097,150,0.13535213470458984,0.13535213470458984,0.5344624519348145,0.6698145866394043,34.74671912193298,0.5344624519348145,0.6698145866394043,34.74671912193298
nc_papers100m_195trainer_0hop_balanced_local_bs2048_800r,20260914_211623_ogbn-papers100M_FedAvg_bs2048_seed42_beta10000p0,ogbn-papers100M,FedAvg,2048,42,10000.0,51,validation,0.1007,4.4987,0.1007,4.4987,153,0.13704824447631836,0.13704824447631836,0.5302045345306396,0.667252779006958,35.41397190093994,0.5302045345306396,0.667252779006958,35.41397190093994
nc_papers100m_195trainer_0hop_balanced_local_bs2048_800r,20260914_211623_ogbn-papers100M_FedAvg_bs2048_seed42_beta10000p0,ogbn-papers100M,FedAvg,2048,42,10000.0,52,validation,0.102,4.4878,0.102,4.4878,156,0.13776397705078125,0.13776397705078125,0.5337965488433838,0.671560525894165,36.085532426834106,0.5337965488433838,0.671560525894165,36.085532426834106
nc_papers100m_195trainer_0hop_balanced_local_bs2048_800r,20260914_211623_ogbn-papers100M_FedAvg_bs2048_seed42_beta10000p0,ogbn-papers100M,FedAvg,2048,42,10000.0,53,validation,0.1034,4.477,0.1034,4.477,159,0.13726282119750977,0.13726282119750977,0.5204875469207764,0.6577503681182861,36.74328279495239,0.5204875469207764,0.6577503681182861,36.74328279495239
nc_papers100m_195trainer_0hop_balanced_local_bs2048_800r,20260914_211623_ogbn-papers100M_FedAvg_bs2048_seed42_beta10000p0,ogbn-papers100M,FedAvg,2048,42,10000.0,54,validation,0.1047,4.4663,0.1047,4.4663,162,0.13976287841796875,0.13976287841796875,0.5647933483123779,0.7045562267303467,37.44783902168274,0.5647933483123779,0.7045562267303467,37.44783902168274
nc_papers100m_195trainer_0hop_balanced_local_bs2048_800r,20260914_211623_ogbn-papers100M_FedAvg_bs2048_seed42_beta10000p0,ogbn-papers100M,FedAvg,2048,42,10000.0,55,validation,0.106,4.4558,0.106,4.4558,165,0.13737964630126953,0.13737964630126953,0.5329432487487793,0.6703228950500488,38.11816191673279,0.5329432487487793,0.6703228950500488,38.11816191673279
nc_papers100m_195trainer_0hop_balanced_local_bs2048_800r,20260914_211623_ogbn-papers100M_FedAvg_bs2048_seed42_beta10000p0,ogbn-papers100M,FedAvg,2048,42,10000.0,56,validation,0.1075,4.4454,0.1075,4.4454,168,0.13662505149841309,0.13662505149841309,0.5315587520599365,0.6681838035583496,38.78634572029114,0.5315587520599365,0.6681838035583496,38.78634572029114
nc_papers100m_195trainer_0hop_balanced_local_bs2048_800r,20260914_211623_ogbn-papers100M_FedAvg_bs2048_seed42_beta10000p0,ogbn-papers100M,FedAvg,2048,42,10000.0,57,validation,0.1088,4.435,0.1088,4.435,171,0.13779067993164062,0.13779067993164062,0.5262851715087891,0.6640758514404297,39.45042157173157,0.5262851715087891,0.6640758514404297,39.45042157173157
nc_papers100m_195trainer_0hop_balanced_local_bs2048_800r,20260914_211623_ogbn-papers100M_FedAvg_bs2048_seed42_beta10000p0,ogbn-papers100M,FedAvg,2048,42,10000.0,58,validation,0.1101,4.4248,0.1101,4.4248,174,0.13582086563110352,0.13582086563110352,0.5327541828155518,0.6685750484466553,40.11899662017822,0.5327541828155518,0.6685750484466553,40.11899662017822
nc_papers100m_195trainer_0hop_balanced_local_bs2048_800r,20260914_211623_ogbn-papers100M_FedAvg_bs2048_seed42_beta10000p0,ogbn-papers100M,FedAvg,2048,42,10000.0,59,validation,0.1114,4.4145,0.1114,4.4145,177,0.14009404182434082,0.14009404182434082,0.5200300216674805,0.6601240634918213,40.779120683670044,0.5200300216674805,0.6601240634918213,40.779120683670044
nc_papers100m_195trainer_0hop_balanced_local_bs2048_800r,20260914_211623_ogbn-papers100M_FedAvg_bs2048_seed42_beta10000p0,ogbn-papers100M,FedAvg,2048,42,10000.0,60,validation,0.1129,4.4045,0.1129,4.4045,180,0.13966655731201172,0.13966655731201172,0.5298902988433838,0.6695568561553955,41.44867753982544,0.5298902988433838,0.6695568561553955,41.44867753982544
nc_papers100m_195trainer_0hop_balanced_local_bs2048_800r,20260914_211623_ogbn-papers100M_FedAvg_bs2048_seed42_beta10000p0,ogbn-papers100M,FedAvg,2048,42,10000.0,61,validation,0.1142,4.3945,0.1142,4.3945,183,0.14020133018493652,0.14020133018493652,0.541405200958252,0.6816065311431885,42.13028407096863,0.541405200958252,0.6816065311431885,42.13028407096863
nc_papers100m_195trainer_0hop_balanced_local_bs2048_800r,20260914_211623_ogbn-papers100M_FedAvg_bs2048_seed42_beta10000p0,ogbn-papers100M,FedAvg,2048,42,10000.0,62,validation,0.1155,4.3845,0.1155,4.3845,186,0.1364574432373047,0.1364574432373047,0.5354430675506592,0.6719005107879639,42.80218458175659,0.5354430675506592,0.6719005107879639,42.80218458175659
nc_papers100m_195trainer_0hop_balanced_local_bs2048_800r,20260914_211623_ogbn-papers100M_FedAvg_bs2048_seed42_beta10000p0,ogbn-papers100M,FedAvg,2048,42,10000.0,63,validation,0.1169,4.3748,0.1169,4.3748,189,0.13805103302001953,0.13805103302001953,0.5217666625976562,0.6598176956176758,43.46200227737427,0.5217666625976562,0.6598176956176758,43.46200227737427
nc_papers100m_195trainer_0hop_balanced_local_bs2048_800r,20260914_211623_ogbn-papers100M_FedAvg_bs2048_seed42_beta10000p0,ogbn-papers100M,FedAvg,2048,42,10000.0,64,validation,0.118,4.3651,0.118,4.3651,192,0.14564967155456543,0.14564967155456543,0.5225183963775635,0.6681680679321289,44.1301703453064,0.5225183963775635,0.6681680679321289,44.1301703453064
nc_papers100m_195trainer_0hop_balanced_local_bs2048_800r,20260914_211623_ogbn-papers100M_FedAvg_bs2048_seed42_beta10000p0,ogbn-papers100M,FedAvg,2048,42,10000.0,65,validation,0.1193,4.3555,0.1193,4.3555,195,0.14438104629516602,0.14438104629516602,0.5309960842132568,0.6753771305084229,44.80554747581482,0.5309960842132568,0.6753771305084229,44.80554747581482
nc_papers100m_195trainer_0hop_balanced_local_bs2048_800r,20260914_211623_ogbn-papers100M_FedAvg_bs2048_seed42_beta10000p0,ogbn-papers100M,FedAvg,2048,42,10000.0,66,validation,0.1207,4.346,0.1207,4.346,198,0.1379537582397461,0.1379537582397461,0.5251727104187012,0.6631264686584473,45.46867394447327,0.5251727104187012,0.6631264686584473,45.46867394447327
nc_papers100m_195trainer_0hop_balanced_local_bs2048_800r,20260914_211623_ogbn-papers100M_FedAvg_bs2048_seed42_beta10000p0,ogbn-papers100M,FedAvg,2048,42,10000.0,67,validation,0.122,4.3366,0.122,4.3366,201,0.14198613166809082,0.14198613166809082,0.534224271774292,0.6762104034423828,46.14488434791565,0.534224271774292,0.6762104034423828,46.14488434791565
nc_papers100m_195trainer_0hop_balanced_local_bs2048_800r,20260914_211623_ogbn-papers100M_FedAvg_bs2048_seed42_beta10000p0,ogbn-papers100M,FedAvg,2048,42,10000.0,68,validation,0.1233,4.3272,0.1233,4.3272,204,0.13875675201416016,0.13875675201416016,0.5730695724487305,0.7118263244628906,46.85671067237854,0.5730695724487305,0.7118263244628906,46.85671067237854
nc_papers100m_195trainer_0hop_balanced_local_bs2048_800r,20260914_211623_ogbn-papers100M_FedAvg_bs2048_seed42_beta10000p0,ogbn-papers100M,FedAvg,2048,42,10000.0,69,validation,0.1247,4.318,0.1247,4.318,207,0.1402733325958252,0.1402733325958252,0.5330722332000732,0.6733455657958984,47.53005623817444,0.5330722332000732,0.6733455657958984,47.53005623817444
nc_papers100m_195trainer_0hop_balanced_local_bs2048_800r,20260914_211623_ogbn-papers100M_FedAvg_bs2048_seed42_beta10000p0,ogbn-papers100M,FedAvg,2048,42,10000.0,70,validation,0.1259,4.3089,0.1259,4.3089,210,0.1414783000946045,0.1414783000946045,0.5317051410675049,0.6731834411621094,48.20323967933655,0.5317051410675049,0.6731834411621094,48.20323967933655
nc_papers100m_195trainer_0hop_balanced_local_bs2048_800r,20260914_211623_ogbn-papers100M_FedAvg_bs2048_seed42_beta10000p0,ogbn-papers100M,FedAvg,2048,42,10000.0,71,validation,0.1271,4.2998,0.1271,4.2998,213,0.1455543041229248,0.1455543041229248,0.5365898609161377,0.6821441650390625,48.88538384437561,0.5365898609161377,0.6821441650390625,48.88538384437561
nc_papers100m_195trainer_0hop_balanced_local_bs2048_800r,20260914_211623_ogbn-papers100M_FedAvg_bs2048_seed42_beta10000p0,ogbn-papers100M,FedAvg,2048,42,10000.0,72,validation,0.1286,4.2908,0.1286,4.2908,216,0.13689541816711426,0.13689541816711426,0.5405268669128418,0.677422285079956,49.562806129455566,0.5405268669128418,0.677422285079956,49.562806129455566
nc_papers100m_195trainer_0hop_balanced_local_bs2048_800r,20260914_211623_ogbn-papers100M_FedAvg_bs2048_seed42_beta10000p0,ogbn-papers100M,FedAvg,2048,42,10000.0,73,validation,0.1297,4.2819,0.1297,4.2819,219,0.1373457908630371,0.1373457908630371,0.5382704734802246,0.6756162643432617,50.23842239379883,0.5382704734802246,0.6756162643432617,50.23842239379883
nc_papers100m_195trainer_0hop_balanced_local_bs2048_800r,20260914_211623_ogbn-papers100M_FedAvg_bs2048_seed42_beta10000p0,ogbn-papers100M,FedAvg,2048,42,10000.0,74,validation,0.131,4.2731,0.131,4.2731,222,0.13962721824645996,0.13962721824645996,0.5354585647583008,0.6750857830047607,50.91350817680359,0.5354585647583008,0.6750857830047607,50.91350817680359
nc_papers100m_195trainer_0hop_balanced_local_bs2048_800r,20260914_211623_ogbn-papers100M_FedAvg_bs2048_seed42_beta10000p0,ogbn-papers100M,FedAvg,2048,42,10000.0,75,validation,0.1321,4.2644,0.1321,4.2644,225,0.1417231559753418,0.1417231559753418,0.5548214912414551,0.6965446472167969,51.610052824020386,0.5548214912414551,0.6965446472167969,51.610052824020386
nc_papers100m_195trainer_0hop_balanced_local_bs2048_800r,20260914_211623_ogbn-papers100M_FedAvg_bs2048_seed42_beta10000p0,ogbn-papers100M,FedAvg,2048,42,10000.0,76,validation,0.1335,4.2558,0.1335,4.2558,228,0.1497199535369873,0.1497199535369873,0.5377497673034668,0.6874697208404541,52.29752254486084,0.5377497673034668,0.6874697208404541,52.29752254486084
nc_papers100m_195trainer_0hop_balanced_local_bs2048_800r,20260914_211623_ogbn-papers100M_FedAvg_bs2048_seed42_beta10000p0,ogbn-papers100M,FedAvg,2048,42,10000.0,77,validation,0.1348,4.2473,0.1348,4.2473,231,0.14497065544128418,0.14497065544128418,0.5307040214538574,0.6756746768951416,52.97319722175598,0.5307040214538574,0.6756746768951416,52.97319722175598
nc_papers100m_195trainer_0hop_balanced_local_bs2048_800r,20260914_211623_ogbn-papers100M_FedAvg_bs2048_seed42_beta10000p0,ogbn-papers100M,FedAvg,2048,42,10000.0,78,validation,0.136,4.2388,0.136,4.2388,234,0.14022326469421387,0.14022326469421387,0.5369229316711426,0.6771461963653564,53.65034341812134,0.5369229316711426,0.6771461963653564,53.65034341812134
nc_papers100m_195trainer_0hop_balanced_local_bs2048_800r,20260914_211623_ogbn-papers100M_FedAvg_bs2048_seed42_beta10000p0,ogbn-papers100M,FedAvg,2048,42,10000.0,79,validation,0.1373,4.2304,0.1373,4.2304,237,0.13648200035095215,0.13648200035095215,0.5419814586639404,0.6784634590148926,54.32880687713623,0.5419814586639404,0.6784634590148926,54.32880687713623
nc_papers100m_195trainer_0hop_balanced_local_bs2048_800r,20260914_211623_ogbn-papers100M_FedAvg_bs2048_seed42_beta10000p0,ogbn-papers100M,FedAvg,2048,42,10000.0,80,validation,0.1386,4.2221,0.1386,4.2221,240,0.13770508766174316,0.13770508766174316,0.5318887233734131,0.6695938110351562,54.99840068817139,0.5318887233734131,0.6695938110351562,54.99840068817139
nc_papers100m_195trainer_0hop_balanced_local_bs2048_800r,20260914_211623_ogbn-papers100M_FedAvg_bs2048_seed42_beta10000p0,ogbn-papers100M,FedAvg,2048,42,10000.0,81,validation,0.1399,4.214,0.1399,4.214,243,0.14076876640319824,0.14076876640319824,0.5566411018371582,0.6974098682403564,55.69581055641174,0.5566411018371582,0.6974098682403564,55.69581055641174
nc_papers100m_195trainer_0hop_balanced_local_bs2048_800r,20260914_211623_ogbn-papers100M_FedAvg_bs2048_seed42_beta10000p0,ogbn-papers100M,FedAvg,2048,42,10000.0,82,validation,0.1411,4.2059,0.1411,4.2059,246,0.1436469554901123,0.1436469554901123,0.5522894859313965,0.6959364414215088,56.39174699783325,0.5522894859313965,0.6959364414215088,56.39174699783325
nc_papers100m_195trainer_0hop_balanced_local_bs2048_800r,20260914_211623_ogbn-papers100M_FedAvg_bs2048_seed42_beta10000p0,ogbn-papers100M,FedAvg,2048,42,10000.0,83,validation,0.1423,4.1979,0.1423,4.1979,249,0.13706016540527344,0.13706016540527344,0.5393507480621338,0.6764109134674072,57.06815791130066,0.5393507480621338,0.6764109134674072,57.06815791130066
nc_papers100m_195trainer_0hop_balanced_local_bs2048_800r,20260914_211623_ogbn-papers100M_FedAvg_bs2048_seed42_beta10000p0,ogbn-papers100M,FedAvg,2048,42,10000.0,84,validation,0.1435,4.19,0.1435,4.19,252,0.13685894012451172,0.13685894012451172,0.5342893600463867,0.6711483001708984,57.73930621147156,0.5342893600463867,0.6711483001708984,57.73930621147156
nc_papers100m_195trainer_0hop_balanced_local_bs2048_800r,20260914_211623_ogbn-papers100M_FedAvg_bs2048_seed42_beta10000p0,ogbn-papers100M,FedAvg,2048,42,10000.0,85,validation,0.1446,4.1822,0.1446,4.1822,255,0.1405184268951416,0.1405184268951416,0.540278434753418,0.6807968616485596,58.42010307312012,0.540278434753418,0.6807968616485596,58.42010307312012
nc_papers100m_195trainer_0hop_balanced_local_bs2048_800r,20260914_211623_ogbn-papers100M_FedAvg_bs2048_seed42_beta10000p0,ogbn-papers100M,FedAvg,2048,42,10000.0,86,validation,0.1457,4.1744,0.1457,4.1744,258,0.14351558685302734,0.14351558685302734,0.542858362197876,0.6863739490509033,59.10647702217102,0.542858362197876,0.6863739490509033,59.10647702217102
nc_papers100m_195trainer_0hop_balanced_local_bs2048_800r,20260914_211623_ogbn-papers100M_FedAvg_bs2048_seed42_beta10000p0,ogbn-papers100M,FedAvg,2048,42,10000.0,87,validation,0.1469,4.1667,0.1469,4.1667,261,0.14109539985656738,0.14109539985656738,0.5368750095367432,0.6779704093933105,59.78444743156433,0.5368750095367432,0.6779704093933105,59.78444743156433
nc_papers100m_195trainer_0hop_balanced_local_bs2048_800r,20260914_211623_ogbn-papers100M_FedAvg_bs2048_seed42_beta10000p0,ogbn-papers100M,FedAvg,2048,42,10000.0,88,validation,0.148,4.1591,0.148,4.1591,264,0.13953065872192383,0.13953065872192383,0.5346479415893555,0.6741786003112793,60.45862603187561,0.5346479415893555,0.6741786003112793,60.45862603187561
nc_papers100m_195trainer_0hop_balanced_local_bs2048_800r,20260914_211623_ogbn-papers100M_FedAvg_bs2048_seed42_beta10000p0,ogbn-papers100M,FedAvg,2048,42,10000.0,89,validation,0.1491,4.1515,0.1491,4.1515,267,0.13633942604064941,0.13633942604064941,0.557725191116333,0.6940646171569824,61.15269064903259,0.557725191116333,0.6940646171569824,61.15269064903259
nc_papers100m_195trainer_0hop_balanced_local_bs2048_800r,20260914_211623_ogbn-papers100M_FedAvg_bs2048_seed42_beta10000p0,ogbn-papers100M,FedAvg,2048,42,10000.0,90,validation,0.1501,4.144,0.1501,4.144,270,0.13702130317687988,0.13702130317687988,0.5423407554626465,0.6793620586395264,61.83205270767212,0.5423407554626465,0.6793620586395264,61.83205270767212
nc_papers100m_195trainer_0hop_balanced_local_bs2048_800r,20260914_211623_ogbn-papers100M_FedAvg_bs2048_seed42_beta10000p0,ogbn-papers100M,FedAvg,2048,42,10000.0,91,validation,0.1511,4.1366,0.1511,4.1366,273,0.14040040969848633,0.14040040969848633,0.5368053913116455,0.6772058010101318,62.50925850868225,0.5368053913116455,0.6772058010101318,62.50925850868225
nc_papers100m_195trainer_0hop_balanced_local_bs2048_800r,20260914_211623_ogbn-papers100M_FedAvg_bs2048_seed42_beta10000p0,ogbn-papers100M,FedAvg,2048,42,10000.0,92,validation,0.1523,4.1293,0.1523,4.1293,276,0.14808392524719238,0.14808392524719238,0.5331864356994629,0.6812703609466553,63.190528869628906,0.5331864356994629,0.6812703609466553,63.190528869628906
nc_papers100m_195trainer_0hop_balanced_local_bs2048_800r,20260914_211623_ogbn-papers100M_FedAvg_bs2048_seed42_beta10000p0,ogbn-papers100M,FedAvg,2048,42,10000.0,93,validation,0.1534,4.1219,0.1534,4.1219,279,0.1365678310394287,0.1365678310394287,0.5500867366790771,0.6866545677185059,63.87718343734741,0.5500867366790771,0.6866545677185059,63.87718343734741
nc_papers100m_195trainer_0hop_balanced_local_bs2048_800r,20260914_211623_ogbn-papers100M_FedAvg_bs2048_seed42_beta10000p0,ogbn-papers100M,FedAvg,2048,42,10000.0,94,validation,0.1545,4.1148,0.1545,4.1148,282,0.13879132270812988,0.13879132270812988,0.5359585285186768,0.6747498512268066,64.55193328857422,0.5359585285186768,0.6747498512268066,64.55193328857422
nc_papers100m_195trainer_0hop_balanced_local_bs2048_800r,20260914_211623_ogbn-papers100M_FedAvg_bs2048_seed42_beta10000p0,ogbn-papers100M,FedAvg,2048,42,10000.0,95,validation,0.1556,4.1077,0.1556,4.1077,285,0.1400012969970703,0.1400012969970703,0.5809192657470703,0.7209205627441406,65.27285385131836,0.5809192657470703,0.7209205627441406,65.27285385131836
nc_papers100m_195trainer_0hop_balanced_local_bs2048_800r,20260914_211623_ogbn-papers100M_FedAvg_bs2048_seed42_beta10000p0,ogbn-papers100M,FedAvg,2048,42,10000.0,96,validation,0.1566,4.1006,0.1566,4.1006,288,0.14235281944274902,0.14235281944274902,0.551271915435791,0.69362473487854,65.9664785861969,0.551271915435791,0.69362473487854,65.9664785861969
nc_papers100m_195trainer_0hop_balanced_local_bs2048_800r,20260914_211623_ogbn-papers100M_FedAvg_bs2048_seed42_beta10000p0,ogbn-papers100M,FedAvg,2048,42,10000.0,97,validation,0.1578,4.0937,0.1578,4.0937,291,0.14411568641662598,0.14411568641662598,0.5445265769958496,0.6886422634124756,66.65512084960938,0.5445265769958496,0.6886422634124756,66.65512084960938
nc_papers100m_195trainer_0hop_balanced_local_bs2048_800r,20260914_211623_ogbn-papers100M_FedAvg_bs2048_seed42_beta10000p0,ogbn-papers100M,FedAvg,2048,42,10000.0,98,validation,0.1588,4.0868,0.1588,4.0868,294,0.13759422302246094,0.13759422302246094,0.5267117023468018,0.6643059253692627,67.31942677497864,0.5267117023468018,0.6643059253692627,67.31942677497864
nc_papers100m_195trainer_0hop_balanced_local_bs2048_800r,20260914_211623_ogbn-papers100M_FedAvg_bs2048_seed42_beta10000p0,ogbn-papers100M,FedAvg,2048,42,10000.0,99,validation,0.1598,4.0798,0.1598,4.0798,297,0.14244747161865234,0.14244747161865234,0.5356400012969971,0.6780874729156494,67.99751424789429,0.5356400012969971,0.6780874729156494,67.99751424789429
nc_papers100m_195trainer_0hop_balanced_local_bs2048_800r,20260914_211623_ogbn-papers100M_FedAvg_bs2048_seed42_beta10000p0,ogbn-papers100M,FedAvg,2048,42,10000.0,100,validation,0.1607,4.073,0.1607,4.073,300,0.13623929023742676,0.13623929023742676,0.5412883758544922,0.677527666091919,68.6750419139862,0.5412883758544922,0.677527666091919,68.6750419139862
nc_papers100m_195trainer_0hop_balanced_local_bs2048_800r,20260914_211623_ogbn-papers100M_FedAvg_bs2048_seed42_beta10000p0,ogbn-papers100M,FedAvg,2048,42,10000.0,101,validation,0.1616,4.0664,0.1616,4.0664,303,0.13815045356750488,0.13815045356750488,0.5425715446472168,0.6807219982147217,69.35576391220093,0.5425715446472168,0.6807219982147217,69.35576391220093
nc_papers100m_195trainer_0hop_balanced_local_bs2048_800r,20260914_211623_ogbn-papers100M_FedAvg_bs2048_seed42_beta10000p0,ogbn-papers100M,FedAvg,2048,42,10000.0,102,validation,0.1625,4.0597,0.1625,4.0597,306,0.1372511386871338,0.1372511386871338,0.5375819206237793,0.6748330593109131,70.03059697151184,0.5375819206237793,0.6748330593109131,70.03059697151184
nc_papers100m_195trainer_0hop_balanced_local_bs2048_800r,20260914_211623_ogbn-papers100M_FedAvg_bs2048_seed42_beta10000p0,ogbn-papers100M,FedAvg,2048,42,10000.0,103,validation,0.1636,4.0531,0.1636,4.0531,309,0.13745975494384766,0.13745975494384766,0.7232916355133057,0.8607513904571533,70.891348361969,0.7232916355133057,0.8607513904571533,70.891348361969
nc_papers100m_195trainer_0hop_balanced_local_bs2048_800r,20260914_211623_ogbn-papers100M_FedAvg_bs2048_seed42_beta10000p0,ogbn-papers100M,FedAvg,2048,42,10000.0,104,validation,0.1643,4.0467,0.1643,4.0467,312,0.13944315910339355,0.13944315910339355,0.5331225395202637,0.6725656986236572,71.56391406059265,0.5331225395202637,0.6725656986236572,71.56391406059265
nc_papers100m_195trainer_0hop_balanced_local_bs2048_800r,20260914_211623_ogbn-papers100M_FedAvg_bs2048_seed42_beta10000p0,ogbn-papers100M,FedAvg,2048,42,10000.0,105,validation,0.1654,4.0402,0.1654,4.0402,315,0.13708901405334473,0.13708901405334473,0.5422618389129639,0.6793508529663086,72.24326491355896,0.5422618389129639,0.6793508529663086,72.24326491355896
nc_papers100m_195trainer_0hop_balanced_local_bs2048_800r,20260914_211623_ogbn-papers100M_FedAvg_bs2048_seed42_beta10000p0,ogbn-papers100M,FedAvg,2048,42,10000.0,106,validation,0.1665,4.0338,0.1665,4.0338,318,0.13867807388305664,0.13867807388305664,0.5294332504272461,0.6681113243103027,72.91137623786926,0.5294332504272461,0.6681113243103027,72.91137623786926
nc_papers100m_195trainer_0hop_balanced_local_bs2048_800r,20260914_211623_ogbn-papers100M_FedAvg_bs2048_seed42_beta10000p0,ogbn-papers100M,FedAvg,2048,42,10000.0,107,validation,0.1673,4.0275,0.1673,4.0275,321,0.1373441219329834,0.1373441219329834,0.546245813369751,0.6835899353027344,73.594966173172,0.546245813369751,0.6835899353027344,73.594966173172
nc_papers100m_195trainer_0hop_balanced_local_bs2048_800r,20260914_211623_ogbn-papers100M_FedAvg_bs2048_seed42_beta10000p0,ogbn-papers100M,FedAvg,2048,42,10000.0,108,validation,0.1682,4.0213,0.1682,4.0213,324,0.13742518424987793,0.13742518424987793,0.5436625480651855,0.6810877323150635,74.27605390548706,0.5436625480651855,0.6810877323150635,74.27605390548706
nc_papers100m_195trainer_0hop_balanced_local_bs2048_800r,20260914_211623_ogbn-papers100M_FedAvg_bs2048_seed42_beta10000p0,ogbn-papers100M,FedAvg,2048,42,10000.0,109,validation,0.169,4.0152,0.169,4.0152,327,0.139634370803833,0.139634370803833,0.5449526309967041,0.6845870018005371,74.9606409072876,0.5449526309967041,0.6845870018005371,74.9606409072876
nc_papers100m_195trainer_0hop_balanced_local_bs2048_800r,20260914_211623_ogbn-papers100M_FedAvg_bs2048_seed42_beta10000p0,ogbn-papers100M,FedAvg,2048,42,10000.0,110,validation,0.1701,4.0091,0.1701,4.0091,330,0.13756394386291504,0.13756394386291504,0.5311353206634521,0.6686992645263672,75.62934017181396,0.5311353206634521,0.6686992645263672,75.62934017181396
nc_papers100m_195trainer_0hop_balanced_local_bs2048_800r,20260914_211623_ogbn-papers100M_FedAvg_bs2048_seed42_beta10000p0,ogbn-papers100M,FedAvg,2048,42,10000.0,111,validation,0.1709,4.0031,0.1709,4.0031,333,0.13666892051696777,0.13666892051696777,0.5406513214111328,0.6773202419281006,76.30666041374207,0.5406513214111328,0.6773202419281006,76.30666041374207
nc_papers100m_195trainer_0hop_balanced_local_bs2048_800r,20260914_211623_ogbn-papers100M_FedAvg_bs2048_seed42_beta10000p0,ogbn-papers100M,FedAvg,2048,42,10000.0,112,validation,0.1718,3.9969,0.1718,3.9969,336,0.13675451278686523,0.13675451278686523,0.5422313213348389,0.6789858341217041,76.98564624786377,0.5422313213348389,0.6789858341217041,76.98564624786377
nc_papers100m_195trainer_0hop_balanced_local_bs2048_800r,20260914_211623_ogbn-papers100M_FedAvg_bs2048_seed42_beta10000p0,ogbn-papers100M,FedAvg,2048,42,10000.0,113,validation,0.1727,3.991,0.1727,3.991,339,0.1395723819732666,0.1395723819732666,0.5321519374847412,0.6717243194580078,77.65737056732178,0.5321519374847412,0.6717243194580078,77.65737056732178
nc_papers100m_195trainer_0hop_balanced_local_bs2048_800r,20260914_211623_ogbn-papers100M_FedAvg_bs2048_seed42_beta10000p0,ogbn-papers100M,FedAvg,2048,42,10000.0,114,validation,0.1736,3.9852,0.1736,3.9852,342,0.1372661590576172,0.1372661590576172,0.5270535945892334,0.6643197536468506,78.32169032096863,0.5270535945892334,0.6643197536468506,78.32169032096863
nc_papers100m_195trainer_0hop_balanced_local_bs2048_800r,20260914_211623_ogbn-papers100M_FedAvg_bs2048_seed42_beta10000p0,ogbn-papers100M,FedAvg,2048,42,10000.0,115,validation,0.1744,3.9794,0.1744,3.9794,345,0.1368238925933838,0.1368238925933838,0.5434644222259521,0.6802883148193359,79.00197863578796,0.5434644222259521,0.6802883148193359,79.00197863578796
nc_papers100m_195trainer_0hop_balanced_local_bs2048_800r,20260914_211623_ogbn-papers100M_FedAvg_bs2048_seed42_beta10000p0,ogbn-papers100M,FedAvg,2048,42,10000.0,116,validation,0.1753,3.9737,0.1753,3.9737,348,0.13776826858520508,0.13776826858520508,0.5330348014831543,0.6708030700683594,79.67278170585632,0.5330348014831543,0.6708030700683594,79.67278170585632
nc_papers100m_195trainer_0hop_balanced_local_bs2048_800r,20260914_211623_ogbn-papers100M_FedAvg_bs2048_seed42_beta10000p0,ogbn-papers100M,FedAvg,2048,42,10000.0,117,validation,0.1762,3.9679,0.1762,3.9679,351,0.1417686939239502,0.1417686939239502,0.5341992378234863,0.6759679317474365,80.34874963760376,0.5341992378234863,0.6759679317474365,80.34874963760376
nc_papers100m_195trainer_0hop_balanced_local_bs2048_800r,20260914_211623_ogbn-papers100M_FedAvg_bs2048_seed42_beta10000p0,ogbn-papers100M,FedAvg,2048,42,10000.0,118,validation,0.1769,3.9621,0.1769,3.9621,354,0.14161992073059082,0.14161992073059082,0.5358309745788574,0.6774508953094482,81.02620053291321,0.5358309745788574,0.6774508953094482,81.02620053291321
nc_papers100m_195trainer_0hop_balanced_local_bs2048_800r,20260914_211623_ogbn-papers100M_FedAvg_bs2048_seed42_beta10000p0,ogbn-papers100M,FedAvg,2048,42,10000.0,119,validation,0.1778,3.9565,0.1778,3.9565,357,0.13875865936279297,0.13875865936279297,0.5427658557891846,0.6815245151519775,81.70772504806519,0.5427658557891846,0.6815245151519775,81.70772504806519
nc_papers100m_195trainer_0hop_balanced_local_bs2048_800r,20260914_211623_ogbn-papers100M_FedAvg_bs2048_seed42_beta10000p0,ogbn-papers100M,FedAvg,2048,42,10000.0,120,validation,0.1786,3.951,0.1786,3.951,360,0.13930630683898926,0.13930630683898926,0.5292625427246094,0.6685688495635986,82.37629389762878,0.5292625427246094,0.6685688495635986,82.37629389762878
nc_papers100m_195trainer_0hop_balanced_local_bs2048_800r,20260914_211623_ogbn-papers100M_FedAvg_bs2048_seed42_beta10000p0,ogbn-papers100M,FedAvg,2048,42,10000.0,121,validation,0.1794,3.9455,0.1794,3.9455,363,0.13847947120666504,0.13847947120666504,0.545142412185669,0.683621883392334,83.05991578102112,0.545142412185669,0.683621883392334,83.05991578102112
nc_papers100m_195trainer_0hop_balanced_local_bs2048_800r,20260914_211623_ogbn-papers100M_FedAvg_bs2048_seed42_beta10000p0,ogbn-papers100M,FedAvg,2048,42,10000.0,122,validation,0.1804,3.94,0.1804,3.94,366,0.13677716255187988,0.13677716255187988,0.5527641773223877,0.6895413398742676,83.74945712089539,0.5527641773223877,0.6895413398742676,83.74945712089539
nc_papers100m_195trainer_0hop_balanced_local_bs2048_800r,20260914_211623_ogbn-papers100M_FedAvg_bs2048_seed42_beta10000p0,ogbn-papers100M,FedAvg,2048,42,10000.0,123,validation,0.1812,3.9348,0.1812,3.9348,369,0.1401681900024414,0.1401681900024414,0.5281085968017578,0.6682767868041992,84.41773390769958,0.5281085968017578,0.6682767868041992,84.41773390769958
nc_papers100m_195trainer_0hop_balanced_local_bs2048_800r,20260914_211623_ogbn-papers100M_FedAvg_bs2048_seed42_beta10000p0,ogbn-papers100M,FedAvg,2048,42,10000.0,124,validation,0.1819,3.9294,0.1819,3.9294,372,0.13945531845092773,0.13945531845092773,0.5376889705657959,0.6771442890167236,85.09487819671631,0.5376889705657959,0.6771442890167236,85.09487819671631
nc_papers100m_195trainer_0hop_balanced_local_bs2048_800r,20260914_211623_ogbn-papers100M_FedAvg_bs2048_seed42_beta10000p0,ogbn-papers100M,FedAvg,2048,42,10000.0,125,validation,0.1827,3.9241,0.1827,3.9241,375,0.13947200775146484,0.13947200775146484,0.5370121002197266,0.6764841079711914,85.7713623046875,0.5370121002197266,0.6764841079711914,85.7713623046875
nc_papers100m_195trainer_0hop_balanced_local_bs2048_800r,20260914_211623_ogbn-papers100M_FedAvg_bs2048_seed42_beta10000p0,ogbn-papers100M,FedAvg,2048,42,10000.0,126,validation,0.1836,3.9189,0.1836,3.9189,378,0.13739919662475586,0.13739919662475586,0.527963399887085,0.6653625965118408,86.43672490119934,0.527963399887085,0.6653625965118408,86.43672490119934
nc_papers100m_195trainer_0hop_balanced_local_bs2048_800r,20260914_211623_ogbn-papers100M_FedAvg_bs2048_seed42_beta10000p0,ogbn-papers100M,FedAvg,2048,42,10000.0,127,validation,0.1843,3.9137,0.1843,3.9137,381,0.1370999813079834,0.1370999813079834,0.5328648090362549,0.6699647903442383,87.10668969154358,0.5328648090362549,0.6699647903442383,87.10668969154358
nc_papers100m_195trainer_0hop_balanced_local_bs2048_800r,20260914_211623_ogbn-papers100M_FedAvg_bs2048_seed42_beta10000p0,ogbn-papers100M,FedAvg,2048,42,10000.0,128,validation,0.185,3.9084,0.185,3.9084,384,0.14046764373779297,0.14046764373779297,0.5365796089172363,0.6770472526550293,87.78373694419861,0.5365796089172363,0.6770472526550293,87.78373694419861
nc_papers100m_195trainer_0hop_balanced_local_bs2048_800r,20260914_211623_ogbn-papers100M_FedAvg_bs2048_seed42_beta10000p0,ogbn-papers100M,FedAvg,2048,42,10000.0,129,validation,0.1859,3.9033,0.1859,3.9033,387,0.13773393630981445,0.13773393630981445,0.5337469577789307,0.6714808940887451,88.45521783828735,0.5337469577789307,0.6714808940887451,88.45521783828735
nc_papers100m_195trainer_0hop_balanced_local_bs2048_800r,20260914_211623_ogbn-papers100M_FedAvg_bs2048_seed42_beta10000p0,ogbn-papers100M,FedAvg,2048,42,10000.0,130,validation,0.1866,3.8983,0.1866,3.8983,390,0.14279437065124512,0.14279437065124512,0.5289506912231445,0.6717450618743896,89.12696290016174,0.5289506912231445,0.6717450618743896,89.12696290016174
nc_papers100m_195trainer_0hop_balanced_local_bs2048_800r,20260914_211623_ogbn-papers100M_FedAvg_bs2048_seed42_beta10000p0,ogbn-papers100M,FedAvg,2048,42,10000.0,131,validation,0.1872,3.8933,0.1872,3.8933,393,0.147141695022583,0.147141695022583,0.5279896259307861,0.6751313209533691,89.80209422111511,0.5279896259307861,0.6751313209533691,89.80209422111511
nc_papers100m_195trainer_0hop_balanced_local_bs2048_800r,20260914_211623_ogbn-papers100M_FedAvg_bs2048_seed42_beta10000p0,ogbn-papers100M,FedAvg,2048,42,10000.0,132,validation,0.188,3.8883,0.188,3.8883,396,0.13779211044311523,0.13779211044311523,0.5349981784820557,0.6727902889251709,90.47488451004028,0.5349981784820557,0.6727902889251709,90.47488451004028
nc_papers100m_195trainer_0hop_balanced_local_bs2048_800r,20260914_211623_ogbn-papers100M_FedAvg_bs2048_seed42_beta10000p0,ogbn-papers100M,FedAvg,2048,42,10000.0,133,validation,0.1888,3.8834,0.1888,3.8834,399,0.13718295097351074,0.13718295097351074,0.519542932510376,0.6567258834838867,91.13161039352417,0.519542932510376,0.6567258834838867,91.13161039352417
nc_papers100m_195trainer_0hop_balanced_local_bs2048_800r,20260914_211623_ogbn-papers100M_FedAvg_bs2048_seed42_beta10000p0,ogbn-papers100M,FedAvg,2048,42,10000.0,134,validation,0.1895,3.8785,0.1895,3.8785,402,0.13778257369995117,0.13778257369995117,0.5284500122070312,0.6662325859069824,91.79784297943115,0.5284500122070312,0.6662325859069824,91.79784297943115
nc_papers100m_195trainer_0hop_balanced_local_bs2048_800r,20260914_211623_ogbn-papers100M_FedAvg_bs2048_seed42_beta10000p0,ogbn-papers100M,FedAvg,2048,42,10000.0,135,validation,0.1903,3.8737,0.1903,3.8737,405,0.14160656929016113,0.14160656929016113,0.5311336517333984,0.6727402210235596,92.47058320045471,0.5311336517333984,0.6727402210235596,92.47058320045471
nc_papers100m_195trainer_0hop_balanced_local_bs2048_800r,20260914_211623_ogbn-papers100M_FedAvg_bs2048_seed42_beta10000p0,ogbn-papers100M,FedAvg,2048,42,10000.0,136,validation,0.1909,3.8689,0.1909,3.8689,408,0.1387021541595459,0.1387021541595459,0.5763883590698242,0.7150905132293701,93.18567371368408,0.5763883590698242,0.7150905132293701,93.18567371368408
nc_papers100m_195trainer_0hop_balanced_local_bs2048_800r,20260914_211623_ogbn-papers100M_FedAvg_bs2048_seed42_beta10000p0,ogbn-papers100M,FedAvg,2048,42,10000.0,137,validation,0.1918,3.8641,0.1918,3.8641,411,0.13731789588928223,0.13731789588928223,0.5218520164489746,0.6591699123382568,93.84484362602234,0.5218520164489746,0.6591699123382568,93.84484362602234
nc_papers100m_195trainer_0hop_balanced_local_bs2048_800r,20260914_211623_ogbn-papers100M_FedAvg_bs2048_seed42_beta10000p0,ogbn-papers100M,FedAvg,2048,42,10000.0,138,validation,0.1925,3.8594,0.1925,3.8594,414,0.13908648490905762,0.13908648490905762,0.5415847301483154,0.680671215057373,94.52551484107971,0.5415847301483154,0.680671215057373,94.52551484107971
nc_papers100m_195trainer_0hop_balanced_local_bs2048_800r,20260914_211623_ogbn-papers100M_FedAvg_bs2048_seed42_beta10000p0,ogbn-papers100M,FedAvg,2048,42,10000.0,139,validation,0.1932,3.8546,0.1932,3.8546,417,0.13712549209594727,0.13712549209594727,0.5235824584960938,0.660707950592041,95.18622279167175,0.5235824584960938,0.660707950592041,95.18622279167175
nc_papers100m_195trainer_0hop_balanced_local_bs2048_800r,20260914_211623_ogbn-papers100M_FedAvg_bs2048_seed42_beta10000p0,ogbn-papers100M,FedAvg,2048,42,10000.0,140,validation,0.1939,3.8499,0.1939,3.8499,420,0.1413276195526123,0.1413276195526123,0.520897626876831,0.6622252464294434,95.8484480381012,0.520897626876831,0.6622252464294434,95.8484480381012
nc_papers100m_195trainer_0hop_balanced_local_bs2048_800r,20260914_211623_ogbn-papers100M_FedAvg_bs2048_seed42_beta10000p0,ogbn-papers100M,FedAvg,2048,42,10000.0,141,validation,0.1945,3.8454,0.1945,3.8454,423,0.1427009105682373,0.1427009105682373,0.519597053527832,0.6622979640960693,96.51074600219727,0.519597053527832,0.6622979640960693,96.51074600219727
nc_papers100m_195trainer_0hop_balanced_local_bs2048_800r,20260914_211623_ogbn-papers100M_FedAvg_bs2048_seed42_beta10000p0,ogbn-papers100M,FedAvg,2048,42,10000.0,142,validation,0.1951,3.8408,0.1951,3.8408,426,0.14300179481506348,0.14300179481506348,0.5388820171356201,0.6818838119506836,97.19262981414795,0.5388820171356201,0.6818838119506836,97.19262981414795
nc_papers100m_195trainer_0hop_balanced_local_bs2048_800r,20260914_211623_ogbn-papers100M_FedAvg_bs2048_seed42_beta10000p0,ogbn-papers100M,FedAvg,2048,42,10000.0,143,validation,0.1957,3.8362,0.1957,3.8362,429,0.13823175430297852,0.13823175430297852,0.5247445106506348,0.6629762649536133,97.85560607910156,0.5247445106506348,0.6629762649536133,97.85560607910156
nc_papers100m_195trainer_0hop_balanced_local_bs2048_800r,20260914_211623_ogbn-papers100M_FedAvg_bs2048_seed42_beta10000p0,ogbn-papers100M,FedAvg,2048,42,10000.0,144,validation,0.1963,3.8317,0.1963,3.8317,432,0.13585138320922852,0.13585138320922852,0.5271985530853271,0.6630499362945557,98.51865601539612,0.5271985530853271,0.6630499362945557,98.51865601539612
nc_papers100m_195trainer_0hop_balanced_local_bs2048_800r,20260914_211623_ogbn-papers100M_FedAvg_bs2048_seed42_beta10000p0,ogbn-papers100M,FedAvg,2048,42,10000.0,145,validation,0.197,3.8272,0.197,3.8272,435,0.1387021541595459,0.1387021541595459,0.5395548343658447,0.6782569885253906,99.19691300392151,0.5395548343658447,0.6782569885253906,99.19691300392151
nc_papers100m_195trainer_0hop_balanced_local_bs2048_800r,20260914_211623_ogbn-papers100M_FedAvg_bs2048_seed42_beta10000p0,ogbn-papers100M,FedAvg,2048,42,10000.0,146,validation,0.1976,3.8229,0.1976,3.8229,438,0.14264392852783203,0.14264392852783203,0.5221302509307861,0.6647741794586182,99.86168718338013,0.5221302509307861,0.6647741794586182,99.86168718338013
nc_papers100m_195trainer_0hop_balanced_local_bs2048_800r,20260914_211623_ogbn-papers100M_FedAvg_bs2048_seed42_beta10000p0,ogbn-papers100M,FedAvg,2048,42,10000.0,147,validation,0.1981,3.8185,0.1981,3.8185,441,0.14072370529174805,0.14072370529174805,0.5240061283111572,0.6647298336029053,100.52641701698303,0.5240061283111572,0.6647298336029053,100.52641701698303
nc_papers100m_195trainer_0hop_balanced_local_bs2048_800r,20260914_211623_ogbn-papers100M_FedAvg_bs2048_seed42_beta10000p0,ogbn-papers100M,FedAvg,2048,42,10000.0,148,validation,0.1986,3.8141,0.1986,3.8141,444,0.13960003852844238,0.13960003852844238,0.5372650623321533,0.6768651008605957,101.20328211784363,0.5372650623321533,0.6768651008605957,101.20328211784363
nc_papers100m_195trainer_0hop_balanced_local_bs2048_800r,20260914_211623_ogbn-papers100M_FedAvg_bs2048_seed42_beta10000p0,ogbn-papers100M,FedAvg,2048,42,10000.0,149,validation,0.1992,3.8097,0.1992,3.8097,447,0.13823843002319336,0.13823843002319336,0.5247421264648438,0.6629805564880371,101.86626267433167,0.5247421264648438,0.6629805564880371,101.86626267433167
nc_papers100m_195trainer_0hop_balanced_local_bs2048_800r,20260914_211623_ogbn-papers100M_FedAvg_bs2048_seed42_beta10000p0,ogbn-papers100M,FedAvg,2048,42,10000.0,150,validation,0.1999,3.8054,0.1999,3.8054,450,0.137678861618042,0.137678861618042,0.552116870880127,0.689795732498169,102.55605840682983,0.552116870880127,0.689795732498169,102.55605840682983
nc_papers100m_195trainer_0hop_balanced_local_bs2048_800r,20260914_211623_ogbn-papers100M_FedAvg_bs2048_seed42_beta10000p0,ogbn-papers100M,FedAvg,2048,42,10000.0,151,validation,0.2006,3.8011,0.2006,3.8011,453,0.13918232917785645,0.13918232917785645,0.531172513961792,0.6703548431396484,103.22641324996948,0.531172513961792,0.6703548431396484,103.22641324996948
nc_papers100m_195trainer_0hop_balanced_local_bs2048_800r,20260914_211623_ogbn-papers100M_FedAvg_bs2048_seed42_beta10000p0,ogbn-papers100M,FedAvg,2048,42,10000.0,152,validation,0.2011,3.797,0.2011,3.797,456,0.1398630142211914,0.1398630142211914,0.5414564609527588,0.6813194751739502,103.90773272514343,0.5414564609527588,0.6813194751739502,103.90773272514343
nc_papers100m_195trainer_0hop_balanced_local_bs2048_800r,20260914_211623_ogbn-papers100M_FedAvg_bs2048_seed42_beta10000p0,ogbn-papers100M,FedAvg,2048,42,10000.0,153,validation,0.2015,3.7926,0.2015,3.7926,459,0.13765311241149902,0.13765311241149902,0.5323138236999512,0.6699669361114502,104.57769966125488,0.5323138236999512,0.6699669361114502,104.57769966125488
nc_papers100m_195trainer_0hop_balanced_local_bs2048_800r,20260914_211623_ogbn-papers100M_FedAvg_bs2048_seed42_beta10000p0,ogbn-papers100M,FedAvg,2048,42,10000.0,154,validation,0.2021,3.7884,0.2021,3.7884,462,0.1371479034423828,0.1371479034423828,0.5267288684844971,0.6638767719268799,105.24157643318176,0.5267288684844971,0.6638767719268799,105.24157643318176
nc_papers100m_195trainer_0hop_balanced_local_bs2048_800r,20260914_211623_ogbn-papers100M_FedAvg_bs2048_seed42_beta10000p0,ogbn-papers100M,FedAvg,2048,42,10000.0,155,validation,0.2027,3.7843,0.2027,3.7843,465,0.1483144760131836,0.1483144760131836,0.5439283847808838,0.6922428607940674,105.93381929397583,0.5439283847808838,0.6922428607940674,105.93381929397583
nc_papers100m_195trainer_0hop_balanced_local_bs2048_800r,20260914_211623_ogbn-papers100M_FedAvg_bs2048_seed42_beta10000p0,ogbn-papers100M,FedAvg,2048,42,10000.0,156,validation,0.2033,3.7803,0.2033,3.7803,468,0.1411571502685547,0.1411571502685547,0.5356113910675049,0.6767685413360596,106.61058783531189,0.5356113910675049,0.6767685413360596,106.61058783531189
nc_papers100m_195trainer_0hop_balanced_local_bs2048_800r,20260914_211623_ogbn-papers100M_FedAvg_bs2048_seed42_beta10000p0,ogbn-papers100M,FedAvg,2048,42,10000.0,157,validation,0.2038,3.7763,0.2038,3.7763,471,0.14013242721557617,0.14013242721557617,0.5269756317138672,0.6671080589294434,107.27769589424133,0.5269756317138672,0.6671080589294434,107.27769589424133
nc_papers100m_195trainer_0hop_balanced_local_bs2048_800r,20260914_211623_ogbn-papers100M_FedAvg_bs2048_seed42_beta10000p0,ogbn-papers100M,FedAvg,2048,42,10000.0,158,validation,0.2042,3.7722,0.2042,3.7722,474,0.1381227970123291,0.1381227970123291,0.5293126106262207,0.6674354076385498,107.94513130187988,0.5293126106262207,0.6674354076385498,107.94513130187988
nc_papers100m_195trainer_0hop_balanced_local_bs2048_800r,20260914_211623_ogbn-papers100M_FedAvg_bs2048_seed42_beta10000p0,ogbn-papers100M,FedAvg,2048,42,10000.0,159,validation,0.2047,3.7682,0.2047,3.7682,477,0.13770127296447754,0.13770127296447754,0.5367903709411621,0.6744916439056396,108.61962294578552,0.5367903709411621,0.6744916439056396,108.61962294578552
nc_papers100m_195trainer_0hop_balanced_local_bs2048_800r,20260914_211623_ogbn-papers100M_FedAvg_bs2048_seed42_beta10000p0,ogbn-papers100M,FedAvg,2048,42,10000.0,160,validation,0.2053,3.7642,0.2053,3.7642,480,0.13734722137451172,0.13734722137451172,0.527294397354126,0.6646416187286377,109.28426456451416,0.527294397354126,0.6646416187286377,109.28426456451416
nc_papers100m_195trainer_0hop_balanced_local_bs2048_800r,20260914_211623_ogbn-papers100M_FedAvg_bs2048_seed42_beta10000p0,ogbn-papers100M,FedAvg,2048,42,10000.0,161,validation,0.2059,3.7603,0.2059,3.7603,483,0.13749361038208008,0.13749361038208008,0.5267333984375,0.6642270088195801,109.94849157333374,0.5267333984375,0.6642270088195801,109.94849157333374
nc_papers100m_195trainer_0hop_balanced_local_bs2048_800r,20260914_211623_ogbn-papers100M_FedAvg_bs2048_seed42_beta10000p0,ogbn-papers100M,FedAvg,2048,42,10000.0,162,validation,0.2063,3.7563,0.2063,3.7563,486,0.13855266571044922,0.13855266571044922,0.5360457897186279,0.6745984554290771,110.62309002876282,0.5360457897186279,0.6745984554290771,110.62309002876282
nc_papers100m_195trainer_0hop_balanced_local_bs2048_800r,20260914_211623_ogbn-papers100M_FedAvg_bs2048_seed42_beta10000p0,ogbn-papers100M,FedAvg,2048,42,10000.0,163,validation,0.2068,3.7524,0.2068,3.7524,489,0.1367781162261963,0.1367781162261963,0.5343873500823975,0.6711654663085938,111.29425549507141,0.5343873500823975,0.6711654663085938,111.29425549507141
nc_papers100m_195trainer_0hop_balanced_local_bs2048_800r,20260914_211623_ogbn-papers100M_FedAvg_bs2048_seed42_beta10000p0,ogbn-papers100M,FedAvg,2048,42,10000.0,164,validation,0.2074,3.7485,0.2074,3.7485,492,0.13619351387023926,0.13619351387023926,0.563215970993042,0.6994094848632812,111.99366497993469,0.563215970993042,0.6994094848632812,111.99366497993469
nc_papers100m_195trainer_0hop_balanced_local_bs2048_800r,20260914_211623_ogbn-papers100M_FedAvg_bs2048_seed42_beta10000p0,ogbn-papers100M,FedAvg,2048,42,10000.0,165,validation,0.2078,3.7447,0.2078,3.7447,495,0.13949346542358398,0.13949346542358398,0.5275411605834961,0.6670346260070801,112.66069960594177,0.5275411605834961,0.6670346260070801,112.66069960594177
nc_papers100m_195trainer_0hop_balanced_local_bs2048_800r,20260914_211623_ogbn-papers100M_FedAvg_bs2048_seed42_beta10000p0,ogbn-papers100M,FedAvg,2048,42,10000.0,166,validation,0.2084,3.7408,0.2084,3.7408,498,0.13742995262145996,0.13742995262145996,0.5306539535522461,0.668083906173706,113.32878351211548,0.5306539535522461,0.668083906173706,113.32878351211548
nc_papers100m_195trainer_0hop_balanced_local_bs2048_800r,20260914_211623_ogbn-papers100M_FedAvg_bs2048_seed42_beta10000p0,ogbn-papers100M,FedAvg,2048,42,10000.0,167,validation,0.2089,3.7371,0.2089,3.7371,501,0.1380913257598877,0.1380913257598877,0.5266091823577881,0.6647005081176758,113.99348402023315,0.5266091823577881,0.6647005081176758,113.99348402023315
nc_papers100m_195trainer_0hop_balanced_local_bs2048_800r,20260914_211623_ogbn-papers100M_FedAvg_bs2048_seed42_beta10000p0,ogbn-papers100M,FedAvg,2048,42,10000.0,168,validation,0.2094,3.7333,0.2094,3.7333,504,0.1403520107269287,0.1403520107269287,0.5310564041137695,0.6714084148406982,114.66489243507385,0.5310564041137695,0.6714084148406982,114.66489243507385
nc_papers100m_195trainer_0hop_balanced_local_bs2048_800r,20260914_211623_ogbn-papers100M_FedAvg_bs2048_seed42_beta10000p0,ogbn-papers100M,FedAvg,2048,42,10000.0,169,validation,0.2101,3.7295,0.2101,3.7295,507,0.13864850997924805,0.13864850997924805,0.5377657413482666,0.6764142513275146,115.34130668640137,0.5377657413482666,0.6764142513275146,115.34130668640137
nc_papers100m_195trainer_0hop_balanced_local_bs2048_800r,20260914_211623_ogbn-papers100M_FedAvg_bs2048_seed42_beta10000p0,ogbn-papers100M,FedAvg,2048,42,10000.0,170,validation,0.2104,3.7258,0.2104,3.7258,510,0.1370849609375,0.1370849609375,0.5423688888549805,0.6794538497924805,116.02076053619385,0.5423688888549805,0.6794538497924805,116.02076053619385
nc_papers100m_195trainer_0hop_balanced_local_bs2048_800r,20260914_211623_ogbn-papers100M_FedAvg_bs2048_seed42_beta10000p0,ogbn-papers100M,FedAvg,2048,42,10000.0,171,validation,0.211,3.7221,0.211,3.7221,513,0.13587546348571777,0.13587546348571777,0.5319466590881348,0.6678221225738525,116.6885826587677,0.5319466590881348,0.6678221225738525,116.6885826587677
nc_papers100m_195trainer_0hop_balanced_local_bs2048_800r,20260914_211623_ogbn-papers100M_FedAvg_bs2048_seed42_beta10000p0,ogbn-papers100M,FedAvg,2048,42,10000.0,172,validation,0.2114,3.7184,0.2114,3.7184,516,0.14437603950500488,0.14437603950500488,0.5247683525085449,0.6691443920135498,117.35772705078125,0.5247683525085449,0.6691443920135498,117.35772705078125
nc_papers100m_195trainer_0hop_balanced_local_bs2048_800r,20260914_211623_ogbn-papers100M_FedAvg_bs2048_seed42_beta10000p0,ogbn-papers100M,FedAvg,2048,42,10000.0,173,validation,0.212,3.7147,0.212,3.7147,519,0.13673138618469238,0.13673138618469238,0.5293946266174316,0.666126012802124,118.02385306358337,0.5293946266174316,0.666126012802124,118.02385306358337
nc_papers100m_195trainer_0hop_balanced_local_bs2048_800r,20260914_211623_ogbn-papers100M_FedAvg_bs2048_seed42_beta10000p0,ogbn-papers100M,FedAvg,2048,42,10000.0,174,validation,0.2126,3.7112,0.2126,3.7112,522,0.1365678310394287,0.1365678310394287,0.5282137393951416,0.6647815704345703,118.68863463401794,0.5282137393951416,0.6647815704345703,118.68863463401794
nc_papers100m_195trainer_0hop_balanced_local_bs2048_800r,20260914_211623_ogbn-papers100M_FedAvg_bs2048_seed42_beta10000p0,ogbn-papers100M,FedAvg,2048,42,10000.0,175,validation,0.2129,3.7076,0.2129,3.7076,525,0.14199137687683105,0.14199137687683105,0.524442195892334,0.666433572769165,119.35506820678711,0.524442195892334,0.666433572769165,119.35506820678711
nc_papers100m_195trainer_0hop_balanced_local_bs2048_800r,20260914_211623_ogbn-papers100M_FedAvg_bs2048_seed42_beta10000p0,ogbn-papers100M,FedAvg,2048,42,10000.0,176,validation,0.2134,3.704,0.2134,3.704,528,0.13928604125976562,0.13928604125976562,0.5438098907470703,0.6830959320068359,120.03816413879395,0.5438098907470703,0.6830959320068359,120.03816413879395
nc_papers100m_195trainer_0hop_balanced_local_bs2048_800r,20260914_211623_ogbn-papers100M_FedAvg_bs2048_seed42_beta10000p0,ogbn-papers100M,FedAvg,2048,42,10000.0,177,validation,0.2139,3.7004,0.2139,3.7004,531,0.14009881019592285,0.14009881019592285,0.5470223426818848,0.6871211528778076,120.72528529167175,0.5470223426818848,0.6871211528778076,120.72528529167175
nc_papers100m_195trainer_0hop_balanced_local_bs2048_800r,20260914_211623_ogbn-papers100M_FedAvg_bs2048_seed42_beta10000p0,ogbn-papers100M,FedAvg,2048,42,10000.0,178,validation,0.2142,3.6969,0.2142,3.6969,534,0.13863468170166016,0.13863468170166016,0.5445830821990967,0.6832177639007568,121.40850305557251,0.5445830821990967,0.6832177639007568,121.40850305557251
nc_papers100m_195trainer_0hop_balanced_local_bs2048_800r,20260914_211623_ogbn-papers100M_FedAvg_bs2048_seed42_beta10000p0,ogbn-papers100M,FedAvg,2048,42,10000.0,179,validation,0.2148,3.6934,0.2148,3.6934,537,0.13725972175598145,0.13725972175598145,0.5327248573303223,0.6699845790863037,122.07848763465881,0.5327248573303223,0.6699845790863037,122.07848763465881
nc_papers100m_195trainer_0hop_balanced_local_bs2048_800r,20260914_211623_ogbn-papers100M_FedAvg_bs2048_seed42_beta10000p0,ogbn-papers100M,FedAvg,2048,42,10000.0,180,validation,0.2152,3.69,0.2152,3.69,540,0.14118385314941406,0.14118385314941406,0.5428009033203125,0.6839847564697266,122.76247239112854,0.5428009033203125,0.6839847564697266,122.76247239112854
nc_papers100m_195trainer_0hop_balanced_local_bs2048_800r,20260914_211623_ogbn-papers100M_FedAvg_bs2048_seed42_beta10000p0,ogbn-papers100M,FedAvg,2048,42,10000.0,181,validation,0.2156,3.6865,0.2156,3.6865,543,0.1375255584716797,0.1375255584716797,0.5231838226318359,0.6607093811035156,123.42318177223206,0.5231838226318359,0.6607093811035156,123.42318177223206
nc_papers100m_195trainer_0hop_balanced_local_bs2048_800r,20260914_211623_ogbn-papers100M_FedAvg_bs2048_seed42_beta10000p0,ogbn-papers100M,FedAvg,2048,42,10000.0,182,validation,0.216,3.683,0.216,3.683,546,0.1436753273010254,0.1436753273010254,0.5351502895355225,0.6788256168365479,124.1020073890686,0.5351502895355225,0.6788256168365479,124.1020073890686
nc_papers100m_195trainer_0hop_balanced_local_bs2048_800r,20260914_211623_ogbn-papers100M_FedAvg_bs2048_seed42_beta10000p0,ogbn-papers100M,FedAvg,2048,42,10000.0,183,validation,0.2164,3.6796,0.2164,3.6796,549,0.1361842155456543,0.1361842155456543,0.535179853439331,0.6713640689849854,124.77337145805359,0.535179853439331,0.6713640689849854,124.77337145805359
nc_papers100m_195trainer_0hop_balanced_local_bs2048_800r,20260914_211623_ogbn-papers100M_FedAvg_bs2048_seed42_beta10000p0,ogbn-papers100M,FedAvg,2048,42,10000.0,184,validation,0.2167,3.6762,0.2167,3.6762,552,0.13816213607788086,0.13816213607788086,0.537196159362793,0.6753582954406738,125.44872975349426,0.537196159362793,0.6753582954406738,125.44872975349426
nc_papers100m_195trainer_0hop_balanced_local_bs2048_800r,20260914_211623_ogbn-papers100M_FedAvg_bs2048_seed42_beta10000p0,ogbn-papers100M,FedAvg,2048,42,10000.0,185,validation,0.217,3.6728,0.217,3.6728,555,0.1412501335144043,0.1412501335144043,0.5276126861572266,0.6688628196716309,126.1175925731659,0.5276126861572266,0.6688628196716309,126.1175925731659
nc_papers100m_195trainer_0hop_balanced_local_bs2048_800r,20260914_211623_ogbn-papers100M_FedAvg_bs2048_seed42_beta10000p0,ogbn-papers100M,FedAvg,2048,42,10000.0,186,validation,0.2173,3.6693,0.2173,3.6693,558,0.13906598091125488,0.13906598091125488,0.535693883895874,0.6747598648071289,126.79235243797302,0.535693883895874,0.6747598648071289,126.79235243797302
nc_papers100m_195trainer_0hop_balanced_local_bs2048_800r,20260914_211623_ogbn-papers100M_FedAvg_bs2048_seed42_beta10000p0,ogbn-papers100M,FedAvg,2048,42,10000.0,187,validation,0.2179,3.666,0.2179,3.666,561,0.13692665100097656,0.13692665100097656,0.5306427478790283,0.6675693988800049,127.45992183685303,0.5306427478790283,0.6675693988800049,127.45992183685303
nc_papers100m_195trainer_0hop_balanced_local_bs2048_800r,20260914_211623_ogbn-papers100M_FedAvg_bs2048_seed42_beta10000p0,ogbn-papers100M,FedAvg,2048,42,10000.0,188,validation,0.2182,3.6626,0.2182,3.6626,564,0.13654637336730957,0.13654637336730957,0.5314712524414062,0.6680176258087158,128.12793946266174,0.5314712524414062,0.6680176258087158,128.12793946266174
nc_papers100m_195trainer_0hop_balanced_local_bs2048_800r,20260914_211623_ogbn-papers100M_FedAvg_bs2048_seed42_beta10000p0,ogbn-papers100M,FedAvg,2048,42,10000.0,189,validation,0.2186,3.6593,0.2186,3.6593,567,0.1366441249847412,0.1366441249847412,0.5416164398193359,0.6782605648040771,128.80620002746582,0.5416164398193359,0.6782605648040771,128.80620002746582
nc_papers100m_195trainer_0hop_balanced_local_bs2048_800r,20260914_211623_ogbn-papers100M_FedAvg_bs2048_seed42_beta10000p0,ogbn-papers100M,FedAvg,2048,42,10000.0,190,validation,0.219,3.6561,0.219,3.6561,570,0.14279747009277344,0.14279747009277344,0.5338335037231445,0.676630973815918,129.48283100128174,0.5338335037231445,0.676630973815918,129.48283100128174
nc_papers100m_195trainer_0hop_balanced_local_bs2048_800r,20260914_211623_ogbn-papers100M_FedAvg_bs2048_seed42_beta10000p0,ogbn-papers100M,FedAvg,2048,42,10000.0,191,validation,0.2194,3.6529,0.2194,3.6529,573,0.14086365699768066,0.14086365699768066,0.5614974498748779,0.7023611068725586,130.1851921081543,0.5614974498748779,0.7023611068725586,130.1851921081543
nc_papers100m_195trainer_0hop_balanced_local_bs2048_800r,20260914_211623_ogbn-papers100M_FedAvg_bs2048_seed42_beta10000p0,ogbn-papers100M,FedAvg,2048,42,10000.0,192,validation,0.2197,3.6496,0.2197,3.6496,576,0.1356654167175293,0.1356654167175293,0.5296754837036133,0.6653409004211426,130.85053300857544,0.5296754837036133,0.6653409004211426,130.85053300857544
nc_papers100m_195trainer_0hop_balanced_local_bs2048_800r,20260914_211623_ogbn-papers100M_FedAvg_bs2048_seed42_beta10000p0,ogbn-papers100M,FedAvg,2048,42,10000.0,193,validation,0.2201,3.6464,0.2201,3.6464,579,0.1369173526763916,0.1369173526763916,0.5478761196136475,0.6847934722900391,131.53532648086548,0.5478761196136475,0.6847934722900391,131.53532648086548
nc_papers100m_195trainer_0hop_balanced_local_bs2048_800r,20260914_211623_ogbn-papers100M_FedAvg_bs2048_seed42_beta10000p0,ogbn-papers100M,FedAvg,2048,42,10000.0,194,validation,0.2205,3.6432,0.2205,3.6432,582,0.13709306716918945,0.13709306716918945,0.533522367477417,0.6706154346466064,132.20594191551208,0.533522367477417,0.6706154346466064,132.20594191551208
nc_papers100m_195trainer_0hop_balanced_local_bs2048_800r,20260914_211623_ogbn-papers100M_FedAvg_bs2048_seed42_beta10000p0,ogbn-papers100M,FedAvg,2048,42,10000.0,195,validation,0.2208,3.64,0.2208,3.64,585,0.14521169662475586,0.14521169662475586,0.5282647609710693,0.6734764575958252,132.8794183731079,0.5282647609710693,0.6734764575958252,132.8794183731079
nc_papers100m_195trainer_0hop_balanced_local_bs2048_800r,20260914_211623_ogbn-papers100M_FedAvg_bs2048_seed42_beta10000p0,ogbn-papers100M,FedAvg,2048,42,10000.0,196,validation,0.2212,3.6368,0.2212,3.6368,588,0.13866186141967773,0.13866186141967773,0.5389883518218994,0.6776502132415771,133.5570685863495,0.5389883518218994,0.6776502132415771,133.5570685863495
nc_papers100m_195trainer_0hop_balanced_local_bs2048_800r,20260914_211623_ogbn-papers100M_FedAvg_bs2048_seed42_beta10000p0,ogbn-papers100M,FedAvg,2048,42,10000.0,197,validation,0.2216,3.6336,0.2216,3.6336,591,0.13754653930664062,0.13754653930664062,0.5336949825286865,0.6712415218353271,134.22831010818481,0.5336949825286865,0.6712415218353271,134.22831010818481
nc_papers100m_195trainer_0hop_balanced_local_bs2048_800r,20260914_211623_ogbn-papers100M_FedAvg_bs2048_seed42_beta10000p0,ogbn-papers100M,FedAvg,2048,42,10000.0,198,validation,0.2218,3.6304,0.2218,3.6304,594,0.13657402992248535,0.13657402992248535,0.5291879177093506,0.6657619476318359,134.89407205581665,0.5291879177093506,0.6657619476318359,134.89407205581665
nc_papers100m_195trainer_0hop_balanced_local_bs2048_800r,20260914_211623_ogbn-papers100M_FedAvg_bs2048_seed42_beta10000p0,ogbn-papers100M,FedAvg,2048,42,10000.0,199,validation,0.2222,3.6273,0.2222,3.6273,597,0.14122939109802246,0.14122939109802246,0.5383141040802002,0.6795434951782227,135.57361555099487,0.5383141040802002,0.6795434951782227,135.57361555099487
nc_papers100m_195trainer_0hop_balanced_local_bs2048_800r,20260914_211623_ogbn-papers100M_FedAvg_bs2048_seed42_beta10000p0,ogbn-papers100M,FedAvg,2048,42,10000.0,200,validation,0.2225,3.6242,0.2225,3.6242,600,0.14172863960266113,0.14172863960266113,0.5422050952911377,0.6839337348937988,136.25754928588867,0.5422050952911377,0.6839337348937988,136.25754928588867
nc_papers100m_195trainer_0hop_balanced_local_bs2048_800r,20260914_211623_ogbn-papers100M_FedAvg_bs2048_seed42_beta10000p0,ogbn-papers100M,FedAvg,2048,42,10000.0,201,validation,0.2229,3.6211,0.2229,3.6211,603,0.14114022254943848,0.14114022254943848,0.5342686176300049,0.6754088401794434,136.93295812606812,0.5342686176300049,0.6754088401794434,136.93295812606812
nc_papers100m_195trainer_0hop_balanced_local_bs2048_800r,20260914_211623_ogbn-papers100M_FedAvg_bs2048_seed42_beta10000p0,ogbn-papers100M,FedAvg,2048,42,10000.0,202,validation,0.2232,3.618,0.2232,3.618,606,0.13697123527526855,0.13697123527526855,0.5300195217132568,0.6669907569885254,137.59994888305664,0.5300195217132568,0.6669907569885254,137.59994888305664
nc_papers100m_195trainer_0hop_balanced_local_bs2048_800r,20260914_211623_ogbn-papers100M_FedAvg_bs2048_seed42_beta10000p0,ogbn-papers100M,FedAvg,2048,42,10000.0,203,validation,0.2235,3.6151,0.2235,3.6151,609,0.13706707954406738,0.13706707954406738,0.5415208339691162,0.6785879135131836,138.27853679656982,0.5415208339691162,0.6785879135131836,138.27853679656982
nc_papers100m_195trainer_0hop_balanced_local_bs2048_800r,20260914_211623_ogbn-papers100M_FedAvg_bs2048_seed42_beta10000p0,ogbn-papers100M,FedAvg,2048,42,10000.0,204,validation,0.2239,3.612,0.2239,3.612,612,0.1366713047027588,0.1366713047027588,0.5306987762451172,0.667370080947876,138.9459068775177,0.5306987762451172,0.667370080947876,138.9459068775177
nc_papers100m_195trainer_0hop_balanced_local_bs2048_800r,20260914_211623_ogbn-papers100M_FedAvg_bs2048_seed42_beta10000p0,ogbn-papers100M,FedAvg,2048,42,10000.0,205,validation,0.2244,3.609,0.2244,3.609,615,0.14019441604614258,0.14019441604614258,0.5548336505889893,0.6950280666351318,139.64093494415283,0.5548336505889893,0.6950280666351318,139.64093494415283
nc_papers100m_195trainer_0hop_balanced_local_bs2048_800r,20260914_211623_ogbn-papers100M_FedAvg_bs2048_seed42_beta10000p0,ogbn-papers100M,FedAvg,2048,42,10000.0,206,validation,0.2247,3.606,0.2247,3.606,618,0.14263105392456055,0.14263105392456055,0.5289342403411865,0.6715652942657471,140.31250023841858,0.5289342403411865,0.6715652942657471,140.31250023841858
nc_papers100m_195trainer_0hop_balanced_local_bs2048_800r,20260914_211623_ogbn-papers100M_FedAvg_bs2048_seed42_beta10000p0,ogbn-papers100M,FedAvg,2048,42,10000.0,207,validation,0.225,3.603,0.225,3.603,621,0.14550566673278809,0.14550566673278809,0.5379581451416016,0.6834638118743896,140.99596405029297,0.5379581451416016,0.6834638118743896,140.99596405029297
nc_papers100m_195trainer_0hop_balanced_local_bs2048_800r,20260914_211623_ogbn-papers100M_FedAvg_bs2048_seed42_beta10000p0,ogbn-papers100M,FedAvg,2048,42,10000.0,208,validation,0.2252,3.6001,0.2252,3.6001,624,0.13685035705566406,0.13685035705566406,0.5315134525299072,0.6683638095855713,141.66432785987854,0.5315134525299072,0.6683638095855713,141.66432785987854
nc_papers100m_195trainer_0hop_balanced_local_bs2048_800r,20260914_211623_ogbn-papers100M_FedAvg_bs2048_seed42_beta10000p0,ogbn-papers100M,FedAvg,2048,42,10000.0,209,validation,0.2257,3.5971,0.2257,3.5971,627,0.13513922691345215,0.13513922691345215,0.530724287033081,0.6658635139465332,142.33019137382507,0.530724287033081,0.6658635139465332,142.33019137382507
nc_papers100m_195trainer_0hop_balanced_local_bs2048_800r,20260914_211623_ogbn-papers100M_FedAvg_bs2048_seed42_beta10000p0,ogbn-papers100M,FedAvg,2048,42,10000.0,210,validation,0.2261,3.5941,0.2261,3.5941,630,0.1369800567626953,0.1369800567626953,0.5423376560211182,0.6793177127838135,143.0095090866089,0.5423376560211182,0.6793177127838135,143.0095090866089
nc_papers100m_195trainer_0hop_balanced_local_bs2048_800r,20260914_211623_ogbn-papers100M_FedAvg_bs2048_seed42_beta10000p0,ogbn-papers100M,FedAvg,2048,42,10000.0,211,validation,0.2265,3.5912,0.2265,3.5912,633,0.1420426368713379,0.1420426368713379,0.5369935035705566,0.6790361404418945,143.68854522705078,0.5369935035705566,0.6790361404418945,143.68854522705078
nc_papers100m_195trainer_0hop_balanced_local_bs2048_800r,20260914_211623_ogbn-papers100M_FedAvg_bs2048_seed42_beta10000p0,ogbn-papers100M,FedAvg,2048,42,10000.0,212,validation,0.2269,3.5883,0.2269,3.5883,636,0.1464688777923584,0.1464688777923584,0.5348930358886719,0.6813619136810303,144.3699071407318,0.5348930358886719,0.6813619136810303,144.3699071407318
nc_papers100m_195trainer_0hop_balanced_local_bs2048_800r,20260914_211623_ogbn-papers100M_FedAvg_bs2048_seed42_beta10000p0,ogbn-papers100M,FedAvg,2048,42,10000.0,213,validation,0.2273,3.5854,0.2273,3.5854,639,0.14077401161193848,0.14077401161193848,0.5364711284637451,0.6772451400756836,145.0471522808075,0.5364711284637451,0.6772451400756836,145.0471522808075
nc_papers100m_195trainer_0hop_balanced_local_bs2048_800r,20260914_211623_ogbn-papers100M_FedAvg_bs2048_seed42_beta10000p0,ogbn-papers100M,FedAvg,2048,42,10000.0,214,validation,0.2277,3.5824,0.2277,3.5824,642,0.13739323616027832,0.13739323616027832,0.5376667976379395,0.6750600337982178,145.7222123146057,0.5376667976379395,0.6750600337982178,145.7222123146057
nc_papers100m_195trainer_0hop_balanced_local_bs2048_800r,20260914_211623_ogbn-papers100M_FedAvg_bs2048_seed42_beta10000p0,ogbn-papers100M,FedAvg,2048,42,10000.0,215,validation,0.2279,3.5795,0.2279,3.5795,645,0.13748908042907715,0.13748908042907715,0.5264546871185303,0.6639437675476074,146.38615608215332,0.5264546871185303,0.6639437675476074,146.38615608215332
nc_papers100m_195trainer_0hop_balanced_local_bs2048_800r,20260914_211623_ogbn-papers100M_FedAvg_bs2048_seed42_beta10000p0,ogbn-papers100M,FedAvg,2048,42,10000.0,216,validation,0.2284,3.5766,0.2284,3.5766,648,0.1424415111541748,0.1424415111541748,0.5302634239196777,0.6727049350738525,147.05886101722717,0.5302634239196777,0.6727049350738525,147.05886101722717
nc_papers100m_195trainer_0hop_balanced_local_bs2048_800r,20260914_211623_ogbn-papers100M_FedAvg_bs2048_seed42_beta10000p0,ogbn-papers100M,FedAvg,2048,42,10000.0,217,validation,0.2286,3.5738,0.2286,3.5738,651,0.14146208763122559,0.14146208763122559,0.5424566268920898,0.6839187145233154,147.7427797317505,0.5424566268920898,0.6839187145233154,147.7427797317505
nc_papers100m_195trainer_0hop_balanced_local_bs2048_800r,20260914_211623_ogbn-papers100M_FedAvg_bs2048_seed42_beta10000p0,ogbn-papers100M,FedAvg,2048,42,10000.0,218,validation,0.2288,3.571,0.2288,3.571,654,0.13652634620666504,0.13652634620666504,0.5433907508850098,0.6799170970916748,148.42269682884216,0.5433907508850098,0.6799170970916748,148.42269682884216
nc_papers100m_195trainer_0hop_balanced_local_bs2048_800r,20260914_211623_ogbn-papers100M_FedAvg_bs2048_seed42_beta10000p0,ogbn-papers100M,FedAvg,2048,42,10000.0,219,validation,0.2292,3.5682,0.2292,3.5682,657,0.13669824600219727,0.13669824600219727,0.5509653091430664,0.6876635551452637,149.11036038398743,0.5509653091430664,0.6876635551452637,149.11036038398743
nc_papers100m_195trainer_0hop_balanced_local_bs2048_800r,20260914_211623_ogbn-papers100M_FedAvg_bs2048_seed42_beta10000p0,ogbn-papers100M,FedAvg,2048,42,10000.0,220,validation,0.2295,3.5655,0.2295,3.5655,660,0.14204859733581543,0.14204859733581543,0.5293107032775879,0.6713593006134033,149.78171968460083,0.5293107032775879,0.6713593006134033,149.78171968460083
nc_papers100m_195trainer_0hop_balanced_local_bs2048_800r,20260914_211623_ogbn-papers100M_FedAvg_bs2048_seed42_beta10000p0,ogbn-papers100M,FedAvg,2048,42,10000.0,221,validation,0.2299,3.5626,0.2299,3.5626,663,0.1362001895904541,0.1362001895904541,0.5374970436096191,0.6736972332000732,150.4554169178009,0.5374970436096191,0.6736972332000732,150.4554169178009
nc_papers100m_195trainer_0hop_balanced_local_bs2048_800r,20260914_211623_ogbn-papers100M_FedAvg_bs2048_seed42_beta10000p0,ogbn-papers100M,FedAvg,2048,42,10000.0,222,validation,0.2301,3.5598,0.2301,3.5598,666,0.1397690773010254,0.1397690773010254,0.5277423858642578,0.6675114631652832,151.1229283809662,0.5277423858642578,0.6675114631652832,151.1229283809662
nc_papers100m_195trainer_0hop_balanced_local_bs2048_800r,20260914_211623_ogbn-papers100M_FedAvg_bs2048_seed42_beta10000p0,ogbn-papers100M,FedAvg,2048,42,10000.0,223,validation,0.2304,3.5572,0.2304,3.5572,669,0.1394367218017578,0.1394367218017578,0.5300703048706055,0.6695070266723633,151.79243540763855,0.5300703048706055,0.6695070266723633,151.79243540763855
nc_papers100m_195trainer_0hop_balanced_local_bs2048_800r,20260914_211623_ogbn-papers100M_FedAvg_bs2048_seed42_beta10000p0,ogbn-papers100M,FedAvg,2048,42,10000.0,224,validation,0.2308,3.5544,0.2308,3.5544,672,0.1393883228302002,0.1393883228302002,0.5403563976287842,0.6797447204589844,152.47218012809753,0.5403563976287842,0.6797447204589844,152.47218012809753
nc_papers100m_195trainer_0hop_balanced_local_bs2048_800r,20260914_211623_ogbn-papers100M_FedAvg_bs2048_seed42_beta10000p0,ogbn-papers100M,FedAvg,2048,42,10000.0,225,validation,0.231,3.5515,0.231,3.5515,675,0.13577651977539062,0.13577651977539062,0.5337376594543457,0.6695141792297363,153.14169430732727,0.5337376594543457,0.6695141792297363,153.14169430732727
nc_papers100m_195trainer_0hop_balanced_local_bs2048_800r,20260914_211623_ogbn-papers100M_FedAvg_bs2048_seed42_beta10000p0,ogbn-papers100M,FedAvg,2048,42,10000.0,226,validation,0.2313,3.5487,0.2313,3.5487,678,0.14014339447021484,0.14014339447021484,0.5289163589477539,0.6690597534179688,153.81075406074524,0.5289163589477539,0.6690597534179688,153.81075406074524
nc_papers100m_195trainer_0hop_balanced_local_bs2048_800r,20260914_211623_ogbn-papers100M_FedAvg_bs2048_seed42_beta10000p0,ogbn-papers100M,FedAvg,2048,42,10000.0,227,validation,0.2315,3.5461,0.2315,3.5461,681,0.13788414001464844,0.13788414001464844,0.5472447872161865,0.685128927230835,154.49588298797607,0.5472447872161865,0.685128927230835,154.49588298797607
nc_papers100m_195trainer_0hop_balanced_local_bs2048_800r,20260914_211623_ogbn-papers100M_FedAvg_bs2048_seed42_beta10000p0,ogbn-papers100M,FedAvg,2048,42,10000.0,228,validation,0.2317,3.5434,0.2317,3.5434,684,0.13784098625183105,0.13784098625183105,0.5431060791015625,0.6809470653533936,155.17683005332947,0.5431060791015625,0.6809470653533936,155.17683005332947
nc_papers100m_195trainer_0hop_balanced_local_bs2048_800r,20260914_211623_ogbn-papers100M_FedAvg_bs2048_seed42_beta10000p0,ogbn-papers100M,FedAvg,2048,42,10000.0,229,validation,0.232,3.5406,0.232,3.5406,687,0.14002490043640137,0.14002490043640137,0.5313665866851807,0.671391487121582,155.84822154045105,0.5313665866851807,0.671391487121582,155.84822154045105
nc_papers100m_195trainer_0hop_balanced_local_bs2048_800r,20260914_211623_ogbn-papers100M_FedAvg_bs2048_seed42_beta10000p0,ogbn-papers100M,FedAvg,2048,42,10000.0,230,validation,0.2323,3.538,0.2323,3.538,690,0.14128661155700684,0.14128661155700684,0.5352833271026611,0.676569938659668,156.52479147911072,0.5352833271026611,0.676569938659668,156.52479147911072
nc_papers100m_195trainer_0hop_balanced_local_bs2048_800r,20260914_211623_ogbn-papers100M_FedAvg_bs2048_seed42_beta10000p0,ogbn-papers100M,FedAvg,2048,42,10000.0,231,validation,0.2327,3.5353,0.2327,3.5353,693,0.1368122100830078,0.1368122100830078,0.5503485202789307,0.6871607303619385,157.21195220947266,0.5503485202789307,0.6871607303619385,157.21195220947266
nc_papers100m_195trainer_0hop_balanced_local_bs2048_800r,20260914_211623_ogbn-papers100M_FedAvg_bs2048_seed42_beta10000p0,ogbn-papers100M,FedAvg,2048,42,10000.0,232,validation,0.2331,3.5326,0.2331,3.5326,696,0.13740873336791992,0.13740873336791992,0.5448040962219238,0.6822128295898438,157.8941650390625,0.5448040962219238,0.6822128295898438,157.8941650390625
nc_papers100m_195trainer_0hop_balanced_local_bs2048_800r,20260914_211623_ogbn-papers100M_FedAvg_bs2048_seed42_beta10000p0,ogbn-papers100M,FedAvg,2048,42,10000.0,233,validation,0.2334,3.53,0.2334,3.53,699,0.13813281059265137,0.13813281059265137,0.5487766265869141,0.6869094371795654,158.58107447624207,0.5487766265869141,0.6869094371795654,158.58107447624207
nc_papers100m_195trainer_0hop_balanced_local_bs2048_800r,20260914_211623_ogbn-papers100M_FedAvg_bs2048_seed42_beta10000p0,ogbn-papers100M,FedAvg,2048,42,10000.0,234,validation,0.2336,3.5274,0.2336,3.5274,702,0.14108848571777344,0.14108848571777344,0.5329785346984863,0.6740670204162598,159.25514149665833,0.5329785346984863,0.6740670204162598,159.25514149665833
nc_papers100m_195trainer_0hop_balanced_local_bs2048_800r,20260914_211623_ogbn-papers100M_FedAvg_bs2048_seed42_beta10000p0,ogbn-papers100M,FedAvg,2048,42,10000.0,235,validation,0.2339,3.5248,0.2339,3.5248,705,0.13750982284545898,0.13750982284545898,0.5417098999023438,0.6792197227478027,159.93436121940613,0.5417098999023438,0.6792197227478027,159.93436121940613
nc_papers100m_195trainer_0hop_balanced_local_bs2048_800r,20260914_211623_ogbn-papers100M_FedAvg_bs2048_seed42_beta10000p0,ogbn-papers100M,FedAvg,2048,42,10000.0,236,validation,0.2344,3.5223,0.2344,3.5223,708,0.13779306411743164,0.13779306411743164,0.5246567726135254,0.662449836730957,160.59681105613708,0.5246567726135254,0.662449836730957,160.59681105613708
nc_papers100m_195trainer_0hop_balanced_local_bs2048_800r,20260914_211623_ogbn-papers100M_FedAvg_bs2048_seed42_beta10000p0,ogbn-papers100M,FedAvg,2048,42,10000.0,237,validation,0.2346,3.5199,0.2346,3.5199,711,0.1397867202758789,0.1397867202758789,0.5398914813995361,0.679678201675415,161.2764892578125,0.5398914813995361,0.679678201675415,161.2764892578125
nc_papers100m_195trainer_0hop_balanced_local_bs2048_800r,20260914_211623_ogbn-papers100M_FedAvg_bs2048_seed42_beta10000p0,ogbn-papers100M,FedAvg,2048,42,10000.0,238,validation,0.2348,3.5173,0.2348,3.5173,714,0.13653135299682617,0.13653135299682617,0.547473669052124,0.6840050220489502,161.96049427986145,0.547473669052124,0.6840050220489502,161.96049427986145
nc_papers100m_195trainer_0hop_balanced_local_bs2048_800r,20260914_211623_ogbn-papers100M_FedAvg_bs2048_seed42_beta10000p0,ogbn-papers100M,FedAvg,2048,42,10000.0,239,validation,0.2349,3.5147,0.2349,3.5147,717,0.13814544677734375,0.13814544677734375,0.5400886535644531,0.6782341003417969,162.63872838020325,0.5400886535644531,0.6782341003417969,162.63872838020325
nc_papers100m_195trainer_0hop_balanced_local_bs2048_800r,20260914_211623_ogbn-papers100M_FedAvg_bs2048_seed42_beta10000p0,ogbn-papers100M,FedAvg,2048,42,10000.0,240,validation,0.2352,3.5121,0.2352,3.5121,720,0.13828134536743164,0.13828134536743164,0.528982400894165,0.6672637462615967,163.30599212646484,0.528982400894165,0.6672637462615967,163.30599212646484
nc_papers100m_195trainer_0hop_balanced_local_bs2048_800r,20260914_211623_ogbn-papers100M_FedAvg_bs2048_seed42_beta10000p0,ogbn-papers100M,FedAvg,2048,42,10000.0,241,validation,0.2355,3.5096,0.2355,3.5096,723,0.1445472240447998,0.1445472240447998,0.5297620296478271,0.674309253692627,163.98030138015747,0.5297620296478271,0.674309253692627,163.98030138015747
nc_papers100m_195trainer_0hop_balanced_local_bs2048_800r,20260914_211623_ogbn-papers100M_FedAvg_bs2048_seed42_beta10000p0,ogbn-papers100M,FedAvg,2048,42,10000.0,242,validation,0.2358,3.5071,0.2358,3.5071,726,0.13457942008972168,0.13457942008972168,0.5292227268218994,0.6638021469116211,164.6441035270691,0.5292227268218994,0.6638021469116211,164.6441035270691
nc_papers100m_195trainer_0hop_balanced_local_bs2048_800r,20260914_211623_ogbn-papers100M_FedAvg_bs2048_seed42_beta10000p0,ogbn-papers100M,FedAvg,2048,42,10000.0,243,validation,0.2361,3.5045,0.2361,3.5045,729,0.13583159446716309,0.13583159446716309,0.5308132171630859,0.666644811630249,165.31074833869934,0.5308132171630859,0.666644811630249,165.31074833869934
nc_papers100m_195trainer_0hop_balanced_local_bs2048_800r,20260914_211623_ogbn-papers100M_FedAvg_bs2048_seed42_beta10000p0,ogbn-papers100M,FedAvg,2048,42,10000.0,244,validation,0.2365,3.502,0.2365,3.502,732,0.14089703559875488,0.14089703559875488,0.5318520069122314,0.6727490425109863,165.98349738121033,0.5318520069122314,0.6727490425109863,165.98349738121033
nc_papers100m_195trainer_0hop_balanced_local_bs2048_800r,20260914_211623_ogbn-papers100M_FedAvg_bs2048_seed42_beta10000p0,ogbn-papers100M,FedAvg,2048,42,10000.0,245,validation,0.2367,3.4995,0.2367,3.4995,735,0.14127182960510254,0.14127182960510254,0.5305197238922119,0.6717915534973145,166.65528893470764,0.5305197238922119,0.6717915534973145,166.65528893470764
nc_papers100m_195trainer_0hop_balanced_local_bs2048_800r,20260914_211623_ogbn-papers100M_FedAvg_bs2048_seed42_beta10000p0,ogbn-papers100M,FedAvg,2048,42,10000.0,246,validation,0.2369,3.497,0.2369,3.497,738,0.1363513469696045,0.1363513469696045,0.5480432510375977,0.6843945980072021,167.33968353271484,0.5480432510375977,0.6843945980072021,167.33968353271484
nc_papers100m_195trainer_0hop_balanced_local_bs2048_800r,20260914_211623_ogbn-papers100M_FedAvg_bs2048_seed42_beta10000p0,ogbn-papers100M,FedAvg,2048,42,10000.0,247,validation,0.2373,3.4946,0.2373,3.4946,741,0.1367180347442627,0.1367180347442627,0.5404114723205566,0.6771295070648193,168.01681303977966,0.5404114723205566,0.6771295070648193,168.01681303977966
nc_papers100m_195trainer_0hop_balanced_local_bs2048_800r,20260914_211623_ogbn-papers100M_FedAvg_bs2048_seed42_beta10000p0,ogbn-papers100M,FedAvg,2048,42,10000.0,248,validation,0.2375,3.4922,0.2375,3.4922,744,0.13747429847717285,0.13747429847717285,0.5257794857025146,0.6632537841796875,168.68006682395935,0.5257794857025146,0.6632537841796875,168.68006682395935
nc_papers100m_195trainer_0hop_balanced_local_bs2048_800r,20260914_211623_ogbn-papers100M_FedAvg_bs2048_seed42_beta10000p0,ogbn-papers100M,FedAvg,2048,42,10000.0,249,validation,0.2377,3.4897,0.2377,3.4897,747,0.13849830627441406,0.13849830627441406,0.5291802883148193,0.6676785945892334,169.34774541854858,0.5291802883148193,0.6676785945892334,169.34774541854858
nc_papers100m_195trainer_0hop_balanced_local_bs2048_800r,20260914_211623_ogbn-papers100M_FedAvg_bs2048_seed42_beta10000p0,ogbn-papers100M,FedAvg,2048,42,10000.0,250,validation,0.2379,3.4872,0.2379,3.4872,750,0.14174652099609375,0.14174652099609375,0.5268051624298096,0.6685516834259033,170.0162971019745,0.5268051624298096,0.6685516834259033,170.0162971019745
nc_papers100m_195trainer_0hop_balanced_local_bs2048_800r,20260914_211623_ogbn-papers100M_FedAvg_bs2048_seed42_beta10000p0,ogbn-papers100M,FedAvg,2048,42,10000.0,251,validation,0.2381,3.4847,0.2381,3.4847,753,0.14573216438293457,0.14573216438293457,0.5208585262298584,0.666590690612793,170.68288779258728,0.5208585262298584,0.666590690612793,170.68288779258728
nc_papers100m_195trainer_0hop_balanced_local_bs2048_800r,20260914_211623_ogbn-papers100M_FedAvg_bs2048_seed42_beta10000p0,ogbn-papers100M,FedAvg,2048,42,10000.0,252,validation,0.2384,3.4823,0.2384,3.4823,756,0.13677978515625,0.13677978515625,0.5313913822174072,0.6681711673736572,171.35105895996094,0.5313913822174072,0.6681711673736572,171.35105895996094
nc_papers100m_195trainer_0hop_balanced_local_bs2048_800r,20260914_211623_ogbn-papers100M_FedAvg_bs2048_seed42_beta10000p0,ogbn-papers100M,FedAvg,2048,42,10000.0,253,validation,0.2388,3.4799,0.2388,3.4799,759,0.13555574417114258,0.13555574417114258,0.5193872451782227,0.6549429893493652,172.0060019493103,0.5193872451782227,0.6549429893493652,172.0060019493103
nc_papers100m_195trainer_0hop_balanced_local_bs2048_800r,20260914_211623_ogbn-papers100M_FedAvg_bs2048_seed42_beta10000p0,ogbn-papers100M,FedAvg,2048,42,10000.0,254,validation,0.2389,3.4776,0.2389,3.4776,762,0.13746976852416992,0.13746976852416992,0.5269944667816162,0.6644642353057861,172.6704661846161,0.5269944667816162,0.6644642353057861,172.6704661846161
nc_papers100m_195trainer_0hop_balanced_local_bs2048_800r,20260914_211623_ogbn-papers100M_FedAvg_bs2048_seed42_beta10000p0,ogbn-papers100M,FedAvg,2048,42,10000.0,255,validation,0.2391,3.4752,0.2391,3.4752,765,0.14261841773986816,0.14261841773986816,0.5336039066314697,0.6762223243713379,173.34668850898743,0.5336039066314697,0.6762223243713379,173.34668850898743
nc_papers100m_195trainer_0hop_balanced_local_bs2048_800r,20260914_211623_ogbn-papers100M_FedAvg_bs2048_seed42_beta10000p0,ogbn-papers100M,FedAvg,2048,42,10000.0,256,validation,0.2393,3.4727,0.2393,3.4727,768,0.13811945915222168,0.13811945915222168,0.5261807441711426,0.6643002033233643,174.0109887123108,0.5261807441711426,0.6643002033233643,174.0109887123108
nc_papers100m_195trainer_0hop_balanced_local_bs2048_800r,20260914_211623_ogbn-papers100M_FedAvg_bs2048_seed42_beta10000p0,ogbn-papers100M,FedAvg,2048,42,10000.0,257,validation,0.2396,3.4704,0.2396,3.4704,771,0.13666939735412598,0.13666939735412598,0.5249016284942627,0.6615710258483887,174.67255973815918,0.5249016284942627,0.6615710258483887,174.67255973815918
nc_papers100m_195trainer_0hop_balanced_local_bs2048_800r,20260914_211623_ogbn-papers100M_FedAvg_bs2048_seed42_beta10000p0,ogbn-papers100M,FedAvg,2048,42,10000.0,258,validation,0.2397,3.468,0.2397,3.468,774,0.13901376724243164,0.13901376724243164,0.5296251773834229,0.6686389446258545,175.34119868278503,0.5296251773834229,0.6686389446258545,175.34119868278503
nc_papers100m_195trainer_0hop_balanced_local_bs2048_800r,20260914_211623_ogbn-papers100M_FedAvg_bs2048_seed42_beta10000p0,ogbn-papers100M,FedAvg,2048,42,10000.0,259,validation,0.2399,3.4658,0.2399,3.4658,777,0.13921618461608887,0.13921618461608887,0.5254929065704346,0.6647090911865234,176.00590777397156,0.5254929065704346,0.6647090911865234,176.00590777397156
nc_papers100m_195trainer_0hop_balanced_local_bs2048_800r,20260914_211623_ogbn-papers100M_FedAvg_bs2048_seed42_beta10000p0,ogbn-papers100M,FedAvg,2048,42,10000.0,260,validation,0.2401,3.4634,0.2401,3.4634,780,0.14007258415222168,0.14007258415222168,0.535393238067627,0.6754658222198486,176.6813735961914,0.535393238067627,0.6754658222198486,176.6813735961914
nc_papers100m_195trainer_0hop_balanced_local_bs2048_800r,20260914_211623_ogbn-papers100M_FedAvg_bs2048_seed42_beta10000p0,ogbn-papers100M,FedAvg,2048,42,10000.0,261,validation,0.2403,3.4611,0.2403,3.4611,783,0.1452169418334961,0.1452169418334961,0.5295088291168213,0.6747257709503174,177.35609936714172,0.5295088291168213,0.6747257709503174,177.35609936714172
nc_papers100m_195trainer_0hop_balanced_local_bs2048_800r,20260914_211623_ogbn-papers100M_FedAvg_bs2048_seed42_beta10000p0,ogbn-papers100M,FedAvg,2048,42,10000.0,262,validation,0.2403,3.4589,0.2403,3.4589,786,0.1356809139251709,0.1356809139251709,0.5337700843811035,0.6694509983062744,178.025550365448,0.5337700843811035,0.6694509983062744,178.025550365448
nc_papers100m_195trainer_0hop_balanced_local_bs2048_800r,20260914_211623_ogbn-papers100M_FedAvg_bs2048_seed42_beta10000p0,ogbn-papers100M,FedAvg,2048,42,10000.0,263,validation,0.2406,3.4566,0.2406,3.4566,789,0.1356055736541748,0.1356055736541748,0.5338966846466064,0.6695022583007812,178.69505262374878,0.5338966846466064,0.6695022583007812,178.69505262374878
nc_papers100m_195trainer_0hop_balanced_local_bs2048_800r,20260914_211623_ogbn-papers100M_FedAvg_bs2048_seed42_beta10000p0,ogbn-papers100M,FedAvg,2048,42,10000.0,264,validation,0.2408,3.4544,0.2408,3.4544,792,0.13753700256347656,0.13753700256347656,0.5261185169219971,0.6636555194854736,179.35870814323425,0.5261185169219971,0.6636555194854736,179.35870814323425
nc_papers100m_195trainer_0hop_balanced_local_bs2048_800r,20260914_211623_ogbn-papers100M_FedAvg_bs2048_seed42_beta10000p0,ogbn-papers100M,FedAvg,2048,42,10000.0,265,validation,0.241,3.4521,0.241,3.4521,795,0.1437060832977295,0.1437060832977295,0.5375521183013916,0.6812582015991211,180.03996634483337,0.5375521183013916,0.6812582015991211,180.03996634483337
nc_papers100m_195trainer_0hop_balanced_local_bs2048_800r,20260914_211623_ogbn-papers100M_FedAvg_bs2048_seed42_beta10000p0,ogbn-papers100M,FedAvg,2048,42,10000.0,266,validation,0.2411,3.4498,0.2411,3.4498,798,0.13843846321105957,0.13843846321105957,0.5211167335510254,0.659555196762085,180.69952154159546,0.5211167335510254,0.659555196762085,180.69952154159546
nc_papers100m_195trainer_0hop_balanced_local_bs2048_800r,20260914_211623_ogbn-papers100M_FedAvg_bs2048_seed42_beta10000p0,ogbn-papers100M,FedAvg,2048,42,10000.0,267,validation,0.2414,3.4475,0.2414,3.4475,801,0.1364426612854004,0.1364426612854004,0.5254275798797607,0.6618702411651611,181.36139178276062,0.5254275798797607,0.6618702411651611,181.36139178276062
nc_papers100m_195trainer_0hop_balanced_local_bs2048_800r,20260914_211623_ogbn-papers100M_FedAvg_bs2048_seed42_beta10000p0,ogbn-papers100M,FedAvg,2048,42,10000.0,268,validation,0.2415,3.4453,0.2415,3.4453,804,0.1373140811920166,0.1373140811920166,0.5419826507568359,0.6792967319488525,182.04068851470947,0.5419826507568359,0.6792967319488525,182.04068851470947
nc_papers100m_195trainer_0hop_balanced_local_bs2048_800r,20260914_211623_ogbn-papers100M_FedAvg_bs2048_seed42_beta10000p0,ogbn-papers100M,FedAvg,2048,42,10000.0,269,validation,0.2418,3.443,0.2418,3.443,807,0.14029359817504883,0.14029359817504883,0.5306136608123779,0.6709072589874268,182.7115957736969,0.5306136608123779,0.6709072589874268,182.7115957736969
nc_papers100m_195trainer_0hop_balanced_local_bs2048_800r,20260914_211623_ogbn-papers100M_FedAvg_bs2048_seed42_beta10000p0,ogbn-papers100M,FedAvg,2048,42,10000.0,270,validation,0.242,3.4409,0.242,3.4409,810,0.13633370399475098,0.13633370399475098,0.5175971984863281,0.6539309024810791,183.36552667617798,0.5175971984863281,0.6539309024810791,183.36552667617798
nc_papers100m_195trainer_0hop_balanced_local_bs2048_800r,20260914_211623_ogbn-papers100M_FedAvg_bs2048_seed42_beta10000p0,ogbn-papers100M,FedAvg,2048,42,10000.0,271,validation,0.2424,3.4388,0.2424,3.4388,813,0.1382160186767578,0.1382160186767578,0.5211660861968994,0.6593821048736572,184.02490878105164,0.5211660861968994,0.6593821048736572,184.02490878105164
nc_papers100m_195trainer_0hop_balanced_local_bs2048_800r,20260914_211623_ogbn-papers100M_FedAvg_bs2048_seed42_beta10000p0,ogbn-papers100M,FedAvg,2048,42,10000.0,272,validation,0.2427,3.4365,0.2427,3.4365,816,0.14773821830749512,0.14773821830749512,0.5338046550750732,0.6815428733825684,184.7064516544342,0.5338046550750732,0.6815428733825684,184.7064516544342
nc_papers100m_195trainer_0hop_balanced_local_bs2048_800r,20260914_211623_ogbn-papers100M_FedAvg_bs2048_seed42_beta10000p0,ogbn-papers100M,FedAvg,2048,42,10000.0,273,validation,0.2427,3.4342,0.2427,3.4342,819,0.13823676109313965,0.13823676109313965,0.5210480690002441,0.6592848300933838,185.3657364845276,0.5210480690002441,0.6592848300933838,185.3657364845276
nc_papers100m_195trainer_0hop_balanced_local_bs2048_800r,20260914_211623_ogbn-papers100M_FedAvg_bs2048_seed42_beta10000p0,ogbn-papers100M,FedAvg,2048,42,10000.0,274,validation,0.243,3.4319,0.243,3.4319,822,0.13795828819274902,0.13795828819274902,0.5459856986999512,0.6839439868927002,186.0496804714203,0.5459856986999512,0.6839439868927002,186.0496804714203
nc_papers100m_195trainer_0hop_balanced_local_bs2048_800r,20260914_211623_ogbn-papers100M_FedAvg_bs2048_seed42_beta10000p0,ogbn-papers100M,FedAvg,2048,42,10000.0,275,validation,0.2432,3.4297,0.2432,3.4297,825,0.13868474960327148,0.13868474960327148,0.5362660884857178,0.6749508380889893,186.72463130950928,0.5362660884857178,0.6749508380889893,186.72463130950928
nc_papers100m_195trainer_0hop_balanced_local_bs2048_800r,20260914_211623_ogbn-papers100M_FedAvg_bs2048_seed42_beta10000p0,ogbn-papers100M,FedAvg,2048,42,10000.0,276,validation,0.2434,3.4276,0.2434,3.4276,828,0.14201140403747559,0.14201140403747559,0.5231955051422119,0.6652069091796875,187.38983821868896,0.5231955051422119,0.6652069091796875,187.38983821868896
nc_papers100m_195trainer_0hop_balanced_local_bs2048_800r,20260914_211623_ogbn-papers100M_FedAvg_bs2048_seed42_beta10000p0,ogbn-papers100M,FedAvg,2048,42,10000.0,277,validation,0.2436,3.4254,0.2436,3.4254,831,0.1409900188446045,0.1409900188446045,0.5100240707397461,0.6510140895843506,188.04085230827332,0.5100240707397461,0.6510140895843506,188.04085230827332
nc_papers100m_195trainer_0hop_balanced_local_bs2048_800r,20260914_211623_ogbn-papers100M_FedAvg_bs2048_seed42_beta10000p0,ogbn-papers100M,FedAvg,2048,42,10000.0,278,validation,0.2437,3.4233,0.2437,3.4233,834,0.13583779335021973,0.13583779335021973,0.5362491607666016,0.6720869541168213,188.71293926239014,0.5362491607666016,0.6720869541168213,188.71293926239014
nc_papers100m_195trainer_0hop_balanced_local_bs2048_800r,20260914_211623_ogbn-papers100M_FedAvg_bs2048_seed42_beta10000p0,ogbn-papers100M,FedAvg,2048,42,10000.0,279,validation,0.2441,3.4211,0.2441,3.4211,837,0.13743829727172852,0.13743829727172852,0.5294699668884277,0.6669082641601562,189.3798475265503,0.5294699668884277,0.6669082641601562,189.3798475265503
nc_papers100m_195trainer_0hop_balanced_local_bs2048_800r,20260914_211623_ogbn-papers100M_FedAvg_bs2048_seed42_beta10000p0,ogbn-papers100M,FedAvg,2048,42,10000.0,280,validation,0.2445,3.419,0.2445,3.419,840,0.13687539100646973,0.13687539100646973,0.5178501605987549,0.6547255516052246,190.03457307815552,0.5178501605987549,0.6547255516052246,190.03457307815552
nc_papers100m_195trainer_0hop_balanced_local_bs2048_800r,20260914_211623_ogbn-papers100M_FedAvg_bs2048_seed42_beta10000p0,ogbn-papers100M,FedAvg,2048,42,10000.0,281,validation,0.2446,3.4169,0.2446,3.4169,843,0.1353771686553955,0.1353771686553955,0.5166051387786865,0.651982307434082,190.6865553855896,0.5166051387786865,0.651982307434082,190.6865553855896
nc_papers100m_195trainer_0hop_balanced_local_bs2048_800r,20260914_211623_ogbn-papers100M_FedAvg_bs2048_seed42_beta10000p0,ogbn-papers100M,FedAvg,2048,42,10000.0,282,validation,0.2447,3.4149,0.2447,3.4149,846,0.14124417304992676,0.14124417304992676,0.5344200134277344,0.6756641864776611,191.36221957206726,0.5344200134277344,0.6756641864776611,191.36221957206726
nc_papers100m_195trainer_0hop_balanced_local_bs2048_800r,20260914_211623_ogbn-papers100M_FedAvg_bs2048_seed42_beta10000p0,ogbn-papers100M,FedAvg,2048,42,10000.0,283,validation,0.245,3.4126,0.245,3.4126,849,0.1361527442932129,0.1361527442932129,0.5301799774169922,0.6663327217102051,192.02855229377747,0.5301799774169922,0.6663327217102051,192.02855229377747
nc_papers100m_195trainer_0hop_balanced_local_bs2048_800r,20260914_211623_ogbn-papers100M_FedAvg_bs2048_seed42_beta10000p0,ogbn-papers100M,FedAvg,2048,42,10000.0,284,validation,0.2452,3.4106,0.2452,3.4106,852,0.13593697547912598,0.13593697547912598,0.5228631496429443,0.6588001251220703,192.68735241889954,0.5228631496429443,0.6588001251220703,192.68735241889954
nc_papers100m_195trainer_0hop_balanced_local_bs2048_800r,20260914_211623_ogbn-papers100M_FedAvg_bs2048_seed42_beta10000p0,ogbn-papers100M,FedAvg,2048,42,10000.0,285,validation,0.2453,3.4085,0.2453,3.4085,855,0.1368553638458252,0.1368553638458252,0.5440139770507812,0.6808693408966064,193.36822175979614,0.5440139770507812,0.6808693408966064,193.36822175979614
nc_papers100m_195trainer_0hop_balanced_local_bs2048_800r,20260914_211623_ogbn-papers100M_FedAvg_bs2048_seed42_beta10000p0,ogbn-papers100M,FedAvg,2048,42,10000.0,286,validation,0.2456,3.4064,0.2456,3.4064,858,0.13634610176086426,0.13634610176086426,0.5267164707183838,0.663062572479248,194.0312843322754,0.5267164707183838,0.663062572479248,194.0312843322754
nc_papers100m_195trainer_0hop_balanced_local_bs2048_800r,20260914_211623_ogbn-papers100M_FedAvg_bs2048_seed42_beta10000p0,ogbn-papers100M,FedAvg,2048,42,10000.0,287,validation,0.2458,3.4043,0.2458,3.4043,861,0.13753771781921387,0.13753771781921387,0.520047664642334,0.6575853824615479,194.68886971473694,0.520047664642334,0.6575853824615479,194.68886971473694
nc_papers100m_195trainer_0hop_balanced_local_bs2048_800r,20260914_211623_ogbn-papers100M_FedAvg_bs2048_seed42_beta10000p0,ogbn-papers100M,FedAvg,2048,42,10000.0,288,validation,0.2459,3.4022,0.2459,3.4022,864,0.13714289665222168,0.13714289665222168,0.5512208938598633,0.688363790512085,195.37723350524902,0.5512208938598633,0.688363790512085,195.37723350524902
nc_papers100m_195trainer_0hop_balanced_local_bs2048_800r,20260914_211623_ogbn-papers100M_FedAvg_bs2048_seed42_beta10000p0,ogbn-papers100M,FedAvg,2048,42,10000.0,289,validation,0.2462,3.4001,0.2462,3.4001,867,0.1378309726715088,0.1378309726715088,0.524061918258667,0.6618928909301758,196.0391263961792,0.524061918258667,0.6618928909301758,196.0391263961792
nc_papers100m_195trainer_0hop_balanced_local_bs2048_800r,20260914_211623_ogbn-papers100M_FedAvg_bs2048_seed42_beta10000p0,ogbn-papers100M,FedAvg,2048,42,10000.0,290,validation,0.2464,3.398,0.2464,3.398,870,0.1358642578125,0.1358642578125,0.5210027694702148,0.6568670272827148,196.6959934234619,0.5210027694702148,0.6568670272827148,196.6959934234619
nc_papers100m_195trainer_0hop_balanced_local_bs2048_800r,20260914_211623_ogbn-papers100M_FedAvg_bs2048_seed42_beta10000p0,ogbn-papers100M,FedAvg,2048,42,10000.0,291,validation,0.2466,3.3959,0.2466,3.3959,873,0.13685083389282227,0.13685083389282227,0.5211665630340576,0.6580173969268799,197.3540108203888,0.5211665630340576,0.6580173969268799,197.3540108203888
nc_papers100m_195trainer_0hop_balanced_local_bs2048_800r,20260914_211623_ogbn-papers100M_FedAvg_bs2048_seed42_beta10000p0,ogbn-papers100M,FedAvg,2048,42,10000.0,292,validation,0.2468,3.3939,0.2468,3.3939,876,0.13721394538879395,0.13721394538879395,0.5349686145782471,0.672182559967041,198.02619338035583,0.5349686145782471,0.672182559967041,198.02619338035583
nc_papers100m_195trainer_0hop_balanced_local_bs2048_800r,20260914_211623_ogbn-papers100M_FedAvg_bs2048_seed42_beta10000p0,ogbn-papers100M,FedAvg,2048,42,10000.0,293,validation,0.2471,3.392,0.2471,3.392,879,0.13880395889282227,0.13880395889282227,0.5187480449676514,0.6575520038604736,198.6837453842163,0.5187480449676514,0.6575520038604736,198.6837453842163
nc_papers100m_195trainer_0hop_balanced_local_bs2048_800r,20260914_211623_ogbn-papers100M_FedAvg_bs2048_seed42_beta10000p0,ogbn-papers100M,FedAvg,2048,42,10000.0,294,validation,0.2472,3.39,0.2472,3.39,882,0.13692045211791992,0.13692045211791992,0.5204603672027588,0.6573808193206787,199.341126203537,0.5204603672027588,0.6573808193206787,199.341126203537
nc_papers100m_195trainer_0hop_balanced_local_bs2048_800r,20260914_211623_ogbn-papers100M_FedAvg_bs2048_seed42_beta10000p0,ogbn-papers100M,FedAvg,2048,42,10000.0,295,validation,0.2475,3.388,0.2475,3.388,885,0.1357581615447998,0.1357581615447998,0.5280649662017822,0.663823127746582,200.00494933128357,0.5280649662017822,0.663823127746582,200.00494933128357
nc_papers100m_195trainer_0hop_balanced_local_bs2048_800r,20260914_211623_ogbn-papers100M_FedAvg_bs2048_seed42_beta10000p0,ogbn-papers100M,FedAvg,2048,42,10000.0,296,validation,0.2478,3.386,0.2478,3.386,888,0.13590312004089355,0.13590312004089355,0.5310890674591064,0.6669921875,200.67194151878357,0.5310890674591064,0.6669921875,200.67194151878357
nc_papers100m_195trainer_0hop_balanced_local_bs2048_800r,20260914_211623_ogbn-papers100M_FedAvg_bs2048_seed42_beta10000p0,ogbn-papers100M,FedAvg,2048,42,10000.0,297,validation,0.248,3.3839,0.248,3.3839,891,0.137451171875,0.137451171875,0.5184018611907959,0.6558530330657959,201.32779455184937,0.5184018611907959,0.6558530330657959,201.32779455184937
nc_papers100m_195trainer_0hop_balanced_local_bs2048_800r,20260914_211623_ogbn-papers100M_FedAvg_bs2048_seed42_beta10000p0,ogbn-papers100M,FedAvg,2048,42,10000.0,298,validation,0.2482,3.3818,0.2482,3.3818,894,0.14000821113586426,0.14000821113586426,0.5228221416473389,0.6628303527832031,201.99062490463257,0.5228221416473389,0.6628303527832031,201.99062490463257
nc_papers100m_195trainer_0hop_balanced_local_bs2048_800r,20260914_211623_ogbn-papers100M_FedAvg_bs2048_seed42_beta10000p0,ogbn-papers100M,FedAvg,2048,42,10000.0,299,validation,0.2485,3.3798,0.2485,3.3798,897,0.1398162841796875,0.1398162841796875,0.5269923210144043,0.6668086051940918,202.65743350982666,0.5269923210144043,0.6668086051940918,202.65743350982666
nc_papers100m_195trainer_0hop_balanced_local_bs2048_800r,20260914_211623_ogbn-papers100M_FedAvg_bs2048_seed42_beta10000p0,ogbn-papers100M,FedAvg,2048,42,10000.0,300,validation,0.2486,3.3778,0.2486,3.3778,900,0.1361379623413086,0.1361379623413086,0.5154011249542236,0.6515390872955322,203.3089725971222,0.5154011249542236,0.6515390872955322,203.3089725971222
nc_papers100m_195trainer_0hop_balanced_local_bs2048_800r,20260914_211623_ogbn-papers100M_FedAvg_bs2048_seed42_beta10000p0,ogbn-papers100M,FedAvg,2048,42,10000.0,301,validation,0.2489,3.3759,0.2489,3.3759,903,0.1367480754852295,0.1367480754852295,0.5175044536590576,0.6542525291442871,203.96322512626648,0.5175044536590576,0.6542525291442871,203.96322512626648
nc_papers100m_195trainer_0hop_balanced_local_bs2048_800r,20260914_211623_ogbn-papers100M_FedAvg_bs2048_seed42_beta10000p0,ogbn-papers100M,FedAvg,2048,42,10000.0,302,validation,0.2491,3.3737,0.2491,3.3737,906,0.13555073738098145,0.13555073738098145,0.546379804611206,0.6819305419921875,204.64515566825867,0.546379804611206,0.6819305419921875,204.64515566825867
nc_papers100m_195trainer_0hop_balanced_local_bs2048_800r,20260914_211623_ogbn-papers100M_FedAvg_bs2048_seed42_beta10000p0,ogbn-papers100M,FedAvg,2048,42,10000.0,303,validation,0.2492,3.3718,0.2492,3.3718,909,0.1367182731628418,0.1367182731628418,0.5232386589050293,0.6599569320678711,205.30511260032654,0.5232386589050293,0.6599569320678711,205.30511260032654
nc_papers100m_195trainer_0hop_balanced_local_bs2048_800r,20260914_211623_ogbn-papers100M_FedAvg_bs2048_seed42_beta10000p0,ogbn-papers100M,FedAvg,2048,42,10000.0,304,validation,0.2495,3.3698,0.2495,3.3698,912,0.14058804512023926,0.14058804512023926,0.519127607345581,0.6597156524658203,205.96482825279236,0.519127607345581,0.6597156524658203,205.96482825279236
nc_papers100m_195trainer_0hop_balanced_local_bs2048_800r,20260914_211623_ogbn-papers100M_FedAvg_bs2048_seed42_beta10000p0,ogbn-papers100M,FedAvg,2048,42,10000.0,305,validation,0.2497,3.3679,0.2497,3.3679,915,0.1380634307861328,0.1380634307861328,0.5240631103515625,0.6621265411376953,206.62695479393005,0.5240631103515625,0.6621265411376953,206.62695479393005
nc_papers100m_195trainer_0hop_balanced_local_bs2048_800r,20260914_211623_ogbn-papers100M_FedAvg_bs2048_seed42_beta10000p0,ogbn-papers100M,FedAvg,2048,42,10000.0,306,validation,0.2497,3.3661,0.2497,3.3661,918,0.13582801818847656,0.13582801818847656,0.525183916091919,0.6610119342803955,207.28796672821045,0.525183916091919,0.6610119342803955,207.28796672821045
nc_papers100m_195trainer_0hop_balanced_local_bs2048_800r,20260914_211623_ogbn-papers100M_FedAvg_bs2048_seed42_beta10000p0,ogbn-papers100M,FedAvg,2048,42,10000.0,307,validation,0.2501,3.364,0.2501,3.364,921,0.13575029373168945,0.13575029373168945,0.5234978199005127,0.6592481136322021,207.94721484184265,0.5234978199005127,0.6592481136322021,207.94721484184265
nc_papers100m_195trainer_0hop_balanced_local_bs2048_800r,20260914_211623_ogbn-papers100M_FedAvg_bs2048_seed42_beta10000p0,ogbn-papers100M,FedAvg,2048,42,10000.0,308,validation,0.2502,3.3621,0.2502,3.3621,924,0.13513875007629395,0.13513875007629395,0.5325911045074463,0.6677298545837402,208.6149446964264,0.5325911045074463,0.6677298545837402,208.6149446964264
nc_papers100m_195trainer_0hop_balanced_local_bs2048_800r,20260914_211623_ogbn-papers100M_FedAvg_bs2048_seed42_beta10000p0,ogbn-papers100M,FedAvg,2048,42,10000.0,309,validation,0.2505,3.3602,0.2505,3.3602,927,0.13782882690429688,0.13782882690429688,0.5207326412200928,0.6585614681243896,209.27350616455078,0.5207326412200928,0.6585614681243896,209.27350616455078
nc_papers100m_195trainer_0hop_balanced_local_bs2048_800r,20260914_211623_ogbn-papers100M_FedAvg_bs2048_seed42_beta10000p0,ogbn-papers100M,FedAvg,2048,42,10000.0,310,validation,0.2506,3.3583,0.2506,3.3583,930,0.14331531524658203,0.14331531524658203,0.5211851596832275,0.6645004749298096,209.9380066394806,0.5211851596832275,0.6645004749298096,209.9380066394806
nc_papers100m_195trainer_0hop_balanced_local_bs2048_800r,20260914_211623_ogbn-papers100M_FedAvg_bs2048_seed42_beta10000p0,ogbn-papers100M,FedAvg,2048,42,10000.0,311,validation,0.2508,3.3565,0.2508,3.3565,933,0.14876961708068848,0.14876961708068848,0.5202240943908691,0.6689937114715576,210.60700035095215,0.5202240943908691,0.6689937114715576,210.60700035095215
nc_papers100m_195trainer_0hop_balanced_local_bs2048_800r,20260914_211623_ogbn-papers100M_FedAvg_bs2048_seed42_beta10000p0,ogbn-papers100M,FedAvg,2048,42,10000.0,312,validation,0.251,3.3545,0.251,3.3545,936,0.1366868019104004,0.1366868019104004,0.5194025039672852,0.6560893058776855,211.26308965682983,0.5194025039672852,0.6560893058776855,211.26308965682983
nc_papers100m_195trainer_0hop_balanced_local_bs2048_800r,20260914_211623_ogbn-papers100M_FedAvg_bs2048_seed42_beta10000p0,ogbn-papers100M,FedAvg,2048,42,10000.0,313,validation,0.2512,3.3526,0.2512,3.3526,939,0.13684582710266113,0.13684582710266113,0.5202114582061768,0.6570572853088379,211.92014694213867,0.5202114582061768,0.6570572853088379,211.92014694213867
nc_papers100m_195trainer_0hop_balanced_local_bs2048_800r,20260914_211623_ogbn-papers100M_FedAvg_bs2048_seed42_beta10000p0,ogbn-papers100M,FedAvg,2048,42,10000.0,314,validation,0.2514,3.3508,0.2514,3.3508,942,0.1358487606048584,0.1358487606048584,0.520155668258667,0.6560044288635254,212.5761513710022,0.520155668258667,0.6560044288635254,212.5761513710022
nc_papers100m_195trainer_0hop_balanced_local_bs2048_800r,20260914_211623_ogbn-papers100M_FedAvg_bs2048_seed42_beta10000p0,ogbn-papers100M,FedAvg,2048,42,10000.0,315,validation,0.2514,3.349,0.2514,3.349,945,0.1414492130279541,0.1414492130279541,0.5255343914031982,0.6669836044311523,213.24313497543335,0.5255343914031982,0.6669836044311523,213.24313497543335
nc_papers100m_195trainer_0hop_balanced_local_bs2048_800r,20260914_211623_ogbn-papers100M_FedAvg_bs2048_seed42_beta10000p0,ogbn-papers100M,FedAvg,2048,42,10000.0,316,validation,0.2517,3.3472,0.2517,3.3472,948,0.1406550407409668,0.1406550407409668,0.5445985794067383,0.6852536201477051,213.92838859558105,0.5445985794067383,0.6852536201477051,213.92838859558105
nc_papers100m_195trainer_0hop_balanced_local_bs2048_800r,20260914_211623_ogbn-papers100M_FedAvg_bs2048_seed42_beta10000p0,ogbn-papers100M,FedAvg,2048,42,10000.0,317,validation,0.2519,3.3452,0.2519,3.3452,951,0.13800883293151855,0.13800883293151855,0.5226190090179443,0.6606278419494629,214.58901643753052,0.5226190090179443,0.6606278419494629,214.58901643753052
nc_papers100m_195trainer_0hop_balanced_local_bs2048_800r,20260914_211623_ogbn-papers100M_FedAvg_bs2048_seed42_beta10000p0,ogbn-papers100M,FedAvg,2048,42,10000.0,318,validation,0.2521,3.3433,0.2521,3.3433,954,0.13645482063293457,0.13645482063293457,0.5309796333312988,0.6674344539642334,215.25645089149475,0.5309796333312988,0.6674344539642334,215.25645089149475
nc_papers100m_195trainer_0hop_balanced_local_bs2048_800r,20260914_211623_ogbn-papers100M_FedAvg_bs2048_seed42_beta10000p0,ogbn-papers100M,FedAvg,2048,42,10000.0,319,validation,0.2523,3.3415,0.2523,3.3415,957,0.13698530197143555,0.13698530197143555,0.5198614597320557,0.6568467617034912,215.91329765319824,0.5198614597320557,0.6568467617034912,215.91329765319824
nc_papers100m_195trainer_0hop_balanced_local_bs2048_800r,20260914_211623_ogbn-papers100M_FedAvg_bs2048_seed42_beta10000p0,ogbn-papers100M,FedAvg,2048,42,10000.0,320,validation,0.2525,3.3396,0.2525,3.3396,960,0.14158034324645996,0.14158034324645996,0.5193662643432617,0.6609466075897217,216.57424426078796,0.5193662643432617,0.6609466075897217,216.57424426078796
nc_papers100m_195trainer_0hop_balanced_local_bs2048_800r,20260914_211623_ogbn-papers100M_FedAvg_bs2048_seed42_beta10000p0,ogbn-papers100M,FedAvg,2048,42,10000.0,321,validation,0.2527,3.3376,0.2527,3.3376,963,0.14883184432983398,0.14883184432983398,0.7005009651184082,0.8493328094482422,217.4235770702362,0.7005009651184082,0.8493328094482422,217.4235770702362
nc_papers100m_195trainer_0hop_balanced_local_bs2048_800r,20260914_211623_ogbn-papers100M_FedAvg_bs2048_seed42_beta10000p0,ogbn-papers100M,FedAvg,2048,42,10000.0,322,validation,0.2528,3.3359,0.2528,3.3359,966,0.13599801063537598,0.13599801063537598,0.527385950088501,0.663383960723877,218.08696103096008,0.527385950088501,0.663383960723877,218.08696103096008
nc_papers100m_195trainer_0hop_balanced_local_bs2048_800r,20260914_211623_ogbn-papers100M_FedAvg_bs2048_seed42_beta10000p0,ogbn-papers100M,FedAvg,2048,42,10000.0,323,validation,0.253,3.334,0.253,3.334,969,0.13769292831420898,0.13769292831420898,0.5213596820831299,0.6590526103973389,218.74601364135742,0.5213596820831299,0.6590526103973389,218.74601364135742
nc_papers100m_195trainer_0hop_balanced_local_bs2048_800r,20260914_211623_ogbn-papers100M_FedAvg_bs2048_seed42_beta10000p0,ogbn-papers100M,FedAvg,2048,42,10000.0,324,validation,0.2532,3.3323,0.2532,3.3323,972,0.13604307174682617,0.13604307174682617,0.5192584991455078,0.655301570892334,219.40131521224976,0.5192584991455078,0.655301570892334,219.40131521224976
nc_papers100m_195trainer_0hop_balanced_local_bs2048_800r,20260914_211623_ogbn-papers100M_FedAvg_bs2048_seed42_beta10000p0,ogbn-papers100M,FedAvg,2048,42,10000.0,325,validation,0.2534,3.3305,0.2534,3.3305,975,0.1408994197845459,0.1408994197845459,0.5280568599700928,0.6689562797546387,220.0702714920044,0.5280568599700928,0.6689562797546387,220.0702714920044
nc_papers100m_195trainer_0hop_balanced_local_bs2048_800r,20260914_211623_ogbn-papers100M_FedAvg_bs2048_seed42_beta10000p0,ogbn-papers100M,FedAvg,2048,42,10000.0,326,validation,0.2536,3.3287,0.2536,3.3287,978,0.14032959938049316,0.14032959938049316,0.5201077461242676,0.6604373455047607,220.73070883750916,0.5201077461242676,0.6604373455047607,220.73070883750916
nc_papers100m_195trainer_0hop_balanced_local_bs2048_800r,20260914_211623_ogbn-papers100M_FedAvg_bs2048_seed42_beta10000p0,ogbn-papers100M,FedAvg,2048,42,10000.0,327,validation,0.2538,3.327,0.2538,3.327,981,0.13654851913452148,0.13654851913452148,0.5197324752807617,0.6562809944152832,221.38698983192444,0.5197324752807617,0.6562809944152832,221.38698983192444
nc_papers100m_195trainer_0hop_balanced_local_bs2048_800r,20260914_211623_ogbn-papers100M_FedAvg_bs2048_seed42_beta10000p0,ogbn-papers100M,FedAvg,2048,42,10000.0,328,validation,0.254,3.3252,0.254,3.3252,984,0.13832640647888184,0.13832640647888184,0.5281965732574463,0.6665229797363281,222.05351281166077,0.5281965732574463,0.6665229797363281,222.05351281166077
nc_papers100m_195trainer_0hop_balanced_local_bs2048_800r,20260914_211623_ogbn-papers100M_FedAvg_bs2048_seed42_beta10000p0,ogbn-papers100M,FedAvg,2048,42,10000.0,329,validation,0.2542,3.3234,0.2542,3.3234,987,0.13833189010620117,0.13833189010620117,0.5273535251617432,0.6656854152679443,222.7191982269287,0.5273535251617432,0.6656854152679443,222.7191982269287
nc_papers100m_195trainer_0hop_balanced_local_bs2048_800r,20260914_211623_ogbn-papers100M_FedAvg_bs2048_seed42_beta10000p0,ogbn-papers100M,FedAvg,2048,42,10000.0,330,validation,0.2544,3.3216,0.2544,3.3216,990,0.13632869720458984,0.13632869720458984,0.5557618141174316,0.6920905113220215,223.41128873825073,0.5557618141174316,0.6920905113220215,223.41128873825073
nc_papers100m_195trainer_0hop_balanced_local_bs2048_800r,20260914_211623_ogbn-papers100M_FedAvg_bs2048_seed42_beta10000p0,ogbn-papers100M,FedAvg,2048,42,10000.0,331,validation,0.2546,3.3198,0.2546,3.3198,993,0.13713812828063965,0.13713812828063965,0.5241210460662842,0.6612591743469238,224.07254791259766,0.5241210460662842,0.6612591743469238,224.07254791259766
nc_papers100m_195trainer_0hop_balanced_local_bs2048_800r,20260914_211623_ogbn-papers100M_FedAvg_bs2048_seed42_beta10000p0,ogbn-papers100M,FedAvg,2048,42,10000.0,332,validation,0.2548,3.318,0.2548,3.318,996,0.13900065422058105,0.13900065422058105,0.5242273807525635,0.6632280349731445,224.7357759475708,0.5242273807525635,0.6632280349731445,224.7357759475708
nc_papers100m_195trainer_0hop_balanced_local_bs2048_800r,20260914_211623_ogbn-papers100M_FedAvg_bs2048_seed42_beta10000p0,ogbn-papers100M,FedAvg,2048,42,10000.0,333,validation,0.255,3.3163,0.255,3.3163,999,0.13712573051452637,0.13712573051452637,0.5244052410125732,0.6615309715270996,225.3973069190979,0.5244052410125732,0.6615309715270996,225.3973069190979
nc_papers100m_195trainer_0hop_balanced_local_bs2048_800r,20260914_211623_ogbn-papers100M_FedAvg_bs2048_seed42_beta10000p0,ogbn-papers100M,FedAvg,2048,42,10000.0,334,validation,0.255,3.3145,0.255,3.3145,1002,0.13530659675598145,0.13530659675598145,0.5192422866821289,0.6545488834381104,226.051855802536,0.5192422866821289,0.6545488834381104,226.051855802536
nc_papers100m_195trainer_0hop_balanced_local_bs2048_800r,20260914_211623_ogbn-papers100M_FedAvg_bs2048_seed42_beta10000p0,ogbn-papers100M,FedAvg,2048,42,10000.0,335,validation,0.2552,3.3128,0.2552,3.3128,1005,0.13796782493591309,0.13796782493591309,0.5287823677062988,0.6667501926422119,226.71860599517822,0.5287823677062988,0.6667501926422119,226.71860599517822
nc_papers100m_195trainer_0hop_balanced_local_bs2048_800r,20260914_211623_ogbn-papers100M_FedAvg_bs2048_seed42_beta10000p0,ogbn-papers100M,FedAvg,2048,42,10000.0,336,validation,0.2555,3.3111,0.2555,3.3111,1008,0.13863229751586914,0.13863229751586914,0.529026985168457,0.6676592826843262,227.38626527786255,0.529026985168457,0.6676592826843262,227.38626527786255
nc_papers100m_195trainer_0hop_balanced_local_bs2048_800r,20260914_211623_ogbn-papers100M_FedAvg_bs2048_seed42_beta10000p0,ogbn-papers100M,FedAvg,2048,42,10000.0,337,validation,0.2556,3.3094,0.2556,3.3094,1011,0.13774490356445312,0.13774490356445312,0.5199143886566162,0.6576592922210693,228.04392457008362,0.5199143886566162,0.6576592922210693,228.04392457008362
nc_papers100m_195trainer_0hop_balanced_local_bs2048_800r,20260914_211623_ogbn-papers100M_FedAvg_bs2048_seed42_beta10000p0,ogbn-papers100M,FedAvg,2048,42,10000.0,338,validation,0.2558,3.3076,0.2558,3.3076,1014,0.1406238079071045,0.1406238079071045,0.5305805206298828,0.6712043285369873,228.7151288986206,0.5305805206298828,0.6712043285369873,228.7151288986206
nc_papers100m_195trainer_0hop_balanced_local_bs2048_800r,20260914_211623_ogbn-papers100M_FedAvg_bs2048_seed42_beta10000p0,ogbn-papers100M,FedAvg,2048,42,10000.0,339,validation,0.256,3.3059,0.256,3.3059,1017,0.13791489601135254,0.13791489601135254,0.5310978889465332,0.6690127849578857,229.3841416835785,0.5310978889465332,0.6690127849578857,229.3841416835785
nc_papers100m_195trainer_0hop_balanced_local_bs2048_800r,20260914_211623_ogbn-papers100M_FedAvg_bs2048_seed42_beta10000p0,ogbn-papers100M,FedAvg,2048,42,10000.0,340,validation,0.2562,3.3042,0.2562,3.3042,1020,0.13530468940734863,0.13530468940734863,0.5133793354034424,0.648684024810791,230.03282570838928,0.5133793354034424,0.648684024810791,230.03282570838928
nc_papers100m_195trainer_0hop_balanced_local_bs2048_800r,20260914_211623_ogbn-papers100M_FedAvg_bs2048_seed42_beta10000p0,ogbn-papers100M,FedAvg,2048,42,10000.0,341,validation,0.2563,3.3025,0.2563,3.3025,1023,0.13671040534973145,0.13671040534973145,0.530381441116333,0.6670918464660645,230.69991755485535,0.530381441116333,0.6670918464660645,230.69991755485535
nc_papers100m_195trainer_0hop_balanced_local_bs2048_800r,20260914_211623_ogbn-papers100M_FedAvg_bs2048_seed42_beta10000p0,ogbn-papers100M,FedAvg,2048,42,10000.0,342,validation,0.2566,3.3007,0.2566,3.3007,1026,0.13661718368530273,0.13661718368530273,0.5353667736053467,0.6719839572906494,231.371901512146,0.5353667736053467,0.6719839572906494,231.371901512146
nc_papers100m_195trainer_0hop_balanced_local_bs2048_800r,20260914_211623_ogbn-papers100M_FedAvg_bs2048_seed42_beta10000p0,ogbn-papers100M,FedAvg,2048,42,10000.0,343,validation,0.2567,3.2991,0.2567,3.2991,1029,0.1382613182067871,0.1382613182067871,0.5316555500030518,0.6699168682098389,232.04181838035583,0.5316555500030518,0.6699168682098389,232.04181838035583
nc_papers100m_195trainer_0hop_balanced_local_bs2048_800r,20260914_211623_ogbn-papers100M_FedAvg_bs2048_seed42_beta10000p0,ogbn-papers100M,FedAvg,2048,42,10000.0,344,validation,0.2569,3.2974,0.2569,3.2974,1032,0.13781285285949707,0.13781285285949707,0.5540182590484619,0.691831111907959,232.7336494922638,0.5540182590484619,0.691831111907959,232.7336494922638
nc_papers100m_195trainer_0hop_balanced_local_bs2048_800r,20260914_211623_ogbn-papers100M_FedAvg_bs2048_seed42_beta10000p0,ogbn-papers100M,FedAvg,2048,42,10000.0,345,validation,0.2569,3.2957,0.2569,3.2957,1035,0.13654422760009766,0.13654422760009766,0.5301055908203125,0.6666498184204102,233.4002993106842,0.5301055908203125,0.6666498184204102,233.4002993106842
nc_papers100m_195trainer_0hop_balanced_local_bs2048_800r,20260914_211623_ogbn-papers100M_FedAvg_bs2048_seed42_beta10000p0,ogbn-papers100M,FedAvg,2048,42,10000.0,346,validation,0.2571,3.2941,0.2571,3.2941,1038,0.13921380043029785,0.13921380043029785,0.5294032096862793,0.6686170101165771,234.06891632080078,0.5294032096862793,0.6686170101165771,234.06891632080078
nc_papers100m_195trainer_0hop_balanced_local_bs2048_800r,20260914_211623_ogbn-papers100M_FedAvg_bs2048_seed42_beta10000p0,ogbn-papers100M,FedAvg,2048,42,10000.0,347,validation,0.2574,3.2924,0.2574,3.2924,1041,0.1354694366455078,0.1354694366455078,0.518657922744751,0.6541273593902588,234.72304368019104,0.518657922744751,0.6541273593902588,234.72304368019104
nc_papers100m_195trainer_0hop_balanced_local_bs2048_800r,20260914_211623_ogbn-papers100M_FedAvg_bs2048_seed42_beta10000p0,ogbn-papers100M,FedAvg,2048,42,10000.0,348,validation,0.2575,3.2908,0.2575,3.2908,1044,0.13900327682495117,0.13900327682495117,0.5279607772827148,0.666964054107666,235.3900077342987,0.5279607772827148,0.666964054107666,235.3900077342987
nc_papers100m_195trainer_0hop_balanced_local_bs2048_800r,20260914_211623_ogbn-papers100M_FedAvg_bs2048_seed42_beta10000p0,ogbn-papers100M,FedAvg,2048,42,10000.0,349,validation,0.2577,3.289,0.2577,3.289,1047,0.13630342483520508,0.13630342483520508,0.5361673831939697,0.6724708080291748,236.06247854232788,0.5361673831939697,0.6724708080291748,236.06247854232788
nc_papers100m_195trainer_0hop_balanced_local_bs2048_800r,20260914_211623_ogbn-papers100M_FedAvg_bs2048_seed42_beta10000p0,ogbn-papers100M,FedAvg,2048,42,10000.0,350,validation,0.2579,3.2873,0.2579,3.2873,1050,0.13551735877990723,0.13551735877990723,0.5218241214752197,0.657341480255127,236.719820022583,0.5218241214752197,0.657341480255127,236.719820022583
nc_papers100m_195trainer_0hop_balanced_local_bs2048_800r,20260914_211623_ogbn-papers100M_FedAvg_bs2048_seed42_beta10000p0,ogbn-papers100M,FedAvg,2048,42,10000.0,351,validation,0.2581,3.2857,0.2581,3.2857,1053,0.1390976905822754,0.1390976905822754,0.5207943916320801,0.6598920822143555,237.37971210479736,0.5207943916320801,0.6598920822143555,237.37971210479736
nc_papers100m_195trainer_0hop_balanced_local_bs2048_800r,20260914_211623_ogbn-papers100M_FedAvg_bs2048_seed42_beta10000p0,ogbn-papers100M,FedAvg,2048,42,10000.0,352,validation,0.2583,3.2841,0.2583,3.2841,1056,0.13664031028747559,0.13664031028747559,0.5435543060302734,0.680194616317749,238.0599067211151,0.5435543060302734,0.680194616317749,238.0599067211151
nc_papers100m_195trainer_0hop_balanced_local_bs2048_800r,20260914_211623_ogbn-papers100M_FedAvg_bs2048_seed42_beta10000p0,ogbn-papers100M,FedAvg,2048,42,10000.0,353,validation,0.2585,3.2825,0.2585,3.2825,1059,0.13907980918884277,0.13907980918884277,0.529808521270752,0.6688883304595947,238.7287950515747,0.529808521270752,0.6688883304595947,238.7287950515747
nc_papers100m_195trainer_0hop_balanced_local_bs2048_800r,20260914_211623_ogbn-papers100M_FedAvg_bs2048_seed42_beta10000p0,ogbn-papers100M,FedAvg,2048,42,10000.0,354,validation,0.2587,3.2809,0.2587,3.2809,1062,0.13731646537780762,0.13731646537780762,0.5186588764190674,0.655975341796875,239.38477039337158,0.5186588764190674,0.655975341796875,239.38477039337158
nc_papers100m_195trainer_0hop_balanced_local_bs2048_800r,20260914_211623_ogbn-papers100M_FedAvg_bs2048_seed42_beta10000p0,ogbn-papers100M,FedAvg,2048,42,10000.0,355,validation,0.2588,3.2792,0.2588,3.2792,1065,0.14065957069396973,0.14065957069396973,0.529271125793457,0.6699306964874268,240.054701089859,0.529271125793457,0.6699306964874268,240.054701089859
nc_papers100m_195trainer_0hop_balanced_local_bs2048_800r,20260914_211623_ogbn-papers100M_FedAvg_bs2048_seed42_beta10000p0,ogbn-papers100M,FedAvg,2048,42,10000.0,356,validation,0.2591,3.2777,0.2591,3.2777,1068,0.13675594329833984,0.13675594329833984,0.5307385921478271,0.667494535446167,240.72219562530518,0.5307385921478271,0.667494535446167,240.72219562530518
nc_papers100m_195trainer_0hop_balanced_local_bs2048_800r,20260914_211623_ogbn-papers100M_FedAvg_bs2048_seed42_beta10000p0,ogbn-papers100M,FedAvg,2048,42,10000.0,357,validation,0.2592,3.276,0.2592,3.276,1071,0.13651371002197266,0.13651371002197266,0.5149857997894287,0.6514995098114014,241.37369513511658,0.5149857997894287,0.6514995098114014,241.37369513511658
nc_papers100m_195trainer_0hop_balanced_local_bs2048_800r,20260914_211623_ogbn-papers100M_FedAvg_bs2048_seed42_beta10000p0,ogbn-papers100M,FedAvg,2048,42,10000.0,358,validation,0.2594,3.2743,0.2594,3.2743,1074,0.13876748085021973,0.13876748085021973,0.5418100357055664,0.6805775165557861,242.05427265167236,0.5418100357055664,0.6805775165557861,242.05427265167236
nc_papers100m_195trainer_0hop_balanced_local_bs2048_800r,20260914_211623_ogbn-papers100M_FedAvg_bs2048_seed42_beta10000p0,ogbn-papers100M,FedAvg,2048,42,10000.0,359,validation,0.2596,3.2727,0.2596,3.2727,1077,0.13747644424438477,0.13747644424438477,0.5393478870391846,0.6768243312835693,242.73109698295593,0.5393478870391846,0.6768243312835693,242.73109698295593
nc_papers100m_195trainer_0hop_balanced_local_bs2048_800r,20260914_211623_ogbn-papers100M_FedAvg_bs2048_seed42_beta10000p0,ogbn-papers100M,FedAvg,2048,42,10000.0,360,validation,0.2596,3.271,0.2596,3.271,1080,0.13817119598388672,0.13817119598388672,0.5304763317108154,0.6686475276947021,243.39974451065063,0.5304763317108154,0.6686475276947021,243.39974451065063
nc_papers100m_195trainer_0hop_balanced_local_bs2048_800r,20260914_211623_ogbn-papers100M_FedAvg_bs2048_seed42_beta10000p0,ogbn-papers100M,FedAvg,2048,42,10000.0,361,validation,0.2597,3.2695,0.2597,3.2695,1083,0.13633465766906738,0.13633465766906738,0.5188345909118652,0.6551692485809326,244.05491375923157,0.5188345909118652,0.6551692485809326,244.05491375923157
nc_papers100m_195trainer_0hop_balanced_local_bs2048_800r,20260914_211623_ogbn-papers100M_FedAvg_bs2048_seed42_beta10000p0,ogbn-papers100M,FedAvg,2048,42,10000.0,362,validation,0.2601,3.2679,0.2601,3.2679,1086,0.14513516426086426,0.14513516426086426,0.5311715602874756,0.6763067245483398,244.7312204837799,0.5311715602874756,0.6763067245483398,244.7312204837799
nc_papers100m_195trainer_0hop_balanced_local_bs2048_800r,20260914_211623_ogbn-papers100M_FedAvg_bs2048_seed42_beta10000p0,ogbn-papers100M,FedAvg,2048,42,10000.0,363,validation,0.2602,3.2663,0.2602,3.2663,1089,0.1374056339263916,0.1374056339263916,0.5372200012207031,0.6746256351470947,245.405846118927,0.5372200012207031,0.6746256351470947,245.405846118927
nc_papers100m_195trainer_0hop_balanced_local_bs2048_800r,20260914_211623_ogbn-papers100M_FedAvg_bs2048_seed42_beta10000p0,ogbn-papers100M,FedAvg,2048,42,10000.0,364,validation,0.2603,3.2647,0.2603,3.2647,1092,0.13663792610168457,0.13663792610168457,0.5300118923187256,0.6666498184204102,246.0724959373474,0.5300118923187256,0.6666498184204102,246.0724959373474
nc_papers100m_195trainer_0hop_balanced_local_bs2048_800r,20260914_211623_ogbn-papers100M_FedAvg_bs2048_seed42_beta10000p0,ogbn-papers100M,FedAvg,2048,42,10000.0,365,validation,0.2604,3.2632,0.2604,3.2632,1095,0.14066576957702637,0.14066576957702637,0.5257134437561035,0.6663792133331299,246.73887515068054,0.5257134437561035,0.6663792133331299,246.73887515068054
nc_papers100m_195trainer_0hop_balanced_local_bs2048_800r,20260914_211623_ogbn-papers100M_FedAvg_bs2048_seed42_beta10000p0,ogbn-papers100M,FedAvg,2048,42,10000.0,366,validation,0.2605,3.2617,0.2605,3.2617,1098,0.13676786422729492,0.13676786422729492,0.5362491607666016,0.6730170249938965,247.41189217567444,0.5362491607666016,0.6730170249938965,247.41189217567444
nc_papers100m_195trainer_0hop_balanced_local_bs2048_800r,20260914_211623_ogbn-papers100M_FedAvg_bs2048_seed42_beta10000p0,ogbn-papers100M,FedAvg,2048,42,10000.0,367,validation,0.2607,3.2601,0.2607,3.2601,1101,0.13617229461669922,0.13617229461669922,0.5273909568786621,0.6635632514953613,248.0754554271698,0.5273909568786621,0.6635632514953613,248.0754554271698
nc_papers100m_195trainer_0hop_balanced_local_bs2048_800r,20260914_211623_ogbn-papers100M_FedAvg_bs2048_seed42_beta10000p0,ogbn-papers100M,FedAvg,2048,42,10000.0,368,validation,0.2608,3.2585,0.2608,3.2585,1104,0.1359541416168213,0.1359541416168213,0.5242068767547607,0.660161018371582,248.73561644554138,0.5242068767547607,0.660161018371582,248.73561644554138
nc_papers100m_195trainer_0hop_balanced_local_bs2048_800r,20260914_211623_ogbn-papers100M_FedAvg_bs2048_seed42_beta10000p0,ogbn-papers100M,FedAvg,2048,42,10000.0,369,validation,0.2611,3.2569,0.2611,3.2569,1107,0.13707470893859863,0.13707470893859863,0.5423855781555176,0.6794602870941162,249.4150767326355,0.5423855781555176,0.6794602870941162,249.4150767326355
nc_papers100m_195trainer_0hop_balanced_local_bs2048_800r,20260914_211623_ogbn-papers100M_FedAvg_bs2048_seed42_beta10000p0,ogbn-papers100M,FedAvg,2048,42,10000.0,370,validation,0.2612,3.2554,0.2612,3.2554,1110,0.1430649757385254,0.1430649757385254,0.5367248058319092,0.6797897815704346,250.09486651420593,0.5367248058319092,0.6797897815704346,250.09486651420593
nc_papers100m_195trainer_0hop_balanced_local_bs2048_800r,20260914_211623_ogbn-papers100M_FedAvg_bs2048_seed42_beta10000p0,ogbn-papers100M,FedAvg,2048,42,10000.0,371,validation,0.2615,3.2539,0.2615,3.2539,1113,0.13876771926879883,0.13876771926879883,0.5301432609558105,0.6689109802246094,250.76377749443054,0.5301432609558105,0.6689109802246094,250.76377749443054
nc_papers100m_195trainer_0hop_balanced_local_bs2048_800r,20260914_211623_ogbn-papers100M_FedAvg_bs2048_seed42_beta10000p0,ogbn-papers100M,FedAvg,2048,42,10000.0,372,validation,0.2615,3.2523,0.2615,3.2523,1116,0.14253449440002441,0.14253449440002441,0.547182559967041,0.6897170543670654,251.4534945487976,0.547182559967041,0.6897170543670654,251.4534945487976
nc_papers100m_195trainer_0hop_balanced_local_bs2048_800r,20260914_211623_ogbn-papers100M_FedAvg_bs2048_seed42_beta10000p0,ogbn-papers100M,FedAvg,2048,42,10000.0,373,validation,0.2618,3.2507,0.2618,3.2507,1119,0.1364288330078125,0.1364288330078125,0.540306806564331,0.6767356395721436,252.13023018836975,0.540306806564331,0.6767356395721436,252.13023018836975
nc_papers100m_195trainer_0hop_balanced_local_bs2048_800r,20260914_211623_ogbn-papers100M_FedAvg_bs2048_seed42_beta10000p0,ogbn-papers100M,FedAvg,2048,42,10000.0,374,validation,0.262,3.2493,0.262,3.2493,1122,0.13782119750976562,0.13782119750976562,0.5234959125518799,0.6613171100616455,252.7915472984314,0.5234959125518799,0.6613171100616455,252.7915472984314
nc_papers100m_195trainer_0hop_balanced_local_bs2048_800r,20260914_211623_ogbn-papers100M_FedAvg_bs2048_seed42_beta10000p0,ogbn-papers100M,FedAvg,2048,42,10000.0,375,validation,0.2622,3.2477,0.2622,3.2477,1125,0.14033961296081543,0.14033961296081543,0.5248019695281982,0.6651415824890137,253.4566888809204,0.5248019695281982,0.6651415824890137,253.4566888809204
nc_papers100m_195trainer_0hop_balanced_local_bs2048_800r,20260914_211623_ogbn-papers100M_FedAvg_bs2048_seed42_beta10000p0,ogbn-papers100M,FedAvg,2048,42,10000.0,376,validation,0.2624,3.2463,0.2624,3.2463,1128,0.13973617553710938,0.13973617553710938,0.5343928337097168,0.6741290092468262,254.13081789016724,0.5343928337097168,0.6741290092468262,254.13081789016724
nc_papers100m_195trainer_0hop_balanced_local_bs2048_800r,20260914_211623_ogbn-papers100M_FedAvg_bs2048_seed42_beta10000p0,ogbn-papers100M,FedAvg,2048,42,10000.0,377,validation,0.2626,3.2448,0.2626,3.2448,1131,0.13537931442260742,0.13537931442260742,0.5388851165771484,0.6742644309997559,254.805082321167,0.5388851165771484,0.6742644309997559,254.805082321167
nc_papers100m_195trainer_0hop_balanced_local_bs2048_800r,20260914_211623_ogbn-papers100M_FedAvg_bs2048_seed42_beta10000p0,ogbn-papers100M,FedAvg,2048,42,10000.0,378,validation,0.2627,3.2432,0.2627,3.2432,1134,0.1358015537261963,0.1358015537261963,0.5282812118530273,0.6640827655792236,255.46916508674622,0.5282812118530273,0.6640827655792236,255.46916508674622
nc_papers100m_195trainer_0hop_balanced_local_bs2048_800r,20260914_211623_ogbn-papers100M_FedAvg_bs2048_seed42_beta10000p0,ogbn-papers100M,FedAvg,2048,42,10000.0,379,validation,0.2628,3.2418,0.2628,3.2418,1137,0.1406254768371582,0.1406254768371582,0.5416712760925293,0.6822967529296875,256.1514618396759,0.5416712760925293,0.6822967529296875,256.1514618396759
nc_papers100m_195trainer_0hop_balanced_local_bs2048_800r,20260914_211623_ogbn-papers100M_FedAvg_bs2048_seed42_beta10000p0,ogbn-papers100M,FedAvg,2048,42,10000.0,380,validation,0.2631,3.2403,0.2631,3.2403,1140,0.13955020904541016,0.13955020904541016,0.5412008762359619,0.6807510852813721,256.8322129249573,0.5412008762359619,0.6807510852813721,256.8322129249573
nc_papers100m_195trainer_0hop_balanced_local_bs2048_800r,20260914_211623_ogbn-papers100M_FedAvg_bs2048_seed42_beta10000p0,ogbn-papers100M,FedAvg,2048,42,10000.0,381,validation,0.2633,3.2386,0.2633,3.2386,1143,0.1405029296875,0.1405029296875,0.5275540351867676,0.6680569648742676,257.50026988983154,0.5275540351867676,0.6680569648742676,257.50026988983154
nc_papers100m_195trainer_0hop_balanced_local_bs2048_800r,20260914_211623_ogbn-papers100M_FedAvg_bs2048_seed42_beta10000p0,ogbn-papers100M,FedAvg,2048,42,10000.0,382,validation,0.2635,3.2372,0.2635,3.2372,1146,0.13776493072509766,0.13776493072509766,0.5254919528961182,0.6632568836212158,258.16352677345276,0.5254919528961182,0.6632568836212158,258.16352677345276
nc_papers100m_195trainer_0hop_balanced_local_bs2048_800r,20260914_211623_ogbn-papers100M_FedAvg_bs2048_seed42_beta10000p0,ogbn-papers100M,FedAvg,2048,42,10000.0,383,validation,0.2638,3.2357,0.2638,3.2357,1149,0.1366889476776123,0.1366889476776123,0.5340914726257324,0.6707804203033447,258.8343071937561,0.5340914726257324,0.6707804203033447,258.8343071937561
nc_papers100m_195trainer_0hop_balanced_local_bs2048_800r,20260914_211623_ogbn-papers100M_FedAvg_bs2048_seed42_beta10000p0,ogbn-papers100M,FedAvg,2048,42,10000.0,384,validation,0.264,3.2343,0.264,3.2343,1152,0.13638854026794434,0.13638854026794434,0.5293674468994141,0.6657559871673584,259.50006318092346,0.5293674468994141,0.6657559871673584,259.50006318092346
nc_papers100m_195trainer_0hop_balanced_local_bs2048_800r,20260914_211623_ogbn-papers100M_FedAvg_bs2048_seed42_beta10000p0,ogbn-papers100M,FedAvg,2048,42,10000.0,385,validation,0.2641,3.2327,0.2641,3.2327,1155,0.13742589950561523,0.13742589950561523,0.5307807922363281,0.6682066917419434,260.1682698726654,0.5307807922363281,0.6682066917419434,260.1682698726654
nc_papers100m_195trainer_0hop_balanced_local_bs2048_800r,20260914_211623_ogbn-papers100M_FedAvg_bs2048_seed42_beta10000p0,ogbn-papers100M,FedAvg,2048,42,10000.0,386,validation,0.2644,3.2312,0.2644,3.2312,1158,0.13946223258972168,0.13946223258972168,0.5518689155578613,0.691331148147583,260.859601020813,0.5518689155578613,0.691331148147583,260.859601020813
nc_papers100m_195trainer_0hop_balanced_local_bs2048_800r,20260914_211623_ogbn-papers100M_FedAvg_bs2048_seed42_beta10000p0,ogbn-papers100M,FedAvg,2048,42,10000.0,387,validation,0.2643,3.2297,0.2643,3.2297,1161,0.13704943656921387,0.13704943656921387,0.529249906539917,0.6662993431091309,261.5259003639221,0.529249906539917,0.6662993431091309,261.5259003639221
nc_papers100m_195trainer_0hop_balanced_local_bs2048_800r,20260914_211623_ogbn-papers100M_FedAvg_bs2048_seed42_beta10000p0,ogbn-papers100M,FedAvg,2048,42,10000.0,388,validation,0.2645,3.2282,0.2645,3.2282,1164,0.1369321346282959,0.1369321346282959,0.5300407409667969,0.6669728755950928,262.1928732395172,0.5300407409667969,0.6669728755950928,262.1928732395172
nc_papers100m_195trainer_0hop_balanced_local_bs2048_800r,20260914_211623_ogbn-papers100M_FedAvg_bs2048_seed42_beta10000p0,ogbn-papers100M,FedAvg,2048,42,10000.0,389,validation,0.2646,3.2267,0.2646,3.2267,1167,0.13650131225585938,0.13650131225585938,0.5335302352905273,0.6700315475463867,262.8629047870636,0.5335302352905273,0.6700315475463867,262.8629047870636
nc_papers100m_195trainer_0hop_balanced_local_bs2048_800r,20260914_211623_ogbn-papers100M_FedAvg_bs2048_seed42_beta10000p0,ogbn-papers100M,FedAvg,2048,42,10000.0,390,validation,0.2648,3.2253,0.2648,3.2253,1170,0.13730382919311523,0.13730382919311523,0.5281760692596436,0.6654798984527588,263.52838468551636,0.5281760692596436,0.6654798984527588,263.52838468551636
nc_papers100m_195trainer_0hop_balanced_local_bs2048_800r,20260914_211623_ogbn-papers100M_FedAvg_bs2048_seed42_beta10000p0,ogbn-papers100M,FedAvg,2048,42,10000.0,391,validation,0.265,3.2239,0.265,3.2239,1173,0.13754749298095703,0.13754749298095703,0.5210874080657959,0.6586349010467529,264.1870195865631,0.5210874080657959,0.6586349010467529,264.1870195865631
nc_papers100m_195trainer_0hop_balanced_local_bs2048_800r,20260914_211623_ogbn-papers100M_FedAvg_bs2048_seed42_beta10000p0,ogbn-papers100M,FedAvg,2048,42,10000.0,392,validation,0.2651,3.2224,0.2651,3.2224,1176,0.1384594440460205,0.1384594440460205,0.5269012451171875,0.665360689163208,264.8523802757263,0.5269012451171875,0.665360689163208,264.8523802757263
nc_papers100m_195trainer_0hop_balanced_local_bs2048_800r,20260914_211623_ogbn-papers100M_FedAvg_bs2048_seed42_beta10000p0,ogbn-papers100M,FedAvg,2048,42,10000.0,393,validation,0.2652,3.221,0.2652,3.221,1179,0.13526129722595215,0.13526129722595215,0.5328032970428467,0.6680645942687988,265.5204448699951,0.5328032970428467,0.6680645942687988,265.5204448699951
nc_papers100m_195trainer_0hop_balanced_local_bs2048_800r,20260914_211623_ogbn-papers100M_FedAvg_bs2048_seed42_beta10000p0,ogbn-papers100M,FedAvg,2048,42,10000.0,394,validation,0.2653,3.2195,0.2653,3.2195,1182,0.13614130020141602,0.13614130020141602,0.5327191352844238,0.6688604354858398,266.18930530548096,0.5327191352844238,0.6688604354858398,266.18930530548096
nc_papers100m_195trainer_0hop_balanced_local_bs2048_800r,20260914_211623_ogbn-papers100M_FedAvg_bs2048_seed42_beta10000p0,ogbn-papers100M,FedAvg,2048,42,10000.0,395,validation,0.2655,3.2181,0.2655,3.2181,1185,0.1356954574584961,0.1356954574584961,0.5256052017211914,0.6613006591796875,266.85060596466064,0.5256052017211914,0.6613006591796875,266.85060596466064
nc_papers100m_195trainer_0hop_balanced_local_bs2048_800r,20260914_211623_ogbn-papers100M_FedAvg_bs2048_seed42_beta10000p0,ogbn-papers100M,FedAvg,2048,42,10000.0,396,validation,0.2657,3.2167,0.2657,3.2167,1188,0.13903284072875977,0.13903284072875977,0.5339486598968506,0.6729815006256104,267.52358746528625,0.5339486598968506,0.6729815006256104,267.52358746528625
nc_papers100m_195trainer_0hop_balanced_local_bs2048_800r,20260914_211623_ogbn-papers100M_FedAvg_bs2048_seed42_beta10000p0,ogbn-papers100M,FedAvg,2048,42,10000.0,397,validation,0.2661,3.2152,0.2661,3.2152,1191,0.1381092071533203,0.1381092071533203,0.5339970588684082,0.6721062660217285,268.195693731308,0.5339970588684082,0.6721062660217285,268.195693731308
nc_papers100m_195trainer_0hop_balanced_local_bs2048_800r,20260914_211623_ogbn-papers100M_FedAvg_bs2048_seed42_beta10000p0,ogbn-papers100M,FedAvg,2048,42,10000.0,398,validation,0.2661,3.2139,0.2661,3.2139,1194,0.13960742950439453,0.13960742950439453,0.5302913188934326,0.6698987483978271,268.8655924797058,0.5302913188934326,0.6698987483978271,268.8655924797058
nc_papers100m_195trainer_0hop_balanced_local_bs2048_800r,20260914_211623_ogbn-papers100M_FedAvg_bs2048_seed42_beta10000p0,ogbn-papers100M,FedAvg,2048,42,10000.0,399,validation,0.2662,3.2124,0.2662,3.2124,1197,0.13903284072875977,0.13903284072875977,0.5462172031402588,0.6852500438690186,269.55084252357483,0.5462172031402588,0.6852500438690186,269.55084252357483
nc_papers100m_195trainer_0hop_balanced_local_bs2048_800r,20260914_211623_ogbn-papers100M_FedAvg_bs2048_seed42_beta10000p0,ogbn-papers100M,FedAvg,2048,42,10000.0,400,validation,0.2664,3.2109,0.2664,3.2109,1200,0.13719940185546875,0.13719940185546875,0.559751033782959,0.6969504356384277,270.24779295921326,0.559751033782959,0.6969504356384277,270.24779295921326
nc_papers100m_195trainer_0hop_balanced_local_bs2048_800r,20260914_211623_ogbn-papers100M_FedAvg_bs2048_seed42_beta10000p0,ogbn-papers100M,FedAvg,2048,42,10000.0,401,validation,0.2665,3.2095,0.2665,3.2095,1203,0.1364881992340088,0.1364881992340088,0.5313849449157715,0.6678731441497803,270.91566610336304,0.5313849449157715,0.6678731441497803,270.91566610336304
nc_papers100m_195trainer_0hop_balanced_local_bs2048_800r,20260914_211623_ogbn-papers100M_FedAvg_bs2048_seed42_beta10000p0,ogbn-papers100M,FedAvg,2048,42,10000.0,402,validation,0.2668,3.2081,0.2668,3.2081,1206,0.1397724151611328,0.1397724151611328,0.5285968780517578,0.6683692932128906,271.5840353965759,0.5285968780517578,0.6683692932128906,271.5840353965759
nc_papers100m_195trainer_0hop_balanced_local_bs2048_800r,20260914_211623_ogbn-papers100M_FedAvg_bs2048_seed42_beta10000p0,ogbn-papers100M,FedAvg,2048,42,10000.0,403,validation,0.267,3.2068,0.267,3.2068,1209,0.1400134563446045,0.1400134563446045,0.5431838035583496,0.6831972599029541,272.2672326564789,0.5431838035583496,0.6831972599029541,272.2672326564789
nc_papers100m_195trainer_0hop_balanced_local_bs2048_800r,20260914_211623_ogbn-papers100M_FedAvg_bs2048_seed42_beta10000p0,ogbn-papers100M,FedAvg,2048,42,10000.0,404,validation,0.2673,3.2054,0.2673,3.2054,1212,0.1366887092590332,0.1366887092590332,0.5364944934844971,0.6731832027435303,272.9404158592224,0.5364944934844971,0.6731832027435303,272.9404158592224
nc_papers100m_195trainer_0hop_balanced_local_bs2048_800r,20260914_211623_ogbn-papers100M_FedAvg_bs2048_seed42_beta10000p0,ogbn-papers100M,FedAvg,2048,42,10000.0,405,validation,0.2676,3.204,0.2676,3.204,1215,0.13685822486877441,0.13685822486877441,0.5225374698638916,0.659395694732666,273.5998115539551,0.5225374698638916,0.659395694732666,273.5998115539551
nc_papers100m_195trainer_0hop_balanced_local_bs2048_800r,20260914_211623_ogbn-papers100M_FedAvg_bs2048_seed42_beta10000p0,ogbn-papers100M,FedAvg,2048,42,10000.0,406,validation,0.2678,3.2026,0.2678,3.2026,1218,0.13798856735229492,0.13798856735229492,0.5345203876495361,0.672508955001831,274.2723205089569,0.5345203876495361,0.672508955001831,274.2723205089569
nc_papers100m_195trainer_0hop_balanced_local_bs2048_800r,20260914_211623_ogbn-papers100M_FedAvg_bs2048_seed42_beta10000p0,ogbn-papers100M,FedAvg,2048,42,10000.0,407,validation,0.268,3.2012,0.268,3.2012,1221,0.13655328750610352,0.13655328750610352,0.5302977561950684,0.6668510437011719,274.9391715526581,0.5302977561950684,0.6668510437011719,274.9391715526581
nc_papers100m_195trainer_0hop_balanced_local_bs2048_800r,20260914_211623_ogbn-papers100M_FedAvg_bs2048_seed42_beta10000p0,ogbn-papers100M,FedAvg,2048,42,10000.0,408,validation,0.2681,3.1998,0.2681,3.1998,1224,0.1388397216796875,0.1388397216796875,0.5195276737213135,0.658367395401001,275.5975389480591,0.5195276737213135,0.658367395401001,275.5975389480591
nc_papers100m_195trainer_0hop_balanced_local_bs2048_800r,20260914_211623_ogbn-papers100M_FedAvg_bs2048_seed42_beta10000p0,ogbn-papers100M,FedAvg,2048,42,10000.0,409,validation,0.2684,3.1984,0.2684,3.1984,1227,0.14398670196533203,0.14398670196533203,0.531705379486084,0.675692081451416,276.2732310295105,0.531705379486084,0.675692081451416,276.2732310295105
nc_papers100m_195trainer_0hop_balanced_local_bs2048_800r,20260914_211623_ogbn-papers100M_FedAvg_bs2048_seed42_beta10000p0,ogbn-papers100M,FedAvg,2048,42,10000.0,410,validation,0.2685,3.197,0.2685,3.197,1230,0.1378040313720703,0.1378040313720703,0.5398404598236084,0.6776444911956787,276.9508755207062,0.5398404598236084,0.6776444911956787,276.9508755207062
nc_papers100m_195trainer_0hop_balanced_local_bs2048_800r,20260914_211623_ogbn-papers100M_FedAvg_bs2048_seed42_beta10000p0,ogbn-papers100M,FedAvg,2048,42,10000.0,411,validation,0.2688,3.1957,0.2688,3.1957,1233,0.13722944259643555,0.13722944259643555,0.5347042083740234,0.671933650970459,277.62280917167664,0.5347042083740234,0.671933650970459,277.62280917167664
nc_papers100m_195trainer_0hop_balanced_local_bs2048_800r,20260914_211623_ogbn-papers100M_FedAvg_bs2048_seed42_beta10000p0,ogbn-papers100M,FedAvg,2048,42,10000.0,412,validation,0.2688,3.1944,0.2688,3.1944,1236,0.1392672061920166,0.1392672061920166,0.5152199268341064,0.654487133026123,278.27729630470276,0.5152199268341064,0.654487133026123,278.27729630470276
nc_papers100m_195trainer_0hop_balanced_local_bs2048_800r,20260914_211623_ogbn-papers100M_FedAvg_bs2048_seed42_beta10000p0,ogbn-papers100M,FedAvg,2048,42,10000.0,413,validation,0.2689,3.1929,0.2689,3.1929,1239,0.1404566764831543,0.1404566764831543,0.5550446510314941,0.6955013275146484,278.9727976322174,0.5550446510314941,0.6955013275146484,278.9727976322174
nc_papers100m_195trainer_0hop_balanced_local_bs2048_800r,20260914_211623_ogbn-papers100M_FedAvg_bs2048_seed42_beta10000p0,ogbn-papers100M,FedAvg,2048,42,10000.0,414,validation,0.2691,3.1918,0.2691,3.1918,1242,0.1391432285308838,0.1391432285308838,0.5321774482727051,0.6713206768035889,279.644118309021,0.5321774482727051,0.6713206768035889,279.644118309021
nc_papers100m_195trainer_0hop_balanced_local_bs2048_800r,20260914_211623_ogbn-papers100M_FedAvg_bs2048_seed42_beta10000p0,ogbn-papers100M,FedAvg,2048,42,10000.0,415,validation,0.2692,3.1905,0.2692,3.1905,1245,0.13579154014587402,0.13579154014587402,0.528843879699707,0.664635419845581,280.3087537288666,0.528843879699707,0.664635419845581,280.3087537288666
nc_papers100m_195trainer_0hop_balanced_local_bs2048_800r,20260914_211623_ogbn-papers100M_FedAvg_bs2048_seed42_beta10000p0,ogbn-papers100M,FedAvg,2048,42,10000.0,416,validation,0.2695,3.1891,0.2695,3.1891,1248,0.14121150970458984,0.14121150970458984,0.52423095703125,0.6654424667358398,280.9741961956024,0.52423095703125,0.6654424667358398,280.9741961956024
nc_papers100m_195trainer_0hop_balanced_local_bs2048_800r,20260914_211623_ogbn-papers100M_FedAvg_bs2048_seed42_beta10000p0,ogbn-papers100M,FedAvg,2048,42,10000.0,417,validation,0.2696,3.1878,0.2696,3.1878,1251,0.13842177391052246,0.13842177391052246,0.537095308303833,0.6755170822143555,281.6497132778168,0.537095308303833,0.6755170822143555,281.6497132778168
nc_papers100m_195trainer_0hop_balanced_local_bs2048_800r,20260914_211623_ogbn-papers100M_FedAvg_bs2048_seed42_beta10000p0,ogbn-papers100M,FedAvg,2048,42,10000.0,418,validation,0.2697,3.1864,0.2697,3.1864,1254,0.13763952255249023,0.13763952255249023,0.5264308452606201,0.6640703678131104,282.3137836456299,0.5264308452606201,0.6640703678131104,282.3137836456299
nc_papers100m_195trainer_0hop_balanced_local_bs2048_800r,20260914_211623_ogbn-papers100M_FedAvg_bs2048_seed42_beta10000p0,ogbn-papers100M,FedAvg,2048,42,10000.0,419,validation,0.2701,3.185,0.2701,3.185,1257,0.1392960548400879,0.1392960548400879,0.5300700664520264,0.6693661212921143,282.983149766922,0.5300700664520264,0.6693661212921143,282.983149766922
nc_papers100m_195trainer_0hop_balanced_local_bs2048_800r,20260914_211623_ogbn-papers100M_FedAvg_bs2048_seed42_beta10000p0,ogbn-papers100M,FedAvg,2048,42,10000.0,420,validation,0.2702,3.1836,0.2702,3.1836,1260,0.13562440872192383,0.13562440872192383,0.5382144451141357,0.6738388538360596,283.65698862075806,0.5382144451141357,0.6738388538360596,283.65698862075806
nc_papers100m_195trainer_0hop_balanced_local_bs2048_800r,20260914_211623_ogbn-papers100M_FedAvg_bs2048_seed42_beta10000p0,ogbn-papers100M,FedAvg,2048,42,10000.0,421,validation,0.2704,3.1822,0.2704,3.1822,1263,0.13619661331176758,0.13619661331176758,0.5465517044067383,0.6827483177185059,284.33973693847656,0.5465517044067383,0.6827483177185059,284.33973693847656
nc_papers100m_195trainer_0hop_balanced_local_bs2048_800r,20260914_211623_ogbn-papers100M_FedAvg_bs2048_seed42_beta10000p0,ogbn-papers100M,FedAvg,2048,42,10000.0,422,validation,0.2704,3.1809,0.2704,3.1809,1266,0.13530182838439941,0.13530182838439941,0.5298466682434082,0.6651484966278076,285.00488543510437,0.5298466682434082,0.6651484966278076,285.00488543510437
nc_papers100m_195trainer_0hop_balanced_local_bs2048_800r,20260914_211623_ogbn-papers100M_FedAvg_bs2048_seed42_beta10000p0,ogbn-papers100M,FedAvg,2048,42,10000.0,423,validation,0.2707,3.1798,0.2707,3.1798,1269,0.1433122158050537,0.1433122158050537,0.5318617820739746,0.6751739978790283,285.6800594329834,0.5318617820739746,0.6751739978790283,285.6800594329834
nc_papers100m_195trainer_0hop_balanced_local_bs2048_800r,20260914_211623_ogbn-papers100M_FedAvg_bs2048_seed42_beta10000p0,ogbn-papers100M,FedAvg,2048,42,10000.0,424,validation,0.2709,3.1785,0.2709,3.1785,1272,0.1365218162536621,0.1365218162536621,0.5305500030517578,0.6670718193054199,286.3471312522888,0.5305500030517578,0.6670718193054199,286.3471312522888
nc_papers100m_195trainer_0hop_balanced_local_bs2048_800r,20260914_211623_ogbn-papers100M_FedAvg_bs2048_seed42_beta10000p0,ogbn-papers100M,FedAvg,2048,42,10000.0,425,validation,0.2709,3.1771,0.2709,3.1771,1275,0.1388711929321289,0.1388711929321289,0.5272121429443359,0.6660833358764648,287.0132145881653,0.5272121429443359,0.6660833358764648,287.0132145881653
nc_papers100m_195trainer_0hop_balanced_local_bs2048_800r,20260914_211623_ogbn-papers100M_FedAvg_bs2048_seed42_beta10000p0,ogbn-papers100M,FedAvg,2048,42,10000.0,426,validation,0.2711,3.1757,0.2711,3.1757,1278,0.14202189445495605,0.14202189445495605,0.5277278423309326,0.6697497367858887,287.6829643249512,0.5277278423309326,0.6697497367858887,287.6829643249512
nc_papers100m_195trainer_0hop_balanced_local_bs2048_800r,20260914_211623_ogbn-papers100M_FedAvg_bs2048_seed42_beta10000p0,ogbn-papers100M,FedAvg,2048,42,10000.0,427,validation,0.2712,3.1744,0.2712,3.1744,1281,0.13873744010925293,0.13873744010925293,0.5620114803314209,0.7007489204406738,288.38371324539185,0.5620114803314209,0.7007489204406738,288.38371324539185
nc_papers100m_195trainer_0hop_balanced_local_bs2048_800r,20260914_211623_ogbn-papers100M_FedAvg_bs2048_seed42_beta10000p0,ogbn-papers100M,FedAvg,2048,42,10000.0,428,validation,0.2715,3.1732,0.2715,3.1732,1284,0.13743257522583008,0.13743257522583008,0.5414814949035645,0.6789140701293945,289.06262731552124,0.5414814949035645,0.6789140701293945,289.06262731552124
nc_papers100m_195trainer_0hop_balanced_local_bs2048_800r,20260914_211623_ogbn-papers100M_FedAvg_bs2048_seed42_beta10000p0,ogbn-papers100M,FedAvg,2048,42,10000.0,429,validation,0.2715,3.1717,0.2715,3.1717,1287,0.13773655891418457,0.13773655891418457,0.5242438316345215,0.661980390548706,289.72460770606995,0.5242438316345215,0.661980390548706,289.72460770606995
nc_papers100m_195trainer_0hop_balanced_local_bs2048_800r,20260914_211623_ogbn-papers100M_FedAvg_bs2048_seed42_beta10000p0,ogbn-papers100M,FedAvg,2048,42,10000.0,430,validation,0.2717,3.1704,0.2717,3.1704,1290,0.14127445220947266,0.14127445220947266,0.53714919090271,0.6784236431121826,290.40303134918213,0.53714919090271,0.6784236431121826,290.40303134918213
nc_papers100m_195trainer_0hop_balanced_local_bs2048_800r,20260914_211623_ogbn-papers100M_FedAvg_bs2048_seed42_beta10000p0,ogbn-papers100M,FedAvg,2048,42,10000.0,431,validation,0.2721,3.1691,0.2721,3.1691,1293,0.1398615837097168,0.1398615837097168,0.5372865200042725,0.6771481037139893,291.0801794528961,0.5372865200042725,0.6771481037139893,291.0801794528961
nc_papers100m_195trainer_0hop_balanced_local_bs2048_800r,20260914_211623_ogbn-papers100M_FedAvg_bs2048_seed42_beta10000p0,ogbn-papers100M,FedAvg,2048,42,10000.0,432,validation,0.2723,3.1678,0.2723,3.1678,1296,0.13501667976379395,0.13501667976379395,0.522620439529419,0.6576371192932129,291.73781657218933,0.522620439529419,0.6576371192932129,291.73781657218933
nc_papers100m_195trainer_0hop_balanced_local_bs2048_800r,20260914_211623_ogbn-papers100M_FedAvg_bs2048_seed42_beta10000p0,ogbn-papers100M,FedAvg,2048,42,10000.0,433,validation,0.2725,3.1667,0.2725,3.1667,1299,0.14055705070495605,0.14055705070495605,0.5317573547363281,0.6723144054412842,292.4101309776306,0.5317573547363281,0.6723144054412842,292.4101309776306
nc_papers100m_195trainer_0hop_balanced_local_bs2048_800r,20260914_211623_ogbn-papers100M_FedAvg_bs2048_seed42_beta10000p0,ogbn-papers100M,FedAvg,2048,42,10000.0,434,validation,0.2726,3.1655,0.2726,3.1655,1302,0.13976025581359863,0.13976025581359863,0.5426099300384521,0.6823701858520508,293.09250116348267,0.5426099300384521,0.6823701858520508,293.09250116348267
nc_papers100m_195trainer_0hop_balanced_local_bs2048_800r,20260914_211623_ogbn-papers100M_FedAvg_bs2048_seed42_beta10000p0,ogbn-papers100M,FedAvg,2048,42,10000.0,435,validation,0.2727,3.1643,0.2727,3.1643,1305,0.14061355590820312,0.14061355590820312,0.5374157428741455,0.6780292987823486,293.770530462265,0.5374157428741455,0.6780292987823486,293.770530462265
nc_papers100m_195trainer_0hop_balanced_local_bs2048_800r,20260914_211623_ogbn-papers100M_FedAvg_bs2048_seed42_beta10000p0,ogbn-papers100M,FedAvg,2048,42,10000.0,436,validation,0.2728,3.163,0.2728,3.163,1308,0.14003491401672363,0.14003491401672363,0.5289535522460938,0.6689884662628174,294.43951892852783,0.5289535522460938,0.6689884662628174,294.43951892852783
nc_papers100m_195trainer_0hop_balanced_local_bs2048_800r,20260914_211623_ogbn-papers100M_FedAvg_bs2048_seed42_beta10000p0,ogbn-papers100M,FedAvg,2048,42,10000.0,437,validation,0.2729,3.1617,0.2729,3.1617,1311,0.1375870704650879,0.1375870704650879,0.5373592376708984,0.6749463081359863,295.1144652366638,0.5373592376708984,0.6749463081359863,295.1144652366638
nc_papers100m_195trainer_0hop_balanced_local_bs2048_800r,20260914_211623_ogbn-papers100M_FedAvg_bs2048_seed42_beta10000p0,ogbn-papers100M,FedAvg,2048,42,10000.0,438,validation,0.273,3.1604,0.273,3.1604,1314,0.13701558113098145,0.13701558113098145,0.5381028652191162,0.6751184463500977,295.7895836830139,0.5381028652191162,0.6751184463500977,295.7895836830139
nc_papers100m_195trainer_0hop_balanced_local_bs2048_800r,20260914_211623_ogbn-papers100M_FedAvg_bs2048_seed42_beta10000p0,ogbn-papers100M,FedAvg,2048,42,10000.0,439,validation,0.2733,3.1592,0.2733,3.1592,1317,0.13685846328735352,0.13685846328735352,0.5125181674957275,0.649376630783081,296.438960313797,0.5125181674957275,0.649376630783081,296.438960313797
nc_papers100m_195trainer_0hop_balanced_local_bs2048_800r,20260914_211623_ogbn-papers100M_FedAvg_bs2048_seed42_beta10000p0,ogbn-papers100M,FedAvg,2048,42,10000.0,440,validation,0.2734,3.1579,0.2734,3.1579,1320,0.13947749137878418,0.13947749137878418,0.53116774559021,0.6706452369689941,297.109605550766,0.53116774559021,0.6706452369689941,297.109605550766
nc_papers100m_195trainer_0hop_balanced_local_bs2048_800r,20260914_211623_ogbn-papers100M_FedAvg_bs2048_seed42_beta10000p0,ogbn-papers100M,FedAvg,2048,42,10000.0,441,validation,0.2736,3.1566,0.2736,3.1566,1323,0.13933372497558594,0.13933372497558594,0.5552952289581299,0.6946289539337158,297.8042345046997,0.5552952289581299,0.6946289539337158,297.8042345046997
nc_papers100m_195trainer_0hop_balanced_local_bs2048_800r,20260914_211623_ogbn-papers100M_FedAvg_bs2048_seed42_beta10000p0,ogbn-papers100M,FedAvg,2048,42,10000.0,442,validation,0.2737,3.1553,0.2737,3.1553,1326,0.13721871376037598,0.13721871376037598,0.5293803215026855,0.6665990352630615,298.47083353996277,0.5293803215026855,0.6665990352630615,298.47083353996277
nc_papers100m_195trainer_0hop_balanced_local_bs2048_800r,20260914_211623_ogbn-papers100M_FedAvg_bs2048_seed42_beta10000p0,ogbn-papers100M,FedAvg,2048,42,10000.0,443,validation,0.2738,3.1541,0.2738,3.1541,1329,0.1358203887939453,0.1358203887939453,0.5225811004638672,0.6584014892578125,299.1292350292206,0.5225811004638672,0.6584014892578125,299.1292350292206
nc_papers100m_195trainer_0hop_balanced_local_bs2048_800r,20260914_211623_ogbn-papers100M_FedAvg_bs2048_seed42_beta10000p0,ogbn-papers100M,FedAvg,2048,42,10000.0,444,validation,0.274,3.1527,0.274,3.1527,1332,0.13634300231933594,0.13634300231933594,0.5311005115509033,0.6674435138702393,299.7966785430908,0.5311005115509033,0.6674435138702393,299.7966785430908
nc_papers100m_195trainer_0hop_balanced_local_bs2048_800r,20260914_211623_ogbn-papers100M_FedAvg_bs2048_seed42_beta10000p0,ogbn-papers100M,FedAvg,2048,42,10000.0,445,validation,0.2742,3.1516,0.2742,3.1516,1335,0.13640356063842773,0.13640356063842773,0.5337197780609131,0.6701233386993408,300.46680188179016,0.5337197780609131,0.6701233386993408,300.46680188179016
nc_papers100m_195trainer_0hop_balanced_local_bs2048_800r,20260914_211623_ogbn-papers100M_FedAvg_bs2048_seed42_beta10000p0,ogbn-papers100M,FedAvg,2048,42,10000.0,446,validation,0.2743,3.1504,0.2743,3.1504,1338,0.14042234420776367,0.14042234420776367,0.5308475494384766,0.6712698936462402,301.1380717754364,0.5308475494384766,0.6712698936462402,301.1380717754364
nc_papers100m_195trainer_0hop_balanced_local_bs2048_800r,20260914_211623_ogbn-papers100M_FedAvg_bs2048_seed42_beta10000p0,ogbn-papers100M,FedAvg,2048,42,10000.0,447,validation,0.2746,3.1492,0.2746,3.1492,1341,0.13660955429077148,0.13660955429077148,0.5378642082214355,0.674473762512207,301.8125455379486,0.5378642082214355,0.674473762512207,301.8125455379486
nc_papers100m_195trainer_0hop_balanced_local_bs2048_800r,20260914_211623_ogbn-papers100M_FedAvg_bs2048_seed42_beta10000p0,ogbn-papers100M,FedAvg,2048,42,10000.0,448,validation,0.2745,3.1479,0.2745,3.1479,1344,0.1394975185394287,0.1394975185394287,0.5320174694061279,0.6715149879455566,302.48406052589417,0.5320174694061279,0.6715149879455566,302.48406052589417
nc_papers100m_195trainer_0hop_balanced_local_bs2048_800r,20260914_211623_ogbn-papers100M_FedAvg_bs2048_seed42_beta10000p0,ogbn-papers100M,FedAvg,2048,42,10000.0,449,validation,0.2747,3.1467,0.2747,3.1467,1347,0.1368865966796875,0.1368865966796875,0.5301856994628906,0.6670722961425781,303.15113282203674,0.5301856994628906,0.6670722961425781,303.15113282203674
nc_papers100m_195trainer_0hop_balanced_local_bs2048_800r,20260914_211623_ogbn-papers100M_FedAvg_bs2048_seed42_beta10000p0,ogbn-papers100M,FedAvg,2048,42,10000.0,450,validation,0.2749,3.1455,0.2749,3.1455,1350,0.13834095001220703,0.13834095001220703,0.5342562198638916,0.6725971698760986,303.82372999191284,0.5342562198638916,0.6725971698760986,303.82372999191284
nc_papers100m_195trainer_0hop_balanced_local_bs2048_800r,20260914_211623_ogbn-papers100M_FedAvg_bs2048_seed42_beta10000p0,ogbn-papers100M,FedAvg,2048,42,10000.0,451,validation,0.275,3.1443,0.275,3.1443,1353,0.13802242279052734,0.13802242279052734,0.5396909713745117,0.6777133941650391,304.5014433860779,0.5396909713745117,0.6777133941650391,304.5014433860779
nc_papers100m_195trainer_0hop_balanced_local_bs2048_800r,20260914_211623_ogbn-papers100M_FedAvg_bs2048_seed42_beta10000p0,ogbn-papers100M,FedAvg,2048,42,10000.0,452,validation,0.2752,3.1431,0.2752,3.1431,1356,0.1361994743347168,0.1361994743347168,0.5266027450561523,0.6628022193908691,305.16424560546875,0.5266027450561523,0.6628022193908691,305.16424560546875
nc_papers100m_195trainer_0hop_balanced_local_bs2048_800r,20260914_211623_ogbn-papers100M_FedAvg_bs2048_seed42_beta10000p0,ogbn-papers100M,FedAvg,2048,42,10000.0,453,validation,0.2753,3.1419,0.2753,3.1419,1359,0.13701748847961426,0.13701748847961426,0.5238082408905029,0.6608257293701172,305.82507133483887,0.5238082408905029,0.6608257293701172,305.82507133483887
nc_papers100m_195trainer_0hop_balanced_local_bs2048_800r,20260914_211623_ogbn-papers100M_FedAvg_bs2048_seed42_beta10000p0,ogbn-papers100M,FedAvg,2048,42,10000.0,454,validation,0.2756,3.1406,0.2756,3.1406,1362,0.13598227500915527,0.13598227500915527,0.5346558094024658,0.6706380844116211,306.4957094192505,0.5346558094024658,0.6706380844116211,306.4957094192505
nc_papers100m_195trainer_0hop_balanced_local_bs2048_800r,20260914_211623_ogbn-papers100M_FedAvg_bs2048_seed42_beta10000p0,ogbn-papers100M,FedAvg,2048,42,10000.0,455,validation,0.2758,3.1394,0.2758,3.1394,1365,0.1366286277770996,0.1366286277770996,0.5632972717285156,0.6999258995056152,307.1956353187561,0.5632972717285156,0.6999258995056152,307.1956353187561
nc_papers100m_195trainer_0hop_balanced_local_bs2048_800r,20260914_211623_ogbn-papers100M_FedAvg_bs2048_seed42_beta10000p0,ogbn-papers100M,FedAvg,2048,42,10000.0,456,validation,0.2759,3.1382,0.2759,3.1382,1368,0.13796710968017578,0.13796710968017578,0.5290164947509766,0.6669836044311523,307.86261892318726,0.5290164947509766,0.6669836044311523,307.86261892318726
nc_papers100m_195trainer_0hop_balanced_local_bs2048_800r,20260914_211623_ogbn-papers100M_FedAvg_bs2048_seed42_beta10000p0,ogbn-papers100M,FedAvg,2048,42,10000.0,457,validation,0.2761,3.1371,0.2761,3.1371,1371,0.13775014877319336,0.13775014877319336,0.5335733890533447,0.6713235378265381,308.5339424610138,0.5335733890533447,0.6713235378265381,308.5339424610138
nc_papers100m_195trainer_0hop_balanced_local_bs2048_800r,20260914_211623_ogbn-papers100M_FedAvg_bs2048_seed42_beta10000p0,ogbn-papers100M,FedAvg,2048,42,10000.0,458,validation,0.2763,3.1359,0.2763,3.1359,1374,0.13555431365966797,0.13555431365966797,0.5282485485076904,0.6638028621673584,309.19774532318115,0.5282485485076904,0.6638028621673584,309.19774532318115
nc_papers100m_195trainer_0hop_balanced_local_bs2048_800r,20260914_211623_ogbn-papers100M_FedAvg_bs2048_seed42_beta10000p0,ogbn-papers100M,FedAvg,2048,42,10000.0,459,validation,0.2764,3.1346,0.2764,3.1346,1377,0.13567256927490234,0.13567256927490234,0.5240688323974609,0.6597414016723633,309.8574867248535,0.5240688323974609,0.6597414016723633,309.8574867248535
nc_papers100m_195trainer_0hop_balanced_local_bs2048_800r,20260914_211623_ogbn-papers100M_FedAvg_bs2048_seed42_beta10000p0,ogbn-papers100M,FedAvg,2048,42,10000.0,460,validation,0.2767,3.1335,0.2767,3.1335,1380,0.13843965530395508,0.13843965530395508,0.5265762805938721,0.6650159358978271,310.52250266075134,0.5265762805938721,0.6650159358978271,310.52250266075134
nc_papers100m_195trainer_0hop_balanced_local_bs2048_800r,20260914_211623_ogbn-papers100M_FedAvg_bs2048_seed42_beta10000p0,ogbn-papers100M,FedAvg,2048,42,10000.0,461,validation,0.2769,3.1323,0.2769,3.1323,1383,0.13750171661376953,0.13750171661376953,0.5247585773468018,0.6622602939605713,311.1847629547119,0.5247585773468018,0.6622602939605713,311.1847629547119
nc_papers100m_195trainer_0hop_balanced_local_bs2048_800r,20260914_211623_ogbn-papers100M_FedAvg_bs2048_seed42_beta10000p0,ogbn-papers100M,FedAvg,2048,42,10000.0,462,validation,0.277,3.131,0.277,3.131,1386,0.13876795768737793,0.13876795768737793,0.5232892036437988,0.6620571613311768,311.8468201160431,0.5232892036437988,0.6620571613311768,311.8468201160431
nc_papers100m_195trainer_0hop_balanced_local_bs2048_800r,20260914_211623_ogbn-papers100M_FedAvg_bs2048_seed42_beta10000p0,ogbn-papers100M,FedAvg,2048,42,10000.0,463,validation,0.2771,3.1299,0.2771,3.1299,1389,0.13550186157226562,0.13550186157226562,0.5257112979888916,0.6612131595611572,312.50803327560425,0.5257112979888916,0.6612131595611572,312.50803327560425
nc_papers100m_195trainer_0hop_balanced_local_bs2048_800r,20260914_211623_ogbn-papers100M_FedAvg_bs2048_seed42_beta10000p0,ogbn-papers100M,FedAvg,2048,42,10000.0,464,validation,0.2773,3.1288,0.2773,3.1288,1392,0.13681817054748535,0.13681817054748535,0.540306568145752,0.6771247386932373,313.1851580142975,0.540306568145752,0.6771247386932373,313.1851580142975
nc_papers100m_195trainer_0hop_balanced_local_bs2048_800r,20260914_211623_ogbn-papers100M_FedAvg_bs2048_seed42_beta10000p0,ogbn-papers100M,FedAvg,2048,42,10000.0,465,validation,0.2775,3.1275,0.2775,3.1275,1395,0.1354823112487793,0.1354823112487793,0.5202939510345459,0.6557762622833252,313.8409342765808,0.5202939510345459,0.6557762622833252,313.8409342765808
nc_papers100m_195trainer_0hop_balanced_local_bs2048_800r,20260914_211623_ogbn-papers100M_FedAvg_bs2048_seed42_beta10000p0,ogbn-papers100M,FedAvg,2048,42,10000.0,466,validation,0.2778,3.1264,0.2778,3.1264,1398,0.13577556610107422,0.13577556610107422,0.5179352760314941,0.6537108421325684,314.4946451187134,0.5179352760314941,0.6537108421325684,314.4946451187134
nc_papers100m_195trainer_0hop_balanced_local_bs2048_800r,20260914_211623_ogbn-papers100M_FedAvg_bs2048_seed42_beta10000p0,ogbn-papers100M,FedAvg,2048,42,10000.0,467,validation,0.2779,3.1252,0.2779,3.1252,1401,0.13708114624023438,0.13708114624023438,0.5340218544006348,0.6711030006408691,315.16574811935425,0.5340218544006348,0.6711030006408691,315.16574811935425
nc_papers100m_195trainer_0hop_balanced_local_bs2048_800r,20260914_211623_ogbn-papers100M_FedAvg_bs2048_seed42_beta10000p0,ogbn-papers100M,FedAvg,2048,42,10000.0,468,validation,0.2779,3.124,0.2779,3.124,1404,0.1416163444519043,0.1416163444519043,0.5225493907928467,0.664165735244751,315.829913854599,0.5225493907928467,0.664165735244751,315.829913854599
nc_papers100m_195trainer_0hop_balanced_local_bs2048_800r,20260914_211623_ogbn-papers100M_FedAvg_bs2048_seed42_beta10000p0,ogbn-papers100M,FedAvg,2048,42,10000.0,469,validation,0.2781,3.1229,0.2781,3.1229,1407,0.14080238342285156,0.14080238342285156,0.5510516166687012,0.6918540000915527,316.52176785469055,0.5510516166687012,0.6918540000915527,316.52176785469055
nc_papers100m_195trainer_0hop_balanced_local_bs2048_800r,20260914_211623_ogbn-papers100M_FedAvg_bs2048_seed42_beta10000p0,ogbn-papers100M,FedAvg,2048,42,10000.0,470,validation,0.2783,3.1216,0.2783,3.1216,1410,0.1429128646850586,0.1429128646850586,0.5253643989562988,0.6682772636413574,317.1900451183319,0.5253643989562988,0.6682772636413574,317.1900451183319
nc_papers100m_195trainer_0hop_balanced_local_bs2048_800r,20260914_211623_ogbn-papers100M_FedAvg_bs2048_seed42_beta10000p0,ogbn-papers100M,FedAvg,2048,42,10000.0,471,validation,0.2783,3.1206,0.2783,3.1206,1413,0.136305570602417,0.136305570602417,0.5415165424346924,0.6778221130371094,317.867867231369,0.5415165424346924,0.6778221130371094,317.867867231369
nc_papers100m_195trainer_0hop_balanced_local_bs2048_800r,20260914_211623_ogbn-papers100M_FedAvg_bs2048_seed42_beta10000p0,ogbn-papers100M,FedAvg,2048,42,10000.0,472,validation,0.2785,3.1195,0.2785,3.1195,1416,0.13587164878845215,0.13587164878845215,0.5209720134735107,0.6568436622619629,318.524710893631,0.5209720134735107,0.6568436622619629,318.524710893631
nc_papers100m_195trainer_0hop_balanced_local_bs2048_800r,20260914_211623_ogbn-papers100M_FedAvg_bs2048_seed42_beta10000p0,ogbn-papers100M,FedAvg,2048,42,10000.0,473,validation,0.2787,3.1183,0.2787,3.1183,1419,0.13863158226013184,0.13863158226013184,0.5114963054656982,0.6501278877258301,319.1748387813568,0.5114963054656982,0.6501278877258301,319.1748387813568
nc_papers100m_195trainer_0hop_balanced_local_bs2048_800r,20260914_211623_ogbn-papers100M_FedAvg_bs2048_seed42_beta10000p0,ogbn-papers100M,FedAvg,2048,42,10000.0,474,validation,0.2789,3.1169,0.2789,3.1169,1422,0.14035940170288086,0.14035940170288086,0.528484582901001,0.6688439846038818,319.8436827659607,0.528484582901001,0.6688439846038818,319.8436827659607
nc_papers100m_195trainer_0hop_balanced_local_bs2048_800r,20260914_211623_ogbn-papers100M_FedAvg_bs2048_seed42_beta10000p0,ogbn-papers100M,FedAvg,2048,42,10000.0,475,validation,0.2791,3.1157,0.2791,3.1157,1425,0.13692665100097656,0.13692665100097656,0.5284535884857178,0.6653802394866943,320.5090630054474,0.5284535884857178,0.6653802394866943,320.5090630054474
nc_papers100m_195trainer_0hop_balanced_local_bs2048_800r,20260914_211623_ogbn-papers100M_FedAvg_bs2048_seed42_beta10000p0,ogbn-papers100M,FedAvg,2048,42,10000.0,476,validation,0.2792,3.1146,0.2792,3.1146,1428,0.13588356971740723,0.13588356971740723,0.5092391967773438,0.645122766494751,321.15418577194214,0.5092391967773438,0.645122766494751,321.15418577194214
nc_papers100m_195trainer_0hop_balanced_local_bs2048_800r,20260914_211623_ogbn-papers100M_FedAvg_bs2048_seed42_beta10000p0,ogbn-papers100M,FedAvg,2048,42,10000.0,477,validation,0.2794,3.1135,0.2794,3.1135,1431,0.13850736618041992,0.13850736618041992,0.5329360961914062,0.6714434623718262,321.82562923431396,0.5329360961914062,0.6714434623718262,321.82562923431396
nc_papers100m_195trainer_0hop_balanced_local_bs2048_800r,20260914_211623_ogbn-papers100M_FedAvg_bs2048_seed42_beta10000p0,ogbn-papers100M,FedAvg,2048,42,10000.0,478,validation,0.2797,3.1125,0.2797,3.1125,1434,0.13807463645935059,0.13807463645935059,0.5211286544799805,0.659203290939331,322.4848325252533,0.5211286544799805,0.659203290939331,322.4848325252533
nc_papers100m_195trainer_0hop_balanced_local_bs2048_800r,20260914_211623_ogbn-papers100M_FedAvg_bs2048_seed42_beta10000p0,ogbn-papers100M,FedAvg,2048,42,10000.0,479,validation,0.2799,3.1114,0.2799,3.1114,1437,0.13519787788391113,0.13519787788391113,0.516578197479248,0.6517760753631592,323.13660860061646,0.516578197479248,0.6517760753631592,323.13660860061646
nc_papers100m_195trainer_0hop_balanced_local_bs2048_800r,20260914_211623_ogbn-papers100M_FedAvg_bs2048_seed42_beta10000p0,ogbn-papers100M,FedAvg,2048,42,10000.0,480,validation,0.2799,3.1102,0.2799,3.1102,1440,0.14104342460632324,0.14104342460632324,0.5257854461669922,0.6668288707733154,323.80343747138977,0.5257854461669922,0.6668288707733154,323.80343747138977
nc_papers100m_195trainer_0hop_balanced_local_bs2048_800r,20260914_211623_ogbn-papers100M_FedAvg_bs2048_seed42_beta10000p0,ogbn-papers100M,FedAvg,2048,42,10000.0,481,validation,0.28,3.1091,0.28,3.1091,1443,0.13399958610534668,0.13399958610534668,0.533454179763794,0.6674537658691406,324.4708912372589,0.533454179763794,0.6674537658691406,324.4708912372589
nc_papers100m_195trainer_0hop_balanced_local_bs2048_800r,20260914_211623_ogbn-papers100M_FedAvg_bs2048_seed42_beta10000p0,ogbn-papers100M,FedAvg,2048,42,10000.0,482,validation,0.2802,3.1081,0.2802,3.1081,1446,0.13727760314941406,0.13727760314941406,0.526679277420044,0.663956880569458,325.13484811782837,0.526679277420044,0.663956880569458,325.13484811782837
nc_papers100m_195trainer_0hop_balanced_local_bs2048_800r,20260914_211623_ogbn-papers100M_FedAvg_bs2048_seed42_beta10000p0,ogbn-papers100M,FedAvg,2048,42,10000.0,483,validation,0.2802,3.1069,0.2802,3.1069,1449,0.13640046119689941,0.13640046119689941,0.5473613739013672,0.6837618350982666,325.81860995292664,0.5473613739013672,0.6837618350982666,325.81860995292664
nc_papers100m_195trainer_0hop_balanced_local_bs2048_800r,20260914_211623_ogbn-papers100M_FedAvg_bs2048_seed42_beta10000p0,ogbn-papers100M,FedAvg,2048,42,10000.0,484,validation,0.2806,3.1057,0.2806,3.1057,1452,0.13685345649719238,0.13685345649719238,0.5339868068695068,0.6708402633666992,326.48945021629333,0.5339868068695068,0.6708402633666992,326.48945021629333
nc_papers100m_195trainer_0hop_balanced_local_bs2048_800r,20260914_211623_ogbn-papers100M_FedAvg_bs2048_seed42_beta10000p0,ogbn-papers100M,FedAvg,2048,42,10000.0,485,validation,0.2808,3.1045,0.2808,3.1045,1455,0.1357572078704834,0.1357572078704834,0.527719259262085,0.6634764671325684,327.1529266834259,0.527719259262085,0.6634764671325684,327.1529266834259
nc_papers100m_195trainer_0hop_balanced_local_bs2048_800r,20260914_211623_ogbn-papers100M_FedAvg_bs2048_seed42_beta10000p0,ogbn-papers100M,FedAvg,2048,42,10000.0,486,validation,0.2808,3.1034,0.2808,3.1034,1458,0.13529658317565918,0.13529658317565918,0.5149216651916504,0.6502182483673096,327.8031449317932,0.5149216651916504,0.6502182483673096,327.8031449317932
nc_papers100m_195trainer_0hop_balanced_local_bs2048_800r,20260914_211623_ogbn-papers100M_FedAvg_bs2048_seed42_beta10000p0,ogbn-papers100M,FedAvg,2048,42,10000.0,487,validation,0.281,3.1024,0.281,3.1024,1461,0.13640165328979492,0.13640165328979492,0.5260825157165527,0.6624841690063477,328.46562910079956,0.5260825157165527,0.6624841690063477,328.46562910079956
nc_papers100m_195trainer_0hop_balanced_local_bs2048_800r,20260914_211623_ogbn-papers100M_FedAvg_bs2048_seed42_beta10000p0,ogbn-papers100M,FedAvg,2048,42,10000.0,488,validation,0.2811,3.1013,0.2811,3.1013,1464,0.13643908500671387,0.13643908500671387,0.523667573928833,0.6601066589355469,329.1257357597351,0.523667573928833,0.6601066589355469,329.1257357597351
nc_papers100m_195trainer_0hop_balanced_local_bs2048_800r,20260914_211623_ogbn-papers100M_FedAvg_bs2048_seed42_beta10000p0,ogbn-papers100M,FedAvg,2048,42,10000.0,489,validation,0.2813,3.1001,0.2813,3.1001,1467,0.13691949844360352,0.13691949844360352,0.519805908203125,0.6567254066467285,329.78246116638184,0.519805908203125,0.6567254066467285,329.78246116638184
nc_papers100m_195trainer_0hop_balanced_local_bs2048_800r,20260914_211623_ogbn-papers100M_FedAvg_bs2048_seed42_beta10000p0,ogbn-papers100M,FedAvg,2048,42,10000.0,490,validation,0.2815,3.0991,0.2815,3.0991,1470,0.14173173904418945,0.14173173904418945,0.5176327228546143,0.6593644618988037,330.44182562828064,0.5176327228546143,0.6593644618988037,330.44182562828064
nc_papers100m_195trainer_0hop_balanced_local_bs2048_800r,20260914_211623_ogbn-papers100M_FedAvg_bs2048_seed42_beta10000p0,ogbn-papers100M,FedAvg,2048,42,10000.0,491,validation,0.2815,3.098,0.2815,3.098,1473,0.13748717308044434,0.13748717308044434,0.5304162502288818,0.6679034233093262,331.10972905158997,0.5304162502288818,0.6679034233093262,331.10972905158997
nc_papers100m_195trainer_0hop_balanced_local_bs2048_800r,20260914_211623_ogbn-papers100M_FedAvg_bs2048_seed42_beta10000p0,ogbn-papers100M,FedAvg,2048,42,10000.0,492,validation,0.2816,3.0971,0.2816,3.0971,1476,0.13872623443603516,0.13872623443603516,0.5290112495422363,0.6677374839782715,331.77746653556824,0.5290112495422363,0.6677374839782715,331.77746653556824
nc_papers100m_195trainer_0hop_balanced_local_bs2048_800r,20260914_211623_ogbn-papers100M_FedAvg_bs2048_seed42_beta10000p0,ogbn-papers100M,FedAvg,2048,42,10000.0,493,validation,0.2818,3.096,0.2818,3.096,1479,0.1357555389404297,0.1357555389404297,0.5108656883239746,0.6466212272644043,332.42408776283264,0.5108656883239746,0.6466212272644043,332.42408776283264
nc_papers100m_195trainer_0hop_balanced_local_bs2048_800r,20260914_211623_ogbn-papers100M_FedAvg_bs2048_seed42_beta10000p0,ogbn-papers100M,FedAvg,2048,42,10000.0,494,validation,0.2821,3.0948,0.2821,3.0948,1482,0.13554096221923828,0.13554096221923828,0.5218081474304199,0.6573491096496582,333.0814368724823,0.5218081474304199,0.6573491096496582,333.0814368724823
nc_papers100m_195trainer_0hop_balanced_local_bs2048_800r,20260914_211623_ogbn-papers100M_FedAvg_bs2048_seed42_beta10000p0,ogbn-papers100M,FedAvg,2048,42,10000.0,495,validation,0.2821,3.0938,0.2821,3.0938,1485,0.1393754482269287,0.1393754482269287,0.5226452350616455,0.6620206832885742,333.7434575557709,0.5226452350616455,0.6620206832885742,333.7434575557709
nc_papers100m_195trainer_0hop_balanced_local_bs2048_800r,20260914_211623_ogbn-papers100M_FedAvg_bs2048_seed42_beta10000p0,ogbn-papers100M,FedAvg,2048,42,10000.0,496,validation,0.2822,3.0927,0.2822,3.0927,1488,0.13696074485778809,0.13696074485778809,0.5222351551055908,0.6591958999633789,334.40265345573425,0.5222351551055908,0.6591958999633789,334.40265345573425
nc_papers100m_195trainer_0hop_balanced_local_bs2048_800r,20260914_211623_ogbn-papers100M_FedAvg_bs2048_seed42_beta10000p0,ogbn-papers100M,FedAvg,2048,42,10000.0,497,validation,0.2823,3.0915,0.2823,3.0915,1491,0.13701605796813965,0.13701605796813965,0.5517740249633789,0.6887900829315186,335.09144353866577,0.5517740249633789,0.6887900829315186,335.09144353866577
nc_papers100m_195trainer_0hop_balanced_local_bs2048_800r,20260914_211623_ogbn-papers100M_FedAvg_bs2048_seed42_beta10000p0,ogbn-papers100M,FedAvg,2048,42,10000.0,498,validation,0.2825,3.0906,0.2825,3.0906,1494,0.13653111457824707,0.13653111457824707,0.526179313659668,0.662710428237915,335.7541539669037,0.526179313659668,0.662710428237915,335.7541539669037
nc_papers100m_195trainer_0hop_balanced_local_bs2048_800r,20260914_211623_ogbn-papers100M_FedAvg_bs2048_seed42_beta10000p0,ogbn-papers100M,FedAvg,2048,42,10000.0,499,validation,0.2825,3.0894,0.2825,3.0894,1497,0.13816261291503906,0.13816261291503906,0.5198040008544922,0.6579666137695312,336.4121205806732,0.5198040008544922,0.6579666137695312,336.4121205806732
nc_papers100m_195trainer_0hop_balanced_local_bs2048_800r,20260914_211623_ogbn-papers100M_FedAvg_bs2048_seed42_beta10000p0,ogbn-papers100M,FedAvg,2048,42,10000.0,500,validation,0.2829,3.0885,0.2829,3.0885,1500,0.14080572128295898,0.14080572128295898,0.5186047554016113,0.6594104766845703,337.0715310573578,0.5186047554016113,0.6594104766845703,337.0715310573578
nc_papers100m_195trainer_0hop_balanced_local_bs2048_800r,20260914_211623_ogbn-papers100M_FedAvg_bs2048_seed42_beta10000p0,ogbn-papers100M,FedAvg,2048,42,10000.0,501,validation,0.283,3.0874,0.283,3.0874,1503,0.13730096817016602,0.13730096817016602,0.5282931327819824,0.6655941009521484,337.73712515830994,0.5282931327819824,0.6655941009521484,337.73712515830994
nc_papers100m_195trainer_0hop_balanced_local_bs2048_800r,20260914_211623_ogbn-papers100M_FedAvg_bs2048_seed42_beta10000p0,ogbn-papers100M,FedAvg,2048,42,10000.0,502,validation,0.2832,3.0863,0.2832,3.0863,1506,0.13829660415649414,0.13829660415649414,0.5194039344787598,0.6577005386352539,338.3948256969452,0.5194039344787598,0.6577005386352539,338.3948256969452
nc_papers100m_195trainer_0hop_balanced_local_bs2048_800r,20260914_211623_ogbn-papers100M_FedAvg_bs2048_seed42_beta10000p0,ogbn-papers100M,FedAvg,2048,42,10000.0,503,validation,0.2833,3.0853,0.2833,3.0853,1509,0.1369483470916748,0.1369483470916748,0.5235681533813477,0.6605165004730225,339.0553421974182,0.5235681533813477,0.6605165004730225,339.0553421974182
nc_papers100m_195trainer_0hop_balanced_local_bs2048_800r,20260914_211623_ogbn-papers100M_FedAvg_bs2048_seed42_beta10000p0,ogbn-papers100M,FedAvg,2048,42,10000.0,504,validation,0.2835,3.0842,0.2835,3.0842,1512,0.13579106330871582,0.13579106330871582,0.5193789005279541,0.6551699638366699,339.7105121612549,0.5193789005279541,0.6551699638366699,339.7105121612549
nc_papers100m_195trainer_0hop_balanced_local_bs2048_800r,20260914_211623_ogbn-papers100M_FedAvg_bs2048_seed42_beta10000p0,ogbn-papers100M,FedAvg,2048,42,10000.0,505,validation,0.2835,3.0833,0.2835,3.0833,1515,0.13747239112854004,0.13747239112854004,0.5303826332092285,0.6678550243377686,340.37836718559265,0.5303826332092285,0.6678550243377686,340.37836718559265
nc_papers100m_195trainer_0hop_balanced_local_bs2048_800r,20260914_211623_ogbn-papers100M_FedAvg_bs2048_seed42_beta10000p0,ogbn-papers100M,FedAvg,2048,42,10000.0,506,validation,0.2837,3.0822,0.2837,3.0822,1518,0.136793851852417,0.136793851852417,0.5187256336212158,0.6555194854736328,341.0338866710663,0.5187256336212158,0.6555194854736328,341.0338866710663
nc_papers100m_195trainer_0hop_balanced_local_bs2048_800r,20260914_211623_ogbn-papers100M_FedAvg_bs2048_seed42_beta10000p0,ogbn-papers100M,FedAvg,2048,42,10000.0,507,validation,0.2838,3.0811,0.2838,3.0811,1521,0.13636422157287598,0.13636422157287598,0.5271224975585938,0.6634867191314697,341.69737339019775,0.5271224975585938,0.6634867191314697,341.69737339019775
nc_papers100m_195trainer_0hop_balanced_local_bs2048_800r,20260914_211623_ogbn-papers100M_FedAvg_bs2048_seed42_beta10000p0,ogbn-papers100M,FedAvg,2048,42,10000.0,508,validation,0.284,3.0801,0.284,3.0801,1524,0.13643622398376465,0.13643622398376465,0.528130054473877,0.6645662784576416,342.3619396686554,0.528130054473877,0.6645662784576416,342.3619396686554
nc_papers100m_195trainer_0hop_balanced_local_bs2048_800r,20260914_211623_ogbn-papers100M_FedAvg_bs2048_seed42_beta10000p0,ogbn-papers100M,FedAvg,2048,42,10000.0,509,validation,0.2842,3.079,0.2842,3.079,1527,0.13568377494812012,0.13568377494812012,0.5171492099761963,0.6528329849243164,343.0147726535797,0.5171492099761963,0.6528329849243164,343.0147726535797
nc_papers100m_195trainer_0hop_balanced_local_bs2048_800r,20260914_211623_ogbn-papers100M_FedAvg_bs2048_seed42_beta10000p0,ogbn-papers100M,FedAvg,2048,42,10000.0,510,validation,0.2843,3.0779,0.2843,3.0779,1530,0.1344912052154541,0.1344912052154541,0.5273048877716064,0.6617960929870605,343.6765687465668,0.5273048877716064,0.6617960929870605,343.6765687465668
nc_papers100m_195trainer_0hop_balanced_local_bs2048_800r,20260914_211623_ogbn-papers100M_FedAvg_bs2048_seed42_beta10000p0,ogbn-papers100M,FedAvg,2048,42,10000.0,511,validation,0.2845,3.0768,0.2845,3.0768,1533,0.1374814510345459,0.1374814510345459,0.5496857166290283,0.6871671676635742,344.36373591423035,0.5496857166290283,0.6871671676635742,344.36373591423035
nc_papers100m_195trainer_0hop_balanced_local_bs2048_800r,20260914_211623_ogbn-papers100M_FedAvg_bs2048_seed42_beta10000p0,ogbn-papers100M,FedAvg,2048,42,10000.0,512,validation,0.2847,3.0757,0.2847,3.0757,1536,0.1344928741455078,0.1344928741455078,0.5228374004364014,0.6573302745819092,345.02106618881226,0.5228374004364014,0.6573302745819092,345.02106618881226
nc_papers100m_195trainer_0hop_balanced_local_bs2048_800r,20260914_211623_ogbn-papers100M_FedAvg_bs2048_seed42_beta10000p0,ogbn-papers100M,FedAvg,2048,42,10000.0,513,validation,0.2847,3.0747,0.2847,3.0747,1539,0.13501381874084473,0.13501381874084473,0.5283083915710449,0.6633222103118896,345.68438839912415,0.5283083915710449,0.6633222103118896,345.68438839912415
nc_papers100m_195trainer_0hop_balanced_local_bs2048_800r,20260914_211623_ogbn-papers100M_FedAvg_bs2048_seed42_beta10000p0,ogbn-papers100M,FedAvg,2048,42,10000.0,514,validation,0.285,3.0736,0.285,3.0736,1542,0.13773059844970703,0.13773059844970703,0.5161125659942627,0.6538431644439697,346.3382315635681,0.5161125659942627,0.6538431644439697,346.3382315635681
nc_papers100m_195trainer_0hop_balanced_local_bs2048_800r,20260914_211623_ogbn-papers100M_FedAvg_bs2048_seed42_beta10000p0,ogbn-papers100M,FedAvg,2048,42,10000.0,515,validation,0.2851,3.0727,0.2851,3.0727,1545,0.13664555549621582,0.13664555549621582,0.5230035781860352,0.659649133682251,346.99788069725037,0.5230035781860352,0.659649133682251,346.99788069725037
nc_papers100m_195trainer_0hop_balanced_local_bs2048_800r,20260914_211623_ogbn-papers100M_FedAvg_bs2048_seed42_beta10000p0,ogbn-papers100M,FedAvg,2048,42,10000.0,516,validation,0.2853,3.0716,0.2853,3.0716,1548,0.1359422206878662,0.1359422206878662,0.5160398483276367,0.6519820690155029,347.64986276626587,0.5160398483276367,0.6519820690155029,347.64986276626587
nc_papers100m_195trainer_0hop_balanced_local_bs2048_800r,20260914_211623_ogbn-papers100M_FedAvg_bs2048_seed42_beta10000p0,ogbn-papers100M,FedAvg,2048,42,10000.0,517,validation,0.2852,3.0707,0.2852,3.0707,1551,0.1421208381652832,0.1421208381652832,0.5331289768218994,0.6752498149871826,348.32511258125305,0.5331289768218994,0.6752498149871826,348.32511258125305
nc_papers100m_195trainer_0hop_balanced_local_bs2048_800r,20260914_211623_ogbn-papers100M_FedAvg_bs2048_seed42_beta10000p0,ogbn-papers100M,FedAvg,2048,42,10000.0,518,validation,0.2854,3.0696,0.2854,3.0696,1554,0.13688039779663086,0.13688039779663086,0.5258612632751465,0.6627416610717773,348.98785424232483,0.5258612632751465,0.6627416610717773,348.98785424232483
nc_papers100m_195trainer_0hop_balanced_local_bs2048_800r,20260914_211623_ogbn-papers100M_FedAvg_bs2048_seed42_beta10000p0,ogbn-papers100M,FedAvg,2048,42,10000.0,519,validation,0.2857,3.0686,0.2857,3.0686,1557,0.1369013786315918,0.1369013786315918,0.532113790512085,0.6690151691436768,349.6568694114685,0.532113790512085,0.6690151691436768,349.6568694114685
nc_papers100m_195trainer_0hop_balanced_local_bs2048_800r,20260914_211623_ogbn-papers100M_FedAvg_bs2048_seed42_beta10000p0,ogbn-papers100M,FedAvg,2048,42,10000.0,520,validation,0.2858,3.0675,0.2858,3.0675,1560,0.13572049140930176,0.13572049140930176,0.5371637344360352,0.6728842258453369,350.32975363731384,0.5371637344360352,0.6728842258453369,350.32975363731384
nc_papers100m_195trainer_0hop_balanced_local_bs2048_800r,20260914_211623_ogbn-papers100M_FedAvg_bs2048_seed42_beta10000p0,ogbn-papers100M,FedAvg,2048,42,10000.0,521,validation,0.2859,3.0665,0.2859,3.0665,1563,0.1361231803894043,0.1361231803894043,0.5271995067596436,0.6633226871490479,350.9930763244629,0.5271995067596436,0.6633226871490479,350.9930763244629
nc_papers100m_195trainer_0hop_balanced_local_bs2048_800r,20260914_211623_ogbn-papers100M_FedAvg_bs2048_seed42_beta10000p0,ogbn-papers100M,FedAvg,2048,42,10000.0,522,validation,0.286,3.0656,0.286,3.0656,1566,0.14102554321289062,0.14102554321289062,0.5273878574371338,0.6684134006500244,351.6614897251129,0.5273878574371338,0.6684134006500244,351.6614897251129
nc_papers100m_195trainer_0hop_balanced_local_bs2048_800r,20260914_211623_ogbn-papers100M_FedAvg_bs2048_seed42_beta10000p0,ogbn-papers100M,FedAvg,2048,42,10000.0,523,validation,0.2861,3.0645,0.2861,3.0645,1569,0.13716363906860352,0.13716363906860352,0.5227875709533691,0.6599512100219727,352.3214409351349,0.5227875709533691,0.6599512100219727,352.3214409351349
nc_papers100m_195trainer_0hop_balanced_local_bs2048_800r,20260914_211623_ogbn-papers100M_FedAvg_bs2048_seed42_beta10000p0,ogbn-papers100M,FedAvg,2048,42,10000.0,524,validation,0.2862,3.0636,0.2862,3.0636,1572,0.13682103157043457,0.13682103157043457,0.5265932083129883,0.6634142398834229,352.9848551750183,0.5265932083129883,0.6634142398834229,352.9848551750183
nc_papers100m_195trainer_0hop_balanced_local_bs2048_800r,20260914_211623_ogbn-papers100M_FedAvg_bs2048_seed42_beta10000p0,ogbn-papers100M,FedAvg,2048,42,10000.0,525,validation,0.2865,3.0627,0.2865,3.0627,1575,0.13586997985839844,0.13586997985839844,0.561086893081665,0.6969568729400635,353.6818120479584,0.561086893081665,0.6969568729400635,353.6818120479584
nc_papers100m_195trainer_0hop_balanced_local_bs2048_800r,20260914_211623_ogbn-papers100M_FedAvg_bs2048_seed42_beta10000p0,ogbn-papers100M,FedAvg,2048,42,10000.0,526,validation,0.2866,3.0616,0.2866,3.0616,1578,0.13606762886047363,0.13606762886047363,0.5223467350006104,0.658414363861084,354.34022641181946,0.5223467350006104,0.658414363861084,354.34022641181946
nc_papers100m_195trainer_0hop_balanced_local_bs2048_800r,20260914_211623_ogbn-papers100M_FedAvg_bs2048_seed42_beta10000p0,ogbn-papers100M,FedAvg,2048,42,10000.0,527,validation,0.2867,3.0606,0.2867,3.0606,1581,0.13825750350952148,0.13825750350952148,0.5349586009979248,0.6732161045074463,355.0134425163269,0.5349586009979248,0.6732161045074463,355.0134425163269
nc_papers100m_195trainer_0hop_balanced_local_bs2048_800r,20260914_211623_ogbn-papers100M_FedAvg_bs2048_seed42_beta10000p0,ogbn-papers100M,FedAvg,2048,42,10000.0,528,validation,0.2869,3.0596,0.2869,3.0596,1584,0.13826227188110352,0.13826227188110352,0.5304703712463379,0.6687326431274414,355.68217515945435,0.5304703712463379,0.6687326431274414,355.68217515945435
nc_papers100m_195trainer_0hop_balanced_local_bs2048_800r,20260914_211623_ogbn-papers100M_FedAvg_bs2048_seed42_beta10000p0,ogbn-papers100M,FedAvg,2048,42,10000.0,529,validation,0.287,3.0586,0.287,3.0586,1587,0.13752150535583496,0.13752150535583496,0.5200352668762207,0.6575567722320557,356.3397319316864,0.5200352668762207,0.6575567722320557,356.3397319316864
nc_papers100m_195trainer_0hop_balanced_local_bs2048_800r,20260914_211623_ogbn-papers100M_FedAvg_bs2048_seed42_beta10000p0,ogbn-papers100M,FedAvg,2048,42,10000.0,530,validation,0.2872,3.0576,0.2872,3.0576,1590,0.14073681831359863,0.14073681831359863,0.5267107486724854,0.667447566986084,357.0071794986725,0.5267107486724854,0.667447566986084,357.0071794986725
nc_papers100m_195trainer_0hop_balanced_local_bs2048_800r,20260914_211623_ogbn-papers100M_FedAvg_bs2048_seed42_beta10000p0,ogbn-papers100M,FedAvg,2048,42,10000.0,531,validation,0.2873,3.0566,0.2873,3.0566,1593,0.13544392585754395,0.13544392585754395,0.5295970439910889,0.6650409698486328,357.6722204685211,0.5295970439910889,0.6650409698486328,357.6722204685211
nc_papers100m_195trainer_0hop_balanced_local_bs2048_800r,20260914_211623_ogbn-papers100M_FedAvg_bs2048_seed42_beta10000p0,ogbn-papers100M,FedAvg,2048,42,10000.0,532,validation,0.2873,3.0556,0.2873,3.0556,1596,0.1365985870361328,0.1365985870361328,0.5170581340789795,0.6536567211151123,358.32587718963623,0.5170581340789795,0.6536567211151123,358.32587718963623
nc_papers100m_195trainer_0hop_balanced_local_bs2048_800r,20260914_211623_ogbn-papers100M_FedAvg_bs2048_seed42_beta10000p0,ogbn-papers100M,FedAvg,2048,42,10000.0,533,validation,0.2875,3.0546,0.2875,3.0546,1599,0.14166522026062012,0.14166522026062012,0.5254502296447754,0.6671154499053955,358.9929926395416,0.5254502296447754,0.6671154499053955,358.9929926395416
nc_papers100m_195trainer_0hop_balanced_local_bs2048_800r,20260914_211623_ogbn-papers100M_FedAvg_bs2048_seed42_beta10000p0,ogbn-papers100M,FedAvg,2048,42,10000.0,534,validation,0.2877,3.0536,0.2877,3.0536,1602,0.14021563529968262,0.14021563529968262,0.5320754051208496,0.6722910404205322,359.66528367996216,0.5320754051208496,0.6722910404205322,359.66528367996216
nc_papers100m_195trainer_0hop_balanced_local_bs2048_800r,20260914_211623_ogbn-papers100M_FedAvg_bs2048_seed42_beta10000p0,ogbn-papers100M,FedAvg,2048,42,10000.0,535,validation,0.2877,3.0526,0.2877,3.0526,1605,0.13863110542297363,0.13863110542297363,0.5243170261383057,0.6629481315612793,360.32823181152344,0.5243170261383057,0.6629481315612793,360.32823181152344
nc_papers100m_195trainer_0hop_balanced_local_bs2048_800r,20260914_211623_ogbn-papers100M_FedAvg_bs2048_seed42_beta10000p0,ogbn-papers100M,FedAvg,2048,42,10000.0,536,validation,0.2878,3.0517,0.2878,3.0517,1608,0.13575434684753418,0.13575434684753418,0.5230231285095215,0.6587774753570557,360.9870092868805,0.5230231285095215,0.6587774753570557,360.9870092868805
nc_papers100m_195trainer_0hop_balanced_local_bs2048_800r,20260914_211623_ogbn-papers100M_FedAvg_bs2048_seed42_beta10000p0,ogbn-papers100M,FedAvg,2048,42,10000.0,537,validation,0.2879,3.0508,0.2879,3.0508,1611,0.1402735710144043,0.1402735710144043,0.531287431716919,0.6715610027313232,361.6585702896118,0.531287431716919,0.6715610027313232,361.6585702896118
nc_papers100m_195trainer_0hop_balanced_local_bs2048_800r,20260914_211623_ogbn-papers100M_FedAvg_bs2048_seed42_beta10000p0,ogbn-papers100M,FedAvg,2048,42,10000.0,538,validation,0.288,3.0498,0.288,3.0498,1614,0.13826894760131836,0.13826894760131836,0.5253937244415283,0.6636626720428467,362.32223296165466,0.5253937244415283,0.6636626720428467,362.32223296165466
nc_papers100m_195trainer_0hop_balanced_local_bs2048_800r,20260914_211623_ogbn-papers100M_FedAvg_bs2048_seed42_beta10000p0,ogbn-papers100M,FedAvg,2048,42,10000.0,539,validation,0.2882,3.0488,0.2882,3.0488,1617,0.1398153305053711,0.1398153305053711,0.5467896461486816,0.6866049766540527,363.0088379383087,0.5467896461486816,0.6866049766540527,363.0088379383087
nc_papers100m_195trainer_0hop_balanced_local_bs2048_800r,20260914_211623_ogbn-papers100M_FedAvg_bs2048_seed42_beta10000p0,ogbn-papers100M,FedAvg,2048,42,10000.0,540,validation,0.2884,3.0478,0.2884,3.0478,1620,0.141554594039917,0.141554594039917,0.5239481925964355,0.6655027866363525,363.67434072494507,0.5239481925964355,0.6655027866363525,363.67434072494507
nc_papers100m_195trainer_0hop_balanced_local_bs2048_800r,20260914_211623_ogbn-papers100M_FedAvg_bs2048_seed42_beta10000p0,ogbn-papers100M,FedAvg,2048,42,10000.0,541,validation,0.2885,3.0468,0.2885,3.0468,1623,0.13596892356872559,0.13596892356872559,0.5257461071014404,0.661715030670166,364.33605575561523,0.5257461071014404,0.661715030670166,364.33605575561523
nc_papers100m_195trainer_0hop_balanced_local_bs2048_800r,20260914_211623_ogbn-papers100M_FedAvg_bs2048_seed42_beta10000p0,ogbn-papers100M,FedAvg,2048,42,10000.0,542,validation,0.2887,3.0458,0.2887,3.0458,1626,0.13516688346862793,0.13516688346862793,0.5141422748565674,0.6493091583251953,364.98536491394043,0.5141422748565674,0.6493091583251953,364.98536491394043
nc_papers100m_195trainer_0hop_balanced_local_bs2048_800r,20260914_211623_ogbn-papers100M_FedAvg_bs2048_seed42_beta10000p0,ogbn-papers100M,FedAvg,2048,42,10000.0,543,validation,0.2888,3.0449,0.2888,3.0449,1629,0.13634252548217773,0.13634252548217773,0.520951509475708,0.6572940349578857,365.6426589488983,0.520951509475708,0.6572940349578857,365.6426589488983
nc_papers100m_195trainer_0hop_balanced_local_bs2048_800r,20260914_211623_ogbn-papers100M_FedAvg_bs2048_seed42_beta10000p0,ogbn-papers100M,FedAvg,2048,42,10000.0,544,validation,0.2889,3.0439,0.2889,3.0439,1632,0.13558053970336914,0.13558053970336914,0.527695894241333,0.6632764339447021,366.305935382843,0.527695894241333,0.6632764339447021,366.305935382843
nc_papers100m_195trainer_0hop_balanced_local_bs2048_800r,20260914_211623_ogbn-papers100M_FedAvg_bs2048_seed42_beta10000p0,ogbn-papers100M,FedAvg,2048,42,10000.0,545,validation,0.2891,3.0431,0.2891,3.0431,1635,0.1344900131225586,0.1344900131225586,0.6696245670318604,0.804114580154419,367.11004996299744,0.6696245670318604,0.804114580154419,367.11004996299744
nc_papers100m_195trainer_0hop_balanced_local_bs2048_800r,20260914_211623_ogbn-papers100M_FedAvg_bs2048_seed42_beta10000p0,ogbn-papers100M,FedAvg,2048,42,10000.0,546,validation,0.2893,3.0421,0.2893,3.0421,1638,0.1364893913269043,0.1364893913269043,0.508049726486206,0.6445391178131104,367.75458908081055,0.508049726486206,0.6445391178131104,367.75458908081055
nc_papers100m_195trainer_0hop_balanced_local_bs2048_800r,20260914_211623_ogbn-papers100M_FedAvg_bs2048_seed42_beta10000p0,ogbn-papers100M,FedAvg,2048,42,10000.0,547,validation,0.2894,3.0412,0.2894,3.0412,1641,0.13832354545593262,0.13832354545593262,0.5250289440155029,0.6633524894714355,368.417941570282,0.5250289440155029,0.6633524894714355,368.417941570282
nc_papers100m_195trainer_0hop_balanced_local_bs2048_800r,20260914_211623_ogbn-papers100M_FedAvg_bs2048_seed42_beta10000p0,ogbn-papers100M,FedAvg,2048,42,10000.0,548,validation,0.2896,3.0402,0.2896,3.0402,1644,0.13605690002441406,0.13605690002441406,0.5263235569000244,0.6623804569244385,369.0803220272064,0.5263235569000244,0.6623804569244385,369.0803220272064
nc_papers100m_195trainer_0hop_balanced_local_bs2048_800r,20260914_211623_ogbn-papers100M_FedAvg_bs2048_seed42_beta10000p0,ogbn-papers100M,FedAvg,2048,42,10000.0,549,validation,0.2898,3.0393,0.2898,3.0393,1647,0.1369469165802002,0.1369469165802002,0.519463300704956,0.6564102172851562,369.7367322444916,0.519463300704956,0.6564102172851562,369.7367322444916
nc_papers100m_195trainer_0hop_balanced_local_bs2048_800r,20260914_211623_ogbn-papers100M_FedAvg_bs2048_seed42_beta10000p0,ogbn-papers100M,FedAvg,2048,42,10000.0,550,validation,0.2899,3.0383,0.2899,3.0383,1650,0.14182209968566895,0.14182209968566895,0.5256445407867432,0.6674666404724121,370.404198884964,0.5256445407867432,0.6674666404724121,370.404198884964
nc_papers100m_195trainer_0hop_balanced_local_bs2048_800r,20260914_211623_ogbn-papers100M_FedAvg_bs2048_seed42_beta10000p0,ogbn-papers100M,FedAvg,2048,42,10000.0,551,validation,0.2901,3.0372,0.2901,3.0372,1653,0.13518285751342773,0.13518285751342773,0.5286035537719727,0.6637864112854004,371.0679852962494,0.5286035537719727,0.6637864112854004,371.0679852962494
nc_papers100m_195trainer_0hop_balanced_local_bs2048_800r,20260914_211623_ogbn-papers100M_FedAvg_bs2048_seed42_beta10000p0,ogbn-papers100M,FedAvg,2048,42,10000.0,552,validation,0.2902,3.0364,0.2902,3.0364,1656,0.13500499725341797,0.13500499725341797,0.5249295234680176,0.6599345207214355,371.7279198169708,0.5249295234680176,0.6599345207214355,371.7279198169708
nc_papers100m_195trainer_0hop_balanced_local_bs2048_800r,20260914_211623_ogbn-papers100M_FedAvg_bs2048_seed42_beta10000p0,ogbn-papers100M,FedAvg,2048,42,10000.0,553,validation,0.2902,3.0354,0.2902,3.0354,1659,0.1355762481689453,0.1355762481689453,0.542334794998169,0.6779110431671143,372.40583086013794,0.542334794998169,0.6779110431671143,372.40583086013794
nc_papers100m_195trainer_0hop_balanced_local_bs2048_800r,20260914_211623_ogbn-papers100M_FedAvg_bs2048_seed42_beta10000p0,ogbn-papers100M,FedAvg,2048,42,10000.0,554,validation,0.2904,3.0346,0.2904,3.0346,1662,0.1369953155517578,0.1369953155517578,0.525263786315918,0.6622591018676758,373.0680899620056,0.525263786315918,0.6622591018676758,373.0680899620056
nc_papers100m_195trainer_0hop_balanced_local_bs2048_800r,20260914_211623_ogbn-papers100M_FedAvg_bs2048_seed42_beta10000p0,ogbn-papers100M,FedAvg,2048,42,10000.0,555,validation,0.2906,3.0336,0.2906,3.0336,1665,0.13502097129821777,0.13502097129821777,0.5282056331634521,0.6632266044616699,373.7313165664673,0.5282056331634521,0.6632266044616699,373.7313165664673
nc_papers100m_195trainer_0hop_balanced_local_bs2048_800r,20260914_211623_ogbn-papers100M_FedAvg_bs2048_seed42_beta10000p0,ogbn-papers100M,FedAvg,2048,42,10000.0,556,validation,0.2907,3.0327,0.2907,3.0327,1668,0.13721966743469238,0.13721966743469238,0.5117242336273193,0.6489439010620117,374.3802604675293,0.5117242336273193,0.6489439010620117,374.3802604675293
nc_papers100m_195trainer_0hop_balanced_local_bs2048_800r,20260914_211623_ogbn-papers100M_FedAvg_bs2048_seed42_beta10000p0,ogbn-papers100M,FedAvg,2048,42,10000.0,557,validation,0.2908,3.0318,0.2908,3.0318,1671,0.1362462043762207,0.1362462043762207,0.5272703170776367,0.6635165214538574,375.04377698898315,0.5272703170776367,0.6635165214538574,375.04377698898315
nc_papers100m_195trainer_0hop_balanced_local_bs2048_800r,20260914_211623_ogbn-papers100M_FedAvg_bs2048_seed42_beta10000p0,ogbn-papers100M,FedAvg,2048,42,10000.0,558,validation,0.2911,3.0309,0.2911,3.0309,1674,0.13456106185913086,0.13456106185913086,0.52170729637146,0.6562683582305908,375.70004534721375,0.52170729637146,0.6562683582305908,375.70004534721375
nc_papers100m_195trainer_0hop_balanced_local_bs2048_800r,20260914_211623_ogbn-papers100M_FedAvg_bs2048_seed42_beta10000p0,ogbn-papers100M,FedAvg,2048,42,10000.0,559,validation,0.2911,3.03,0.2911,3.03,1677,0.13623738288879395,0.13623738288879395,0.5175626277923584,0.6538000106811523,376.3538453578949,0.5175626277923584,0.6538000106811523,376.3538453578949
nc_papers100m_195trainer_0hop_balanced_local_bs2048_800r,20260914_211623_ogbn-papers100M_FedAvg_bs2048_seed42_beta10000p0,ogbn-papers100M,FedAvg,2048,42,10000.0,560,validation,0.2914,3.0291,0.2914,3.0291,1680,0.14067697525024414,0.14067697525024414,0.5237221717834473,0.6643991470336914,377.0182445049286,0.5237221717834473,0.6643991470336914,377.0182445049286
nc_papers100m_195trainer_0hop_balanced_local_bs2048_800r,20260914_211623_ogbn-papers100M_FedAvg_bs2048_seed42_beta10000p0,ogbn-papers100M,FedAvg,2048,42,10000.0,561,validation,0.2915,3.0282,0.2915,3.0282,1683,0.137495756149292,0.137495756149292,0.530975341796875,0.668471097946167,377.68671560287476,0.530975341796875,0.668471097946167,377.68671560287476
nc_papers100m_195trainer_0hop_balanced_local_bs2048_800r,20260914_211623_ogbn-papers100M_FedAvg_bs2048_seed42_beta10000p0,ogbn-papers100M,FedAvg,2048,42,10000.0,562,validation,0.2916,3.0273,0.2916,3.0273,1686,0.13707184791564941,0.13707184791564941,0.5270178318023682,0.6640896797180176,378.3508052825928,0.5270178318023682,0.6640896797180176,378.3508052825928
nc_papers100m_195trainer_0hop_balanced_local_bs2048_800r,20260914_211623_ogbn-papers100M_FedAvg_bs2048_seed42_beta10000p0,ogbn-papers100M,FedAvg,2048,42,10000.0,563,validation,0.2917,3.0264,0.2917,3.0264,1689,0.13570022583007812,0.13570022583007812,0.5168235301971436,0.6525237560272217,379.00332903862,0.5168235301971436,0.6525237560272217,379.00332903862
nc_papers100m_195trainer_0hop_balanced_local_bs2048_800r,20260914_211623_ogbn-papers100M_FedAvg_bs2048_seed42_beta10000p0,ogbn-papers100M,FedAvg,2048,42,10000.0,564,validation,0.2918,3.0255,0.2918,3.0255,1692,0.13766694068908691,0.13766694068908691,0.5317995548248291,0.669466495513916,379.6727955341339,0.5317995548248291,0.669466495513916,379.6727955341339
nc_papers100m_195trainer_0hop_balanced_local_bs2048_800r,20260914_211623_ogbn-papers100M_FedAvg_bs2048_seed42_beta10000p0,ogbn-papers100M,FedAvg,2048,42,10000.0,565,validation,0.2919,3.0245,0.2919,3.0245,1695,0.13522648811340332,0.13522648811340332,0.5196986198425293,0.6549251079559326,380.32772064208984,0.5196986198425293,0.6549251079559326,380.32772064208984
nc_papers100m_195trainer_0hop_balanced_local_bs2048_800r,20260914_211623_ogbn-papers100M_FedAvg_bs2048_seed42_beta10000p0,ogbn-papers100M,FedAvg,2048,42,10000.0,566,validation,0.2921,3.0236,0.2921,3.0236,1698,0.13666462898254395,0.13666462898254395,0.522963285446167,0.6596279144287109,380.98734855651855,0.522963285446167,0.6596279144287109,380.98734855651855
nc_papers100m_195trainer_0hop_balanced_local_bs2048_800r,20260914_211623_ogbn-papers100M_FedAvg_bs2048_seed42_beta10000p0,ogbn-papers100M,FedAvg,2048,42,10000.0,567,validation,0.2922,3.0228,0.2922,3.0228,1701,0.13617539405822754,0.13617539405822754,0.5738298892974854,0.7100052833557129,381.69735383987427,0.5738298892974854,0.7100052833557129,381.69735383987427
nc_papers100m_195trainer_0hop_balanced_local_bs2048_800r,20260914_211623_ogbn-papers100M_FedAvg_bs2048_seed42_beta10000p0,ogbn-papers100M,FedAvg,2048,42,10000.0,568,validation,0.2924,3.0218,0.2924,3.0218,1704,0.1366419792175293,0.1366419792175293,0.5336434841156006,0.6702854633331299,382.3676393032074,0.5336434841156006,0.6702854633331299,382.3676393032074
nc_papers100m_195trainer_0hop_balanced_local_bs2048_800r,20260914_211623_ogbn-papers100M_FedAvg_bs2048_seed42_beta10000p0,ogbn-papers100M,FedAvg,2048,42,10000.0,569,validation,0.2925,3.0209,0.2925,3.0209,1707,0.13576340675354004,0.13576340675354004,0.5206294059753418,0.6563928127288818,383.0240321159363,0.5206294059753418,0.6563928127288818,383.0240321159363
nc_papers100m_195trainer_0hop_balanced_local_bs2048_800r,20260914_211623_ogbn-papers100M_FedAvg_bs2048_seed42_beta10000p0,ogbn-papers100M,FedAvg,2048,42,10000.0,570,validation,0.2927,3.0201,0.2927,3.0201,1710,0.13943219184875488,0.13943219184875488,0.5219297409057617,0.6613619327545166,383.6853940486908,0.5219297409057617,0.6613619327545166,383.6853940486908
nc_papers100m_195trainer_0hop_balanced_local_bs2048_800r,20260914_211623_ogbn-papers100M_FedAvg_bs2048_seed42_beta10000p0,ogbn-papers100M,FedAvg,2048,42,10000.0,571,validation,0.2929,3.0192,0.2929,3.0192,1713,0.1373147964477539,0.1373147964477539,0.5338277816772461,0.671142578125,384.3565366268158,0.5338277816772461,0.671142578125,384.3565366268158
nc_papers100m_195trainer_0hop_balanced_local_bs2048_800r,20260914_211623_ogbn-papers100M_FedAvg_bs2048_seed42_beta10000p0,ogbn-papers100M,FedAvg,2048,42,10000.0,572,validation,0.2931,3.0183,0.2931,3.0183,1716,0.13671636581420898,0.13671636581420898,0.5289187431335449,0.6656351089477539,385.02217173576355,0.5289187431335449,0.6656351089477539,385.02217173576355
nc_papers100m_195trainer_0hop_balanced_local_bs2048_800r,20260914_211623_ogbn-papers100M_FedAvg_bs2048_seed42_beta10000p0,ogbn-papers100M,FedAvg,2048,42,10000.0,573,validation,0.2932,3.0175,0.2932,3.0175,1719,0.1382906436920166,0.1382906436920166,0.5202643871307373,0.6585550308227539,385.6807267665863,0.5202643871307373,0.6585550308227539,385.6807267665863
nc_papers100m_195trainer_0hop_balanced_local_bs2048_800r,20260914_211623_ogbn-papers100M_FedAvg_bs2048_seed42_beta10000p0,ogbn-papers100M,FedAvg,2048,42,10000.0,574,validation,0.2934,3.0165,0.2934,3.0165,1722,0.13617205619812012,0.13617205619812012,0.5219974517822266,0.6581695079803467,386.33889627456665,0.5219974517822266,0.6581695079803467,386.33889627456665
nc_papers100m_195trainer_0hop_balanced_local_bs2048_800r,20260914_211623_ogbn-papers100M_FedAvg_bs2048_seed42_beta10000p0,ogbn-papers100M,FedAvg,2048,42,10000.0,575,validation,0.2935,3.0156,0.2935,3.0156,1725,0.13730096817016602,0.13730096817016602,0.5311610698699951,0.6684620380401611,387.0073583126068,0.5311610698699951,0.6684620380401611,387.0073583126068
nc_papers100m_195trainer_0hop_balanced_local_bs2048_800r,20260914_211623_ogbn-papers100M_FedAvg_bs2048_seed42_beta10000p0,ogbn-papers100M,FedAvg,2048,42,10000.0,576,validation,0.2937,3.0147,0.2937,3.0147,1728,0.14640021324157715,0.14640021324157715,0.5198845863342285,0.6662847995758057,387.6736431121826,0.5198845863342285,0.6662847995758057,387.6736431121826
nc_papers100m_195trainer_0hop_balanced_local_bs2048_800r,20260914_211623_ogbn-papers100M_FedAvg_bs2048_seed42_beta10000p0,ogbn-papers100M,FedAvg,2048,42,10000.0,577,validation,0.2936,3.0138,0.2936,3.0138,1731,0.13796019554138184,0.13796019554138184,0.5292441844940186,0.6672043800354004,388.340847492218,0.5292441844940186,0.6672043800354004,388.340847492218
nc_papers100m_195trainer_0hop_balanced_local_bs2048_800r,20260914_211623_ogbn-papers100M_FedAvg_bs2048_seed42_beta10000p0,ogbn-papers100M,FedAvg,2048,42,10000.0,578,validation,0.2939,3.0129,0.2939,3.0129,1734,0.13544321060180664,0.13544321060180664,0.5196642875671387,0.6551074981689453,388.99595499038696,0.5196642875671387,0.6551074981689453,388.99595499038696
nc_papers100m_195trainer_0hop_balanced_local_bs2048_800r,20260914_211623_ogbn-papers100M_FedAvg_bs2048_seed42_beta10000p0,ogbn-papers100M,FedAvg,2048,42,10000.0,579,validation,0.2941,3.012,0.2941,3.012,1737,0.13558602333068848,0.13558602333068848,0.5123848915100098,0.6479709148406982,389.64392590522766,0.5123848915100098,0.6479709148406982,389.64392590522766
nc_papers100m_195trainer_0hop_balanced_local_bs2048_800r,20260914_211623_ogbn-papers100M_FedAvg_bs2048_seed42_beta10000p0,ogbn-papers100M,FedAvg,2048,42,10000.0,580,validation,0.2941,3.011,0.2941,3.011,1740,0.13915300369262695,0.13915300369262695,0.5179767608642578,0.6571297645568848,390.30105566978455,0.5179767608642578,0.6571297645568848,390.30105566978455
nc_papers100m_195trainer_0hop_balanced_local_bs2048_800r,20260914_211623_ogbn-papers100M_FedAvg_bs2048_seed42_beta10000p0,ogbn-papers100M,FedAvg,2048,42,10000.0,581,validation,0.2944,3.0102,0.2944,3.0102,1743,0.13561391830444336,0.13561391830444336,0.5473976135253906,0.683011531829834,390.9840672016144,0.5473976135253906,0.683011531829834,390.9840672016144
nc_papers100m_195trainer_0hop_balanced_local_bs2048_800r,20260914_211623_ogbn-papers100M_FedAvg_bs2048_seed42_beta10000p0,ogbn-papers100M,FedAvg,2048,42,10000.0,582,validation,0.2944,3.0092,0.2944,3.0092,1746,0.13805556297302246,0.13805556297302246,0.527639627456665,0.6656951904296875,391.64976239204407,0.527639627456665,0.6656951904296875,391.64976239204407
nc_papers100m_195trainer_0hop_balanced_local_bs2048_800r,20260914_211623_ogbn-papers100M_FedAvg_bs2048_seed42_beta10000p0,ogbn-papers100M,FedAvg,2048,42,10000.0,583,validation,0.2946,3.0084,0.2946,3.0084,1749,0.13734650611877441,0.13734650611877441,0.5167932510375977,0.6541397571563721,392.30390214920044,0.5167932510375977,0.6541397571563721,392.30390214920044
nc_papers100m_195trainer_0hop_balanced_local_bs2048_800r,20260914_211623_ogbn-papers100M_FedAvg_bs2048_seed42_beta10000p0,ogbn-papers100M,FedAvg,2048,42,10000.0,584,validation,0.2947,3.0075,0.2947,3.0075,1752,0.13470101356506348,0.13470101356506348,0.5250949859619141,0.6597959995269775,392.9636981487274,0.5250949859619141,0.6597959995269775,392.9636981487274
nc_papers100m_195trainer_0hop_balanced_local_bs2048_800r,20260914_211623_ogbn-papers100M_FedAvg_bs2048_seed42_beta10000p0,ogbn-papers100M,FedAvg,2048,42,10000.0,585,validation,0.2948,3.0067,0.2948,3.0067,1755,0.1343996524810791,0.1343996524810791,0.524672269821167,0.6590719223022461,393.62277007102966,0.524672269821167,0.6590719223022461,393.62277007102966
nc_papers100m_195trainer_0hop_balanced_local_bs2048_800r,20260914_211623_ogbn-papers100M_FedAvg_bs2048_seed42_beta10000p0,ogbn-papers100M,FedAvg,2048,42,10000.0,586,validation,0.295,3.0058,0.295,3.0058,1758,0.134995698928833,0.134995698928833,0.5178475379943848,0.6528432369232178,394.2756133079529,0.5178475379943848,0.6528432369232178,394.2756133079529
nc_papers100m_195trainer_0hop_balanced_local_bs2048_800r,20260914_211623_ogbn-papers100M_FedAvg_bs2048_seed42_beta10000p0,ogbn-papers100M,FedAvg,2048,42,10000.0,587,validation,0.2953,3.005,0.2953,3.005,1761,0.13745737075805664,0.13745737075805664,0.5260918140411377,0.6635491847991943,394.9391624927521,0.5260918140411377,0.6635491847991943,394.9391624927521
nc_papers100m_195trainer_0hop_balanced_local_bs2048_800r,20260914_211623_ogbn-papers100M_FedAvg_bs2048_seed42_beta10000p0,ogbn-papers100M,FedAvg,2048,42,10000.0,588,validation,0.2953,3.0042,0.2953,3.0042,1764,0.1377570629119873,0.1377570629119873,0.5268092155456543,0.6645662784576416,395.6037287712097,0.5268092155456543,0.6645662784576416,395.6037287712097
nc_papers100m_195trainer_0hop_balanced_local_bs2048_800r,20260914_211623_ogbn-papers100M_FedAvg_bs2048_seed42_beta10000p0,ogbn-papers100M,FedAvg,2048,42,10000.0,589,validation,0.2953,3.0033,0.2953,3.0033,1767,0.13703489303588867,0.13703489303588867,0.5239613056182861,0.6609961986541748,396.2647249698639,0.5239613056182861,0.6609961986541748,396.2647249698639
nc_papers100m_195trainer_0hop_balanced_local_bs2048_800r,20260914_211623_ogbn-papers100M_FedAvg_bs2048_seed42_beta10000p0,ogbn-papers100M,FedAvg,2048,42,10000.0,590,validation,0.2956,3.0025,0.2956,3.0025,1770,0.14148592948913574,0.14148592948913574,0.5294811725616455,0.6709671020507812,396.9356920719147,0.5294811725616455,0.6709671020507812,396.9356920719147
nc_papers100m_195trainer_0hop_balanced_local_bs2048_800r,20260914_211623_ogbn-papers100M_FedAvg_bs2048_seed42_beta10000p0,ogbn-papers100M,FedAvg,2048,42,10000.0,591,validation,0.2958,3.0016,0.2958,3.0016,1773,0.13614749908447266,0.13614749908447266,0.5294113159179688,0.6655588150024414,397.6012508869171,0.5294113159179688,0.6655588150024414,397.6012508869171
nc_papers100m_195trainer_0hop_balanced_local_bs2048_800r,20260914_211623_ogbn-papers100M_FedAvg_bs2048_seed42_beta10000p0,ogbn-papers100M,FedAvg,2048,42,10000.0,592,validation,0.2959,3.0008,0.2959,3.0008,1776,0.13690876960754395,0.13690876960754395,0.5274310111999512,0.6643397808074951,398.2655906677246,0.5274310111999512,0.6643397808074951,398.2655906677246
nc_papers100m_195trainer_0hop_balanced_local_bs2048_800r,20260914_211623_ogbn-papers100M_FedAvg_bs2048_seed42_beta10000p0,ogbn-papers100M,FedAvg,2048,42,10000.0,593,validation,0.2961,3.0,0.2961,3.0,1779,0.13730525970458984,0.13730525970458984,0.5156950950622559,0.6530003547668457,398.91859102249146,0.5156950950622559,0.6530003547668457,398.91859102249146
nc_papers100m_195trainer_0hop_balanced_local_bs2048_800r,20260914_211623_ogbn-papers100M_FedAvg_bs2048_seed42_beta10000p0,ogbn-papers100M,FedAvg,2048,42,10000.0,594,validation,0.2961,2.9992,0.2961,2.9992,1782,0.13744616508483887,0.13744616508483887,0.5317113399505615,0.6691575050354004,399.58774852752686,0.5317113399505615,0.6691575050354004,399.58774852752686
nc_papers100m_195trainer_0hop_balanced_local_bs2048_800r,20260914_211623_ogbn-papers100M_FedAvg_bs2048_seed42_beta10000p0,ogbn-papers100M,FedAvg,2048,42,10000.0,595,validation,0.2963,2.9983,0.2963,2.9983,1785,0.1376628875732422,0.1376628875732422,0.5467185974121094,0.6843814849853516,400.2721300125122,0.5467185974121094,0.6843814849853516,400.2721300125122
nc_papers100m_195trainer_0hop_balanced_local_bs2048_800r,20260914_211623_ogbn-papers100M_FedAvg_bs2048_seed42_beta10000p0,ogbn-papers100M,FedAvg,2048,42,10000.0,596,validation,0.2965,2.9975,0.2965,2.9975,1788,0.13566851615905762,0.13566851615905762,0.5250253677368164,0.660693883895874,400.9328238964081,0.5250253677368164,0.660693883895874,400.9328238964081
nc_papers100m_195trainer_0hop_balanced_local_bs2048_800r,20260914_211623_ogbn-papers100M_FedAvg_bs2048_seed42_beta10000p0,ogbn-papers100M,FedAvg,2048,42,10000.0,597,validation,0.2967,2.9965,0.2967,2.9965,1791,0.135972261428833,0.135972261428833,0.5254359245300293,0.6614081859588623,401.59423208236694,0.5254359245300293,0.6614081859588623,401.59423208236694
nc_papers100m_195trainer_0hop_balanced_local_bs2048_800r,20260914_211623_ogbn-papers100M_FedAvg_bs2048_seed42_beta10000p0,ogbn-papers100M,FedAvg,2048,42,10000.0,598,validation,0.2969,2.9956,0.2969,2.9956,1794,0.13634514808654785,0.13634514808654785,0.5235772132873535,0.6599223613739014,402.25415444374084,0.5235772132873535,0.6599223613739014,402.25415444374084
nc_papers100m_195trainer_0hop_balanced_local_bs2048_800r,20260914_211623_ogbn-papers100M_FedAvg_bs2048_seed42_beta10000p0,ogbn-papers100M,FedAvg,2048,42,10000.0,599,validation,0.297,2.9947,0.297,2.9947,1797,0.14091825485229492,0.14091825485229492,0.5128171443939209,0.6537353992462158,402.90788984298706,0.5128171443939209,0.6537353992462158,402.90788984298706
nc_papers100m_195trainer_0hop_balanced_local_bs2048_800r,20260914_211623_ogbn-papers100M_FedAvg_bs2048_seed42_beta10000p0,ogbn-papers100M,FedAvg,2048,42,10000.0,600,validation,0.297,2.9939,0.297,2.9939,1800,0.14011621475219727,0.14011621475219727,0.5274531841278076,0.6675693988800049,403.57545924186707,0.5274531841278076,0.6675693988800049,403.57545924186707
nc_papers100m_195trainer_0hop_balanced_local_bs2048_800r,20260914_211623_ogbn-papers100M_FedAvg_bs2048_seed42_beta10000p0,ogbn-papers100M,FedAvg,2048,42,10000.0,601,validation,0.2972,2.993,0.2972,2.993,1803,0.13524913787841797,0.13524913787841797,0.5352637767791748,0.6705129146575928,404.24597215652466,0.5352637767791748,0.6705129146575928,404.24597215652466
nc_papers100m_195trainer_0hop_balanced_local_bs2048_800r,20260914_211623_ogbn-papers100M_FedAvg_bs2048_seed42_beta10000p0,ogbn-papers100M,FedAvg,2048,42,10000.0,602,validation,0.2972,2.9922,0.2972,2.9922,1806,0.13542771339416504,0.13542771339416504,0.5277059078216553,0.6631336212158203,404.9091057777405,0.5277059078216553,0.6631336212158203,404.9091057777405
nc_papers100m_195trainer_0hop_balanced_local_bs2048_800r,20260914_211623_ogbn-papers100M_FedAvg_bs2048_seed42_beta10000p0,ogbn-papers100M,FedAvg,2048,42,10000.0,603,validation,0.2973,2.9913,0.2973,2.9913,1809,0.13767623901367188,0.13767623901367188,0.5275084972381592,0.665184736251831,405.5742905139923,0.5275084972381592,0.665184736251831,405.5742905139923
nc_papers100m_195trainer_0hop_balanced_local_bs2048_800r,20260914_211623_ogbn-papers100M_FedAvg_bs2048_seed42_beta10000p0,ogbn-papers100M,FedAvg,2048,42,10000.0,604,validation,0.2975,2.9904,0.2975,2.9904,1812,0.1371147632598877,0.1371147632598877,0.5316312313079834,0.6687459945678711,406.2430365085602,0.5316312313079834,0.6687459945678711,406.2430365085602
nc_papers100m_195trainer_0hop_balanced_local_bs2048_800r,20260914_211623_ogbn-papers100M_FedAvg_bs2048_seed42_beta10000p0,ogbn-papers100M,FedAvg,2048,42,10000.0,605,validation,0.2976,2.9896,0.2976,2.9896,1815,0.13964605331420898,0.13964605331420898,0.5219166278839111,0.6615626811981201,406.9045991897583,0.5219166278839111,0.6615626811981201,406.9045991897583
nc_papers100m_195trainer_0hop_balanced_local_bs2048_800r,20260914_211623_ogbn-papers100M_FedAvg_bs2048_seed42_beta10000p0,ogbn-papers100M,FedAvg,2048,42,10000.0,606,validation,0.2978,2.9888,0.2978,2.9888,1818,0.13608074188232422,0.13608074188232422,0.5239028930664062,0.6599836349487305,407.56458282470703,0.5239028930664062,0.6599836349487305,407.56458282470703
nc_papers100m_195trainer_0hop_balanced_local_bs2048_800r,20260914_211623_ogbn-papers100M_FedAvg_bs2048_seed42_beta10000p0,ogbn-papers100M,FedAvg,2048,42,10000.0,607,validation,0.2979,2.9881,0.2979,2.9881,1821,0.13580894470214844,0.13580894470214844,0.5268938541412354,0.6627027988433838,408.2272856235504,0.5268938541412354,0.6627027988433838,408.2272856235504
nc_papers100m_195trainer_0hop_balanced_local_bs2048_800r,20260914_211623_ogbn-papers100M_FedAvg_bs2048_seed42_beta10000p0,ogbn-papers100M,FedAvg,2048,42,10000.0,608,validation,0.2982,2.9874,0.2982,2.9874,1824,0.13432979583740234,0.13432979583740234,0.5225019454956055,0.6568317413330078,408.8841173648834,0.5225019454956055,0.6568317413330078,408.8841173648834
nc_papers100m_195trainer_0hop_balanced_local_bs2048_800r,20260914_211623_ogbn-papers100M_FedAvg_bs2048_seed42_beta10000p0,ogbn-papers100M,FedAvg,2048,42,10000.0,609,validation,0.2982,2.9866,0.2982,2.9866,1827,0.13615727424621582,0.13615727424621582,0.55426025390625,0.6904175281524658,409.5745348930359,0.55426025390625,0.6904175281524658,409.5745348930359
nc_papers100m_195trainer_0hop_balanced_local_bs2048_800r,20260914_211623_ogbn-papers100M_FedAvg_bs2048_seed42_beta10000p0,ogbn-papers100M,FedAvg,2048,42,10000.0,610,validation,0.2983,2.9858,0.2983,2.9858,1830,0.14233136177062988,0.14233136177062988,0.5216677188873291,0.663999080657959,410.23853397369385,0.5216677188873291,0.663999080657959,410.23853397369385
nc_papers100m_195trainer_0hop_balanced_local_bs2048_800r,20260914_211623_ogbn-papers100M_FedAvg_bs2048_seed42_beta10000p0,ogbn-papers100M,FedAvg,2048,42,10000.0,611,validation,0.2985,2.9851,0.2985,2.9851,1833,0.13530921936035156,0.13530921936035156,0.5312213897705078,0.6665306091308594,410.9050645828247,0.5312213897705078,0.6665306091308594,410.9050645828247
nc_papers100m_195trainer_0hop_balanced_local_bs2048_800r,20260914_211623_ogbn-papers100M_FedAvg_bs2048_seed42_beta10000p0,ogbn-papers100M,FedAvg,2048,42,10000.0,612,validation,0.2986,2.9842,0.2986,2.9842,1836,0.1351170539855957,0.1351170539855957,0.5166776180267334,0.6517946720123291,411.55685925483704,0.5166776180267334,0.6517946720123291,411.55685925483704
nc_papers100m_195trainer_0hop_balanced_local_bs2048_800r,20260914_211623_ogbn-papers100M_FedAvg_bs2048_seed42_beta10000p0,ogbn-papers100M,FedAvg,2048,42,10000.0,613,validation,0.2987,2.9834,0.2987,2.9834,1839,0.13602972030639648,0.13602972030639648,0.5241467952728271,0.6601765155792236,412.21703577041626,0.5241467952728271,0.6601765155792236,412.21703577041626
nc_papers100m_195trainer_0hop_balanced_local_bs2048_800r,20260914_211623_ogbn-papers100M_FedAvg_bs2048_seed42_beta10000p0,ogbn-papers100M,FedAvg,2048,42,10000.0,614,validation,0.2987,2.9825,0.2987,2.9825,1842,0.1385507583618164,0.1385507583618164,0.522503137588501,0.6610538959503174,412.8780896663666,0.522503137588501,0.6610538959503174,412.8780896663666
nc_papers100m_195trainer_0hop_balanced_local_bs2048_800r,20260914_211623_ogbn-papers100M_FedAvg_bs2048_seed42_beta10000p0,ogbn-papers100M,FedAvg,2048,42,10000.0,615,validation,0.2989,2.9816,0.2989,2.9816,1845,0.13602113723754883,0.13602113723754883,0.5134713649749756,0.6494925022125244,413.5275821685791,0.5134713649749756,0.6494925022125244,413.5275821685791
nc_papers100m_195trainer_0hop_balanced_local_bs2048_800r,20260914_211623_ogbn-papers100M_FedAvg_bs2048_seed42_beta10000p0,ogbn-papers100M,FedAvg,2048,42,10000.0,616,validation,0.2991,2.9808,0.2991,2.9808,1848,0.13670563697814941,0.13670563697814941,0.5167551040649414,0.6534607410430908,414.1810429096222,0.5167551040649414,0.6534607410430908,414.1810429096222
nc_papers100m_195trainer_0hop_balanced_local_bs2048_800r,20260914_211623_ogbn-papers100M_FedAvg_bs2048_seed42_beta10000p0,ogbn-papers100M,FedAvg,2048,42,10000.0,617,validation,0.2993,2.98,0.2993,2.98,1851,0.13648605346679688,0.13648605346679688,0.5299100875854492,0.6663961410522461,414.84743905067444,0.5299100875854492,0.6663961410522461,414.84743905067444
nc_papers100m_195trainer_0hop_balanced_local_bs2048_800r,20260914_211623_ogbn-papers100M_FedAvg_bs2048_seed42_beta10000p0,ogbn-papers100M,FedAvg,2048,42,10000.0,618,validation,0.2995,2.9791,0.2995,2.9791,1854,0.1362154483795166,0.1362154483795166,0.5269608497619629,0.6631762981414795,415.5106153488159,0.5269608497619629,0.6631762981414795,415.5106153488159
nc_papers100m_195trainer_0hop_balanced_local_bs2048_800r,20260914_211623_ogbn-papers100M_FedAvg_bs2048_seed42_beta10000p0,ogbn-papers100M,FedAvg,2048,42,10000.0,619,validation,0.2996,2.9783,0.2996,2.9783,1857,0.13488149642944336,0.13488149642944336,0.5136210918426514,0.6485025882720947,416.159117937088,0.5136210918426514,0.6485025882720947,416.159117937088
nc_papers100m_195trainer_0hop_balanced_local_bs2048_800r,20260914_211623_ogbn-papers100M_FedAvg_bs2048_seed42_beta10000p0,ogbn-papers100M,FedAvg,2048,42,10000.0,620,validation,0.2998,2.9774,0.2998,2.9774,1860,0.13554000854492188,0.13554000854492188,0.5301363468170166,0.6656763553619385,416.82479429244995,0.5301363468170166,0.6656763553619385,416.82479429244995
nc_papers100m_195trainer_0hop_balanced_local_bs2048_800r,20260914_211623_ogbn-papers100M_FedAvg_bs2048_seed42_beta10000p0,ogbn-papers100M,FedAvg,2048,42,10000.0,621,validation,0.2997,2.9766,0.2997,2.9766,1863,0.13802337646484375,0.13802337646484375,0.5263500213623047,0.6643733978271484,417.4891676902771,0.5263500213623047,0.6643733978271484,417.4891676902771
nc_papers100m_195trainer_0hop_balanced_local_bs2048_800r,20260914_211623_ogbn-papers100M_FedAvg_bs2048_seed42_beta10000p0,ogbn-papers100M,FedAvg,2048,42,10000.0,622,validation,0.2999,2.9758,0.2999,2.9758,1866,0.13492989540100098,0.13492989540100098,0.516787052154541,0.651716947555542,418.14088463783264,0.516787052154541,0.651716947555542,418.14088463783264
nc_papers100m_195trainer_0hop_balanced_local_bs2048_800r,20260914_211623_ogbn-papers100M_FedAvg_bs2048_seed42_beta10000p0,ogbn-papers100M,FedAvg,2048,42,10000.0,623,validation,0.2999,2.9748,0.2999,2.9748,1869,0.14061760902404785,0.14061760902404785,0.5352725982666016,0.6758902072906494,418.8167748451233,0.5352725982666016,0.6758902072906494,418.8167748451233
nc_papers100m_195trainer_0hop_balanced_local_bs2048_800r,20260914_211623_ogbn-papers100M_FedAvg_bs2048_seed42_beta10000p0,ogbn-papers100M,FedAvg,2048,42,10000.0,624,validation,0.3,2.9741,0.3,2.9741,1872,0.1361849308013916,0.1361849308013916,0.5223767757415771,0.6585617065429688,419.47533655166626,0.5223767757415771,0.6585617065429688,419.47533655166626
nc_papers100m_195trainer_0hop_balanced_local_bs2048_800r,20260914_211623_ogbn-papers100M_FedAvg_bs2048_seed42_beta10000p0,ogbn-papers100M,FedAvg,2048,42,10000.0,625,validation,0.3003,2.9732,0.3003,2.9732,1875,0.13809561729431152,0.13809561729431152,0.521920919418335,0.6600165367126465,420.1353530883789,0.521920919418335,0.6600165367126465,420.1353530883789
nc_papers100m_195trainer_0hop_balanced_local_bs2048_800r,20260914_211623_ogbn-papers100M_FedAvg_bs2048_seed42_beta10000p0,ogbn-papers100M,FedAvg,2048,42,10000.0,626,validation,0.3004,2.9724,0.3004,2.9724,1878,0.13652443885803223,0.13652443885803223,0.5123348236083984,0.6488592624664307,420.78421235084534,0.5123348236083984,0.6488592624664307,420.78421235084534
nc_papers100m_195trainer_0hop_balanced_local_bs2048_800r,20260914_211623_ogbn-papers100M_FedAvg_bs2048_seed42_beta10000p0,ogbn-papers100M,FedAvg,2048,42,10000.0,627,validation,0.3005,2.9717,0.3005,2.9717,1881,0.13664817810058594,0.13664817810058594,0.527202844619751,0.6638510227203369,421.4480633735657,0.527202844619751,0.6638510227203369,421.4480633735657
nc_papers100m_195trainer_0hop_balanced_local_bs2048_800r,20260914_211623_ogbn-papers100M_FedAvg_bs2048_seed42_beta10000p0,ogbn-papers100M,FedAvg,2048,42,10000.0,628,validation,0.3007,2.9709,0.3007,2.9709,1884,0.13588857650756836,0.13588857650756836,0.5205342769622803,0.6564228534698486,422.1044862270355,0.5205342769622803,0.6564228534698486,422.1044862270355
nc_papers100m_195trainer_0hop_balanced_local_bs2048_800r,20260914_211623_ogbn-papers100M_FedAvg_bs2048_seed42_beta10000p0,ogbn-papers100M,FedAvg,2048,42,10000.0,629,validation,0.3009,2.9702,0.3009,2.9702,1887,0.13561654090881348,0.13561654090881348,0.5163214206695557,0.6519379615783691,422.7564241886139,0.5163214206695557,0.6519379615783691,422.7564241886139
nc_papers100m_195trainer_0hop_balanced_local_bs2048_800r,20260914_211623_ogbn-papers100M_FedAvg_bs2048_seed42_beta10000p0,ogbn-papers100M,FedAvg,2048,42,10000.0,630,validation,0.3011,2.9695,0.3011,2.9695,1890,0.13773131370544434,0.13773131370544434,0.5265533924102783,0.6642847061157227,423.4207088947296,0.5265533924102783,0.6642847061157227,423.4207088947296
nc_papers100m_195trainer_0hop_balanced_local_bs2048_800r,20260914_211623_ogbn-papers100M_FedAvg_bs2048_seed42_beta10000p0,ogbn-papers100M,FedAvg,2048,42,10000.0,631,validation,0.3012,2.9687,0.3012,2.9687,1893,0.1369948387145996,0.1369948387145996,0.5239667892456055,0.6609616279602051,424.0816705226898,0.5239667892456055,0.6609616279602051,424.0816705226898
nc_papers100m_195trainer_0hop_balanced_local_bs2048_800r,20260914_211623_ogbn-papers100M_FedAvg_bs2048_seed42_beta10000p0,ogbn-papers100M,FedAvg,2048,42,10000.0,632,validation,0.3013,2.968,0.3013,2.968,1896,0.13627338409423828,0.13627338409423828,0.519716739654541,0.6559901237487793,424.7376606464386,0.519716739654541,0.6559901237487793,424.7376606464386
nc_papers100m_195trainer_0hop_balanced_local_bs2048_800r,20260914_211623_ogbn-papers100M_FedAvg_bs2048_seed42_beta10000p0,ogbn-papers100M,FedAvg,2048,42,10000.0,633,validation,0.3013,2.9671,0.3013,2.9671,1899,0.13909244537353516,0.13909244537353516,0.5167346000671387,0.6558270454406738,425.3934876918793,0.5167346000671387,0.6558270454406738,425.3934876918793
nc_papers100m_195trainer_0hop_balanced_local_bs2048_800r,20260914_211623_ogbn-papers100M_FedAvg_bs2048_seed42_beta10000p0,ogbn-papers100M,FedAvg,2048,42,10000.0,634,validation,0.3015,2.9663,0.3015,2.9663,1902,0.13538312911987305,0.13538312911987305,0.5254416465759277,0.6608247756958008,426.0543124675751,0.5254416465759277,0.6608247756958008,426.0543124675751
nc_papers100m_195trainer_0hop_balanced_local_bs2048_800r,20260914_211623_ogbn-papers100M_FedAvg_bs2048_seed42_beta10000p0,ogbn-papers100M,FedAvg,2048,42,10000.0,635,validation,0.3016,2.9656,0.3016,2.9656,1905,0.13654541969299316,0.13654541969299316,0.5141637325286865,0.6507091522216797,426.70502161979675,0.5141637325286865,0.6507091522216797,426.70502161979675
nc_papers100m_195trainer_0hop_balanced_local_bs2048_800r,20260914_211623_ogbn-papers100M_FedAvg_bs2048_seed42_beta10000p0,ogbn-papers100M,FedAvg,2048,42,10000.0,636,validation,0.3016,2.9647,0.3016,2.9647,1908,0.1368265151977539,0.1368265151977539,0.5159590244293213,0.6527855396270752,427.3578071594238,0.5159590244293213,0.6527855396270752,427.3578071594238
nc_papers100m_195trainer_0hop_balanced_local_bs2048_800r,20260914_211623_ogbn-papers100M_FedAvg_bs2048_seed42_beta10000p0,ogbn-papers100M,FedAvg,2048,42,10000.0,637,validation,0.3017,2.9639,0.3017,2.9639,1911,0.1373133659362793,0.1373133659362793,0.5520575046539307,0.68937087059021,428.04717803001404,0.5520575046539307,0.68937087059021,428.04717803001404
nc_papers100m_195trainer_0hop_balanced_local_bs2048_800r,20260914_211623_ogbn-papers100M_FedAvg_bs2048_seed42_beta10000p0,ogbn-papers100M,FedAvg,2048,42,10000.0,638,validation,0.3018,2.9632,0.3018,2.9632,1914,0.13801813125610352,0.13801813125610352,0.5187487602233887,0.6567668914794922,428.70394492149353,0.5187487602233887,0.6567668914794922,428.70394492149353
nc_papers100m_195trainer_0hop_balanced_local_bs2048_800r,20260914_211623_ogbn-papers100M_FedAvg_bs2048_seed42_beta10000p0,ogbn-papers100M,FedAvg,2048,42,10000.0,639,validation,0.302,2.9625,0.302,2.9625,1917,0.13666844367980957,0.13666844367980957,0.5227305889129639,0.6593990325927734,429.3633439540863,0.5227305889129639,0.6593990325927734,429.3633439540863
nc_papers100m_195trainer_0hop_balanced_local_bs2048_800r,20260914_211623_ogbn-papers100M_FedAvg_bs2048_seed42_beta10000p0,ogbn-papers100M,FedAvg,2048,42,10000.0,640,validation,0.3022,2.9617,0.3022,2.9617,1920,0.13441872596740723,0.13441872596740723,0.5249402523040771,0.6593589782714844,430.0227029323578,0.5249402523040771,0.6593589782714844,430.0227029323578
nc_papers100m_195trainer_0hop_balanced_local_bs2048_800r,20260914_211623_ogbn-papers100M_FedAvg_bs2048_seed42_beta10000p0,ogbn-papers100M,FedAvg,2048,42,10000.0,641,validation,0.3023,2.961,0.3023,2.961,1923,0.13549232482910156,0.13549232482910156,0.5148904323577881,0.6503827571868896,430.6730856895447,0.5148904323577881,0.6503827571868896,430.6730856895447
nc_papers100m_195trainer_0hop_balanced_local_bs2048_800r,20260914_211623_ogbn-papers100M_FedAvg_bs2048_seed42_beta10000p0,ogbn-papers100M,FedAvg,2048,42,10000.0,642,validation,0.3024,2.9602,0.3024,2.9602,1926,0.13591241836547852,0.13591241836547852,0.5136744976043701,0.6495869159698486,431.3226726055145,0.5136744976043701,0.6495869159698486,431.3226726055145
nc_papers100m_195trainer_0hop_balanced_local_bs2048_800r,20260914_211623_ogbn-papers100M_FedAvg_bs2048_seed42_beta10000p0,ogbn-papers100M,FedAvg,2048,42,10000.0,643,validation,0.3027,2.9595,0.3027,2.9595,1929,0.1357421875,0.1357421875,0.5252909660339355,0.6610331535339355,431.98370575904846,0.5252909660339355,0.6610331535339355,431.98370575904846
nc_papers100m_195trainer_0hop_balanced_local_bs2048_800r,20260914_211623_ogbn-papers100M_FedAvg_bs2048_seed42_beta10000p0,ogbn-papers100M,FedAvg,2048,42,10000.0,644,validation,0.3028,2.9588,0.3028,2.9588,1932,0.13641667366027832,0.13641667366027832,0.5327773094177246,0.6691939830780029,432.65289974212646,0.5327773094177246,0.6691939830780029,432.65289974212646
nc_papers100m_195trainer_0hop_balanced_local_bs2048_800r,20260914_211623_ogbn-papers100M_FedAvg_bs2048_seed42_beta10000p0,ogbn-papers100M,FedAvg,2048,42,10000.0,645,validation,0.3029,2.958,0.3029,2.958,1935,0.1374647617340088,0.1374647617340088,0.5201654434204102,0.657630205154419,433.3105299472809,0.5201654434204102,0.657630205154419,433.3105299472809
nc_papers100m_195trainer_0hop_balanced_local_bs2048_800r,20260914_211623_ogbn-papers100M_FedAvg_bs2048_seed42_beta10000p0,ogbn-papers100M,FedAvg,2048,42,10000.0,646,validation,0.303,2.9572,0.303,2.9572,1938,0.14173054695129395,0.14173054695129395,0.5161664485931396,0.6578969955444336,433.9684269428253,0.5161664485931396,0.6578969955444336,433.9684269428253
nc_papers100m_195trainer_0hop_balanced_local_bs2048_800r,20260914_211623_ogbn-papers100M_FedAvg_bs2048_seed42_beta10000p0,ogbn-papers100M,FedAvg,2048,42,10000.0,647,validation,0.3032,2.9563,0.3032,2.9563,1941,0.13829517364501953,0.13829517364501953,0.5242927074432373,0.6625878810882568,434.6310148239136,0.5242927074432373,0.6625878810882568,434.6310148239136
nc_papers100m_195trainer_0hop_balanced_local_bs2048_800r,20260914_211623_ogbn-papers100M_FedAvg_bs2048_seed42_beta10000p0,ogbn-papers100M,FedAvg,2048,42,10000.0,648,validation,0.3033,2.9557,0.3033,2.9557,1944,0.13663268089294434,0.13663268089294434,0.5235943794250488,0.6602270603179932,435.29124188423157,0.5235943794250488,0.6602270603179932,435.29124188423157
nc_papers100m_195trainer_0hop_balanced_local_bs2048_800r,20260914_211623_ogbn-papers100M_FedAvg_bs2048_seed42_beta10000p0,ogbn-papers100M,FedAvg,2048,42,10000.0,649,validation,0.3035,2.955,0.3035,2.955,1947,0.13802123069763184,0.13802123069763184,0.5255610942840576,0.6635823249816895,435.95482420921326,0.5255610942840576,0.6635823249816895,435.95482420921326
nc_papers100m_195trainer_0hop_balanced_local_bs2048_800r,20260914_211623_ogbn-papers100M_FedAvg_bs2048_seed42_beta10000p0,ogbn-papers100M,FedAvg,2048,42,10000.0,650,validation,0.3035,2.9541,0.3035,2.9541,1950,0.13587498664855957,0.13587498664855957,0.5263807773590088,0.6622557640075684,436.6170799732208,0.5263807773590088,0.6622557640075684,436.6170799732208
nc_papers100m_195trainer_0hop_balanced_local_bs2048_800r,20260914_211623_ogbn-papers100M_FedAvg_bs2048_seed42_beta10000p0,ogbn-papers100M,FedAvg,2048,42,10000.0,651,validation,0.3037,2.9534,0.3037,2.9534,1953,0.1360018253326416,0.1360018253326416,0.5568926334381104,0.692894458770752,437.3099744319916,0.5568926334381104,0.692894458770752,437.3099744319916
nc_papers100m_195trainer_0hop_balanced_local_bs2048_800r,20260914_211623_ogbn-papers100M_FedAvg_bs2048_seed42_beta10000p0,ogbn-papers100M,FedAvg,2048,42,10000.0,652,validation,0.3038,2.9526,0.3038,2.9526,1956,0.13730406761169434,0.13730406761169434,0.512479305267334,0.6497833728790283,437.9597578048706,0.512479305267334,0.6497833728790283,437.9597578048706
nc_papers100m_195trainer_0hop_balanced_local_bs2048_800r,20260914_211623_ogbn-papers100M_FedAvg_bs2048_seed42_beta10000p0,ogbn-papers100M,FedAvg,2048,42,10000.0,653,validation,0.304,2.9518,0.304,2.9518,1959,0.13617849349975586,0.13617849349975586,0.5305042266845703,0.6666827201843262,438.62644052505493,0.5305042266845703,0.6666827201843262,438.62644052505493
nc_papers100m_195trainer_0hop_balanced_local_bs2048_800r,20260914_211623_ogbn-papers100M_FedAvg_bs2048_seed42_beta10000p0,ogbn-papers100M,FedAvg,2048,42,10000.0,654,validation,0.3039,2.9511,0.3039,2.9511,1962,0.14183950424194336,0.14183950424194336,0.52158522605896,0.6634247303009033,439.28986525535583,0.52158522605896,0.6634247303009033,439.28986525535583
nc_papers100m_195trainer_0hop_balanced_local_bs2048_800r,20260914_211623_ogbn-papers100M_FedAvg_bs2048_seed42_beta10000p0,ogbn-papers100M,FedAvg,2048,42,10000.0,655,validation,0.3042,2.9502,0.3042,2.9502,1965,0.13637471199035645,0.13637471199035645,0.5136172771453857,0.6499919891357422,439.9398572444916,0.5136172771453857,0.6499919891357422,439.9398572444916
nc_papers100m_195trainer_0hop_balanced_local_bs2048_800r,20260914_211623_ogbn-papers100M_FedAvg_bs2048_seed42_beta10000p0,ogbn-papers100M,FedAvg,2048,42,10000.0,656,validation,0.3043,2.9495,0.3043,2.9495,1968,0.14046645164489746,0.14046645164489746,0.514660120010376,0.6551265716552734,440.59498381614685,0.514660120010376,0.6551265716552734,440.59498381614685
nc_papers100m_195trainer_0hop_balanced_local_bs2048_800r,20260914_211623_ogbn-papers100M_FedAvg_bs2048_seed42_beta10000p0,ogbn-papers100M,FedAvg,2048,42,10000.0,657,validation,0.3043,2.9488,0.3043,2.9488,1971,0.1353926658630371,0.1353926658630371,0.5182814598083496,0.6536741256713867,441.24865794181824,0.5182814598083496,0.6536741256713867,441.24865794181824
nc_papers100m_195trainer_0hop_balanced_local_bs2048_800r,20260914_211623_ogbn-papers100M_FedAvg_bs2048_seed42_beta10000p0,ogbn-papers100M,FedAvg,2048,42,10000.0,658,validation,0.3045,2.9481,0.3045,2.9481,1974,0.13926029205322266,0.13926029205322266,0.5201125144958496,0.6593728065490723,441.9080307483673,0.5201125144958496,0.6593728065490723,441.9080307483673
nc_papers100m_195trainer_0hop_balanced_local_bs2048_800r,20260914_211623_ogbn-papers100M_FedAvg_bs2048_seed42_beta10000p0,ogbn-papers100M,FedAvg,2048,42,10000.0,659,validation,0.3045,2.9475,0.3045,2.9475,1977,0.14051270484924316,0.14051270484924316,0.5175769329071045,0.6580896377563477,442.56612038612366,0.5175769329071045,0.6580896377563477,442.56612038612366
nc_papers100m_195trainer_0hop_balanced_local_bs2048_800r,20260914_211623_ogbn-papers100M_FedAvg_bs2048_seed42_beta10000p0,ogbn-papers100M,FedAvg,2048,42,10000.0,660,validation,0.3047,2.9467,0.3047,2.9467,1980,0.13904237747192383,0.13904237747192383,0.5223636627197266,0.6614060401916504,443.2275264263153,0.5223636627197266,0.6614060401916504,443.2275264263153
nc_papers100m_195trainer_0hop_balanced_local_bs2048_800r,20260914_211623_ogbn-papers100M_FedAvg_bs2048_seed42_beta10000p0,ogbn-papers100M,FedAvg,2048,42,10000.0,661,validation,0.3048,2.9459,0.3048,2.9459,1983,0.1368694305419922,0.1368694305419922,0.5196824073791504,0.6565518379211426,443.88407826423645,0.5196824073791504,0.6565518379211426,443.88407826423645
nc_papers100m_195trainer_0hop_balanced_local_bs2048_800r,20260914_211623_ogbn-papers100M_FedAvg_bs2048_seed42_beta10000p0,ogbn-papers100M,FedAvg,2048,42,10000.0,662,validation,0.3048,2.9452,0.3048,2.9452,1986,0.13635778427124023,0.13635778427124023,0.5156233310699463,0.6519811153411865,444.53605937957764,0.5156233310699463,0.6519811153411865,444.53605937957764
nc_papers100m_195trainer_0hop_balanced_local_bs2048_800r,20260914_211623_ogbn-papers100M_FedAvg_bs2048_seed42_beta10000p0,ogbn-papers100M,FedAvg,2048,42,10000.0,663,validation,0.305,2.9445,0.305,2.9445,1989,0.1371927261352539,0.1371927261352539,0.5304663181304932,0.6676590442657471,445.2037184238434,0.5304663181304932,0.6676590442657471,445.2037184238434
nc_papers100m_195trainer_0hop_balanced_local_bs2048_800r,20260914_211623_ogbn-papers100M_FedAvg_bs2048_seed42_beta10000p0,ogbn-papers100M,FedAvg,2048,42,10000.0,664,validation,0.305,2.9437,0.305,2.9437,1992,0.1404416561126709,0.1404416561126709,0.5127837657928467,0.6532254219055176,445.8569438457489,0.5127837657928467,0.6532254219055176,445.8569438457489
nc_papers100m_195trainer_0hop_balanced_local_bs2048_800r,20260914_211623_ogbn-papers100M_FedAvg_bs2048_seed42_beta10000p0,ogbn-papers100M,FedAvg,2048,42,10000.0,665,validation,0.3052,2.9429,0.3052,2.9429,1995,0.14103913307189941,0.14103913307189941,0.552344799041748,0.6933839321136475,446.55032777786255,0.552344799041748,0.6933839321136475,446.55032777786255
nc_papers100m_195trainer_0hop_balanced_local_bs2048_800r,20260914_211623_ogbn-papers100M_FedAvg_bs2048_seed42_beta10000p0,ogbn-papers100M,FedAvg,2048,42,10000.0,666,validation,0.3053,2.9421,0.3053,2.9421,1998,0.1396317481994629,0.1396317481994629,0.5233652591705322,0.6629970073699951,447.21332478523254,0.5233652591705322,0.6629970073699951,447.21332478523254
nc_papers100m_195trainer_0hop_balanced_local_bs2048_800r,20260914_211623_ogbn-papers100M_FedAvg_bs2048_seed42_beta10000p0,ogbn-papers100M,FedAvg,2048,42,10000.0,667,validation,0.3055,2.9414,0.3055,2.9414,2001,0.1356363296508789,0.1356363296508789,0.5210590362548828,0.6566953659057617,447.8700201511383,0.5210590362548828,0.6566953659057617,447.8700201511383
nc_papers100m_195trainer_0hop_balanced_local_bs2048_800r,20260914_211623_ogbn-papers100M_FedAvg_bs2048_seed42_beta10000p0,ogbn-papers100M,FedAvg,2048,42,10000.0,668,validation,0.3058,2.9406,0.3058,2.9406,2004,0.13752269744873047,0.13752269744873047,0.5219297409057617,0.6594524383544922,448.5294725894928,0.5219297409057617,0.6594524383544922,448.5294725894928
nc_papers100m_195trainer_0hop_balanced_local_bs2048_800r,20260914_211623_ogbn-papers100M_FedAvg_bs2048_seed42_beta10000p0,ogbn-papers100M,FedAvg,2048,42,10000.0,669,validation,0.3057,2.94,0.3057,2.94,2007,0.13694357872009277,0.13694357872009277,0.5203738212585449,0.6573173999786377,449.18678998947144,0.5203738212585449,0.6573173999786377,449.18678998947144
nc_papers100m_195trainer_0hop_balanced_local_bs2048_800r,20260914_211623_ogbn-papers100M_FedAvg_bs2048_seed42_beta10000p0,ogbn-papers100M,FedAvg,2048,42,10000.0,670,validation,0.3058,2.9394,0.3058,2.9394,2010,0.13612031936645508,0.13612031936645508,0.5237667560577393,0.6598870754241943,449.84667706489563,0.5237667560577393,0.6598870754241943,449.84667706489563
nc_papers100m_195trainer_0hop_balanced_local_bs2048_800r,20260914_211623_ogbn-papers100M_FedAvg_bs2048_seed42_beta10000p0,ogbn-papers100M,FedAvg,2048,42,10000.0,671,validation,0.3059,2.9386,0.3059,2.9386,2013,0.136430025100708,0.136430025100708,0.5242109298706055,0.6606409549713135,450.50731801986694,0.5242109298706055,0.6606409549713135,450.50731801986694
nc_papers100m_195trainer_0hop_balanced_local_bs2048_800r,20260914_211623_ogbn-papers100M_FedAvg_bs2048_seed42_beta10000p0,ogbn-papers100M,FedAvg,2048,42,10000.0,672,validation,0.306,2.9378,0.306,2.9378,2016,0.13577842712402344,0.13577842712402344,0.5161046981811523,0.6518831253051758,451.1592011451721,0.5161046981811523,0.6518831253051758,451.1592011451721
nc_papers100m_195trainer_0hop_balanced_local_bs2048_800r,20260914_211623_ogbn-papers100M_FedAvg_bs2048_seed42_beta10000p0,ogbn-papers100M,FedAvg,2048,42,10000.0,673,validation,0.3061,2.9372,0.3061,2.9372,2019,0.13627171516418457,0.13627171516418457,0.5335159301757812,0.6697876453399658,451.8289887905121,0.5335159301757812,0.6697876453399658,451.8289887905121
nc_papers100m_195trainer_0hop_balanced_local_bs2048_800r,20260914_211623_ogbn-papers100M_FedAvg_bs2048_seed42_beta10000p0,ogbn-papers100M,FedAvg,2048,42,10000.0,674,validation,0.3063,2.9364,0.3063,2.9364,2022,0.13762950897216797,0.13762950897216797,0.5249817371368408,0.6626112461090088,452.4916000366211,0.5249817371368408,0.6626112461090088,452.4916000366211
nc_papers100m_195trainer_0hop_balanced_local_bs2048_800r,20260914_211623_ogbn-papers100M_FedAvg_bs2048_seed42_beta10000p0,ogbn-papers100M,FedAvg,2048,42,10000.0,675,validation,0.3064,2.9356,0.3064,2.9356,2025,0.13598942756652832,0.13598942756652832,0.5255200862884521,0.6615095138549805,453.1531095504761,0.5255200862884521,0.6615095138549805,453.1531095504761
nc_papers100m_195trainer_0hop_balanced_local_bs2048_800r,20260914_211623_ogbn-papers100M_FedAvg_bs2048_seed42_beta10000p0,ogbn-papers100M,FedAvg,2048,42,10000.0,676,validation,0.3065,2.9349,0.3065,2.9349,2028,0.13662028312683105,0.13662028312683105,0.5421631336212158,0.6787834167480469,453.8318929672241,0.5421631336212158,0.6787834167480469,453.8318929672241
nc_papers100m_195trainer_0hop_balanced_local_bs2048_800r,20260914_211623_ogbn-papers100M_FedAvg_bs2048_seed42_beta10000p0,ogbn-papers100M,FedAvg,2048,42,10000.0,677,validation,0.3066,2.9342,0.3066,2.9342,2031,0.13720464706420898,0.13720464706420898,0.5331642627716064,0.6703689098358154,454.50226187705994,0.5331642627716064,0.6703689098358154,454.50226187705994
nc_papers100m_195trainer_0hop_balanced_local_bs2048_800r,20260914_211623_ogbn-papers100M_FedAvg_bs2048_seed42_beta10000p0,ogbn-papers100M,FedAvg,2048,42,10000.0,678,validation,0.3069,2.9335,0.3069,2.9335,2034,0.13632440567016602,0.13632440567016602,0.5119533538818359,0.648277759552002,455.15053963661194,0.5119533538818359,0.648277759552002,455.15053963661194
nc_papers100m_195trainer_0hop_balanced_local_bs2048_800r,20260914_211623_ogbn-papers100M_FedAvg_bs2048_seed42_beta10000p0,ogbn-papers100M,FedAvg,2048,42,10000.0,679,validation,0.307,2.9328,0.307,2.9328,2037,0.14064788818359375,0.14064788818359375,0.5484473705291748,0.6890952587127686,455.8396348953247,0.5484473705291748,0.6890952587127686,455.8396348953247
nc_papers100m_195trainer_0hop_balanced_local_bs2048_800r,20260914_211623_ogbn-papers100M_FedAvg_bs2048_seed42_beta10000p0,ogbn-papers100M,FedAvg,2048,42,10000.0,680,validation,0.307,2.932,0.307,2.932,2040,0.13616585731506348,0.13616585731506348,0.5301518440246582,0.6663177013397217,456.50595259666443,0.5301518440246582,0.6663177013397217,456.50595259666443
nc_papers100m_195trainer_0hop_balanced_local_bs2048_800r,20260914_211623_ogbn-papers100M_FedAvg_bs2048_seed42_beta10000p0,ogbn-papers100M,FedAvg,2048,42,10000.0,681,validation,0.3073,2.9312,0.3073,2.9312,2043,0.13654661178588867,0.13654661178588867,0.5279858112335205,0.6645324230194092,457.17048501968384,0.5279858112335205,0.6645324230194092,457.17048501968384
nc_papers100m_195trainer_0hop_balanced_local_bs2048_800r,20260914_211623_ogbn-papers100M_FedAvg_bs2048_seed42_beta10000p0,ogbn-papers100M,FedAvg,2048,42,10000.0,682,validation,0.3072,2.9306,0.3072,2.9306,2046,0.1453099250793457,0.1453099250793457,0.5207579135894775,0.6660678386688232,457.83655285835266,0.5207579135894775,0.6660678386688232,457.83655285835266
nc_papers100m_195trainer_0hop_balanced_local_bs2048_800r,20260914_211623_ogbn-papers100M_FedAvg_bs2048_seed42_beta10000p0,ogbn-papers100M,FedAvg,2048,42,10000.0,683,validation,0.3074,2.93,0.3074,2.93,2049,0.13626599311828613,0.13626599311828613,0.530768871307373,0.6670348644256592,458.5035877227783,0.530768871307373,0.6670348644256592,458.5035877227783
nc_papers100m_195trainer_0hop_balanced_local_bs2048_800r,20260914_211623_ogbn-papers100M_FedAvg_bs2048_seed42_beta10000p0,ogbn-papers100M,FedAvg,2048,42,10000.0,684,validation,0.3074,2.9292,0.3074,2.9292,2052,0.13679170608520508,0.13679170608520508,0.5266857147216797,0.6634774208068848,459.1670651435852,0.5266857147216797,0.6634774208068848,459.1670651435852
nc_papers100m_195trainer_0hop_balanced_local_bs2048_800r,20260914_211623_ogbn-papers100M_FedAvg_bs2048_seed42_beta10000p0,ogbn-papers100M,FedAvg,2048,42,10000.0,685,validation,0.3075,2.9284,0.3075,2.9284,2055,0.13607215881347656,0.13607215881347656,0.5153892040252686,0.6514613628387451,459.81852650642395,0.5153892040252686,0.6514613628387451,459.81852650642395
nc_papers100m_195trainer_0hop_balanced_local_bs2048_800r,20260914_211623_ogbn-papers100M_FedAvg_bs2048_seed42_beta10000p0,ogbn-papers100M,FedAvg,2048,42,10000.0,686,validation,0.3076,2.9279,0.3076,2.9279,2058,0.1362166404724121,0.1362166404724121,0.5296671390533447,0.6658837795257568,460.4844102859497,0.5296671390533447,0.6658837795257568,460.4844102859497
nc_papers100m_195trainer_0hop_balanced_local_bs2048_800r,20260914_211623_ogbn-papers100M_FedAvg_bs2048_seed42_beta10000p0,ogbn-papers100M,FedAvg,2048,42,10000.0,687,validation,0.3078,2.9272,0.3078,2.9272,2061,0.13530707359313965,0.13530707359313965,0.5376608371734619,0.6729679107666016,461.1573781967163,0.5376608371734619,0.6729679107666016,461.1573781967163
nc_papers100m_195trainer_0hop_balanced_local_bs2048_800r,20260914_211623_ogbn-papers100M_FedAvg_bs2048_seed42_beta10000p0,ogbn-papers100M,FedAvg,2048,42,10000.0,688,validation,0.3079,2.9266,0.3079,2.9266,2064,0.1348276138305664,0.1348276138305664,0.5204448699951172,0.6552724838256836,461.812650680542,0.5204448699951172,0.6552724838256836,461.812650680542
nc_papers100m_195trainer_0hop_balanced_local_bs2048_800r,20260914_211623_ogbn-papers100M_FedAvg_bs2048_seed42_beta10000p0,ogbn-papers100M,FedAvg,2048,42,10000.0,689,validation,0.308,2.926,0.308,2.926,2067,0.14100408554077148,0.14100408554077148,0.5318782329559326,0.6728823184967041,462.4855329990387,0.5318782329559326,0.6728823184967041,462.4855329990387
nc_papers100m_195trainer_0hop_balanced_local_bs2048_800r,20260914_211623_ogbn-papers100M_FedAvg_bs2048_seed42_beta10000p0,ogbn-papers100M,FedAvg,2048,42,10000.0,690,validation,0.308,2.9252,0.308,2.9252,2070,0.14123225212097168,0.14123225212097168,0.531325101852417,0.6725573539733887,463.1580903530121,0.531325101852417,0.6725573539733887,463.1580903530121
nc_papers100m_195trainer_0hop_balanced_local_bs2048_800r,20260914_211623_ogbn-papers100M_FedAvg_bs2048_seed42_beta10000p0,ogbn-papers100M,FedAvg,2048,42,10000.0,691,validation,0.3082,2.9245,0.3082,2.9245,2073,0.1368710994720459,0.1368710994720459,0.5232686996459961,0.660139799118042,463.8182301521301,0.5232686996459961,0.660139799118042,463.8182301521301
nc_papers100m_195trainer_0hop_balanced_local_bs2048_800r,20260914_211623_ogbn-papers100M_FedAvg_bs2048_seed42_beta10000p0,ogbn-papers100M,FedAvg,2048,42,10000.0,692,validation,0.3085,2.9238,0.3085,2.9238,2076,0.1364755630493164,0.1364755630493164,0.5189485549926758,0.6554241180419922,464.4736542701721,0.5189485549926758,0.6554241180419922,464.4736542701721
nc_papers100m_195trainer_0hop_balanced_local_bs2048_800r,20260914_211623_ogbn-papers100M_FedAvg_bs2048_seed42_beta10000p0,ogbn-papers100M,FedAvg,2048,42,10000.0,693,validation,0.3084,2.923,0.3084,2.923,2079,0.13571715354919434,0.13571715354919434,0.5694787502288818,0.7051959037780762,465.1788501739502,0.5694787502288818,0.7051959037780762,465.1788501739502
nc_papers100m_195trainer_0hop_balanced_local_bs2048_800r,20260914_211623_ogbn-papers100M_FedAvg_bs2048_seed42_beta10000p0,ogbn-papers100M,FedAvg,2048,42,10000.0,694,validation,0.3086,2.9223,0.3086,2.9223,2082,0.13504838943481445,0.13504838943481445,0.5256242752075195,0.660672664642334,465.83952283859253,0.5256242752075195,0.660672664642334,465.83952283859253
nc_papers100m_195trainer_0hop_balanced_local_bs2048_800r,20260914_211623_ogbn-papers100M_FedAvg_bs2048_seed42_beta10000p0,ogbn-papers100M,FedAvg,2048,42,10000.0,695,validation,0.3086,2.9218,0.3086,2.9218,2085,0.13713717460632324,0.13713717460632324,0.5230684280395508,0.660205602645874,466.4997284412384,0.5230684280395508,0.660205602645874,466.4997284412384
nc_papers100m_195trainer_0hop_balanced_local_bs2048_800r,20260914_211623_ogbn-papers100M_FedAvg_bs2048_seed42_beta10000p0,ogbn-papers100M,FedAvg,2048,42,10000.0,696,validation,0.3089,2.9209,0.3089,2.9209,2088,0.13695812225341797,0.13695812225341797,0.533268928527832,0.67022705078125,467.16995549201965,0.533268928527832,0.67022705078125,467.16995549201965
nc_papers100m_195trainer_0hop_balanced_local_bs2048_800r,20260914_211623_ogbn-papers100M_FedAvg_bs2048_seed42_beta10000p0,ogbn-papers100M,FedAvg,2048,42,10000.0,697,validation,0.309,2.9202,0.309,2.9202,2091,0.13967156410217285,0.13967156410217285,0.5239560604095459,0.6636276245117188,467.8335831165314,0.5239560604095459,0.6636276245117188,467.8335831165314
nc_papers100m_195trainer_0hop_balanced_local_bs2048_800r,20260914_211623_ogbn-papers100M_FedAvg_bs2048_seed42_beta10000p0,ogbn-papers100M,FedAvg,2048,42,10000.0,698,validation,0.309,2.9194,0.309,2.9194,2094,0.13621234893798828,0.13621234893798828,0.5154657363891602,0.6516780853271484,468.4852612018585,0.5154657363891602,0.6516780853271484,468.4852612018585
nc_papers100m_195trainer_0hop_balanced_local_bs2048_800r,20260914_211623_ogbn-papers100M_FedAvg_bs2048_seed42_beta10000p0,ogbn-papers100M,FedAvg,2048,42,10000.0,699,validation,0.3091,2.9189,0.3091,2.9189,2097,0.14034533500671387,0.14034533500671387,0.5163538455963135,0.6566991806030273,469.14196038246155,0.5163538455963135,0.6566991806030273,469.14196038246155
nc_papers100m_195trainer_0hop_balanced_local_bs2048_800r,20260914_211623_ogbn-papers100M_FedAvg_bs2048_seed42_beta10000p0,ogbn-papers100M,FedAvg,2048,42,10000.0,700,validation,0.3093,2.9183,0.3093,2.9183,2100,0.1357576847076416,0.1357576847076416,0.5291488170623779,0.6649065017700195,469.80686688423157,0.5291488170623779,0.6649065017700195,469.80686688423157
nc_papers100m_195trainer_0hop_balanced_local_bs2048_800r,20260914_211623_ogbn-papers100M_FedAvg_bs2048_seed42_beta10000p0,ogbn-papers100M,FedAvg,2048,42,10000.0,701,validation,0.3095,2.9176,0.3095,2.9176,2103,0.13515782356262207,0.13515782356262207,0.5303304195404053,0.6654882431030273,470.4723551273346,0.5303304195404053,0.6654882431030273,470.4723551273346
nc_papers100m_195trainer_0hop_balanced_local_bs2048_800r,20260914_211623_ogbn-papers100M_FedAvg_bs2048_seed42_beta10000p0,ogbn-papers100M,FedAvg,2048,42,10000.0,702,validation,0.3095,2.917,0.3095,2.917,2106,0.13689064979553223,0.13689064979553223,0.5221071243286133,0.6589977741241455,471.13135290145874,0.5221071243286133,0.6589977741241455,471.13135290145874
nc_papers100m_195trainer_0hop_balanced_local_bs2048_800r,20260914_211623_ogbn-papers100M_FedAvg_bs2048_seed42_beta10000p0,ogbn-papers100M,FedAvg,2048,42,10000.0,703,validation,0.3097,2.9162,0.3097,2.9162,2109,0.13483405113220215,0.13483405113220215,0.5330679416656494,0.6679019927978516,471.7992548942566,0.5330679416656494,0.6679019927978516,471.7992548942566
nc_papers100m_195trainer_0hop_balanced_local_bs2048_800r,20260914_211623_ogbn-papers100M_FedAvg_bs2048_seed42_beta10000p0,ogbn-papers100M,FedAvg,2048,42,10000.0,704,validation,0.3099,2.9155,0.3099,2.9155,2112,0.13442587852478027,0.13442587852478027,0.5241811275482178,0.658607006072998,472.4578619003296,0.5241811275482178,0.658607006072998,472.4578619003296
nc_papers100m_195trainer_0hop_balanced_local_bs2048_800r,20260914_211623_ogbn-papers100M_FedAvg_bs2048_seed42_beta10000p0,ogbn-papers100M,FedAvg,2048,42,10000.0,705,validation,0.31,2.9149,0.31,2.9149,2115,0.1379241943359375,0.1379241943359375,0.516355037689209,0.6542792320251465,473.11214113235474,0.516355037689209,0.6542792320251465,473.11214113235474
nc_papers100m_195trainer_0hop_balanced_local_bs2048_800r,20260914_211623_ogbn-papers100M_FedAvg_bs2048_seed42_beta10000p0,ogbn-papers100M,FedAvg,2048,42,10000.0,706,validation,0.3101,2.9142,0.3101,2.9142,2118,0.13546967506408691,0.13546967506408691,0.5204248428344727,0.6558945178985596,473.7680356502533,0.5204248428344727,0.6558945178985596,473.7680356502533
nc_papers100m_195trainer_0hop_balanced_local_bs2048_800r,20260914_211623_ogbn-papers100M_FedAvg_bs2048_seed42_beta10000p0,ogbn-papers100M,FedAvg,2048,42,10000.0,707,validation,0.3102,2.9136,0.3102,2.9136,2121,0.13463664054870605,0.13463664054870605,0.5515627861022949,0.686199426651001,474.4542350769043,0.5515627861022949,0.686199426651001,474.4542350769043
nc_papers100m_195trainer_0hop_balanced_local_bs2048_800r,20260914_211623_ogbn-papers100M_FedAvg_bs2048_seed42_beta10000p0,ogbn-papers100M,FedAvg,2048,42,10000.0,708,validation,0.3104,2.9128,0.3104,2.9128,2124,0.1364281177520752,0.1364281177520752,0.5147206783294678,0.651148796081543,475.10538387298584,0.5147206783294678,0.651148796081543,475.10538387298584
nc_papers100m_195trainer_0hop_balanced_local_bs2048_800r,20260914_211623_ogbn-papers100M_FedAvg_bs2048_seed42_beta10000p0,ogbn-papers100M,FedAvg,2048,42,10000.0,709,validation,0.3105,2.9122,0.3105,2.9122,2127,0.1413593292236328,0.1413593292236328,0.5196259021759033,0.6609852313995361,475.7663691043854,0.5196259021759033,0.6609852313995361,475.7663691043854
nc_papers100m_195trainer_0hop_balanced_local_bs2048_800r,20260914_211623_ogbn-papers100M_FedAvg_bs2048_seed42_beta10000p0,ogbn-papers100M,FedAvg,2048,42,10000.0,710,validation,0.3105,2.9114,0.3105,2.9114,2130,0.13678741455078125,0.13678741455078125,0.5256774425506592,0.6624648571014404,476.4288339614868,0.5256774425506592,0.6624648571014404,476.4288339614868
nc_papers100m_195trainer_0hop_balanced_local_bs2048_800r,20260914_211623_ogbn-papers100M_FedAvg_bs2048_seed42_beta10000p0,ogbn-papers100M,FedAvg,2048,42,10000.0,711,validation,0.3108,2.9106,0.3108,2.9106,2133,0.13828015327453613,0.13828015327453613,0.5229253768920898,0.661205530166626,477.09003949165344,0.5229253768920898,0.661205530166626,477.09003949165344
nc_papers100m_195trainer_0hop_balanced_local_bs2048_800r,20260914_211623_ogbn-papers100M_FedAvg_bs2048_seed42_beta10000p0,ogbn-papers100M,FedAvg,2048,42,10000.0,712,validation,0.311,2.91,0.311,2.91,2136,0.13555002212524414,0.13555002212524414,0.5191469192504883,0.6546969413757324,477.7447364330292,0.5191469192504883,0.6546969413757324,477.7447364330292
nc_papers100m_195trainer_0hop_balanced_local_bs2048_800r,20260914_211623_ogbn-papers100M_FedAvg_bs2048_seed42_beta10000p0,ogbn-papers100M,FedAvg,2048,42,10000.0,713,validation,0.3111,2.9093,0.3111,2.9093,2139,0.13721036911010742,0.13721036911010742,0.5244560241699219,0.6616663932800293,478.4064028263092,0.5244560241699219,0.6616663932800293,478.4064028263092
nc_papers100m_195trainer_0hop_balanced_local_bs2048_800r,20260914_211623_ogbn-papers100M_FedAvg_bs2048_seed42_beta10000p0,ogbn-papers100M,FedAvg,2048,42,10000.0,714,validation,0.3112,2.9086,0.3112,2.9086,2142,0.13817405700683594,0.13817405700683594,0.525383472442627,0.6635575294494629,479.06996035575867,0.525383472442627,0.6635575294494629,479.06996035575867
nc_papers100m_195trainer_0hop_balanced_local_bs2048_800r,20260914_211623_ogbn-papers100M_FedAvg_bs2048_seed42_beta10000p0,ogbn-papers100M,FedAvg,2048,42,10000.0,715,validation,0.3112,2.9081,0.3112,2.9081,2145,0.13648748397827148,0.13648748397827148,0.5207638740539551,0.6572513580322266,479.7272117137909,0.5207638740539551,0.6572513580322266,479.7272117137909
nc_papers100m_195trainer_0hop_balanced_local_bs2048_800r,20260914_211623_ogbn-papers100M_FedAvg_bs2048_seed42_beta10000p0,ogbn-papers100M,FedAvg,2048,42,10000.0,716,validation,0.3113,2.9075,0.3113,2.9075,2148,0.13683009147644043,0.13683009147644043,0.5204083919525146,0.6572384834289551,480.38445019721985,0.5204083919525146,0.6572384834289551,480.38445019721985
nc_papers100m_195trainer_0hop_balanced_local_bs2048_800r,20260914_211623_ogbn-papers100M_FedAvg_bs2048_seed42_beta10000p0,ogbn-papers100M,FedAvg,2048,42,10000.0,717,validation,0.3113,2.9068,0.3113,2.9068,2151,0.1353905200958252,0.1353905200958252,0.5298676490783691,0.6652581691741943,481.04970836639404,0.5298676490783691,0.6652581691741943,481.04970836639404
nc_papers100m_195trainer_0hop_balanced_local_bs2048_800r,20260914_211623_ogbn-papers100M_FedAvg_bs2048_seed42_beta10000p0,ogbn-papers100M,FedAvg,2048,42,10000.0,718,validation,0.3113,2.9061,0.3113,2.9061,2154,0.1359255313873291,0.1359255313873291,0.5177528858184814,0.6536784172058105,481.70338678359985,0.5177528858184814,0.6536784172058105,481.70338678359985
nc_papers100m_195trainer_0hop_balanced_local_bs2048_800r,20260914_211623_ogbn-papers100M_FedAvg_bs2048_seed42_beta10000p0,ogbn-papers100M,FedAvg,2048,42,10000.0,719,validation,0.3116,2.9055,0.3116,2.9055,2157,0.13887715339660645,0.13887715339660645,0.5243957042694092,0.6632728576660156,482.36665964126587,0.5243957042694092,0.6632728576660156,482.36665964126587
nc_papers100m_195trainer_0hop_balanced_local_bs2048_800r,20260914_211623_ogbn-papers100M_FedAvg_bs2048_seed42_beta10000p0,ogbn-papers100M,FedAvg,2048,42,10000.0,720,validation,0.3118,2.9047,0.3118,2.9047,2160,0.13944458961486816,0.13944458961486816,0.5191490650177002,0.6585936546325684,483.02525329589844,0.5191490650177002,0.6585936546325684,483.02525329589844
nc_papers100m_195trainer_0hop_balanced_local_bs2048_800r,20260914_211623_ogbn-papers100M_FedAvg_bs2048_seed42_beta10000p0,ogbn-papers100M,FedAvg,2048,42,10000.0,721,validation,0.3118,2.9041,0.3118,2.9041,2163,0.13806843757629395,0.13806843757629395,0.5382251739501953,0.6762936115264893,483.7015469074249,0.5382251739501953,0.6762936115264893,483.7015469074249
nc_papers100m_195trainer_0hop_balanced_local_bs2048_800r,20260914_211623_ogbn-papers100M_FedAvg_bs2048_seed42_beta10000p0,ogbn-papers100M,FedAvg,2048,42,10000.0,722,validation,0.3121,2.9035,0.3121,2.9035,2166,0.13771939277648926,0.13771939277648926,0.5209176540374756,0.6586370468139648,484.3601839542389,0.5209176540374756,0.6586370468139648,484.3601839542389
nc_papers100m_195trainer_0hop_balanced_local_bs2048_800r,20260914_211623_ogbn-papers100M_FedAvg_bs2048_seed42_beta10000p0,ogbn-papers100M,FedAvg,2048,42,10000.0,723,validation,0.3122,2.9028,0.3122,2.9028,2169,0.13599038124084473,0.13599038124084473,0.5249898433685303,0.660980224609375,485.02116417884827,0.5249898433685303,0.660980224609375,485.02116417884827
nc_papers100m_195trainer_0hop_balanced_local_bs2048_800r,20260914_211623_ogbn-papers100M_FedAvg_bs2048_seed42_beta10000p0,ogbn-papers100M,FedAvg,2048,42,10000.0,724,validation,0.3123,2.9023,0.3123,2.9023,2172,0.13757061958312988,0.13757061958312988,0.5155706405639648,0.6531412601470947,485.67430543899536,0.5155706405639648,0.6531412601470947,485.67430543899536
nc_papers100m_195trainer_0hop_balanced_local_bs2048_800r,20260914_211623_ogbn-papers100M_FedAvg_bs2048_seed42_beta10000p0,ogbn-papers100M,FedAvg,2048,42,10000.0,725,validation,0.3124,2.9016,0.3124,2.9016,2175,0.13849115371704102,0.13849115371704102,0.5134303569793701,0.6519215106964111,486.3262269496918,0.5134303569793701,0.6519215106964111,486.3262269496918
nc_papers100m_195trainer_0hop_balanced_local_bs2048_800r,20260914_211623_ogbn-papers100M_FedAvg_bs2048_seed42_beta10000p0,ogbn-papers100M,FedAvg,2048,42,10000.0,726,validation,0.3126,2.901,0.3126,2.901,2178,0.1361379623413086,0.1361379623413086,0.5241057872772217,0.6602437496185303,486.9864706993103,0.5241057872772217,0.6602437496185303,486.9864706993103
nc_papers100m_195trainer_0hop_balanced_local_bs2048_800r,20260914_211623_ogbn-papers100M_FedAvg_bs2048_seed42_beta10000p0,ogbn-papers100M,FedAvg,2048,42,10000.0,727,validation,0.3128,2.9002,0.3128,2.9002,2181,0.13730120658874512,0.13730120658874512,0.5155017375946045,0.6528029441833496,487.63927364349365,0.5155017375946045,0.6528029441833496,487.63927364349365
nc_papers100m_195trainer_0hop_balanced_local_bs2048_800r,20260914_211623_ogbn-papers100M_FedAvg_bs2048_seed42_beta10000p0,ogbn-papers100M,FedAvg,2048,42,10000.0,728,validation,0.3128,2.8994,0.3128,2.8994,2184,0.1356067657470703,0.1356067657470703,0.5238504409790039,0.6594572067260742,488.2987308502197,0.5238504409790039,0.6594572067260742,488.2987308502197
nc_papers100m_195trainer_0hop_balanced_local_bs2048_800r,20260914_211623_ogbn-papers100M_FedAvg_bs2048_seed42_beta10000p0,ogbn-papers100M,FedAvg,2048,42,10000.0,729,validation,0.313,2.8988,0.313,2.8988,2187,0.14127826690673828,0.14127826690673828,0.5290300846099854,0.6703083515167236,488.96903920173645,0.5290300846099854,0.6703083515167236,488.96903920173645
nc_papers100m_195trainer_0hop_balanced_local_bs2048_800r,20260914_211623_ogbn-papers100M_FedAvg_bs2048_seed42_beta10000p0,ogbn-papers100M,FedAvg,2048,42,10000.0,730,validation,0.313,2.8981,0.313,2.8981,2190,0.1405644416809082,0.1405644416809082,0.5225722789764404,0.6631367206573486,489.6321759223938,0.5225722789764404,0.6631367206573486,489.6321759223938
nc_papers100m_195trainer_0hop_balanced_local_bs2048_800r,20260914_211623_ogbn-papers100M_FedAvg_bs2048_seed42_beta10000p0,ogbn-papers100M,FedAvg,2048,42,10000.0,731,validation,0.3132,2.8975,0.3132,2.8975,2193,0.13556456565856934,0.13556456565856934,0.5293846130371094,0.6649491786956787,490.2971251010895,0.5293846130371094,0.6649491786956787,490.2971251010895
nc_papers100m_195trainer_0hop_balanced_local_bs2048_800r,20260914_211623_ogbn-papers100M_FedAvg_bs2048_seed42_beta10000p0,ogbn-papers100M,FedAvg,2048,42,10000.0,732,validation,0.3131,2.8969,0.3131,2.8969,2196,0.14559173583984375,0.14559173583984375,0.533240795135498,0.6788325309753418,490.9759576320648,0.533240795135498,0.6788325309753418,490.9759576320648
nc_papers100m_195trainer_0hop_balanced_local_bs2048_800r,20260914_211623_ogbn-papers100M_FedAvg_bs2048_seed42_beta10000p0,ogbn-papers100M,FedAvg,2048,42,10000.0,733,validation,0.3133,2.8963,0.3133,2.8963,2199,0.13662004470825195,0.13662004470825195,0.5358672142028809,0.6724872589111328,491.64844489097595,0.5358672142028809,0.6724872589111328,491.64844489097595
nc_papers100m_195trainer_0hop_balanced_local_bs2048_800r,20260914_211623_ogbn-papers100M_FedAvg_bs2048_seed42_beta10000p0,ogbn-papers100M,FedAvg,2048,42,10000.0,734,validation,0.3134,2.8957,0.3134,2.8957,2202,0.13514494895935059,0.13514494895935059,0.5191004276275635,0.6542453765869141,492.30269026756287,0.5191004276275635,0.6542453765869141,492.30269026756287
nc_papers100m_195trainer_0hop_balanced_local_bs2048_800r,20260914_211623_ogbn-papers100M_FedAvg_bs2048_seed42_beta10000p0,ogbn-papers100M,FedAvg,2048,42,10000.0,735,validation,0.3136,2.8951,0.3136,2.8951,2205,0.13732433319091797,0.13732433319091797,0.5540971755981445,0.6914215087890625,492.99411177635193,0.5540971755981445,0.6914215087890625,492.99411177635193
nc_papers100m_195trainer_0hop_balanced_local_bs2048_800r,20260914_211623_ogbn-papers100M_FedAvg_bs2048_seed42_beta10000p0,ogbn-papers100M,FedAvg,2048,42,10000.0,736,validation,0.3136,2.8945,0.3136,2.8945,2208,0.13748884201049805,0.13748884201049805,0.5312011241912842,0.6686899662017822,493.6628017425537,0.5312011241912842,0.6686899662017822,493.6628017425537
nc_papers100m_195trainer_0hop_balanced_local_bs2048_800r,20260914_211623_ogbn-papers100M_FedAvg_bs2048_seed42_beta10000p0,ogbn-papers100M,FedAvg,2048,42,10000.0,737,validation,0.3137,2.8939,0.3137,2.8939,2211,0.13759541511535645,0.13759541511535645,0.5158770084381104,0.6534724235534668,494.3162741661072,0.5158770084381104,0.6534724235534668,494.3162741661072
nc_papers100m_195trainer_0hop_balanced_local_bs2048_800r,20260914_211623_ogbn-papers100M_FedAvg_bs2048_seed42_beta10000p0,ogbn-papers100M,FedAvg,2048,42,10000.0,738,validation,0.3138,2.8932,0.3138,2.8932,2214,0.13532042503356934,0.13532042503356934,0.5191450119018555,0.6544654369354248,494.9707396030426,0.5191450119018555,0.6544654369354248,494.9707396030426
nc_papers100m_195trainer_0hop_balanced_local_bs2048_800r,20260914_211623_ogbn-papers100M_FedAvg_bs2048_seed42_beta10000p0,ogbn-papers100M,FedAvg,2048,42,10000.0,739,validation,0.3141,2.8925,0.3141,2.8925,2217,0.13613390922546387,0.13613390922546387,0.5436594486236572,0.6797933578491211,495.6505329608917,0.5436594486236572,0.6797933578491211,495.6505329608917
nc_papers100m_195trainer_0hop_balanced_local_bs2048_800r,20260914_211623_ogbn-papers100M_FedAvg_bs2048_seed42_beta10000p0,ogbn-papers100M,FedAvg,2048,42,10000.0,740,validation,0.3142,2.8918,0.3142,2.8918,2220,0.13653826713562012,0.13653826713562012,0.524418830871582,0.6609570980072021,496.3114900588989,0.524418830871582,0.6609570980072021,496.3114900588989
nc_papers100m_195trainer_0hop_balanced_local_bs2048_800r,20260914_211623_ogbn-papers100M_FedAvg_bs2048_seed42_beta10000p0,ogbn-papers100M,FedAvg,2048,42,10000.0,741,validation,0.3142,2.8913,0.3142,2.8913,2223,0.13454890251159668,0.13454890251159668,0.5166521072387695,0.6512010097503662,496.9626910686493,0.5166521072387695,0.6512010097503662,496.9626910686493
nc_papers100m_195trainer_0hop_balanced_local_bs2048_800r,20260914_211623_ogbn-papers100M_FedAvg_bs2048_seed42_beta10000p0,ogbn-papers100M,FedAvg,2048,42,10000.0,742,validation,0.3142,2.8906,0.3142,2.8906,2226,0.14146757125854492,0.14146757125854492,0.5226535797119141,0.664121150970459,497.62681221961975,0.5226535797119141,0.664121150970459,497.62681221961975
nc_papers100m_195trainer_0hop_balanced_local_bs2048_800r,20260914_211623_ogbn-papers100M_FedAvg_bs2048_seed42_beta10000p0,ogbn-papers100M,FedAvg,2048,42,10000.0,743,validation,0.3143,2.8899,0.3143,2.8899,2229,0.13677167892456055,0.13677167892456055,0.5287282466888428,0.6654999256134033,498.29231214523315,0.5287282466888428,0.6654999256134033,498.29231214523315
nc_papers100m_195trainer_0hop_balanced_local_bs2048_800r,20260914_211623_ogbn-papers100M_FedAvg_bs2048_seed42_beta10000p0,ogbn-papers100M,FedAvg,2048,42,10000.0,744,validation,0.3144,2.8893,0.3144,2.8893,2232,0.1367499828338623,0.1367499828338623,0.5107219219207764,0.6474719047546387,498.9397840499878,0.5107219219207764,0.6474719047546387,498.9397840499878
nc_papers100m_195trainer_0hop_balanced_local_bs2048_800r,20260914_211623_ogbn-papers100M_FedAvg_bs2048_seed42_beta10000p0,ogbn-papers100M,FedAvg,2048,42,10000.0,745,validation,0.3147,2.8887,0.3147,2.8887,2235,0.13640046119689941,0.13640046119689941,0.5185286998748779,0.6549291610717773,499.59471321105957,0.5185286998748779,0.6549291610717773,499.59471321105957
nc_papers100m_195trainer_0hop_balanced_local_bs2048_800r,20260914_211623_ogbn-papers100M_FedAvg_bs2048_seed42_beta10000p0,ogbn-papers100M,FedAvg,2048,42,10000.0,746,validation,0.3149,2.8881,0.3149,2.8881,2238,0.13625121116638184,0.13625121116638184,0.5244643688201904,0.6607155799865723,500.25542879104614,0.5244643688201904,0.6607155799865723,500.25542879104614
nc_papers100m_195trainer_0hop_balanced_local_bs2048_800r,20260914_211623_ogbn-papers100M_FedAvg_bs2048_seed42_beta10000p0,ogbn-papers100M,FedAvg,2048,42,10000.0,747,validation,0.3149,2.8873,0.3149,2.8873,2241,0.13551115989685059,0.13551115989685059,0.5102934837341309,0.6458046436309814,500.9012334346771,0.5102934837341309,0.6458046436309814,500.9012334346771
nc_papers100m_195trainer_0hop_balanced_local_bs2048_800r,20260914_211623_ogbn-papers100M_FedAvg_bs2048_seed42_beta10000p0,ogbn-papers100M,FedAvg,2048,42,10000.0,748,validation,0.3151,2.8867,0.3151,2.8867,2244,0.13639044761657715,0.13639044761657715,0.5169672966003418,0.653357744216919,501.55459117889404,0.5169672966003418,0.653357744216919,501.55459117889404
nc_papers100m_195trainer_0hop_balanced_local_bs2048_800r,20260914_211623_ogbn-papers100M_FedAvg_bs2048_seed42_beta10000p0,ogbn-papers100M,FedAvg,2048,42,10000.0,749,validation,0.3152,2.8861,0.3152,2.8861,2247,0.13451290130615234,0.13451290130615234,0.5441148281097412,0.6786277294158936,502.23321890830994,0.5441148281097412,0.6786277294158936,502.23321890830994
nc_papers100m_195trainer_0hop_balanced_local_bs2048_800r,20260914_211623_ogbn-papers100M_FedAvg_bs2048_seed42_beta10000p0,ogbn-papers100M,FedAvg,2048,42,10000.0,750,validation,0.3153,2.8855,0.3153,2.8855,2250,0.1362593173980713,0.1362593173980713,0.5336523056030273,0.6699116230010986,502.90313053131104,0.5336523056030273,0.6699116230010986,502.90313053131104
nc_papers100m_195trainer_0hop_balanced_local_bs2048_800r,20260914_211623_ogbn-papers100M_FedAvg_bs2048_seed42_beta10000p0,ogbn-papers100M,FedAvg,2048,42,10000.0,751,validation,0.3152,2.8849,0.3152,2.8849,2253,0.13597369194030762,0.13597369194030762,0.5171992778778076,0.6531729698181152,503.55630350112915,0.5171992778778076,0.6531729698181152,503.55630350112915
nc_papers100m_195trainer_0hop_balanced_local_bs2048_800r,20260914_211623_ogbn-papers100M_FedAvg_bs2048_seed42_beta10000p0,ogbn-papers100M,FedAvg,2048,42,10000.0,752,validation,0.3155,2.8843,0.3155,2.8843,2256,0.13689374923706055,0.13689374923706055,0.5384628772735596,0.6753566265106201,504.23166012763977,0.5384628772735596,0.6753566265106201,504.23166012763977
nc_papers100m_195trainer_0hop_balanced_local_bs2048_800r,20260914_211623_ogbn-papers100M_FedAvg_bs2048_seed42_beta10000p0,ogbn-papers100M,FedAvg,2048,42,10000.0,753,validation,0.3155,2.8836,0.3155,2.8836,2259,0.13509058952331543,0.13509058952331543,0.5299038887023926,0.664994478225708,504.8966546058655,0.5299038887023926,0.664994478225708,504.8966546058655
nc_papers100m_195trainer_0hop_balanced_local_bs2048_800r,20260914_211623_ogbn-papers100M_FedAvg_bs2048_seed42_beta10000p0,ogbn-papers100M,FedAvg,2048,42,10000.0,754,validation,0.3155,2.8831,0.3155,2.8831,2262,0.13753724098205566,0.13753724098205566,0.5123674869537354,0.649904727935791,505.54655933380127,0.5123674869537354,0.649904727935791,505.54655933380127
nc_papers100m_195trainer_0hop_balanced_local_bs2048_800r,20260914_211623_ogbn-papers100M_FedAvg_bs2048_seed42_beta10000p0,ogbn-papers100M,FedAvg,2048,42,10000.0,755,validation,0.3156,2.8825,0.3156,2.8825,2265,0.13967299461364746,0.13967299461364746,0.5150339603424072,0.6547069549560547,506.2012662887573,0.5150339603424072,0.6547069549560547,506.2012662887573
nc_papers100m_195trainer_0hop_balanced_local_bs2048_800r,20260914_211623_ogbn-papers100M_FedAvg_bs2048_seed42_beta10000p0,ogbn-papers100M,FedAvg,2048,42,10000.0,756,validation,0.3158,2.8819,0.3158,2.8819,2268,0.13603663444519043,0.13603663444519043,0.5229313373565674,0.6589679718017578,506.8602342605591,0.5229313373565674,0.6589679718017578,506.8602342605591
nc_papers100m_195trainer_0hop_balanced_local_bs2048_800r,20260914_211623_ogbn-papers100M_FedAvg_bs2048_seed42_beta10000p0,ogbn-papers100M,FedAvg,2048,42,10000.0,757,validation,0.3161,2.8813,0.3161,2.8813,2271,0.1368091106414795,0.1368091106414795,0.515164852142334,0.6519739627838135,507.5122082233429,0.515164852142334,0.6519739627838135,507.5122082233429
nc_papers100m_195trainer_0hop_balanced_local_bs2048_800r,20260914_211623_ogbn-papers100M_FedAvg_bs2048_seed42_beta10000p0,ogbn-papers100M,FedAvg,2048,42,10000.0,758,validation,0.3161,2.8805,0.3161,2.8805,2274,0.13592863082885742,0.13592863082885742,0.5148870944976807,0.6508157253265381,508.16302394866943,0.5148870944976807,0.6508157253265381,508.16302394866943
nc_papers100m_195trainer_0hop_balanced_local_bs2048_800r,20260914_211623_ogbn-papers100M_FedAvg_bs2048_seed42_beta10000p0,ogbn-papers100M,FedAvg,2048,42,10000.0,759,validation,0.3161,2.88,0.3161,2.88,2277,0.1356210708618164,0.1356210708618164,0.5258445739746094,0.6614656448364258,508.82448959350586,0.5258445739746094,0.6614656448364258,508.82448959350586
nc_papers100m_195trainer_0hop_balanced_local_bs2048_800r,20260914_211623_ogbn-papers100M_FedAvg_bs2048_seed42_beta10000p0,ogbn-papers100M,FedAvg,2048,42,10000.0,760,validation,0.3163,2.8793,0.3163,2.8793,2280,0.13555693626403809,0.13555693626403809,0.5225222110748291,0.6580791473388672,509.4825687408447,0.5225222110748291,0.6580791473388672,509.4825687408447
nc_papers100m_195trainer_0hop_balanced_local_bs2048_800r,20260914_211623_ogbn-papers100M_FedAvg_bs2048_seed42_beta10000p0,ogbn-papers100M,FedAvg,2048,42,10000.0,761,validation,0.3164,2.8788,0.3164,2.8788,2283,0.13596630096435547,0.13596630096435547,0.5107643604278564,0.6467306613922119,510.12929940223694,0.5107643604278564,0.6467306613922119,510.12929940223694
nc_papers100m_195trainer_0hop_balanced_local_bs2048_800r,20260914_211623_ogbn-papers100M_FedAvg_bs2048_seed42_beta10000p0,ogbn-papers100M,FedAvg,2048,42,10000.0,762,validation,0.3165,2.8782,0.3165,2.8782,2286,0.13656020164489746,0.13656020164489746,0.5254702568054199,0.6620304584503174,510.79132986068726,0.5254702568054199,0.6620304584503174,510.79132986068726
nc_papers100m_195trainer_0hop_balanced_local_bs2048_800r,20260914_211623_ogbn-papers100M_FedAvg_bs2048_seed42_beta10000p0,ogbn-papers100M,FedAvg,2048,42,10000.0,763,validation,0.3166,2.8775,0.3166,2.8775,2289,0.133836030960083,0.133836030960083,0.5358400344848633,0.6696760654449463,511.4610059261322,0.5358400344848633,0.6696760654449463,511.4610059261322
nc_papers100m_195trainer_0hop_balanced_local_bs2048_800r,20260914_211623_ogbn-papers100M_FedAvg_bs2048_seed42_beta10000p0,ogbn-papers100M,FedAvg,2048,42,10000.0,764,validation,0.3166,2.877,0.3166,2.877,2292,0.1359248161315918,0.1359248161315918,0.5195698738098145,0.6554946899414062,512.1165006160736,0.5195698738098145,0.6554946899414062,512.1165006160736
nc_papers100m_195trainer_0hop_balanced_local_bs2048_800r,20260914_211623_ogbn-papers100M_FedAvg_bs2048_seed42_beta10000p0,ogbn-papers100M,FedAvg,2048,42,10000.0,765,validation,0.3167,2.8763,0.3167,2.8763,2295,0.1353464126586914,0.1353464126586914,0.5125279426574707,0.6478743553161621,512.7643749713898,0.5125279426574707,0.6478743553161621,512.7643749713898
nc_papers100m_195trainer_0hop_balanced_local_bs2048_800r,20260914_211623_ogbn-papers100M_FedAvg_bs2048_seed42_beta10000p0,ogbn-papers100M,FedAvg,2048,42,10000.0,766,validation,0.3168,2.8758,0.3168,2.8758,2298,0.13718700408935547,0.13718700408935547,0.5267460346221924,0.6639330387115479,513.4283080101013,0.5267460346221924,0.6639330387115479,513.4283080101013
nc_papers100m_195trainer_0hop_balanced_local_bs2048_800r,20260914_211623_ogbn-papers100M_FedAvg_bs2048_seed42_beta10000p0,ogbn-papers100M,FedAvg,2048,42,10000.0,767,validation,0.3169,2.8752,0.3169,2.8752,2301,0.13783884048461914,0.13783884048461914,0.5232257843017578,0.661064624786377,514.0893726348877,0.5232257843017578,0.661064624786377,514.0893726348877
nc_papers100m_195trainer_0hop_balanced_local_bs2048_800r,20260914_211623_ogbn-papers100M_FedAvg_bs2048_seed42_beta10000p0,ogbn-papers100M,FedAvg,2048,42,10000.0,768,validation,0.317,2.8746,0.317,2.8746,2304,0.141373872756958,0.141373872756958,0.5226538181304932,0.6640276908874512,514.7534003257751,0.5226538181304932,0.6640276908874512,514.7534003257751
nc_papers100m_195trainer_0hop_balanced_local_bs2048_800r,20260914_211623_ogbn-papers100M_FedAvg_bs2048_seed42_beta10000p0,ogbn-papers100M,FedAvg,2048,42,10000.0,769,validation,0.317,2.874,0.317,2.874,2307,0.13573431968688965,0.13573431968688965,0.5301086902618408,0.6658430099487305,515.4192433357239,0.5301086902618408,0.6658430099487305,515.4192433357239
nc_papers100m_195trainer_0hop_balanced_local_bs2048_800r,20260914_211623_ogbn-papers100M_FedAvg_bs2048_seed42_beta10000p0,ogbn-papers100M,FedAvg,2048,42,10000.0,770,validation,0.3171,2.8733,0.3171,2.8733,2310,0.13522624969482422,0.13522624969482422,0.5140430927276611,0.6492693424224854,516.0685126781464,0.5140430927276611,0.6492693424224854,516.0685126781464
nc_papers100m_195trainer_0hop_balanced_local_bs2048_800r,20260914_211623_ogbn-papers100M_FedAvg_bs2048_seed42_beta10000p0,ogbn-papers100M,FedAvg,2048,42,10000.0,771,validation,0.3171,2.8727,0.3171,2.8727,2313,0.13653039932250977,0.13653039932250977,0.5120301246643066,0.6485605239868164,516.7170732021332,0.5120301246643066,0.6485605239868164,516.7170732021332
nc_papers100m_195trainer_0hop_balanced_local_bs2048_800r,20260914_211623_ogbn-papers100M_FedAvg_bs2048_seed42_beta10000p0,ogbn-papers100M,FedAvg,2048,42,10000.0,772,validation,0.3172,2.8721,0.3172,2.8721,2316,0.13669800758361816,0.13669800758361816,0.541595458984375,0.6782934665679932,517.3953666687012,0.541595458984375,0.6782934665679932,517.3953666687012
nc_papers100m_195trainer_0hop_balanced_local_bs2048_800r,20260914_211623_ogbn-papers100M_FedAvg_bs2048_seed42_beta10000p0,ogbn-papers100M,FedAvg,2048,42,10000.0,773,validation,0.3173,2.8715,0.3173,2.8715,2319,0.13645291328430176,0.13645291328430176,0.5324435234069824,0.6688964366912842,518.0642631053925,0.5324435234069824,0.6688964366912842,518.0642631053925
nc_papers100m_195trainer_0hop_balanced_local_bs2048_800r,20260914_211623_ogbn-papers100M_FedAvg_bs2048_seed42_beta10000p0,ogbn-papers100M,FedAvg,2048,42,10000.0,774,validation,0.3175,2.8709,0.3175,2.8709,2322,0.13598036766052246,0.13598036766052246,0.5189380645751953,0.6549184322357178,518.7191815376282,0.5189380645751953,0.6549184322357178,518.7191815376282
nc_papers100m_195trainer_0hop_balanced_local_bs2048_800r,20260914_211623_ogbn-papers100M_FedAvg_bs2048_seed42_beta10000p0,ogbn-papers100M,FedAvg,2048,42,10000.0,775,validation,0.3175,2.8704,0.3175,2.8704,2325,0.13769078254699707,0.13769078254699707,0.5203113555908203,0.6580021381378174,519.377183675766,0.5203113555908203,0.6580021381378174,519.377183675766
nc_papers100m_195trainer_0hop_balanced_local_bs2048_800r,20260914_211623_ogbn-papers100M_FedAvg_bs2048_seed42_beta10000p0,ogbn-papers100M,FedAvg,2048,42,10000.0,776,validation,0.3176,2.8698,0.3176,2.8698,2328,0.13667750358581543,0.13667750358581543,0.5242347717285156,0.660912275314331,520.0380959510803,0.5242347717285156,0.660912275314331,520.0380959510803
nc_papers100m_195trainer_0hop_balanced_local_bs2048_800r,20260914_211623_ogbn-papers100M_FedAvg_bs2048_seed42_beta10000p0,ogbn-papers100M,FedAvg,2048,42,10000.0,777,validation,0.3177,2.8692,0.3177,2.8692,2331,0.13633251190185547,0.13633251190185547,0.7075207233428955,0.843853235244751,520.8819491863251,0.7075207233428955,0.843853235244751,520.8819491863251
nc_papers100m_195trainer_0hop_balanced_local_bs2048_800r,20260914_211623_ogbn-papers100M_FedAvg_bs2048_seed42_beta10000p0,ogbn-papers100M,FedAvg,2048,42,10000.0,778,validation,0.3178,2.8686,0.3178,2.8686,2334,0.13936972618103027,0.13936972618103027,0.5348320007324219,0.6742017269134521,521.5561509132385,0.5348320007324219,0.6742017269134521,521.5561509132385
nc_papers100m_195trainer_0hop_balanced_local_bs2048_800r,20260914_211623_ogbn-papers100M_FedAvg_bs2048_seed42_beta10000p0,ogbn-papers100M,FedAvg,2048,42,10000.0,779,validation,0.3179,2.868,0.3179,2.868,2337,0.13776445388793945,0.13776445388793945,0.5319647789001465,0.6697292327880859,522.2258801460266,0.5319647789001465,0.6697292327880859,522.2258801460266
nc_papers100m_195trainer_0hop_balanced_local_bs2048_800r,20260914_211623_ogbn-papers100M_FedAvg_bs2048_seed42_beta10000p0,ogbn-papers100M,FedAvg,2048,42,10000.0,780,validation,0.3181,2.8674,0.3181,2.8674,2340,0.13535857200622559,0.13535857200622559,0.5283989906311035,0.6637575626373291,522.8896377086639,0.5283989906311035,0.6637575626373291,522.8896377086639
nc_papers100m_195trainer_0hop_balanced_local_bs2048_800r,20260914_211623_ogbn-papers100M_FedAvg_bs2048_seed42_beta10000p0,ogbn-papers100M,FedAvg,2048,42,10000.0,781,validation,0.3181,2.8668,0.3181,2.8668,2343,0.13537931442260742,0.13537931442260742,0.5171210765838623,0.6525003910064697,523.5421380996704,0.5171210765838623,0.6525003910064697,523.5421380996704
nc_papers100m_195trainer_0hop_balanced_local_bs2048_800r,20260914_211623_ogbn-papers100M_FedAvg_bs2048_seed42_beta10000p0,ogbn-papers100M,FedAvg,2048,42,10000.0,782,validation,0.3181,2.8662,0.3181,2.8662,2346,0.14102482795715332,0.14102482795715332,0.5136117935180664,0.6546366214752197,524.1967747211456,0.5136117935180664,0.6546366214752197,524.1967747211456
nc_papers100m_195trainer_0hop_balanced_local_bs2048_800r,20260914_211623_ogbn-papers100M_FedAvg_bs2048_seed42_beta10000p0,ogbn-papers100M,FedAvg,2048,42,10000.0,783,validation,0.3182,2.8655,0.3182,2.8655,2349,0.137559175491333,0.137559175491333,0.5126998424530029,0.6502590179443359,524.84703373909,0.5126998424530029,0.6502590179443359,524.84703373909
nc_papers100m_195trainer_0hop_balanced_local_bs2048_800r,20260914_211623_ogbn-papers100M_FedAvg_bs2048_seed42_beta10000p0,ogbn-papers100M,FedAvg,2048,42,10000.0,784,validation,0.3185,2.865,0.3185,2.865,2352,0.13704895973205566,0.13704895973205566,0.5089974403381348,0.6460464000701904,525.4930801391602,0.5089974403381348,0.6460464000701904,525.4930801391602
nc_papers100m_195trainer_0hop_balanced_local_bs2048_800r,20260914_211623_ogbn-papers100M_FedAvg_bs2048_seed42_beta10000p0,ogbn-papers100M,FedAvg,2048,42,10000.0,785,validation,0.3186,2.8645,0.3186,2.8645,2355,0.13985991477966309,0.13985991477966309,0.5173647403717041,0.6572246551513672,526.1503047943115,0.5173647403717041,0.6572246551513672,526.1503047943115
nc_papers100m_195trainer_0hop_balanced_local_bs2048_800r,20260914_211623_ogbn-papers100M_FedAvg_bs2048_seed42_beta10000p0,ogbn-papers100M,FedAvg,2048,42,10000.0,786,validation,0.3188,2.8639,0.3188,2.8639,2358,0.13622498512268066,0.13622498512268066,0.5176558494567871,0.6538808345794678,526.804185628891,0.5176558494567871,0.6538808345794678,526.804185628891
nc_papers100m_195trainer_0hop_balanced_local_bs2048_800r,20260914_211623_ogbn-papers100M_FedAvg_bs2048_seed42_beta10000p0,ogbn-papers100M,FedAvg,2048,42,10000.0,787,validation,0.3187,2.8632,0.3187,2.8632,2361,0.13701319694519043,0.13701319694519043,0.526026725769043,0.6630399227142334,527.4672255516052,0.526026725769043,0.6630399227142334,527.4672255516052
nc_papers100m_195trainer_0hop_balanced_local_bs2048_800r,20260914_211623_ogbn-papers100M_FedAvg_bs2048_seed42_beta10000p0,ogbn-papers100M,FedAvg,2048,42,10000.0,788,validation,0.3188,2.8626,0.3188,2.8626,2364,0.13706541061401367,0.13706541061401367,0.51222825050354,0.6492936611175537,528.1165192127228,0.51222825050354,0.6492936611175537,528.1165192127228
nc_papers100m_195trainer_0hop_balanced_local_bs2048_800r,20260914_211623_ogbn-papers100M_FedAvg_bs2048_seed42_beta10000p0,ogbn-papers100M,FedAvg,2048,42,10000.0,789,validation,0.3189,2.8621,0.3189,2.8621,2367,0.1360001564025879,0.1360001564025879,0.5210323333740234,0.6570324897766113,528.7735517024994,0.5210323333740234,0.6570324897766113,528.7735517024994
nc_papers100m_195trainer_0hop_balanced_local_bs2048_800r,20260914_211623_ogbn-papers100M_FedAvg_bs2048_seed42_beta10000p0,ogbn-papers100M,FedAvg,2048,42,10000.0,790,validation,0.319,2.8615,0.319,2.8615,2370,0.1390089988708496,0.1390089988708496,0.5199952125549316,0.6590042114257812,529.4325559139252,0.5199952125549316,0.6590042114257812,529.4325559139252
nc_papers100m_195trainer_0hop_balanced_local_bs2048_800r,20260914_211623_ogbn-papers100M_FedAvg_bs2048_seed42_beta10000p0,ogbn-papers100M,FedAvg,2048,42,10000.0,791,validation,0.3193,2.861,0.3193,2.861,2373,0.13634872436523438,0.13634872436523438,0.5322372913360596,0.668586015701294,530.1011419296265,0.5322372913360596,0.668586015701294,530.1011419296265
nc_papers100m_195trainer_0hop_balanced_local_bs2048_800r,20260914_211623_ogbn-papers100M_FedAvg_bs2048_seed42_beta10000p0,ogbn-papers100M,FedAvg,2048,42,10000.0,792,validation,0.3193,2.8604,0.3193,2.8604,2376,0.13667750358581543,0.13667750358581543,0.5253293514251709,0.6620068550109863,530.7631487846375,0.5253293514251709,0.6620068550109863,530.7631487846375
nc_papers100m_195trainer_0hop_balanced_local_bs2048_800r,20260914_211623_ogbn-papers100M_FedAvg_bs2048_seed42_beta10000p0,ogbn-papers100M,FedAvg,2048,42,10000.0,793,validation,0.3193,2.8599,0.3193,2.8599,2379,0.1363379955291748,0.1363379955291748,0.5172994136810303,0.6536374092102051,531.4167861938477,0.5172994136810303,0.6536374092102051,531.4167861938477
nc_papers100m_195trainer_0hop_balanced_local_bs2048_800r,20260914_211623_ogbn-papers100M_FedAvg_bs2048_seed42_beta10000p0,ogbn-papers100M,FedAvg,2048,42,10000.0,794,validation,0.3194,2.8592,0.3194,2.8592,2382,0.1359708309173584,0.1359708309173584,0.5167114734649658,0.6526823043823242,532.06946849823,0.5167114734649658,0.6526823043823242,532.06946849823
nc_papers100m_195trainer_0hop_balanced_local_bs2048_800r,20260914_211623_ogbn-papers100M_FedAvg_bs2048_seed42_beta10000p0,ogbn-papers100M,FedAvg,2048,42,10000.0,795,validation,0.3196,2.8586,0.3196,2.8586,2385,0.1408529281616211,0.1408529281616211,0.5154786109924316,0.6563315391540527,532.725800037384,0.5154786109924316,0.6563315391540527,532.725800037384
nc_papers100m_195trainer_0hop_balanced_local_bs2048_800r,20260914_211623_ogbn-papers100M_FedAvg_bs2048_seed42_beta10000p0,ogbn-papers100M,FedAvg,2048,42,10000.0,796,validation,0.3198,2.858,0.3198,2.858,2388,0.13602137565612793,0.13602137565612793,0.5166869163513184,0.6527082920074463,533.3785083293915,0.5166869163513184,0.6527082920074463,533.3785083293915
nc_papers100m_195trainer_0hop_balanced_local_bs2048_800r,20260914_211623_ogbn-papers100M_FedAvg_bs2048_seed42_beta10000p0,ogbn-papers100M,FedAvg,2048,42,10000.0,797,validation,0.3199,2.8574,0.3199,2.8574,2391,0.13438677787780762,0.13438677787780762,0.5147559642791748,0.6491427421569824,534.0276510715485,0.5147559642791748,0.6491427421569824,534.0276510715485
nc_papers100m_195trainer_0hop_balanced_local_bs2048_800r,20260914_211623_ogbn-papers100M_FedAvg_bs2048_seed42_beta10000p0,ogbn-papers100M,FedAvg,2048,42,10000.0,798,validation,0.3199,2.8568,0.3199,2.8568,2394,0.13779520988464355,0.13779520988464355,0.5197718143463135,0.657567024230957,534.6852180957794,0.5197718143463135,0.657567024230957,534.6852180957794
nc_papers100m_195trainer_0hop_balanced_local_bs2048_800r,20260914_211623_ogbn-papers100M_FedAvg_bs2048_seed42_beta10000p0,ogbn-papers100M,FedAvg,2048,42,10000.0,799,validation,0.3201,2.8563,0.3201,2.8563,2397,0.13574504852294922,0.13574504852294922,0.5195462703704834,0.6552913188934326,535.3405094146729,0.5195462703704834,0.6552913188934326,535.3405094146729
nc_papers100m_195trainer_0hop_balanced_local_bs2048_800r,20260914_211623_ogbn-papers100M_FedAvg_bs2048_seed42_beta10000p0,ogbn-papers100M,FedAvg,2048,42,10000.0,800,validation,0.3203,2.8557,0.3203,2.8557,2400,0.13601112365722656,0.13601112365722656,0.5090515613555908,0.6450626850128174,535.9855720996857,0.5090515613555908,0.6450626850128174,535.9855720996857
