experiment_name,run_id,dataset,method,batch_size,seed,iid_beta,round,evaluation_split,evaluation_acc,evaluation_loss,val_acc,val_loss,local_steps,train_time_sec,training_time_sec,parameter_sync_time_sec,train_sync_time_sec,cumulative_train_sync_time_sec,comm_time_sec,train_comm_time_sec,cum_train_comm_time_sec
nc_papers100m_195trainer_0hop_balanced_local_bs1024_800r,20260914_204924_ogbn-papers100M_FedAvg_bs1024_seed42_beta10000p0,ogbn-papers100M,FedAvg,1024,42,10000.0,1,validation,0.0058,5.1514,0.0058,5.1514,3,0.8908193111419678,0.8908193111419678,0.5300889015197754,1.4209082126617432,1.4209082126617432,0.5300889015197754,1.4209082126617432,1.4209082126617432
nc_papers100m_195trainer_0hop_balanced_local_bs1024_800r,20260914_204924_ogbn-papers100M_FedAvg_bs1024_seed42_beta10000p0,ogbn-papers100M,FedAvg,1024,42,10000.0,2,validation,0.0076,5.1449,0.0076,5.1449,6,0.12600040435791016,0.12600040435791016,0.5272560119628906,0.6532564163208008,2.074164628982544,0.5272560119628906,0.6532564163208008,2.074164628982544
nc_papers100m_195trainer_0hop_balanced_local_bs1024_800r,20260914_204924_ogbn-papers100M_FedAvg_bs1024_seed42_beta10000p0,ogbn-papers100M,FedAvg,1024,42,10000.0,3,validation,0.0096,5.1387,0.0096,5.1387,9,0.1279292106628418,0.1279292106628418,0.5263268947601318,0.6542561054229736,2.7284207344055176,0.5263268947601318,0.6542561054229736,2.7284207344055176
nc_papers100m_195trainer_0hop_balanced_local_bs1024_800r,20260914_204924_ogbn-papers100M_FedAvg_bs1024_seed42_beta10000p0,ogbn-papers100M,FedAvg,1024,42,10000.0,4,validation,0.0119,5.1324,0.0119,5.1324,12,0.13355016708374023,0.13355016708374023,0.5169446468353271,0.6504948139190674,3.378915548324585,0.5169446468353271,0.6504948139190674,3.378915548324585
nc_papers100m_195trainer_0hop_balanced_local_bs1024_800r,20260914_204924_ogbn-papers100M_FedAvg_bs1024_seed42_beta10000p0,ogbn-papers100M,FedAvg,1024,42,10000.0,5,validation,0.0138,5.1254,0.0138,5.1254,15,0.1351943016052246,0.1351943016052246,0.528296709060669,0.6634910106658936,4.0424065589904785,0.528296709060669,0.6634910106658936,4.0424065589904785
nc_papers100m_195trainer_0hop_balanced_local_bs1024_800r,20260914_204924_ogbn-papers100M_FedAvg_bs1024_seed42_beta10000p0,ogbn-papers100M,FedAvg,1024,42,10000.0,6,validation,0.0162,5.1174,0.0162,5.1174,18,0.12830710411071777,0.12830710411071777,0.5188360214233398,0.6471431255340576,4.689549684524536,0.5188360214233398,0.6471431255340576,4.689549684524536
nc_papers100m_195trainer_0hop_balanced_local_bs1024_800r,20260914_204924_ogbn-papers100M_FedAvg_bs1024_seed42_beta10000p0,ogbn-papers100M,FedAvg,1024,42,10000.0,7,validation,0.019,5.1083,0.019,5.1083,21,0.12743854522705078,0.12743854522705078,0.5153114795684814,0.6427500247955322,5.332299709320068,0.5153114795684814,0.6427500247955322,5.332299709320068
nc_papers100m_195trainer_0hop_balanced_local_bs1024_800r,20260914_204924_ogbn-papers100M_FedAvg_bs1024_seed42_beta10000p0,ogbn-papers100M,FedAvg,1024,42,10000.0,8,validation,0.0222,5.0979,0.0222,5.0979,24,0.12714123725891113,0.12714123725891113,0.5232670307159424,0.6504082679748535,5.982707977294922,0.5232670307159424,0.6504082679748535,5.982707977294922
nc_papers100m_195trainer_0hop_balanced_local_bs1024_800r,20260914_204924_ogbn-papers100M_FedAvg_bs1024_seed42_beta10000p0,ogbn-papers100M,FedAvg,1024,42,10000.0,9,validation,0.0258,5.0863,0.0258,5.0863,27,0.12774276733398438,0.12774276733398438,0.5233283042907715,0.6510710716247559,6.633779048919678,0.5233283042907715,0.6510710716247559,6.633779048919678
nc_papers100m_195trainer_0hop_balanced_local_bs1024_800r,20260914_204924_ogbn-papers100M_FedAvg_bs1024_seed42_beta10000p0,ogbn-papers100M,FedAvg,1024,42,10000.0,10,validation,0.0292,5.0734,0.0292,5.0734,30,0.12613344192504883,0.12613344192504883,0.5157272815704346,0.6418607234954834,7.275639772415161,0.5157272815704346,0.6418607234954834,7.275639772415161
nc_papers100m_195trainer_0hop_balanced_local_bs1024_800r,20260914_204924_ogbn-papers100M_FedAvg_bs1024_seed42_beta10000p0,ogbn-papers100M,FedAvg,1024,42,10000.0,11,validation,0.0325,5.0597,0.0325,5.0597,33,0.1298234462738037,0.1298234462738037,0.5265560150146484,0.6563794612884521,7.932019233703613,0.5265560150146484,0.6563794612884521,7.932019233703613
nc_papers100m_195trainer_0hop_balanced_local_bs1024_800r,20260914_204924_ogbn-papers100M_FedAvg_bs1024_seed42_beta10000p0,ogbn-papers100M,FedAvg,1024,42,10000.0,12,validation,0.0358,5.0452,0.0358,5.0452,36,0.12388849258422852,0.12388849258422852,0.5387823581695557,0.6626708507537842,8.594690084457397,0.5387823581695557,0.6626708507537842,8.594690084457397
nc_papers100m_195trainer_0hop_balanced_local_bs1024_800r,20260914_204924_ogbn-papers100M_FedAvg_bs1024_seed42_beta10000p0,ogbn-papers100M,FedAvg,1024,42,10000.0,13,validation,0.0388,5.0301,0.0388,5.0301,39,0.12524628639221191,0.12524628639221191,0.5226092338562012,0.6478555202484131,9.24254560470581,0.5226092338562012,0.6478555202484131,9.24254560470581
nc_papers100m_195trainer_0hop_balanced_local_bs1024_800r,20260914_204924_ogbn-papers100M_FedAvg_bs1024_seed42_beta10000p0,ogbn-papers100M,FedAvg,1024,42,10000.0,14,validation,0.041,5.0147,0.041,5.0147,42,0.12228536605834961,0.12228536605834961,0.5146801471710205,0.6369655132293701,9.87951111793518,0.5146801471710205,0.6369655132293701,9.87951111793518
nc_papers100m_195trainer_0hop_balanced_local_bs1024_800r,20260914_204924_ogbn-papers100M_FedAvg_bs1024_seed42_beta10000p0,ogbn-papers100M,FedAvg,1024,42,10000.0,15,validation,0.0433,4.9992,0.0433,4.9992,45,0.12723970413208008,0.12723970413208008,0.5270369052886963,0.6542766094207764,10.533787727355957,0.5270369052886963,0.6542766094207764,10.533787727355957
nc_papers100m_195trainer_0hop_balanced_local_bs1024_800r,20260914_204924_ogbn-papers100M_FedAvg_bs1024_seed42_beta10000p0,ogbn-papers100M,FedAvg,1024,42,10000.0,16,validation,0.0454,4.9836,0.0454,4.9836,48,0.13034677505493164,0.13034677505493164,0.5177690982818604,0.648115873336792,11.181903600692749,0.5177690982818604,0.648115873336792,11.181903600692749
nc_papers100m_195trainer_0hop_balanced_local_bs1024_800r,20260914_204924_ogbn-papers100M_FedAvg_bs1024_seed42_beta10000p0,ogbn-papers100M,FedAvg,1024,42,10000.0,17,validation,0.0473,4.968,0.0473,4.968,51,0.12654733657836914,0.12654733657836914,0.5190474987030029,0.6455948352813721,11.827498435974121,0.5190474987030029,0.6455948352813721,11.827498435974121
nc_papers100m_195trainer_0hop_balanced_local_bs1024_800r,20260914_204924_ogbn-papers100M_FedAvg_bs1024_seed42_beta10000p0,ogbn-papers100M,FedAvg,1024,42,10000.0,18,validation,0.0493,4.9522,0.0493,4.9522,54,0.11881613731384277,0.11881613731384277,0.531376838684082,0.6501929759979248,12.477691411972046,0.531376838684082,0.6501929759979248,12.477691411972046
nc_papers100m_195trainer_0hop_balanced_local_bs1024_800r,20260914_204924_ogbn-papers100M_FedAvg_bs1024_seed42_beta10000p0,ogbn-papers100M,FedAvg,1024,42,10000.0,19,validation,0.0509,4.9361,0.0509,4.9361,57,0.11951112747192383,0.11951112747192383,0.524489164352417,0.6440002918243408,13.121691703796387,0.524489164352417,0.6440002918243408,13.121691703796387
nc_papers100m_195trainer_0hop_balanced_local_bs1024_800r,20260914_204924_ogbn-papers100M_FedAvg_bs1024_seed42_beta10000p0,ogbn-papers100M,FedAvg,1024,42,10000.0,20,validation,0.0529,4.9199,0.0529,4.9199,60,0.11979174613952637,0.11979174613952637,0.5268731117248535,0.6466648578643799,13.768356561660767,0.5268731117248535,0.6466648578643799,13.768356561660767
nc_papers100m_195trainer_0hop_balanced_local_bs1024_800r,20260914_204924_ogbn-papers100M_FedAvg_bs1024_seed42_beta10000p0,ogbn-papers100M,FedAvg,1024,42,10000.0,21,validation,0.0544,4.9035,0.0544,4.9035,63,0.1301257610321045,0.1301257610321045,0.5198838710784912,0.6500096321105957,14.418366193771362,0.5198838710784912,0.6500096321105957,14.418366193771362
nc_papers100m_195trainer_0hop_balanced_local_bs1024_800r,20260914_204924_ogbn-papers100M_FedAvg_bs1024_seed42_beta10000p0,ogbn-papers100M,FedAvg,1024,42,10000.0,22,validation,0.0561,4.887,0.0561,4.887,66,0.12430429458618164,0.12430429458618164,0.5295240879058838,0.6538283824920654,15.072194576263428,0.5295240879058838,0.6538283824920654,15.072194576263428
nc_papers100m_195trainer_0hop_balanced_local_bs1024_800r,20260914_204924_ogbn-papers100M_FedAvg_bs1024_seed42_beta10000p0,ogbn-papers100M,FedAvg,1024,42,10000.0,23,validation,0.058,4.8706,0.058,4.8706,69,0.12402939796447754,0.12402939796447754,0.5187125205993652,0.6427419185638428,15.71493649482727,0.5187125205993652,0.6427419185638428,15.71493649482727
nc_papers100m_195trainer_0hop_balanced_local_bs1024_800r,20260914_204924_ogbn-papers100M_FedAvg_bs1024_seed42_beta10000p0,ogbn-papers100M,FedAvg,1024,42,10000.0,24,validation,0.0596,4.8542,0.0596,4.8542,72,0.12146115303039551,0.12146115303039551,0.5238509178161621,0.6453120708465576,16.360248565673828,0.5238509178161621,0.6453120708465576,16.360248565673828
nc_papers100m_195trainer_0hop_balanced_local_bs1024_800r,20260914_204924_ogbn-papers100M_FedAvg_bs1024_seed42_beta10000p0,ogbn-papers100M,FedAvg,1024,42,10000.0,25,validation,0.0614,4.8381,0.0614,4.8381,75,0.12155437469482422,0.12155437469482422,0.5252578258514404,0.6468122005462646,17.007060766220093,0.5252578258514404,0.6468122005462646,17.007060766220093
nc_papers100m_195trainer_0hop_balanced_local_bs1024_800r,20260914_204924_ogbn-papers100M_FedAvg_bs1024_seed42_beta10000p0,ogbn-papers100M,FedAvg,1024,42,10000.0,26,validation,0.0632,4.8221,0.0632,4.8221,78,0.12711572647094727,0.12711572647094727,0.5409438610076904,0.6680595874786377,17.67512035369873,0.5409438610076904,0.6680595874786377,17.67512035369873
nc_papers100m_195trainer_0hop_balanced_local_bs1024_800r,20260914_204924_ogbn-papers100M_FedAvg_bs1024_seed42_beta10000p0,ogbn-papers100M,FedAvg,1024,42,10000.0,27,validation,0.0651,4.8064,0.0651,4.8064,81,0.12671542167663574,0.12671542167663574,0.5209887027740479,0.6477041244506836,18.322824478149414,0.5209887027740479,0.6477041244506836,18.322824478149414
nc_papers100m_195trainer_0hop_balanced_local_bs1024_800r,20260914_204924_ogbn-papers100M_FedAvg_bs1024_seed42_beta10000p0,ogbn-papers100M,FedAvg,1024,42,10000.0,28,validation,0.0666,4.7909,0.0666,4.7909,84,0.1174764633178711,0.1174764633178711,0.5347824096679688,0.6522588729858398,18.975083351135254,0.5347824096679688,0.6522588729858398,18.975083351135254
nc_papers100m_195trainer_0hop_balanced_local_bs1024_800r,20260914_204924_ogbn-papers100M_FedAvg_bs1024_seed42_beta10000p0,ogbn-papers100M,FedAvg,1024,42,10000.0,29,validation,0.0681,4.7757,0.0681,4.7757,87,0.11806726455688477,0.11806726455688477,0.515735387802124,0.6338026523590088,19.608886003494263,0.515735387802124,0.6338026523590088,19.608886003494263
nc_papers100m_195trainer_0hop_balanced_local_bs1024_800r,20260914_204924_ogbn-papers100M_FedAvg_bs1024_seed42_beta10000p0,ogbn-papers100M,FedAvg,1024,42,10000.0,30,validation,0.0701,4.7608,0.0701,4.7608,90,0.12215375900268555,0.12215375900268555,0.516404390335083,0.6385581493377686,20.24744415283203,0.516404390335083,0.6385581493377686,20.24744415283203
nc_papers100m_195trainer_0hop_balanced_local_bs1024_800r,20260914_204924_ogbn-papers100M_FedAvg_bs1024_seed42_beta10000p0,ogbn-papers100M,FedAvg,1024,42,10000.0,31,validation,0.0718,4.7462,0.0718,4.7462,93,0.12496399879455566,0.12496399879455566,0.528552770614624,0.6535167694091797,20.90096092224121,0.528552770614624,0.6535167694091797,20.90096092224121
nc_papers100m_195trainer_0hop_balanced_local_bs1024_800r,20260914_204924_ogbn-papers100M_FedAvg_bs1024_seed42_beta10000p0,ogbn-papers100M,FedAvg,1024,42,10000.0,32,validation,0.0734,4.732,0.0734,4.732,96,0.1250455379486084,0.1250455379486084,0.5257740020751953,0.6508195400238037,21.551780462265015,0.5257740020751953,0.6508195400238037,21.551780462265015
nc_papers100m_195trainer_0hop_balanced_local_bs1024_800r,20260914_204924_ogbn-papers100M_FedAvg_bs1024_seed42_beta10000p0,ogbn-papers100M,FedAvg,1024,42,10000.0,33,validation,0.075,4.7179,0.075,4.7179,99,0.11888837814331055,0.11888837814331055,0.5280647277832031,0.6469531059265137,22.19873356819153,0.5280647277832031,0.6469531059265137,22.19873356819153
nc_papers100m_195trainer_0hop_balanced_local_bs1024_800r,20260914_204924_ogbn-papers100M_FedAvg_bs1024_seed42_beta10000p0,ogbn-papers100M,FedAvg,1024,42,10000.0,34,validation,0.0766,4.704,0.0766,4.704,102,0.11905145645141602,0.11905145645141602,0.536696195602417,0.655747652053833,22.85448122024536,0.536696195602417,0.655747652053833,22.85448122024536
nc_papers100m_195trainer_0hop_balanced_local_bs1024_800r,20260914_204924_ogbn-papers100M_FedAvg_bs1024_seed42_beta10000p0,ogbn-papers100M,FedAvg,1024,42,10000.0,35,validation,0.078,4.6905,0.078,4.6905,105,0.11908316612243652,0.11908316612243652,0.5322716236114502,0.6513547897338867,23.505836009979248,0.5322716236114502,0.6513547897338867,23.505836009979248
nc_papers100m_195trainer_0hop_balanced_local_bs1024_800r,20260914_204924_ogbn-papers100M_FedAvg_bs1024_seed42_beta10000p0,ogbn-papers100M,FedAvg,1024,42,10000.0,36,validation,0.0797,4.6772,0.0797,4.6772,108,0.12478423118591309,0.12478423118591309,0.5238380432128906,0.6486222743988037,24.15445828437805,0.5238380432128906,0.6486222743988037,24.15445828437805
nc_papers100m_195trainer_0hop_balanced_local_bs1024_800r,20260914_204924_ogbn-papers100M_FedAvg_bs1024_seed42_beta10000p0,ogbn-papers100M,FedAvg,1024,42,10000.0,37,validation,0.0814,4.6641,0.0814,4.6641,111,0.12329912185668945,0.12329912185668945,0.53458571434021,0.6578848361968994,24.81234312057495,0.53458571434021,0.6578848361968994,24.81234312057495
nc_papers100m_195trainer_0hop_balanced_local_bs1024_800r,20260914_204924_ogbn-papers100M_FedAvg_bs1024_seed42_beta10000p0,ogbn-papers100M,FedAvg,1024,42,10000.0,38,validation,0.0831,4.6512,0.0831,4.6512,114,0.12269091606140137,0.12269091606140137,0.5250101089477539,0.6477010250091553,25.460044145584106,0.5250101089477539,0.6477010250091553,25.460044145584106
nc_papers100m_195trainer_0hop_balanced_local_bs1024_800r,20260914_204924_ogbn-papers100M_FedAvg_bs1024_seed42_beta10000p0,ogbn-papers100M,FedAvg,1024,42,10000.0,39,validation,0.0844,4.6386,0.0844,4.6386,117,0.11961627006530762,0.11961627006530762,0.5152595043182373,0.6348757743835449,26.09491991996765,0.5152595043182373,0.6348757743835449,26.09491991996765
nc_papers100m_195trainer_0hop_balanced_local_bs1024_800r,20260914_204924_ogbn-papers100M_FedAvg_bs1024_seed42_beta10000p0,ogbn-papers100M,FedAvg,1024,42,10000.0,40,validation,0.0859,4.6261,0.0859,4.6261,120,0.12028241157531738,0.12028241157531738,0.5360276699066162,0.6563100814819336,26.751230001449585,0.5360276699066162,0.6563100814819336,26.751230001449585
nc_papers100m_195trainer_0hop_balanced_local_bs1024_800r,20260914_204924_ogbn-papers100M_FedAvg_bs1024_seed42_beta10000p0,ogbn-papers100M,FedAvg,1024,42,10000.0,41,validation,0.0874,4.6138,0.0874,4.6138,123,0.1208505630493164,0.1208505630493164,0.5243492126464844,0.6451997756958008,27.396429777145386,0.5243492126464844,0.6451997756958008,27.396429777145386
nc_papers100m_195trainer_0hop_balanced_local_bs1024_800r,20260914_204924_ogbn-papers100M_FedAvg_bs1024_seed42_beta10000p0,ogbn-papers100M,FedAvg,1024,42,10000.0,42,validation,0.0889,4.6016,0.0889,4.6016,126,0.1219031810760498,0.1219031810760498,0.5115644931793213,0.6334676742553711,28.029897451400757,0.5115644931793213,0.6334676742553711,28.029897451400757
nc_papers100m_195trainer_0hop_balanced_local_bs1024_800r,20260914_204924_ogbn-papers100M_FedAvg_bs1024_seed42_beta10000p0,ogbn-papers100M,FedAvg,1024,42,10000.0,43,validation,0.0903,4.5896,0.0903,4.5896,129,0.12246417999267578,0.12246417999267578,0.5105860233306885,0.6330502033233643,28.66294765472412,0.5105860233306885,0.6330502033233643,28.66294765472412
nc_papers100m_195trainer_0hop_balanced_local_bs1024_800r,20260914_204924_ogbn-papers100M_FedAvg_bs1024_seed42_beta10000p0,ogbn-papers100M,FedAvg,1024,42,10000.0,44,validation,0.0917,4.5778,0.0917,4.5778,132,0.12157988548278809,0.12157988548278809,0.5205862522125244,0.6421661376953125,29.305113792419434,0.5205862522125244,0.6421661376953125,29.305113792419434
nc_papers100m_195trainer_0hop_balanced_local_bs1024_800r,20260914_204924_ogbn-papers100M_FedAvg_bs1024_seed42_beta10000p0,ogbn-papers100M,FedAvg,1024,42,10000.0,45,validation,0.093,4.566,0.093,4.566,135,0.12088322639465332,0.12088322639465332,0.5113809108734131,0.6322641372680664,29.9373779296875,0.5113809108734131,0.6322641372680664,29.9373779296875
nc_papers100m_195trainer_0hop_balanced_local_bs1024_800r,20260914_204924_ogbn-papers100M_FedAvg_bs1024_seed42_beta10000p0,ogbn-papers100M,FedAvg,1024,42,10000.0,46,validation,0.0943,4.5546,0.0943,4.5546,138,0.12597107887268066,0.12597107887268066,0.5112688541412354,0.637239933013916,30.574617862701416,0.5112688541412354,0.637239933013916,30.574617862701416
nc_papers100m_195trainer_0hop_balanced_local_bs1024_800r,20260914_204924_ogbn-papers100M_FedAvg_bs1024_seed42_beta10000p0,ogbn-papers100M,FedAvg,1024,42,10000.0,47,validation,0.0955,4.5431,0.0955,4.5431,141,0.12155771255493164,0.12155771255493164,0.522348165512085,0.6439058780670166,31.218523740768433,0.522348165512085,0.6439058780670166,31.218523740768433
nc_papers100m_195trainer_0hop_balanced_local_bs1024_800r,20260914_204924_ogbn-papers100M_FedAvg_bs1024_seed42_beta10000p0,ogbn-papers100M,FedAvg,1024,42,10000.0,48,validation,0.0968,4.5318,0.0968,4.5318,144,0.12167096138000488,0.12167096138000488,0.513019323348999,0.6346902847290039,31.853214025497437,0.513019323348999,0.6346902847290039,31.853214025497437
nc_papers100m_195trainer_0hop_balanced_local_bs1024_800r,20260914_204924_ogbn-papers100M_FedAvg_bs1024_seed42_beta10000p0,ogbn-papers100M,FedAvg,1024,42,10000.0,49,validation,0.0979,4.5207,0.0979,4.5207,147,0.12082099914550781,0.12082099914550781,0.5188641548156738,0.6396851539611816,32.49289917945862,0.5188641548156738,0.6396851539611816,32.49289917945862
nc_papers100m_195trainer_0hop_balanced_local_bs1024_800r,20260914_204924_ogbn-papers100M_FedAvg_bs1024_seed42_beta10000p0,ogbn-papers100M,FedAvg,1024,42,10000.0,50,validation,0.0993,4.5096,0.0993,4.5096,150,0.11855578422546387,0.11855578422546387,0.5235116481781006,0.6420674324035645,33.13496661186218,0.5235116481781006,0.6420674324035645,33.13496661186218
nc_papers100m_195trainer_0hop_balanced_local_bs1024_800r,20260914_204924_ogbn-papers100M_FedAvg_bs1024_seed42_beta10000p0,ogbn-papers100M,FedAvg,1024,42,10000.0,51,validation,0.1008,4.4986,0.1008,4.4986,153,0.11935138702392578,0.11935138702392578,0.5154526233673096,0.6348040103912354,33.76977062225342,0.5154526233673096,0.6348040103912354,33.76977062225342
nc_papers100m_195trainer_0hop_balanced_local_bs1024_800r,20260914_204924_ogbn-papers100M_FedAvg_bs1024_seed42_beta10000p0,ogbn-papers100M,FedAvg,1024,42,10000.0,52,validation,0.102,4.4877,0.102,4.4877,156,0.12203335762023926,0.12203335762023926,0.5169627666473389,0.6389961242675781,34.408766746520996,0.5169627666473389,0.6389961242675781,34.408766746520996
nc_papers100m_195trainer_0hop_balanced_local_bs1024_800r,20260914_204924_ogbn-papers100M_FedAvg_bs1024_seed42_beta10000p0,ogbn-papers100M,FedAvg,1024,42,10000.0,53,validation,0.1034,4.4769,0.1034,4.4769,159,0.12259912490844727,0.12259912490844727,0.5203540325164795,0.6429531574249268,35.05171990394592,0.5203540325164795,0.6429531574249268,35.05171990394592
nc_papers100m_195trainer_0hop_balanced_local_bs1024_800r,20260914_204924_ogbn-papers100M_FedAvg_bs1024_seed42_beta10000p0,ogbn-papers100M,FedAvg,1024,42,10000.0,54,validation,0.1047,4.4663,0.1047,4.4663,162,0.12222552299499512,0.12222552299499512,0.5184664726257324,0.6406919956207275,35.69241189956665,0.5184664726257324,0.6406919956207275,35.69241189956665
nc_papers100m_195trainer_0hop_balanced_local_bs1024_800r,20260914_204924_ogbn-papers100M_FedAvg_bs1024_seed42_beta10000p0,ogbn-papers100M,FedAvg,1024,42,10000.0,55,validation,0.106,4.4558,0.106,4.4558,165,0.11853623390197754,0.11853623390197754,0.5390117168426514,0.6575479507446289,36.34995985031128,0.5390117168426514,0.6575479507446289,36.34995985031128
nc_papers100m_195trainer_0hop_balanced_local_bs1024_800r,20260914_204924_ogbn-papers100M_FedAvg_bs1024_seed42_beta10000p0,ogbn-papers100M,FedAvg,1024,42,10000.0,56,validation,0.1074,4.4455,0.1074,4.4455,168,0.1182088851928711,0.1182088851928711,0.5311944484710693,0.6494033336639404,36.99936318397522,0.5311944484710693,0.6494033336639404,36.99936318397522
nc_papers100m_195trainer_0hop_balanced_local_bs1024_800r,20260914_204924_ogbn-papers100M_FedAvg_bs1024_seed42_beta10000p0,ogbn-papers100M,FedAvg,1024,42,10000.0,57,validation,0.1087,4.4351,0.1087,4.4351,171,0.11796808242797852,0.11796808242797852,0.5312538146972656,0.6492218971252441,37.648585081100464,0.5312538146972656,0.6492218971252441,37.648585081100464
nc_papers100m_195trainer_0hop_balanced_local_bs1024_800r,20260914_204924_ogbn-papers100M_FedAvg_bs1024_seed42_beta10000p0,ogbn-papers100M,FedAvg,1024,42,10000.0,58,validation,0.11,4.4248,0.11,4.4248,174,0.12109947204589844,0.12109947204589844,0.5135376453399658,0.6346371173858643,38.28322219848633,0.5135376453399658,0.6346371173858643,38.28322219848633
nc_papers100m_195trainer_0hop_balanced_local_bs1024_800r,20260914_204924_ogbn-papers100M_FedAvg_bs1024_seed42_beta10000p0,ogbn-papers100M,FedAvg,1024,42,10000.0,59,validation,0.1114,4.4146,0.1114,4.4146,177,0.12016487121582031,0.12016487121582031,0.528071403503418,0.6482362747192383,38.931458473205566,0.528071403503418,0.6482362747192383,38.931458473205566
nc_papers100m_195trainer_0hop_balanced_local_bs1024_800r,20260914_204924_ogbn-papers100M_FedAvg_bs1024_seed42_beta10000p0,ogbn-papers100M,FedAvg,1024,42,10000.0,60,validation,0.1128,4.4046,0.1128,4.4046,180,0.12384414672851562,0.12384414672851562,0.5218853950500488,0.6457295417785645,39.57718801498413,0.5218853950500488,0.6457295417785645,39.57718801498413
nc_papers100m_195trainer_0hop_balanced_local_bs1024_800r,20260914_204924_ogbn-papers100M_FedAvg_bs1024_seed42_beta10000p0,ogbn-papers100M,FedAvg,1024,42,10000.0,61,validation,0.1141,4.3946,0.1141,4.3946,183,0.12139439582824707,0.12139439582824707,0.5142979621887207,0.6356923580169678,40.2128803730011,0.5142979621887207,0.6356923580169678,40.2128803730011
nc_papers100m_195trainer_0hop_balanced_local_bs1024_800r,20260914_204924_ogbn-papers100M_FedAvg_bs1024_seed42_beta10000p0,ogbn-papers100M,FedAvg,1024,42,10000.0,62,validation,0.1155,4.3847,0.1155,4.3847,186,0.11994743347167969,0.11994743347167969,0.5284590721130371,0.6484065055847168,40.861286878585815,0.5284590721130371,0.6484065055847168,40.861286878585815
nc_papers100m_195trainer_0hop_balanced_local_bs1024_800r,20260914_204924_ogbn-papers100M_FedAvg_bs1024_seed42_beta10000p0,ogbn-papers100M,FedAvg,1024,42,10000.0,63,validation,0.1169,4.375,0.1169,4.375,189,0.11960959434509277,0.11960959434509277,0.5213181972503662,0.640927791595459,41.502214670181274,0.5213181972503662,0.640927791595459,41.502214670181274
nc_papers100m_195trainer_0hop_balanced_local_bs1024_800r,20260914_204924_ogbn-papers100M_FedAvg_bs1024_seed42_beta10000p0,ogbn-papers100M,FedAvg,1024,42,10000.0,64,validation,0.1182,4.3652,0.1182,4.3652,192,0.12804770469665527,0.12804770469665527,0.515019416809082,0.6430671215057373,42.14528179168701,0.515019416809082,0.6430671215057373,42.14528179168701
nc_papers100m_195trainer_0hop_balanced_local_bs1024_800r,20260914_204924_ogbn-papers100M_FedAvg_bs1024_seed42_beta10000p0,ogbn-papers100M,FedAvg,1024,42,10000.0,65,validation,0.1194,4.3557,0.1194,4.3557,195,0.12215852737426758,0.12215852737426758,0.5278713703155518,0.6500298976898193,42.79531168937683,0.5278713703155518,0.6500298976898193,42.79531168937683
nc_papers100m_195trainer_0hop_balanced_local_bs1024_800r,20260914_204924_ogbn-papers100M_FedAvg_bs1024_seed42_beta10000p0,ogbn-papers100M,FedAvg,1024,42,10000.0,66,validation,0.1206,4.3462,0.1206,4.3462,198,0.1201317310333252,0.1201317310333252,0.5229647159576416,0.6430964469909668,43.4384081363678,0.5229647159576416,0.6430964469909668,43.4384081363678
nc_papers100m_195trainer_0hop_balanced_local_bs1024_800r,20260914_204924_ogbn-papers100M_FedAvg_bs1024_seed42_beta10000p0,ogbn-papers100M,FedAvg,1024,42,10000.0,67,validation,0.1218,4.3368,0.1218,4.3368,201,0.11938190460205078,0.11938190460205078,0.5195529460906982,0.638934850692749,44.07734298706055,0.5195529460906982,0.638934850692749,44.07734298706055
nc_papers100m_195trainer_0hop_balanced_local_bs1024_800r,20260914_204924_ogbn-papers100M_FedAvg_bs1024_seed42_beta10000p0,ogbn-papers100M,FedAvg,1024,42,10000.0,68,validation,0.1233,4.3275,0.1233,4.3275,204,0.11847782135009766,0.11847782135009766,0.5314633846282959,0.6499412059783936,44.72728419303894,0.5314633846282959,0.6499412059783936,44.72728419303894
nc_papers100m_195trainer_0hop_balanced_local_bs1024_800r,20260914_204924_ogbn-papers100M_FedAvg_bs1024_seed42_beta10000p0,ogbn-papers100M,FedAvg,1024,42,10000.0,69,validation,0.1247,4.3183,0.1247,4.3183,207,0.12123847007751465,0.12123847007751465,0.5388033390045166,0.6600418090820312,45.38732600212097,0.5388033390045166,0.6600418090820312,45.38732600212097
nc_papers100m_195trainer_0hop_balanced_local_bs1024_800r,20260914_204924_ogbn-papers100M_FedAvg_bs1024_seed42_beta10000p0,ogbn-papers100M,FedAvg,1024,42,10000.0,70,validation,0.126,4.3092,0.126,4.3092,210,0.12420415878295898,0.12420415878295898,0.5209932327270508,0.6451973915100098,46.03252339363098,0.5209932327270508,0.6451973915100098,46.03252339363098
nc_papers100m_195trainer_0hop_balanced_local_bs1024_800r,20260914_204924_ogbn-papers100M_FedAvg_bs1024_seed42_beta10000p0,ogbn-papers100M,FedAvg,1024,42,10000.0,71,validation,0.1271,4.3001,0.1271,4.3001,213,0.13223028182983398,0.13223028182983398,0.52140212059021,0.653632402420044,46.686155796051025,0.52140212059021,0.653632402420044,46.686155796051025
nc_papers100m_195trainer_0hop_balanced_local_bs1024_800r,20260914_204924_ogbn-papers100M_FedAvg_bs1024_seed42_beta10000p0,ogbn-papers100M,FedAvg,1024,42,10000.0,72,validation,0.1286,4.2911,0.1286,4.2911,216,0.11796140670776367,0.11796140670776367,0.5196664333343506,0.6376278400421143,47.32378363609314,0.5196664333343506,0.6376278400421143,47.32378363609314
nc_papers100m_195trainer_0hop_balanced_local_bs1024_800r,20260914_204924_ogbn-papers100M_FedAvg_bs1024_seed42_beta10000p0,ogbn-papers100M,FedAvg,1024,42,10000.0,73,validation,0.1298,4.2821,0.1298,4.2821,219,0.11969614028930664,0.11969614028930664,0.5216209888458252,0.6413171291351318,47.96510076522827,0.5216209888458252,0.6413171291351318,47.96510076522827
nc_papers100m_195trainer_0hop_balanced_local_bs1024_800r,20260914_204924_ogbn-papers100M_FedAvg_bs1024_seed42_beta10000p0,ogbn-papers100M,FedAvg,1024,42,10000.0,74,validation,0.131,4.2734,0.131,4.2734,222,0.12526249885559082,0.12526249885559082,0.5207176208496094,0.6459801197052002,48.61108088493347,0.5207176208496094,0.6459801197052002,48.61108088493347
nc_papers100m_195trainer_0hop_balanced_local_bs1024_800r,20260914_204924_ogbn-papers100M_FedAvg_bs1024_seed42_beta10000p0,ogbn-papers100M,FedAvg,1024,42,10000.0,75,validation,0.1321,4.2647,0.1321,4.2647,225,0.12425470352172852,0.12425470352172852,0.523611307144165,0.6478660106658936,49.258946895599365,0.523611307144165,0.6478660106658936,49.258946895599365
nc_papers100m_195trainer_0hop_balanced_local_bs1024_800r,20260914_204924_ogbn-papers100M_FedAvg_bs1024_seed42_beta10000p0,ogbn-papers100M,FedAvg,1024,42,10000.0,76,validation,0.1334,4.2562,0.1334,4.2562,228,0.13430166244506836,0.13430166244506836,0.5220279693603516,0.6563296318054199,49.915276527404785,0.5220279693603516,0.6563296318054199,49.915276527404785
nc_papers100m_195trainer_0hop_balanced_local_bs1024_800r,20260914_204924_ogbn-papers100M_FedAvg_bs1024_seed42_beta10000p0,ogbn-papers100M,FedAvg,1024,42,10000.0,77,validation,0.1348,4.2476,0.1348,4.2476,231,0.12361860275268555,0.12361860275268555,0.5313234329223633,0.6549420356750488,50.570218563079834,0.5313234329223633,0.6549420356750488,50.570218563079834
nc_papers100m_195trainer_0hop_balanced_local_bs1024_800r,20260914_204924_ogbn-papers100M_FedAvg_bs1024_seed42_beta10000p0,ogbn-papers100M,FedAvg,1024,42,10000.0,78,validation,0.1361,4.2391,0.1361,4.2391,234,0.12296199798583984,0.12296199798583984,0.538665771484375,0.6616277694702148,51.23184633255005,0.538665771484375,0.6616277694702148,51.23184633255005
nc_papers100m_195trainer_0hop_balanced_local_bs1024_800r,20260914_204924_ogbn-papers100M_FedAvg_bs1024_seed42_beta10000p0,ogbn-papers100M,FedAvg,1024,42,10000.0,79,validation,0.1373,4.2307,0.1373,4.2307,237,0.11937475204467773,0.11937475204467773,0.5207600593566895,0.6401348114013672,51.871981143951416,0.5207600593566895,0.6401348114013672,51.871981143951416
nc_papers100m_195trainer_0hop_balanced_local_bs1024_800r,20260914_204924_ogbn-papers100M_FedAvg_bs1024_seed42_beta10000p0,ogbn-papers100M,FedAvg,1024,42,10000.0,80,validation,0.1387,4.2223,0.1387,4.2223,240,0.11966395378112793,0.11966395378112793,0.5303595066070557,0.6500234603881836,52.5220046043396,0.5303595066070557,0.6500234603881836,52.5220046043396
nc_papers100m_195trainer_0hop_balanced_local_bs1024_800r,20260914_204924_ogbn-papers100M_FedAvg_bs1024_seed42_beta10000p0,ogbn-papers100M,FedAvg,1024,42,10000.0,81,validation,0.1399,4.2142,0.1399,4.2142,243,0.12241244316101074,0.12241244316101074,0.5402727127075195,0.6626851558685303,53.18468976020813,0.5402727127075195,0.6626851558685303,53.18468976020813
nc_papers100m_195trainer_0hop_balanced_local_bs1024_800r,20260914_204924_ogbn-papers100M_FedAvg_bs1024_seed42_beta10000p0,ogbn-papers100M,FedAvg,1024,42,10000.0,82,validation,0.141,4.2061,0.141,4.2061,246,0.12566590309143066,0.12566590309143066,0.5269007682800293,0.65256667137146,53.83725643157959,0.5269007682800293,0.65256667137146,53.83725643157959
nc_papers100m_195trainer_0hop_balanced_local_bs1024_800r,20260914_204924_ogbn-papers100M_FedAvg_bs1024_seed42_beta10000p0,ogbn-papers100M,FedAvg,1024,42,10000.0,83,validation,0.1422,4.1982,0.1422,4.1982,249,0.12328362464904785,0.12328362464904785,0.5273354053497314,0.6506190299987793,54.48787546157837,0.5273354053497314,0.6506190299987793,54.48787546157837
nc_papers100m_195trainer_0hop_balanced_local_bs1024_800r,20260914_204924_ogbn-papers100M_FedAvg_bs1024_seed42_beta10000p0,ogbn-papers100M,FedAvg,1024,42,10000.0,84,validation,0.1434,4.1902,0.1434,4.1902,252,0.12017655372619629,0.12017655372619629,0.5414893627166748,0.6616659164428711,55.14954137802124,0.5414893627166748,0.6616659164428711,55.14954137802124
nc_papers100m_195trainer_0hop_balanced_local_bs1024_800r,20260914_204924_ogbn-papers100M_FedAvg_bs1024_seed42_beta10000p0,ogbn-papers100M,FedAvg,1024,42,10000.0,85,validation,0.1446,4.1825,0.1446,4.1825,255,0.12338852882385254,0.12338852882385254,0.5188002586364746,0.6421887874603271,55.79173016548157,0.5188002586364746,0.6421887874603271,55.79173016548157
nc_papers100m_195trainer_0hop_balanced_local_bs1024_800r,20260914_204924_ogbn-papers100M_FedAvg_bs1024_seed42_beta10000p0,ogbn-papers100M,FedAvg,1024,42,10000.0,86,validation,0.1456,4.1746,0.1456,4.1746,258,0.12665891647338867,0.12665891647338867,0.51896071434021,0.6456196308135986,56.437349796295166,0.51896071434021,0.6456196308135986,56.437349796295166
nc_papers100m_195trainer_0hop_balanced_local_bs1024_800r,20260914_204924_ogbn-papers100M_FedAvg_bs1024_seed42_beta10000p0,ogbn-papers100M,FedAvg,1024,42,10000.0,87,validation,0.1468,4.167,0.1468,4.167,261,0.12511372566223145,0.12511372566223145,0.5216555595397949,0.6467692852020264,57.08411908149719,0.5216555595397949,0.6467692852020264,57.08411908149719
nc_papers100m_195trainer_0hop_balanced_local_bs1024_800r,20260914_204924_ogbn-papers100M_FedAvg_bs1024_seed42_beta10000p0,ogbn-papers100M,FedAvg,1024,42,10000.0,88,validation,0.148,4.1593,0.148,4.1593,264,0.11854290962219238,0.11854290962219238,0.5118703842163086,0.630413293838501,57.71453237533569,0.5118703842163086,0.630413293838501,57.71453237533569
nc_papers100m_195trainer_0hop_balanced_local_bs1024_800r,20260914_204924_ogbn-papers100M_FedAvg_bs1024_seed42_beta10000p0,ogbn-papers100M,FedAvg,1024,42,10000.0,89,validation,0.1489,4.1518,0.1489,4.1518,267,0.11906886100769043,0.11906886100769043,0.5129916667938232,0.6320605278015137,58.34659290313721,0.5129916667938232,0.6320605278015137,58.34659290313721
nc_papers100m_195trainer_0hop_balanced_local_bs1024_800r,20260914_204924_ogbn-papers100M_FedAvg_bs1024_seed42_beta10000p0,ogbn-papers100M,FedAvg,1024,42,10000.0,90,validation,0.1501,4.1442,0.1501,4.1442,270,0.12189626693725586,0.12189626693725586,0.5159471035003662,0.6378433704376221,58.98443627357483,0.5159471035003662,0.6378433704376221,58.98443627357483
nc_papers100m_195trainer_0hop_balanced_local_bs1024_800r,20260914_204924_ogbn-papers100M_FedAvg_bs1024_seed42_beta10000p0,ogbn-papers100M,FedAvg,1024,42,10000.0,91,validation,0.1512,4.1369,0.1512,4.1369,273,0.12187051773071289,0.12187051773071289,0.5197646617889404,0.6416351795196533,59.62607145309448,0.5197646617889404,0.6416351795196533,59.62607145309448
nc_papers100m_195trainer_0hop_balanced_local_bs1024_800r,20260914_204924_ogbn-papers100M_FedAvg_bs1024_seed42_beta10000p0,ogbn-papers100M,FedAvg,1024,42,10000.0,92,validation,0.1522,4.1296,0.1522,4.1296,276,0.12415242195129395,0.12415242195129395,0.5109043121337891,0.635056734085083,60.261128187179565,0.5109043121337891,0.635056734085083,60.261128187179565
nc_papers100m_195trainer_0hop_balanced_local_bs1024_800r,20260914_204924_ogbn-papers100M_FedAvg_bs1024_seed42_beta10000p0,ogbn-papers100M,FedAvg,1024,42,10000.0,93,validation,0.1534,4.1223,0.1534,4.1223,279,0.12170553207397461,0.12170553207397461,0.521895170211792,0.6436007022857666,60.90472888946533,0.521895170211792,0.6436007022857666,60.90472888946533
nc_papers100m_195trainer_0hop_balanced_local_bs1024_800r,20260914_204924_ogbn-papers100M_FedAvg_bs1024_seed42_beta10000p0,ogbn-papers100M,FedAvg,1024,42,10000.0,94,validation,0.1546,4.1151,0.1546,4.1151,282,0.1192328929901123,0.1192328929901123,0.5189292430877686,0.6381621360778809,61.54289102554321,0.5189292430877686,0.6381621360778809,61.54289102554321
nc_papers100m_195trainer_0hop_balanced_local_bs1024_800r,20260914_204924_ogbn-papers100M_FedAvg_bs1024_seed42_beta10000p0,ogbn-papers100M,FedAvg,1024,42,10000.0,95,validation,0.1556,4.1081,0.1556,4.1081,285,0.12011480331420898,0.12011480331420898,0.5171070098876953,0.6372218132019043,62.18011283874512,0.5171070098876953,0.6372218132019043,62.18011283874512
nc_papers100m_195trainer_0hop_balanced_local_bs1024_800r,20260914_204924_ogbn-papers100M_FedAvg_bs1024_seed42_beta10000p0,ogbn-papers100M,FedAvg,1024,42,10000.0,96,validation,0.1565,4.101,0.1565,4.101,288,0.12766027450561523,0.12766027450561523,0.5252361297607422,0.6528964042663574,62.833009243011475,0.5252361297607422,0.6528964042663574,62.833009243011475
nc_papers100m_195trainer_0hop_balanced_local_bs1024_800r,20260914_204924_ogbn-papers100M_FedAvg_bs1024_seed42_beta10000p0,ogbn-papers100M,FedAvg,1024,42,10000.0,97,validation,0.1577,4.0941,0.1577,4.0941,291,0.12545228004455566,0.12545228004455566,0.5256619453430176,0.6511142253875732,63.48412346839905,0.5256619453430176,0.6511142253875732,63.48412346839905
nc_papers100m_195trainer_0hop_balanced_local_bs1024_800r,20260914_204924_ogbn-papers100M_FedAvg_bs1024_seed42_beta10000p0,ogbn-papers100M,FedAvg,1024,42,10000.0,98,validation,0.1588,4.0872,0.1588,4.0872,294,0.11942887306213379,0.11942887306213379,0.5318095684051514,0.6512384414672852,64.13536190986633,0.5318095684051514,0.6512384414672852,64.13536190986633
nc_papers100m_195trainer_0hop_balanced_local_bs1024_800r,20260914_204924_ogbn-papers100M_FedAvg_bs1024_seed42_beta10000p0,ogbn-papers100M,FedAvg,1024,42,10000.0,99,validation,0.1597,4.0803,0.1597,4.0803,297,0.11858630180358887,0.11858630180358887,0.5148491859436035,0.6334354877471924,64.76879739761353,0.5148491859436035,0.6334354877471924,64.76879739761353
nc_papers100m_195trainer_0hop_balanced_local_bs1024_800r,20260914_204924_ogbn-papers100M_FedAvg_bs1024_seed42_beta10000p0,ogbn-papers100M,FedAvg,1024,42,10000.0,100,validation,0.1606,4.0735,0.1606,4.0735,300,0.11664485931396484,0.11664485931396484,0.5238454341888428,0.6404902935028076,65.40928769111633,0.5238454341888428,0.6404902935028076,65.40928769111633
nc_papers100m_195trainer_0hop_balanced_local_bs1024_800r,20260914_204924_ogbn-papers100M_FedAvg_bs1024_seed42_beta10000p0,ogbn-papers100M,FedAvg,1024,42,10000.0,101,validation,0.1615,4.0667,0.1615,4.0667,303,0.12018871307373047,0.12018871307373047,0.5206060409545898,0.6407947540283203,66.05008244514465,0.5206060409545898,0.6407947540283203,66.05008244514465
nc_papers100m_195trainer_0hop_balanced_local_bs1024_800r,20260914_204924_ogbn-papers100M_FedAvg_bs1024_seed42_beta10000p0,ogbn-papers100M,FedAvg,1024,42,10000.0,102,validation,0.1626,4.0601,0.1626,4.0601,306,0.12209391593933105,0.12209391593933105,0.5129351615905762,0.6350290775299072,66.68511152267456,0.5129351615905762,0.6350290775299072,66.68511152267456
nc_papers100m_195trainer_0hop_balanced_local_bs1024_800r,20260914_204924_ogbn-papers100M_FedAvg_bs1024_seed42_beta10000p0,ogbn-papers100M,FedAvg,1024,42,10000.0,103,validation,0.1634,4.0535,0.1634,4.0535,309,0.12481284141540527,0.12481284141540527,0.682459831237793,0.8072726726531982,67.49238419532776,0.682459831237793,0.8072726726531982,67.49238419532776
nc_papers100m_195trainer_0hop_balanced_local_bs1024_800r,20260914_204924_ogbn-papers100M_FedAvg_bs1024_seed42_beta10000p0,ogbn-papers100M,FedAvg,1024,42,10000.0,104,validation,0.1643,4.0471,0.1643,4.0471,312,0.11866140365600586,0.11866140365600586,0.5222141742706299,0.6408755779266357,68.1332597732544,0.5222141742706299,0.6408755779266357,68.1332597732544
nc_papers100m_195trainer_0hop_balanced_local_bs1024_800r,20260914_204924_ogbn-papers100M_FedAvg_bs1024_seed42_beta10000p0,ogbn-papers100M,FedAvg,1024,42,10000.0,105,validation,0.1653,4.0407,0.1653,4.0407,315,0.11978411674499512,0.11978411674499512,0.5108723640441895,0.6306564807891846,68.76391625404358,0.5108723640441895,0.6306564807891846,68.76391625404358
nc_papers100m_195trainer_0hop_balanced_local_bs1024_800r,20260914_204924_ogbn-papers100M_FedAvg_bs1024_seed42_beta10000p0,ogbn-papers100M,FedAvg,1024,42,10000.0,106,validation,0.1663,4.0343,0.1663,4.0343,318,0.12270045280456543,0.12270045280456543,0.5336141586303711,0.6563146114349365,69.42023086547852,0.5336141586303711,0.6563146114349365,69.42023086547852
nc_papers100m_195trainer_0hop_balanced_local_bs1024_800r,20260914_204924_ogbn-papers100M_FedAvg_bs1024_seed42_beta10000p0,ogbn-papers100M,FedAvg,1024,42,10000.0,107,validation,0.1671,4.028,0.1671,4.028,321,0.12108278274536133,0.12108278274536133,0.5320255756378174,0.6531083583831787,70.0733392238617,0.5320255756378174,0.6531083583831787,70.0733392238617
nc_papers100m_195trainer_0hop_balanced_local_bs1024_800r,20260914_204924_ogbn-papers100M_FedAvg_bs1024_seed42_beta10000p0,ogbn-papers100M,FedAvg,1024,42,10000.0,108,validation,0.168,4.0219,0.168,4.0219,324,0.12476468086242676,0.12476468086242676,0.5232641696929932,0.6480288505554199,70.72136807441711,0.5232641696929932,0.6480288505554199,70.72136807441711
nc_papers100m_195trainer_0hop_balanced_local_bs1024_800r,20260914_204924_ogbn-papers100M_FedAvg_bs1024_seed42_beta10000p0,ogbn-papers100M,FedAvg,1024,42,10000.0,109,validation,0.169,4.0158,0.169,4.0158,327,0.12360405921936035,0.12360405921936035,0.5199286937713623,0.6435327529907227,71.36490082740784,0.5199286937713623,0.6435327529907227,71.36490082740784
nc_papers100m_195trainer_0hop_balanced_local_bs1024_800r,20260914_204924_ogbn-papers100M_FedAvg_bs1024_seed42_beta10000p0,ogbn-papers100M,FedAvg,1024,42,10000.0,110,validation,0.1699,4.0096,0.1699,4.0096,330,0.11932730674743652,0.11932730674743652,0.5285794734954834,0.6479067802429199,72.01280760765076,0.5285794734954834,0.6479067802429199,72.01280760765076
nc_papers100m_195trainer_0hop_balanced_local_bs1024_800r,20260914_204924_ogbn-papers100M_FedAvg_bs1024_seed42_beta10000p0,ogbn-papers100M,FedAvg,1024,42,10000.0,111,validation,0.1708,4.0035,0.1708,4.0035,333,0.11789083480834961,0.11789083480834961,0.5176856517791748,0.6355764865875244,72.64838409423828,0.5176856517791748,0.6355764865875244,72.64838409423828
nc_papers100m_195trainer_0hop_balanced_local_bs1024_800r,20260914_204924_ogbn-papers100M_FedAvg_bs1024_seed42_beta10000p0,ogbn-papers100M,FedAvg,1024,42,10000.0,112,validation,0.1717,3.9973,0.1717,3.9973,336,0.12307310104370117,0.12307310104370117,0.5590782165527344,0.6821513175964355,73.33053541183472,0.5590782165527344,0.6821513175964355,73.33053541183472
nc_papers100m_195trainer_0hop_balanced_local_bs1024_800r,20260914_204924_ogbn-papers100M_FedAvg_bs1024_seed42_beta10000p0,ogbn-papers100M,FedAvg,1024,42,10000.0,113,validation,0.1725,3.9914,0.1725,3.9914,339,0.12157440185546875,0.12157440185546875,0.5169861316680908,0.6385605335235596,73.96909594535828,0.5169861316680908,0.6385605335235596,73.96909594535828
nc_papers100m_195trainer_0hop_balanced_local_bs1024_800r,20260914_204924_ogbn-papers100M_FedAvg_bs1024_seed42_beta10000p0,ogbn-papers100M,FedAvg,1024,42,10000.0,114,validation,0.1735,3.9855,0.1735,3.9855,342,0.12070727348327637,0.12070727348327637,0.5145697593688965,0.6352770328521729,74.60437297821045,0.5145697593688965,0.6352770328521729,74.60437297821045
nc_papers100m_195trainer_0hop_balanced_local_bs1024_800r,20260914_204924_ogbn-papers100M_FedAvg_bs1024_seed42_beta10000p0,ogbn-papers100M,FedAvg,1024,42,10000.0,115,validation,0.1742,3.9798,0.1742,3.9798,345,0.11951732635498047,0.11951732635498047,0.5240628719329834,0.6435801982879639,75.24795317649841,0.5240628719329834,0.6435801982879639,75.24795317649841
nc_papers100m_195trainer_0hop_balanced_local_bs1024_800r,20260914_204924_ogbn-papers100M_FedAvg_bs1024_seed42_beta10000p0,ogbn-papers100M,FedAvg,1024,42,10000.0,116,validation,0.1751,3.9741,0.1751,3.9741,348,0.12082123756408691,0.12082123756408691,0.5214450359344482,0.6422662734985352,75.89021944999695,0.5214450359344482,0.6422662734985352,75.89021944999695
nc_papers100m_195trainer_0hop_balanced_local_bs1024_800r,20260914_204924_ogbn-papers100M_FedAvg_bs1024_seed42_beta10000p0,ogbn-papers100M,FedAvg,1024,42,10000.0,117,validation,0.176,3.9685,0.176,3.9685,351,0.11991691589355469,0.11991691589355469,0.523970365524292,0.6438872814178467,76.5341067314148,0.523970365524292,0.6438872814178467,76.5341067314148
nc_papers100m_195trainer_0hop_balanced_local_bs1024_800r,20260914_204924_ogbn-papers100M_FedAvg_bs1024_seed42_beta10000p0,ogbn-papers100M,FedAvg,1024,42,10000.0,118,validation,0.1769,3.9627,0.1769,3.9627,354,0.1212320327758789,0.1212320327758789,0.5236587524414062,0.6448907852172852,77.17899751663208,0.5236587524414062,0.6448907852172852,77.17899751663208
nc_papers100m_195trainer_0hop_balanced_local_bs1024_800r,20260914_204924_ogbn-papers100M_FedAvg_bs1024_seed42_beta10000p0,ogbn-papers100M,FedAvg,1024,42,10000.0,119,validation,0.1777,3.9571,0.1777,3.9571,357,0.12204456329345703,0.12204456329345703,0.5347740650177002,0.6568186283111572,77.83581614494324,0.5347740650177002,0.6568186283111572,77.83581614494324
nc_papers100m_195trainer_0hop_balanced_local_bs1024_800r,20260914_204924_ogbn-papers100M_FedAvg_bs1024_seed42_beta10000p0,ogbn-papers100M,FedAvg,1024,42,10000.0,120,validation,0.1785,3.9515,0.1785,3.9515,360,0.11991572380065918,0.11991572380065918,0.5310745239257812,0.6509902477264404,78.48680639266968,0.5310745239257812,0.6509902477264404,78.48680639266968
nc_papers100m_195trainer_0hop_balanced_local_bs1024_800r,20260914_204924_ogbn-papers100M_FedAvg_bs1024_seed42_beta10000p0,ogbn-papers100M,FedAvg,1024,42,10000.0,121,validation,0.1794,3.9459,0.1794,3.9459,363,0.12392258644104004,0.12392258644104004,0.5193994045257568,0.6433219909667969,79.13012838363647,0.5193994045257568,0.6433219909667969,79.13012838363647
nc_papers100m_195trainer_0hop_balanced_local_bs1024_800r,20260914_204924_ogbn-papers100M_FedAvg_bs1024_seed42_beta10000p0,ogbn-papers100M,FedAvg,1024,42,10000.0,122,validation,0.1803,3.9404,0.1803,3.9404,366,0.11796975135803223,0.11796975135803223,0.5309865474700928,0.648956298828125,79.7790846824646,0.5309865474700928,0.648956298828125,79.7790846824646
nc_papers100m_195trainer_0hop_balanced_local_bs1024_800r,20260914_204924_ogbn-papers100M_FedAvg_bs1024_seed42_beta10000p0,ogbn-papers100M,FedAvg,1024,42,10000.0,123,validation,0.181,3.9351,0.181,3.9351,369,0.1204519271850586,0.1204519271850586,0.5276474952697754,0.648099422454834,80.42718410491943,0.5276474952697754,0.648099422454834,80.42718410491943
nc_papers100m_195trainer_0hop_balanced_local_bs1024_800r,20260914_204924_ogbn-papers100M_FedAvg_bs1024_seed42_beta10000p0,ogbn-papers100M,FedAvg,1024,42,10000.0,124,validation,0.1817,3.9298,0.1817,3.9298,372,0.1228933334350586,0.1228933334350586,0.5151846408843994,0.638077974319458,81.06526207923889,0.5151846408843994,0.638077974319458,81.06526207923889
nc_papers100m_195trainer_0hop_balanced_local_bs1024_800r,20260914_204924_ogbn-papers100M_FedAvg_bs1024_seed42_beta10000p0,ogbn-papers100M,FedAvg,1024,42,10000.0,125,validation,0.1826,3.9246,0.1826,3.9246,375,0.12430024147033691,0.12430024147033691,0.527036190032959,0.6513364315032959,81.71659851074219,0.527036190032959,0.6513364315032959,81.71659851074219
nc_papers100m_195trainer_0hop_balanced_local_bs1024_800r,20260914_204924_ogbn-papers100M_FedAvg_bs1024_seed42_beta10000p0,ogbn-papers100M,FedAvg,1024,42,10000.0,126,validation,0.1835,3.9193,0.1835,3.9193,378,0.12415266036987305,0.12415266036987305,0.5325396060943604,0.6566922664642334,82.37329077720642,0.5325396060943604,0.6566922664642334,82.37329077720642
nc_papers100m_195trainer_0hop_balanced_local_bs1024_800r,20260914_204924_ogbn-papers100M_FedAvg_bs1024_seed42_beta10000p0,ogbn-papers100M,FedAvg,1024,42,10000.0,127,validation,0.1841,3.914,0.1841,3.914,381,0.11710834503173828,0.11710834503173828,0.5271346569061279,0.6442430019378662,83.01753377914429,0.5271346569061279,0.6442430019378662,83.01753377914429
nc_papers100m_195trainer_0hop_balanced_local_bs1024_800r,20260914_204924_ogbn-papers100M_FedAvg_bs1024_seed42_beta10000p0,ogbn-papers100M,FedAvg,1024,42,10000.0,128,validation,0.1848,3.9088,0.1848,3.9088,384,0.11745119094848633,0.11745119094848633,0.5189962387084961,0.6364474296569824,83.65398120880127,0.5189962387084961,0.6364474296569824,83.65398120880127
nc_papers100m_195trainer_0hop_balanced_local_bs1024_800r,20260914_204924_ogbn-papers100M_FedAvg_bs1024_seed42_beta10000p0,ogbn-papers100M,FedAvg,1024,42,10000.0,129,validation,0.1857,3.9037,0.1857,3.9037,387,0.11936831474304199,0.11936831474304199,0.5165748596191406,0.6359431743621826,84.28992438316345,0.5165748596191406,0.6359431743621826,84.28992438316345
nc_papers100m_195trainer_0hop_balanced_local_bs1024_800r,20260914_204924_ogbn-papers100M_FedAvg_bs1024_seed42_beta10000p0,ogbn-papers100M,FedAvg,1024,42,10000.0,130,validation,0.1865,3.8987,0.1865,3.8987,390,0.12049078941345215,0.12049078941345215,0.5169756412506104,0.6374664306640625,84.92739081382751,0.5169756412506104,0.6374664306640625,84.92739081382751
nc_papers100m_195trainer_0hop_balanced_local_bs1024_800r,20260914_204924_ogbn-papers100M_FedAvg_bs1024_seed42_beta10000p0,ogbn-papers100M,FedAvg,1024,42,10000.0,131,validation,0.1872,3.8937,0.1872,3.8937,393,0.12920403480529785,0.12920403480529785,0.5118062496185303,0.6410102844238281,85.56840109825134,0.5118062496185303,0.6410102844238281,85.56840109825134
nc_papers100m_195trainer_0hop_balanced_local_bs1024_800r,20260914_204924_ogbn-papers100M_FedAvg_bs1024_seed42_beta10000p0,ogbn-papers100M,FedAvg,1024,42,10000.0,132,validation,0.1878,3.8888,0.1878,3.8888,396,0.1192018985748291,0.1192018985748291,0.5207715034484863,0.6399734020233154,86.20837450027466,0.5207715034484863,0.6399734020233154,86.20837450027466
nc_papers100m_195trainer_0hop_balanced_local_bs1024_800r,20260914_204924_ogbn-papers100M_FedAvg_bs1024_seed42_beta10000p0,ogbn-papers100M,FedAvg,1024,42,10000.0,133,validation,0.1887,3.884,0.1887,3.884,399,0.12134766578674316,0.12134766578674316,0.5258944034576416,0.6472420692443848,86.85561656951904,0.5258944034576416,0.6472420692443848,86.85561656951904
nc_papers100m_195trainer_0hop_balanced_local_bs1024_800r,20260914_204924_ogbn-papers100M_FedAvg_bs1024_seed42_beta10000p0,ogbn-papers100M,FedAvg,1024,42,10000.0,134,validation,0.1895,3.879,0.1895,3.879,402,0.12152242660522461,0.12152242660522461,0.5188243389129639,0.6403467655181885,87.49596333503723,0.5188243389129639,0.6403467655181885,87.49596333503723
nc_papers100m_195trainer_0hop_balanced_local_bs1024_800r,20260914_204924_ogbn-papers100M_FedAvg_bs1024_seed42_beta10000p0,ogbn-papers100M,FedAvg,1024,42,10000.0,135,validation,0.1901,3.8742,0.1901,3.8742,405,0.12012314796447754,0.12012314796447754,0.5257768630981445,0.6459000110626221,88.14186334609985,0.5257768630981445,0.6459000110626221,88.14186334609985
nc_papers100m_195trainer_0hop_balanced_local_bs1024_800r,20260914_204924_ogbn-papers100M_FedAvg_bs1024_seed42_beta10000p0,ogbn-papers100M,FedAvg,1024,42,10000.0,136,validation,0.1909,3.8694,0.1909,3.8694,408,0.12110543251037598,0.12110543251037598,0.517249345779419,0.6383547782897949,88.78021812438965,0.517249345779419,0.6383547782897949,88.78021812438965
nc_papers100m_195trainer_0hop_balanced_local_bs1024_800r,20260914_204924_ogbn-papers100M_FedAvg_bs1024_seed42_beta10000p0,ogbn-papers100M,FedAvg,1024,42,10000.0,137,validation,0.1916,3.8646,0.1916,3.8646,411,0.12138891220092773,0.12138891220092773,0.5192158222198486,0.6406047344207764,89.42082285881042,0.5192158222198486,0.6406047344207764,89.42082285881042
nc_papers100m_195trainer_0hop_balanced_local_bs1024_800r,20260914_204924_ogbn-papers100M_FedAvg_bs1024_seed42_beta10000p0,ogbn-papers100M,FedAvg,1024,42,10000.0,138,validation,0.1923,3.8598,0.1923,3.8598,414,0.12045478820800781,0.12045478820800781,0.5217695236206055,0.6422243118286133,90.06304717063904,0.5217695236206055,0.6422243118286133,90.06304717063904
nc_papers100m_195trainer_0hop_balanced_local_bs1024_800r,20260914_204924_ogbn-papers100M_FedAvg_bs1024_seed42_beta10000p0,ogbn-papers100M,FedAvg,1024,42,10000.0,139,validation,0.1932,3.855,0.1932,3.855,417,0.12099552154541016,0.12099552154541016,0.5229413509368896,0.6439368724822998,90.70698404312134,0.5229413509368896,0.6439368724822998,90.70698404312134
nc_papers100m_195trainer_0hop_balanced_local_bs1024_800r,20260914_204924_ogbn-papers100M_FedAvg_bs1024_seed42_beta10000p0,ogbn-papers100M,FedAvg,1024,42,10000.0,140,validation,0.194,3.8503,0.194,3.8503,420,0.1228184700012207,0.1228184700012207,0.5144760608673096,0.6372945308685303,91.34427857398987,0.5144760608673096,0.6372945308685303,91.34427857398987
nc_papers100m_195trainer_0hop_balanced_local_bs1024_800r,20260914_204924_ogbn-papers100M_FedAvg_bs1024_seed42_beta10000p0,ogbn-papers100M,FedAvg,1024,42,10000.0,141,validation,0.1946,3.8456,0.1946,3.8456,423,0.1294572353363037,0.1294572353363037,0.5463924407958984,0.6758496761322021,92.02012825012207,0.5463924407958984,0.6758496761322021,92.02012825012207
nc_papers100m_195trainer_0hop_balanced_local_bs1024_800r,20260914_204924_ogbn-papers100M_FedAvg_bs1024_seed42_beta10000p0,ogbn-papers100M,FedAvg,1024,42,10000.0,142,validation,0.1951,3.841,0.1951,3.841,426,0.12475728988647461,0.12475728988647461,0.531207799911499,0.6559650897979736,92.67609333992004,0.531207799911499,0.6559650897979736,92.67609333992004
nc_papers100m_195trainer_0hop_balanced_local_bs1024_800r,20260914_204924_ogbn-papers100M_FedAvg_bs1024_seed42_beta10000p0,ogbn-papers100M,FedAvg,1024,42,10000.0,143,validation,0.1956,3.8365,0.1956,3.8365,429,0.11986351013183594,0.11986351013183594,0.5151665210723877,0.6350300312042236,93.31112337112427,0.5151665210723877,0.6350300312042236,93.31112337112427
nc_papers100m_195trainer_0hop_balanced_local_bs1024_800r,20260914_204924_ogbn-papers100M_FedAvg_bs1024_seed42_beta10000p0,ogbn-papers100M,FedAvg,1024,42,10000.0,144,validation,0.1963,3.832,0.1963,3.832,432,0.12035346031188965,0.12035346031188965,0.5347309112548828,0.6550843715667725,93.96620774269104,0.5347309112548828,0.6550843715667725,93.96620774269104
nc_papers100m_195trainer_0hop_balanced_local_bs1024_800r,20260914_204924_ogbn-papers100M_FedAvg_bs1024_seed42_beta10000p0,ogbn-papers100M,FedAvg,1024,42,10000.0,145,validation,0.1969,3.8276,0.1969,3.8276,435,0.11957263946533203,0.11957263946533203,0.5229811668395996,0.6425538063049316,94.60876154899597,0.5229811668395996,0.6425538063049316,94.60876154899597
nc_papers100m_195trainer_0hop_balanced_local_bs1024_800r,20260914_204924_ogbn-papers100M_FedAvg_bs1024_seed42_beta10000p0,ogbn-papers100M,FedAvg,1024,42,10000.0,146,validation,0.1976,3.8232,0.1976,3.8232,438,0.12303447723388672,0.12303447723388672,0.5231280326843262,0.6461625099182129,95.25492405891418,0.5231280326843262,0.6461625099182129,95.25492405891418
nc_papers100m_195trainer_0hop_balanced_local_bs1024_800r,20260914_204924_ogbn-papers100M_FedAvg_bs1024_seed42_beta10000p0,ogbn-papers100M,FedAvg,1024,42,10000.0,147,validation,0.1981,3.8189,0.1981,3.8189,441,0.12433195114135742,0.12433195114135742,0.5289900302886963,0.6533219814300537,95.90824604034424,0.5289900302886963,0.6533219814300537,95.90824604034424
nc_papers100m_195trainer_0hop_balanced_local_bs1024_800r,20260914_204924_ogbn-papers100M_FedAvg_bs1024_seed42_beta10000p0,ogbn-papers100M,FedAvg,1024,42,10000.0,148,validation,0.1986,3.8144,0.1986,3.8144,444,0.1212458610534668,0.1212458610534668,0.5220248699188232,0.64327073097229,96.55151677131653,0.5220248699188232,0.64327073097229,96.55151677131653
nc_papers100m_195trainer_0hop_balanced_local_bs1024_800r,20260914_204924_ogbn-papers100M_FedAvg_bs1024_seed42_beta10000p0,ogbn-papers100M,FedAvg,1024,42,10000.0,149,validation,0.1991,3.81,0.1991,3.81,447,0.11927676200866699,0.11927676200866699,0.5244245529174805,0.6437013149261475,97.19521808624268,0.5244245529174805,0.6437013149261475,97.19521808624268
nc_papers100m_195trainer_0hop_balanced_local_bs1024_800r,20260914_204924_ogbn-papers100M_FedAvg_bs1024_seed42_beta10000p0,ogbn-papers100M,FedAvg,1024,42,10000.0,150,validation,0.1998,3.8056,0.1998,3.8056,450,0.11998319625854492,0.11998319625854492,0.5302467346191406,0.6502299308776855,97.84544801712036,0.5302467346191406,0.6502299308776855,97.84544801712036
nc_papers100m_195trainer_0hop_balanced_local_bs1024_800r,20260914_204924_ogbn-papers100M_FedAvg_bs1024_seed42_beta10000p0,ogbn-papers100M,FedAvg,1024,42,10000.0,151,validation,0.2003,3.8014,0.2003,3.8014,453,0.12349677085876465,0.12349677085876465,0.5261828899383545,0.6496796607971191,98.49512767791748,0.5261828899383545,0.6496796607971191,98.49512767791748
nc_papers100m_195trainer_0hop_balanced_local_bs1024_800r,20260914_204924_ogbn-papers100M_FedAvg_bs1024_seed42_beta10000p0,ogbn-papers100M,FedAvg,1024,42,10000.0,152,validation,0.2009,3.7972,0.2009,3.7972,456,0.12316608428955078,0.12316608428955078,0.5250239372253418,0.6481900215148926,99.14331769943237,0.5250239372253418,0.6481900215148926,99.14331769943237
nc_papers100m_195trainer_0hop_balanced_local_bs1024_800r,20260914_204924_ogbn-papers100M_FedAvg_bs1024_seed42_beta10000p0,ogbn-papers100M,FedAvg,1024,42,10000.0,153,validation,0.2016,3.7928,0.2016,3.7928,459,0.12183690071105957,0.12183690071105957,0.5332036018371582,0.6550405025482178,99.79835820198059,0.5332036018371582,0.6550405025482178,99.79835820198059
nc_papers100m_195trainer_0hop_balanced_local_bs1024_800r,20260914_204924_ogbn-papers100M_FedAvg_bs1024_seed42_beta10000p0,ogbn-papers100M,FedAvg,1024,42,10000.0,154,validation,0.2021,3.7887,0.2021,3.7887,462,0.12342405319213867,0.12342405319213867,0.5274052619934082,0.6508293151855469,100.44918751716614,0.5274052619934082,0.6508293151855469,100.44918751716614
nc_papers100m_195trainer_0hop_balanced_local_bs1024_800r,20260914_204924_ogbn-papers100M_FedAvg_bs1024_seed42_beta10000p0,ogbn-papers100M,FedAvg,1024,42,10000.0,155,validation,0.2025,3.7847,0.2025,3.7847,465,0.1214451789855957,0.1214451789855957,0.5435760021209717,0.6650211811065674,101.1142086982727,0.5435760021209717,0.6650211811065674,101.1142086982727
nc_papers100m_195trainer_0hop_balanced_local_bs1024_800r,20260914_204924_ogbn-papers100M_FedAvg_bs1024_seed42_beta10000p0,ogbn-papers100M,FedAvg,1024,42,10000.0,156,validation,0.2033,3.7808,0.2033,3.7808,468,0.12175631523132324,0.12175631523132324,0.5299179553985596,0.6516742706298828,101.76588296890259,0.5299179553985596,0.6516742706298828,101.76588296890259
nc_papers100m_195trainer_0hop_balanced_local_bs1024_800r,20260914_204924_ogbn-papers100M_FedAvg_bs1024_seed42_beta10000p0,ogbn-papers100M,FedAvg,1024,42,10000.0,157,validation,0.2038,3.7766,0.2038,3.7766,471,0.12418293952941895,0.12418293952941895,0.5311651229858398,0.6553480625152588,102.42123103141785,0.5311651229858398,0.6553480625152588,102.42123103141785
nc_papers100m_195trainer_0hop_balanced_local_bs1024_800r,20260914_204924_ogbn-papers100M_FedAvg_bs1024_seed42_beta10000p0,ogbn-papers100M,FedAvg,1024,42,10000.0,158,validation,0.2042,3.7725,0.2042,3.7725,474,0.11890888214111328,0.11890888214111328,0.5199012756347656,0.6388101577758789,103.06004118919373,0.5199012756347656,0.6388101577758789,103.06004118919373
nc_papers100m_195trainer_0hop_balanced_local_bs1024_800r,20260914_204924_ogbn-papers100M_FedAvg_bs1024_seed42_beta10000p0,ogbn-papers100M,FedAvg,1024,42,10000.0,159,validation,0.2048,3.7684,0.2048,3.7684,477,0.12324213981628418,0.12324213981628418,0.5248081684112549,0.6480503082275391,103.70809149742126,0.5248081684112549,0.6480503082275391,103.70809149742126
nc_papers100m_195trainer_0hop_balanced_local_bs1024_800r,20260914_204924_ogbn-papers100M_FedAvg_bs1024_seed42_beta10000p0,ogbn-papers100M,FedAvg,1024,42,10000.0,160,validation,0.2052,3.7644,0.2052,3.7644,480,0.11960220336914062,0.11960220336914062,0.5306057929992676,0.6502079963684082,104.35829949378967,0.5306057929992676,0.6502079963684082,104.35829949378967
nc_papers100m_195trainer_0hop_balanced_local_bs1024_800r,20260914_204924_ogbn-papers100M_FedAvg_bs1024_seed42_beta10000p0,ogbn-papers100M,FedAvg,1024,42,10000.0,161,validation,0.2059,3.7605,0.2059,3.7605,483,0.11858558654785156,0.11858558654785156,0.5337526798248291,0.6523382663726807,105.01063776016235,0.5337526798248291,0.6523382663726807,105.01063776016235
nc_papers100m_195trainer_0hop_balanced_local_bs1024_800r,20260914_204924_ogbn-papers100M_FedAvg_bs1024_seed42_beta10000p0,ogbn-papers100M,FedAvg,1024,42,10000.0,162,validation,0.2064,3.7567,0.2064,3.7567,486,0.12048077583312988,0.12048077583312988,0.5234706401824951,0.643951416015625,105.65458917617798,0.5234706401824951,0.643951416015625,105.65458917617798
nc_papers100m_195trainer_0hop_balanced_local_bs1024_800r,20260914_204924_ogbn-papers100M_FedAvg_bs1024_seed42_beta10000p0,ogbn-papers100M,FedAvg,1024,42,10000.0,163,validation,0.2068,3.7528,0.2068,3.7528,489,0.12364387512207031,0.12364387512207031,0.5391685962677002,0.6628124713897705,106.31740164756775,0.5391685962677002,0.6628124713897705,106.31740164756775
nc_papers100m_195trainer_0hop_balanced_local_bs1024_800r,20260914_204924_ogbn-papers100M_FedAvg_bs1024_seed42_beta10000p0,ogbn-papers100M,FedAvg,1024,42,10000.0,164,validation,0.2073,3.7489,0.2073,3.7489,492,0.12182140350341797,0.12182140350341797,0.528409481048584,0.650230884552002,106.96763253211975,0.528409481048584,0.650230884552002,106.96763253211975
nc_papers100m_195trainer_0hop_balanced_local_bs1024_800r,20260914_204924_ogbn-papers100M_FedAvg_bs1024_seed42_beta10000p0,ogbn-papers100M,FedAvg,1024,42,10000.0,165,validation,0.2077,3.7451,0.2077,3.7451,495,0.1190500259399414,0.1190500259399414,0.5274243354797363,0.6464743614196777,107.61410689353943,0.5274243354797363,0.6464743614196777,107.61410689353943
nc_papers100m_195trainer_0hop_balanced_local_bs1024_800r,20260914_204924_ogbn-papers100M_FedAvg_bs1024_seed42_beta10000p0,ogbn-papers100M,FedAvg,1024,42,10000.0,166,validation,0.2082,3.7412,0.2082,3.7412,498,0.12309765815734863,0.12309765815734863,0.5336649417877197,0.6567625999450684,108.2708694934845,0.5336649417877197,0.6567625999450684,108.2708694934845
nc_papers100m_195trainer_0hop_balanced_local_bs1024_800r,20260914_204924_ogbn-papers100M_FedAvg_bs1024_seed42_beta10000p0,ogbn-papers100M,FedAvg,1024,42,10000.0,167,validation,0.2089,3.7375,0.2089,3.7375,501,0.12095165252685547,0.12095165252685547,0.5185446739196777,0.6394963264465332,108.91036581993103,0.5185446739196777,0.6394963264465332,108.91036581993103
nc_papers100m_195trainer_0hop_balanced_local_bs1024_800r,20260914_204924_ogbn-papers100M_FedAvg_bs1024_seed42_beta10000p0,ogbn-papers100M,FedAvg,1024,42,10000.0,168,validation,0.2093,3.7338,0.2093,3.7338,504,0.12328433990478516,0.12328433990478516,0.5184376239776611,0.6417219638824463,109.55208778381348,0.5184376239776611,0.6417219638824463,109.55208778381348
nc_papers100m_195trainer_0hop_balanced_local_bs1024_800r,20260914_204924_ogbn-papers100M_FedAvg_bs1024_seed42_beta10000p0,ogbn-papers100M,FedAvg,1024,42,10000.0,169,validation,0.21,3.7299,0.21,3.7299,507,0.12020325660705566,0.12020325660705566,0.5396544933319092,0.6598577499389648,110.21194553375244,0.5396544933319092,0.6598577499389648,110.21194553375244
nc_papers100m_195trainer_0hop_balanced_local_bs1024_800r,20260914_204924_ogbn-papers100M_FedAvg_bs1024_seed42_beta10000p0,ogbn-papers100M,FedAvg,1024,42,10000.0,170,validation,0.2104,3.7262,0.2104,3.7262,510,0.11776185035705566,0.11776185035705566,0.5495278835296631,0.6672897338867188,110.87923526763916,0.5495278835296631,0.6672897338867188,110.87923526763916
nc_papers100m_195trainer_0hop_balanced_local_bs1024_800r,20260914_204924_ogbn-papers100M_FedAvg_bs1024_seed42_beta10000p0,ogbn-papers100M,FedAvg,1024,42,10000.0,171,validation,0.211,3.7223,0.211,3.7223,513,0.12056732177734375,0.12056732177734375,0.518850564956665,0.6394178867340088,111.51865315437317,0.518850564956665,0.6394178867340088,111.51865315437317
nc_papers100m_195trainer_0hop_balanced_local_bs1024_800r,20260914_204924_ogbn-papers100M_FedAvg_bs1024_seed42_beta10000p0,ogbn-papers100M,FedAvg,1024,42,10000.0,172,validation,0.2115,3.7187,0.2115,3.7187,516,0.13713955879211426,0.13713955879211426,0.5338704586029053,0.6710100173950195,112.18966317176819,0.5338704586029053,0.6710100173950195,112.18966317176819
nc_papers100m_195trainer_0hop_balanced_local_bs1024_800r,20260914_204924_ogbn-papers100M_FedAvg_bs1024_seed42_beta10000p0,ogbn-papers100M,FedAvg,1024,42,10000.0,173,validation,0.2122,3.7151,0.2122,3.7151,519,0.12183594703674316,0.12183594703674316,0.5244543552398682,0.6462903022766113,112.8359534740448,0.5244543552398682,0.6462903022766113,112.8359534740448
nc_papers100m_195trainer_0hop_balanced_local_bs1024_800r,20260914_204924_ogbn-papers100M_FedAvg_bs1024_seed42_beta10000p0,ogbn-papers100M,FedAvg,1024,42,10000.0,174,validation,0.2126,3.7115,0.2126,3.7115,522,0.11859846115112305,0.11859846115112305,0.5128955841064453,0.6314940452575684,113.46744751930237,0.5128955841064453,0.6314940452575684,113.46744751930237
nc_papers100m_195trainer_0hop_balanced_local_bs1024_800r,20260914_204924_ogbn-papers100M_FedAvg_bs1024_seed42_beta10000p0,ogbn-papers100M,FedAvg,1024,42,10000.0,175,validation,0.213,3.708,0.213,3.708,525,0.12442779541015625,0.12442779541015625,0.5181705951690674,0.6425983905792236,114.11004590988159,0.5181705951690674,0.6425983905792236,114.11004590988159
nc_papers100m_195trainer_0hop_balanced_local_bs1024_800r,20260914_204924_ogbn-papers100M_FedAvg_bs1024_seed42_beta10000p0,ogbn-papers100M,FedAvg,1024,42,10000.0,176,validation,0.2135,3.7044,0.2135,3.7044,528,0.11947345733642578,0.11947345733642578,0.5211148262023926,0.6405882835388184,114.75063419342041,0.5211148262023926,0.6405882835388184,114.75063419342041
nc_papers100m_195trainer_0hop_balanced_local_bs1024_800r,20260914_204924_ogbn-papers100M_FedAvg_bs1024_seed42_beta10000p0,ogbn-papers100M,FedAvg,1024,42,10000.0,177,validation,0.2139,3.7007,0.2139,3.7007,531,0.12365150451660156,0.12365150451660156,0.5144138336181641,0.6380653381347656,115.38869953155518,0.5144138336181641,0.6380653381347656,115.38869953155518
nc_papers100m_195trainer_0hop_balanced_local_bs1024_800r,20260914_204924_ogbn-papers100M_FedAvg_bs1024_seed42_beta10000p0,ogbn-papers100M,FedAvg,1024,42,10000.0,178,validation,0.2141,3.6972,0.2141,3.6972,534,0.1202690601348877,0.1202690601348877,0.5277583599090576,0.6480274200439453,116.03672695159912,0.5277583599090576,0.6480274200439453,116.03672695159912
nc_papers100m_195trainer_0hop_balanced_local_bs1024_800r,20260914_204924_ogbn-papers100M_FedAvg_bs1024_seed42_beta10000p0,ogbn-papers100M,FedAvg,1024,42,10000.0,179,validation,0.2147,3.6937,0.2147,3.6937,537,0.12041831016540527,0.12041831016540527,0.526536226272583,0.6469545364379883,116.68368148803711,0.526536226272583,0.6469545364379883,116.68368148803711
nc_papers100m_195trainer_0hop_balanced_local_bs1024_800r,20260914_204924_ogbn-papers100M_FedAvg_bs1024_seed42_beta10000p0,ogbn-papers100M,FedAvg,1024,42,10000.0,180,validation,0.2151,3.6901,0.2151,3.6901,540,0.12111258506774902,0.12111258506774902,0.5123541355133057,0.6334667205810547,117.31714820861816,0.5123541355133057,0.6334667205810547,117.31714820861816
nc_papers100m_195trainer_0hop_balanced_local_bs1024_800r,20260914_204924_ogbn-papers100M_FedAvg_bs1024_seed42_beta10000p0,ogbn-papers100M,FedAvg,1024,42,10000.0,181,validation,0.2155,3.6867,0.2155,3.6867,543,0.12006449699401855,0.12006449699401855,0.5254499912261963,0.6455144882202148,117.96266269683838,0.5254499912261963,0.6455144882202148,117.96266269683838
nc_papers100m_195trainer_0hop_balanced_local_bs1024_800r,20260914_204924_ogbn-papers100M_FedAvg_bs1024_seed42_beta10000p0,ogbn-papers100M,FedAvg,1024,42,10000.0,182,validation,0.2158,3.6833,0.2158,3.6833,546,0.1196296215057373,0.1196296215057373,0.5283689498901367,0.647998571395874,118.61066126823425,0.5283689498901367,0.647998571395874,118.61066126823425
nc_papers100m_195trainer_0hop_balanced_local_bs1024_800r,20260914_204924_ogbn-papers100M_FedAvg_bs1024_seed42_beta10000p0,ogbn-papers100M,FedAvg,1024,42,10000.0,183,validation,0.2162,3.6799,0.2162,3.6799,549,0.11864686012268066,0.11864686012268066,0.5269834995269775,0.6456303596496582,119.25629162788391,0.5269834995269775,0.6456303596496582,119.25629162788391
nc_papers100m_195trainer_0hop_balanced_local_bs1024_800r,20260914_204924_ogbn-papers100M_FedAvg_bs1024_seed42_beta10000p0,ogbn-papers100M,FedAvg,1024,42,10000.0,184,validation,0.2165,3.6766,0.2165,3.6766,552,0.1284010410308838,0.1284010410308838,0.5394561290740967,0.6678571701049805,119.92414879798889,0.5394561290740967,0.6678571701049805,119.92414879798889
nc_papers100m_195trainer_0hop_balanced_local_bs1024_800r,20260914_204924_ogbn-papers100M_FedAvg_bs1024_seed42_beta10000p0,ogbn-papers100M,FedAvg,1024,42,10000.0,185,validation,0.2171,3.6731,0.2171,3.6731,555,0.12144756317138672,0.12144756317138672,0.5304794311523438,0.6519269943237305,120.57607579231262,0.5304794311523438,0.6519269943237305,120.57607579231262
nc_papers100m_195trainer_0hop_balanced_local_bs1024_800r,20260914_204924_ogbn-papers100M_FedAvg_bs1024_seed42_beta10000p0,ogbn-papers100M,FedAvg,1024,42,10000.0,186,validation,0.2174,3.6696,0.2174,3.6696,558,0.12237763404846191,0.12237763404846191,0.5242445468902588,0.6466221809387207,121.22269797325134,0.5242445468902588,0.6466221809387207,121.22269797325134
nc_papers100m_195trainer_0hop_balanced_local_bs1024_800r,20260914_204924_ogbn-papers100M_FedAvg_bs1024_seed42_beta10000p0,ogbn-papers100M,FedAvg,1024,42,10000.0,187,validation,0.2179,3.6662,0.2179,3.6662,561,0.1169126033782959,0.1169126033782959,0.5128488540649414,0.6297614574432373,121.85245943069458,0.5128488540649414,0.6297614574432373,121.85245943069458
nc_papers100m_195trainer_0hop_balanced_local_bs1024_800r,20260914_204924_ogbn-papers100M_FedAvg_bs1024_seed42_beta10000p0,ogbn-papers100M,FedAvg,1024,42,10000.0,188,validation,0.2182,3.6627,0.2182,3.6627,564,0.11726164817810059,0.11726164817810059,0.530036211013794,0.6472978591918945,122.49975728988647,0.530036211013794,0.6472978591918945,122.49975728988647
nc_papers100m_195trainer_0hop_balanced_local_bs1024_800r,20260914_204924_ogbn-papers100M_FedAvg_bs1024_seed42_beta10000p0,ogbn-papers100M,FedAvg,1024,42,10000.0,189,validation,0.2186,3.6595,0.2186,3.6595,567,0.1207132339477539,0.1207132339477539,0.5200314521789551,0.640744686126709,123.14050197601318,0.5200314521789551,0.640744686126709,123.14050197601318
nc_papers100m_195trainer_0hop_balanced_local_bs1024_800r,20260914_204924_ogbn-papers100M_FedAvg_bs1024_seed42_beta10000p0,ogbn-papers100M,FedAvg,1024,42,10000.0,190,validation,0.2189,3.6564,0.2189,3.6564,570,0.12031722068786621,0.12031722068786621,0.5157344341278076,0.6360516548156738,123.77655363082886,0.5157344341278076,0.6360516548156738,123.77655363082886
nc_papers100m_195trainer_0hop_balanced_local_bs1024_800r,20260914_204924_ogbn-papers100M_FedAvg_bs1024_seed42_beta10000p0,ogbn-papers100M,FedAvg,1024,42,10000.0,191,validation,0.2191,3.6533,0.2191,3.6533,573,0.12558531761169434,0.12558531761169434,0.528761625289917,0.6543469429016113,124.43090057373047,0.528761625289917,0.6543469429016113,124.43090057373047
nc_papers100m_195trainer_0hop_balanced_local_bs1024_800r,20260914_204924_ogbn-papers100M_FedAvg_bs1024_seed42_beta10000p0,ogbn-papers100M,FedAvg,1024,42,10000.0,192,validation,0.2195,3.6499,0.2195,3.6499,576,0.11918377876281738,0.11918377876281738,0.5324406623840332,0.6516244411468506,125.08252501487732,0.5324406623840332,0.6516244411468506,125.08252501487732
nc_papers100m_195trainer_0hop_balanced_local_bs1024_800r,20260914_204924_ogbn-papers100M_FedAvg_bs1024_seed42_beta10000p0,ogbn-papers100M,FedAvg,1024,42,10000.0,193,validation,0.2201,3.6468,0.2201,3.6468,579,0.12072873115539551,0.12072873115539551,0.5151464939117432,0.6358752250671387,125.71840023994446,0.5151464939117432,0.6358752250671387,125.71840023994446
nc_papers100m_195trainer_0hop_balanced_local_bs1024_800r,20260914_204924_ogbn-papers100M_FedAvg_bs1024_seed42_beta10000p0,ogbn-papers100M,FedAvg,1024,42,10000.0,194,validation,0.2205,3.6437,0.2205,3.6437,582,0.12363815307617188,0.12363815307617188,0.5238304138183594,0.6474685668945312,126.36586880683899,0.5238304138183594,0.6474685668945312,126.36586880683899
nc_papers100m_195trainer_0hop_balanced_local_bs1024_800r,20260914_204924_ogbn-papers100M_FedAvg_bs1024_seed42_beta10000p0,ogbn-papers100M,FedAvg,1024,42,10000.0,195,validation,0.2208,3.6404,0.2208,3.6404,585,0.1255788803100586,0.1255788803100586,0.5267324447631836,0.6523113250732422,127.01818013191223,0.5267324447631836,0.6523113250732422,127.01818013191223
nc_papers100m_195trainer_0hop_balanced_local_bs1024_800r,20260914_204924_ogbn-papers100M_FedAvg_bs1024_seed42_beta10000p0,ogbn-papers100M,FedAvg,1024,42,10000.0,196,validation,0.2212,3.6373,0.2212,3.6373,588,0.12331581115722656,0.12331581115722656,0.516542911529541,0.6398587226867676,127.658038854599,0.516542911529541,0.6398587226867676,127.658038854599
nc_papers100m_195trainer_0hop_balanced_local_bs1024_800r,20260914_204924_ogbn-papers100M_FedAvg_bs1024_seed42_beta10000p0,ogbn-papers100M,FedAvg,1024,42,10000.0,197,validation,0.2215,3.634,0.2215,3.634,591,0.11961889266967773,0.11961889266967773,0.5191118717193604,0.6387307643890381,128.29676961898804,0.5191118717193604,0.6387307643890381,128.29676961898804
nc_papers100m_195trainer_0hop_balanced_local_bs1024_800r,20260914_204924_ogbn-papers100M_FedAvg_bs1024_seed42_beta10000p0,ogbn-papers100M,FedAvg,1024,42,10000.0,198,validation,0.2219,3.6308,0.2219,3.6308,594,0.11719799041748047,0.11719799041748047,0.550114631652832,0.6673126220703125,128.96408224105835,0.550114631652832,0.6673126220703125,128.96408224105835
nc_papers100m_195trainer_0hop_balanced_local_bs1024_800r,20260914_204924_ogbn-papers100M_FedAvg_bs1024_seed42_beta10000p0,ogbn-papers100M,FedAvg,1024,42,10000.0,199,validation,0.2222,3.6277,0.2222,3.6277,597,0.11823582649230957,0.11823582649230957,0.5271694660186768,0.6454052925109863,129.60948753356934,0.5271694660186768,0.6454052925109863,129.60948753356934
nc_papers100m_195trainer_0hop_balanced_local_bs1024_800r,20260914_204924_ogbn-papers100M_FedAvg_bs1024_seed42_beta10000p0,ogbn-papers100M,FedAvg,1024,42,10000.0,200,validation,0.2226,3.6247,0.2226,3.6247,600,0.1222836971282959,0.1222836971282959,0.513200044631958,0.6354837417602539,130.2449712753296,0.513200044631958,0.6354837417602539,130.2449712753296
nc_papers100m_195trainer_0hop_balanced_local_bs1024_800r,20260914_204924_ogbn-papers100M_FedAvg_bs1024_seed42_beta10000p0,ogbn-papers100M,FedAvg,1024,42,10000.0,201,validation,0.2229,3.6214,0.2229,3.6214,603,0.12694740295410156,0.12694740295410156,0.5296876430511475,0.656635046005249,130.90160632133484,0.5296876430511475,0.656635046005249,130.90160632133484
nc_papers100m_195trainer_0hop_balanced_local_bs1024_800r,20260914_204924_ogbn-papers100M_FedAvg_bs1024_seed42_beta10000p0,ogbn-papers100M,FedAvg,1024,42,10000.0,202,validation,0.2232,3.6184,0.2232,3.6184,606,0.12069821357727051,0.12069821357727051,0.5193531513214111,0.6400513648986816,131.54165768623352,0.5193531513214111,0.6400513648986816,131.54165768623352
nc_papers100m_195trainer_0hop_balanced_local_bs1024_800r,20260914_204924_ogbn-papers100M_FedAvg_bs1024_seed42_beta10000p0,ogbn-papers100M,FedAvg,1024,42,10000.0,203,validation,0.2236,3.6154,0.2236,3.6154,609,0.12124013900756836,0.12124013900756836,0.5244953632354736,0.645735502243042,132.18739318847656,0.5244953632354736,0.645735502243042,132.18739318847656
nc_papers100m_195trainer_0hop_balanced_local_bs1024_800r,20260914_204924_ogbn-papers100M_FedAvg_bs1024_seed42_beta10000p0,ogbn-papers100M,FedAvg,1024,42,10000.0,204,validation,0.224,3.6122,0.224,3.6122,612,0.11945176124572754,0.11945176124572754,0.5229494571685791,0.6424012184143066,132.82979440689087,0.5229494571685791,0.6424012184143066,132.82979440689087
nc_papers100m_195trainer_0hop_balanced_local_bs1024_800r,20260914_204924_ogbn-papers100M_FedAvg_bs1024_seed42_beta10000p0,ogbn-papers100M,FedAvg,1024,42,10000.0,205,validation,0.2243,3.6093,0.2243,3.6093,615,0.12298202514648438,0.12298202514648438,0.5293254852294922,0.6523075103759766,133.48210191726685,0.5293254852294922,0.6523075103759766,133.48210191726685
nc_papers100m_195trainer_0hop_balanced_local_bs1024_800r,20260914_204924_ogbn-papers100M_FedAvg_bs1024_seed42_beta10000p0,ogbn-papers100M,FedAvg,1024,42,10000.0,206,validation,0.2246,3.6064,0.2246,3.6064,618,0.12358593940734863,0.12358593940734863,0.5191748142242432,0.6427607536315918,134.12486267089844,0.5191748142242432,0.6427607536315918,134.12486267089844
nc_papers100m_195trainer_0hop_balanced_local_bs1024_800r,20260914_204924_ogbn-papers100M_FedAvg_bs1024_seed42_beta10000p0,ogbn-papers100M,FedAvg,1024,42,10000.0,207,validation,0.2249,3.6034,0.2249,3.6034,621,0.1293470859527588,0.1293470859527588,0.5291175842285156,0.6584646701812744,134.7833273410797,0.5291175842285156,0.6584646701812744,134.7833273410797
nc_papers100m_195trainer_0hop_balanced_local_bs1024_800r,20260914_204924_ogbn-papers100M_FedAvg_bs1024_seed42_beta10000p0,ogbn-papers100M,FedAvg,1024,42,10000.0,208,validation,0.2253,3.6005,0.2253,3.6005,624,0.12072277069091797,0.12072277069091797,0.5302069187164307,0.6509296894073486,135.43425703048706,0.5302069187164307,0.6509296894073486,135.43425703048706
nc_papers100m_195trainer_0hop_balanced_local_bs1024_800r,20260914_204924_ogbn-papers100M_FedAvg_bs1024_seed42_beta10000p0,ogbn-papers100M,FedAvg,1024,42,10000.0,209,validation,0.2257,3.5976,0.2257,3.5976,627,0.11851048469543457,0.11851048469543457,0.518031120300293,0.6365416049957275,136.0707986354828,0.518031120300293,0.6365416049957275,136.0707986354828
nc_papers100m_195trainer_0hop_balanced_local_bs1024_800r,20260914_204924_ogbn-papers100M_FedAvg_bs1024_seed42_beta10000p0,ogbn-papers100M,FedAvg,1024,42,10000.0,210,validation,0.2261,3.5945,0.2261,3.5945,630,0.11832594871520996,0.11832594871520996,0.5270037651062012,0.6453297138214111,136.7161283493042,0.5270037651062012,0.6453297138214111,136.7161283493042
nc_papers100m_195trainer_0hop_balanced_local_bs1024_800r,20260914_204924_ogbn-papers100M_FedAvg_bs1024_seed42_beta10000p0,ogbn-papers100M,FedAvg,1024,42,10000.0,211,validation,0.2264,3.5916,0.2264,3.5916,633,0.12030982971191406,0.12030982971191406,0.5253057479858398,0.6456155776977539,137.36174392700195,0.5253057479858398,0.6456155776977539,137.36174392700195
nc_papers100m_195trainer_0hop_balanced_local_bs1024_800r,20260914_204924_ogbn-papers100M_FedAvg_bs1024_seed42_beta10000p0,ogbn-papers100M,FedAvg,1024,42,10000.0,212,validation,0.2269,3.5887,0.2269,3.5887,636,0.122589111328125,0.122589111328125,0.5342080593109131,0.6567971706390381,138.018541097641,0.5342080593109131,0.6567971706390381,138.018541097641
nc_papers100m_195trainer_0hop_balanced_local_bs1024_800r,20260914_204924_ogbn-papers100M_FedAvg_bs1024_seed42_beta10000p0,ogbn-papers100M,FedAvg,1024,42,10000.0,213,validation,0.2274,3.5859,0.2274,3.5859,639,0.12530159950256348,0.12530159950256348,0.5399434566497803,0.6652450561523438,138.68378615379333,0.5399434566497803,0.6652450561523438,138.68378615379333
nc_papers100m_195trainer_0hop_balanced_local_bs1024_800r,20260914_204924_ogbn-papers100M_FedAvg_bs1024_seed42_beta10000p0,ogbn-papers100M,FedAvg,1024,42,10000.0,214,validation,0.2275,3.5827,0.2275,3.5827,642,0.12092399597167969,0.12092399597167969,0.5196192264556885,0.6405432224273682,139.3243293762207,0.5196192264556885,0.6405432224273682,139.3243293762207
nc_papers100m_195trainer_0hop_balanced_local_bs1024_800r,20260914_204924_ogbn-papers100M_FedAvg_bs1024_seed42_beta10000p0,ogbn-papers100M,FedAvg,1024,42,10000.0,215,validation,0.2279,3.5797,0.2279,3.5797,645,0.1186223030090332,0.1186223030090332,0.5186076164245605,0.6372299194335938,139.9615592956543,0.5186076164245605,0.6372299194335938,139.9615592956543
nc_papers100m_195trainer_0hop_balanced_local_bs1024_800r,20260914_204924_ogbn-papers100M_FedAvg_bs1024_seed42_beta10000p0,ogbn-papers100M,FedAvg,1024,42,10000.0,216,validation,0.2282,3.5769,0.2282,3.5769,648,0.12303781509399414,0.12303781509399414,0.5277869701385498,0.650824785232544,140.61238408088684,0.5277869701385498,0.650824785232544,140.61238408088684
nc_papers100m_195trainer_0hop_balanced_local_bs1024_800r,20260914_204924_ogbn-papers100M_FedAvg_bs1024_seed42_beta10000p0,ogbn-papers100M,FedAvg,1024,42,10000.0,217,validation,0.2285,3.5741,0.2285,3.5741,651,0.12252283096313477,0.12252283096313477,0.5194113254547119,0.6419341564178467,141.2543182373047,0.5194113254547119,0.6419341564178467,141.2543182373047
nc_papers100m_195trainer_0hop_balanced_local_bs1024_800r,20260914_204924_ogbn-papers100M_FedAvg_bs1024_seed42_beta10000p0,ogbn-papers100M,FedAvg,1024,42,10000.0,218,validation,0.2288,3.5713,0.2288,3.5713,654,0.11881637573242188,0.11881637573242188,0.5163209438323975,0.6351373195648193,141.8894555568695,0.5163209438323975,0.6351373195648193,141.8894555568695
nc_papers100m_195trainer_0hop_balanced_local_bs1024_800r,20260914_204924_ogbn-papers100M_FedAvg_bs1024_seed42_beta10000p0,ogbn-papers100M,FedAvg,1024,42,10000.0,219,validation,0.229,3.5684,0.229,3.5684,657,0.12093400955200195,0.12093400955200195,0.5230522155761719,0.6439862251281738,142.53344178199768,0.5230522155761719,0.6439862251281738,142.53344178199768
nc_papers100m_195trainer_0hop_balanced_local_bs1024_800r,20260914_204924_ogbn-papers100M_FedAvg_bs1024_seed42_beta10000p0,ogbn-papers100M,FedAvg,1024,42,10000.0,220,validation,0.2293,3.5657,0.2293,3.5657,660,0.11800360679626465,0.11800360679626465,0.51535964012146,0.6333632469177246,143.1668050289154,0.51535964012146,0.6333632469177246,143.1668050289154
nc_papers100m_195trainer_0hop_balanced_local_bs1024_800r,20260914_204924_ogbn-papers100M_FedAvg_bs1024_seed42_beta10000p0,ogbn-papers100M,FedAvg,1024,42,10000.0,221,validation,0.2298,3.5629,0.2298,3.5629,663,0.12195944786071777,0.12195944786071777,0.5157027244567871,0.6376621723175049,143.8044672012329,0.5157027244567871,0.6376621723175049,143.8044672012329
nc_papers100m_195trainer_0hop_balanced_local_bs1024_800r,20260914_204924_ogbn-papers100M_FedAvg_bs1024_seed42_beta10000p0,ogbn-papers100M,FedAvg,1024,42,10000.0,222,validation,0.2301,3.5602,0.2301,3.5602,666,0.12753891944885254,0.12753891944885254,0.5232009887695312,0.6507399082183838,144.4552071094513,0.5232009887695312,0.6507399082183838,144.4552071094513
nc_papers100m_195trainer_0hop_balanced_local_bs1024_800r,20260914_204924_ogbn-papers100M_FedAvg_bs1024_seed42_beta10000p0,ogbn-papers100M,FedAvg,1024,42,10000.0,223,validation,0.2303,3.5576,0.2303,3.5576,669,0.1237192153930664,0.1237192153930664,0.5193989276885986,0.643118143081665,145.09832525253296,0.5193989276885986,0.643118143081665,145.09832525253296
nc_papers100m_195trainer_0hop_balanced_local_bs1024_800r,20260914_204924_ogbn-papers100M_FedAvg_bs1024_seed42_beta10000p0,ogbn-papers100M,FedAvg,1024,42,10000.0,224,validation,0.2308,3.5549,0.2308,3.5549,672,0.11680340766906738,0.11680340766906738,0.5148775577545166,0.631680965423584,145.73000621795654,0.5148775577545166,0.631680965423584,145.73000621795654
nc_papers100m_195trainer_0hop_balanced_local_bs1024_800r,20260914_204924_ogbn-papers100M_FedAvg_bs1024_seed42_beta10000p0,ogbn-papers100M,FedAvg,1024,42,10000.0,225,validation,0.2309,3.552,0.2309,3.552,675,0.12367486953735352,0.12367486953735352,0.522148847579956,0.6458237171173096,146.37582993507385,0.522148847579956,0.6458237171173096,146.37582993507385
nc_papers100m_195trainer_0hop_balanced_local_bs1024_800r,20260914_204924_ogbn-papers100M_FedAvg_bs1024_seed42_beta10000p0,ogbn-papers100M,FedAvg,1024,42,10000.0,226,validation,0.2313,3.5493,0.2313,3.5493,678,0.12074136734008789,0.12074136734008789,0.5180799961090088,0.6388213634490967,147.01465129852295,0.5180799961090088,0.6388213634490967,147.01465129852295
nc_papers100m_195trainer_0hop_balanced_local_bs1024_800r,20260914_204924_ogbn-papers100M_FedAvg_bs1024_seed42_beta10000p0,ogbn-papers100M,FedAvg,1024,42,10000.0,227,validation,0.2315,3.5465,0.2315,3.5465,681,0.11898493766784668,0.11898493766784668,0.5584061145782471,0.6773910522460938,147.69204235076904,0.5584061145782471,0.6773910522460938,147.69204235076904
nc_papers100m_195trainer_0hop_balanced_local_bs1024_800r,20260914_204924_ogbn-papers100M_FedAvg_bs1024_seed42_beta10000p0,ogbn-papers100M,FedAvg,1024,42,10000.0,228,validation,0.2318,3.5437,0.2318,3.5437,684,0.12303996086120605,0.12303996086120605,0.5184531211853027,0.6414930820465088,148.33353543281555,0.5184531211853027,0.6414930820465088,148.33353543281555
nc_papers100m_195trainer_0hop_balanced_local_bs1024_800r,20260914_204924_ogbn-papers100M_FedAvg_bs1024_seed42_beta10000p0,ogbn-papers100M,FedAvg,1024,42,10000.0,229,validation,0.232,3.5411,0.232,3.5411,687,0.12127232551574707,0.12127232551574707,0.5229895114898682,0.6442618370056152,148.97779726982117,0.5229895114898682,0.6442618370056152,148.97779726982117
nc_papers100m_195trainer_0hop_balanced_local_bs1024_800r,20260914_204924_ogbn-papers100M_FedAvg_bs1024_seed42_beta10000p0,ogbn-papers100M,FedAvg,1024,42,10000.0,230,validation,0.2323,3.5384,0.2323,3.5384,690,0.11947894096374512,0.11947894096374512,0.5170207023620605,0.6364996433258057,149.61429691314697,0.5170207023620605,0.6364996433258057,149.61429691314697
nc_papers100m_195trainer_0hop_balanced_local_bs1024_800r,20260914_204924_ogbn-papers100M_FedAvg_bs1024_seed42_beta10000p0,ogbn-papers100M,FedAvg,1024,42,10000.0,231,validation,0.2326,3.5358,0.2326,3.5358,693,0.11894989013671875,0.11894989013671875,0.5222892761230469,0.6412391662597656,150.25553607940674,0.5222892761230469,0.6412391662597656,150.25553607940674
nc_papers100m_195trainer_0hop_balanced_local_bs1024_800r,20260914_204924_ogbn-papers100M_FedAvg_bs1024_seed42_beta10000p0,ogbn-papers100M,FedAvg,1024,42,10000.0,232,validation,0.233,3.5331,0.233,3.5331,696,0.11914396286010742,0.11914396286010742,0.5300111770629883,0.6491551399230957,150.90469121932983,0.5300111770629883,0.6491551399230957,150.90469121932983
nc_papers100m_195trainer_0hop_balanced_local_bs1024_800r,20260914_204924_ogbn-papers100M_FedAvg_bs1024_seed42_beta10000p0,ogbn-papers100M,FedAvg,1024,42,10000.0,233,validation,0.2332,3.5306,0.2332,3.5306,699,0.12200093269348145,0.12200093269348145,0.5193929672241211,0.6413938999176025,151.54608511924744,0.5193929672241211,0.6413938999176025,151.54608511924744
nc_papers100m_195trainer_0hop_balanced_local_bs1024_800r,20260914_204924_ogbn-papers100M_FedAvg_bs1024_seed42_beta10000p0,ogbn-papers100M,FedAvg,1024,42,10000.0,234,validation,0.2336,3.528,0.2336,3.528,702,0.12092351913452148,0.12092351913452148,0.5219430923461914,0.6428666114807129,152.18895173072815,0.5219430923461914,0.6428666114807129,152.18895173072815
nc_papers100m_195trainer_0hop_balanced_local_bs1024_800r,20260914_204924_ogbn-papers100M_FedAvg_bs1024_seed42_beta10000p0,ogbn-papers100M,FedAvg,1024,42,10000.0,235,validation,0.2339,3.5254,0.2339,3.5254,705,0.1182091236114502,0.1182091236114502,0.5252194404602051,0.6434285640716553,152.8323802947998,0.5252194404602051,0.6434285640716553,152.8323802947998
nc_papers100m_195trainer_0hop_balanced_local_bs1024_800r,20260914_204924_ogbn-papers100M_FedAvg_bs1024_seed42_beta10000p0,ogbn-papers100M,FedAvg,1024,42,10000.0,236,validation,0.2343,3.5229,0.2343,3.5229,708,0.11883306503295898,0.11883306503295898,0.5147485733032227,0.6335816383361816,153.465961933136,0.5147485733032227,0.6335816383361816,153.465961933136
nc_papers100m_195trainer_0hop_balanced_local_bs1024_800r,20260914_204924_ogbn-papers100M_FedAvg_bs1024_seed42_beta10000p0,ogbn-papers100M,FedAvg,1024,42,10000.0,237,validation,0.2346,3.5204,0.2346,3.5204,711,0.12031793594360352,0.12031793594360352,0.5182602405548096,0.6385781764984131,154.1045401096344,0.5182602405548096,0.6385781764984131,154.1045401096344
nc_papers100m_195trainer_0hop_balanced_local_bs1024_800r,20260914_204924_ogbn-papers100M_FedAvg_bs1024_seed42_beta10000p0,ogbn-papers100M,FedAvg,1024,42,10000.0,238,validation,0.2348,3.5178,0.2348,3.5178,714,0.12021923065185547,0.12021923065185547,0.5247697830200195,0.644989013671875,154.74952912330627,0.5247697830200195,0.644989013671875,154.74952912330627
nc_papers100m_195trainer_0hop_balanced_local_bs1024_800r,20260914_204924_ogbn-papers100M_FedAvg_bs1024_seed42_beta10000p0,ogbn-papers100M,FedAvg,1024,42,10000.0,239,validation,0.235,3.5152,0.235,3.5152,717,0.12047433853149414,0.12047433853149414,0.5230147838592529,0.6434891223907471,155.39301824569702,0.5230147838592529,0.6434891223907471,155.39301824569702
nc_papers100m_195trainer_0hop_balanced_local_bs1024_800r,20260914_204924_ogbn-papers100M_FedAvg_bs1024_seed42_beta10000p0,ogbn-papers100M,FedAvg,1024,42,10000.0,240,validation,0.2353,3.5127,0.2353,3.5127,720,0.1210019588470459,0.1210019588470459,0.5156919956207275,0.6366939544677734,156.0297122001648,0.5156919956207275,0.6366939544677734,156.0297122001648
nc_papers100m_195trainer_0hop_balanced_local_bs1024_800r,20260914_204924_ogbn-papers100M_FedAvg_bs1024_seed42_beta10000p0,ogbn-papers100M,FedAvg,1024,42,10000.0,241,validation,0.2355,3.5101,0.2355,3.5101,723,0.11885857582092285,0.11885857582092285,0.5421302318572998,0.6609888076782227,156.69070100784302,0.5421302318572998,0.6609888076782227,156.69070100784302
nc_papers100m_195trainer_0hop_balanced_local_bs1024_800r,20260914_204924_ogbn-papers100M_FedAvg_bs1024_seed42_beta10000p0,ogbn-papers100M,FedAvg,1024,42,10000.0,242,validation,0.2359,3.5076,0.2359,3.5076,726,0.12090849876403809,0.12090849876403809,0.5400547981262207,0.6609632968902588,157.35166430473328,0.5400547981262207,0.6609632968902588,157.35166430473328
nc_papers100m_195trainer_0hop_balanced_local_bs1024_800r,20260914_204924_ogbn-papers100M_FedAvg_bs1024_seed42_beta10000p0,ogbn-papers100M,FedAvg,1024,42,10000.0,243,validation,0.2359,3.505,0.2359,3.505,729,0.11935305595397949,0.11935305595397949,0.5184500217437744,0.6378030776977539,157.98946738243103,0.5184500217437744,0.6378030776977539,157.98946738243103
nc_papers100m_195trainer_0hop_balanced_local_bs1024_800r,20260914_204924_ogbn-papers100M_FedAvg_bs1024_seed42_beta10000p0,ogbn-papers100M,FedAvg,1024,42,10000.0,244,validation,0.2364,3.5025,0.2364,3.5025,732,0.1212625503540039,0.1212625503540039,0.5269653797149658,0.6482279300689697,158.6376953125,0.5269653797149658,0.6482279300689697,158.6376953125
nc_papers100m_195trainer_0hop_balanced_local_bs1024_800r,20260914_204924_ogbn-papers100M_FedAvg_bs1024_seed42_beta10000p0,ogbn-papers100M,FedAvg,1024,42,10000.0,245,validation,0.2366,3.5,0.2366,3.5,735,0.11920309066772461,0.11920309066772461,0.5198051929473877,0.6390082836151123,159.2767035961151,0.5198051929473877,0.6390082836151123,159.2767035961151
nc_papers100m_195trainer_0hop_balanced_local_bs1024_800r,20260914_204924_ogbn-papers100M_FedAvg_bs1024_seed42_beta10000p0,ogbn-papers100M,FedAvg,1024,42,10000.0,246,validation,0.2368,3.4976,0.2368,3.4976,738,0.12230372428894043,0.12230372428894043,0.5122058391571045,0.6345095634460449,159.91121315956116,0.5122058391571045,0.6345095634460449,159.91121315956116
nc_papers100m_195trainer_0hop_balanced_local_bs1024_800r,20260914_204924_ogbn-papers100M_FedAvg_bs1024_seed42_beta10000p0,ogbn-papers100M,FedAvg,1024,42,10000.0,247,validation,0.2371,3.495,0.2371,3.495,741,0.1183624267578125,0.1183624267578125,0.5235533714294434,0.6419157981872559,160.5531289577484,0.5235533714294434,0.6419157981872559,160.5531289577484
nc_papers100m_195trainer_0hop_balanced_local_bs1024_800r,20260914_204924_ogbn-papers100M_FedAvg_bs1024_seed42_beta10000p0,ogbn-papers100M,FedAvg,1024,42,10000.0,248,validation,0.2374,3.4926,0.2374,3.4926,744,0.11949706077575684,0.11949706077575684,0.5149285793304443,0.6344256401062012,161.18755459785461,0.5149285793304443,0.6344256401062012,161.18755459785461
nc_papers100m_195trainer_0hop_balanced_local_bs1024_800r,20260914_204924_ogbn-papers100M_FedAvg_bs1024_seed42_beta10000p0,ogbn-papers100M,FedAvg,1024,42,10000.0,249,validation,0.2377,3.4903,0.2377,3.4903,747,0.11971735954284668,0.11971735954284668,0.5174105167388916,0.6371278762817383,161.82468247413635,0.5174105167388916,0.6371278762817383,161.82468247413635
nc_papers100m_195trainer_0hop_balanced_local_bs1024_800r,20260914_204924_ogbn-papers100M_FedAvg_bs1024_seed42_beta10000p0,ogbn-papers100M,FedAvg,1024,42,10000.0,250,validation,0.2378,3.4878,0.2378,3.4878,750,0.1238410472869873,0.1238410472869873,0.5230991840362549,0.6469402313232422,162.4716227054596,0.5230991840362549,0.6469402313232422,162.4716227054596
nc_papers100m_195trainer_0hop_balanced_local_bs1024_800r,20260914_204924_ogbn-papers100M_FedAvg_bs1024_seed42_beta10000p0,ogbn-papers100M,FedAvg,1024,42,10000.0,251,validation,0.2381,3.4853,0.2381,3.4853,753,0.1260995864868164,0.1260995864868164,0.5181894302368164,0.6442890167236328,163.11591172218323,0.5181894302368164,0.6442890167236328,163.11591172218323
nc_papers100m_195trainer_0hop_balanced_local_bs1024_800r,20260914_204924_ogbn-papers100M_FedAvg_bs1024_seed42_beta10000p0,ogbn-papers100M,FedAvg,1024,42,10000.0,252,validation,0.2384,3.4828,0.2384,3.4828,756,0.11799812316894531,0.11799812316894531,0.5156025886535645,0.6336007118225098,163.74951243400574,0.5156025886535645,0.6336007118225098,163.74951243400574
nc_papers100m_195trainer_0hop_balanced_local_bs1024_800r,20260914_204924_ogbn-papers100M_FedAvg_bs1024_seed42_beta10000p0,ogbn-papers100M,FedAvg,1024,42,10000.0,253,validation,0.2387,3.4804,0.2387,3.4804,759,0.12042069435119629,0.12042069435119629,0.5142767429351807,0.634697437286377,164.38420987129211,0.5142767429351807,0.634697437286377,164.38420987129211
nc_papers100m_195trainer_0hop_balanced_local_bs1024_800r,20260914_204924_ogbn-papers100M_FedAvg_bs1024_seed42_beta10000p0,ogbn-papers100M,FedAvg,1024,42,10000.0,254,validation,0.2389,3.478,0.2389,3.478,762,0.11959123611450195,0.11959123611450195,0.521355390548706,0.640946626663208,165.02515649795532,0.521355390548706,0.640946626663208,165.02515649795532
nc_papers100m_195trainer_0hop_balanced_local_bs1024_800r,20260914_204924_ogbn-papers100M_FedAvg_bs1024_seed42_beta10000p0,ogbn-papers100M,FedAvg,1024,42,10000.0,255,validation,0.2392,3.4756,0.2392,3.4756,765,0.12118744850158691,0.12118744850158691,0.5140862464904785,0.6352736949920654,165.6604301929474,0.5140862464904785,0.6352736949920654,165.6604301929474
nc_papers100m_195trainer_0hop_balanced_local_bs1024_800r,20260914_204924_ogbn-papers100M_FedAvg_bs1024_seed42_beta10000p0,ogbn-papers100M,FedAvg,1024,42,10000.0,256,validation,0.2394,3.4731,0.2394,3.4731,768,0.12646222114562988,0.12646222114562988,0.5651645660400391,0.691626787185669,166.35205698013306,0.5651645660400391,0.691626787185669,166.35205698013306
nc_papers100m_195trainer_0hop_balanced_local_bs1024_800r,20260914_204924_ogbn-papers100M_FedAvg_bs1024_seed42_beta10000p0,ogbn-papers100M,FedAvg,1024,42,10000.0,257,validation,0.2395,3.4708,0.2395,3.4708,771,0.11846661567687988,0.11846661567687988,0.520911693572998,0.6393783092498779,166.99143528938293,0.520911693572998,0.6393783092498779,166.99143528938293
nc_papers100m_195trainer_0hop_balanced_local_bs1024_800r,20260914_204924_ogbn-papers100M_FedAvg_bs1024_seed42_beta10000p0,ogbn-papers100M,FedAvg,1024,42,10000.0,258,validation,0.2397,3.4684,0.2397,3.4684,774,0.12103128433227539,0.12103128433227539,0.5105764865875244,0.6316077709197998,167.62304306030273,0.5105764865875244,0.6316077709197998,167.62304306030273
nc_papers100m_195trainer_0hop_balanced_local_bs1024_800r,20260914_204924_ogbn-papers100M_FedAvg_bs1024_seed42_beta10000p0,ogbn-papers100M,FedAvg,1024,42,10000.0,259,validation,0.24,3.4659,0.24,3.4659,777,0.12670636177062988,0.12670636177062988,0.5105702877044678,0.6372766494750977,168.26031970977783,0.5105702877044678,0.6372766494750977,168.26031970977783
nc_papers100m_195trainer_0hop_balanced_local_bs1024_800r,20260914_204924_ogbn-papers100M_FedAvg_bs1024_seed42_beta10000p0,ogbn-papers100M,FedAvg,1024,42,10000.0,260,validation,0.2403,3.4636,0.2403,3.4636,780,0.12034487724304199,0.12034487724304199,0.5209949016571045,0.6413397789001465,168.90165948867798,0.5209949016571045,0.6413397789001465,168.90165948867798
nc_papers100m_195trainer_0hop_balanced_local_bs1024_800r,20260914_204924_ogbn-papers100M_FedAvg_bs1024_seed42_beta10000p0,ogbn-papers100M,FedAvg,1024,42,10000.0,261,validation,0.2403,3.4613,0.2403,3.4613,783,0.12631988525390625,0.12631988525390625,0.5091586112976074,0.6354784965515137,169.5371379852295,0.5091586112976074,0.6354784965515137,169.5371379852295
nc_papers100m_195trainer_0hop_balanced_local_bs1024_800r,20260914_204924_ogbn-papers100M_FedAvg_bs1024_seed42_beta10000p0,ogbn-papers100M,FedAvg,1024,42,10000.0,262,validation,0.2403,3.459,0.2403,3.459,786,0.12150001525878906,0.12150001525878906,0.5125443935394287,0.6340444087982178,170.1711823940277,0.5125443935394287,0.6340444087982178,170.1711823940277
nc_papers100m_195trainer_0hop_balanced_local_bs1024_800r,20260914_204924_ogbn-papers100M_FedAvg_bs1024_seed42_beta10000p0,ogbn-papers100M,FedAvg,1024,42,10000.0,263,validation,0.2406,3.4567,0.2406,3.4567,789,0.11906218528747559,0.11906218528747559,0.5256533622741699,0.6447155475616455,170.81589794158936,0.5256533622741699,0.6447155475616455,170.81589794158936
nc_papers100m_195trainer_0hop_balanced_local_bs1024_800r,20260914_204924_ogbn-papers100M_FedAvg_bs1024_seed42_beta10000p0,ogbn-papers100M,FedAvg,1024,42,10000.0,264,validation,0.2407,3.4546,0.2407,3.4546,792,0.11952352523803711,0.11952352523803711,0.516244649887085,0.6357681751251221,171.45166611671448,0.516244649887085,0.6357681751251221,171.45166611671448
nc_papers100m_195trainer_0hop_balanced_local_bs1024_800r,20260914_204924_ogbn-papers100M_FedAvg_bs1024_seed42_beta10000p0,ogbn-papers100M,FedAvg,1024,42,10000.0,265,validation,0.241,3.4522,0.241,3.4522,795,0.12201738357543945,0.12201738357543945,0.5163233280181885,0.6383407115936279,172.0900068283081,0.5163233280181885,0.6383407115936279,172.0900068283081
nc_papers100m_195trainer_0hop_balanced_local_bs1024_800r,20260914_204924_ogbn-papers100M_FedAvg_bs1024_seed42_beta10000p0,ogbn-papers100M,FedAvg,1024,42,10000.0,266,validation,0.2411,3.45,0.2411,3.45,798,0.12401294708251953,0.12401294708251953,0.5290477275848389,0.6530606746673584,172.74306750297546,0.5290477275848389,0.6530606746673584,172.74306750297546
nc_papers100m_195trainer_0hop_balanced_local_bs1024_800r,20260914_204924_ogbn-papers100M_FedAvg_bs1024_seed42_beta10000p0,ogbn-papers100M,FedAvg,1024,42,10000.0,267,validation,0.2413,3.4478,0.2413,3.4478,801,0.11915063858032227,0.11915063858032227,0.5178899765014648,0.6370406150817871,173.38010811805725,0.5178899765014648,0.6370406150817871,173.38010811805725
nc_papers100m_195trainer_0hop_balanced_local_bs1024_800r,20260914_204924_ogbn-papers100M_FedAvg_bs1024_seed42_beta10000p0,ogbn-papers100M,FedAvg,1024,42,10000.0,268,validation,0.2416,3.4456,0.2416,3.4456,804,0.1193077564239502,0.1193077564239502,0.5127394199371338,0.632047176361084,174.01215529441833,0.5127394199371338,0.632047176361084,174.01215529441833
nc_papers100m_195trainer_0hop_balanced_local_bs1024_800r,20260914_204924_ogbn-papers100M_FedAvg_bs1024_seed42_beta10000p0,ogbn-papers100M,FedAvg,1024,42,10000.0,269,validation,0.2419,3.4432,0.2419,3.4432,807,0.11810016632080078,0.11810016632080078,0.5192253589630127,0.6373255252838135,174.64948081970215,0.5192253589630127,0.6373255252838135,174.64948081970215
nc_papers100m_195trainer_0hop_balanced_local_bs1024_800r,20260914_204924_ogbn-papers100M_FedAvg_bs1024_seed42_beta10000p0,ogbn-papers100M,FedAvg,1024,42,10000.0,270,validation,0.2421,3.4412,0.2421,3.4412,810,0.12335038185119629,0.12335038185119629,0.5255715847015381,0.6489219665527344,175.29840278625488,0.5255715847015381,0.6489219665527344,175.29840278625488
nc_papers100m_195trainer_0hop_balanced_local_bs1024_800r,20260914_204924_ogbn-papers100M_FedAvg_bs1024_seed42_beta10000p0,ogbn-papers100M,FedAvg,1024,42,10000.0,271,validation,0.2424,3.4389,0.2424,3.4389,813,0.12028002738952637,0.12028002738952637,0.5183875560760498,0.6386675834655762,175.93707036972046,0.5183875560760498,0.6386675834655762,175.93707036972046
nc_papers100m_195trainer_0hop_balanced_local_bs1024_800r,20260914_204924_ogbn-papers100M_FedAvg_bs1024_seed42_beta10000p0,ogbn-papers100M,FedAvg,1024,42,10000.0,272,validation,0.2426,3.4368,0.2426,3.4368,816,0.12860846519470215,0.12860846519470215,0.5252187252044678,0.6538271903991699,176.59089756011963,0.5252187252044678,0.6538271903991699,176.59089756011963
nc_papers100m_195trainer_0hop_balanced_local_bs1024_800r,20260914_204924_ogbn-papers100M_FedAvg_bs1024_seed42_beta10000p0,ogbn-papers100M,FedAvg,1024,42,10000.0,273,validation,0.2427,3.4346,0.2427,3.4346,819,0.11918377876281738,0.11918377876281738,0.5219295024871826,0.64111328125,177.23201084136963,0.5219295024871826,0.64111328125,177.23201084136963
nc_papers100m_195trainer_0hop_balanced_local_bs1024_800r,20260914_204924_ogbn-papers100M_FedAvg_bs1024_seed42_beta10000p0,ogbn-papers100M,FedAvg,1024,42,10000.0,274,validation,0.243,3.4323,0.243,3.4323,822,0.11889052391052246,0.11889052391052246,0.5135149955749512,0.6324055194854736,177.8644163608551,0.5135149955749512,0.6324055194854736,177.8644163608551
nc_papers100m_195trainer_0hop_balanced_local_bs1024_800r,20260914_204924_ogbn-papers100M_FedAvg_bs1024_seed42_beta10000p0,ogbn-papers100M,FedAvg,1024,42,10000.0,275,validation,0.2432,3.4301,0.2432,3.4301,825,0.12058067321777344,0.12058067321777344,0.5198080539703369,0.6403887271881104,178.5048050880432,0.5198080539703369,0.6403887271881104,178.5048050880432
nc_papers100m_195trainer_0hop_balanced_local_bs1024_800r,20260914_204924_ogbn-papers100M_FedAvg_bs1024_seed42_beta10000p0,ogbn-papers100M,FedAvg,1024,42,10000.0,276,validation,0.2435,3.4279,0.2435,3.4279,828,0.12166857719421387,0.12166857719421387,0.5188415050506592,0.640510082244873,179.1453151702881,0.5188415050506592,0.640510082244873,179.1453151702881
nc_papers100m_195trainer_0hop_balanced_local_bs1024_800r,20260914_204924_ogbn-papers100M_FedAvg_bs1024_seed42_beta10000p0,ogbn-papers100M,FedAvg,1024,42,10000.0,277,validation,0.2437,3.4257,0.2437,3.4257,831,0.12297654151916504,0.12297654151916504,0.5156395435333252,0.6386160850524902,179.78393125534058,0.5156395435333252,0.6386160850524902,179.78393125534058
nc_papers100m_195trainer_0hop_balanced_local_bs1024_800r,20260914_204924_ogbn-papers100M_FedAvg_bs1024_seed42_beta10000p0,ogbn-papers100M,FedAvg,1024,42,10000.0,278,validation,0.2438,3.4235,0.2438,3.4235,834,0.11917543411254883,0.11917543411254883,0.5218527317047119,0.6410281658172607,180.42495942115784,0.5218527317047119,0.6410281658172607,180.42495942115784
nc_papers100m_195trainer_0hop_balanced_local_bs1024_800r,20260914_204924_ogbn-papers100M_FedAvg_bs1024_seed42_beta10000p0,ogbn-papers100M,FedAvg,1024,42,10000.0,279,validation,0.2442,3.4213,0.2442,3.4213,837,0.11762046813964844,0.11762046813964844,0.5254981517791748,0.6431186199188232,181.06807804107666,0.5254981517791748,0.6431186199188232,181.06807804107666
nc_papers100m_195trainer_0hop_balanced_local_bs1024_800r,20260914_204924_ogbn-papers100M_FedAvg_bs1024_seed42_beta10000p0,ogbn-papers100M,FedAvg,1024,42,10000.0,280,validation,0.2444,3.4193,0.2444,3.4193,840,0.11751103401184082,0.11751103401184082,0.5173816680908203,0.6348927021026611,181.70297074317932,0.5173816680908203,0.6348927021026611,181.70297074317932
nc_papers100m_195trainer_0hop_balanced_local_bs1024_800r,20260914_204924_ogbn-papers100M_FedAvg_bs1024_seed42_beta10000p0,ogbn-papers100M,FedAvg,1024,42,10000.0,281,validation,0.2445,3.4173,0.2445,3.4173,843,0.12345480918884277,0.12345480918884277,0.5307977199554443,0.6542525291442871,182.3572232723236,0.5307977199554443,0.6542525291442871,182.3572232723236
nc_papers100m_195trainer_0hop_balanced_local_bs1024_800r,20260914_204924_ogbn-papers100M_FedAvg_bs1024_seed42_beta10000p0,ogbn-papers100M,FedAvg,1024,42,10000.0,282,validation,0.2448,3.4152,0.2448,3.4152,846,0.12338495254516602,0.12338495254516602,0.5164713859558105,0.6398563385009766,182.99707961082458,0.5164713859558105,0.6398563385009766,182.99707961082458
nc_papers100m_195trainer_0hop_balanced_local_bs1024_800r,20260914_204924_ogbn-papers100M_FedAvg_bs1024_seed42_beta10000p0,ogbn-papers100M,FedAvg,1024,42,10000.0,283,validation,0.2448,3.413,0.2448,3.413,849,0.12226295471191406,0.12226295471191406,0.5141997337341309,0.6364626884460449,183.63354229927063,0.5141997337341309,0.6364626884460449,183.63354229927063
nc_papers100m_195trainer_0hop_balanced_local_bs1024_800r,20260914_204924_ogbn-papers100M_FedAvg_bs1024_seed42_beta10000p0,ogbn-papers100M,FedAvg,1024,42,10000.0,284,validation,0.2449,3.4111,0.2449,3.4111,852,0.11671328544616699,0.11671328544616699,0.5200958251953125,0.6368091106414795,184.2703514099121,0.5200958251953125,0.6368091106414795,184.2703514099121
nc_papers100m_195trainer_0hop_balanced_local_bs1024_800r,20260914_204924_ogbn-papers100M_FedAvg_bs1024_seed42_beta10000p0,ogbn-papers100M,FedAvg,1024,42,10000.0,285,validation,0.2452,3.409,0.2452,3.409,855,0.11753296852111816,0.11753296852111816,0.5408968925476074,0.6584298610687256,184.92878127098083,0.5408968925476074,0.6584298610687256,184.92878127098083
nc_papers100m_195trainer_0hop_balanced_local_bs1024_800r,20260914_204924_ogbn-papers100M_FedAvg_bs1024_seed42_beta10000p0,ogbn-papers100M,FedAvg,1024,42,10000.0,286,validation,0.2457,3.4069,0.2457,3.4069,858,0.12017345428466797,0.12017345428466797,0.5158634185791016,0.6360368728637695,185.5648181438446,0.5158634185791016,0.6360368728637695,185.5648181438446
nc_papers100m_195trainer_0hop_balanced_local_bs1024_800r,20260914_204924_ogbn-papers100M_FedAvg_bs1024_seed42_beta10000p0,ogbn-papers100M,FedAvg,1024,42,10000.0,287,validation,0.2457,3.4049,0.2457,3.4049,861,0.12685537338256836,0.12685537338256836,0.5214393138885498,0.6482946872711182,186.21311283111572,0.5214393138885498,0.6482946872711182,186.21311283111572
nc_papers100m_195trainer_0hop_balanced_local_bs1024_800r,20260914_204924_ogbn-papers100M_FedAvg_bs1024_seed42_beta10000p0,ogbn-papers100M,FedAvg,1024,42,10000.0,288,validation,0.246,3.4028,0.246,3.4028,864,0.12508487701416016,0.12508487701416016,0.5266871452331543,0.6517720222473145,186.86488485336304,0.5266871452331543,0.6517720222473145,186.86488485336304
nc_papers100m_195trainer_0hop_balanced_local_bs1024_800r,20260914_204924_ogbn-papers100M_FedAvg_bs1024_seed42_beta10000p0,ogbn-papers100M,FedAvg,1024,42,10000.0,289,validation,0.246,3.4005,0.246,3.4005,867,0.11840176582336426,0.11840176582336426,0.523775577545166,0.6421773433685303,187.50706219673157,0.523775577545166,0.6421773433685303,187.50706219673157
nc_papers100m_195trainer_0hop_balanced_local_bs1024_800r,20260914_204924_ogbn-papers100M_FedAvg_bs1024_seed42_beta10000p0,ogbn-papers100M,FedAvg,1024,42,10000.0,290,validation,0.2463,3.3984,0.2463,3.3984,870,0.12356424331665039,0.12356424331665039,0.5239450931549072,0.6475093364715576,188.15457153320312,0.5239450931549072,0.6475093364715576,188.15457153320312
nc_papers100m_195trainer_0hop_balanced_local_bs1024_800r,20260914_204924_ogbn-papers100M_FedAvg_bs1024_seed42_beta10000p0,ogbn-papers100M,FedAvg,1024,42,10000.0,291,validation,0.2467,3.3964,0.2467,3.3964,873,0.11856842041015625,0.11856842041015625,0.522216796875,0.6407852172851562,188.79535675048828,0.522216796875,0.6407852172851562,188.79535675048828
nc_papers100m_195trainer_0hop_balanced_local_bs1024_800r,20260914_204924_ogbn-papers100M_FedAvg_bs1024_seed42_beta10000p0,ogbn-papers100M,FedAvg,1024,42,10000.0,292,validation,0.2469,3.3942,0.2469,3.3942,876,0.11874151229858398,0.11874151229858398,0.5147655010223389,0.6335070133209229,189.4288637638092,0.5147655010223389,0.6335070133209229,189.4288637638092
nc_papers100m_195trainer_0hop_balanced_local_bs1024_800r,20260914_204924_ogbn-papers100M_FedAvg_bs1024_seed42_beta10000p0,ogbn-papers100M,FedAvg,1024,42,10000.0,293,validation,0.2472,3.3923,0.2472,3.3923,879,0.12107491493225098,0.12107491493225098,0.5177009105682373,0.6387758255004883,190.0676395893097,0.5177009105682373,0.6387758255004883,190.0676395893097
nc_papers100m_195trainer_0hop_balanced_local_bs1024_800r,20260914_204924_ogbn-papers100M_FedAvg_bs1024_seed42_beta10000p0,ogbn-papers100M,FedAvg,1024,42,10000.0,294,validation,0.2473,3.3903,0.2473,3.3903,882,0.11798667907714844,0.11798667907714844,0.5169024467468262,0.6348891258239746,190.70252871513367,0.5169024467468262,0.6348891258239746,190.70252871513367
nc_papers100m_195trainer_0hop_balanced_local_bs1024_800r,20260914_204924_ogbn-papers100M_FedAvg_bs1024_seed42_beta10000p0,ogbn-papers100M,FedAvg,1024,42,10000.0,295,validation,0.2475,3.3884,0.2475,3.3884,885,0.11919140815734863,0.11919140815734863,0.5157780647277832,0.6349694728851318,191.3374981880188,0.5157780647277832,0.6349694728851318,191.3374981880188
nc_papers100m_195trainer_0hop_balanced_local_bs1024_800r,20260914_204924_ogbn-papers100M_FedAvg_bs1024_seed42_beta10000p0,ogbn-papers100M,FedAvg,1024,42,10000.0,296,validation,0.2478,3.3863,0.2478,3.3863,888,0.11984419822692871,0.11984419822692871,0.5163514614105225,0.6361956596374512,191.97369384765625,0.5163514614105225,0.6361956596374512,191.97369384765625
nc_papers100m_195trainer_0hop_balanced_local_bs1024_800r,20260914_204924_ogbn-papers100M_FedAvg_bs1024_seed42_beta10000p0,ogbn-papers100M,FedAvg,1024,42,10000.0,297,validation,0.248,3.3843,0.248,3.3843,891,0.12034034729003906,0.12034034729003906,0.5160806179046631,0.6364209651947021,192.61011481285095,0.5160806179046631,0.6364209651947021,192.61011481285095
nc_papers100m_195trainer_0hop_balanced_local_bs1024_800r,20260914_204924_ogbn-papers100M_FedAvg_bs1024_seed42_beta10000p0,ogbn-papers100M,FedAvg,1024,42,10000.0,298,validation,0.2481,3.3822,0.2481,3.3822,894,0.11900568008422852,0.11900568008422852,0.5110037326812744,0.6300094127655029,193.24012422561646,0.5110037326812744,0.6300094127655029,193.24012422561646
nc_papers100m_195trainer_0hop_balanced_local_bs1024_800r,20260914_204924_ogbn-papers100M_FedAvg_bs1024_seed42_beta10000p0,ogbn-papers100M,FedAvg,1024,42,10000.0,299,validation,0.2483,3.3803,0.2483,3.3803,897,0.12021994590759277,0.12021994590759277,0.531989574432373,0.6522095203399658,193.89233374595642,0.531989574432373,0.6522095203399658,193.89233374595642
nc_papers100m_195trainer_0hop_balanced_local_bs1024_800r,20260914_204924_ogbn-papers100M_FedAvg_bs1024_seed42_beta10000p0,ogbn-papers100M,FedAvg,1024,42,10000.0,300,validation,0.2485,3.3783,0.2485,3.3783,900,0.11970353126525879,0.11970353126525879,0.5415024757385254,0.6612060070037842,194.5535397529602,0.5415024757385254,0.6612060070037842,194.5535397529602
nc_papers100m_195trainer_0hop_balanced_local_bs1024_800r,20260914_204924_ogbn-papers100M_FedAvg_bs1024_seed42_beta10000p0,ogbn-papers100M,FedAvg,1024,42,10000.0,301,validation,0.2487,3.3762,0.2487,3.3762,903,0.11819028854370117,0.11819028854370117,0.5192687511444092,0.6374590396881104,195.19099879264832,0.5192687511444092,0.6374590396881104,195.19099879264832
nc_papers100m_195trainer_0hop_balanced_local_bs1024_800r,20260914_204924_ogbn-papers100M_FedAvg_bs1024_seed42_beta10000p0,ogbn-papers100M,FedAvg,1024,42,10000.0,302,validation,0.249,3.3741,0.249,3.3741,906,0.11754918098449707,0.11754918098449707,0.5232164859771729,0.6407656669616699,195.83176445960999,0.5232164859771729,0.6407656669616699,195.83176445960999
nc_papers100m_195trainer_0hop_balanced_local_bs1024_800r,20260914_204924_ogbn-papers100M_FedAvg_bs1024_seed42_beta10000p0,ogbn-papers100M,FedAvg,1024,42,10000.0,303,validation,0.2491,3.3721,0.2491,3.3721,909,0.11763954162597656,0.11763954162597656,0.5223429203033447,0.6399824619293213,196.4717469215393,0.5223429203033447,0.6399824619293213,196.4717469215393
nc_papers100m_195trainer_0hop_balanced_local_bs1024_800r,20260914_204924_ogbn-papers100M_FedAvg_bs1024_seed42_beta10000p0,ogbn-papers100M,FedAvg,1024,42,10000.0,304,validation,0.2494,3.37,0.2494,3.37,912,0.12239885330200195,0.12239885330200195,0.5245342254638672,0.6469330787658691,197.11868000030518,0.5245342254638672,0.6469330787658691,197.11868000030518
nc_papers100m_195trainer_0hop_balanced_local_bs1024_800r,20260914_204924_ogbn-papers100M_FedAvg_bs1024_seed42_beta10000p0,ogbn-papers100M,FedAvg,1024,42,10000.0,305,validation,0.2496,3.3683,0.2496,3.3683,915,0.11927199363708496,0.11927199363708496,0.5153837203979492,0.6346557140350342,197.7533357143402,0.5153837203979492,0.6346557140350342,197.7533357143402
nc_papers100m_195trainer_0hop_balanced_local_bs1024_800r,20260914_204924_ogbn-papers100M_FedAvg_bs1024_seed42_beta10000p0,ogbn-papers100M,FedAvg,1024,42,10000.0,306,validation,0.2498,3.3664,0.2498,3.3664,918,0.11754441261291504,0.11754441261291504,0.523921012878418,0.641465425491333,198.39480113983154,0.523921012878418,0.641465425491333,198.39480113983154
nc_papers100m_195trainer_0hop_balanced_local_bs1024_800r,20260914_204924_ogbn-papers100M_FedAvg_bs1024_seed42_beta10000p0,ogbn-papers100M,FedAvg,1024,42,10000.0,307,validation,0.2501,3.3644,0.2501,3.3644,921,0.11907577514648438,0.11907577514648438,0.5195064544677734,0.6385822296142578,199.0333833694458,0.5195064544677734,0.6385822296142578,199.0333833694458
nc_papers100m_195trainer_0hop_balanced_local_bs1024_800r,20260914_204924_ogbn-papers100M_FedAvg_bs1024_seed42_beta10000p0,ogbn-papers100M,FedAvg,1024,42,10000.0,308,validation,0.2501,3.3625,0.2501,3.3625,924,0.11865496635437012,0.11865496635437012,0.5291924476623535,0.6478474140167236,199.68123078346252,0.5291924476623535,0.6478474140167236,199.68123078346252
nc_papers100m_195trainer_0hop_balanced_local_bs1024_800r,20260914_204924_ogbn-papers100M_FedAvg_bs1024_seed42_beta10000p0,ogbn-papers100M,FedAvg,1024,42,10000.0,309,validation,0.2505,3.3606,0.2505,3.3606,927,0.12038493156433105,0.12038493156433105,0.5277407169342041,0.6481256484985352,200.32935643196106,0.5277407169342041,0.6481256484985352,200.32935643196106
nc_papers100m_195trainer_0hop_balanced_local_bs1024_800r,20260914_204924_ogbn-papers100M_FedAvg_bs1024_seed42_beta10000p0,ogbn-papers100M,FedAvg,1024,42,10000.0,310,validation,0.2506,3.3586,0.2506,3.3586,930,0.12323474884033203,0.12323474884033203,0.5128860473632812,0.6361207962036133,200.96547722816467,0.5128860473632812,0.6361207962036133,200.96547722816467
nc_papers100m_195trainer_0hop_balanced_local_bs1024_800r,20260914_204924_ogbn-papers100M_FedAvg_bs1024_seed42_beta10000p0,ogbn-papers100M,FedAvg,1024,42,10000.0,311,validation,0.2509,3.3567,0.2509,3.3567,933,0.12159132957458496,0.12159132957458496,0.5073699951171875,0.6289613246917725,201.59443855285645,0.5073699951171875,0.6289613246917725,201.59443855285645
nc_papers100m_195trainer_0hop_balanced_local_bs1024_800r,20260914_204924_ogbn-papers100M_FedAvg_bs1024_seed42_beta10000p0,ogbn-papers100M,FedAvg,1024,42,10000.0,312,validation,0.251,3.3547,0.251,3.3547,936,0.12146306037902832,0.12146306037902832,0.5308396816253662,0.6523027420043945,202.24674129486084,0.5308396816253662,0.6523027420043945,202.24674129486084
nc_papers100m_195trainer_0hop_balanced_local_bs1024_800r,20260914_204924_ogbn-papers100M_FedAvg_bs1024_seed42_beta10000p0,ogbn-papers100M,FedAvg,1024,42,10000.0,313,validation,0.2511,3.353,0.2511,3.353,939,0.11678719520568848,0.11678719520568848,0.5218019485473633,0.6385891437530518,202.8853304386139,0.5218019485473633,0.6385891437530518,202.8853304386139
nc_papers100m_195trainer_0hop_balanced_local_bs1024_800r,20260914_204924_ogbn-papers100M_FedAvg_bs1024_seed42_beta10000p0,ogbn-papers100M,FedAvg,1024,42,10000.0,314,validation,0.2514,3.3512,0.2514,3.3512,942,0.12100696563720703,0.12100696563720703,0.5259630680084229,0.6469700336456299,203.53230047225952,0.5259630680084229,0.6469700336456299,203.53230047225952
nc_papers100m_195trainer_0hop_balanced_local_bs1024_800r,20260914_204924_ogbn-papers100M_FedAvg_bs1024_seed42_beta10000p0,ogbn-papers100M,FedAvg,1024,42,10000.0,315,validation,0.2515,3.3495,0.2515,3.3495,945,0.12073683738708496,0.12073683738708496,0.5214145183563232,0.6421513557434082,204.17445182800293,0.5214145183563232,0.6421513557434082,204.17445182800293
nc_papers100m_195trainer_0hop_balanced_local_bs1024_800r,20260914_204924_ogbn-papers100M_FedAvg_bs1024_seed42_beta10000p0,ogbn-papers100M,FedAvg,1024,42,10000.0,316,validation,0.2517,3.3477,0.2517,3.3477,948,0.12224221229553223,0.12224221229553223,0.5210552215576172,0.6432974338531494,204.81774926185608,0.5210552215576172,0.6432974338531494,204.81774926185608
nc_papers100m_195trainer_0hop_balanced_local_bs1024_800r,20260914_204924_ogbn-papers100M_FedAvg_bs1024_seed42_beta10000p0,ogbn-papers100M,FedAvg,1024,42,10000.0,317,validation,0.2519,3.3456,0.2519,3.3456,951,0.1192159652709961,0.1192159652709961,0.5158441066741943,0.6350600719451904,205.45280933380127,0.5158441066741943,0.6350600719451904,205.45280933380127
nc_papers100m_195trainer_0hop_balanced_local_bs1024_800r,20260914_204924_ogbn-papers100M_FedAvg_bs1024_seed42_beta10000p0,ogbn-papers100M,FedAvg,1024,42,10000.0,318,validation,0.2521,3.3437,0.2521,3.3437,954,0.11772871017456055,0.11772871017456055,0.5300264358520508,0.6477551460266113,206.10056447982788,0.5300264358520508,0.6477551460266113,206.10056447982788
nc_papers100m_195trainer_0hop_balanced_local_bs1024_800r,20260914_204924_ogbn-papers100M_FedAvg_bs1024_seed42_beta10000p0,ogbn-papers100M,FedAvg,1024,42,10000.0,319,validation,0.2522,3.342,0.2522,3.342,957,0.11986541748046875,0.11986541748046875,0.5299630165100098,0.6498284339904785,206.75039291381836,0.5299630165100098,0.6498284339904785,206.75039291381836
nc_papers100m_195trainer_0hop_balanced_local_bs1024_800r,20260914_204924_ogbn-papers100M_FedAvg_bs1024_seed42_beta10000p0,ogbn-papers100M,FedAvg,1024,42,10000.0,320,validation,0.2525,3.3401,0.2525,3.3401,960,0.1210317611694336,0.1210317611694336,0.5139119625091553,0.6349437236785889,207.38533663749695,0.5139119625091553,0.6349437236785889,207.38533663749695
nc_papers100m_195trainer_0hop_balanced_local_bs1024_800r,20260914_204924_ogbn-papers100M_FedAvg_bs1024_seed42_beta10000p0,ogbn-papers100M,FedAvg,1024,42,10000.0,321,validation,0.2526,3.3381,0.2526,3.3381,963,0.1299901008605957,0.1299901008605957,0.6777992248535156,0.8077893257141113,208.19312596321106,0.6777992248535156,0.8077893257141113,208.19312596321106
nc_papers100m_195trainer_0hop_balanced_local_bs1024_800r,20260914_204924_ogbn-papers100M_FedAvg_bs1024_seed42_beta10000p0,ogbn-papers100M,FedAvg,1024,42,10000.0,322,validation,0.2527,3.3363,0.2527,3.3363,966,0.11870336532592773,0.11870336532592773,0.5210635662078857,0.6397669315338135,208.83289289474487,0.5210635662078857,0.6397669315338135,208.83289289474487
nc_papers100m_195trainer_0hop_balanced_local_bs1024_800r,20260914_204924_ogbn-papers100M_FedAvg_bs1024_seed42_beta10000p0,ogbn-papers100M,FedAvg,1024,42,10000.0,323,validation,0.2529,3.3345,0.2529,3.3345,969,0.12129759788513184,0.12129759788513184,0.5139431953430176,0.6352407932281494,209.46813368797302,0.5139431953430176,0.6352407932281494,209.46813368797302
nc_papers100m_195trainer_0hop_balanced_local_bs1024_800r,20260914_204924_ogbn-papers100M_FedAvg_bs1024_seed42_beta10000p0,ogbn-papers100M,FedAvg,1024,42,10000.0,324,validation,0.2531,3.3328,0.2531,3.3328,972,0.1193230152130127,0.1193230152130127,0.5075099468231201,0.6268329620361328,210.09496665000916,0.5075099468231201,0.6268329620361328,210.09496665000916
nc_papers100m_195trainer_0hop_balanced_local_bs1024_800r,20260914_204924_ogbn-papers100M_FedAvg_bs1024_seed42_beta10000p0,ogbn-papers100M,FedAvg,1024,42,10000.0,325,validation,0.2533,3.331,0.2533,3.331,975,0.11928319931030273,0.11928319931030273,0.5312511920928955,0.6505343914031982,210.74550104141235,0.5312511920928955,0.6505343914031982,210.74550104141235
nc_papers100m_195trainer_0hop_balanced_local_bs1024_800r,20260914_204924_ogbn-papers100M_FedAvg_bs1024_seed42_beta10000p0,ogbn-papers100M,FedAvg,1024,42,10000.0,326,validation,0.2536,3.3293,0.2536,3.3293,978,0.12113595008850098,0.12113595008850098,0.5190949440002441,0.6402308940887451,211.3857319355011,0.5190949440002441,0.6402308940887451,211.3857319355011
nc_papers100m_195trainer_0hop_balanced_local_bs1024_800r,20260914_204924_ogbn-papers100M_FedAvg_bs1024_seed42_beta10000p0,ogbn-papers100M,FedAvg,1024,42,10000.0,327,validation,0.2537,3.3276,0.2537,3.3276,981,0.12032127380371094,0.12032127380371094,0.5186188220977783,0.6389400959014893,212.0246720314026,0.5186188220977783,0.6389400959014893,212.0246720314026
nc_papers100m_195trainer_0hop_balanced_local_bs1024_800r,20260914_204924_ogbn-papers100M_FedAvg_bs1024_seed42_beta10000p0,ogbn-papers100M,FedAvg,1024,42,10000.0,328,validation,0.2539,3.3257,0.2539,3.3257,984,0.12251520156860352,0.12251520156860352,0.5663087368011475,0.688823938369751,212.71349596977234,0.5663087368011475,0.688823938369751,212.71349596977234
nc_papers100m_195trainer_0hop_balanced_local_bs1024_800r,20260914_204924_ogbn-papers100M_FedAvg_bs1024_seed42_beta10000p0,ogbn-papers100M,FedAvg,1024,42,10000.0,329,validation,0.2542,3.324,0.2542,3.324,987,0.11943244934082031,0.11943244934082031,0.5312461853027344,0.6506786346435547,213.3641746044159,0.5312461853027344,0.6506786346435547,213.3641746044159
nc_papers100m_195trainer_0hop_balanced_local_bs1024_800r,20260914_204924_ogbn-papers100M_FedAvg_bs1024_seed42_beta10000p0,ogbn-papers100M,FedAvg,1024,42,10000.0,330,validation,0.2543,3.3222,0.2543,3.3222,990,0.12077927589416504,0.12077927589416504,0.5165510177612305,0.6373302936553955,214.0015048980713,0.5165510177612305,0.6373302936553955,214.0015048980713
nc_papers100m_195trainer_0hop_balanced_local_bs1024_800r,20260914_204924_ogbn-papers100M_FedAvg_bs1024_seed42_beta10000p0,ogbn-papers100M,FedAvg,1024,42,10000.0,331,validation,0.2546,3.3204,0.2546,3.3204,993,0.11929178237915039,0.11929178237915039,0.5319809913635254,0.6512727737426758,214.65277767181396,0.5319809913635254,0.6512727737426758,214.65277767181396
nc_papers100m_195trainer_0hop_balanced_local_bs1024_800r,20260914_204924_ogbn-papers100M_FedAvg_bs1024_seed42_beta10000p0,ogbn-papers100M,FedAvg,1024,42,10000.0,332,validation,0.2547,3.3186,0.2547,3.3186,996,0.12332677841186523,0.12332677841186523,0.5224905014038086,0.6458172798156738,215.29859495162964,0.5224905014038086,0.6458172798156738,215.29859495162964
nc_papers100m_195trainer_0hop_balanced_local_bs1024_800r,20260914_204924_ogbn-papers100M_FedAvg_bs1024_seed42_beta10000p0,ogbn-papers100M,FedAvg,1024,42,10000.0,333,validation,0.2547,3.3168,0.2547,3.3168,999,0.1194312572479248,0.1194312572479248,0.5183689594268799,0.6378002166748047,215.93639516830444,0.5183689594268799,0.6378002166748047,215.93639516830444
nc_papers100m_195trainer_0hop_balanced_local_bs1024_800r,20260914_204924_ogbn-papers100M_FedAvg_bs1024_seed42_beta10000p0,ogbn-papers100M,FedAvg,1024,42,10000.0,334,validation,0.2551,3.315,0.2551,3.315,1002,0.11918783187866211,0.11918783187866211,0.5270686149597168,0.6462564468383789,216.58265161514282,0.5270686149597168,0.6462564468383789,216.58265161514282
nc_papers100m_195trainer_0hop_balanced_local_bs1024_800r,20260914_204924_ogbn-papers100M_FedAvg_bs1024_seed42_beta10000p0,ogbn-papers100M,FedAvg,1024,42,10000.0,335,validation,0.2552,3.3134,0.2552,3.3134,1005,0.11908817291259766,0.11908817291259766,0.5290536880493164,0.6481418609619141,217.23079347610474,0.5290536880493164,0.6481418609619141,217.23079347610474
nc_papers100m_195trainer_0hop_balanced_local_bs1024_800r,20260914_204924_ogbn-papers100M_FedAvg_bs1024_seed42_beta10000p0,ogbn-papers100M,FedAvg,1024,42,10000.0,336,validation,0.2553,3.3116,0.2553,3.3116,1008,0.12032175064086914,0.12032175064086914,0.5130069255828857,0.6333286762237549,217.8641221523285,0.5130069255828857,0.6333286762237549,217.8641221523285
nc_papers100m_195trainer_0hop_balanced_local_bs1024_800r,20260914_204924_ogbn-papers100M_FedAvg_bs1024_seed42_beta10000p0,ogbn-papers100M,FedAvg,1024,42,10000.0,337,validation,0.2555,3.3099,0.2555,3.3099,1011,0.1226034164428711,0.1226034164428711,0.5240912437438965,0.6466946601867676,218.51081681251526,0.5240912437438965,0.6466946601867676,218.51081681251526
nc_papers100m_195trainer_0hop_balanced_local_bs1024_800r,20260914_204924_ogbn-papers100M_FedAvg_bs1024_seed42_beta10000p0,ogbn-papers100M,FedAvg,1024,42,10000.0,338,validation,0.2558,3.308,0.2558,3.308,1014,0.1281280517578125,0.1281280517578125,0.5198888778686523,0.6480169296264648,219.15883374214172,0.5198888778686523,0.6480169296264648,219.15883374214172
nc_papers100m_195trainer_0hop_balanced_local_bs1024_800r,20260914_204924_ogbn-papers100M_FedAvg_bs1024_seed42_beta10000p0,ogbn-papers100M,FedAvg,1024,42,10000.0,339,validation,0.256,3.3063,0.256,3.3063,1017,0.11863350868225098,0.11863350868225098,0.5110270977020264,0.6296606063842773,219.788494348526,0.5110270977020264,0.6296606063842773,219.788494348526
nc_papers100m_195trainer_0hop_balanced_local_bs1024_800r,20260914_204924_ogbn-papers100M_FedAvg_bs1024_seed42_beta10000p0,ogbn-papers100M,FedAvg,1024,42,10000.0,340,validation,0.2561,3.3046,0.2561,3.3046,1020,0.11986351013183594,0.11986351013183594,0.5273385047912598,0.6472020149230957,220.4356963634491,0.5273385047912598,0.6472020149230957,220.4356963634491
nc_papers100m_195trainer_0hop_balanced_local_bs1024_800r,20260914_204924_ogbn-papers100M_FedAvg_bs1024_seed42_beta10000p0,ogbn-papers100M,FedAvg,1024,42,10000.0,341,validation,0.2563,3.3029,0.2563,3.3029,1023,0.11866259574890137,0.11866259574890137,0.5184357166290283,0.6370983123779297,221.07279467582703,0.5184357166290283,0.6370983123779297,221.07279467582703
nc_papers100m_195trainer_0hop_balanced_local_bs1024_800r,20260914_204924_ogbn-papers100M_FedAvg_bs1024_seed42_beta10000p0,ogbn-papers100M,FedAvg,1024,42,10000.0,342,validation,0.2565,3.3012,0.2565,3.3012,1026,0.11882996559143066,0.11882996559143066,0.5269429683685303,0.6457729339599609,221.718567609787,0.5269429683685303,0.6457729339599609,221.718567609787
nc_papers100m_195trainer_0hop_balanced_local_bs1024_800r,20260914_204924_ogbn-papers100M_FedAvg_bs1024_seed42_beta10000p0,ogbn-papers100M,FedAvg,1024,42,10000.0,343,validation,0.2569,3.2995,0.2569,3.2995,1029,0.12403655052185059,0.12403655052185059,0.5402874946594238,0.6643240451812744,222.38289165496826,0.5402874946594238,0.6643240451812744,222.38289165496826
nc_papers100m_195trainer_0hop_balanced_local_bs1024_800r,20260914_204924_ogbn-papers100M_FedAvg_bs1024_seed42_beta10000p0,ogbn-papers100M,FedAvg,1024,42,10000.0,344,validation,0.2568,3.2979,0.2568,3.2979,1032,0.11872005462646484,0.11872005462646484,0.5218396186828613,0.6405596733093262,223.0234513282776,0.5218396186828613,0.6405596733093262,223.0234513282776
nc_papers100m_195trainer_0hop_balanced_local_bs1024_800r,20260914_204924_ogbn-papers100M_FedAvg_bs1024_seed42_beta10000p0,ogbn-papers100M,FedAvg,1024,42,10000.0,345,validation,0.2569,3.2961,0.2569,3.2961,1035,0.11963438987731934,0.11963438987731934,0.5182895660400391,0.6379239559173584,223.66137528419495,0.5182895660400391,0.6379239559173584,223.66137528419495
nc_papers100m_195trainer_0hop_balanced_local_bs1024_800r,20260914_204924_ogbn-papers100M_FedAvg_bs1024_seed42_beta10000p0,ogbn-papers100M,FedAvg,1024,42,10000.0,346,validation,0.2573,3.2943,0.2573,3.2943,1038,0.12379097938537598,0.12379097938537598,0.5259950160980225,0.6497859954833984,224.31116127967834,0.5259950160980225,0.6497859954833984,224.31116127967834
nc_papers100m_195trainer_0hop_balanced_local_bs1024_800r,20260914_204924_ogbn-papers100M_FedAvg_bs1024_seed42_beta10000p0,ogbn-papers100M,FedAvg,1024,42,10000.0,347,validation,0.2574,3.2927,0.2574,3.2927,1041,0.12213277816772461,0.12213277816772461,0.5238358974456787,0.6459686756134033,224.95712995529175,0.5238358974456787,0.6459686756134033,224.95712995529175
nc_papers100m_195trainer_0hop_balanced_local_bs1024_800r,20260914_204924_ogbn-papers100M_FedAvg_bs1024_seed42_beta10000p0,ogbn-papers100M,FedAvg,1024,42,10000.0,348,validation,0.2576,3.291,0.2576,3.291,1044,0.12013554573059082,0.12013554573059082,0.5171072483062744,0.6372427940368652,225.5943727493286,0.5171072483062744,0.6372427940368652,225.5943727493286
nc_papers100m_195trainer_0hop_balanced_local_bs1024_800r,20260914_204924_ogbn-papers100M_FedAvg_bs1024_seed42_beta10000p0,ogbn-papers100M,FedAvg,1024,42,10000.0,349,validation,0.2577,3.2893,0.2577,3.2893,1047,0.11917734146118164,0.11917734146118164,0.5198075771331787,0.6389849185943604,226.23335766792297,0.5198075771331787,0.6389849185943604,226.23335766792297
nc_papers100m_195trainer_0hop_balanced_local_bs1024_800r,20260914_204924_ogbn-papers100M_FedAvg_bs1024_seed42_beta10000p0,ogbn-papers100M,FedAvg,1024,42,10000.0,350,validation,0.2578,3.2877,0.2578,3.2877,1050,0.11891841888427734,0.11891841888427734,0.5219688415527344,0.6408872604370117,226.87424492835999,0.5219688415527344,0.6408872604370117,226.87424492835999
nc_papers100m_195trainer_0hop_balanced_local_bs1024_800r,20260914_204924_ogbn-papers100M_FedAvg_bs1024_seed42_beta10000p0,ogbn-papers100M,FedAvg,1024,42,10000.0,351,validation,0.2581,3.2862,0.2581,3.2862,1053,0.12048125267028809,0.12048125267028809,0.5301554203033447,0.6506366729736328,227.52488160133362,0.5301554203033447,0.6506366729736328,227.52488160133362
nc_papers100m_195trainer_0hop_balanced_local_bs1024_800r,20260914_204924_ogbn-papers100M_FedAvg_bs1024_seed42_beta10000p0,ogbn-papers100M,FedAvg,1024,42,10000.0,352,validation,0.2584,3.2845,0.2584,3.2845,1056,0.11980128288269043,0.11980128288269043,0.5216288566589355,0.641430139541626,228.16631174087524,0.5216288566589355,0.641430139541626,228.16631174087524
nc_papers100m_195trainer_0hop_balanced_local_bs1024_800r,20260914_204924_ogbn-papers100M_FedAvg_bs1024_seed42_beta10000p0,ogbn-papers100M,FedAvg,1024,42,10000.0,353,validation,0.2587,3.2828,0.2587,3.2828,1059,0.11998581886291504,0.11998581886291504,0.5319042205810547,0.6518900394439697,228.8182017803192,0.5319042205810547,0.6518900394439697,228.8182017803192
nc_papers100m_195trainer_0hop_balanced_local_bs1024_800r,20260914_204924_ogbn-papers100M_FedAvg_bs1024_seed42_beta10000p0,ogbn-papers100M,FedAvg,1024,42,10000.0,354,validation,0.2587,3.2812,0.2587,3.2812,1062,0.12292885780334473,0.12292885780334473,0.5293068885803223,0.652235746383667,229.47043752670288,0.5293068885803223,0.652235746383667,229.47043752670288
nc_papers100m_195trainer_0hop_balanced_local_bs1024_800r,20260914_204924_ogbn-papers100M_FedAvg_bs1024_seed42_beta10000p0,ogbn-papers100M,FedAvg,1024,42,10000.0,355,validation,0.2589,3.2796,0.2589,3.2796,1065,0.12008357048034668,0.12008357048034668,0.5223746299743652,0.6424582004547119,230.1128957271576,0.5223746299743652,0.6424582004547119,230.1128957271576
nc_papers100m_195trainer_0hop_balanced_local_bs1024_800r,20260914_204924_ogbn-papers100M_FedAvg_bs1024_seed42_beta10000p0,ogbn-papers100M,FedAvg,1024,42,10000.0,356,validation,0.259,3.2782,0.259,3.2782,1068,0.11901497840881348,0.11901497840881348,0.521669864654541,0.6406848430633545,230.75358057022095,0.521669864654541,0.6406848430633545,230.75358057022095
nc_papers100m_195trainer_0hop_balanced_local_bs1024_800r,20260914_204924_ogbn-papers100M_FedAvg_bs1024_seed42_beta10000p0,ogbn-papers100M,FedAvg,1024,42,10000.0,357,validation,0.2592,3.2766,0.2592,3.2766,1071,0.12006473541259766,0.12006473541259766,0.5584373474121094,0.678502082824707,231.43208265304565,0.5584373474121094,0.678502082824707,231.43208265304565
nc_papers100m_195trainer_0hop_balanced_local_bs1024_800r,20260914_204924_ogbn-papers100M_FedAvg_bs1024_seed42_beta10000p0,ogbn-papers100M,FedAvg,1024,42,10000.0,358,validation,0.2595,3.2749,0.2595,3.2749,1074,0.11911439895629883,0.11911439895629883,0.5177402496337891,0.6368546485900879,232.06893730163574,0.5177402496337891,0.6368546485900879,232.06893730163574
nc_papers100m_195trainer_0hop_balanced_local_bs1024_800r,20260914_204924_ogbn-papers100M_FedAvg_bs1024_seed42_beta10000p0,ogbn-papers100M,FedAvg,1024,42,10000.0,359,validation,0.2596,3.2734,0.2596,3.2734,1077,0.1192786693572998,0.1192786693572998,0.5415654182434082,0.660844087600708,232.72978138923645,0.5415654182434082,0.660844087600708,232.72978138923645
nc_papers100m_195trainer_0hop_balanced_local_bs1024_800r,20260914_204924_ogbn-papers100M_FedAvg_bs1024_seed42_beta10000p0,ogbn-papers100M,FedAvg,1024,42,10000.0,360,validation,0.2596,3.2716,0.2596,3.2716,1080,0.11966538429260254,0.11966538429260254,0.5218198299407959,0.6414852142333984,233.37126660346985,0.5218198299407959,0.6414852142333984,233.37126660346985
nc_papers100m_195trainer_0hop_balanced_local_bs1024_800r,20260914_204924_ogbn-papers100M_FedAvg_bs1024_seed42_beta10000p0,ogbn-papers100M,FedAvg,1024,42,10000.0,361,validation,0.2597,3.2701,0.2597,3.2701,1083,0.11735224723815918,0.11735224723815918,0.5163726806640625,0.6337249279022217,234.00499153137207,0.5163726806640625,0.6337249279022217,234.00499153137207
nc_papers100m_195trainer_0hop_balanced_local_bs1024_800r,20260914_204924_ogbn-papers100M_FedAvg_bs1024_seed42_beta10000p0,ogbn-papers100M,FedAvg,1024,42,10000.0,362,validation,0.2599,3.2684,0.2599,3.2684,1086,0.12348175048828125,0.12348175048828125,0.5201249122619629,0.6436066627502441,234.64859819412231,0.5201249122619629,0.6436066627502441,234.64859819412231
nc_papers100m_195trainer_0hop_balanced_local_bs1024_800r,20260914_204924_ogbn-papers100M_FedAvg_bs1024_seed42_beta10000p0,ogbn-papers100M,FedAvg,1024,42,10000.0,363,validation,0.2602,3.2667,0.2602,3.2667,1089,0.1180276870727539,0.1180276870727539,0.5194311141967773,0.6374588012695312,235.28605699539185,0.5194311141967773,0.6374588012695312,235.28605699539185
nc_papers100m_195trainer_0hop_balanced_local_bs1024_800r,20260914_204924_ogbn-papers100M_FedAvg_bs1024_seed42_beta10000p0,ogbn-papers100M,FedAvg,1024,42,10000.0,364,validation,0.2603,3.2651,0.2603,3.2651,1092,0.12233328819274902,0.12233328819274902,0.5143277645111084,0.6366610527038574,235.9227180480957,0.5143277645111084,0.6366610527038574,235.9227180480957
nc_papers100m_195trainer_0hop_balanced_local_bs1024_800r,20260914_204924_ogbn-papers100M_FedAvg_bs1024_seed42_beta10000p0,ogbn-papers100M,FedAvg,1024,42,10000.0,365,validation,0.2604,3.2636,0.2604,3.2636,1095,0.12346816062927246,0.12346816062927246,0.5310289859771729,0.6544971466064453,236.57721519470215,0.5310289859771729,0.6544971466064453,236.57721519470215
nc_papers100m_195trainer_0hop_balanced_local_bs1024_800r,20260914_204924_ogbn-papers100M_FedAvg_bs1024_seed42_beta10000p0,ogbn-papers100M,FedAvg,1024,42,10000.0,366,validation,0.2606,3.2621,0.2606,3.2621,1098,0.12122797966003418,0.12122797966003418,0.5233488082885742,0.6445767879486084,237.22179198265076,0.5233488082885742,0.6445767879486084,237.22179198265076
nc_papers100m_195trainer_0hop_balanced_local_bs1024_800r,20260914_204924_ogbn-papers100M_FedAvg_bs1024_seed42_beta10000p0,ogbn-papers100M,FedAvg,1024,42,10000.0,367,validation,0.2609,3.2605,0.2609,3.2605,1101,0.1178431510925293,0.1178431510925293,0.5133800506591797,0.631223201751709,237.85301518440247,0.5133800506591797,0.631223201751709,237.85301518440247
nc_papers100m_195trainer_0hop_balanced_local_bs1024_800r,20260914_204924_ogbn-papers100M_FedAvg_bs1024_seed42_beta10000p0,ogbn-papers100M,FedAvg,1024,42,10000.0,368,validation,0.261,3.2588,0.261,3.2588,1104,0.11972284317016602,0.11972284317016602,0.5239617824554443,0.6436846256256104,238.49669981002808,0.5239617824554443,0.6436846256256104,238.49669981002808
nc_papers100m_195trainer_0hop_balanced_local_bs1024_800r,20260914_204924_ogbn-papers100M_FedAvg_bs1024_seed42_beta10000p0,ogbn-papers100M,FedAvg,1024,42,10000.0,369,validation,0.2612,3.2574,0.2612,3.2574,1107,0.11823391914367676,0.11823391914367676,0.5163145065307617,0.6345484256744385,239.13124823570251,0.5163145065307617,0.6345484256744385,239.13124823570251
nc_papers100m_195trainer_0hop_balanced_local_bs1024_800r,20260914_204924_ogbn-papers100M_FedAvg_bs1024_seed42_beta10000p0,ogbn-papers100M,FedAvg,1024,42,10000.0,370,validation,0.2612,3.2558,0.2612,3.2558,1110,0.12059926986694336,0.12059926986694336,0.5086085796356201,0.6292078495025635,239.76045608520508,0.5086085796356201,0.6292078495025635,239.76045608520508
nc_papers100m_195trainer_0hop_balanced_local_bs1024_800r,20260914_204924_ogbn-papers100M_FedAvg_bs1024_seed42_beta10000p0,ogbn-papers100M,FedAvg,1024,42,10000.0,371,validation,0.2614,3.2544,0.2614,3.2544,1113,0.1267383098602295,0.1267383098602295,0.5323598384857178,0.6590981483459473,240.41955423355103,0.5323598384857178,0.6590981483459473,240.41955423355103
nc_papers100m_195trainer_0hop_balanced_local_bs1024_800r,20260914_204924_ogbn-papers100M_FedAvg_bs1024_seed42_beta10000p0,ogbn-papers100M,FedAvg,1024,42,10000.0,372,validation,0.2616,3.2528,0.2616,3.2528,1116,0.12035918235778809,0.12035918235778809,0.5273325443267822,0.6476917266845703,241.0672459602356,0.5273325443267822,0.6476917266845703,241.0672459602356
nc_papers100m_195trainer_0hop_balanced_local_bs1024_800r,20260914_204924_ogbn-papers100M_FedAvg_bs1024_seed42_beta10000p0,ogbn-papers100M,FedAvg,1024,42,10000.0,373,validation,0.2618,3.2514,0.2618,3.2514,1119,0.12070560455322266,0.12070560455322266,0.5145323276519775,0.6352379322052002,241.7024838924408,0.5145323276519775,0.6352379322052002,241.7024838924408
nc_papers100m_195trainer_0hop_balanced_local_bs1024_800r,20260914_204924_ogbn-papers100M_FedAvg_bs1024_seed42_beta10000p0,ogbn-papers100M,FedAvg,1024,42,10000.0,374,validation,0.2621,3.25,0.2621,3.25,1122,0.12207221984863281,0.12207221984863281,0.5198338031768799,0.6419060230255127,242.3443899154663,0.5198338031768799,0.6419060230255127,242.3443899154663
nc_papers100m_195trainer_0hop_balanced_local_bs1024_800r,20260914_204924_ogbn-papers100M_FedAvg_bs1024_seed42_beta10000p0,ogbn-papers100M,FedAvg,1024,42,10000.0,375,validation,0.2623,3.2484,0.2623,3.2484,1125,0.11956405639648438,0.11956405639648438,0.5268585681915283,0.6464226245880127,242.99081254005432,0.5268585681915283,0.6464226245880127,242.99081254005432
nc_papers100m_195trainer_0hop_balanced_local_bs1024_800r,20260914_204924_ogbn-papers100M_FedAvg_bs1024_seed42_beta10000p0,ogbn-papers100M,FedAvg,1024,42,10000.0,376,validation,0.2625,3.2469,0.2625,3.2469,1128,0.12263917922973633,0.12263917922973633,0.5160670280456543,0.6387062072753906,243.6295187473297,0.5160670280456543,0.6387062072753906,243.6295187473297
nc_papers100m_195trainer_0hop_balanced_local_bs1024_800r,20260914_204924_ogbn-papers100M_FedAvg_bs1024_seed42_beta10000p0,ogbn-papers100M,FedAvg,1024,42,10000.0,377,validation,0.2626,3.2453,0.2626,3.2453,1131,0.1228330135345459,0.1228330135345459,0.5179564952850342,0.6407895088195801,244.2703082561493,0.5179564952850342,0.6407895088195801,244.2703082561493
nc_papers100m_195trainer_0hop_balanced_local_bs1024_800r,20260914_204924_ogbn-papers100M_FedAvg_bs1024_seed42_beta10000p0,ogbn-papers100M,FedAvg,1024,42,10000.0,378,validation,0.2627,3.2437,0.2627,3.2437,1134,0.12119460105895996,0.12119460105895996,0.5246238708496094,0.6458184719085693,244.91612672805786,0.5246238708496094,0.6458184719085693,244.91612672805786
nc_papers100m_195trainer_0hop_balanced_local_bs1024_800r,20260914_204924_ogbn-papers100M_FedAvg_bs1024_seed42_beta10000p0,ogbn-papers100M,FedAvg,1024,42,10000.0,379,validation,0.2629,3.2423,0.2629,3.2423,1137,0.1199030876159668,0.1199030876159668,0.5091629028320312,0.629065990447998,245.54519271850586,0.5091629028320312,0.629065990447998,245.54519271850586
nc_papers100m_195trainer_0hop_balanced_local_bs1024_800r,20260914_204924_ogbn-papers100M_FedAvg_bs1024_seed42_beta10000p0,ogbn-papers100M,FedAvg,1024,42,10000.0,380,validation,0.2631,3.2408,0.2631,3.2408,1140,0.12287664413452148,0.12287664413452148,0.5227751731872559,0.6456518173217773,246.19084453582764,0.5227751731872559,0.6456518173217773,246.19084453582764
nc_papers100m_195trainer_0hop_balanced_local_bs1024_800r,20260914_204924_ogbn-papers100M_FedAvg_bs1024_seed42_beta10000p0,ogbn-papers100M,FedAvg,1024,42,10000.0,381,validation,0.2633,3.2391,0.2633,3.2391,1143,0.12437129020690918,0.12437129020690918,0.5400731563568115,0.6644444465637207,246.85528898239136,0.5400731563568115,0.6644444465637207,246.85528898239136
nc_papers100m_195trainer_0hop_balanced_local_bs1024_800r,20260914_204924_ogbn-papers100M_FedAvg_bs1024_seed42_beta10000p0,ogbn-papers100M,FedAvg,1024,42,10000.0,382,validation,0.2636,3.2375,0.2636,3.2375,1146,0.11863255500793457,0.11863255500793457,0.5191361904144287,0.6377687454223633,247.49305772781372,0.5191361904144287,0.6377687454223633,247.49305772781372
nc_papers100m_195trainer_0hop_balanced_local_bs1024_800r,20260914_204924_ogbn-papers100M_FedAvg_bs1024_seed42_beta10000p0,ogbn-papers100M,FedAvg,1024,42,10000.0,383,validation,0.264,3.2359,0.264,3.2359,1149,0.1174612045288086,0.1174612045288086,0.513434648513794,0.6308958530426025,248.12395358085632,0.513434648513794,0.6308958530426025,248.12395358085632
nc_papers100m_195trainer_0hop_balanced_local_bs1024_800r,20260914_204924_ogbn-papers100M_FedAvg_bs1024_seed42_beta10000p0,ogbn-papers100M,FedAvg,1024,42,10000.0,384,validation,0.2641,3.2345,0.2641,3.2345,1152,0.11963987350463867,0.11963987350463867,0.534966230392456,0.6546061038970947,248.77855968475342,0.534966230392456,0.6546061038970947,248.77855968475342
nc_papers100m_195trainer_0hop_balanced_local_bs1024_800r,20260914_204924_ogbn-papers100M_FedAvg_bs1024_seed42_beta10000p0,ogbn-papers100M,FedAvg,1024,42,10000.0,385,validation,0.2641,3.233,0.2641,3.233,1155,0.12146806716918945,0.12146806716918945,0.5273208618164062,0.6487889289855957,249.427348613739,0.5273208618164062,0.6487889289855957,249.427348613739
nc_papers100m_195trainer_0hop_balanced_local_bs1024_800r,20260914_204924_ogbn-papers100M_FedAvg_bs1024_seed42_beta10000p0,ogbn-papers100M,FedAvg,1024,42,10000.0,386,validation,0.2644,3.2315,0.2644,3.2315,1158,0.12247347831726074,0.12247347831726074,0.5429613590240479,0.6654348373413086,250.09278345108032,0.5429613590240479,0.6654348373413086,250.09278345108032
nc_papers100m_195trainer_0hop_balanced_local_bs1024_800r,20260914_204924_ogbn-papers100M_FedAvg_bs1024_seed42_beta10000p0,ogbn-papers100M,FedAvg,1024,42,10000.0,387,validation,0.2645,3.2301,0.2645,3.2301,1161,0.12071490287780762,0.12071490287780762,0.5287950038909912,0.6495099067687988,250.74229335784912,0.5287950038909912,0.6495099067687988,250.74229335784912
nc_papers100m_195trainer_0hop_balanced_local_bs1024_800r,20260914_204924_ogbn-papers100M_FedAvg_bs1024_seed42_beta10000p0,ogbn-papers100M,FedAvg,1024,42,10000.0,388,validation,0.2647,3.2285,0.2647,3.2285,1164,0.11879229545593262,0.11879229545593262,0.5242447853088379,0.6430370807647705,251.3853304386139,0.5242447853088379,0.6430370807647705,251.3853304386139
nc_papers100m_195trainer_0hop_balanced_local_bs1024_800r,20260914_204924_ogbn-papers100M_FedAvg_bs1024_seed42_beta10000p0,ogbn-papers100M,FedAvg,1024,42,10000.0,389,validation,0.2649,3.2271,0.2649,3.2271,1167,0.11932897567749023,0.11932897567749023,0.5137119293212891,0.6330409049987793,252.01837134361267,0.5137119293212891,0.6330409049987793,252.01837134361267
nc_papers100m_195trainer_0hop_balanced_local_bs1024_800r,20260914_204924_ogbn-papers100M_FedAvg_bs1024_seed42_beta10000p0,ogbn-papers100M,FedAvg,1024,42,10000.0,390,validation,0.265,3.2256,0.265,3.2256,1170,0.11792421340942383,0.11792421340942383,0.5297136306762695,0.6476378440856934,252.66600918769836,0.5297136306762695,0.6476378440856934,252.66600918769836
nc_papers100m_195trainer_0hop_balanced_local_bs1024_800r,20260914_204924_ogbn-papers100M_FedAvg_bs1024_seed42_beta10000p0,ogbn-papers100M,FedAvg,1024,42,10000.0,391,validation,0.2651,3.2242,0.2651,3.2242,1173,0.11716961860656738,0.11716961860656738,0.5234344005584717,0.6406040191650391,253.3066132068634,0.5234344005584717,0.6406040191650391,253.3066132068634
nc_papers100m_195trainer_0hop_balanced_local_bs1024_800r,20260914_204924_ogbn-papers100M_FedAvg_bs1024_seed42_beta10000p0,ogbn-papers100M,FedAvg,1024,42,10000.0,392,validation,0.2652,3.2228,0.2652,3.2228,1176,0.12329959869384766,0.12329959869384766,0.5169625282287598,0.6402621269226074,253.946875333786,0.5169625282287598,0.6402621269226074,253.946875333786
nc_papers100m_195trainer_0hop_balanced_local_bs1024_800r,20260914_204924_ogbn-papers100M_FedAvg_bs1024_seed42_beta10000p0,ogbn-papers100M,FedAvg,1024,42,10000.0,393,validation,0.2652,3.2215,0.2652,3.2215,1179,0.11777591705322266,0.11777591705322266,0.5296099185943604,0.647385835647583,254.5942611694336,0.5296099185943604,0.647385835647583,254.5942611694336
nc_papers100m_195trainer_0hop_balanced_local_bs1024_800r,20260914_204924_ogbn-papers100M_FedAvg_bs1024_seed42_beta10000p0,ogbn-papers100M,FedAvg,1024,42,10000.0,394,validation,0.2655,3.22,0.2655,3.22,1182,0.11913251876831055,0.11913251876831055,0.523794412612915,0.6429269313812256,255.23718810081482,0.523794412612915,0.6429269313812256,255.23718810081482
nc_papers100m_195trainer_0hop_balanced_local_bs1024_800r,20260914_204924_ogbn-papers100M_FedAvg_bs1024_seed42_beta10000p0,ogbn-papers100M,FedAvg,1024,42,10000.0,395,validation,0.2656,3.2185,0.2656,3.2185,1185,0.11926817893981934,0.11926817893981934,0.5126183032989502,0.6318864822387695,255.8690745830536,0.5126183032989502,0.6318864822387695,255.8690745830536
nc_papers100m_195trainer_0hop_balanced_local_bs1024_800r,20260914_204924_ogbn-papers100M_FedAvg_bs1024_seed42_beta10000p0,ogbn-papers100M,FedAvg,1024,42,10000.0,396,validation,0.2657,3.2171,0.2657,3.2171,1188,0.11871719360351562,0.11871719360351562,0.5210673809051514,0.639784574508667,256.50885915756226,0.5210673809051514,0.639784574508667,256.50885915756226
nc_papers100m_195trainer_0hop_balanced_local_bs1024_800r,20260914_204924_ogbn-papers100M_FedAvg_bs1024_seed42_beta10000p0,ogbn-papers100M,FedAvg,1024,42,10000.0,397,validation,0.2659,3.2157,0.2659,3.2157,1191,0.12087798118591309,0.12087798118591309,0.526740312576294,0.647618293762207,257.15647745132446,0.526740312576294,0.647618293762207,257.15647745132446
nc_papers100m_195trainer_0hop_balanced_local_bs1024_800r,20260914_204924_ogbn-papers100M_FedAvg_bs1024_seed42_beta10000p0,ogbn-papers100M,FedAvg,1024,42,10000.0,398,validation,0.266,3.2145,0.266,3.2145,1194,0.12462759017944336,0.12462759017944336,0.5192217826843262,0.6438493728637695,257.80032682418823,0.5192217826843262,0.6438493728637695,257.80032682418823
nc_papers100m_195trainer_0hop_balanced_local_bs1024_800r,20260914_204924_ogbn-papers100M_FedAvg_bs1024_seed42_beta10000p0,ogbn-papers100M,FedAvg,1024,42,10000.0,399,validation,0.2662,3.2129,0.2662,3.2129,1197,0.11863970756530762,0.11863970756530762,0.5211405754089355,0.6397802829742432,258.4401071071625,0.5211405754089355,0.6397802829742432,258.4401071071625
nc_papers100m_195trainer_0hop_balanced_local_bs1024_800r,20260914_204924_ogbn-papers100M_FedAvg_bs1024_seed42_beta10000p0,ogbn-papers100M,FedAvg,1024,42,10000.0,400,validation,0.2663,3.2116,0.2663,3.2116,1200,0.11756515502929688,0.11756515502929688,0.5392804145812988,0.6568455696105957,259.09695267677307,0.5392804145812988,0.6568455696105957,259.09695267677307
nc_papers100m_195trainer_0hop_balanced_local_bs1024_800r,20260914_204924_ogbn-papers100M_FedAvg_bs1024_seed42_beta10000p0,ogbn-papers100M,FedAvg,1024,42,10000.0,401,validation,0.2665,3.2102,0.2665,3.2102,1203,0.11897706985473633,0.11897706985473633,0.5196928977966309,0.6386699676513672,259.73562264442444,0.5196928977966309,0.6386699676513672,259.73562264442444
nc_papers100m_195trainer_0hop_balanced_local_bs1024_800r,20260914_204924_ogbn-papers100M_FedAvg_bs1024_seed42_beta10000p0,ogbn-papers100M,FedAvg,1024,42,10000.0,402,validation,0.2668,3.2088,0.2668,3.2088,1206,0.1280043125152588,0.1280043125152588,0.5159978866577148,0.6440021991729736,260.3796248435974,0.5159978866577148,0.6440021991729736,260.3796248435974
nc_papers100m_195trainer_0hop_balanced_local_bs1024_800r,20260914_204924_ogbn-papers100M_FedAvg_bs1024_seed42_beta10000p0,ogbn-papers100M,FedAvg,1024,42,10000.0,403,validation,0.2671,3.2074,0.2671,3.2074,1209,0.12444138526916504,0.12444138526916504,0.5205049514770508,0.6449463367462158,261.0245711803436,0.5205049514770508,0.6449463367462158,261.0245711803436
nc_papers100m_195trainer_0hop_balanced_local_bs1024_800r,20260914_204924_ogbn-papers100M_FedAvg_bs1024_seed42_beta10000p0,ogbn-papers100M,FedAvg,1024,42,10000.0,404,validation,0.2671,3.2059,0.2671,3.2059,1212,0.11920166015625,0.11920166015625,0.5129361152648926,0.6321377754211426,261.65670895576477,0.5129361152648926,0.6321377754211426,261.65670895576477
nc_papers100m_195trainer_0hop_balanced_local_bs1024_800r,20260914_204924_ogbn-papers100M_FedAvg_bs1024_seed42_beta10000p0,ogbn-papers100M,FedAvg,1024,42,10000.0,405,validation,0.2674,3.2047,0.2674,3.2047,1215,0.12361788749694824,0.12361788749694824,0.5155868530273438,0.639204740524292,262.29591369628906,0.5155868530273438,0.639204740524292,262.29591369628906
nc_papers100m_195trainer_0hop_balanced_local_bs1024_800r,20260914_204924_ogbn-papers100M_FedAvg_bs1024_seed42_beta10000p0,ogbn-papers100M,FedAvg,1024,42,10000.0,406,validation,0.2675,3.2033,0.2675,3.2033,1218,0.1190493106842041,0.1190493106842041,0.5253303050994873,0.6443796157836914,262.94029331207275,0.5253303050994873,0.6443796157836914,262.94029331207275
nc_papers100m_195trainer_0hop_balanced_local_bs1024_800r,20260914_204924_ogbn-papers100M_FedAvg_bs1024_seed42_beta10000p0,ogbn-papers100M,FedAvg,1024,42,10000.0,407,validation,0.2678,3.202,0.2678,3.202,1221,0.12053179740905762,0.12053179740905762,0.5213658809661865,0.6418976783752441,263.582190990448,0.5213658809661865,0.6418976783752441,263.582190990448
nc_papers100m_195trainer_0hop_balanced_local_bs1024_800r,20260914_204924_ogbn-papers100M_FedAvg_bs1024_seed42_beta10000p0,ogbn-papers100M,FedAvg,1024,42,10000.0,408,validation,0.2679,3.2005,0.2679,3.2005,1224,0.12458515167236328,0.12458515167236328,0.5147218704223633,0.6393070220947266,264.2214980125427,0.5147218704223633,0.6393070220947266,264.2214980125427
nc_papers100m_195trainer_0hop_balanced_local_bs1024_800r,20260914_204924_ogbn-papers100M_FedAvg_bs1024_seed42_beta10000p0,ogbn-papers100M,FedAvg,1024,42,10000.0,409,validation,0.2681,3.1989,0.2681,3.1989,1227,0.12231159210205078,0.12231159210205078,0.5241787433624268,0.6464903354644775,264.8679883480072,0.5241787433624268,0.6464903354644775,264.8679883480072
nc_papers100m_195trainer_0hop_balanced_local_bs1024_800r,20260914_204924_ogbn-papers100M_FedAvg_bs1024_seed42_beta10000p0,ogbn-papers100M,FedAvg,1024,42,10000.0,410,validation,0.2682,3.1975,0.2682,3.1975,1230,0.12339353561401367,0.12339353561401367,0.5113098621368408,0.6347033977508545,265.50269174575806,0.5113098621368408,0.6347033977508545,265.50269174575806
nc_papers100m_195trainer_0hop_balanced_local_bs1024_800r,20260914_204924_ogbn-papers100M_FedAvg_bs1024_seed42_beta10000p0,ogbn-papers100M,FedAvg,1024,42,10000.0,411,validation,0.2683,3.1963,0.2683,3.1963,1233,0.11956095695495605,0.11956095695495605,0.5256469249725342,0.6452078819274902,266.14789962768555,0.5256469249725342,0.6452078819274902,266.14789962768555
nc_papers100m_195trainer_0hop_balanced_local_bs1024_800r,20260914_204924_ogbn-papers100M_FedAvg_bs1024_seed42_beta10000p0,ogbn-papers100M,FedAvg,1024,42,10000.0,412,validation,0.2685,3.195,0.2685,3.195,1236,0.11852169036865234,0.11852169036865234,0.5308051109313965,0.6493268013000488,266.7972264289856,0.5308051109313965,0.6493268013000488,266.7972264289856
nc_papers100m_195trainer_0hop_balanced_local_bs1024_800r,20260914_204924_ogbn-papers100M_FedAvg_bs1024_seed42_beta10000p0,ogbn-papers100M,FedAvg,1024,42,10000.0,413,validation,0.2688,3.1935,0.2688,3.1935,1239,0.12030315399169922,0.12030315399169922,0.528040885925293,0.6483440399169922,267.4455704689026,0.528040885925293,0.6483440399169922,267.4455704689026
nc_papers100m_195trainer_0hop_balanced_local_bs1024_800r,20260914_204924_ogbn-papers100M_FedAvg_bs1024_seed42_beta10000p0,ogbn-papers100M,FedAvg,1024,42,10000.0,414,validation,0.269,3.1924,0.269,3.1924,1242,0.11983013153076172,0.11983013153076172,0.5314631462097168,0.6512932777404785,268.09686374664307,0.5314631462097168,0.6512932777404785,268.09686374664307
nc_papers100m_195trainer_0hop_balanced_local_bs1024_800r,20260914_204924_ogbn-papers100M_FedAvg_bs1024_seed42_beta10000p0,ogbn-papers100M,FedAvg,1024,42,10000.0,415,validation,0.2692,3.1911,0.2692,3.1911,1245,0.12362980842590332,0.12362980842590332,0.5547523498535156,0.678382158279419,268.7752459049225,0.5547523498535156,0.678382158279419,268.7752459049225
nc_papers100m_195trainer_0hop_balanced_local_bs1024_800r,20260914_204924_ogbn-papers100M_FedAvg_bs1024_seed42_beta10000p0,ogbn-papers100M,FedAvg,1024,42,10000.0,416,validation,0.2694,3.1899,0.2694,3.1899,1248,0.1179807186126709,0.1179807186126709,0.5276036262512207,0.6455843448638916,269.4208302497864,0.5276036262512207,0.6455843448638916,269.4208302497864
nc_papers100m_195trainer_0hop_balanced_local_bs1024_800r,20260914_204924_ogbn-papers100M_FedAvg_bs1024_seed42_beta10000p0,ogbn-papers100M,FedAvg,1024,42,10000.0,417,validation,0.2696,3.1884,0.2696,3.1884,1251,0.12160086631774902,0.12160086631774902,0.5276663303375244,0.6492671966552734,270.07009744644165,0.5276663303375244,0.6492671966552734,270.07009744644165
nc_papers100m_195trainer_0hop_balanced_local_bs1024_800r,20260914_204924_ogbn-papers100M_FedAvg_bs1024_seed42_beta10000p0,ogbn-papers100M,FedAvg,1024,42,10000.0,418,validation,0.2698,3.1868,0.2698,3.1868,1254,0.11849498748779297,0.11849498748779297,0.5356960296630859,0.6541910171508789,270.72428846359253,0.5356960296630859,0.6541910171508789,270.72428846359253
nc_papers100m_195trainer_0hop_balanced_local_bs1024_800r,20260914_204924_ogbn-papers100M_FedAvg_bs1024_seed42_beta10000p0,ogbn-papers100M,FedAvg,1024,42,10000.0,419,validation,0.27,3.1855,0.27,3.1855,1257,0.12080168724060059,0.12080168724060059,0.526940107345581,0.6477417945861816,271.3720302581787,0.526940107345581,0.6477417945861816,271.3720302581787
nc_papers100m_195trainer_0hop_balanced_local_bs1024_800r,20260914_204924_ogbn-papers100M_FedAvg_bs1024_seed42_beta10000p0,ogbn-papers100M,FedAvg,1024,42,10000.0,420,validation,0.2703,3.1841,0.2703,3.1841,1260,0.11843395233154297,0.11843395233154297,0.5161128044128418,0.6345467567443848,272.0065770149231,0.5161128044128418,0.6345467567443848,272.0065770149231
nc_papers100m_195trainer_0hop_balanced_local_bs1024_800r,20260914_204924_ogbn-papers100M_FedAvg_bs1024_seed42_beta10000p0,ogbn-papers100M,FedAvg,1024,42,10000.0,421,validation,0.2703,3.1828,0.2703,3.1828,1263,0.12506532669067383,0.12506532669067383,0.5167262554168701,0.641791582107544,272.64836859703064,0.5167262554168701,0.641791582107544,272.64836859703064
nc_papers100m_195trainer_0hop_balanced_local_bs1024_800r,20260914_204924_ogbn-papers100M_FedAvg_bs1024_seed42_beta10000p0,ogbn-papers100M,FedAvg,1024,42,10000.0,422,validation,0.2704,3.1813,0.2704,3.1813,1266,0.11706972122192383,0.11706972122192383,0.5196146965026855,0.6366844177246094,273.28505301475525,0.5196146965026855,0.6366844177246094,273.28505301475525
nc_papers100m_195trainer_0hop_balanced_local_bs1024_800r,20260914_204924_ogbn-papers100M_FedAvg_bs1024_seed42_beta10000p0,ogbn-papers100M,FedAvg,1024,42,10000.0,423,validation,0.2705,3.1802,0.2705,3.1802,1269,0.12153196334838867,0.12153196334838867,0.5236470699310303,0.645179033279419,273.93023204803467,0.5236470699310303,0.645179033279419,273.93023204803467
nc_papers100m_195trainer_0hop_balanced_local_bs1024_800r,20260914_204924_ogbn-papers100M_FedAvg_bs1024_seed42_beta10000p0,ogbn-papers100M,FedAvg,1024,42,10000.0,424,validation,0.2708,3.179,0.2708,3.179,1272,0.12183809280395508,0.12183809280395508,0.5202019214630127,0.6420400142669678,274.57227206230164,0.5202019214630127,0.6420400142669678,274.57227206230164
nc_papers100m_195trainer_0hop_balanced_local_bs1024_800r,20260914_204924_ogbn-papers100M_FedAvg_bs1024_seed42_beta10000p0,ogbn-papers100M,FedAvg,1024,42,10000.0,425,validation,0.2708,3.1775,0.2708,3.1775,1275,0.11949753761291504,0.11949753761291504,0.5242829322814941,0.6437804698944092,275.21605253219604,0.5242829322814941,0.6437804698944092,275.21605253219604
nc_papers100m_195trainer_0hop_balanced_local_bs1024_800r,20260914_204924_ogbn-papers100M_FedAvg_bs1024_seed42_beta10000p0,ogbn-papers100M,FedAvg,1024,42,10000.0,426,validation,0.2709,3.1761,0.2709,3.1761,1278,0.12193989753723145,0.12193989753723145,0.515639066696167,0.6375789642333984,275.85363149642944,0.515639066696167,0.6375789642333984,275.85363149642944
nc_papers100m_195trainer_0hop_balanced_local_bs1024_800r,20260914_204924_ogbn-papers100M_FedAvg_bs1024_seed42_beta10000p0,ogbn-papers100M,FedAvg,1024,42,10000.0,427,validation,0.2711,3.1748,0.2711,3.1748,1281,0.12367129325866699,0.12367129325866699,0.5237436294555664,0.6474149227142334,276.5010464191437,0.5237436294555664,0.6474149227142334,276.5010464191437
nc_papers100m_195trainer_0hop_balanced_local_bs1024_800r,20260914_204924_ogbn-papers100M_FedAvg_bs1024_seed42_beta10000p0,ogbn-papers100M,FedAvg,1024,42,10000.0,428,validation,0.2713,3.1736,0.2713,3.1736,1284,0.11657500267028809,0.11657500267028809,0.5096108913421631,0.6261858940124512,277.1272323131561,0.5096108913421631,0.6261858940124512,277.1272323131561
nc_papers100m_195trainer_0hop_balanced_local_bs1024_800r,20260914_204924_ogbn-papers100M_FedAvg_bs1024_seed42_beta10000p0,ogbn-papers100M,FedAvg,1024,42,10000.0,429,validation,0.2715,3.172,0.2715,3.172,1287,0.1199347972869873,0.1199347972869873,0.5619511604309082,0.6818859577178955,277.809118270874,0.5619511604309082,0.6818859577178955,277.809118270874
nc_papers100m_195trainer_0hop_balanced_local_bs1024_800r,20260914_204924_ogbn-papers100M_FedAvg_bs1024_seed42_beta10000p0,ogbn-papers100M,FedAvg,1024,42,10000.0,430,validation,0.2718,3.1707,0.2718,3.1707,1290,0.12442278861999512,0.12442278861999512,0.5133507251739502,0.6377735137939453,278.44689178466797,0.5133507251739502,0.6377735137939453,278.44689178466797
nc_papers100m_195trainer_0hop_balanced_local_bs1024_800r,20260914_204924_ogbn-papers100M_FedAvg_bs1024_seed42_beta10000p0,ogbn-papers100M,FedAvg,1024,42,10000.0,431,validation,0.272,3.1695,0.272,3.1695,1293,0.12066221237182617,0.12066221237182617,0.5278754234313965,0.6485376358032227,279.0954294204712,0.5278754234313965,0.6485376358032227,279.0954294204712
nc_papers100m_195trainer_0hop_balanced_local_bs1024_800r,20260914_204924_ogbn-papers100M_FedAvg_bs1024_seed42_beta10000p0,ogbn-papers100M,FedAvg,1024,42,10000.0,432,validation,0.2722,3.1683,0.2722,3.1683,1296,0.11864209175109863,0.11864209175109863,0.5187389850616455,0.6373810768127441,279.73281049728394,0.5187389850616455,0.6373810768127441,279.73281049728394
nc_papers100m_195trainer_0hop_balanced_local_bs1024_800r,20260914_204924_ogbn-papers100M_FedAvg_bs1024_seed42_beta10000p0,ogbn-papers100M,FedAvg,1024,42,10000.0,433,validation,0.2723,3.1672,0.2723,3.1672,1299,0.11882209777832031,0.11882209777832031,0.5131540298461914,0.6319761276245117,280.36478662490845,0.5131540298461914,0.6319761276245117,280.36478662490845
nc_papers100m_195trainer_0hop_balanced_local_bs1024_800r,20260914_204924_ogbn-papers100M_FedAvg_bs1024_seed42_beta10000p0,ogbn-papers100M,FedAvg,1024,42,10000.0,434,validation,0.2725,3.166,0.2725,3.166,1302,0.11992931365966797,0.11992931365966797,0.509763240814209,0.629692554473877,280.9944791793823,0.509763240814209,0.629692554473877,280.9944791793823
nc_papers100m_195trainer_0hop_balanced_local_bs1024_800r,20260914_204924_ogbn-papers100M_FedAvg_bs1024_seed42_beta10000p0,ogbn-papers100M,FedAvg,1024,42,10000.0,435,validation,0.2725,3.1648,0.2725,3.1648,1305,0.11967325210571289,0.11967325210571289,0.5140728950500488,0.6337461471557617,281.6282253265381,0.5140728950500488,0.6337461471557617,281.6282253265381
nc_papers100m_195trainer_0hop_balanced_local_bs1024_800r,20260914_204924_ogbn-papers100M_FedAvg_bs1024_seed42_beta10000p0,ogbn-papers100M,FedAvg,1024,42,10000.0,436,validation,0.2727,3.1634,0.2727,3.1634,1308,0.12444138526916504,0.12444138526916504,0.5162570476531982,0.6406984329223633,282.26892375946045,0.5162570476531982,0.6406984329223633,282.26892375946045
nc_papers100m_195trainer_0hop_balanced_local_bs1024_800r,20260914_204924_ogbn-papers100M_FedAvg_bs1024_seed42_beta10000p0,ogbn-papers100M,FedAvg,1024,42,10000.0,437,validation,0.2728,3.1622,0.2728,3.1622,1311,0.11718273162841797,0.11718273162841797,0.5275356769561768,0.6447184085845947,282.91364216804504,0.5275356769561768,0.6447184085845947,282.91364216804504
nc_papers100m_195trainer_0hop_balanced_local_bs1024_800r,20260914_204924_ogbn-papers100M_FedAvg_bs1024_seed42_beta10000p0,ogbn-papers100M,FedAvg,1024,42,10000.0,438,validation,0.2731,3.1609,0.2731,3.1609,1314,0.12065768241882324,0.12065768241882324,0.5061345100402832,0.6267921924591064,283.54043436050415,0.5061345100402832,0.6267921924591064,283.54043436050415
nc_papers100m_195trainer_0hop_balanced_local_bs1024_800r,20260914_204924_ogbn-papers100M_FedAvg_bs1024_seed42_beta10000p0,ogbn-papers100M,FedAvg,1024,42,10000.0,439,validation,0.2732,3.1597,0.2732,3.1597,1317,0.12047505378723145,0.12047505378723145,0.5231528282165527,0.6436278820037842,284.18406224250793,0.5231528282165527,0.6436278820037842,284.18406224250793
nc_papers100m_195trainer_0hop_balanced_local_bs1024_800r,20260914_204924_ogbn-papers100M_FedAvg_bs1024_seed42_beta10000p0,ogbn-papers100M,FedAvg,1024,42,10000.0,440,validation,0.2732,3.1584,0.2732,3.1584,1320,0.11982464790344238,0.11982464790344238,0.5291609764099121,0.6489856243133545,284.8330478668213,0.5291609764099121,0.6489856243133545,284.8330478668213
nc_papers100m_195trainer_0hop_balanced_local_bs1024_800r,20260914_204924_ogbn-papers100M_FedAvg_bs1024_seed42_beta10000p0,ogbn-papers100M,FedAvg,1024,42,10000.0,441,validation,0.2735,3.1571,0.2735,3.1571,1323,0.12381792068481445,0.12381792068481445,0.5297706127166748,0.6535885334014893,285.4866364002228,0.5297706127166748,0.6535885334014893,285.4866364002228
nc_papers100m_195trainer_0hop_balanced_local_bs1024_800r,20260914_204924_ogbn-papers100M_FedAvg_bs1024_seed42_beta10000p0,ogbn-papers100M,FedAvg,1024,42,10000.0,442,validation,0.2735,3.1557,0.2735,3.1557,1326,0.11864662170410156,0.11864662170410156,0.5178697109222412,0.6365163326263428,286.1231527328491,0.5178697109222412,0.6365163326263428,286.1231527328491
nc_papers100m_195trainer_0hop_balanced_local_bs1024_800r,20260914_204924_ogbn-papers100M_FedAvg_bs1024_seed42_beta10000p0,ogbn-papers100M,FedAvg,1024,42,10000.0,443,validation,0.2738,3.1546,0.2738,3.1546,1329,0.11771011352539062,0.11771011352539062,0.5403897762298584,0.658099889755249,286.78125262260437,0.5403897762298584,0.658099889755249,286.78125262260437
nc_papers100m_195trainer_0hop_balanced_local_bs1024_800r,20260914_204924_ogbn-papers100M_FedAvg_bs1024_seed42_beta10000p0,ogbn-papers100M,FedAvg,1024,42,10000.0,444,validation,0.274,3.1532,0.274,3.1532,1332,0.12006020545959473,0.12006020545959473,0.5268452167510986,0.6469054222106934,287.42815804481506,0.5268452167510986,0.6469054222106934,287.42815804481506
nc_papers100m_195trainer_0hop_balanced_local_bs1024_800r,20260914_204924_ogbn-papers100M_FedAvg_bs1024_seed42_beta10000p0,ogbn-papers100M,FedAvg,1024,42,10000.0,445,validation,0.2741,3.1522,0.2741,3.1522,1335,0.1205289363861084,0.1205289363861084,0.5154221057891846,0.635951042175293,288.06410908699036,0.5154221057891846,0.635951042175293,288.06410908699036
nc_papers100m_195trainer_0hop_balanced_local_bs1024_800r,20260914_204924_ogbn-papers100M_FedAvg_bs1024_seed42_beta10000p0,ogbn-papers100M,FedAvg,1024,42,10000.0,446,validation,0.2741,3.1511,0.2741,3.1511,1338,0.12075519561767578,0.12075519561767578,0.5331583023071289,0.6539134979248047,288.71802258491516,0.5331583023071289,0.6539134979248047,288.71802258491516
nc_papers100m_195trainer_0hop_balanced_local_bs1024_800r,20260914_204924_ogbn-papers100M_FedAvg_bs1024_seed42_beta10000p0,ogbn-papers100M,FedAvg,1024,42,10000.0,447,validation,0.2744,3.1499,0.2744,3.1499,1341,0.11887335777282715,0.11887335777282715,0.5170929431915283,0.6359663009643555,289.3539888858795,0.5170929431915283,0.6359663009643555,289.3539888858795
nc_papers100m_195trainer_0hop_balanced_local_bs1024_800r,20260914_204924_ogbn-papers100M_FedAvg_bs1024_seed42_beta10000p0,ogbn-papers100M,FedAvg,1024,42,10000.0,448,validation,0.2745,3.1484,0.2745,3.1484,1344,0.11856651306152344,0.11856651306152344,0.5067284107208252,0.6252949237823486,289.97928380966187,0.5067284107208252,0.6252949237823486,289.97928380966187
nc_papers100m_195trainer_0hop_balanced_local_bs1024_800r,20260914_204924_ogbn-papers100M_FedAvg_bs1024_seed42_beta10000p0,ogbn-papers100M,FedAvg,1024,42,10000.0,449,validation,0.2746,3.147,0.2746,3.147,1347,0.12164616584777832,0.12164616584777832,0.5178930759429932,0.6395392417907715,290.61882305145264,0.5178930759429932,0.6395392417907715,290.61882305145264
nc_papers100m_195trainer_0hop_balanced_local_bs1024_800r,20260914_204924_ogbn-papers100M_FedAvg_bs1024_seed42_beta10000p0,ogbn-papers100M,FedAvg,1024,42,10000.0,450,validation,0.2746,3.1459,0.2746,3.1459,1350,0.12053561210632324,0.12053561210632324,0.5158541202545166,0.6363897323608398,291.2552127838135,0.5158541202545166,0.6363897323608398,291.2552127838135
nc_papers100m_195trainer_0hop_balanced_local_bs1024_800r,20260914_204924_ogbn-papers100M_FedAvg_bs1024_seed42_beta10000p0,ogbn-papers100M,FedAvg,1024,42,10000.0,451,validation,0.2749,3.1447,0.2749,3.1447,1353,0.1202232837677002,0.1202232837677002,0.5242061614990234,0.6444294452667236,291.8996422290802,0.5242061614990234,0.6444294452667236,291.8996422290802
nc_papers100m_195trainer_0hop_balanced_local_bs1024_800r,20260914_204924_ogbn-papers100M_FedAvg_bs1024_seed42_beta10000p0,ogbn-papers100M,FedAvg,1024,42,10000.0,452,validation,0.2751,3.1435,0.2751,3.1435,1356,0.11984848976135254,0.11984848976135254,0.5357651710510254,0.6556136608123779,292.5552558898926,0.5357651710510254,0.6556136608123779,292.5552558898926
nc_papers100m_195trainer_0hop_balanced_local_bs1024_800r,20260914_204924_ogbn-papers100M_FedAvg_bs1024_seed42_beta10000p0,ogbn-papers100M,FedAvg,1024,42,10000.0,453,validation,0.2751,3.1426,0.2751,3.1426,1359,0.11748600006103516,0.11748600006103516,0.5209658145904541,0.6384518146514893,293.19370770454407,0.5209658145904541,0.6384518146514893,293.19370770454407
nc_papers100m_195trainer_0hop_balanced_local_bs1024_800r,20260914_204924_ogbn-papers100M_FedAvg_bs1024_seed42_beta10000p0,ogbn-papers100M,FedAvg,1024,42,10000.0,454,validation,0.2755,3.1412,0.2755,3.1412,1362,0.11883783340454102,0.11883783340454102,0.5142290592193604,0.6330668926239014,293.82677459716797,0.5142290592193604,0.6330668926239014,293.82677459716797
nc_papers100m_195trainer_0hop_balanced_local_bs1024_800r,20260914_204924_ogbn-papers100M_FedAvg_bs1024_seed42_beta10000p0,ogbn-papers100M,FedAvg,1024,42,10000.0,455,validation,0.2756,3.14,0.2756,3.14,1365,0.11913633346557617,0.11913633346557617,0.5225539207458496,0.6416902542114258,294.4684648513794,0.5225539207458496,0.6416902542114258,294.4684648513794
nc_papers100m_195trainer_0hop_balanced_local_bs1024_800r,20260914_204924_ogbn-papers100M_FedAvg_bs1024_seed42_beta10000p0,ogbn-papers100M,FedAvg,1024,42,10000.0,456,validation,0.2758,3.1388,0.2758,3.1388,1368,0.1197195053100586,0.1197195053100586,0.5143249034881592,0.6340444087982178,295.1025092601776,0.5143249034881592,0.6340444087982178,295.1025092601776
nc_papers100m_195trainer_0hop_balanced_local_bs1024_800r,20260914_204924_ogbn-papers100M_FedAvg_bs1024_seed42_beta10000p0,ogbn-papers100M,FedAvg,1024,42,10000.0,457,validation,0.276,3.1378,0.276,3.1378,1371,0.11922001838684082,0.11922001838684082,0.508206844329834,0.6274268627166748,295.7299361228943,0.508206844329834,0.6274268627166748,295.7299361228943
nc_papers100m_195trainer_0hop_balanced_local_bs1024_800r,20260914_204924_ogbn-papers100M_FedAvg_bs1024_seed42_beta10000p0,ogbn-papers100M,FedAvg,1024,42,10000.0,458,validation,0.2763,3.1365,0.2763,3.1365,1374,0.12023234367370605,0.12023234367370605,0.5440590381622314,0.6642913818359375,296.3942275047302,0.5440590381622314,0.6642913818359375,296.3942275047302
nc_papers100m_195trainer_0hop_balanced_local_bs1024_800r,20260914_204924_ogbn-papers100M_FedAvg_bs1024_seed42_beta10000p0,ogbn-papers100M,FedAvg,1024,42,10000.0,459,validation,0.2765,3.1352,0.2765,3.1352,1377,0.12043476104736328,0.12043476104736328,0.5198218822479248,0.6402566432952881,297.0344841480255,0.5198218822479248,0.6402566432952881,297.0344841480255
nc_papers100m_195trainer_0hop_balanced_local_bs1024_800r,20260914_204924_ogbn-papers100M_FedAvg_bs1024_seed42_beta10000p0,ogbn-papers100M,FedAvg,1024,42,10000.0,460,validation,0.2766,3.134,0.2766,3.134,1380,0.11940407752990723,0.11940407752990723,0.5080301761627197,0.627434253692627,297.66191840171814,0.5080301761627197,0.627434253692627,297.66191840171814
nc_papers100m_195trainer_0hop_balanced_local_bs1024_800r,20260914_204924_ogbn-papers100M_FedAvg_bs1024_seed42_beta10000p0,ogbn-papers100M,FedAvg,1024,42,10000.0,461,validation,0.2767,3.1327,0.2767,3.1327,1383,0.12660598754882812,0.12660598754882812,0.5153026580810547,0.6419086456298828,298.303827047348,0.5153026580810547,0.6419086456298828,298.303827047348
nc_papers100m_195trainer_0hop_balanced_local_bs1024_800r,20260914_204924_ogbn-papers100M_FedAvg_bs1024_seed42_beta10000p0,ogbn-papers100M,FedAvg,1024,42,10000.0,462,validation,0.2768,3.1315,0.2768,3.1315,1386,0.12050056457519531,0.12050056457519531,0.5097360610961914,0.6302366256713867,298.9340636730194,0.5097360610961914,0.6302366256713867,298.9340636730194
nc_papers100m_195trainer_0hop_balanced_local_bs1024_800r,20260914_204924_ogbn-papers100M_FedAvg_bs1024_seed42_beta10000p0,ogbn-papers100M,FedAvg,1024,42,10000.0,463,validation,0.277,3.1302,0.277,3.1302,1389,0.12065601348876953,0.12065601348876953,0.511664867401123,0.6323208808898926,299.5663845539093,0.511664867401123,0.6323208808898926,299.5663845539093
nc_papers100m_195trainer_0hop_balanced_local_bs1024_800r,20260914_204924_ogbn-papers100M_FedAvg_bs1024_seed42_beta10000p0,ogbn-papers100M,FedAvg,1024,42,10000.0,464,validation,0.2771,3.1293,0.2771,3.1293,1392,0.1250004768371582,0.1250004768371582,0.5111639499664307,0.6361644268035889,300.2025489807129,0.5111639499664307,0.6361644268035889,300.2025489807129
nc_papers100m_195trainer_0hop_balanced_local_bs1024_800r,20260914_204924_ogbn-papers100M_FedAvg_bs1024_seed42_beta10000p0,ogbn-papers100M,FedAvg,1024,42,10000.0,465,validation,0.2774,3.128,0.2774,3.128,1395,0.11782121658325195,0.11782121658325195,0.5196077823638916,0.6374289989471436,300.83997797966003,0.5196077823638916,0.6374289989471436,300.83997797966003
nc_papers100m_195trainer_0hop_balanced_local_bs1024_800r,20260914_204924_ogbn-papers100M_FedAvg_bs1024_seed42_beta10000p0,ogbn-papers100M,FedAvg,1024,42,10000.0,466,validation,0.2775,3.1268,0.2775,3.1268,1398,0.12017560005187988,0.12017560005187988,0.5077190399169922,0.6278946399688721,301.4678726196289,0.5077190399169922,0.6278946399688721,301.4678726196289
nc_papers100m_195trainer_0hop_balanced_local_bs1024_800r,20260914_204924_ogbn-papers100M_FedAvg_bs1024_seed42_beta10000p0,ogbn-papers100M,FedAvg,1024,42,10000.0,467,validation,0.2777,3.1256,0.2777,3.1256,1401,0.12225222587585449,0.12225222587585449,0.5150232315063477,0.6372754573822021,302.1051480770111,0.5150232315063477,0.6372754573822021,302.1051480770111
nc_papers100m_195trainer_0hop_balanced_local_bs1024_800r,20260914_204924_ogbn-papers100M_FedAvg_bs1024_seed42_beta10000p0,ogbn-papers100M,FedAvg,1024,42,10000.0,468,validation,0.2775,3.1244,0.2775,3.1244,1404,0.11855554580688477,0.11855554580688477,0.5215845108032227,0.6401400566101074,302.7452881336212,0.5215845108032227,0.6401400566101074,302.7452881336212
nc_papers100m_195trainer_0hop_balanced_local_bs1024_800r,20260914_204924_ogbn-papers100M_FedAvg_bs1024_seed42_beta10000p0,ogbn-papers100M,FedAvg,1024,42,10000.0,469,validation,0.2779,3.1233,0.2779,3.1233,1407,0.12022614479064941,0.12022614479064941,0.5158965587615967,0.6361227035522461,303.38141083717346,0.5158965587615967,0.6361227035522461,303.38141083717346
nc_papers100m_195trainer_0hop_balanced_local_bs1024_800r,20260914_204924_ogbn-papers100M_FedAvg_bs1024_seed42_beta10000p0,ogbn-papers100M,FedAvg,1024,42,10000.0,470,validation,0.2781,3.122,0.2781,3.122,1410,0.12740302085876465,0.12740302085876465,0.5160186290740967,0.6434216499328613,304.0248324871063,0.5160186290740967,0.6434216499328613,304.0248324871063
nc_papers100m_195trainer_0hop_balanced_local_bs1024_800r,20260914_204924_ogbn-papers100M_FedAvg_bs1024_seed42_beta10000p0,ogbn-papers100M,FedAvg,1024,42,10000.0,471,validation,0.2783,3.1209,0.2783,3.1209,1413,0.11777424812316895,0.11777424812316895,0.5213985443115234,0.6391727924346924,304.664005279541,0.5213985443115234,0.6391727924346924,304.664005279541
nc_papers100m_195trainer_0hop_balanced_local_bs1024_800r,20260914_204924_ogbn-papers100M_FedAvg_bs1024_seed42_beta10000p0,ogbn-papers100M,FedAvg,1024,42,10000.0,472,validation,0.2785,3.1198,0.2785,3.1198,1416,0.1193239688873291,0.1193239688873291,0.5283143520355225,0.6476383209228516,305.31164360046387,0.5283143520355225,0.6476383209228516,305.31164360046387
nc_papers100m_195trainer_0hop_balanced_local_bs1024_800r,20260914_204924_ogbn-papers100M_FedAvg_bs1024_seed42_beta10000p0,ogbn-papers100M,FedAvg,1024,42,10000.0,473,validation,0.2786,3.1186,0.2786,3.1186,1419,0.11855053901672363,0.11855053901672363,0.541600227355957,0.6601507663726807,305.97179436683655,0.541600227355957,0.6601507663726807,305.97179436683655
nc_papers100m_195trainer_0hop_balanced_local_bs1024_800r,20260914_204924_ogbn-papers100M_FedAvg_bs1024_seed42_beta10000p0,ogbn-papers100M,FedAvg,1024,42,10000.0,474,validation,0.2788,3.1173,0.2788,3.1173,1422,0.12563133239746094,0.12563133239746094,0.5223157405853271,0.6479470729827881,306.61974143981934,0.5223157405853271,0.6479470729827881,306.61974143981934
nc_papers100m_195trainer_0hop_balanced_local_bs1024_800r,20260914_204924_ogbn-papers100M_FedAvg_bs1024_seed42_beta10000p0,ogbn-papers100M,FedAvg,1024,42,10000.0,475,validation,0.2788,3.1162,0.2788,3.1162,1425,0.12237739562988281,0.12237739562988281,0.5074038505554199,0.6297812461853027,307.24952268600464,0.5074038505554199,0.6297812461853027,307.24952268600464
nc_papers100m_195trainer_0hop_balanced_local_bs1024_800r,20260914_204924_ogbn-papers100M_FedAvg_bs1024_seed42_beta10000p0,ogbn-papers100M,FedAvg,1024,42,10000.0,476,validation,0.2791,3.115,0.2791,3.115,1428,0.12118959426879883,0.12118959426879883,0.5129163265228271,0.634105920791626,307.88362860679626,0.5129163265228271,0.634105920791626,307.88362860679626
nc_papers100m_195trainer_0hop_balanced_local_bs1024_800r,20260914_204924_ogbn-papers100M_FedAvg_bs1024_seed42_beta10000p0,ogbn-papers100M,FedAvg,1024,42,10000.0,477,validation,0.2792,3.114,0.2792,3.114,1431,0.12187337875366211,0.12187337875366211,0.5197947025299072,0.6416680812835693,308.52529668807983,0.5197947025299072,0.6416680812835693,308.52529668807983
nc_papers100m_195trainer_0hop_balanced_local_bs1024_800r,20260914_204924_ogbn-papers100M_FedAvg_bs1024_seed42_beta10000p0,ogbn-papers100M,FedAvg,1024,42,10000.0,478,validation,0.2793,3.1129,0.2793,3.1129,1434,0.11952638626098633,0.11952638626098633,0.5178043842315674,0.6373307704925537,309.1626274585724,0.5178043842315674,0.6373307704925537,309.1626274585724
nc_papers100m_195trainer_0hop_balanced_local_bs1024_800r,20260914_204924_ogbn-papers100M_FedAvg_bs1024_seed42_beta10000p0,ogbn-papers100M,FedAvg,1024,42,10000.0,479,validation,0.2796,3.1117,0.2796,3.1117,1437,0.11986446380615234,0.11986446380615234,0.5090978145599365,0.6289622783660889,309.7915897369385,0.5090978145599365,0.6289622783660889,309.7915897369385
nc_papers100m_195trainer_0hop_balanced_local_bs1024_800r,20260914_204924_ogbn-papers100M_FedAvg_bs1024_seed42_beta10000p0,ogbn-papers100M,FedAvg,1024,42,10000.0,480,validation,0.2798,3.1106,0.2798,3.1106,1440,0.12011432647705078,0.12011432647705078,0.5219066143035889,0.6420209407806396,310.4336106777191,0.5219066143035889,0.6420209407806396,310.4336106777191
nc_papers100m_195trainer_0hop_balanced_local_bs1024_800r,20260914_204924_ogbn-papers100M_FedAvg_bs1024_seed42_beta10000p0,ogbn-papers100M,FedAvg,1024,42,10000.0,481,validation,0.2799,3.1097,0.2799,3.1097,1443,0.11804366111755371,0.11804366111755371,0.5242888927459717,0.6423325538635254,311.07594323158264,0.5242888927459717,0.6423325538635254,311.07594323158264
nc_papers100m_195trainer_0hop_balanced_local_bs1024_800r,20260914_204924_ogbn-papers100M_FedAvg_bs1024_seed42_beta10000p0,ogbn-papers100M,FedAvg,1024,42,10000.0,482,validation,0.2801,3.1087,0.2801,3.1087,1446,0.11940193176269531,0.11940193176269531,0.5134172439575195,0.6328191757202148,311.70876240730286,0.5134172439575195,0.6328191757202148,311.70876240730286
nc_papers100m_195trainer_0hop_balanced_local_bs1024_800r,20260914_204924_ogbn-papers100M_FedAvg_bs1024_seed42_beta10000p0,ogbn-papers100M,FedAvg,1024,42,10000.0,483,validation,0.28,3.1074,0.28,3.1074,1449,0.11907815933227539,0.11907815933227539,0.5263767242431641,0.6454548835754395,312.3542172908783,0.5263767242431641,0.6454548835754395,312.3542172908783
nc_papers100m_195trainer_0hop_balanced_local_bs1024_800r,20260914_204924_ogbn-papers100M_FedAvg_bs1024_seed42_beta10000p0,ogbn-papers100M,FedAvg,1024,42,10000.0,484,validation,0.2803,3.1062,0.2803,3.1062,1452,0.12204337120056152,0.12204337120056152,0.5201499462127686,0.6421933174133301,312.9964106082916,0.5201499462127686,0.6421933174133301,312.9964106082916
nc_papers100m_195trainer_0hop_balanced_local_bs1024_800r,20260914_204924_ogbn-papers100M_FedAvg_bs1024_seed42_beta10000p0,ogbn-papers100M,FedAvg,1024,42,10000.0,485,validation,0.2806,3.1049,0.2806,3.1049,1455,0.11966705322265625,0.11966705322265625,0.5090525150299072,0.6287195682525635,313.6251301765442,0.5090525150299072,0.6287195682525635,313.6251301765442
nc_papers100m_195trainer_0hop_balanced_local_bs1024_800r,20260914_204924_ogbn-papers100M_FedAvg_bs1024_seed42_beta10000p0,ogbn-papers100M,FedAvg,1024,42,10000.0,486,validation,0.2809,3.1037,0.2809,3.1037,1458,0.11810040473937988,0.11810040473937988,0.5267558097839355,0.6448562145233154,314.2699863910675,0.5267558097839355,0.6448562145233154,314.2699863910675
nc_papers100m_195trainer_0hop_balanced_local_bs1024_800r,20260914_204924_ogbn-papers100M_FedAvg_bs1024_seed42_beta10000p0,ogbn-papers100M,FedAvg,1024,42,10000.0,487,validation,0.281,3.1028,0.281,3.1028,1461,0.11953186988830566,0.11953186988830566,0.5759029388427734,0.6954348087310791,314.9654211997986,0.5759029388427734,0.6954348087310791,314.9654211997986
nc_papers100m_195trainer_0hop_balanced_local_bs1024_800r,20260914_204924_ogbn-papers100M_FedAvg_bs1024_seed42_beta10000p0,ogbn-papers100M,FedAvg,1024,42,10000.0,488,validation,0.281,3.1018,0.281,3.1018,1464,0.11943483352661133,0.11943483352661133,0.5183117389678955,0.6377465724945068,315.6031677722931,0.5183117389678955,0.6377465724945068,315.6031677722931
nc_papers100m_195trainer_0hop_balanced_local_bs1024_800r,20260914_204924_ogbn-papers100M_FedAvg_bs1024_seed42_beta10000p0,ogbn-papers100M,FedAvg,1024,42,10000.0,489,validation,0.2813,3.1006,0.2813,3.1006,1467,0.12085700035095215,0.12085700035095215,0.5292844772338867,0.6501414775848389,316.25330924987793,0.5292844772338867,0.6501414775848389,316.25330924987793
nc_papers100m_195trainer_0hop_balanced_local_bs1024_800r,20260914_204924_ogbn-papers100M_FedAvg_bs1024_seed42_beta10000p0,ogbn-papers100M,FedAvg,1024,42,10000.0,490,validation,0.2813,3.0995,0.2813,3.0995,1470,0.1194610595703125,0.1194610595703125,0.5207140445709229,0.6401751041412354,316.89348435401917,0.5207140445709229,0.6401751041412354,316.89348435401917
nc_papers100m_195trainer_0hop_balanced_local_bs1024_800r,20260914_204924_ogbn-papers100M_FedAvg_bs1024_seed42_beta10000p0,ogbn-papers100M,FedAvg,1024,42,10000.0,491,validation,0.2814,3.0984,0.2814,3.0984,1473,0.11848187446594238,0.11848187446594238,0.5174813270568848,0.6359632015228271,317.529447555542,0.5174813270568848,0.6359632015228271,317.529447555542
nc_papers100m_195trainer_0hop_balanced_local_bs1024_800r,20260914_204924_ogbn-papers100M_FedAvg_bs1024_seed42_beta10000p0,ogbn-papers100M,FedAvg,1024,42,10000.0,492,validation,0.2815,3.0974,0.2815,3.0974,1476,0.12145519256591797,0.12145519256591797,0.5262386798858643,0.6476938724517822,318.1771414279938,0.5262386798858643,0.6476938724517822,318.1771414279938
nc_papers100m_195trainer_0hop_balanced_local_bs1024_800r,20260914_204924_ogbn-papers100M_FedAvg_bs1024_seed42_beta10000p0,ogbn-papers100M,FedAvg,1024,42,10000.0,493,validation,0.2819,3.0963,0.2819,3.0963,1479,0.11717581748962402,0.11717581748962402,0.5161044597625732,0.6332802772521973,318.810421705246,0.5161044597625732,0.6332802772521973,318.810421705246
nc_papers100m_195trainer_0hop_balanced_local_bs1024_800r,20260914_204924_ogbn-papers100M_FedAvg_bs1024_seed42_beta10000p0,ogbn-papers100M,FedAvg,1024,42,10000.0,494,validation,0.2819,3.0953,0.2819,3.0953,1482,0.12146568298339844,0.12146568298339844,0.5161783695220947,0.6376440525054932,319.44806575775146,0.5161783695220947,0.6376440525054932,319.44806575775146
nc_papers100m_195trainer_0hop_balanced_local_bs1024_800r,20260914_204924_ogbn-papers100M_FedAvg_bs1024_seed42_beta10000p0,ogbn-papers100M,FedAvg,1024,42,10000.0,495,validation,0.2819,3.0943,0.2819,3.0943,1485,0.1216275691986084,0.1216275691986084,0.5237326622009277,0.6453602313995361,320.093425989151,0.5237326622009277,0.6453602313995361,320.093425989151
nc_papers100m_195trainer_0hop_balanced_local_bs1024_800r,20260914_204924_ogbn-papers100M_FedAvg_bs1024_seed42_beta10000p0,ogbn-papers100M,FedAvg,1024,42,10000.0,496,validation,0.2821,3.0932,0.2821,3.0932,1488,0.1196587085723877,0.1196587085723877,0.5234553813934326,0.6431140899658203,320.7365400791168,0.5234553813934326,0.6431140899658203,320.7365400791168
nc_papers100m_195trainer_0hop_balanced_local_bs1024_800r,20260914_204924_ogbn-papers100M_FedAvg_bs1024_seed42_beta10000p0,ogbn-papers100M,FedAvg,1024,42,10000.0,497,validation,0.2824,3.0919,0.2824,3.0919,1491,0.1218564510345459,0.1218564510345459,0.5193026065826416,0.6411590576171875,321.377699136734,0.5193026065826416,0.6411590576171875,321.377699136734
nc_papers100m_195trainer_0hop_balanced_local_bs1024_800r,20260914_204924_ogbn-papers100M_FedAvg_bs1024_seed42_beta10000p0,ogbn-papers100M,FedAvg,1024,42,10000.0,498,validation,0.2826,3.0911,0.2826,3.0911,1494,0.11945414543151855,0.11945414543151855,0.5211913585662842,0.6406455039978027,322.0183446407318,0.5211913585662842,0.6406455039978027,322.0183446407318
nc_papers100m_195trainer_0hop_balanced_local_bs1024_800r,20260914_204924_ogbn-papers100M_FedAvg_bs1024_seed42_beta10000p0,ogbn-papers100M,FedAvg,1024,42,10000.0,499,validation,0.2826,3.0901,0.2826,3.0901,1497,0.12209892272949219,0.12209892272949219,0.5265462398529053,0.6486451625823975,322.6669898033142,0.5265462398529053,0.6486451625823975,322.6669898033142
nc_papers100m_195trainer_0hop_balanced_local_bs1024_800r,20260914_204924_ogbn-papers100M_FedAvg_bs1024_seed42_beta10000p0,ogbn-papers100M,FedAvg,1024,42,10000.0,500,validation,0.2828,3.089,0.2828,3.089,1500,0.11941719055175781,0.11941719055175781,0.5225718021392822,0.64198899269104,323.30897879600525,0.5225718021392822,0.64198899269104,323.30897879600525
nc_papers100m_195trainer_0hop_balanced_local_bs1024_800r,20260914_204924_ogbn-papers100M_FedAvg_bs1024_seed42_beta10000p0,ogbn-papers100M,FedAvg,1024,42,10000.0,501,validation,0.2829,3.0879,0.2829,3.0879,1503,0.12359428405761719,0.12359428405761719,0.5344045162200928,0.65799880027771,323.96697759628296,0.5344045162200928,0.65799880027771,323.96697759628296
nc_papers100m_195trainer_0hop_balanced_local_bs1024_800r,20260914_204924_ogbn-papers100M_FedAvg_bs1024_seed42_beta10000p0,ogbn-papers100M,FedAvg,1024,42,10000.0,502,validation,0.2831,3.0868,0.2831,3.0868,1506,0.11880159378051758,0.11880159378051758,0.5386455059051514,0.657447099685669,324.6244246959686,0.5386455059051514,0.657447099685669,324.6244246959686
nc_papers100m_195trainer_0hop_balanced_local_bs1024_800r,20260914_204924_ogbn-papers100M_FedAvg_bs1024_seed42_beta10000p0,ogbn-papers100M,FedAvg,1024,42,10000.0,503,validation,0.2833,3.0858,0.2833,3.0858,1509,0.12016582489013672,0.12016582489013672,0.5087935924530029,0.6289594173431396,325.25338411331177,0.5087935924530029,0.6289594173431396,325.25338411331177
nc_papers100m_195trainer_0hop_balanced_local_bs1024_800r,20260914_204924_ogbn-papers100M_FedAvg_bs1024_seed42_beta10000p0,ogbn-papers100M,FedAvg,1024,42,10000.0,504,validation,0.2834,3.0845,0.2834,3.0845,1512,0.1215054988861084,0.1215054988861084,0.5192286968231201,0.6407341957092285,325.894118309021,0.5192286968231201,0.6407341957092285,325.894118309021
nc_papers100m_195trainer_0hop_balanced_local_bs1024_800r,20260914_204924_ogbn-papers100M_FedAvg_bs1024_seed42_beta10000p0,ogbn-papers100M,FedAvg,1024,42,10000.0,505,validation,0.2835,3.0837,0.2835,3.0837,1515,0.12180089950561523,0.12180089950561523,0.5247366428375244,0.6465375423431396,326.54065585136414,0.5247366428375244,0.6465375423431396,326.54065585136414
nc_papers100m_195trainer_0hop_balanced_local_bs1024_800r,20260914_204924_ogbn-papers100M_FedAvg_bs1024_seed42_beta10000p0,ogbn-papers100M,FedAvg,1024,42,10000.0,506,validation,0.2836,3.0827,0.2836,3.0827,1518,0.121185302734375,0.121185302734375,0.5090644359588623,0.6302497386932373,327.1709055900574,0.5090644359588623,0.6302497386932373,327.1709055900574
nc_papers100m_195trainer_0hop_balanced_local_bs1024_800r,20260914_204924_ogbn-papers100M_FedAvg_bs1024_seed42_beta10000p0,ogbn-papers100M,FedAvg,1024,42,10000.0,507,validation,0.2837,3.0815,0.2837,3.0815,1521,0.12458968162536621,0.12458968162536621,0.5171029567718506,0.6416926383972168,327.8125982284546,0.5171029567718506,0.6416926383972168,327.8125982284546
nc_papers100m_195trainer_0hop_balanced_local_bs1024_800r,20260914_204924_ogbn-papers100M_FedAvg_bs1024_seed42_beta10000p0,ogbn-papers100M,FedAvg,1024,42,10000.0,508,validation,0.2839,3.0805,0.2839,3.0805,1524,0.12024784088134766,0.12024784088134766,0.5240910053253174,0.644338846206665,328.45693707466125,0.5240910053253174,0.644338846206665,328.45693707466125
nc_papers100m_195trainer_0hop_balanced_local_bs1024_800r,20260914_204924_ogbn-papers100M_FedAvg_bs1024_seed42_beta10000p0,ogbn-papers100M,FedAvg,1024,42,10000.0,509,validation,0.2839,3.0795,0.2839,3.0795,1527,0.12035107612609863,0.12035107612609863,0.5136528015136719,0.6340038776397705,329.090940952301,0.5136528015136719,0.6340038776397705,329.090940952301
nc_papers100m_195trainer_0hop_balanced_local_bs1024_800r,20260914_204924_ogbn-papers100M_FedAvg_bs1024_seed42_beta10000p0,ogbn-papers100M,FedAvg,1024,42,10000.0,510,validation,0.2842,3.0784,0.2842,3.0784,1530,0.12062525749206543,0.12062525749206543,0.5269179344177246,0.64754319190979,329.7384841442108,0.5269179344177246,0.64754319190979,329.7384841442108
nc_papers100m_195trainer_0hop_balanced_local_bs1024_800r,20260914_204924_ogbn-papers100M_FedAvg_bs1024_seed42_beta10000p0,ogbn-papers100M,FedAvg,1024,42,10000.0,511,validation,0.2845,3.0772,0.2845,3.0772,1533,0.12486433982849121,0.12486433982849121,0.5327239036560059,0.6575882434844971,330.3960723876953,0.5327239036560059,0.6575882434844971,330.3960723876953
nc_papers100m_195trainer_0hop_balanced_local_bs1024_800r,20260914_204924_ogbn-papers100M_FedAvg_bs1024_seed42_beta10000p0,ogbn-papers100M,FedAvg,1024,42,10000.0,512,validation,0.2847,3.0761,0.2847,3.0761,1536,0.11959004402160645,0.11959004402160645,0.5206022262573242,0.6401922702789307,331.03626465797424,0.5206022262573242,0.6401922702789307,331.03626465797424
nc_papers100m_195trainer_0hop_balanced_local_bs1024_800r,20260914_204924_ogbn-papers100M_FedAvg_bs1024_seed42_beta10000p0,ogbn-papers100M,FedAvg,1024,42,10000.0,513,validation,0.2848,3.0751,0.2848,3.0751,1539,0.12062549591064453,0.12062549591064453,0.5164120197296143,0.6370375156402588,331.6733021736145,0.5164120197296143,0.6370375156402588,331.6733021736145
nc_papers100m_195trainer_0hop_balanced_local_bs1024_800r,20260914_204924_ogbn-papers100M_FedAvg_bs1024_seed42_beta10000p0,ogbn-papers100M,FedAvg,1024,42,10000.0,514,validation,0.2849,3.0741,0.2849,3.0741,1542,0.12021255493164062,0.12021255493164062,0.5276181697845459,0.6478307247161865,332.3211328983307,0.5276181697845459,0.6478307247161865,332.3211328983307
nc_papers100m_195trainer_0hop_balanced_local_bs1024_800r,20260914_204924_ogbn-papers100M_FedAvg_bs1024_seed42_beta10000p0,ogbn-papers100M,FedAvg,1024,42,10000.0,515,validation,0.285,3.073,0.285,3.073,1545,0.11844253540039062,0.11844253540039062,0.5193934440612793,0.6378359794616699,332.95896887779236,0.5193934440612793,0.6378359794616699,332.95896887779236
nc_papers100m_195trainer_0hop_balanced_local_bs1024_800r,20260914_204924_ogbn-papers100M_FedAvg_bs1024_seed42_beta10000p0,ogbn-papers100M,FedAvg,1024,42,10000.0,516,validation,0.2853,3.072,0.2853,3.072,1548,0.12027812004089355,0.12027812004089355,0.5409598350524902,0.6612379550933838,333.62020683288574,0.5409598350524902,0.6612379550933838,333.62020683288574
nc_papers100m_195trainer_0hop_balanced_local_bs1024_800r,20260914_204924_ogbn-papers100M_FedAvg_bs1024_seed42_beta10000p0,ogbn-papers100M,FedAvg,1024,42,10000.0,517,validation,0.2852,3.071,0.2852,3.071,1551,0.1220543384552002,0.1220543384552002,0.5291709899902344,0.6512253284454346,334.2714321613312,0.5291709899902344,0.6512253284454346,334.2714321613312
nc_papers100m_195trainer_0hop_balanced_local_bs1024_800r,20260914_204924_ogbn-papers100M_FedAvg_bs1024_seed42_beta10000p0,ogbn-papers100M,FedAvg,1024,42,10000.0,518,validation,0.2854,3.07,0.2854,3.07,1554,0.11832857131958008,0.11832857131958008,0.5185425281524658,0.6368710994720459,334.9083032608032,0.5185425281524658,0.6368710994720459,334.9083032608032
nc_papers100m_195trainer_0hop_balanced_local_bs1024_800r,20260914_204924_ogbn-papers100M_FedAvg_bs1024_seed42_beta10000p0,ogbn-papers100M,FedAvg,1024,42,10000.0,519,validation,0.2856,3.0689,0.2856,3.0689,1557,0.1173248291015625,0.1173248291015625,0.5192124843597412,0.6365373134613037,335.5448405742645,0.5192124843597412,0.6365373134613037,335.5448405742645
nc_papers100m_195trainer_0hop_balanced_local_bs1024_800r,20260914_204924_ogbn-papers100M_FedAvg_bs1024_seed42_beta10000p0,ogbn-papers100M,FedAvg,1024,42,10000.0,520,validation,0.2858,3.0679,0.2858,3.0679,1560,0.11677885055541992,0.11677885055541992,0.531341552734375,0.6481204032897949,336.1929609775543,0.531341552734375,0.6481204032897949,336.1929609775543
nc_papers100m_195trainer_0hop_balanced_local_bs1024_800r,20260914_204924_ogbn-papers100M_FedAvg_bs1024_seed42_beta10000p0,ogbn-papers100M,FedAvg,1024,42,10000.0,521,validation,0.286,3.0669,0.286,3.0669,1563,0.12314796447753906,0.12314796447753906,0.5268528461456299,0.650000810623169,336.8429617881775,0.5268528461456299,0.650000810623169,336.8429617881775
nc_papers100m_195trainer_0hop_balanced_local_bs1024_800r,20260914_204924_ogbn-papers100M_FedAvg_bs1024_seed42_beta10000p0,ogbn-papers100M,FedAvg,1024,42,10000.0,522,validation,0.2859,3.066,0.2859,3.066,1566,0.12529802322387695,0.12529802322387695,0.5127241611480713,0.6380221843719482,337.48098397254944,0.5127241611480713,0.6380221843719482,337.48098397254944
nc_papers100m_195trainer_0hop_balanced_local_bs1024_800r,20260914_204924_ogbn-papers100M_FedAvg_bs1024_seed42_beta10000p0,ogbn-papers100M,FedAvg,1024,42,10000.0,523,validation,0.286,3.065,0.286,3.065,1569,0.12245750427246094,0.12245750427246094,0.5283315181732178,0.6507890224456787,338.1317729949951,0.5283315181732178,0.6507890224456787,338.1317729949951
nc_papers100m_195trainer_0hop_balanced_local_bs1024_800r,20260914_204924_ogbn-papers100M_FedAvg_bs1024_seed42_beta10000p0,ogbn-papers100M,FedAvg,1024,42,10000.0,524,validation,0.2862,3.0642,0.2862,3.0642,1572,0.11762189865112305,0.11762189865112305,0.5303428173065186,0.6479647159576416,338.77973771095276,0.5303428173065186,0.6479647159576416,338.77973771095276
nc_papers100m_195trainer_0hop_balanced_local_bs1024_800r,20260914_204924_ogbn-papers100M_FedAvg_bs1024_seed42_beta10000p0,ogbn-papers100M,FedAvg,1024,42,10000.0,525,validation,0.2864,3.0632,0.2864,3.0632,1575,0.12129831314086914,0.12129831314086914,0.5195155143737793,0.6408138275146484,339.4205515384674,0.5195155143737793,0.6408138275146484,339.4205515384674
nc_papers100m_195trainer_0hop_balanced_local_bs1024_800r,20260914_204924_ogbn-papers100M_FedAvg_bs1024_seed42_beta10000p0,ogbn-papers100M,FedAvg,1024,42,10000.0,526,validation,0.2864,3.0622,0.2864,3.0622,1578,0.12311697006225586,0.12311697006225586,0.5237834453582764,0.6469004154205322,340.06745195388794,0.5237834453582764,0.6469004154205322,340.06745195388794
nc_papers100m_195trainer_0hop_balanced_local_bs1024_800r,20260914_204924_ogbn-papers100M_FedAvg_bs1024_seed42_beta10000p0,ogbn-papers100M,FedAvg,1024,42,10000.0,527,validation,0.2865,3.0613,0.2865,3.0613,1581,0.118438720703125,0.118438720703125,0.5236973762512207,0.6421360969543457,340.7095880508423,0.5236973762512207,0.6421360969543457,340.7095880508423
nc_papers100m_195trainer_0hop_balanced_local_bs1024_800r,20260914_204924_ogbn-papers100M_FedAvg_bs1024_seed42_beta10000p0,ogbn-papers100M,FedAvg,1024,42,10000.0,528,validation,0.2867,3.0603,0.2867,3.0603,1584,0.12091779708862305,0.12091779708862305,0.5112228393554688,0.6321406364440918,341.3417286872864,0.5112228393554688,0.6321406364440918,341.3417286872864
nc_papers100m_195trainer_0hop_balanced_local_bs1024_800r,20260914_204924_ogbn-papers100M_FedAvg_bs1024_seed42_beta10000p0,ogbn-papers100M,FedAvg,1024,42,10000.0,529,validation,0.2869,3.0592,0.2869,3.0592,1587,0.12133312225341797,0.12133312225341797,0.5250153541564941,0.6463484764099121,341.9880771636963,0.5250153541564941,0.6463484764099121,341.9880771636963
nc_papers100m_195trainer_0hop_balanced_local_bs1024_800r,20260914_204924_ogbn-papers100M_FedAvg_bs1024_seed42_beta10000p0,ogbn-papers100M,FedAvg,1024,42,10000.0,530,validation,0.2871,3.0582,0.2871,3.0582,1590,0.12136340141296387,0.12136340141296387,0.5404224395751953,0.6617858409881592,342.64986300468445,0.5404224395751953,0.6617858409881592,342.64986300468445
nc_papers100m_195trainer_0hop_balanced_local_bs1024_800r,20260914_204924_ogbn-papers100M_FedAvg_bs1024_seed42_beta10000p0,ogbn-papers100M,FedAvg,1024,42,10000.0,531,validation,0.2869,3.0572,0.2869,3.0572,1593,0.11963987350463867,0.11963987350463867,0.5167596340179443,0.636399507522583,343.28626251220703,0.5167596340179443,0.636399507522583,343.28626251220703
nc_papers100m_195trainer_0hop_balanced_local_bs1024_800r,20260914_204924_ogbn-papers100M_FedAvg_bs1024_seed42_beta10000p0,ogbn-papers100M,FedAvg,1024,42,10000.0,532,validation,0.287,3.0561,0.287,3.0561,1596,0.11922121047973633,0.11922121047973633,0.5087718963623047,0.627993106842041,343.9142556190491,0.5087718963623047,0.627993106842041,343.9142556190491
nc_papers100m_195trainer_0hop_balanced_local_bs1024_800r,20260914_204924_ogbn-papers100M_FedAvg_bs1024_seed42_beta10000p0,ogbn-papers100M,FedAvg,1024,42,10000.0,533,validation,0.2874,3.055,0.2874,3.055,1599,0.12356066703796387,0.12356066703796387,0.5201473236083984,0.6437079906463623,344.55796360969543,0.5201473236083984,0.6437079906463623,344.55796360969543
nc_papers100m_195trainer_0hop_balanced_local_bs1024_800r,20260914_204924_ogbn-papers100M_FedAvg_bs1024_seed42_beta10000p0,ogbn-papers100M,FedAvg,1024,42,10000.0,534,validation,0.2876,3.0539,0.2876,3.0539,1602,0.12186884880065918,0.12186884880065918,0.5170061588287354,0.6388750076293945,345.19683861732483,0.5170061588287354,0.6388750076293945,345.19683861732483
nc_papers100m_195trainer_0hop_balanced_local_bs1024_800r,20260914_204924_ogbn-papers100M_FedAvg_bs1024_seed42_beta10000p0,ogbn-papers100M,FedAvg,1024,42,10000.0,535,validation,0.2874,3.0531,0.2874,3.0531,1605,0.1261918544769287,0.1261918544769287,0.5152521133422852,0.6414439678192139,345.83828258514404,0.5152521133422852,0.6414439678192139,345.83828258514404
nc_papers100m_195trainer_0hop_balanced_local_bs1024_800r,20260914_204924_ogbn-papers100M_FedAvg_bs1024_seed42_beta10000p0,ogbn-papers100M,FedAvg,1024,42,10000.0,536,validation,0.2877,3.0523,0.2877,3.0523,1608,0.11848044395446777,0.11848044395446777,0.5220885276794434,0.6405689716339111,346.47885155677795,0.5220885276794434,0.6405689716339111,346.47885155677795
nc_papers100m_195trainer_0hop_balanced_local_bs1024_800r,20260914_204924_ogbn-papers100M_FedAvg_bs1024_seed42_beta10000p0,ogbn-papers100M,FedAvg,1024,42,10000.0,537,validation,0.2878,3.0514,0.2878,3.0514,1611,0.11941361427307129,0.11941361427307129,0.5194249153137207,0.638838529586792,347.11769008636475,0.5194249153137207,0.638838529586792,347.11769008636475
nc_papers100m_195trainer_0hop_balanced_local_bs1024_800r,20260914_204924_ogbn-papers100M_FedAvg_bs1024_seed42_beta10000p0,ogbn-papers100M,FedAvg,1024,42,10000.0,538,validation,0.2881,3.0502,0.2881,3.0502,1614,0.12127208709716797,0.12127208709716797,0.5226125717163086,0.6438846588134766,347.7615747451782,0.5226125717163086,0.6438846588134766,347.7615747451782
nc_papers100m_195trainer_0hop_balanced_local_bs1024_800r,20260914_204924_ogbn-papers100M_FedAvg_bs1024_seed42_beta10000p0,ogbn-papers100M,FedAvg,1024,42,10000.0,539,validation,0.2882,3.0493,0.2882,3.0493,1617,0.12059736251831055,0.12059736251831055,0.5377047061920166,0.6583020687103271,348.41987681388855,0.5377047061920166,0.6583020687103271,348.41987681388855
nc_papers100m_195trainer_0hop_balanced_local_bs1024_800r,20260914_204924_ogbn-papers100M_FedAvg_bs1024_seed42_beta10000p0,ogbn-papers100M,FedAvg,1024,42,10000.0,540,validation,0.2883,3.0483,0.2883,3.0483,1620,0.12703967094421387,0.12703967094421387,0.522836446762085,0.6498761177062988,349.06975293159485,0.522836446762085,0.6498761177062988,349.06975293159485
nc_papers100m_195trainer_0hop_balanced_local_bs1024_800r,20260914_204924_ogbn-papers100M_FedAvg_bs1024_seed42_beta10000p0,ogbn-papers100M,FedAvg,1024,42,10000.0,541,validation,0.2885,3.0473,0.2885,3.0473,1623,0.1182558536529541,0.1182558536529541,0.5152521133422852,0.6335079669952393,349.7032608985901,0.5152521133422852,0.6335079669952393,349.7032608985901
nc_papers100m_195trainer_0hop_balanced_local_bs1024_800r,20260914_204924_ogbn-papers100M_FedAvg_bs1024_seed42_beta10000p0,ogbn-papers100M,FedAvg,1024,42,10000.0,542,validation,0.2887,3.0463,0.2887,3.0463,1626,0.11892962455749512,0.11892962455749512,0.5246150493621826,0.6435446739196777,350.34680557250977,0.5246150493621826,0.6435446739196777,350.34680557250977
nc_papers100m_195trainer_0hop_balanced_local_bs1024_800r,20260914_204924_ogbn-papers100M_FedAvg_bs1024_seed42_beta10000p0,ogbn-papers100M,FedAvg,1024,42,10000.0,543,validation,0.2887,3.0453,0.2887,3.0453,1629,0.11860418319702148,0.11860418319702148,0.5234947204589844,0.6420989036560059,350.98890447616577,0.5234947204589844,0.6420989036560059,350.98890447616577
nc_papers100m_195trainer_0hop_balanced_local_bs1024_800r,20260914_204924_ogbn-papers100M_FedAvg_bs1024_seed42_beta10000p0,ogbn-papers100M,FedAvg,1024,42,10000.0,544,validation,0.2888,3.0443,0.2888,3.0443,1632,0.11823391914367676,0.11823391914367676,0.5151753425598145,0.6334092617034912,351.62231373786926,0.5151753425598145,0.6334092617034912,351.62231373786926
nc_papers100m_195trainer_0hop_balanced_local_bs1024_800r,20260914_204924_ogbn-papers100M_FedAvg_bs1024_seed42_beta10000p0,ogbn-papers100M,FedAvg,1024,42,10000.0,545,validation,0.289,3.0434,0.289,3.0434,1635,0.11931777000427246,0.11931777000427246,0.690568208694458,0.8098859786987305,352.432199716568,0.690568208694458,0.8098859786987305,352.432199716568
nc_papers100m_195trainer_0hop_balanced_local_bs1024_800r,20260914_204924_ogbn-papers100M_FedAvg_bs1024_seed42_beta10000p0,ogbn-papers100M,FedAvg,1024,42,10000.0,546,validation,0.2892,3.0425,0.2892,3.0425,1638,0.11776161193847656,0.11776161193847656,0.5142581462860107,0.6320197582244873,353.0642194747925,0.5142581462860107,0.6320197582244873,353.0642194747925
nc_papers100m_195trainer_0hop_balanced_local_bs1024_800r,20260914_204924_ogbn-papers100M_FedAvg_bs1024_seed42_beta10000p0,ogbn-papers100M,FedAvg,1024,42,10000.0,547,validation,0.2894,3.0418,0.2894,3.0418,1641,0.11794281005859375,0.11794281005859375,0.5120301246643066,0.6299729347229004,353.6941924095154,0.5120301246643066,0.6299729347229004,353.6941924095154
nc_papers100m_195trainer_0hop_balanced_local_bs1024_800r,20260914_204924_ogbn-papers100M_FedAvg_bs1024_seed42_beta10000p0,ogbn-papers100M,FedAvg,1024,42,10000.0,548,validation,0.2898,3.0408,0.2898,3.0408,1644,0.11903572082519531,0.11903572082519531,0.5168282985687256,0.6358640193939209,354.3300564289093,0.5168282985687256,0.6358640193939209,354.3300564289093
nc_papers100m_195trainer_0hop_balanced_local_bs1024_800r,20260914_204924_ogbn-papers100M_FedAvg_bs1024_seed42_beta10000p0,ogbn-papers100M,FedAvg,1024,42,10000.0,549,validation,0.2898,3.0398,0.2898,3.0398,1647,0.11982965469360352,0.11982965469360352,0.5219237804412842,0.6417534351348877,354.9718098640442,0.5219237804412842,0.6417534351348877,354.9718098640442
nc_papers100m_195trainer_0hop_balanced_local_bs1024_800r,20260914_204924_ogbn-papers100M_FedAvg_bs1024_seed42_beta10000p0,ogbn-papers100M,FedAvg,1024,42,10000.0,550,validation,0.2899,3.0388,0.2899,3.0388,1650,0.12113809585571289,0.12113809585571289,0.5105054378509521,0.631643533706665,355.60345339775085,0.5105054378509521,0.631643533706665,355.60345339775085
nc_papers100m_195trainer_0hop_balanced_local_bs1024_800r,20260914_204924_ogbn-papers100M_FedAvg_bs1024_seed42_beta10000p0,ogbn-papers100M,FedAvg,1024,42,10000.0,551,validation,0.29,3.0378,0.29,3.0378,1653,0.12559819221496582,0.12559819221496582,0.7652051448822021,0.890803337097168,356.494256734848,0.7652051448822021,0.890803337097168,356.494256734848
nc_papers100m_195trainer_0hop_balanced_local_bs1024_800r,20260914_204924_ogbn-papers100M_FedAvg_bs1024_seed42_beta10000p0,ogbn-papers100M,FedAvg,1024,42,10000.0,552,validation,0.29,3.037,0.29,3.037,1656,0.1313323974609375,0.1313323974609375,0.5159111022949219,0.6472434997558594,357.1415002346039,0.5159111022949219,0.6472434997558594,357.1415002346039
nc_papers100m_195trainer_0hop_balanced_local_bs1024_800r,20260914_204924_ogbn-papers100M_FedAvg_bs1024_seed42_beta10000p0,ogbn-papers100M,FedAvg,1024,42,10000.0,553,validation,0.2901,3.0359,0.2901,3.0359,1659,0.11986088752746582,0.11986088752746582,0.5974202156066895,0.7172811031341553,357.85878133773804,0.5974202156066895,0.7172811031341553,357.85878133773804
nc_papers100m_195trainer_0hop_balanced_local_bs1024_800r,20260914_204924_ogbn-papers100M_FedAvg_bs1024_seed42_beta10000p0,ogbn-papers100M,FedAvg,1024,42,10000.0,554,validation,0.2903,3.0349,0.2903,3.0349,1662,0.13141989707946777,0.13141989707946777,0.792799711227417,0.9242196083068848,358.7830009460449,0.792799711227417,0.9242196083068848,358.7830009460449
nc_papers100m_195trainer_0hop_balanced_local_bs1024_800r,20260914_204924_ogbn-papers100M_FedAvg_bs1024_seed42_beta10000p0,ogbn-papers100M,FedAvg,1024,42,10000.0,555,validation,0.2905,3.034,0.2905,3.034,1665,0.13200879096984863,0.13200879096984863,0.5956783294677734,0.7276871204376221,359.51068806648254,0.5956783294677734,0.7276871204376221,359.51068806648254
nc_papers100m_195trainer_0hop_balanced_local_bs1024_800r,20260914_204924_ogbn-papers100M_FedAvg_bs1024_seed42_beta10000p0,ogbn-papers100M,FedAvg,1024,42,10000.0,556,validation,0.2907,3.0331,0.2907,3.0331,1668,0.13240957260131836,0.13240957260131836,0.5154383182525635,0.6478478908538818,360.1585359573364,0.5154383182525635,0.6478478908538818,360.1585359573364
nc_papers100m_195trainer_0hop_balanced_local_bs1024_800r,20260914_204924_ogbn-papers100M_FedAvg_bs1024_seed42_beta10000p0,ogbn-papers100M,FedAvg,1024,42,10000.0,557,validation,0.2908,3.0322,0.2908,3.0322,1671,0.1242518424987793,0.1242518424987793,0.5180094242095947,0.642261266708374,360.8007972240448,0.5180094242095947,0.642261266708374,360.8007972240448
nc_papers100m_195trainer_0hop_balanced_local_bs1024_800r,20260914_204924_ogbn-papers100M_FedAvg_bs1024_seed42_beta10000p0,ogbn-papers100M,FedAvg,1024,42,10000.0,558,validation,0.291,3.0313,0.291,3.0313,1674,0.12507200241088867,0.12507200241088867,0.6469178199768066,0.7719898223876953,361.5727870464325,0.6469178199768066,0.7719898223876953,361.5727870464325
nc_papers100m_195trainer_0hop_balanced_local_bs1024_800r,20260914_204924_ogbn-papers100M_FedAvg_bs1024_seed42_beta10000p0,ogbn-papers100M,FedAvg,1024,42,10000.0,559,validation,0.2912,3.0303,0.2912,3.0303,1677,0.13135313987731934,0.13135313987731934,0.7385964393615723,0.8699495792388916,362.4427366256714,0.7385964393615723,0.8699495792388916,362.4427366256714
nc_papers100m_195trainer_0hop_balanced_local_bs1024_800r,20260914_204924_ogbn-papers100M_FedAvg_bs1024_seed42_beta10000p0,ogbn-papers100M,FedAvg,1024,42,10000.0,560,validation,0.2914,3.0294,0.2914,3.0294,1680,0.1276082992553711,0.1276082992553711,0.5062143802642822,0.6338226795196533,363.07655930519104,0.5062143802642822,0.6338226795196533,363.07655930519104
nc_papers100m_195trainer_0hop_balanced_local_bs1024_800r,20260914_204924_ogbn-papers100M_FedAvg_bs1024_seed42_beta10000p0,ogbn-papers100M,FedAvg,1024,42,10000.0,561,validation,0.2916,3.0285,0.2916,3.0285,1683,0.13501262664794922,0.13501262664794922,0.8254966735839844,0.9605093002319336,364.037068605423,0.8254966735839844,0.9605093002319336,364.037068605423
nc_papers100m_195trainer_0hop_balanced_local_bs1024_800r,20260914_204924_ogbn-papers100M_FedAvg_bs1024_seed42_beta10000p0,ogbn-papers100M,FedAvg,1024,42,10000.0,562,validation,0.2915,3.0276,0.2915,3.0276,1686,0.13111138343811035,0.13111138343811035,0.5118443965911865,0.6429557800292969,364.68002438545227,0.5118443965911865,0.6429557800292969,364.68002438545227
nc_papers100m_195trainer_0hop_balanced_local_bs1024_800r,20260914_204924_ogbn-papers100M_FedAvg_bs1024_seed42_beta10000p0,ogbn-papers100M,FedAvg,1024,42,10000.0,563,validation,0.2914,3.0267,0.2914,3.0267,1689,0.1255044937133789,0.1255044937133789,0.9159018993377686,1.0414063930511475,365.7214307785034,0.9159018993377686,1.0414063930511475,365.7214307785034
nc_papers100m_195trainer_0hop_balanced_local_bs1024_800r,20260914_204924_ogbn-papers100M_FedAvg_bs1024_seed42_beta10000p0,ogbn-papers100M,FedAvg,1024,42,10000.0,564,validation,0.2917,3.0259,0.2917,3.0259,1692,0.12779021263122559,0.12779021263122559,0.7892816066741943,0.9170718193054199,366.63850259780884,0.7892816066741943,0.9170718193054199,366.63850259780884
nc_papers100m_195trainer_0hop_balanced_local_bs1024_800r,20260914_204924_ogbn-papers100M_FedAvg_bs1024_seed42_beta10000p0,ogbn-papers100M,FedAvg,1024,42,10000.0,565,validation,0.2918,3.0247,0.2918,3.0247,1695,0.12596464157104492,0.12596464157104492,0.5182979106903076,0.6442625522613525,367.2827651500702,0.5182979106903076,0.6442625522613525,367.2827651500702
nc_papers100m_195trainer_0hop_balanced_local_bs1024_800r,20260914_204924_ogbn-papers100M_FedAvg_bs1024_seed42_beta10000p0,ogbn-papers100M,FedAvg,1024,42,10000.0,566,validation,0.2919,3.0239,0.2919,3.0239,1698,0.12003302574157715,0.12003302574157715,0.5110526084899902,0.6310856342315674,367.91385078430176,0.5110526084899902,0.6310856342315674,367.91385078430176
nc_papers100m_195trainer_0hop_balanced_local_bs1024_800r,20260914_204924_ogbn-papers100M_FedAvg_bs1024_seed42_beta10000p0,ogbn-papers100M,FedAvg,1024,42,10000.0,567,validation,0.2919,3.0233,0.2919,3.0233,1701,0.12550640106201172,0.12550640106201172,0.513324499130249,0.6388309001922607,368.552681684494,0.513324499130249,0.6388309001922607,368.552681684494
nc_papers100m_195trainer_0hop_balanced_local_bs1024_800r,20260914_204924_ogbn-papers100M_FedAvg_bs1024_seed42_beta10000p0,ogbn-papers100M,FedAvg,1024,42,10000.0,568,validation,0.2922,3.0223,0.2922,3.0223,1704,0.12047481536865234,0.12047481536865234,0.5206460952758789,0.6411209106445312,369.19380259513855,0.5206460952758789,0.6411209106445312,369.19380259513855
nc_papers100m_195trainer_0hop_balanced_local_bs1024_800r,20260914_204924_ogbn-papers100M_FedAvg_bs1024_seed42_beta10000p0,ogbn-papers100M,FedAvg,1024,42,10000.0,569,validation,0.2924,3.0214,0.2924,3.0214,1707,0.1200568675994873,0.1200568675994873,0.504443883895874,0.6245007514953613,369.8183033466339,0.504443883895874,0.6245007514953613,369.8183033466339
nc_papers100m_195trainer_0hop_balanced_local_bs1024_800r,20260914_204924_ogbn-papers100M_FedAvg_bs1024_seed42_beta10000p0,ogbn-papers100M,FedAvg,1024,42,10000.0,570,validation,0.2925,3.0206,0.2925,3.0206,1710,0.1269392967224121,0.1269392967224121,0.5331621170043945,0.6601014137268066,370.4784047603607,0.5331621170043945,0.6601014137268066,370.4784047603607
nc_papers100m_195trainer_0hop_balanced_local_bs1024_800r,20260914_204924_ogbn-papers100M_FedAvg_bs1024_seed42_beta10000p0,ogbn-papers100M,FedAvg,1024,42,10000.0,571,validation,0.2926,3.0198,0.2926,3.0198,1713,0.1210930347442627,0.1210930347442627,0.5279989242553711,0.6490919589996338,371.12749671936035,0.5279989242553711,0.6490919589996338,371.12749671936035
nc_papers100m_195trainer_0hop_balanced_local_bs1024_800r,20260914_204924_ogbn-papers100M_FedAvg_bs1024_seed42_beta10000p0,ogbn-papers100M,FedAvg,1024,42,10000.0,572,validation,0.2928,3.019,0.2928,3.019,1716,0.12408208847045898,0.12408208847045898,0.5163092613220215,0.6403913497924805,371.76788806915283,0.5163092613220215,0.6403913497924805,371.76788806915283
nc_papers100m_195trainer_0hop_balanced_local_bs1024_800r,20260914_204924_ogbn-papers100M_FedAvg_bs1024_seed42_beta10000p0,ogbn-papers100M,FedAvg,1024,42,10000.0,573,validation,0.293,3.0181,0.293,3.0181,1719,0.12178683280944824,0.12178683280944824,0.5169048309326172,0.6386916637420654,372.4065797328949,0.5169048309326172,0.6386916637420654,372.4065797328949
nc_papers100m_195trainer_0hop_balanced_local_bs1024_800r,20260914_204924_ogbn-papers100M_FedAvg_bs1024_seed42_beta10000p0,ogbn-papers100M,FedAvg,1024,42,10000.0,574,validation,0.2932,3.0169,0.2932,3.0169,1722,0.1179511547088623,0.1179511547088623,0.5229582786560059,0.6409094333648682,373.04748916625977,0.5229582786560059,0.6409094333648682,373.04748916625977
nc_papers100m_195trainer_0hop_balanced_local_bs1024_800r,20260914_204924_ogbn-papers100M_FedAvg_bs1024_seed42_beta10000p0,ogbn-papers100M,FedAvg,1024,42,10000.0,575,validation,0.2934,3.016,0.2934,3.016,1725,0.12158799171447754,0.12158799171447754,0.5082271099090576,0.6298151016235352,373.6773042678833,0.5082271099090576,0.6298151016235352,373.6773042678833
nc_papers100m_195trainer_0hop_balanced_local_bs1024_800r,20260914_204924_ogbn-papers100M_FedAvg_bs1024_seed42_beta10000p0,ogbn-papers100M,FedAvg,1024,42,10000.0,576,validation,0.2934,3.015,0.2934,3.015,1728,0.12567424774169922,0.12567424774169922,0.5143847465515137,0.6400589942932129,374.3173632621765,0.5143847465515137,0.6400589942932129,374.3173632621765
nc_papers100m_195trainer_0hop_balanced_local_bs1024_800r,20260914_204924_ogbn-papers100M_FedAvg_bs1024_seed42_beta10000p0,ogbn-papers100M,FedAvg,1024,42,10000.0,577,validation,0.2937,3.014,0.2937,3.014,1731,0.12949895858764648,0.12949895858764648,0.527738094329834,0.6572370529174805,374.974600315094,0.527738094329834,0.6572370529174805,374.974600315094
nc_papers100m_195trainer_0hop_balanced_local_bs1024_800r,20260914_204924_ogbn-papers100M_FedAvg_bs1024_seed42_beta10000p0,ogbn-papers100M,FedAvg,1024,42,10000.0,578,validation,0.2938,3.0134,0.2938,3.0134,1734,0.1224222183227539,0.1224222183227539,0.5211963653564453,0.6436185836791992,375.6182188987732,0.5211963653564453,0.6436185836791992,375.6182188987732
nc_papers100m_195trainer_0hop_balanced_local_bs1024_800r,20260914_204924_ogbn-papers100M_FedAvg_bs1024_seed42_beta10000p0,ogbn-papers100M,FedAvg,1024,42,10000.0,579,validation,0.294,3.0125,0.294,3.0125,1737,0.11980605125427246,0.11980605125427246,0.5116519927978516,0.631458044052124,376.2496769428253,0.5116519927978516,0.631458044052124,376.2496769428253
nc_papers100m_195trainer_0hop_balanced_local_bs1024_800r,20260914_204924_ogbn-papers100M_FedAvg_bs1024_seed42_beta10000p0,ogbn-papers100M,FedAvg,1024,42,10000.0,580,validation,0.2941,3.0116,0.2941,3.0116,1740,0.12088370323181152,0.12088370323181152,0.5280816555023193,0.6489653587341309,376.89864230155945,0.5280816555023193,0.6489653587341309,376.89864230155945
nc_papers100m_195trainer_0hop_balanced_local_bs1024_800r,20260914_204924_ogbn-papers100M_FedAvg_bs1024_seed42_beta10000p0,ogbn-papers100M,FedAvg,1024,42,10000.0,581,validation,0.2943,3.0106,0.2943,3.0106,1743,0.12033367156982422,0.12033367156982422,0.5198893547058105,0.6402230262756348,377.5388653278351,0.5198893547058105,0.6402230262756348,377.5388653278351
nc_papers100m_195trainer_0hop_balanced_local_bs1024_800r,20260914_204924_ogbn-papers100M_FedAvg_bs1024_seed42_beta10000p0,ogbn-papers100M,FedAvg,1024,42,10000.0,582,validation,0.2944,3.0097,0.2944,3.0097,1746,0.12575125694274902,0.12575125694274902,0.5087375640869141,0.6344888210296631,378.17335414886475,0.5087375640869141,0.6344888210296631,378.17335414886475
nc_papers100m_195trainer_0hop_balanced_local_bs1024_800r,20260914_204924_ogbn-papers100M_FedAvg_bs1024_seed42_beta10000p0,ogbn-papers100M,FedAvg,1024,42,10000.0,583,validation,0.2946,3.0087,0.2946,3.0087,1749,0.12256073951721191,0.12256073951721191,0.5278663635253906,0.6504271030426025,378.82378125190735,0.5278663635253906,0.6504271030426025,378.82378125190735
nc_papers100m_195trainer_0hop_balanced_local_bs1024_800r,20260914_204924_ogbn-papers100M_FedAvg_bs1024_seed42_beta10000p0,ogbn-papers100M,FedAvg,1024,42,10000.0,584,validation,0.2947,3.0079,0.2947,3.0079,1752,0.12100720405578613,0.12100720405578613,0.530686616897583,0.6516938209533691,379.4754750728607,0.530686616897583,0.6516938209533691,379.4754750728607
nc_papers100m_195trainer_0hop_balanced_local_bs1024_800r,20260914_204924_ogbn-papers100M_FedAvg_bs1024_seed42_beta10000p0,ogbn-papers100M,FedAvg,1024,42,10000.0,585,validation,0.2948,3.0071,0.2948,3.0071,1755,0.12314248085021973,0.12314248085021973,0.5301992893218994,0.6533417701721191,380.12881684303284,0.5301992893218994,0.6533417701721191,380.12881684303284
nc_papers100m_195trainer_0hop_balanced_local_bs1024_800r,20260914_204924_ogbn-papers100M_FedAvg_bs1024_seed42_beta10000p0,ogbn-papers100M,FedAvg,1024,42,10000.0,586,validation,0.2952,3.0062,0.2952,3.0062,1758,0.12630009651184082,0.12630009651184082,0.5252447128295898,0.6515448093414307,380.78036165237427,0.5252447128295898,0.6515448093414307,380.78036165237427
nc_papers100m_195trainer_0hop_balanced_local_bs1024_800r,20260914_204924_ogbn-papers100M_FedAvg_bs1024_seed42_beta10000p0,ogbn-papers100M,FedAvg,1024,42,10000.0,587,validation,0.2954,3.0054,0.2954,3.0054,1761,0.1229710578918457,0.1229710578918457,0.5294256210327148,0.6523966789245605,381.4327583312988,0.5294256210327148,0.6523966789245605,381.4327583312988
nc_papers100m_195trainer_0hop_balanced_local_bs1024_800r,20260914_204924_ogbn-papers100M_FedAvg_bs1024_seed42_beta10000p0,ogbn-papers100M,FedAvg,1024,42,10000.0,588,validation,0.2954,3.0045,0.2954,3.0045,1764,0.11965489387512207,0.11965489387512207,0.5149533748626709,0.634608268737793,382.0673666000366,0.5149533748626709,0.634608268737793,382.0673666000366
nc_papers100m_195trainer_0hop_balanced_local_bs1024_800r,20260914_204924_ogbn-papers100M_FedAvg_bs1024_seed42_beta10000p0,ogbn-papers100M,FedAvg,1024,42,10000.0,589,validation,0.2955,3.0038,0.2955,3.0038,1767,0.12192821502685547,0.12192821502685547,0.5164718627929688,0.6384000778198242,382.70576667785645,0.5164718627929688,0.6384000778198242,382.70576667785645
nc_papers100m_195trainer_0hop_balanced_local_bs1024_800r,20260914_204924_ogbn-papers100M_FedAvg_bs1024_seed42_beta10000p0,ogbn-papers100M,FedAvg,1024,42,10000.0,590,validation,0.2958,3.0029,0.2958,3.0029,1770,0.11865067481994629,0.11865067481994629,0.5193686485290527,0.638019323348999,383.34378600120544,0.5193686485290527,0.638019323348999,383.34378600120544
nc_papers100m_195trainer_0hop_balanced_local_bs1024_800r,20260914_204924_ogbn-papers100M_FedAvg_bs1024_seed42_beta10000p0,ogbn-papers100M,FedAvg,1024,42,10000.0,591,validation,0.2959,3.0019,0.2959,3.0019,1773,0.11938595771789551,0.11938595771789551,0.5148475170135498,0.6342334747314453,383.9780194759369,0.5148475170135498,0.6342334747314453,383.9780194759369
nc_papers100m_195trainer_0hop_balanced_local_bs1024_800r,20260914_204924_ogbn-papers100M_FedAvg_bs1024_seed42_beta10000p0,ogbn-papers100M,FedAvg,1024,42,10000.0,592,validation,0.296,3.0011,0.296,3.0011,1776,0.1229391098022461,0.1229391098022461,0.5175907611846924,0.6405298709869385,384.6185493469238,0.5175907611846924,0.6405298709869385,384.6185493469238
nc_papers100m_195trainer_0hop_balanced_local_bs1024_800r,20260914_204924_ogbn-papers100M_FedAvg_bs1024_seed42_beta10000p0,ogbn-papers100M,FedAvg,1024,42,10000.0,593,validation,0.2961,3.0003,0.2961,3.0003,1779,0.1268608570098877,0.1268608570098877,0.5356595516204834,0.6625204086303711,385.2810697555542,0.5356595516204834,0.6625204086303711,385.2810697555542
nc_papers100m_195trainer_0hop_balanced_local_bs1024_800r,20260914_204924_ogbn-papers100M_FedAvg_bs1024_seed42_beta10000p0,ogbn-papers100M,FedAvg,1024,42,10000.0,594,validation,0.2962,2.9994,0.2962,2.9994,1782,0.11917233467102051,0.11917233467102051,0.5169153213500977,0.6360876560211182,385.9171574115753,0.5169153213500977,0.6360876560211182,385.9171574115753
nc_papers100m_195trainer_0hop_balanced_local_bs1024_800r,20260914_204924_ogbn-papers100M_FedAvg_bs1024_seed42_beta10000p0,ogbn-papers100M,FedAvg,1024,42,10000.0,595,validation,0.2964,2.9985,0.2964,2.9985,1785,0.11897039413452148,0.11897039413452148,0.5241227149963379,0.6430931091308594,386.5602505207062,0.5241227149963379,0.6430931091308594,386.5602505207062
nc_papers100m_195trainer_0hop_balanced_local_bs1024_800r,20260914_204924_ogbn-papers100M_FedAvg_bs1024_seed42_beta10000p0,ogbn-papers100M,FedAvg,1024,42,10000.0,596,validation,0.2965,2.9975,0.2965,2.9975,1788,0.1237649917602539,0.1237649917602539,0.5244195461273193,0.6481845378875732,387.20843505859375,0.5244195461273193,0.6481845378875732,387.20843505859375
nc_papers100m_195trainer_0hop_balanced_local_bs1024_800r,20260914_204924_ogbn-papers100M_FedAvg_bs1024_seed42_beta10000p0,ogbn-papers100M,FedAvg,1024,42,10000.0,597,validation,0.2966,2.9967,0.2966,2.9967,1791,0.12330389022827148,0.12330389022827148,0.5186269283294678,0.6419308185577393,387.8503658771515,0.5186269283294678,0.6419308185577393,387.8503658771515
nc_papers100m_195trainer_0hop_balanced_local_bs1024_800r,20260914_204924_ogbn-papers100M_FedAvg_bs1024_seed42_beta10000p0,ogbn-papers100M,FedAvg,1024,42,10000.0,598,validation,0.2969,2.9959,0.2969,2.9959,1794,0.11907768249511719,0.11907768249511719,0.5117557048797607,0.6308333873748779,388.48119926452637,0.5117557048797607,0.6308333873748779,388.48119926452637
nc_papers100m_195trainer_0hop_balanced_local_bs1024_800r,20260914_204924_ogbn-papers100M_FedAvg_bs1024_seed42_beta10000p0,ogbn-papers100M,FedAvg,1024,42,10000.0,599,validation,0.297,2.9951,0.297,2.9951,1797,0.12083125114440918,0.12083125114440918,0.5621697902679443,0.6830010414123535,389.1642003059387,0.5621697902679443,0.6830010414123535,389.1642003059387
nc_papers100m_195trainer_0hop_balanced_local_bs1024_800r,20260914_204924_ogbn-papers100M_FedAvg_bs1024_seed42_beta10000p0,ogbn-papers100M,FedAvg,1024,42,10000.0,600,validation,0.2971,2.9943,0.2971,2.9943,1800,0.12231087684631348,0.12231087684631348,0.5201032161712646,0.6424140930175781,389.8066143989563,0.5201032161712646,0.6424140930175781,389.8066143989563
nc_papers100m_195trainer_0hop_balanced_local_bs1024_800r,20260914_204924_ogbn-papers100M_FedAvg_bs1024_seed42_beta10000p0,ogbn-papers100M,FedAvg,1024,42,10000.0,601,validation,0.2972,2.9932,0.2972,2.9932,1803,0.11915278434753418,0.11915278434753418,0.5139505863189697,0.6331033706665039,390.4397177696228,0.5139505863189697,0.6331033706665039,390.4397177696228
nc_papers100m_195trainer_0hop_balanced_local_bs1024_800r,20260914_204924_ogbn-papers100M_FedAvg_bs1024_seed42_beta10000p0,ogbn-papers100M,FedAvg,1024,42,10000.0,602,validation,0.2973,2.9924,0.2973,2.9924,1806,0.11976456642150879,0.11976456642150879,0.5312173366546631,0.6509819030761719,391.090699672699,0.5312173366546631,0.6509819030761719,391.090699672699
nc_papers100m_195trainer_0hop_balanced_local_bs1024_800r,20260914_204924_ogbn-papers100M_FedAvg_bs1024_seed42_beta10000p0,ogbn-papers100M,FedAvg,1024,42,10000.0,603,validation,0.2973,2.9915,0.2973,2.9915,1809,0.11903953552246094,0.11903953552246094,0.5269718170166016,0.6460113525390625,391.73671102523804,0.5269718170166016,0.6460113525390625,391.73671102523804
nc_papers100m_195trainer_0hop_balanced_local_bs1024_800r,20260914_204924_ogbn-papers100M_FedAvg_bs1024_seed42_beta10000p0,ogbn-papers100M,FedAvg,1024,42,10000.0,604,validation,0.2976,2.9907,0.2976,2.9907,1812,0.1180269718170166,0.1180269718170166,0.510530948638916,0.6285579204559326,392.36526894569397,0.510530948638916,0.6285579204559326,392.36526894569397
nc_papers100m_195trainer_0hop_balanced_local_bs1024_800r,20260914_204924_ogbn-papers100M_FedAvg_bs1024_seed42_beta10000p0,ogbn-papers100M,FedAvg,1024,42,10000.0,605,validation,0.2978,2.99,0.2978,2.99,1815,0.12064313888549805,0.12064313888549805,0.5256133079528809,0.6462564468383789,393.01152539253235,0.5256133079528809,0.6462564468383789,393.01152539253235
nc_papers100m_195trainer_0hop_balanced_local_bs1024_800r,20260914_204924_ogbn-papers100M_FedAvg_bs1024_seed42_beta10000p0,ogbn-papers100M,FedAvg,1024,42,10000.0,606,validation,0.2978,2.9892,0.2978,2.9892,1818,0.12356305122375488,0.12356305122375488,0.517866849899292,0.6414299011230469,393.6529552936554,0.517866849899292,0.6414299011230469,393.6529552936554
nc_papers100m_195trainer_0hop_balanced_local_bs1024_800r,20260914_204924_ogbn-papers100M_FedAvg_bs1024_seed42_beta10000p0,ogbn-papers100M,FedAvg,1024,42,10000.0,607,validation,0.298,2.9883,0.298,2.9883,1821,0.1318950653076172,0.1318950653076172,0.5083706378936768,0.640265703201294,394.2932209968567,0.5083706378936768,0.640265703201294,394.2932209968567
nc_papers100m_195trainer_0hop_balanced_local_bs1024_800r,20260914_204924_ogbn-papers100M_FedAvg_bs1024_seed42_beta10000p0,ogbn-papers100M,FedAvg,1024,42,10000.0,608,validation,0.298,2.9877,0.298,2.9877,1824,0.12279486656188965,0.12279486656188965,0.5226495265960693,0.645444393157959,394.93866539001465,0.5226495265960693,0.645444393157959,394.93866539001465
nc_papers100m_195trainer_0hop_balanced_local_bs1024_800r,20260914_204924_ogbn-papers100M_FedAvg_bs1024_seed42_beta10000p0,ogbn-papers100M,FedAvg,1024,42,10000.0,609,validation,0.2982,2.987,0.2982,2.987,1827,0.11949872970581055,0.11949872970581055,0.515798807144165,0.6352975368499756,395.5739629268646,0.515798807144165,0.6352975368499756,395.5739629268646
nc_papers100m_195trainer_0hop_balanced_local_bs1024_800r,20260914_204924_ogbn-papers100M_FedAvg_bs1024_seed42_beta10000p0,ogbn-papers100M,FedAvg,1024,42,10000.0,610,validation,0.2985,2.9861,0.2985,2.9861,1830,0.12159848213195801,0.12159848213195801,0.5157995223999023,0.6373980045318604,396.2113609313965,0.5157995223999023,0.6373980045318604,396.2113609313965
nc_papers100m_195trainer_0hop_balanced_local_bs1024_800r,20260914_204924_ogbn-papers100M_FedAvg_bs1024_seed42_beta10000p0,ogbn-papers100M,FedAvg,1024,42,10000.0,611,validation,0.2986,2.9854,0.2986,2.9854,1833,0.13442039489746094,0.13442039489746094,0.5131499767303467,0.6475703716278076,396.8589313030243,0.5131499767303467,0.6475703716278076,396.8589313030243
nc_papers100m_195trainer_0hop_balanced_local_bs1024_800r,20260914_204924_ogbn-papers100M_FedAvg_bs1024_seed42_beta10000p0,ogbn-papers100M,FedAvg,1024,42,10000.0,612,validation,0.2986,2.9846,0.2986,2.9846,1836,0.12776947021484375,0.12776947021484375,0.5188448429107666,0.6466143131256104,397.5055456161499,0.5188448429107666,0.6466143131256104,397.5055456161499
nc_papers100m_195trainer_0hop_balanced_local_bs1024_800r,20260914_204924_ogbn-papers100M_FedAvg_bs1024_seed42_beta10000p0,ogbn-papers100M,FedAvg,1024,42,10000.0,613,validation,0.2988,2.9837,0.2988,2.9837,1839,0.12443208694458008,0.12443208694458008,0.5280482769012451,0.6524803638458252,398.1580259799957,0.5280482769012451,0.6524803638458252,398.1580259799957
nc_papers100m_195trainer_0hop_balanced_local_bs1024_800r,20260914_204924_ogbn-papers100M_FedAvg_bs1024_seed42_beta10000p0,ogbn-papers100M,FedAvg,1024,42,10000.0,614,validation,0.2988,2.9829,0.2988,2.9829,1842,0.12297320365905762,0.12297320365905762,0.5348696708679199,0.6578428745269775,398.8158688545227,0.5348696708679199,0.6578428745269775,398.8158688545227
nc_papers100m_195trainer_0hop_balanced_local_bs1024_800r,20260914_204924_ogbn-papers100M_FedAvg_bs1024_seed42_beta10000p0,ogbn-papers100M,FedAvg,1024,42,10000.0,615,validation,0.2989,2.982,0.2989,2.982,1845,0.12240314483642578,0.12240314483642578,0.511521577835083,0.6339247226715088,399.4497935771942,0.511521577835083,0.6339247226715088,399.4497935771942
nc_papers100m_195trainer_0hop_balanced_local_bs1024_800r,20260914_204924_ogbn-papers100M_FedAvg_bs1024_seed42_beta10000p0,ogbn-papers100M,FedAvg,1024,42,10000.0,616,validation,0.299,2.9812,0.299,2.9812,1848,0.12613224983215332,0.12613224983215332,0.5112259387969971,0.6373581886291504,400.08715176582336,0.5112259387969971,0.6373581886291504,400.08715176582336
nc_papers100m_195trainer_0hop_balanced_local_bs1024_800r,20260914_204924_ogbn-papers100M_FedAvg_bs1024_seed42_beta10000p0,ogbn-papers100M,FedAvg,1024,42,10000.0,617,validation,0.2992,2.9804,0.2992,2.9804,1851,0.1299598217010498,0.1299598217010498,0.5191376209259033,0.6490974426269531,400.7362492084503,0.5191376209259033,0.6490974426269531,400.7362492084503
nc_papers100m_195trainer_0hop_balanced_local_bs1024_800r,20260914_204924_ogbn-papers100M_FedAvg_bs1024_seed42_beta10000p0,ogbn-papers100M,FedAvg,1024,42,10000.0,618,validation,0.2992,2.9796,0.2992,2.9796,1854,0.1206510066986084,0.1206510066986084,0.5131676197052002,0.6338186264038086,401.3700678348541,0.5131676197052002,0.6338186264038086,401.3700678348541
nc_papers100m_195trainer_0hop_balanced_local_bs1024_800r,20260914_204924_ogbn-papers100M_FedAvg_bs1024_seed42_beta10000p0,ogbn-papers100M,FedAvg,1024,42,10000.0,619,validation,0.2994,2.9787,0.2994,2.9787,1857,0.12097311019897461,0.12097311019897461,0.507716178894043,0.6286892890930176,401.99875712394714,0.507716178894043,0.6286892890930176,401.99875712394714
nc_papers100m_195trainer_0hop_balanced_local_bs1024_800r,20260914_204924_ogbn-papers100M_FedAvg_bs1024_seed42_beta10000p0,ogbn-papers100M,FedAvg,1024,42,10000.0,620,validation,0.2996,2.9779,0.2996,2.9779,1860,0.12726688385009766,0.12726688385009766,0.5125689506530762,0.6398358345031738,402.6385929584503,0.5125689506530762,0.6398358345031738,402.6385929584503
nc_papers100m_195trainer_0hop_balanced_local_bs1024_800r,20260914_204924_ogbn-papers100M_FedAvg_bs1024_seed42_beta10000p0,ogbn-papers100M,FedAvg,1024,42,10000.0,621,validation,0.2996,2.9772,0.2996,2.9772,1863,0.12169384956359863,0.12169384956359863,0.5248517990112305,0.6465456485748291,403.28513860702515,0.5248517990112305,0.6465456485748291,403.28513860702515
nc_papers100m_195trainer_0hop_balanced_local_bs1024_800r,20260914_204924_ogbn-papers100M_FedAvg_bs1024_seed42_beta10000p0,ogbn-papers100M,FedAvg,1024,42,10000.0,622,validation,0.2999,2.9762,0.2999,2.9762,1866,0.12423110008239746,0.12423110008239746,0.52339768409729,0.6476287841796875,403.93276739120483,0.52339768409729,0.6476287841796875,403.93276739120483
nc_papers100m_195trainer_0hop_balanced_local_bs1024_800r,20260914_204924_ogbn-papers100M_FedAvg_bs1024_seed42_beta10000p0,ogbn-papers100M,FedAvg,1024,42,10000.0,623,validation,0.2999,2.9752,0.2999,2.9752,1869,0.12231159210205078,0.12231159210205078,0.5120301246643066,0.6343417167663574,404.5671091079712,0.5120301246643066,0.6343417167663574,404.5671091079712
nc_papers100m_195trainer_0hop_balanced_local_bs1024_800r,20260914_204924_ogbn-papers100M_FedAvg_bs1024_seed42_beta10000p0,ogbn-papers100M,FedAvg,1024,42,10000.0,624,validation,0.3001,2.9746,0.3001,2.9746,1872,0.11978769302368164,0.11978769302368164,0.5311019420623779,0.6508896350860596,405.21799874305725,0.5311019420623779,0.6508896350860596,405.21799874305725
nc_papers100m_195trainer_0hop_balanced_local_bs1024_800r,20260914_204924_ogbn-papers100M_FedAvg_bs1024_seed42_beta10000p0,ogbn-papers100M,FedAvg,1024,42,10000.0,625,validation,0.3003,2.9737,0.3003,2.9737,1875,0.12225484848022461,0.12225484848022461,0.5156323909759521,0.6378872394561768,405.8558859825134,0.5156323909759521,0.6378872394561768,405.8558859825134
nc_papers100m_195trainer_0hop_balanced_local_bs1024_800r,20260914_204924_ogbn-papers100M_FedAvg_bs1024_seed42_beta10000p0,ogbn-papers100M,FedAvg,1024,42,10000.0,626,validation,0.3005,2.9727,0.3005,2.9727,1878,0.12333393096923828,0.12333393096923828,0.513906717300415,0.6372406482696533,406.4931266307831,0.513906717300415,0.6372406482696533,406.4931266307831
nc_papers100m_195trainer_0hop_balanced_local_bs1024_800r,20260914_204924_ogbn-papers100M_FedAvg_bs1024_seed42_beta10000p0,ogbn-papers100M,FedAvg,1024,42,10000.0,627,validation,0.3005,2.9721,0.3005,2.9721,1881,0.1236429214477539,0.1236429214477539,0.5220272541046143,0.6456701755523682,407.13879680633545,0.5220272541046143,0.6456701755523682,407.13879680633545
nc_papers100m_195trainer_0hop_balanced_local_bs1024_800r,20260914_204924_ogbn-papers100M_FedAvg_bs1024_seed42_beta10000p0,ogbn-papers100M,FedAvg,1024,42,10000.0,628,validation,0.3008,2.9712,0.3008,2.9712,1884,0.12028694152832031,0.12028694152832031,0.5460455417633057,0.666332483291626,407.8051292896271,0.5460455417633057,0.666332483291626,407.8051292896271
nc_papers100m_195trainer_0hop_balanced_local_bs1024_800r,20260914_204924_ogbn-papers100M_FedAvg_bs1024_seed42_beta10000p0,ogbn-papers100M,FedAvg,1024,42,10000.0,629,validation,0.3008,2.9706,0.3008,2.9706,1887,0.11821174621582031,0.11821174621582031,0.5189642906188965,0.6371760368347168,408.4423053264618,0.5189642906188965,0.6371760368347168,408.4423053264618
nc_papers100m_195trainer_0hop_balanced_local_bs1024_800r,20260914_204924_ogbn-papers100M_FedAvg_bs1024_seed42_beta10000p0,ogbn-papers100M,FedAvg,1024,42,10000.0,630,validation,0.301,2.97,0.301,2.97,1890,0.11941313743591309,0.11941313743591309,0.522348165512085,0.641761302947998,409.0840666294098,0.522348165512085,0.641761302947998,409.0840666294098
nc_papers100m_195trainer_0hop_balanced_local_bs1024_800r,20260914_204924_ogbn-papers100M_FedAvg_bs1024_seed42_beta10000p0,ogbn-papers100M,FedAvg,1024,42,10000.0,631,validation,0.3011,2.9692,0.3011,2.9692,1893,0.12342357635498047,0.12342357635498047,0.5191202163696289,0.6425437927246094,409.7266104221344,0.5191202163696289,0.6425437927246094,409.7266104221344
nc_papers100m_195trainer_0hop_balanced_local_bs1024_800r,20260914_204924_ogbn-papers100M_FedAvg_bs1024_seed42_beta10000p0,ogbn-papers100M,FedAvg,1024,42,10000.0,632,validation,0.3012,2.9683,0.3012,2.9683,1896,0.12408280372619629,0.12408280372619629,0.5100674629211426,0.6341502666473389,410.36076068878174,0.5100674629211426,0.6341502666473389,410.36076068878174
nc_papers100m_195trainer_0hop_balanced_local_bs1024_800r,20260914_204924_ogbn-papers100M_FedAvg_bs1024_seed42_beta10000p0,ogbn-papers100M,FedAvg,1024,42,10000.0,633,validation,0.3016,2.9675,0.3016,2.9675,1899,0.11812996864318848,0.11812996864318848,0.5249729156494141,0.6431028842926025,411.00386357307434,0.5249729156494141,0.6431028842926025,411.00386357307434
nc_papers100m_195trainer_0hop_balanced_local_bs1024_800r,20260914_204924_ogbn-papers100M_FedAvg_bs1024_seed42_beta10000p0,ogbn-papers100M,FedAvg,1024,42,10000.0,634,validation,0.3015,2.9667,0.3015,2.9667,1902,0.12101149559020996,0.12101149559020996,0.5169105529785156,0.6379220485687256,411.64178562164307,0.5169105529785156,0.6379220485687256,411.64178562164307
nc_papers100m_195trainer_0hop_balanced_local_bs1024_800r,20260914_204924_ogbn-papers100M_FedAvg_bs1024_seed42_beta10000p0,ogbn-papers100M,FedAvg,1024,42,10000.0,635,validation,0.3017,2.9658,0.3017,2.9658,1905,0.1197052001953125,0.1197052001953125,0.5164361000061035,0.636141300201416,412.2779269218445,0.5164361000061035,0.636141300201416,412.2779269218445
nc_papers100m_195trainer_0hop_balanced_local_bs1024_800r,20260914_204924_ogbn-papers100M_FedAvg_bs1024_seed42_beta10000p0,ogbn-papers100M,FedAvg,1024,42,10000.0,636,validation,0.3018,2.9651,0.3018,2.9651,1908,0.1212625503540039,0.1212625503540039,0.5240776538848877,0.6453402042388916,412.9232671260834,0.5240776538848877,0.6453402042388916,412.9232671260834
nc_papers100m_195trainer_0hop_balanced_local_bs1024_800r,20260914_204924_ogbn-papers100M_FedAvg_bs1024_seed42_beta10000p0,ogbn-papers100M,FedAvg,1024,42,10000.0,637,validation,0.3017,2.9643,0.3017,2.9643,1911,0.12266111373901367,0.12266111373901367,0.52036452293396,0.6430256366729736,413.56629276275635,0.52036452293396,0.6430256366729736,413.56629276275635
nc_papers100m_195trainer_0hop_balanced_local_bs1024_800r,20260914_204924_ogbn-papers100M_FedAvg_bs1024_seed42_beta10000p0,ogbn-papers100M,FedAvg,1024,42,10000.0,638,validation,0.3016,2.9637,0.3016,2.9637,1914,0.12280392646789551,0.12280392646789551,0.5129632949829102,0.6357672214508057,414.20205998420715,0.5129632949829102,0.6357672214508057,414.20205998420715
nc_papers100m_195trainer_0hop_balanced_local_bs1024_800r,20260914_204924_ogbn-papers100M_FedAvg_bs1024_seed42_beta10000p0,ogbn-papers100M,FedAvg,1024,42,10000.0,639,validation,0.3021,2.9629,0.3021,2.9629,1917,0.11914682388305664,0.11914682388305664,0.5257527828216553,0.6448996067047119,414.84695959091187,0.5257527828216553,0.6448996067047119,414.84695959091187
nc_papers100m_195trainer_0hop_balanced_local_bs1024_800r,20260914_204924_ogbn-papers100M_FedAvg_bs1024_seed42_beta10000p0,ogbn-papers100M,FedAvg,1024,42,10000.0,640,validation,0.302,2.9622,0.302,2.9622,1920,0.12015652656555176,0.12015652656555176,0.5161166191101074,0.6362731456756592,415.4832327365875,0.5161166191101074,0.6362731456756592,415.4832327365875
nc_papers100m_195trainer_0hop_balanced_local_bs1024_800r,20260914_204924_ogbn-papers100M_FedAvg_bs1024_seed42_beta10000p0,ogbn-papers100M,FedAvg,1024,42,10000.0,641,validation,0.302,2.9614,0.302,2.9614,1923,0.12048006057739258,0.12048006057739258,0.5081584453582764,0.628638505935669,416.1118712425232,0.5081584453582764,0.628638505935669,416.1118712425232
nc_papers100m_195trainer_0hop_balanced_local_bs1024_800r,20260914_204924_ogbn-papers100M_FedAvg_bs1024_seed42_beta10000p0,ogbn-papers100M,FedAvg,1024,42,10000.0,642,validation,0.3023,2.9607,0.3023,2.9607,1926,0.11872649192810059,0.11872649192810059,0.539203405380249,0.6579298973083496,416.76980113983154,0.539203405380249,0.6579298973083496,416.76980113983154
nc_papers100m_195trainer_0hop_balanced_local_bs1024_800r,20260914_204924_ogbn-papers100M_FedAvg_bs1024_seed42_beta10000p0,ogbn-papers100M,FedAvg,1024,42,10000.0,643,validation,0.3027,2.9599,0.3027,2.9599,1929,0.11856937408447266,0.11856937408447266,0.5275444984436035,0.6461138725280762,417.4159150123596,0.5275444984436035,0.6461138725280762,417.4159150123596
nc_papers100m_195trainer_0hop_balanced_local_bs1024_800r,20260914_204924_ogbn-papers100M_FedAvg_bs1024_seed42_beta10000p0,ogbn-papers100M,FedAvg,1024,42,10000.0,644,validation,0.3027,2.9592,0.3027,2.9592,1932,0.12058782577514648,0.12058782577514648,0.5034735202789307,0.6240613460540771,418.0399763584137,0.5034735202789307,0.6240613460540771,418.0399763584137
nc_papers100m_195trainer_0hop_balanced_local_bs1024_800r,20260914_204924_ogbn-papers100M_FedAvg_bs1024_seed42_beta10000p0,ogbn-papers100M,FedAvg,1024,42,10000.0,645,validation,0.3029,2.9584,0.3029,2.9584,1935,0.11907291412353516,0.11907291412353516,0.5200483798980713,0.6391212940216064,418.6790976524353,0.5200483798980713,0.6391212940216064,418.6790976524353
nc_papers100m_195trainer_0hop_balanced_local_bs1024_800r,20260914_204924_ogbn-papers100M_FedAvg_bs1024_seed42_beta10000p0,ogbn-papers100M,FedAvg,1024,42,10000.0,646,validation,0.3031,2.9575,0.3031,2.9575,1938,0.1190023422241211,0.1190023422241211,0.5151290893554688,0.6341314315795898,419.3132290840149,0.5151290893554688,0.6341314315795898,419.3132290840149
nc_papers100m_195trainer_0hop_balanced_local_bs1024_800r,20260914_204924_ogbn-papers100M_FedAvg_bs1024_seed42_beta10000p0,ogbn-papers100M,FedAvg,1024,42,10000.0,647,validation,0.3031,2.9567,0.3031,2.9567,1941,0.12053394317626953,0.12053394317626953,0.507152795791626,0.6276867389678955,419.9409158229828,0.507152795791626,0.6276867389678955,419.9409158229828
nc_papers100m_195trainer_0hop_balanced_local_bs1024_800r,20260914_204924_ogbn-papers100M_FedAvg_bs1024_seed42_beta10000p0,ogbn-papers100M,FedAvg,1024,42,10000.0,648,validation,0.3034,2.956,0.3034,2.956,1944,0.11973977088928223,0.11973977088928223,0.5139667987823486,0.6337065696716309,420.5746223926544,0.5139667987823486,0.6337065696716309,420.5746223926544
nc_papers100m_195trainer_0hop_balanced_local_bs1024_800r,20260914_204924_ogbn-papers100M_FedAvg_bs1024_seed42_beta10000p0,ogbn-papers100M,FedAvg,1024,42,10000.0,649,validation,0.3035,2.9553,0.3035,2.9553,1947,0.11987638473510742,0.11987638473510742,0.514397144317627,0.6342735290527344,421.20889592170715,0.514397144317627,0.6342735290527344,421.20889592170715
nc_papers100m_195trainer_0hop_balanced_local_bs1024_800r,20260914_204924_ogbn-papers100M_FedAvg_bs1024_seed42_beta10000p0,ogbn-papers100M,FedAvg,1024,42,10000.0,650,validation,0.3035,2.9543,0.3035,2.9543,1950,0.12034273147583008,0.12034273147583008,0.5085005760192871,0.6288433074951172,421.83773922920227,0.5085005760192871,0.6288433074951172,421.83773922920227
nc_papers100m_195trainer_0hop_balanced_local_bs1024_800r,20260914_204924_ogbn-papers100M_FedAvg_bs1024_seed42_beta10000p0,ogbn-papers100M,FedAvg,1024,42,10000.0,651,validation,0.3036,2.9537,0.3036,2.9537,1953,0.12762928009033203,0.12762928009033203,0.5216913223266602,0.6493206024169922,422.48705983161926,0.5216913223266602,0.6493206024169922,422.48705983161926
nc_papers100m_195trainer_0hop_balanced_local_bs1024_800r,20260914_204924_ogbn-papers100M_FedAvg_bs1024_seed42_beta10000p0,ogbn-papers100M,FedAvg,1024,42,10000.0,652,validation,0.3039,2.953,0.3039,2.953,1956,0.12020277976989746,0.12020277976989746,0.5154526233673096,0.635655403137207,423.12271523475647,0.5154526233673096,0.635655403137207,423.12271523475647
nc_papers100m_195trainer_0hop_balanced_local_bs1024_800r,20260914_204924_ogbn-papers100M_FedAvg_bs1024_seed42_beta10000p0,ogbn-papers100M,FedAvg,1024,42,10000.0,653,validation,0.3039,2.9523,0.3039,2.9523,1959,0.12104463577270508,0.12104463577270508,0.5018455982208252,0.6228902339935303,423.74560546875,0.5018455982208252,0.6228902339935303,423.74560546875
nc_papers100m_195trainer_0hop_balanced_local_bs1024_800r,20260914_204924_ogbn-papers100M_FedAvg_bs1024_seed42_beta10000p0,ogbn-papers100M,FedAvg,1024,42,10000.0,654,validation,0.3041,2.9516,0.3041,2.9516,1962,0.12447381019592285,0.12447381019592285,0.5153639316558838,0.6398377418518066,424.3854432106018,0.5153639316558838,0.6398377418518066,424.3854432106018
nc_papers100m_195trainer_0hop_balanced_local_bs1024_800r,20260914_204924_ogbn-papers100M_FedAvg_bs1024_seed42_beta10000p0,ogbn-papers100M,FedAvg,1024,42,10000.0,655,validation,0.3041,2.9506,0.3041,2.9506,1965,0.11850738525390625,0.11850738525390625,0.5129890441894531,0.6314964294433594,425.01693964004517,0.5129890441894531,0.6314964294433594,425.01693964004517
nc_papers100m_195trainer_0hop_balanced_local_bs1024_800r,20260914_204924_ogbn-papers100M_FedAvg_bs1024_seed42_beta10000p0,ogbn-papers100M,FedAvg,1024,42,10000.0,656,validation,0.3043,2.95,0.3043,2.95,1968,0.12186360359191895,0.12186360359191895,0.5052046775817871,0.627068281173706,425.6440079212189,0.5052046775817871,0.627068281173706,425.6440079212189
nc_papers100m_195trainer_0hop_balanced_local_bs1024_800r,20260914_204924_ogbn-papers100M_FedAvg_bs1024_seed42_beta10000p0,ogbn-papers100M,FedAvg,1024,42,10000.0,657,validation,0.3043,2.9492,0.3043,2.9492,1971,0.11907076835632324,0.11907076835632324,0.5363254547119141,0.6553962230682373,426.2994041442871,0.5363254547119141,0.6553962230682373,426.2994041442871
nc_papers100m_195trainer_0hop_balanced_local_bs1024_800r,20260914_204924_ogbn-papers100M_FedAvg_bs1024_seed42_beta10000p0,ogbn-papers100M,FedAvg,1024,42,10000.0,658,validation,0.3044,2.9483,0.3044,2.9483,1974,0.12051630020141602,0.12051630020141602,0.5105042457580566,0.6310205459594727,426.9304246902466,0.5105042457580566,0.6310205459594727,426.9304246902466
nc_papers100m_195trainer_0hop_balanced_local_bs1024_800r,20260914_204924_ogbn-papers100M_FedAvg_bs1024_seed42_beta10000p0,ogbn-papers100M,FedAvg,1024,42,10000.0,659,validation,0.3044,2.9479,0.3044,2.9479,1977,0.12299084663391113,0.12299084663391113,0.5074822902679443,0.6304731369018555,427.56089782714844,0.5074822902679443,0.6304731369018555,427.56089782714844
nc_papers100m_195trainer_0hop_balanced_local_bs1024_800r,20260914_204924_ogbn-papers100M_FedAvg_bs1024_seed42_beta10000p0,ogbn-papers100M,FedAvg,1024,42,10000.0,660,validation,0.3048,2.947,0.3048,2.947,1980,0.12071681022644043,0.12071681022644043,0.5188357830047607,0.6395525932312012,428.20045042037964,0.5188357830047607,0.6395525932312012,428.20045042037964
nc_papers100m_195trainer_0hop_balanced_local_bs1024_800r,20260914_204924_ogbn-papers100M_FedAvg_bs1024_seed42_beta10000p0,ogbn-papers100M,FedAvg,1024,42,10000.0,661,validation,0.3047,2.9464,0.3047,2.9464,1983,0.1254281997680664,0.1254281997680664,0.5216057300567627,0.6470339298248291,428.84748435020447,0.5216057300567627,0.6470339298248291,428.84748435020447
nc_papers100m_195trainer_0hop_balanced_local_bs1024_800r,20260914_204924_ogbn-papers100M_FedAvg_bs1024_seed42_beta10000p0,ogbn-papers100M,FedAvg,1024,42,10000.0,662,validation,0.3048,2.9457,0.3048,2.9457,1986,0.12082672119140625,0.12082672119140625,0.5075767040252686,0.6284034252166748,429.47588777542114,0.5075767040252686,0.6284034252166748,429.47588777542114
nc_papers100m_195trainer_0hop_balanced_local_bs1024_800r,20260914_204924_ogbn-papers100M_FedAvg_bs1024_seed42_beta10000p0,ogbn-papers100M,FedAvg,1024,42,10000.0,663,validation,0.3048,2.9449,0.3048,2.9449,1989,0.12492012977600098,0.12492012977600098,0.5119078159332275,0.6368279457092285,430.11271572113037,0.5119078159332275,0.6368279457092285,430.11271572113037
nc_papers100m_195trainer_0hop_balanced_local_bs1024_800r,20260914_204924_ogbn-papers100M_FedAvg_bs1024_seed42_beta10000p0,ogbn-papers100M,FedAvg,1024,42,10000.0,664,validation,0.305,2.9441,0.305,2.9441,1992,0.12233161926269531,0.12233161926269531,0.5113019943237305,0.6336336135864258,430.7463493347168,0.5113019943237305,0.6336336135864258,430.7463493347168
nc_papers100m_195trainer_0hop_balanced_local_bs1024_800r,20260914_204924_ogbn-papers100M_FedAvg_bs1024_seed42_beta10000p0,ogbn-papers100M,FedAvg,1024,42,10000.0,665,validation,0.3051,2.9433,0.3051,2.9433,1995,0.125413179397583,0.125413179397583,0.5165221691131592,0.6419353485107422,431.38828468322754,0.5165221691131592,0.6419353485107422,431.38828468322754
nc_papers100m_195trainer_0hop_balanced_local_bs1024_800r,20260914_204924_ogbn-papers100M_FedAvg_bs1024_seed42_beta10000p0,ogbn-papers100M,FedAvg,1024,42,10000.0,666,validation,0.3051,2.9424,0.3051,2.9424,1998,0.12746357917785645,0.12746357917785645,0.5113520622253418,0.6388156414031982,432.02710032463074,0.5113520622253418,0.6388156414031982,432.02710032463074
nc_papers100m_195trainer_0hop_balanced_local_bs1024_800r,20260914_204924_ogbn-papers100M_FedAvg_bs1024_seed42_beta10000p0,ogbn-papers100M,FedAvg,1024,42,10000.0,667,validation,0.3054,2.9418,0.3054,2.9418,2001,0.12018728256225586,0.12018728256225586,0.5173451900482178,0.6375324726104736,432.6646327972412,0.5173451900482178,0.6375324726104736,432.6646327972412
nc_papers100m_195trainer_0hop_balanced_local_bs1024_800r,20260914_204924_ogbn-papers100M_FedAvg_bs1024_seed42_beta10000p0,ogbn-papers100M,FedAvg,1024,42,10000.0,668,validation,0.3055,2.9411,0.3055,2.9411,2004,0.12060141563415527,0.12060141563415527,0.5082681179046631,0.6288695335388184,433.29350233078003,0.5082681179046631,0.6288695335388184,433.29350233078003
nc_papers100m_195trainer_0hop_balanced_local_bs1024_800r,20260914_204924_ogbn-papers100M_FedAvg_bs1024_seed42_beta10000p0,ogbn-papers100M,FedAvg,1024,42,10000.0,669,validation,0.3056,2.9405,0.3056,2.9405,2007,0.12361788749694824,0.12361788749694824,0.5227267742156982,0.6463446617126465,433.9398469924927,0.5227267742156982,0.6463446617126465,433.9398469924927
nc_papers100m_195trainer_0hop_balanced_local_bs1024_800r,20260914_204924_ogbn-papers100M_FedAvg_bs1024_seed42_beta10000p0,ogbn-papers100M,FedAvg,1024,42,10000.0,670,validation,0.3058,2.94,0.3058,2.94,2010,0.12150955200195312,0.12150955200195312,0.5107271671295166,0.6322367191314697,434.57208371162415,0.5107271671295166,0.6322367191314697,434.57208371162415
nc_papers100m_195trainer_0hop_balanced_local_bs1024_800r,20260914_204924_ogbn-papers100M_FedAvg_bs1024_seed42_beta10000p0,ogbn-papers100M,FedAvg,1024,42,10000.0,671,validation,0.3058,2.9393,0.3058,2.9393,2013,0.12166500091552734,0.12166500091552734,0.5180301666259766,0.6396951675415039,435.21177887916565,0.5180301666259766,0.6396951675415039,435.21177887916565
nc_papers100m_195trainer_0hop_balanced_local_bs1024_800r,20260914_204924_ogbn-papers100M_FedAvg_bs1024_seed42_beta10000p0,ogbn-papers100M,FedAvg,1024,42,10000.0,672,validation,0.3059,2.9385,0.3059,2.9385,2016,0.13106942176818848,0.13106942176818848,0.5628974437713623,0.6939668655395508,435.9057457447052,0.5628974437713623,0.6939668655395508,435.9057457447052
nc_papers100m_195trainer_0hop_balanced_local_bs1024_800r,20260914_204924_ogbn-papers100M_FedAvg_bs1024_seed42_beta10000p0,ogbn-papers100M,FedAvg,1024,42,10000.0,673,validation,0.3061,2.9379,0.3061,2.9379,2019,0.1231229305267334,0.1231229305267334,0.5242540836334229,0.6473770141601562,436.55312275886536,0.5242540836334229,0.6473770141601562,436.55312275886536
nc_papers100m_195trainer_0hop_balanced_local_bs1024_800r,20260914_204924_ogbn-papers100M_FedAvg_bs1024_seed42_beta10000p0,ogbn-papers100M,FedAvg,1024,42,10000.0,674,validation,0.3062,2.9372,0.3062,2.9372,2022,0.12527012825012207,0.12527012825012207,0.5092563629150391,0.6345264911651611,437.1876492500305,0.5092563629150391,0.6345264911651611,437.1876492500305
nc_papers100m_195trainer_0hop_balanced_local_bs1024_800r,20260914_204924_ogbn-papers100M_FedAvg_bs1024_seed42_beta10000p0,ogbn-papers100M,FedAvg,1024,42,10000.0,675,validation,0.3064,2.9364,0.3064,2.9364,2025,0.1295180320739746,0.1295180320739746,0.5084600448608398,0.6379780769348145,437.82562732696533,0.5084600448608398,0.6379780769348145,437.82562732696533
nc_papers100m_195trainer_0hop_balanced_local_bs1024_800r,20260914_204924_ogbn-papers100M_FedAvg_bs1024_seed42_beta10000p0,ogbn-papers100M,FedAvg,1024,42,10000.0,676,validation,0.3063,2.9356,0.3063,2.9356,2028,0.12246012687683105,0.12246012687683105,0.5240156650543213,0.6464757919311523,438.4721031188965,0.5240156650543213,0.6464757919311523,438.4721031188965
nc_papers100m_195trainer_0hop_balanced_local_bs1024_800r,20260914_204924_ogbn-papers100M_FedAvg_bs1024_seed42_beta10000p0,ogbn-papers100M,FedAvg,1024,42,10000.0,677,validation,0.3064,2.9348,0.3064,2.9348,2031,0.13446640968322754,0.13446640968322754,0.5208003520965576,0.6552667617797852,439.12736988067627,0.5208003520965576,0.6552667617797852,439.12736988067627
nc_papers100m_195trainer_0hop_balanced_local_bs1024_800r,20260914_204924_ogbn-papers100M_FedAvg_bs1024_seed42_beta10000p0,ogbn-papers100M,FedAvg,1024,42,10000.0,678,validation,0.3066,2.9343,0.3066,2.9343,2034,0.12065553665161133,0.12065553665161133,0.5120587348937988,0.6327142715454102,439.7600841522217,0.5120587348937988,0.6327142715454102,439.7600841522217
nc_papers100m_195trainer_0hop_balanced_local_bs1024_800r,20260914_204924_ogbn-papers100M_FedAvg_bs1024_seed42_beta10000p0,ogbn-papers100M,FedAvg,1024,42,10000.0,679,validation,0.3069,2.9336,0.3069,2.9336,2037,0.1234426498413086,0.1234426498413086,0.5314257144927979,0.6548683643341064,440.4149525165558,0.5314257144927979,0.6548683643341064,440.4149525165558
nc_papers100m_195trainer_0hop_balanced_local_bs1024_800r,20260914_204924_ogbn-papers100M_FedAvg_bs1024_seed42_beta10000p0,ogbn-papers100M,FedAvg,1024,42,10000.0,680,validation,0.3068,2.9328,0.3068,2.9328,2040,0.12094950675964355,0.12094950675964355,0.5209758281707764,0.6419253349304199,441.0568778514862,0.5209758281707764,0.6419253349304199,441.0568778514862
nc_papers100m_195trainer_0hop_balanced_local_bs1024_800r,20260914_204924_ogbn-papers100M_FedAvg_bs1024_seed42_beta10000p0,ogbn-papers100M,FedAvg,1024,42,10000.0,681,validation,0.3071,2.932,0.3071,2.932,2043,0.1211690902709961,0.1211690902709961,0.5108566284179688,0.6320257186889648,441.68890357017517,0.5108566284179688,0.6320257186889648,441.68890357017517
nc_papers100m_195trainer_0hop_balanced_local_bs1024_800r,20260914_204924_ogbn-papers100M_FedAvg_bs1024_seed42_beta10000p0,ogbn-papers100M,FedAvg,1024,42,10000.0,682,validation,0.3071,2.9312,0.3071,2.9312,2046,0.12697410583496094,0.12697410583496094,0.5177745819091797,0.6447486877441406,442.3336522579193,0.5177745819091797,0.6447486877441406,442.3336522579193
nc_papers100m_195trainer_0hop_balanced_local_bs1024_800r,20260914_204924_ogbn-papers100M_FedAvg_bs1024_seed42_beta10000p0,ogbn-papers100M,FedAvg,1024,42,10000.0,683,validation,0.3072,2.9305,0.3072,2.9305,2049,0.11978459358215332,0.11978459358215332,0.5217511653900146,0.641535758972168,442.9751880168915,0.5217511653900146,0.641535758972168,442.9751880168915
nc_papers100m_195trainer_0hop_balanced_local_bs1024_800r,20260914_204924_ogbn-papers100M_FedAvg_bs1024_seed42_beta10000p0,ogbn-papers100M,FedAvg,1024,42,10000.0,684,validation,0.3072,2.9298,0.3072,2.9298,2052,0.12639117240905762,0.12639117240905762,0.5047099590301514,0.631101131439209,443.6062891483307,0.5047099590301514,0.631101131439209,443.6062891483307
nc_papers100m_195trainer_0hop_balanced_local_bs1024_800r,20260914_204924_ogbn-papers100M_FedAvg_bs1024_seed42_beta10000p0,ogbn-papers100M,FedAvg,1024,42,10000.0,685,validation,0.3075,2.9289,0.3075,2.9289,2055,0.12361478805541992,0.12361478805541992,0.5166058540344238,0.6402206420898438,444.24650979042053,0.5166058540344238,0.6402206420898438,444.24650979042053
nc_papers100m_195trainer_0hop_balanced_local_bs1024_800r,20260914_204924_ogbn-papers100M_FedAvg_bs1024_seed42_beta10000p0,ogbn-papers100M,FedAvg,1024,42,10000.0,686,validation,0.3077,2.9283,0.3077,2.9283,2058,0.12180733680725098,0.12180733680725098,0.534982442855835,0.6567897796630859,444.9032995700836,0.534982442855835,0.6567897796630859,444.9032995700836
nc_papers100m_195trainer_0hop_balanced_local_bs1024_800r,20260914_204924_ogbn-papers100M_FedAvg_bs1024_seed42_beta10000p0,ogbn-papers100M,FedAvg,1024,42,10000.0,687,validation,0.3077,2.9277,0.3077,2.9277,2061,0.12213301658630371,0.12213301658630371,0.5139048099517822,0.6360378265380859,445.5393373966217,0.5139048099517822,0.6360378265380859,445.5393373966217
nc_papers100m_195trainer_0hop_balanced_local_bs1024_800r,20260914_204924_ogbn-papers100M_FedAvg_bs1024_seed42_beta10000p0,ogbn-papers100M,FedAvg,1024,42,10000.0,688,validation,0.3078,2.927,0.3078,2.927,2064,0.12612295150756836,0.12612295150756836,0.5155024528503418,0.6416254043579102,446.1809628009796,0.5155024528503418,0.6416254043579102,446.1809628009796
nc_papers100m_195trainer_0hop_balanced_local_bs1024_800r,20260914_204924_ogbn-papers100M_FedAvg_bs1024_seed42_beta10000p0,ogbn-papers100M,FedAvg,1024,42,10000.0,689,validation,0.308,2.9264,0.308,2.9264,2067,0.11876964569091797,0.11876964569091797,0.5173208713531494,0.6360905170440674,446.8170533180237,0.5173208713531494,0.6360905170440674,446.8170533180237
nc_papers100m_195trainer_0hop_balanced_local_bs1024_800r,20260914_204924_ogbn-papers100M_FedAvg_bs1024_seed42_beta10000p0,ogbn-papers100M,FedAvg,1024,42,10000.0,690,validation,0.308,2.9256,0.308,2.9256,2070,0.12139248847961426,0.12139248847961426,0.514275312423706,0.6356678009033203,447.452721118927,0.514275312423706,0.6356678009033203,447.452721118927
nc_papers100m_195trainer_0hop_balanced_local_bs1024_800r,20260914_204924_ogbn-papers100M_FedAvg_bs1024_seed42_beta10000p0,ogbn-papers100M,FedAvg,1024,42,10000.0,691,validation,0.3083,2.9248,0.3083,2.9248,2073,0.1271200180053711,0.1271200180053711,0.5184073448181152,0.6455273628234863,448.0982484817505,0.5184073448181152,0.6455273628234863,448.0982484817505
nc_papers100m_195trainer_0hop_balanced_local_bs1024_800r,20260914_204924_ogbn-papers100M_FedAvg_bs1024_seed42_beta10000p0,ogbn-papers100M,FedAvg,1024,42,10000.0,692,validation,0.3084,2.9241,0.3084,2.9241,2076,0.12068700790405273,0.12068700790405273,0.5169053077697754,0.6375923156738281,448.7358407974243,0.5169053077697754,0.6375923156738281,448.7358407974243
nc_papers100m_195trainer_0hop_balanced_local_bs1024_800r,20260914_204924_ogbn-papers100M_FedAvg_bs1024_seed42_beta10000p0,ogbn-papers100M,FedAvg,1024,42,10000.0,693,validation,0.3085,2.9234,0.3085,2.9234,2079,0.1271982192993164,0.1271982192993164,0.5079247951507568,0.6351230144500732,449.3709638118744,0.5079247951507568,0.6351230144500732,449.3709638118744
nc_papers100m_195trainer_0hop_balanced_local_bs1024_800r,20260914_204924_ogbn-papers100M_FedAvg_bs1024_seed42_beta10000p0,ogbn-papers100M,FedAvg,1024,42,10000.0,694,validation,0.3085,2.9228,0.3085,2.9228,2082,0.12370991706848145,0.12370991706848145,0.5230214595794678,0.6467313766479492,450.01769518852234,0.5230214595794678,0.6467313766479492,450.01769518852234
nc_papers100m_195trainer_0hop_balanced_local_bs1024_800r,20260914_204924_ogbn-papers100M_FedAvg_bs1024_seed42_beta10000p0,ogbn-papers100M,FedAvg,1024,42,10000.0,695,validation,0.3086,2.9223,0.3086,2.9223,2085,0.12247991561889648,0.12247991561889648,0.5177934169769287,0.6402733325958252,450.65796852111816,0.5177934169769287,0.6402733325958252,450.65796852111816
nc_papers100m_195trainer_0hop_balanced_local_bs1024_800r,20260914_204924_ogbn-papers100M_FedAvg_bs1024_seed42_beta10000p0,ogbn-papers100M,FedAvg,1024,42,10000.0,696,validation,0.3089,2.9215,0.3089,2.9215,2088,0.12003946304321289,0.12003946304321289,0.5160765647888184,0.6361160278320312,451.2940845489502,0.5160765647888184,0.6361160278320312,451.2940845489502
nc_papers100m_195trainer_0hop_balanced_local_bs1024_800r,20260914_204924_ogbn-papers100M_FedAvg_bs1024_seed42_beta10000p0,ogbn-papers100M,FedAvg,1024,42,10000.0,697,validation,0.3089,2.9207,0.3089,2.9207,2091,0.12395143508911133,0.12395143508911133,0.5188570022583008,0.6428084373474121,451.9368929862976,0.5188570022583008,0.6428084373474121,451.9368929862976
nc_papers100m_195trainer_0hop_balanced_local_bs1024_800r,20260914_204924_ogbn-papers100M_FedAvg_bs1024_seed42_beta10000p0,ogbn-papers100M,FedAvg,1024,42,10000.0,698,validation,0.309,2.9199,0.309,2.9199,2094,0.12651467323303223,0.12651467323303223,0.5237023830413818,0.6502170562744141,452.587110042572,0.5237023830413818,0.6502170562744141,452.587110042572
nc_papers100m_195trainer_0hop_balanced_local_bs1024_800r,20260914_204924_ogbn-papers100M_FedAvg_bs1024_seed42_beta10000p0,ogbn-papers100M,FedAvg,1024,42,10000.0,699,validation,0.3092,2.9194,0.3092,2.9194,2097,0.12164974212646484,0.12164974212646484,0.5100255012512207,0.6316752433776855,453.2187852859497,0.5100255012512207,0.6316752433776855,453.2187852859497
nc_papers100m_195trainer_0hop_balanced_local_bs1024_800r,20260914_204924_ogbn-papers100M_FedAvg_bs1024_seed42_beta10000p0,ogbn-papers100M,FedAvg,1024,42,10000.0,700,validation,0.3094,2.9187,0.3094,2.9187,2100,0.12488460540771484,0.12488460540771484,0.5225083827972412,0.647392988204956,453.86617827415466,0.5225083827972412,0.647392988204956,453.86617827415466
nc_papers100m_195trainer_0hop_balanced_local_bs1024_800r,20260914_204924_ogbn-papers100M_FedAvg_bs1024_seed42_beta10000p0,ogbn-papers100M,FedAvg,1024,42,10000.0,701,validation,0.3095,2.9179,0.3095,2.9179,2103,0.11799192428588867,0.11799192428588867,0.5439581871032715,0.6619501113891602,454.5281283855438,0.5439581871032715,0.6619501113891602,454.5281283855438
nc_papers100m_195trainer_0hop_balanced_local_bs1024_800r,20260914_204924_ogbn-papers100M_FedAvg_bs1024_seed42_beta10000p0,ogbn-papers100M,FedAvg,1024,42,10000.0,702,validation,0.3094,2.9173,0.3094,2.9173,2106,0.11760783195495605,0.11760783195495605,0.5149760246276855,0.6325838565826416,455.16071224212646,0.5149760246276855,0.6325838565826416,455.16071224212646
nc_papers100m_195trainer_0hop_balanced_local_bs1024_800r,20260914_204924_ogbn-papers100M_FedAvg_bs1024_seed42_beta10000p0,ogbn-papers100M,FedAvg,1024,42,10000.0,703,validation,0.3096,2.9166,0.3096,2.9166,2109,0.11924958229064941,0.11924958229064941,0.5102455615997314,0.6294951438903809,455.79020738601685,0.5102455615997314,0.6294951438903809,455.79020738601685
nc_papers100m_195trainer_0hop_balanced_local_bs1024_800r,20260914_204924_ogbn-papers100M_FedAvg_bs1024_seed42_beta10000p0,ogbn-papers100M,FedAvg,1024,42,10000.0,704,validation,0.3097,2.9159,0.3097,2.9159,2112,0.12205982208251953,0.12205982208251953,0.5236499309539795,0.645709753036499,456.43591713905334,0.5236499309539795,0.645709753036499,456.43591713905334
nc_papers100m_195trainer_0hop_balanced_local_bs1024_800r,20260914_204924_ogbn-papers100M_FedAvg_bs1024_seed42_beta10000p0,ogbn-papers100M,FedAvg,1024,42,10000.0,705,validation,0.3099,2.9152,0.3099,2.9152,2115,0.11942052841186523,0.11942052841186523,0.5099790096282959,0.6293995380401611,457.0653166770935,0.5099790096282959,0.6293995380401611,457.0653166770935
nc_papers100m_195trainer_0hop_balanced_local_bs1024_800r,20260914_204924_ogbn-papers100M_FedAvg_bs1024_seed42_beta10000p0,ogbn-papers100M,FedAvg,1024,42,10000.0,706,validation,0.3103,2.9144,0.3103,2.9144,2118,0.12281370162963867,0.12281370162963867,0.5092332363128662,0.6320469379425049,457.697363615036,0.5092332363128662,0.6320469379425049,457.697363615036
nc_papers100m_195trainer_0hop_balanced_local_bs1024_800r,20260914_204924_ogbn-papers100M_FedAvg_bs1024_seed42_beta10000p0,ogbn-papers100M,FedAvg,1024,42,10000.0,707,validation,0.3102,2.9137,0.3102,2.9137,2121,0.12082767486572266,0.12082767486572266,0.5156838893890381,0.6365115642547607,458.33387517929077,0.5156838893890381,0.6365115642547607,458.33387517929077
nc_papers100m_195trainer_0hop_balanced_local_bs1024_800r,20260914_204924_ogbn-papers100M_FedAvg_bs1024_seed42_beta10000p0,ogbn-papers100M,FedAvg,1024,42,10000.0,708,validation,0.3103,2.9129,0.3103,2.9129,2124,0.12379336357116699,0.12379336357116699,0.5117216110229492,0.6355149745941162,458.9693901538849,0.5117216110229492,0.6355149745941162,458.9693901538849
nc_papers100m_195trainer_0hop_balanced_local_bs1024_800r,20260914_204924_ogbn-papers100M_FedAvg_bs1024_seed42_beta10000p0,ogbn-papers100M,FedAvg,1024,42,10000.0,709,validation,0.3105,2.9123,0.3105,2.9123,2127,0.1226351261138916,0.1226351261138916,0.5255005359649658,0.6481356620788574,459.61752581596375,0.5255005359649658,0.6481356620788574,459.61752581596375
nc_papers100m_195trainer_0hop_balanced_local_bs1024_800r,20260914_204924_ogbn-papers100M_FedAvg_bs1024_seed42_beta10000p0,ogbn-papers100M,FedAvg,1024,42,10000.0,710,validation,0.3105,2.9115,0.3105,2.9115,2130,0.11949992179870605,0.11949992179870605,0.5312552452087402,0.6507551670074463,460.2682809829712,0.5312552452087402,0.6507551670074463,460.2682809829712
nc_papers100m_195trainer_0hop_balanced_local_bs1024_800r,20260914_204924_ogbn-papers100M_FedAvg_bs1024_seed42_beta10000p0,ogbn-papers100M,FedAvg,1024,42,10000.0,711,validation,0.3107,2.9107,0.3107,2.9107,2133,0.12320423126220703,0.12320423126220703,0.5240199565887451,0.6472241878509521,460.91550517082214,0.5240199565887451,0.6472241878509521,460.91550517082214
nc_papers100m_195trainer_0hop_balanced_local_bs1024_800r,20260914_204924_ogbn-papers100M_FedAvg_bs1024_seed42_beta10000p0,ogbn-papers100M,FedAvg,1024,42,10000.0,712,validation,0.3108,2.9102,0.3108,2.9102,2136,0.11901450157165527,0.11901450157165527,0.5142636299133301,0.6332781314849854,461.54878330230713,0.5142636299133301,0.6332781314849854,461.54878330230713
nc_papers100m_195trainer_0hop_balanced_local_bs1024_800r,20260914_204924_ogbn-papers100M_FedAvg_bs1024_seed42_beta10000p0,ogbn-papers100M,FedAvg,1024,42,10000.0,713,validation,0.3112,2.9094,0.3112,2.9094,2139,0.11931872367858887,0.11931872367858887,0.5216691493988037,0.6409878730773926,462.1897711753845,0.5216691493988037,0.6409878730773926,462.1897711753845
nc_papers100m_195trainer_0hop_balanced_local_bs1024_800r,20260914_204924_ogbn-papers100M_FedAvg_bs1024_seed42_beta10000p0,ogbn-papers100M,FedAvg,1024,42,10000.0,714,validation,0.3112,2.9087,0.3112,2.9087,2142,0.12058353424072266,0.12058353424072266,0.5153522491455078,0.6359357833862305,462.82570695877075,0.5153522491455078,0.6359357833862305,462.82570695877075
nc_papers100m_195trainer_0hop_balanced_local_bs1024_800r,20260914_204924_ogbn-papers100M_FedAvg_bs1024_seed42_beta10000p0,ogbn-papers100M,FedAvg,1024,42,10000.0,715,validation,0.3113,2.9082,0.3113,2.9082,2145,0.12164688110351562,0.12164688110351562,0.5620152950286865,0.6836621761322021,463.50936913490295,0.5620152950286865,0.6836621761322021,463.50936913490295
nc_papers100m_195trainer_0hop_balanced_local_bs1024_800r,20260914_204924_ogbn-papers100M_FedAvg_bs1024_seed42_beta10000p0,ogbn-papers100M,FedAvg,1024,42,10000.0,716,validation,0.3113,2.9076,0.3113,2.9076,2148,0.12464404106140137,0.12464404106140137,0.5571200847625732,0.6817641258239746,464.19113326072693,0.5571200847625732,0.6817641258239746,464.19113326072693
nc_papers100m_195trainer_0hop_balanced_local_bs1024_800r,20260914_204924_ogbn-papers100M_FedAvg_bs1024_seed42_beta10000p0,ogbn-papers100M,FedAvg,1024,42,10000.0,717,validation,0.3114,2.9069,0.3114,2.9069,2151,0.1214442253112793,0.1214442253112793,0.5123538970947266,0.6337981224060059,464.82493138313293,0.5123538970947266,0.6337981224060059,464.82493138313293
nc_papers100m_195trainer_0hop_balanced_local_bs1024_800r,20260914_204924_ogbn-papers100M_FedAvg_bs1024_seed42_beta10000p0,ogbn-papers100M,FedAvg,1024,42,10000.0,718,validation,0.3115,2.9063,0.3115,2.9063,2154,0.12093663215637207,0.12093663215637207,0.5113656520843506,0.6323022842407227,465.45723366737366,0.5113656520843506,0.6323022842407227,465.45723366737366
nc_papers100m_195trainer_0hop_balanced_local_bs1024_800r,20260914_204924_ogbn-papers100M_FedAvg_bs1024_seed42_beta10000p0,ogbn-papers100M,FedAvg,1024,42,10000.0,719,validation,0.3116,2.9057,0.3116,2.9057,2157,0.12207317352294922,0.12207317352294922,0.5283870697021484,0.6504602432250977,466.10769391059875,0.5283870697021484,0.6504602432250977,466.10769391059875
nc_papers100m_195trainer_0hop_balanced_local_bs1024_800r,20260914_204924_ogbn-papers100M_FedAvg_bs1024_seed42_beta10000p0,ogbn-papers100M,FedAvg,1024,42,10000.0,720,validation,0.3118,2.9051,0.3118,2.9051,2160,0.12298846244812012,0.12298846244812012,0.5150132179260254,0.6380016803741455,466.7456955909729,0.5150132179260254,0.6380016803741455,466.7456955909729
nc_papers100m_195trainer_0hop_balanced_local_bs1024_800r,20260914_204924_ogbn-papers100M_FedAvg_bs1024_seed42_beta10000p0,ogbn-papers100M,FedAvg,1024,42,10000.0,721,validation,0.3118,2.9045,0.3118,2.9045,2163,0.12620854377746582,0.12620854377746582,0.505922794342041,0.6321313381195068,467.3778269290924,0.505922794342041,0.6321313381195068,467.3778269290924
nc_papers100m_195trainer_0hop_balanced_local_bs1024_800r,20260914_204924_ogbn-papers100M_FedAvg_bs1024_seed42_beta10000p0,ogbn-papers100M,FedAvg,1024,42,10000.0,722,validation,0.3121,2.9039,0.3121,2.9039,2166,0.12361645698547363,0.12361645698547363,0.520648717880249,0.6442651748657227,468.02209210395813,0.520648717880249,0.6442651748657227,468.02209210395813
nc_papers100m_195trainer_0hop_balanced_local_bs1024_800r,20260914_204924_ogbn-papers100M_FedAvg_bs1024_seed42_beta10000p0,ogbn-papers100M,FedAvg,1024,42,10000.0,723,validation,0.3121,2.9033,0.3121,2.9033,2169,0.11962175369262695,0.11962175369262695,0.51735520362854,0.636976957321167,468.6590690612793,0.51735520362854,0.636976957321167,468.6590690612793
nc_papers100m_195trainer_0hop_balanced_local_bs1024_800r,20260914_204924_ogbn-papers100M_FedAvg_bs1024_seed42_beta10000p0,ogbn-papers100M,FedAvg,1024,42,10000.0,724,validation,0.3119,2.9027,0.3119,2.9027,2172,0.1207420825958252,0.1207420825958252,0.5158588886260986,0.6366009712219238,469.2956700325012,0.5158588886260986,0.6366009712219238,469.2956700325012
nc_papers100m_195trainer_0hop_balanced_local_bs1024_800r,20260914_204924_ogbn-papers100M_FedAvg_bs1024_seed42_beta10000p0,ogbn-papers100M,FedAvg,1024,42,10000.0,725,validation,0.3124,2.9019,0.3124,2.9019,2175,0.1254134178161621,0.1254134178161621,0.5172708034515381,0.6426842212677002,469.9383542537689,0.5172708034515381,0.6426842212677002,469.9383542537689
nc_papers100m_195trainer_0hop_balanced_local_bs1024_800r,20260914_204924_ogbn-papers100M_FedAvg_bs1024_seed42_beta10000p0,ogbn-papers100M,FedAvg,1024,42,10000.0,726,validation,0.3126,2.9013,0.3126,2.9013,2178,0.12906360626220703,0.12906360626220703,0.519742488861084,0.648806095123291,470.5871603488922,0.519742488861084,0.648806095123291,470.5871603488922
nc_papers100m_195trainer_0hop_balanced_local_bs1024_800r,20260914_204924_ogbn-papers100M_FedAvg_bs1024_seed42_beta10000p0,ogbn-papers100M,FedAvg,1024,42,10000.0,727,validation,0.3128,2.9005,0.3128,2.9005,2181,0.11829328536987305,0.11829328536987305,0.5106086730957031,0.6289019584655762,471.2160623073578,0.5106086730957031,0.6289019584655762,471.2160623073578
nc_papers100m_195trainer_0hop_balanced_local_bs1024_800r,20260914_204924_ogbn-papers100M_FedAvg_bs1024_seed42_beta10000p0,ogbn-papers100M,FedAvg,1024,42,10000.0,728,validation,0.3126,2.8997,0.3126,2.8997,2184,0.1280059814453125,0.1280059814453125,0.5128309726715088,0.6408369541168213,471.8568992614746,0.5128309726715088,0.6408369541168213,471.8568992614746
nc_papers100m_195trainer_0hop_balanced_local_bs1024_800r,20260914_204924_ogbn-papers100M_FedAvg_bs1024_seed42_beta10000p0,ogbn-papers100M,FedAvg,1024,42,10000.0,729,validation,0.3128,2.8991,0.3128,2.8991,2187,0.1235051155090332,0.1235051155090332,0.5210521221160889,0.6445572376251221,472.50145649909973,0.5210521221160889,0.6445572376251221,472.50145649909973
nc_papers100m_195trainer_0hop_balanced_local_bs1024_800r,20260914_204924_ogbn-papers100M_FedAvg_bs1024_seed42_beta10000p0,ogbn-papers100M,FedAvg,1024,42,10000.0,730,validation,0.3129,2.8985,0.3129,2.8985,2190,0.1219017505645752,0.1219017505645752,0.5203132629394531,0.6422150135040283,473.14367151260376,0.5203132629394531,0.6422150135040283,473.14367151260376
nc_papers100m_195trainer_0hop_balanced_local_bs1024_800r,20260914_204924_ogbn-papers100M_FedAvg_bs1024_seed42_beta10000p0,ogbn-papers100M,FedAvg,1024,42,10000.0,731,validation,0.3132,2.8978,0.3132,2.8978,2193,0.12158203125,0.12158203125,0.515324592590332,0.636906623840332,473.7805781364441,0.515324592590332,0.636906623840332,473.7805781364441
nc_papers100m_195trainer_0hop_balanced_local_bs1024_800r,20260914_204924_ogbn-papers100M_FedAvg_bs1024_seed42_beta10000p0,ogbn-papers100M,FedAvg,1024,42,10000.0,732,validation,0.3132,2.8972,0.3132,2.8972,2196,0.12341094017028809,0.12341094017028809,0.5195574760437012,0.6429684162139893,474.4235465526581,0.5195574760437012,0.6429684162139893,474.4235465526581
nc_papers100m_195trainer_0hop_balanced_local_bs1024_800r,20260914_204924_ogbn-papers100M_FedAvg_bs1024_seed42_beta10000p0,ogbn-papers100M,FedAvg,1024,42,10000.0,733,validation,0.3132,2.8965,0.3132,2.8965,2199,0.12221550941467285,0.12221550941467285,0.510657548904419,0.6328730583190918,475.0564196109772,0.510657548904419,0.6328730583190918,475.0564196109772
nc_papers100m_195trainer_0hop_balanced_local_bs1024_800r,20260914_204924_ogbn-papers100M_FedAvg_bs1024_seed42_beta10000p0,ogbn-papers100M,FedAvg,1024,42,10000.0,734,validation,0.3134,2.896,0.3134,2.896,2202,0.1275343894958496,0.1275343894958496,0.5119693279266357,0.6395037174224854,475.69592332839966,0.5119693279266357,0.6395037174224854,475.69592332839966
nc_papers100m_195trainer_0hop_balanced_local_bs1024_800r,20260914_204924_ogbn-papers100M_FedAvg_bs1024_seed42_beta10000p0,ogbn-papers100M,FedAvg,1024,42,10000.0,735,validation,0.3134,2.8954,0.3134,2.8954,2205,0.11947345733642578,0.11947345733642578,0.5178589820861816,0.6373324394226074,476.33325576782227,0.5178589820861816,0.6373324394226074,476.33325576782227
nc_papers100m_195trainer_0hop_balanced_local_bs1024_800r,20260914_204924_ogbn-papers100M_FedAvg_bs1024_seed42_beta10000p0,ogbn-papers100M,FedAvg,1024,42,10000.0,736,validation,0.3134,2.8947,0.3134,2.8947,2208,0.12419462203979492,0.12419462203979492,0.5120933055877686,0.6362879276275635,476.96954369544983,0.5120933055877686,0.6362879276275635,476.96954369544983
nc_papers100m_195trainer_0hop_balanced_local_bs1024_800r,20260914_204924_ogbn-papers100M_FedAvg_bs1024_seed42_beta10000p0,ogbn-papers100M,FedAvg,1024,42,10000.0,737,validation,0.3136,2.894,0.3136,2.894,2211,0.1255488395690918,0.1255488395690918,0.5061821937561035,0.6317310333251953,477.601274728775,0.5061821937561035,0.6317310333251953,477.601274728775
nc_papers100m_195trainer_0hop_balanced_local_bs1024_800r,20260914_204924_ogbn-papers100M_FedAvg_bs1024_seed42_beta10000p0,ogbn-papers100M,FedAvg,1024,42,10000.0,738,validation,0.3139,2.8934,0.3139,2.8934,2214,0.12485718727111816,0.12485718727111816,0.5164761543273926,0.6413333415985107,478.24260807037354,0.5164761543273926,0.6413333415985107,478.24260807037354
nc_papers100m_195trainer_0hop_balanced_local_bs1024_800r,20260914_204924_ogbn-papers100M_FedAvg_bs1024_seed42_beta10000p0,ogbn-papers100M,FedAvg,1024,42,10000.0,739,validation,0.314,2.8928,0.314,2.8928,2217,0.12015914916992188,0.12015914916992188,0.5089230537414551,0.629082202911377,478.8716902732849,0.5089230537414551,0.629082202911377,478.8716902732849
nc_papers100m_195trainer_0hop_balanced_local_bs1024_800r,20260914_204924_ogbn-papers100M_FedAvg_bs1024_seed42_beta10000p0,ogbn-papers100M,FedAvg,1024,42,10000.0,740,validation,0.3141,2.8921,0.3141,2.8921,2220,0.1251049041748047,0.1251049041748047,0.5095517635345459,0.6346566677093506,479.50634694099426,0.5095517635345459,0.6346566677093506,479.50634694099426
nc_papers100m_195trainer_0hop_balanced_local_bs1024_800r,20260914_204924_ogbn-papers100M_FedAvg_bs1024_seed42_beta10000p0,ogbn-papers100M,FedAvg,1024,42,10000.0,741,validation,0.3139,2.8917,0.3139,2.8917,2223,0.12241578102111816,0.12241578102111816,0.5225026607513428,0.6449184417724609,480.1512653827667,0.5225026607513428,0.6449184417724609,480.1512653827667
nc_papers100m_195trainer_0hop_balanced_local_bs1024_800r,20260914_204924_ogbn-papers100M_FedAvg_bs1024_seed42_beta10000p0,ogbn-papers100M,FedAvg,1024,42,10000.0,742,validation,0.3141,2.891,0.3141,2.891,2226,0.13430237770080566,0.13430237770080566,0.5147438049316406,0.6490461826324463,480.80031156539917,0.5147438049316406,0.6490461826324463,480.80031156539917
nc_papers100m_195trainer_0hop_balanced_local_bs1024_800r,20260914_204924_ogbn-papers100M_FedAvg_bs1024_seed42_beta10000p0,ogbn-papers100M,FedAvg,1024,42,10000.0,743,validation,0.3142,2.8903,0.3142,2.8903,2229,0.12197041511535645,0.12197041511535645,0.5140416622161865,0.636012077331543,481.4363236427307,0.5140416622161865,0.636012077331543,481.4363236427307
nc_papers100m_195trainer_0hop_balanced_local_bs1024_800r,20260914_204924_ogbn-papers100M_FedAvg_bs1024_seed42_beta10000p0,ogbn-papers100M,FedAvg,1024,42,10000.0,744,validation,0.3143,2.8898,0.3143,2.8898,2232,0.1265261173248291,0.1265261173248291,0.5600752830505371,0.6866014003753662,482.1229250431061,0.5600752830505371,0.6866014003753662,482.1229250431061
nc_papers100m_195trainer_0hop_balanced_local_bs1024_800r,20260914_204924_ogbn-papers100M_FedAvg_bs1024_seed42_beta10000p0,ogbn-papers100M,FedAvg,1024,42,10000.0,745,validation,0.3145,2.8891,0.3145,2.8891,2235,0.12116146087646484,0.12116146087646484,0.517357349395752,0.6385188102722168,482.7614438533783,0.517357349395752,0.6385188102722168,482.7614438533783
nc_papers100m_195trainer_0hop_balanced_local_bs1024_800r,20260914_204924_ogbn-papers100M_FedAvg_bs1024_seed42_beta10000p0,ogbn-papers100M,FedAvg,1024,42,10000.0,746,validation,0.3146,2.8884,0.3146,2.8884,2238,0.12219071388244629,0.12219071388244629,0.5131688117980957,0.635359525680542,483.39680337905884,0.5131688117980957,0.635359525680542,483.39680337905884
nc_papers100m_195trainer_0hop_balanced_local_bs1024_800r,20260914_204924_ogbn-papers100M_FedAvg_bs1024_seed42_beta10000p0,ogbn-papers100M,FedAvg,1024,42,10000.0,747,validation,0.3148,2.8877,0.3148,2.8877,2241,0.12293696403503418,0.12293696403503418,0.5204148292541504,0.6433517932891846,484.040155172348,0.5204148292541504,0.6433517932891846,484.040155172348
nc_papers100m_195trainer_0hop_balanced_local_bs1024_800r,20260914_204924_ogbn-papers100M_FedAvg_bs1024_seed42_beta10000p0,ogbn-papers100M,FedAvg,1024,42,10000.0,748,validation,0.3149,2.8869,0.3149,2.8869,2244,0.12606406211853027,0.12606406211853027,0.519660472869873,0.6457245349884033,484.6858797073364,0.519660472869873,0.6457245349884033,484.6858797073364
nc_papers100m_195trainer_0hop_balanced_local_bs1024_800r,20260914_204924_ogbn-papers100M_FedAvg_bs1024_seed42_beta10000p0,ogbn-papers100M,FedAvg,1024,42,10000.0,749,validation,0.315,2.8864,0.315,2.8864,2247,0.12118935585021973,0.12118935585021973,0.5120654106140137,0.6332547664642334,485.31913447380066,0.5120654106140137,0.6332547664642334,485.31913447380066
nc_papers100m_195trainer_0hop_balanced_local_bs1024_800r,20260914_204924_ogbn-papers100M_FedAvg_bs1024_seed42_beta10000p0,ogbn-papers100M,FedAvg,1024,42,10000.0,750,validation,0.3151,2.8859,0.3151,2.8859,2250,0.11956048011779785,0.11956048011779785,0.5218930244445801,0.6414535045623779,485.96058797836304,0.5218930244445801,0.6414535045623779,485.96058797836304
nc_papers100m_195trainer_0hop_balanced_local_bs1024_800r,20260914_204924_ogbn-papers100M_FedAvg_bs1024_seed42_beta10000p0,ogbn-papers100M,FedAvg,1024,42,10000.0,751,validation,0.3152,2.8852,0.3152,2.8852,2253,0.11977148056030273,0.11977148056030273,0.5250647068023682,0.6448361873626709,486.6054241657257,0.5250647068023682,0.6448361873626709,486.6054241657257
nc_papers100m_195trainer_0hop_balanced_local_bs1024_800r,20260914_204924_ogbn-papers100M_FedAvg_bs1024_seed42_beta10000p0,ogbn-papers100M,FedAvg,1024,42,10000.0,752,validation,0.3154,2.8846,0.3154,2.8846,2256,0.1261610984802246,0.1261610984802246,0.5098035335540771,0.6359646320343018,487.24138879776,0.5098035335540771,0.6359646320343018,487.24138879776
nc_papers100m_195trainer_0hop_balanced_local_bs1024_800r,20260914_204924_ogbn-papers100M_FedAvg_bs1024_seed42_beta10000p0,ogbn-papers100M,FedAvg,1024,42,10000.0,753,validation,0.3156,2.8839,0.3156,2.8839,2259,0.12619805335998535,0.12619805335998535,0.5171494483947754,0.6433475017547607,487.88473629951477,0.5171494483947754,0.6433475017547607,487.88473629951477
nc_papers100m_195trainer_0hop_balanced_local_bs1024_800r,20260914_204924_ogbn-papers100M_FedAvg_bs1024_seed42_beta10000p0,ogbn-papers100M,FedAvg,1024,42,10000.0,754,validation,0.3152,2.8835,0.3152,2.8835,2262,0.12129998207092285,0.12129998207092285,0.5191175937652588,0.6404175758361816,488.52515387535095,0.5191175937652588,0.6404175758361816,488.52515387535095
nc_papers100m_195trainer_0hop_balanced_local_bs1024_800r,20260914_204924_ogbn-papers100M_FedAvg_bs1024_seed42_beta10000p0,ogbn-papers100M,FedAvg,1024,42,10000.0,755,validation,0.3155,2.8829,0.3155,2.8829,2265,0.12088656425476074,0.12088656425476074,0.515878438949585,0.6367650032043457,489.1619188785553,0.515878438949585,0.6367650032043457,489.1619188785553
nc_papers100m_195trainer_0hop_balanced_local_bs1024_800r,20260914_204924_ogbn-papers100M_FedAvg_bs1024_seed42_beta10000p0,ogbn-papers100M,FedAvg,1024,42,10000.0,756,validation,0.3157,2.8823,0.3157,2.8823,2268,0.11899805068969727,0.11899805068969727,0.5240540504455566,0.6430521011352539,489.80497097969055,0.5240540504455566,0.6430521011352539,489.80497097969055
nc_papers100m_195trainer_0hop_balanced_local_bs1024_800r,20260914_204924_ogbn-papers100M_FedAvg_bs1024_seed42_beta10000p0,ogbn-papers100M,FedAvg,1024,42,10000.0,757,validation,0.3159,2.8816,0.3159,2.8816,2271,0.12034296989440918,0.12034296989440918,0.5276956558227539,0.6480386257171631,490.4530096054077,0.5276956558227539,0.6480386257171631,490.4530096054077
nc_papers100m_195trainer_0hop_balanced_local_bs1024_800r,20260914_204924_ogbn-papers100M_FedAvg_bs1024_seed42_beta10000p0,ogbn-papers100M,FedAvg,1024,42,10000.0,758,validation,0.3161,2.8808,0.3161,2.8808,2274,0.12284970283508301,0.12284970283508301,0.5215826034545898,0.6444323062896729,491.0974419116974,0.5215826034545898,0.6444323062896729,491.0974419116974
nc_papers100m_195trainer_0hop_balanced_local_bs1024_800r,20260914_204924_ogbn-papers100M_FedAvg_bs1024_seed42_beta10000p0,ogbn-papers100M,FedAvg,1024,42,10000.0,759,validation,0.3161,2.8803,0.3161,2.8803,2277,0.1194310188293457,0.1194310188293457,0.5365500450134277,0.6559810638427734,491.75342297554016,0.5365500450134277,0.6559810638427734,491.75342297554016
nc_papers100m_195trainer_0hop_balanced_local_bs1024_800r,20260914_204924_ogbn-papers100M_FedAvg_bs1024_seed42_beta10000p0,ogbn-papers100M,FedAvg,1024,42,10000.0,760,validation,0.316,2.8796,0.316,2.8796,2280,0.11924338340759277,0.11924338340759277,0.5195779800415039,0.6388213634490967,492.39224433898926,0.5195779800415039,0.6388213634490967,492.39224433898926
nc_papers100m_195trainer_0hop_balanced_local_bs1024_800r,20260914_204924_ogbn-papers100M_FedAvg_bs1024_seed42_beta10000p0,ogbn-papers100M,FedAvg,1024,42,10000.0,761,validation,0.3163,2.879,0.3163,2.879,2283,0.11966371536254883,0.11966371536254883,0.5130729675292969,0.6327366828918457,493.0249810218811,0.5130729675292969,0.6327366828918457,493.0249810218811
nc_papers100m_195trainer_0hop_balanced_local_bs1024_800r,20260914_204924_ogbn-papers100M_FedAvg_bs1024_seed42_beta10000p0,ogbn-papers100M,FedAvg,1024,42,10000.0,762,validation,0.3165,2.8785,0.3165,2.8785,2286,0.12479376792907715,0.12479376792907715,0.5148570537567139,0.639650821685791,493.6646318435669,0.5148570537567139,0.639650821685791,493.6646318435669
nc_papers100m_195trainer_0hop_balanced_local_bs1024_800r,20260914_204924_ogbn-papers100M_FedAvg_bs1024_seed42_beta10000p0,ogbn-papers100M,FedAvg,1024,42,10000.0,763,validation,0.3166,2.878,0.3166,2.878,2289,0.11972689628601074,0.11972689628601074,0.5207159519195557,0.6404428482055664,494.30507469177246,0.5207159519195557,0.6404428482055664,494.30507469177246
nc_papers100m_195trainer_0hop_balanced_local_bs1024_800r,20260914_204924_ogbn-papers100M_FedAvg_bs1024_seed42_beta10000p0,ogbn-papers100M,FedAvg,1024,42,10000.0,764,validation,0.3166,2.8774,0.3166,2.8774,2292,0.12198257446289062,0.12198257446289062,0.5076277256011963,0.6296103000640869,494.93468499183655,0.5076277256011963,0.6296103000640869,494.93468499183655
nc_papers100m_195trainer_0hop_balanced_local_bs1024_800r,20260914_204924_ogbn-papers100M_FedAvg_bs1024_seed42_beta10000p0,ogbn-papers100M,FedAvg,1024,42,10000.0,765,validation,0.3169,2.8767,0.3169,2.8767,2295,0.12417054176330566,0.12417054176330566,0.5151550769805908,0.6393256187438965,495.57401061058044,0.5151550769805908,0.6393256187438965,495.57401061058044
nc_papers100m_195trainer_0hop_balanced_local_bs1024_800r,20260914_204924_ogbn-papers100M_FedAvg_bs1024_seed42_beta10000p0,ogbn-papers100M,FedAvg,1024,42,10000.0,766,validation,0.3169,2.8761,0.3169,2.8761,2298,0.11854171752929688,0.11854171752929688,0.5114870071411133,0.6300287246704102,496.20403933525085,0.5114870071411133,0.6300287246704102,496.20403933525085
nc_papers100m_195trainer_0hop_balanced_local_bs1024_800r,20260914_204924_ogbn-papers100M_FedAvg_bs1024_seed42_beta10000p0,ogbn-papers100M,FedAvg,1024,42,10000.0,767,validation,0.3168,2.8755,0.3168,2.8755,2301,0.11812686920166016,0.11812686920166016,0.5167036056518555,0.6348304748535156,496.83886981010437,0.5167036056518555,0.6348304748535156,496.83886981010437
nc_papers100m_195trainer_0hop_balanced_local_bs1024_800r,20260914_204924_ogbn-papers100M_FedAvg_bs1024_seed42_beta10000p0,ogbn-papers100M,FedAvg,1024,42,10000.0,768,validation,0.3169,2.8749,0.3169,2.8749,2304,0.1276848316192627,0.1276848316192627,0.5130090713500977,0.6406939029693604,497.47956371307373,0.5130090713500977,0.6406939029693604,497.47956371307373
nc_papers100m_195trainer_0hop_balanced_local_bs1024_800r,20260914_204924_ogbn-papers100M_FedAvg_bs1024_seed42_beta10000p0,ogbn-papers100M,FedAvg,1024,42,10000.0,769,validation,0.317,2.8744,0.317,2.8744,2307,0.11955618858337402,0.11955618858337402,0.5201618671417236,0.6397180557250977,498.1192817687988,0.5201618671417236,0.6397180557250977,498.1192817687988
nc_papers100m_195trainer_0hop_balanced_local_bs1024_800r,20260914_204924_ogbn-papers100M_FedAvg_bs1024_seed42_beta10000p0,ogbn-papers100M,FedAvg,1024,42,10000.0,770,validation,0.3173,2.8736,0.3173,2.8736,2310,0.11853432655334473,0.11853432655334473,0.5145409107208252,0.6330752372741699,498.752357006073,0.5145409107208252,0.6330752372741699,498.752357006073
nc_papers100m_195trainer_0hop_balanced_local_bs1024_800r,20260914_204924_ogbn-papers100M_FedAvg_bs1024_seed42_beta10000p0,ogbn-papers100M,FedAvg,1024,42,10000.0,771,validation,0.3172,2.873,0.3172,2.873,2313,0.1251518726348877,0.1251518726348877,0.5210170745849609,0.6461689472198486,499.39852595329285,0.5210170745849609,0.6461689472198486,499.39852595329285
nc_papers100m_195trainer_0hop_balanced_local_bs1024_800r,20260914_204924_ogbn-papers100M_FedAvg_bs1024_seed42_beta10000p0,ogbn-papers100M,FedAvg,1024,42,10000.0,772,validation,0.3174,2.8722,0.3174,2.8722,2316,0.1208498477935791,0.1208498477935791,0.5247423648834229,0.645592212677002,500.04411816596985,0.5247423648834229,0.645592212677002,500.04411816596985
nc_papers100m_195trainer_0hop_balanced_local_bs1024_800r,20260914_204924_ogbn-papers100M_FedAvg_bs1024_seed42_beta10000p0,ogbn-papers100M,FedAvg,1024,42,10000.0,773,validation,0.3176,2.8716,0.3176,2.8716,2319,0.11784720420837402,0.11784720420837402,0.5342915058135986,0.6521387100219727,500.6962568759918,0.5342915058135986,0.6521387100219727,500.6962568759918
nc_papers100m_195trainer_0hop_balanced_local_bs1024_800r,20260914_204924_ogbn-papers100M_FedAvg_bs1024_seed42_beta10000p0,ogbn-papers100M,FedAvg,1024,42,10000.0,774,validation,0.3176,2.871,0.3176,2.871,2322,0.1211538314819336,0.1211538314819336,0.5108003616333008,0.6319541931152344,501.32821106910706,0.5108003616333008,0.6319541931152344,501.32821106910706
nc_papers100m_195trainer_0hop_balanced_local_bs1024_800r,20260914_204924_ogbn-papers100M_FedAvg_bs1024_seed42_beta10000p0,ogbn-papers100M,FedAvg,1024,42,10000.0,775,validation,0.3177,2.8704,0.3177,2.8704,2325,0.11870503425598145,0.11870503425598145,0.5178077220916748,0.6365127563476562,501.9647238254547,0.5178077220916748,0.6365127563476562,501.9647238254547
nc_papers100m_195trainer_0hop_balanced_local_bs1024_800r,20260914_204924_ogbn-papers100M_FedAvg_bs1024_seed42_beta10000p0,ogbn-papers100M,FedAvg,1024,42,10000.0,776,validation,0.3179,2.8698,0.3179,2.8698,2328,0.12352919578552246,0.12352919578552246,0.5081937313079834,0.6317229270935059,502.5964467525482,0.5081937313079834,0.6317229270935059,502.5964467525482
nc_papers100m_195trainer_0hop_balanced_local_bs1024_800r,20260914_204924_ogbn-papers100M_FedAvg_bs1024_seed42_beta10000p0,ogbn-papers100M,FedAvg,1024,42,10000.0,777,validation,0.318,2.8694,0.318,2.8694,2331,0.12308740615844727,0.12308740615844727,0.6758534908294678,0.798940896987915,503.39538764953613,0.6758534908294678,0.798940896987915,503.39538764953613
nc_papers100m_195trainer_0hop_balanced_local_bs1024_800r,20260914_204924_ogbn-papers100M_FedAvg_bs1024_seed42_beta10000p0,ogbn-papers100M,FedAvg,1024,42,10000.0,778,validation,0.3181,2.8686,0.3181,2.8686,2334,0.12093281745910645,0.12093281745910645,0.5151591300964355,0.636091947555542,504.0314795970917,0.5151591300964355,0.636091947555542,504.0314795970917
nc_papers100m_195trainer_0hop_balanced_local_bs1024_800r,20260914_204924_ogbn-papers100M_FedAvg_bs1024_seed42_beta10000p0,ogbn-papers100M,FedAvg,1024,42,10000.0,779,validation,0.3181,2.868,0.3181,2.868,2337,0.1198265552520752,0.1198265552520752,0.516758918762207,0.6365854740142822,504.66806507110596,0.516758918762207,0.6365854740142822,504.66806507110596
nc_papers100m_195trainer_0hop_balanced_local_bs1024_800r,20260914_204924_ogbn-papers100M_FedAvg_bs1024_seed42_beta10000p0,ogbn-papers100M,FedAvg,1024,42,10000.0,780,validation,0.3182,2.8675,0.3182,2.8675,2340,0.11923599243164062,0.11923599243164062,0.5168728828430176,0.6361088752746582,505.3041739463806,0.5168728828430176,0.6361088752746582,505.3041739463806
nc_papers100m_195trainer_0hop_balanced_local_bs1024_800r,20260914_204924_ogbn-papers100M_FedAvg_bs1024_seed42_beta10000p0,ogbn-papers100M,FedAvg,1024,42,10000.0,781,validation,0.3183,2.867,0.3183,2.867,2343,0.1286478042602539,0.1286478042602539,0.5195622444152832,0.6482100486755371,505.95238399505615,0.5195622444152832,0.6482100486755371,505.95238399505615
nc_papers100m_195trainer_0hop_balanced_local_bs1024_800r,20260914_204924_ogbn-papers100M_FedAvg_bs1024_seed42_beta10000p0,ogbn-papers100M,FedAvg,1024,42,10000.0,782,validation,0.3182,2.8663,0.3182,2.8663,2346,0.11758065223693848,0.11758065223693848,0.5215716361999512,0.6391522884368896,506.59153628349304,0.5215716361999512,0.6391522884368896,506.59153628349304
nc_papers100m_195trainer_0hop_balanced_local_bs1024_800r,20260914_204924_ogbn-papers100M_FedAvg_bs1024_seed42_beta10000p0,ogbn-papers100M,FedAvg,1024,42,10000.0,783,validation,0.3185,2.8658,0.3185,2.8658,2349,0.12035346031188965,0.12035346031188965,0.5148632526397705,0.6352167129516602,507.2267529964447,0.5148632526397705,0.6352167129516602,507.2267529964447
nc_papers100m_195trainer_0hop_balanced_local_bs1024_800r,20260914_204924_ogbn-papers100M_FedAvg_bs1024_seed42_beta10000p0,ogbn-papers100M,FedAvg,1024,42,10000.0,784,validation,0.3188,2.8653,0.3188,2.8653,2352,0.1255197525024414,0.1255197525024414,0.5269620418548584,0.6524817943572998,507.879234790802,0.5269620418548584,0.6524817943572998,507.879234790802
nc_papers100m_195trainer_0hop_balanced_local_bs1024_800r,20260914_204924_ogbn-papers100M_FedAvg_bs1024_seed42_beta10000p0,ogbn-papers100M,FedAvg,1024,42,10000.0,785,validation,0.3188,2.8649,0.3188,2.8649,2355,0.12115073204040527,0.12115073204040527,0.52305006980896,0.6442008018493652,508.52343559265137,0.52305006980896,0.6442008018493652,508.52343559265137
nc_papers100m_195trainer_0hop_balanced_local_bs1024_800r,20260914_204924_ogbn-papers100M_FedAvg_bs1024_seed42_beta10000p0,ogbn-papers100M,FedAvg,1024,42,10000.0,786,validation,0.3188,2.8644,0.3188,2.8644,2358,0.12443256378173828,0.12443256378173828,0.5094935894012451,0.6339261531829834,509.15736174583435,0.5094935894012451,0.6339261531829834,509.15736174583435
nc_papers100m_195trainer_0hop_balanced_local_bs1024_800r,20260914_204924_ogbn-papers100M_FedAvg_bs1024_seed42_beta10000p0,ogbn-papers100M,FedAvg,1024,42,10000.0,787,validation,0.3188,2.8637,0.3188,2.8637,2361,0.12250733375549316,0.12250733375549316,0.5341262817382812,0.6566336154937744,509.8139953613281,0.5341262817382812,0.6566336154937744,509.8139953613281
nc_papers100m_195trainer_0hop_balanced_local_bs1024_800r,20260914_204924_ogbn-papers100M_FedAvg_bs1024_seed42_beta10000p0,ogbn-papers100M,FedAvg,1024,42,10000.0,788,validation,0.3189,2.863,0.3189,2.863,2364,0.11880278587341309,0.11880278587341309,0.5231873989105225,0.6419901847839355,510.45598554611206,0.5231873989105225,0.6419901847839355,510.45598554611206
nc_papers100m_195trainer_0hop_balanced_local_bs1024_800r,20260914_204924_ogbn-papers100M_FedAvg_bs1024_seed42_beta10000p0,ogbn-papers100M,FedAvg,1024,42,10000.0,789,validation,0.3191,2.8623,0.3191,2.8623,2367,0.12342953681945801,0.12342953681945801,0.5047554969787598,0.6281850337982178,511.0841705799103,0.5047554969787598,0.6281850337982178,511.0841705799103
nc_papers100m_195trainer_0hop_balanced_local_bs1024_800r,20260914_204924_ogbn-papers100M_FedAvg_bs1024_seed42_beta10000p0,ogbn-papers100M,FedAvg,1024,42,10000.0,790,validation,0.3191,2.8618,0.3191,2.8618,2370,0.12514209747314453,0.12514209747314453,0.5049571990966797,0.6300992965698242,511.7142698764801,0.5049571990966797,0.6300992965698242,511.7142698764801
nc_papers100m_195trainer_0hop_balanced_local_bs1024_800r,20260914_204924_ogbn-papers100M_FedAvg_bs1024_seed42_beta10000p0,ogbn-papers100M,FedAvg,1024,42,10000.0,791,validation,0.3193,2.8612,0.3193,2.8612,2373,0.1218717098236084,0.1218717098236084,0.5246050357818604,0.6464767456054688,512.3607466220856,0.5246050357818604,0.6464767456054688,512.3607466220856
nc_papers100m_195trainer_0hop_balanced_local_bs1024_800r,20260914_204924_ogbn-papers100M_FedAvg_bs1024_seed42_beta10000p0,ogbn-papers100M,FedAvg,1024,42,10000.0,792,validation,0.3193,2.8606,0.3193,2.8606,2376,0.12186598777770996,0.12186598777770996,0.512230634689331,0.634096622467041,512.9948432445526,0.512230634689331,0.634096622467041,512.9948432445526
nc_papers100m_195trainer_0hop_balanced_local_bs1024_800r,20260914_204924_ogbn-papers100M_FedAvg_bs1024_seed42_beta10000p0,ogbn-papers100M,FedAvg,1024,42,10000.0,793,validation,0.3194,2.8602,0.3194,2.8602,2379,0.12220621109008789,0.12220621109008789,0.5156235694885254,0.6378297805786133,513.6326730251312,0.5156235694885254,0.6378297805786133,513.6326730251312
nc_papers100m_195trainer_0hop_balanced_local_bs1024_800r,20260914_204924_ogbn-papers100M_FedAvg_bs1024_seed42_beta10000p0,ogbn-papers100M,FedAvg,1024,42,10000.0,794,validation,0.3195,2.8595,0.3195,2.8595,2382,0.12097692489624023,0.12097692489624023,0.5238304138183594,0.6448073387145996,514.2774803638458,0.5238304138183594,0.6448073387145996,514.2774803638458
nc_papers100m_195trainer_0hop_balanced_local_bs1024_800r,20260914_204924_ogbn-papers100M_FedAvg_bs1024_seed42_beta10000p0,ogbn-papers100M,FedAvg,1024,42,10000.0,795,validation,0.3196,2.8589,0.3196,2.8589,2385,0.11954331398010254,0.11954331398010254,0.5237646102905273,0.6433079242706299,514.9207882881165,0.5237646102905273,0.6433079242706299,514.9207882881165
nc_papers100m_195trainer_0hop_balanced_local_bs1024_800r,20260914_204924_ogbn-papers100M_FedAvg_bs1024_seed42_beta10000p0,ogbn-papers100M,FedAvg,1024,42,10000.0,796,validation,0.3199,2.8581,0.3199,2.8581,2388,0.12581968307495117,0.12581968307495117,0.5333526134490967,0.6591722965240479,515.5799605846405,0.5333526134490967,0.6591722965240479,515.5799605846405
nc_papers100m_195trainer_0hop_balanced_local_bs1024_800r,20260914_204924_ogbn-papers100M_FedAvg_bs1024_seed42_beta10000p0,ogbn-papers100M,FedAvg,1024,42,10000.0,797,validation,0.3198,2.8575,0.3198,2.8575,2391,0.1250448226928711,0.1250448226928711,0.5294380187988281,0.6544828414916992,516.2344434261322,0.5294380187988281,0.6544828414916992,516.2344434261322
nc_papers100m_195trainer_0hop_balanced_local_bs1024_800r,20260914_204924_ogbn-papers100M_FedAvg_bs1024_seed42_beta10000p0,ogbn-papers100M,FedAvg,1024,42,10000.0,798,validation,0.3201,2.857,0.3201,2.857,2394,0.11914205551147461,0.11914205551147461,0.5222761631011963,0.6414182186126709,516.8758616447449,0.5222761631011963,0.6414182186126709,516.8758616447449
nc_papers100m_195trainer_0hop_balanced_local_bs1024_800r,20260914_204924_ogbn-papers100M_FedAvg_bs1024_seed42_beta10000p0,ogbn-papers100M,FedAvg,1024,42,10000.0,799,validation,0.3201,2.8567,0.3201,2.8567,2397,0.11805248260498047,0.11805248260498047,0.5205650329589844,0.6386175155639648,517.5144791603088,0.5205650329589844,0.6386175155639648,517.5144791603088
nc_papers100m_195trainer_0hop_balanced_local_bs1024_800r,20260914_204924_ogbn-papers100M_FedAvg_bs1024_seed42_beta10000p0,ogbn-papers100M,FedAvg,1024,42,10000.0,800,validation,0.3203,2.8561,0.3203,2.8561,2400,0.11789798736572266,0.11789798736572266,0.5281691551208496,0.6460671424865723,518.1605463027954,0.5281691551208496,0.6460671424865723,518.1605463027954
