Num_Trainers,Training_Time,Communication_Time,Total_Time,Training_Growth,Communication_Growth
5,71.67500000000001,20.494,106.875,1.0,1.0
10,49.2,40.989999999999995,84.725,0.6864318102546215,2.0000975895384014
20,48.9,81.64,87.9,0.6822462504359957,3.983604957548551
40,77.30000000000001,251.90800000000002,113.5,1.0784792465992326,12.291792719820435
