Num_Trainers,Training_Time,Communication_Time,Total_Time,Final_Accuracy,Communication_Cost,Peak_Memory
5,33.2,2.625,112.4,0.5725,256.175,750.325
10,12.7,4.475,87.175,0.47250000000000003,512.375,752.075
15,6.575,16.150000000000002,93.45,0.5425,768.55,735.95
20,5.824999999999999,8.075,82.175,0.5425,973.4749999999999,713.675
