batch_size,trainer_id,memory_metric,memory_bytes,memory_mib,node_count,internal_edge_count,snapshot_count,run_id,nodes_fit_inlier,edges_fit_inlier
16,0,cuda_max_memory_allocated_bytes,401412096,382.81640625,569539,42085,165,20260914_192750_ogbn-papers100M_FedAvg_bs16_seed42_beta10000p0,True,True
16,1,cuda_max_memory_allocated_bytes,396276736,377.9189453125,569539,42192,165,20260914_192750_ogbn-papers100M_FedAvg_bs16_seed42_beta10000p0,True,True
16,2,cuda_max_memory_allocated_bytes,401426944,382.83056640625,569539,42649,165,20260914_192750_ogbn-papers100M_FedAvg_bs16_seed42_beta10000p0,True,True
16,3,cuda_max_memory_allocated_bytes,396296704,377.93798828125,569539,42566,165,20260914_192750_ogbn-papers100M_FedAvg_bs16_seed42_beta10000p0,True,True
16,4,cuda_max_memory_allocated_bytes,396276736,377.9189453125,569539,42106,165,20260914_192750_ogbn-papers100M_FedAvg_bs16_seed42_beta10000p0,True,True
16,5,cuda_max_memory_allocated_bytes,396288512,377.93017578125,569539,42478,165,20260914_192750_ogbn-papers100M_FedAvg_bs16_seed42_beta10000p0,True,True
16,6,cuda_max_memory_allocated_bytes,396260352,377.9033203125,569539,41630,165,20260914_192750_ogbn-papers100M_FedAvg_bs16_seed42_beta10000p0,True,True
16,7,cuda_max_memory_allocated_bytes,401424384,382.828125,569539,42632,165,20260914_192750_ogbn-papers100M_FedAvg_bs16_seed42_beta10000p0,True,True
16,8,cuda_max_memory_allocated_bytes,401392640,382.7978515625,569539,41951,165,20260914_192750_ogbn-papers100M_FedAvg_bs16_seed42_beta10000p0,True,True
16,9,cuda_max_memory_allocated_bytes,396319232,377.95947265625,569539,43121,165,20260914_192750_ogbn-papers100M_FedAvg_bs16_seed42_beta10000p0,True,True
16,10,cuda_max_memory_allocated_bytes,401415168,382.8193359375,569539,42455,165,20260914_192750_ogbn-papers100M_FedAvg_bs16_seed42_beta10000p0,True,True
16,11,cuda_max_memory_allocated_bytes,401420800,382.82470703125,569539,42613,165,20260914_192750_ogbn-papers100M_FedAvg_bs16_seed42_beta10000p0,True,True
16,12,cuda_max_memory_allocated_bytes,401438208,382.84130859375,569539,42902,165,20260914_192750_ogbn-papers100M_FedAvg_bs16_seed42_beta10000p0,True,True
16,13,cuda_max_memory_allocated_bytes,401412608,382.81689453125,569539,42317,165,20260914_192750_ogbn-papers100M_FedAvg_bs16_seed42_beta10000p0,True,True
16,14,cuda_max_memory_allocated_bytes,401411584,382.81591796875,569539,42296,165,20260914_192750_ogbn-papers100M_FedAvg_bs16_seed42_beta10000p0,True,True
16,15,cuda_max_memory_allocated_bytes,401406464,382.81103515625,569539,42146,165,20260914_192750_ogbn-papers100M_FedAvg_bs16_seed42_beta10000p0,True,True
16,16,cuda_max_memory_allocated_bytes,401396736,382.8017578125,569539,41922,165,20260914_192750_ogbn-papers100M_FedAvg_bs16_seed42_beta10000p0,True,True
16,17,cuda_max_memory_allocated_bytes,401414656,382.81884765625,569539,42390,165,20260914_192750_ogbn-papers100M_FedAvg_bs16_seed42_beta10000p0,True,True
16,18,cuda_max_memory_allocated_bytes,396264448,377.9072265625,569539,41847,165,20260914_192750_ogbn-papers100M_FedAvg_bs16_seed42_beta10000p0,True,True
16,19,cuda_max_memory_allocated_bytes,401420800,382.82470703125,569539,42582,165,20260914_192750_ogbn-papers100M_FedAvg_bs16_seed42_beta10000p0,True,True
16,20,cuda_max_memory_allocated_bytes,401434112,382.83740234375,569539,42966,165,20260914_192750_ogbn-papers100M_FedAvg_bs16_seed42_beta10000p0,True,True
16,21,cuda_max_memory_allocated_bytes,396296192,377.9375,569539,42584,165,20260914_192750_ogbn-papers100M_FedAvg_bs16_seed42_beta10000p0,True,True
16,22,cuda_max_memory_allocated_bytes,401397248,382.80224609375,569539,42003,165,20260914_192750_ogbn-papers100M_FedAvg_bs16_seed42_beta10000p0,True,True
16,23,cuda_max_memory_allocated_bytes,401418240,382.822265625,569539,42415,165,20260914_192750_ogbn-papers100M_FedAvg_bs16_seed42_beta10000p0,True,True
16,24,cuda_max_memory_allocated_bytes,401387520,382.79296875,569539,41850,165,20260914_192750_ogbn-papers100M_FedAvg_bs16_seed42_beta10000p0,True,True
16,25,cuda_max_memory_allocated_bytes,401403904,382.80859375,569539,42152,165,20260914_192750_ogbn-papers100M_FedAvg_bs16_seed42_beta10000p0,True,True
16,26,cuda_max_memory_allocated_bytes,401412096,382.81640625,569539,42344,165,20260914_192750_ogbn-papers100M_FedAvg_bs16_seed42_beta10000p0,True,True
16,27,cuda_max_memory_allocated_bytes,401412096,382.81640625,569539,42322,165,20260914_192750_ogbn-papers100M_FedAvg_bs16_seed42_beta10000p0,True,True
16,28,cuda_max_memory_allocated_bytes,401444352,382.84716796875,569539,43060,165,20260914_192750_ogbn-papers100M_FedAvg_bs16_seed42_beta10000p0,True,True
16,29,cuda_max_memory_allocated_bytes,401446912,382.849609375,569539,43189,165,20260914_192750_ogbn-papers100M_FedAvg_bs16_seed42_beta10000p0,True,True
16,30,cuda_max_memory_allocated_bytes,401422336,382.826171875,569539,42646,165,20260914_192750_ogbn-papers100M_FedAvg_bs16_seed42_beta10000p0,True,True
16,31,cuda_max_memory_allocated_bytes,401427968,382.83154296875,569539,42757,165,20260914_192750_ogbn-papers100M_FedAvg_bs16_seed42_beta10000p0,True,True
16,32,cuda_max_memory_allocated_bytes,401407488,382.81201171875,569539,42148,165,20260914_192750_ogbn-papers100M_FedAvg_bs16_seed42_beta10000p0,True,True
16,33,cuda_max_memory_allocated_bytes,401445888,382.8486328125,569539,43164,165,20260914_192750_ogbn-papers100M_FedAvg_bs16_seed42_beta10000p0,True,True
16,34,cuda_max_memory_allocated_bytes,401416704,382.82080078125,569539,42454,165,20260914_192750_ogbn-papers100M_FedAvg_bs16_seed42_beta10000p0,True,True
16,35,cuda_max_memory_allocated_bytes,396319744,377.9599609375,569539,43289,165,20260914_192750_ogbn-papers100M_FedAvg_bs16_seed42_beta10000p0,True,True
16,36,cuda_max_memory_allocated_bytes,396305920,377.94677734375,569539,42743,165,20260914_192750_ogbn-papers100M_FedAvg_bs16_seed42_beta10000p0,True,True
16,37,cuda_max_memory_allocated_bytes,401421824,382.82568359375,569539,42489,165,20260914_192750_ogbn-papers100M_FedAvg_bs16_seed42_beta10000p0,True,True
16,38,cuda_max_memory_allocated_bytes,396329984,377.9697265625,569539,43384,165,20260914_192750_ogbn-papers100M_FedAvg_bs16_seed42_beta10000p0,True,True
16,39,cuda_max_memory_allocated_bytes,401465856,382.86767578125,569539,43634,165,20260914_192750_ogbn-papers100M_FedAvg_bs16_seed42_beta10000p0,True,True
16,40,cuda_max_memory_allocated_bytes,401421312,382.8251953125,569539,42548,165,20260914_192750_ogbn-papers100M_FedAvg_bs16_seed42_beta10000p0,True,True
16,41,cuda_max_memory_allocated_bytes,396277248,377.91943359375,569539,42113,165,20260914_192750_ogbn-papers100M_FedAvg_bs16_seed42_beta10000p0,True,True
16,42,cuda_max_memory_allocated_bytes,401411584,382.81591796875,569539,42360,165,20260914_192750_ogbn-papers100M_FedAvg_bs16_seed42_beta10000p0,True,True
16,43,cuda_max_memory_allocated_bytes,396278272,377.92041015625,569539,42194,165,20260914_192750_ogbn-papers100M_FedAvg_bs16_seed42_beta10000p0,True,True
16,44,cuda_max_memory_allocated_bytes,396292096,377.93359375,569539,42371,165,20260914_192750_ogbn-papers100M_FedAvg_bs16_seed42_beta10000p0,True,True
16,45,cuda_max_memory_allocated_bytes,401422336,382.826171875,569539,42610,165,20260914_192750_ogbn-papers100M_FedAvg_bs16_seed42_beta10000p0,True,True
16,46,cuda_max_memory_allocated_bytes,396285952,377.927734375,569538,42482,165,20260914_192750_ogbn-papers100M_FedAvg_bs16_seed42_beta10000p0,True,True
16,47,cuda_max_memory_allocated_bytes,401422848,382.82666015625,569538,42568,165,20260914_192750_ogbn-papers100M_FedAvg_bs16_seed42_beta10000p0,True,True
16,48,cuda_max_memory_allocated_bytes,401433088,382.83642578125,569538,42836,165,20260914_192750_ogbn-papers100M_FedAvg_bs16_seed42_beta10000p0,True,True
16,49,cuda_max_memory_allocated_bytes,396296704,377.93798828125,569538,42558,165,20260914_192750_ogbn-papers100M_FedAvg_bs16_seed42_beta10000p0,True,True
16,50,cuda_max_memory_allocated_bytes,401425408,382.8291015625,569538,42598,165,20260914_192750_ogbn-papers100M_FedAvg_bs16_seed42_beta10000p0,True,True
16,51,cuda_max_memory_allocated_bytes,401420800,382.82470703125,569538,42423,165,20260914_192750_ogbn-papers100M_FedAvg_bs16_seed42_beta10000p0,True,True
16,52,cuda_max_memory_allocated_bytes,401402880,382.8076171875,569538,42096,165,20260914_192750_ogbn-papers100M_FedAvg_bs16_seed42_beta10000p0,True,True
16,53,cuda_max_memory_allocated_bytes,401435136,382.83837890625,569538,42819,165,20260914_192750_ogbn-papers100M_FedAvg_bs16_seed42_beta10000p0,True,True
16,54,cuda_max_memory_allocated_bytes,401398272,382.80322265625,569538,41987,165,20260914_192750_ogbn-papers100M_FedAvg_bs16_seed42_beta10000p0,True,True
16,55,cuda_max_memory_allocated_bytes,401442816,382.845703125,569538,42945,165,20260914_192750_ogbn-papers100M_FedAvg_bs16_seed42_beta10000p0,True,True
16,56,cuda_max_memory_allocated_bytes,401437696,382.8408203125,569538,42997,165,20260914_192750_ogbn-papers100M_FedAvg_bs16_seed42_beta10000p0,True,True
16,57,cuda_max_memory_allocated_bytes,396296192,377.9375,569538,42743,165,20260914_192750_ogbn-papers100M_FedAvg_bs16_seed42_beta10000p0,True,True
16,58,cuda_max_memory_allocated_bytes,396317184,377.95751953125,569538,43148,165,20260914_192750_ogbn-papers100M_FedAvg_bs16_seed42_beta10000p0,True,True
16,59,cuda_max_memory_allocated_bytes,401440768,382.84375,569538,42756,165,20260914_192750_ogbn-papers100M_FedAvg_bs16_seed42_beta10000p0,True,True
16,60,cuda_max_memory_allocated_bytes,401387008,382.79248046875,569538,41749,165,20260914_192750_ogbn-papers100M_FedAvg_bs16_seed42_beta10000p0,True,True
16,61,cuda_max_memory_allocated_bytes,401415168,382.8193359375,569538,42354,165,20260914_192750_ogbn-papers100M_FedAvg_bs16_seed42_beta10000p0,True,True
16,62,cuda_max_memory_allocated_bytes,401443840,382.8466796875,569538,43049,165,20260914_192750_ogbn-papers100M_FedAvg_bs16_seed42_beta10000p0,True,True
16,63,cuda_max_memory_allocated_bytes,396292608,377.93408203125,569538,42524,165,20260914_192750_ogbn-papers100M_FedAvg_bs16_seed42_beta10000p0,True,True
16,64,cuda_max_memory_allocated_bytes,396277248,377.91943359375,569538,42105,165,20260914_192750_ogbn-papers100M_FedAvg_bs16_seed42_beta10000p0,True,True
16,65,cuda_max_memory_allocated_bytes,401425920,382.82958984375,569538,42707,165,20260914_192750_ogbn-papers100M_FedAvg_bs16_seed42_beta10000p0,True,True
16,66,cuda_max_memory_allocated_bytes,401405952,382.810546875,569538,42115,165,20260914_192750_ogbn-papers100M_FedAvg_bs16_seed42_beta10000p0,True,True
16,67,cuda_max_memory_allocated_bytes,396312064,377.95263671875,569538,42991,165,20260914_192750_ogbn-papers100M_FedAvg_bs16_seed42_beta10000p0,True,True
16,68,cuda_max_memory_allocated_bytes,401400832,382.8056640625,569538,42019,165,20260914_192750_ogbn-papers100M_FedAvg_bs16_seed42_beta10000p0,True,True
16,69,cuda_max_memory_allocated_bytes,396286464,377.92822265625,569538,42344,165,20260914_192750_ogbn-papers100M_FedAvg_bs16_seed42_beta10000p0,True,True
16,70,cuda_max_memory_allocated_bytes,401408000,382.8125,569538,42297,165,20260914_192750_ogbn-papers100M_FedAvg_bs16_seed42_beta10000p0,True,True
16,71,cuda_max_memory_allocated_bytes,401430016,382.83349609375,569538,42864,165,20260914_192750_ogbn-papers100M_FedAvg_bs16_seed42_beta10000p0,True,True
16,72,cuda_max_memory_allocated_bytes,401415168,382.8193359375,569538,42513,165,20260914_192750_ogbn-papers100M_FedAvg_bs16_seed42_beta10000p0,True,True
16,73,cuda_max_memory_allocated_bytes,396265472,377.908203125,569538,41910,165,20260914_192750_ogbn-papers100M_FedAvg_bs16_seed42_beta10000p0,True,True
16,74,cuda_max_memory_allocated_bytes,401434624,382.837890625,569538,42845,165,20260914_192750_ogbn-papers100M_FedAvg_bs16_seed42_beta10000p0,True,True
16,75,cuda_max_memory_allocated_bytes,396293632,377.93505859375,569538,42471,165,20260914_192750_ogbn-papers100M_FedAvg_bs16_seed42_beta10000p0,True,True
16,76,cuda_max_memory_allocated_bytes,401432064,382.83544921875,569538,42738,165,20260914_192750_ogbn-papers100M_FedAvg_bs16_seed42_beta10000p0,True,True
16,77,cuda_max_memory_allocated_bytes,401415680,382.81982421875,569538,42424,165,20260914_192750_ogbn-papers100M_FedAvg_bs16_seed42_beta10000p0,True,True
16,78,cuda_max_memory_allocated_bytes,401415168,382.8193359375,569538,42456,165,20260914_192750_ogbn-papers100M_FedAvg_bs16_seed42_beta10000p0,True,True
16,79,cuda_max_memory_allocated_bytes,396314112,377.95458984375,569538,42850,165,20260914_192750_ogbn-papers100M_FedAvg_bs16_seed42_beta10000p0,True,True
16,80,cuda_max_memory_allocated_bytes,401402880,382.8076171875,569538,42105,165,20260914_192750_ogbn-papers100M_FedAvg_bs16_seed42_beta10000p0,True,True
16,81,cuda_max_memory_allocated_bytes,401441792,382.8447265625,569538,43104,165,20260914_192750_ogbn-papers100M_FedAvg_bs16_seed42_beta10000p0,True,True
16,82,cuda_max_memory_allocated_bytes,396284928,377.9267578125,569538,42245,165,20260914_192750_ogbn-papers100M_FedAvg_bs16_seed42_beta10000p0,True,True
16,83,cuda_max_memory_allocated_bytes,396277760,377.919921875,569538,42180,165,20260914_192750_ogbn-papers100M_FedAvg_bs16_seed42_beta10000p0,True,True
16,84,cuda_max_memory_allocated_bytes,396287488,377.92919921875,569538,42400,165,20260914_192750_ogbn-papers100M_FedAvg_bs16_seed42_beta10000p0,True,True
16,85,cuda_max_memory_allocated_bytes,401415168,382.8193359375,569538,42420,165,20260914_192750_ogbn-papers100M_FedAvg_bs16_seed42_beta10000p0,True,True
16,86,cuda_max_memory_allocated_bytes,401411072,382.8154296875,569538,42300,165,20260914_192750_ogbn-papers100M_FedAvg_bs16_seed42_beta10000p0,True,True
16,87,cuda_max_memory_allocated_bytes,401400320,382.80517578125,569538,42097,165,20260914_192750_ogbn-papers100M_FedAvg_bs16_seed42_beta10000p0,True,True
16,88,cuda_max_memory_allocated_bytes,396313088,377.95361328125,569538,43090,165,20260914_192750_ogbn-papers100M_FedAvg_bs16_seed42_beta10000p0,True,True
16,89,cuda_max_memory_allocated_bytes,401404928,382.8095703125,569538,42182,165,20260914_192750_ogbn-papers100M_FedAvg_bs16_seed42_beta10000p0,True,True
16,90,cuda_max_memory_allocated_bytes,401431040,382.83447265625,569538,42803,165,20260914_192750_ogbn-papers100M_FedAvg_bs16_seed42_beta10000p0,True,True
16,91,cuda_max_memory_allocated_bytes,401424384,382.828125,569538,42567,165,20260914_192750_ogbn-papers100M_FedAvg_bs16_seed42_beta10000p0,True,True
16,92,cuda_max_memory_allocated_bytes,401407488,382.81201171875,569538,42263,165,20260914_192750_ogbn-papers100M_FedAvg_bs16_seed42_beta10000p0,True,True
16,93,cuda_max_memory_allocated_bytes,401394176,382.79931640625,569538,41896,165,20260914_192750_ogbn-papers100M_FedAvg_bs16_seed42_beta10000p0,True,True
16,94,cuda_max_memory_allocated_bytes,396275200,377.91748046875,569538,42067,165,20260914_192750_ogbn-papers100M_FedAvg_bs16_seed42_beta10000p0,True,True
16,95,cuda_max_memory_allocated_bytes,401392640,382.7978515625,569538,41918,165,20260914_192750_ogbn-papers100M_FedAvg_bs16_seed42_beta10000p0,True,True
16,96,cuda_max_memory_allocated_bytes,401398272,382.80322265625,569538,42003,165,20260914_192750_ogbn-papers100M_FedAvg_bs16_seed42_beta10000p0,True,True
16,97,cuda_max_memory_allocated_bytes,396305920,377.94677734375,569538,42810,165,20260914_192750_ogbn-papers100M_FedAvg_bs16_seed42_beta10000p0,True,True
16,98,cuda_max_memory_allocated_bytes,401420288,382.82421875,569538,42584,165,20260914_192750_ogbn-papers100M_FedAvg_bs16_seed42_beta10000p0,True,True
16,99,cuda_max_memory_allocated_bytes,401408000,382.8125,569538,42216,165,20260914_192750_ogbn-papers100M_FedAvg_bs16_seed42_beta10000p0,True,True
16,100,cuda_max_memory_allocated_bytes,401402880,382.8076171875,569538,42148,165,20260914_192750_ogbn-papers100M_FedAvg_bs16_seed42_beta10000p0,True,True
16,101,cuda_max_memory_allocated_bytes,401376256,382.7822265625,569538,41381,165,20260914_192750_ogbn-papers100M_FedAvg_bs16_seed42_beta10000p0,True,True
16,102,cuda_max_memory_allocated_bytes,401424896,382.82861328125,569538,42621,165,20260914_192750_ogbn-papers100M_FedAvg_bs16_seed42_beta10000p0,True,True
16,103,cuda_max_memory_allocated_bytes,401400832,382.8056640625,569538,42422,165,20260914_192750_ogbn-papers100M_FedAvg_bs16_seed42_beta10000p0,True,True
16,104,cuda_max_memory_allocated_bytes,401417216,382.8212890625,569538,42519,165,20260914_192750_ogbn-papers100M_FedAvg_bs16_seed42_beta10000p0,True,True
16,105,cuda_max_memory_allocated_bytes,401419264,382.8232421875,569538,42552,165,20260914_192750_ogbn-papers100M_FedAvg_bs16_seed42_beta10000p0,True,True
16,106,cuda_max_memory_allocated_bytes,401426944,382.83056640625,569538,42631,165,20260914_192750_ogbn-papers100M_FedAvg_bs16_seed42_beta10000p0,True,True
16,107,cuda_max_memory_allocated_bytes,401425920,382.82958984375,569538,42612,165,20260914_192750_ogbn-papers100M_FedAvg_bs16_seed42_beta10000p0,True,True
16,108,cuda_max_memory_allocated_bytes,401420288,382.82421875,569538,42490,165,20260914_192750_ogbn-papers100M_FedAvg_bs16_seed42_beta10000p0,True,True
16,109,cuda_max_memory_allocated_bytes,401409024,382.8134765625,569538,42260,165,20260914_192750_ogbn-papers100M_FedAvg_bs16_seed42_beta10000p0,True,True
16,110,cuda_max_memory_allocated_bytes,401439232,382.84228515625,569538,42979,165,20260914_192750_ogbn-papers100M_FedAvg_bs16_seed42_beta10000p0,True,True
16,111,cuda_max_memory_allocated_bytes,396274176,377.91650390625,569538,41990,165,20260914_192750_ogbn-papers100M_FedAvg_bs16_seed42_beta10000p0,True,True
16,112,cuda_max_memory_allocated_bytes,401398784,382.8037109375,569538,41881,165,20260914_192750_ogbn-papers100M_FedAvg_bs16_seed42_beta10000p0,True,True
16,113,cuda_max_memory_allocated_bytes,401416192,382.8203125,569538,42543,165,20260914_192750_ogbn-papers100M_FedAvg_bs16_seed42_beta10000p0,True,True
16,114,cuda_max_memory_allocated_bytes,401441280,382.84423828125,569538,42145,165,20260914_192750_ogbn-papers100M_FedAvg_bs16_seed42_beta10000p0,True,True
16,115,cuda_max_memory_allocated_bytes,401424896,382.82861328125,569538,42653,165,20260914_192750_ogbn-papers100M_FedAvg_bs16_seed42_beta10000p0,True,True
16,116,cuda_max_memory_allocated_bytes,396275200,377.91748046875,569538,42140,165,20260914_192750_ogbn-papers100M_FedAvg_bs16_seed42_beta10000p0,True,True
16,117,cuda_max_memory_allocated_bytes,401408000,382.8125,569538,42206,165,20260914_192750_ogbn-papers100M_FedAvg_bs16_seed42_beta10000p0,True,True
16,118,cuda_max_memory_allocated_bytes,401385472,382.791015625,569538,41664,165,20260914_192750_ogbn-papers100M_FedAvg_bs16_seed42_beta10000p0,True,True
16,119,cuda_max_memory_allocated_bytes,396297216,377.9384765625,569538,42642,165,20260914_192750_ogbn-papers100M_FedAvg_bs16_seed42_beta10000p0,True,True
16,120,cuda_max_memory_allocated_bytes,401440768,382.84375,569538,43040,165,20260914_192750_ogbn-papers100M_FedAvg_bs16_seed42_beta10000p0,True,True
16,121,cuda_max_memory_allocated_bytes,401378304,382.7841796875,569538,41451,165,20260914_192750_ogbn-papers100M_FedAvg_bs16_seed42_beta10000p0,True,True
16,122,cuda_max_memory_allocated_bytes,401408512,382.81298828125,569538,42278,165,20260914_192750_ogbn-papers100M_FedAvg_bs16_seed42_beta10000p0,True,True
16,123,cuda_max_memory_allocated_bytes,401405952,382.810546875,569538,42105,165,20260914_192750_ogbn-papers100M_FedAvg_bs16_seed42_beta10000p0,True,True
16,124,cuda_max_memory_allocated_bytes,401461760,382.86376953125,569538,43578,165,20260914_192750_ogbn-papers100M_FedAvg_bs16_seed42_beta10000p0,True,True
16,125,cuda_max_memory_allocated_bytes,396303872,377.94482421875,569538,42832,165,20260914_192750_ogbn-papers100M_FedAvg_bs16_seed42_beta10000p0,True,True
16,126,cuda_max_memory_allocated_bytes,396295168,377.9365234375,569538,42506,165,20260914_192750_ogbn-papers100M_FedAvg_bs16_seed42_beta10000p0,True,True
16,127,cuda_max_memory_allocated_bytes,396268544,377.9111328125,569538,42021,165,20260914_192750_ogbn-papers100M_FedAvg_bs16_seed42_beta10000p0,True,True
16,128,cuda_max_memory_allocated_bytes,401438208,382.84130859375,569538,42892,165,20260914_192750_ogbn-papers100M_FedAvg_bs16_seed42_beta10000p0,True,True
16,129,cuda_max_memory_allocated_bytes,401399808,382.8046875,569538,42089,165,20260914_192750_ogbn-papers100M_FedAvg_bs16_seed42_beta10000p0,True,True
16,130,cuda_max_memory_allocated_bytes,401442816,382.845703125,569538,42978,165,20260914_192750_ogbn-papers100M_FedAvg_bs16_seed42_beta10000p0,True,True
16,131,cuda_max_memory_allocated_bytes,396295168,377.9365234375,569538,42644,165,20260914_192750_ogbn-papers100M_FedAvg_bs16_seed42_beta10000p0,True,True
16,132,cuda_max_memory_allocated_bytes,401395712,382.80078125,569538,42241,165,20260914_192750_ogbn-papers100M_FedAvg_bs16_seed42_beta10000p0,True,True
16,133,cuda_max_memory_allocated_bytes,401430016,382.83349609375,569538,42714,165,20260914_192750_ogbn-papers100M_FedAvg_bs16_seed42_beta10000p0,True,True
16,134,cuda_max_memory_allocated_bytes,401489408,382.89013671875,569538,44260,165,20260914_192750_ogbn-papers100M_FedAvg_bs16_seed42_beta10000p0,True,True
16,135,cuda_max_memory_allocated_bytes,401435648,382.8388671875,569538,42984,165,20260914_192750_ogbn-papers100M_FedAvg_bs16_seed42_beta10000p0,True,True
16,136,cuda_max_memory_allocated_bytes,401462784,382.86474609375,569538,43648,165,20260914_192750_ogbn-papers100M_FedAvg_bs16_seed42_beta10000p0,True,True
16,137,cuda_max_memory_allocated_bytes,396331520,377.97119140625,569538,43556,165,20260914_192750_ogbn-papers100M_FedAvg_bs16_seed42_beta10000p0,True,True
16,138,cuda_max_memory_allocated_bytes,401437696,382.8408203125,569538,42964,165,20260914_192750_ogbn-papers100M_FedAvg_bs16_seed42_beta10000p0,True,True
16,139,cuda_max_memory_allocated_bytes,401423872,382.82763671875,569538,42537,165,20260914_192750_ogbn-papers100M_FedAvg_bs16_seed42_beta10000p0,True,True
16,140,cuda_max_memory_allocated_bytes,401435136,382.83837890625,569538,42870,165,20260914_192750_ogbn-papers100M_FedAvg_bs16_seed42_beta10000p0,True,True
16,141,cuda_max_memory_allocated_bytes,401417216,382.8212890625,569538,42495,165,20260914_192750_ogbn-papers100M_FedAvg_bs16_seed42_beta10000p0,True,True
16,142,cuda_max_memory_allocated_bytes,401412096,382.81640625,569538,42349,165,20260914_192750_ogbn-papers100M_FedAvg_bs16_seed42_beta10000p0,True,True
16,143,cuda_max_memory_allocated_bytes,396255744,377.89892578125,569538,41728,165,20260914_192750_ogbn-papers100M_FedAvg_bs16_seed42_beta10000p0,True,True
16,144,cuda_max_memory_allocated_bytes,401435136,382.83837890625,569538,42912,165,20260914_192750_ogbn-papers100M_FedAvg_bs16_seed42_beta10000p0,True,True
16,145,cuda_max_memory_allocated_bytes,396313600,377.9541015625,569538,43085,165,20260914_192750_ogbn-papers100M_FedAvg_bs16_seed42_beta10000p0,True,True
16,146,cuda_max_memory_allocated_bytes,396322304,377.96240234375,569538,43108,165,20260914_192750_ogbn-papers100M_FedAvg_bs16_seed42_beta10000p0,True,True
16,147,cuda_max_memory_allocated_bytes,396324352,377.96435546875,569538,43269,165,20260914_192750_ogbn-papers100M_FedAvg_bs16_seed42_beta10000p0,True,True
16,148,cuda_max_memory_allocated_bytes,396297728,377.93896484375,569538,42626,165,20260914_192750_ogbn-papers100M_FedAvg_bs16_seed42_beta10000p0,True,True
16,149,cuda_max_memory_allocated_bytes,396284928,377.9267578125,569538,42342,165,20260914_192750_ogbn-papers100M_FedAvg_bs16_seed42_beta10000p0,True,True
16,150,cuda_max_memory_allocated_bytes,401389568,382.794921875,569538,41834,165,20260914_192750_ogbn-papers100M_FedAvg_bs16_seed42_beta10000p0,True,True
16,151,cuda_max_memory_allocated_bytes,396294656,377.93603515625,569538,42539,165,20260914_192750_ogbn-papers100M_FedAvg_bs16_seed42_beta10000p0,True,True
16,152,cuda_max_memory_allocated_bytes,396264448,377.9072265625,569538,41816,165,20260914_192750_ogbn-papers100M_FedAvg_bs16_seed42_beta10000p0,True,True
16,153,cuda_max_memory_allocated_bytes,396280320,377.92236328125,569538,42146,165,20260914_192750_ogbn-papers100M_FedAvg_bs16_seed42_beta10000p0,True,True
16,154,cuda_max_memory_allocated_bytes,401404416,382.80908203125,569538,42176,165,20260914_192750_ogbn-papers100M_FedAvg_bs16_seed42_beta10000p0,True,True
16,155,cuda_max_memory_allocated_bytes,396295168,377.9365234375,569538,42579,165,20260914_192750_ogbn-papers100M_FedAvg_bs16_seed42_beta10000p0,True,True
16,156,cuda_max_memory_allocated_bytes,401424896,382.82861328125,569538,42692,165,20260914_192750_ogbn-papers100M_FedAvg_bs16_seed42_beta10000p0,True,True
16,157,cuda_max_memory_allocated_bytes,401421312,382.8251953125,569538,42495,165,20260914_192750_ogbn-papers100M_FedAvg_bs16_seed42_beta10000p0,True,True
16,158,cuda_max_memory_allocated_bytes,396293632,377.93505859375,569538,42523,165,20260914_192750_ogbn-papers100M_FedAvg_bs16_seed42_beta10000p0,True,True
16,159,cuda_max_memory_allocated_bytes,401416704,382.82080078125,569538,42420,165,20260914_192750_ogbn-papers100M_FedAvg_bs16_seed42_beta10000p0,True,True
16,160,cuda_max_memory_allocated_bytes,401446400,382.84912109375,569538,43253,165,20260914_192750_ogbn-papers100M_FedAvg_bs16_seed42_beta10000p0,True,True
16,161,cuda_max_memory_allocated_bytes,396277248,377.91943359375,569538,42194,165,20260914_192750_ogbn-papers100M_FedAvg_bs16_seed42_beta10000p0,True,True
16,162,cuda_max_memory_allocated_bytes,401408512,382.81298828125,569538,42360,165,20260914_192750_ogbn-papers100M_FedAvg_bs16_seed42_beta10000p0,True,True
16,163,cuda_max_memory_allocated_bytes,401420288,382.82421875,569538,42567,165,20260914_192750_ogbn-papers100M_FedAvg_bs16_seed42_beta10000p0,True,True
16,164,cuda_max_memory_allocated_bytes,401401344,382.80615234375,569538,41939,165,20260914_192750_ogbn-papers100M_FedAvg_bs16_seed42_beta10000p0,True,True
16,165,cuda_max_memory_allocated_bytes,401442304,382.84521484375,569538,43107,165,20260914_192750_ogbn-papers100M_FedAvg_bs16_seed42_beta10000p0,True,True
16,166,cuda_max_memory_allocated_bytes,401406464,382.81103515625,569538,42220,165,20260914_192750_ogbn-papers100M_FedAvg_bs16_seed42_beta10000p0,True,True
16,167,cuda_max_memory_allocated_bytes,396268032,377.91064453125,569538,41828,165,20260914_192750_ogbn-papers100M_FedAvg_bs16_seed42_beta10000p0,True,True
16,168,cuda_max_memory_allocated_bytes,401420800,382.82470703125,569538,42494,165,20260914_192750_ogbn-papers100M_FedAvg_bs16_seed42_beta10000p0,True,True
16,169,cuda_max_memory_allocated_bytes,401417216,382.8212890625,569538,42483,165,20260914_192750_ogbn-papers100M_FedAvg_bs16_seed42_beta10000p0,True,True
16,170,cuda_max_memory_allocated_bytes,401416704,382.82080078125,569538,42465,165,20260914_192750_ogbn-papers100M_FedAvg_bs16_seed42_beta10000p0,True,True
16,171,cuda_max_memory_allocated_bytes,396286976,377.9287109375,569538,42399,165,20260914_192750_ogbn-papers100M_FedAvg_bs16_seed42_beta10000p0,True,True
16,172,cuda_max_memory_allocated_bytes,401413632,382.81787109375,569538,42341,165,20260914_192750_ogbn-papers100M_FedAvg_bs16_seed42_beta10000p0,True,True
16,173,cuda_max_memory_allocated_bytes,401422848,382.82666015625,569538,42635,165,20260914_192750_ogbn-papers100M_FedAvg_bs16_seed42_beta10000p0,True,True
16,174,cuda_max_memory_allocated_bytes,401431040,382.83447265625,569538,42816,165,20260914_192750_ogbn-papers100M_FedAvg_bs16_seed42_beta10000p0,True,True
16,175,cuda_max_memory_allocated_bytes,396273664,377.916015625,569538,42144,165,20260914_192750_ogbn-papers100M_FedAvg_bs16_seed42_beta10000p0,True,True
16,176,cuda_max_memory_allocated_bytes,401397760,382.802734375,569538,42031,165,20260914_192750_ogbn-papers100M_FedAvg_bs16_seed42_beta10000p0,True,True
16,177,cuda_max_memory_allocated_bytes,396307456,377.9482421875,569538,42925,165,20260914_192750_ogbn-papers100M_FedAvg_bs16_seed42_beta10000p0,True,True
16,178,cuda_max_memory_allocated_bytes,401409024,382.8134765625,569538,42505,165,20260914_192750_ogbn-papers100M_FedAvg_bs16_seed42_beta10000p0,True,True
16,179,cuda_max_memory_allocated_bytes,401427968,382.83154296875,569538,42742,165,20260914_192750_ogbn-papers100M_FedAvg_bs16_seed42_beta10000p0,True,True
16,180,cuda_max_memory_allocated_bytes,401431552,382.8349609375,569538,42844,165,20260914_192750_ogbn-papers100M_FedAvg_bs16_seed42_beta10000p0,True,True
16,181,cuda_max_memory_allocated_bytes,396288000,377.9296875,569538,42424,165,20260914_192750_ogbn-papers100M_FedAvg_bs16_seed42_beta10000p0,True,True
16,182,cuda_max_memory_allocated_bytes,396281344,377.92333984375,569538,42304,165,20260914_192750_ogbn-papers100M_FedAvg_bs16_seed42_beta10000p0,True,True
16,183,cuda_max_memory_allocated_bytes,401381376,382.787109375,569538,41650,165,20260914_192750_ogbn-papers100M_FedAvg_bs16_seed42_beta10000p0,True,True
16,184,cuda_max_memory_allocated_bytes,396309504,377.9501953125,569538,42971,165,20260914_192750_ogbn-papers100M_FedAvg_bs16_seed42_beta10000p0,True,True
16,185,cuda_max_memory_allocated_bytes,396265984,377.90869140625,569538,41887,165,20260914_192750_ogbn-papers100M_FedAvg_bs16_seed42_beta10000p0,True,True
16,186,cuda_max_memory_allocated_bytes,396285440,377.92724609375,569538,42308,165,20260914_192750_ogbn-papers100M_FedAvg_bs16_seed42_beta10000p0,True,True
16,187,cuda_max_memory_allocated_bytes,401413632,382.81787109375,569538,42395,165,20260914_192750_ogbn-papers100M_FedAvg_bs16_seed42_beta10000p0,True,True
16,188,cuda_max_memory_allocated_bytes,396292608,377.93408203125,569538,42504,165,20260914_192750_ogbn-papers100M_FedAvg_bs16_seed42_beta10000p0,True,True
16,189,cuda_max_memory_allocated_bytes,396264448,377.9072265625,569538,41857,165,20260914_192750_ogbn-papers100M_FedAvg_bs16_seed42_beta10000p0,True,True
16,190,cuda_max_memory_allocated_bytes,401420800,382.82470703125,569538,42537,165,20260914_192750_ogbn-papers100M_FedAvg_bs16_seed42_beta10000p0,True,True
16,191,cuda_max_memory_allocated_bytes,396282880,377.9248046875,569538,42364,165,20260914_192750_ogbn-papers100M_FedAvg_bs16_seed42_beta10000p0,True,True
16,192,cuda_max_memory_allocated_bytes,401409536,382.81396484375,569538,42279,165,20260914_192750_ogbn-papers100M_FedAvg_bs16_seed42_beta10000p0,True,True
16,193,cuda_max_memory_allocated_bytes,401416704,382.82080078125,569538,42402,165,20260914_192750_ogbn-papers100M_FedAvg_bs16_seed42_beta10000p0,True,True
16,194,cuda_max_memory_allocated_bytes,396295168,377.9365234375,569538,42488,165,20260914_192750_ogbn-papers100M_FedAvg_bs16_seed42_beta10000p0,True,True
32,0,cuda_max_memory_allocated_bytes,401393664,382.798828125,569539,42085,165,20260914_194714_ogbn-papers100M_FedAvg_bs32_seed42_beta10000p0,True,True
32,1,cuda_max_memory_allocated_bytes,401414656,382.81884765625,569539,42192,165,20260914_194714_ogbn-papers100M_FedAvg_bs32_seed42_beta10000p0,True,True
32,2,cuda_max_memory_allocated_bytes,401414144,382.818359375,569539,42649,165,20260914_194714_ogbn-papers100M_FedAvg_bs32_seed42_beta10000p0,True,True
32,3,cuda_max_memory_allocated_bytes,401435136,382.83837890625,569539,42566,165,20260914_194714_ogbn-papers100M_FedAvg_bs32_seed42_beta10000p0,True,True
32,4,cuda_max_memory_allocated_bytes,401413632,382.81787109375,569539,42106,165,20260914_194714_ogbn-papers100M_FedAvg_bs32_seed42_beta10000p0,True,True
32,5,cuda_max_memory_allocated_bytes,401426432,382.830078125,569539,42478,165,20260914_194714_ogbn-papers100M_FedAvg_bs32_seed42_beta10000p0,True,True
32,6,cuda_max_memory_allocated_bytes,401375744,382.78173828125,569539,41630,165,20260914_194714_ogbn-papers100M_FedAvg_bs32_seed42_beta10000p0,True,True
32,7,cuda_max_memory_allocated_bytes,401412096,382.81640625,569539,42632,165,20260914_194714_ogbn-papers100M_FedAvg_bs32_seed42_beta10000p0,True,True
32,8,cuda_max_memory_allocated_bytes,401403392,382.80810546875,569539,41951,165,20260914_194714_ogbn-papers100M_FedAvg_bs32_seed42_beta10000p0,True,True
32,9,cuda_max_memory_allocated_bytes,401454592,382.85693359375,569539,43121,165,20260914_194714_ogbn-papers100M_FedAvg_bs32_seed42_beta10000p0,True,True
32,10,cuda_max_memory_allocated_bytes,401402880,382.8076171875,569539,42455,165,20260914_194714_ogbn-papers100M_FedAvg_bs32_seed42_beta10000p0,True,True
32,11,cuda_max_memory_allocated_bytes,401430528,382.833984375,569539,42613,165,20260914_194714_ogbn-papers100M_FedAvg_bs32_seed42_beta10000p0,True,True
32,12,cuda_max_memory_allocated_bytes,401448448,382.85107421875,569539,42902,165,20260914_194714_ogbn-papers100M_FedAvg_bs32_seed42_beta10000p0,True,True
32,13,cuda_max_memory_allocated_bytes,401400320,382.80517578125,569539,42317,165,20260914_194714_ogbn-papers100M_FedAvg_bs32_seed42_beta10000p0,True,True
32,14,cuda_max_memory_allocated_bytes,401432064,382.83544921875,569539,42296,165,20260914_194714_ogbn-papers100M_FedAvg_bs32_seed42_beta10000p0,True,False
32,15,cuda_max_memory_allocated_bytes,401393664,382.798828125,569539,42146,165,20260914_194714_ogbn-papers100M_FedAvg_bs32_seed42_beta10000p0,True,True
32,16,cuda_max_memory_allocated_bytes,401408512,382.81298828125,569539,41922,165,20260914_194714_ogbn-papers100M_FedAvg_bs32_seed42_beta10000p0,True,True
32,17,cuda_max_memory_allocated_bytes,401400320,382.80517578125,569539,42390,165,20260914_194714_ogbn-papers100M_FedAvg_bs32_seed42_beta10000p0,True,True
32,18,cuda_max_memory_allocated_bytes,401379840,382.78564453125,569539,41847,165,20260914_194714_ogbn-papers100M_FedAvg_bs32_seed42_beta10000p0,True,True
32,19,cuda_max_memory_allocated_bytes,401409024,382.8134765625,569539,42582,165,20260914_194714_ogbn-papers100M_FedAvg_bs32_seed42_beta10000p0,True,True
32,20,cuda_max_memory_allocated_bytes,401422336,382.826171875,569539,42966,165,20260914_194714_ogbn-papers100M_FedAvg_bs32_seed42_beta10000p0,True,True
32,21,cuda_max_memory_allocated_bytes,401434624,382.837890625,569539,42584,165,20260914_194714_ogbn-papers100M_FedAvg_bs32_seed42_beta10000p0,True,True
32,22,cuda_max_memory_allocated_bytes,401410048,382.814453125,569539,42003,165,20260914_194714_ogbn-papers100M_FedAvg_bs32_seed42_beta10000p0,True,True
32,23,cuda_max_memory_allocated_bytes,401430528,382.833984375,569539,42415,165,20260914_194714_ogbn-papers100M_FedAvg_bs32_seed42_beta10000p0,True,True
32,24,cuda_max_memory_allocated_bytes,401374720,382.78076171875,569539,41850,165,20260914_194714_ogbn-papers100M_FedAvg_bs32_seed42_beta10000p0,True,True
32,25,cuda_max_memory_allocated_bytes,401390592,382.7958984375,569539,42152,165,20260914_194714_ogbn-papers100M_FedAvg_bs32_seed42_beta10000p0,True,True
32,26,cuda_max_memory_allocated_bytes,401399808,382.8046875,569539,42344,165,20260914_194714_ogbn-papers100M_FedAvg_bs32_seed42_beta10000p0,True,True
32,27,cuda_max_memory_allocated_bytes,401422336,382.826171875,569539,42322,165,20260914_194714_ogbn-papers100M_FedAvg_bs32_seed42_beta10000p0,True,True
32,28,cuda_max_memory_allocated_bytes,401454080,382.8564453125,569539,43060,165,20260914_194714_ogbn-papers100M_FedAvg_bs32_seed42_beta10000p0,True,True
32,29,cuda_max_memory_allocated_bytes,401465344,382.8671875,569539,43189,165,20260914_194714_ogbn-papers100M_FedAvg_bs32_seed42_beta10000p0,True,False
32,30,cuda_max_memory_allocated_bytes,401410048,382.814453125,569539,42646,165,20260914_194714_ogbn-papers100M_FedAvg_bs32_seed42_beta10000p0,True,True
32,31,cuda_max_memory_allocated_bytes,401437696,382.8408203125,569539,42757,165,20260914_194714_ogbn-papers100M_FedAvg_bs32_seed42_beta10000p0,True,True
32,32,cuda_max_memory_allocated_bytes,401416192,382.8203125,569539,42148,165,20260914_194714_ogbn-papers100M_FedAvg_bs32_seed42_beta10000p0,True,True
32,33,cuda_max_memory_allocated_bytes,401433088,382.83642578125,569539,43164,165,20260914_194714_ogbn-papers100M_FedAvg_bs32_seed42_beta10000p0,True,True
32,34,cuda_max_memory_allocated_bytes,401432576,382.8359375,569539,42454,165,20260914_194714_ogbn-papers100M_FedAvg_bs32_seed42_beta10000p0,True,True
32,35,cuda_max_memory_allocated_bytes,401458176,382.8603515625,569539,43289,165,20260914_194714_ogbn-papers100M_FedAvg_bs32_seed42_beta10000p0,True,True
32,36,cuda_max_memory_allocated_bytes,401439232,382.84228515625,569539,42743,165,20260914_194714_ogbn-papers100M_FedAvg_bs32_seed42_beta10000p0,True,True
32,37,cuda_max_memory_allocated_bytes,401428992,382.83251953125,569539,42489,165,20260914_194714_ogbn-papers100M_FedAvg_bs32_seed42_beta10000p0,True,True
32,38,cuda_max_memory_allocated_bytes,401467904,382.86962890625,569539,43384,165,20260914_194714_ogbn-papers100M_FedAvg_bs32_seed42_beta10000p0,True,True
32,39,cuda_max_memory_allocated_bytes,401452032,382.8544921875,569539,43634,165,20260914_194714_ogbn-papers100M_FedAvg_bs32_seed42_beta10000p0,True,True
32,40,cuda_max_memory_allocated_bytes,401406464,382.81103515625,569539,42548,165,20260914_194714_ogbn-papers100M_FedAvg_bs32_seed42_beta10000p0,True,True
32,41,cuda_max_memory_allocated_bytes,401392128,382.79736328125,569539,42113,165,20260914_194714_ogbn-papers100M_FedAvg_bs32_seed42_beta10000p0,True,True
32,42,cuda_max_memory_allocated_bytes,401422336,382.826171875,569539,42360,165,20260914_194714_ogbn-papers100M_FedAvg_bs32_seed42_beta10000p0,True,True
32,43,cuda_max_memory_allocated_bytes,401425408,382.8291015625,569539,42194,165,20260914_194714_ogbn-papers100M_FedAvg_bs32_seed42_beta10000p0,True,False
32,44,cuda_max_memory_allocated_bytes,401428480,382.83203125,569539,42371,165,20260914_194714_ogbn-papers100M_FedAvg_bs32_seed42_beta10000p0,True,True
32,45,cuda_max_memory_allocated_bytes,401432576,382.8359375,569539,42610,165,20260914_194714_ogbn-papers100M_FedAvg_bs32_seed42_beta10000p0,True,True
32,46,cuda_max_memory_allocated_bytes,401424384,382.828125,569538,42482,165,20260914_194714_ogbn-papers100M_FedAvg_bs32_seed42_beta10000p0,True,True
32,47,cuda_max_memory_allocated_bytes,401409536,382.81396484375,569538,42568,165,20260914_194714_ogbn-papers100M_FedAvg_bs32_seed42_beta10000p0,True,True
32,48,cuda_max_memory_allocated_bytes,401442816,382.845703125,569538,42836,165,20260914_194714_ogbn-papers100M_FedAvg_bs32_seed42_beta10000p0,True,True
32,49,cuda_max_memory_allocated_bytes,401410560,382.81494140625,569538,42558,165,20260914_194714_ogbn-papers100M_FedAvg_bs32_seed42_beta10000p0,True,True
32,50,cuda_max_memory_allocated_bytes,401413632,382.81787109375,569538,42598,165,20260914_194714_ogbn-papers100M_FedAvg_bs32_seed42_beta10000p0,True,True
32,51,cuda_max_memory_allocated_bytes,401405952,382.810546875,569538,42423,165,20260914_194714_ogbn-papers100M_FedAvg_bs32_seed42_beta10000p0,True,True
32,52,cuda_max_memory_allocated_bytes,401413120,382.8173828125,569538,42096,165,20260914_194714_ogbn-papers100M_FedAvg_bs32_seed42_beta10000p0,True,True
32,53,cuda_max_memory_allocated_bytes,401445376,382.84814453125,569538,42819,165,20260914_194714_ogbn-papers100M_FedAvg_bs32_seed42_beta10000p0,True,True
32,54,cuda_max_memory_allocated_bytes,401387008,382.79248046875,569538,41987,165,20260914_194714_ogbn-papers100M_FedAvg_bs32_seed42_beta10000p0,True,True
32,55,cuda_max_memory_allocated_bytes,401459712,382.86181640625,569538,42945,165,20260914_194714_ogbn-papers100M_FedAvg_bs32_seed42_beta10000p0,True,False
32,56,cuda_max_memory_allocated_bytes,401456640,382.85888671875,569538,42997,165,20260914_194714_ogbn-papers100M_FedAvg_bs32_seed42_beta10000p0,True,False
32,57,cuda_max_memory_allocated_bytes,401412096,382.81640625,569538,42743,165,20260914_194714_ogbn-papers100M_FedAvg_bs32_seed42_beta10000p0,True,True
32,58,cuda_max_memory_allocated_bytes,401454592,382.85693359375,569538,43148,165,20260914_194714_ogbn-papers100M_FedAvg_bs32_seed42_beta10000p0,True,True
32,59,cuda_max_memory_allocated_bytes,401447424,382.85009765625,569538,42756,165,20260914_194714_ogbn-papers100M_FedAvg_bs32_seed42_beta10000p0,True,False
32,60,cuda_max_memory_allocated_bytes,401374720,382.78076171875,569538,41749,165,20260914_194714_ogbn-papers100M_FedAvg_bs32_seed42_beta10000p0,True,True
32,61,cuda_max_memory_allocated_bytes,401422848,382.82666015625,569538,42354,165,20260914_194714_ogbn-papers100M_FedAvg_bs32_seed42_beta10000p0,True,True
32,62,cuda_max_memory_allocated_bytes,401428992,382.83251953125,569538,43049,165,20260914_194714_ogbn-papers100M_FedAvg_bs32_seed42_beta10000p0,True,True
32,63,cuda_max_memory_allocated_bytes,401405952,382.810546875,569538,42524,165,20260914_194714_ogbn-papers100M_FedAvg_bs32_seed42_beta10000p0,True,True
32,64,cuda_max_memory_allocated_bytes,401417216,382.8212890625,569538,42105,165,20260914_194714_ogbn-papers100M_FedAvg_bs32_seed42_beta10000p0,True,True
32,65,cuda_max_memory_allocated_bytes,401413120,382.8173828125,569538,42707,165,20260914_194714_ogbn-papers100M_FedAvg_bs32_seed42_beta10000p0,True,True
32,66,cuda_max_memory_allocated_bytes,401392640,382.7978515625,569538,42115,165,20260914_194714_ogbn-papers100M_FedAvg_bs32_seed42_beta10000p0,True,True
32,67,cuda_max_memory_allocated_bytes,401455104,382.857421875,569538,42991,165,20260914_194714_ogbn-papers100M_FedAvg_bs32_seed42_beta10000p0,True,True
32,68,cuda_max_memory_allocated_bytes,401409536,382.81396484375,569538,42019,165,20260914_194714_ogbn-papers100M_FedAvg_bs32_seed42_beta10000p0,True,True
32,69,cuda_max_memory_allocated_bytes,401400832,382.8056640625,569538,42344,165,20260914_194714_ogbn-papers100M_FedAvg_bs32_seed42_beta10000p0,True,True
32,70,cuda_max_memory_allocated_bytes,401394688,382.7998046875,569538,42297,165,20260914_194714_ogbn-papers100M_FedAvg_bs32_seed42_beta10000p0,True,True
32,71,cuda_max_memory_allocated_bytes,401418240,382.822265625,569538,42864,165,20260914_194714_ogbn-papers100M_FedAvg_bs32_seed42_beta10000p0,True,True
32,72,cuda_max_memory_allocated_bytes,401403392,382.80810546875,569538,42513,165,20260914_194714_ogbn-papers100M_FedAvg_bs32_seed42_beta10000p0,True,True
32,73,cuda_max_memory_allocated_bytes,401378304,382.7841796875,569538,41910,165,20260914_194714_ogbn-papers100M_FedAvg_bs32_seed42_beta10000p0,True,True
32,74,cuda_max_memory_allocated_bytes,401419264,382.8232421875,569538,42845,165,20260914_194714_ogbn-papers100M_FedAvg_bs32_seed42_beta10000p0,True,True
32,75,cuda_max_memory_allocated_bytes,401409024,382.8134765625,569538,42471,165,20260914_194714_ogbn-papers100M_FedAvg_bs32_seed42_beta10000p0,True,True
32,76,cuda_max_memory_allocated_bytes,401417216,382.8212890625,569538,42738,165,20260914_194714_ogbn-papers100M_FedAvg_bs32_seed42_beta10000p0,True,True
32,77,cuda_max_memory_allocated_bytes,401426944,382.83056640625,569538,42424,165,20260914_194714_ogbn-papers100M_FedAvg_bs32_seed42_beta10000p0,True,True
32,78,cuda_max_memory_allocated_bytes,401403392,382.80810546875,569538,42456,165,20260914_194714_ogbn-papers100M_FedAvg_bs32_seed42_beta10000p0,True,True
32,79,cuda_max_memory_allocated_bytes,401419264,382.8232421875,569538,42850,165,20260914_194714_ogbn-papers100M_FedAvg_bs32_seed42_beta10000p0,True,True
32,80,cuda_max_memory_allocated_bytes,401390080,382.79541015625,569538,42105,165,20260914_194714_ogbn-papers100M_FedAvg_bs32_seed42_beta10000p0,True,True
32,81,cuda_max_memory_allocated_bytes,401428992,382.83251953125,569538,43104,165,20260914_194714_ogbn-papers100M_FedAvg_bs32_seed42_beta10000p0,True,True
32,82,cuda_max_memory_allocated_bytes,401398272,382.80322265625,569538,42245,165,20260914_194714_ogbn-papers100M_FedAvg_bs32_seed42_beta10000p0,True,True
32,83,cuda_max_memory_allocated_bytes,401393152,382.79833984375,569538,42180,165,20260914_194714_ogbn-papers100M_FedAvg_bs32_seed42_beta10000p0,True,True
32,84,cuda_max_memory_allocated_bytes,401424896,382.82861328125,569538,42400,165,20260914_194714_ogbn-papers100M_FedAvg_bs32_seed42_beta10000p0,True,True
32,85,cuda_max_memory_allocated_bytes,401423872,382.82763671875,569538,42420,165,20260914_194714_ogbn-papers100M_FedAvg_bs32_seed42_beta10000p0,True,True
32,86,cuda_max_memory_allocated_bytes,401399808,382.8046875,569538,42300,165,20260914_194714_ogbn-papers100M_FedAvg_bs32_seed42_beta10000p0,True,True
32,87,cuda_max_memory_allocated_bytes,401410048,382.814453125,569538,42097,165,20260914_194714_ogbn-papers100M_FedAvg_bs32_seed42_beta10000p0,True,True
32,88,cuda_max_memory_allocated_bytes,401452032,382.8544921875,569538,43090,165,20260914_194714_ogbn-papers100M_FedAvg_bs32_seed42_beta10000p0,True,True
32,89,cuda_max_memory_allocated_bytes,401392640,382.7978515625,569538,42182,165,20260914_194714_ogbn-papers100M_FedAvg_bs32_seed42_beta10000p0,True,True
32,90,cuda_max_memory_allocated_bytes,401418752,382.82275390625,569538,42803,165,20260914_194714_ogbn-papers100M_FedAvg_bs32_seed42_beta10000p0,True,True
32,91,cuda_max_memory_allocated_bytes,401433600,382.8369140625,569538,42567,165,20260914_194714_ogbn-papers100M_FedAvg_bs32_seed42_beta10000p0,True,True
32,92,cuda_max_memory_allocated_bytes,401433600,382.8369140625,569538,42263,165,20260914_194714_ogbn-papers100M_FedAvg_bs32_seed42_beta10000p0,True,False
32,93,cuda_max_memory_allocated_bytes,401382400,382.7880859375,569538,41896,165,20260914_194714_ogbn-papers100M_FedAvg_bs32_seed42_beta10000p0,True,True
32,94,cuda_max_memory_allocated_bytes,401388032,382.79345703125,569538,42067,165,20260914_194714_ogbn-papers100M_FedAvg_bs32_seed42_beta10000p0,True,True
32,95,cuda_max_memory_allocated_bytes,401380864,382.78662109375,569538,41918,165,20260914_194714_ogbn-papers100M_FedAvg_bs32_seed42_beta10000p0,True,True
32,96,cuda_max_memory_allocated_bytes,401413120,382.8173828125,569538,42003,165,20260914_194714_ogbn-papers100M_FedAvg_bs32_seed42_beta10000p0,True,True
32,97,cuda_max_memory_allocated_bytes,401421312,382.8251953125,569538,42810,165,20260914_194714_ogbn-papers100M_FedAvg_bs32_seed42_beta10000p0,True,True
32,98,cuda_max_memory_allocated_bytes,401432064,382.83544921875,569538,42584,165,20260914_194714_ogbn-papers100M_FedAvg_bs32_seed42_beta10000p0,True,True
32,99,cuda_max_memory_allocated_bytes,401421312,382.8251953125,569538,42216,165,20260914_194714_ogbn-papers100M_FedAvg_bs32_seed42_beta10000p0,True,True
32,100,cuda_max_memory_allocated_bytes,401391616,382.796875,569538,42148,165,20260914_194714_ogbn-papers100M_FedAvg_bs32_seed42_beta10000p0,True,True
32,101,cuda_max_memory_allocated_bytes,401362432,382.76904296875,569538,41381,165,20260914_194714_ogbn-papers100M_FedAvg_bs32_seed42_beta10000p0,True,True
32,102,cuda_max_memory_allocated_bytes,401412096,382.81640625,569538,42621,165,20260914_194714_ogbn-papers100M_FedAvg_bs32_seed42_beta10000p0,True,True
32,103,cuda_max_memory_allocated_bytes,401421312,382.8251953125,569538,42422,165,20260914_194714_ogbn-papers100M_FedAvg_bs32_seed42_beta10000p0,True,True
32,104,cuda_max_memory_allocated_bytes,401432064,382.83544921875,569538,42519,165,20260914_194714_ogbn-papers100M_FedAvg_bs32_seed42_beta10000p0,True,True
32,105,cuda_max_memory_allocated_bytes,401405440,382.81005859375,569538,42552,165,20260914_194714_ogbn-papers100M_FedAvg_bs32_seed42_beta10000p0,True,True
32,106,cuda_max_memory_allocated_bytes,401435136,382.83837890625,569538,42631,165,20260914_194714_ogbn-papers100M_FedAvg_bs32_seed42_beta10000p0,True,True
32,107,cuda_max_memory_allocated_bytes,401430016,382.83349609375,569538,42612,165,20260914_194714_ogbn-papers100M_FedAvg_bs32_seed42_beta10000p0,True,True
32,108,cuda_max_memory_allocated_bytes,401406976,382.8115234375,569538,42490,165,20260914_194714_ogbn-papers100M_FedAvg_bs32_seed42_beta10000p0,True,True
32,109,cuda_max_memory_allocated_bytes,401396736,382.8017578125,569538,42260,165,20260914_194714_ogbn-papers100M_FedAvg_bs32_seed42_beta10000p0,True,True
32,110,cuda_max_memory_allocated_bytes,401427456,382.8310546875,569538,42979,165,20260914_194714_ogbn-papers100M_FedAvg_bs32_seed42_beta10000p0,True,True
32,111,cuda_max_memory_allocated_bytes,401388544,382.7939453125,569538,41990,165,20260914_194714_ogbn-papers100M_FedAvg_bs32_seed42_beta10000p0,True,True
32,112,cuda_max_memory_allocated_bytes,401384960,382.79052734375,569538,41881,165,20260914_194714_ogbn-papers100M_FedAvg_bs32_seed42_beta10000p0,True,True
32,113,cuda_max_memory_allocated_bytes,401427968,382.83154296875,569538,42543,165,20260914_194714_ogbn-papers100M_FedAvg_bs32_seed42_beta10000p0,True,True
32,114,cuda_max_memory_allocated_bytes,401412096,382.81640625,569538,42145,165,20260914_194714_ogbn-papers100M_FedAvg_bs32_seed42_beta10000p0,True,True
32,115,cuda_max_memory_allocated_bytes,401412608,382.81689453125,569538,42653,165,20260914_194714_ogbn-papers100M_FedAvg_bs32_seed42_beta10000p0,True,True
32,116,cuda_max_memory_allocated_bytes,401413120,382.8173828125,569538,42140,165,20260914_194714_ogbn-papers100M_FedAvg_bs32_seed42_beta10000p0,True,True
32,117,cuda_max_memory_allocated_bytes,401393152,382.79833984375,569538,42206,165,20260914_194714_ogbn-papers100M_FedAvg_bs32_seed42_beta10000p0,True,True
32,118,cuda_max_memory_allocated_bytes,401373696,382.77978515625,569538,41664,165,20260914_194714_ogbn-papers100M_FedAvg_bs32_seed42_beta10000p0,True,True
32,119,cuda_max_memory_allocated_bytes,401435136,382.83837890625,569538,42642,165,20260914_194714_ogbn-papers100M_FedAvg_bs32_seed42_beta10000p0,True,True
32,120,cuda_max_memory_allocated_bytes,401428480,382.83203125,569538,43040,165,20260914_194714_ogbn-papers100M_FedAvg_bs32_seed42_beta10000p0,True,True
32,121,cuda_max_memory_allocated_bytes,401386496,382.7919921875,569538,41451,165,20260914_194714_ogbn-papers100M_FedAvg_bs32_seed42_beta10000p0,True,True
32,122,cuda_max_memory_allocated_bytes,401416704,382.82080078125,569538,42278,165,20260914_194714_ogbn-papers100M_FedAvg_bs32_seed42_beta10000p0,True,True
32,123,cuda_max_memory_allocated_bytes,401413632,382.81787109375,569538,42105,165,20260914_194714_ogbn-papers100M_FedAvg_bs32_seed42_beta10000p0,True,True
32,124,cuda_max_memory_allocated_bytes,401472000,382.87353515625,569538,43578,165,20260914_194714_ogbn-papers100M_FedAvg_bs32_seed42_beta10000p0,True,True
32,125,cuda_max_memory_allocated_bytes,401442304,382.84521484375,569538,42832,165,20260914_194714_ogbn-papers100M_FedAvg_bs32_seed42_beta10000p0,True,True
32,126,cuda_max_memory_allocated_bytes,401408000,382.8125,569538,42506,165,20260914_194714_ogbn-papers100M_FedAvg_bs32_seed42_beta10000p0,True,True
32,127,cuda_max_memory_allocated_bytes,401408000,382.8125,569538,42021,165,20260914_194714_ogbn-papers100M_FedAvg_bs32_seed42_beta10000p0,True,True
32,128,cuda_max_memory_allocated_bytes,401425408,382.8291015625,569538,42892,165,20260914_194714_ogbn-papers100M_FedAvg_bs32_seed42_beta10000p0,True,True
32,129,cuda_max_memory_allocated_bytes,401409536,382.81396484375,569538,42089,165,20260914_194714_ogbn-papers100M_FedAvg_bs32_seed42_beta10000p0,True,True
32,130,cuda_max_memory_allocated_bytes,401427968,382.83154296875,569538,42978,165,20260914_194714_ogbn-papers100M_FedAvg_bs32_seed42_beta10000p0,True,True
32,131,cuda_max_memory_allocated_bytes,401432064,382.83544921875,569538,42644,165,20260914_194714_ogbn-papers100M_FedAvg_bs32_seed42_beta10000p0,True,True
32,132,cuda_max_memory_allocated_bytes,401416704,382.82080078125,569538,42241,165,20260914_194714_ogbn-papers100M_FedAvg_bs32_seed42_beta10000p0,True,True
32,133,cuda_max_memory_allocated_bytes,401443840,382.8466796875,569538,42714,165,20260914_194714_ogbn-papers100M_FedAvg_bs32_seed42_beta10000p0,True,True
32,134,cuda_max_memory_allocated_bytes,401476608,382.8779296875,569538,44260,165,20260914_194714_ogbn-papers100M_FedAvg_bs32_seed42_beta10000p0,True,True
32,135,cuda_max_memory_allocated_bytes,401423360,382.8271484375,569538,42984,165,20260914_194714_ogbn-papers100M_FedAvg_bs32_seed42_beta10000p0,True,True
32,136,cuda_max_memory_allocated_bytes,401451520,382.85400390625,569538,43648,165,20260914_194714_ogbn-papers100M_FedAvg_bs32_seed42_beta10000p0,True,True
32,137,cuda_max_memory_allocated_bytes,401445888,382.8486328125,569538,43556,165,20260914_194714_ogbn-papers100M_FedAvg_bs32_seed42_beta10000p0,True,True
32,138,cuda_max_memory_allocated_bytes,401447424,382.85009765625,569538,42964,165,20260914_194714_ogbn-papers100M_FedAvg_bs32_seed42_beta10000p0,True,True
32,139,cuda_max_memory_allocated_bytes,401430528,382.833984375,569538,42537,165,20260914_194714_ogbn-papers100M_FedAvg_bs32_seed42_beta10000p0,True,True
32,140,cuda_max_memory_allocated_bytes,401423872,382.82763671875,569538,42870,165,20260914_194714_ogbn-papers100M_FedAvg_bs32_seed42_beta10000p0,True,True
32,141,cuda_max_memory_allocated_bytes,401426944,382.83056640625,569538,42495,165,20260914_194714_ogbn-papers100M_FedAvg_bs32_seed42_beta10000p0,True,True
32,142,cuda_max_memory_allocated_bytes,401420800,382.82470703125,569538,42349,165,20260914_194714_ogbn-papers100M_FedAvg_bs32_seed42_beta10000p0,True,True
32,143,cuda_max_memory_allocated_bytes,401391104,382.79638671875,569538,41728,165,20260914_194714_ogbn-papers100M_FedAvg_bs32_seed42_beta10000p0,True,True
32,144,cuda_max_memory_allocated_bytes,401421824,382.82568359375,569538,42912,165,20260914_194714_ogbn-papers100M_FedAvg_bs32_seed42_beta10000p0,True,True
32,145,cuda_max_memory_allocated_bytes,401450496,382.85302734375,569538,43085,165,20260914_194714_ogbn-papers100M_FedAvg_bs32_seed42_beta10000p0,True,True
32,146,cuda_max_memory_allocated_bytes,401433088,382.83642578125,569538,43108,165,20260914_194714_ogbn-papers100M_FedAvg_bs32_seed42_beta10000p0,True,True
32,147,cuda_max_memory_allocated_bytes,401460224,382.8623046875,569538,43269,165,20260914_194714_ogbn-papers100M_FedAvg_bs32_seed42_beta10000p0,True,True
32,148,cuda_max_memory_allocated_bytes,401411584,382.81591796875,569538,42626,165,20260914_194714_ogbn-papers100M_FedAvg_bs32_seed42_beta10000p0,True,True
32,149,cuda_max_memory_allocated_bytes,401424896,382.82861328125,569538,42342,165,20260914_194714_ogbn-papers100M_FedAvg_bs32_seed42_beta10000p0,True,True
32,150,cuda_max_memory_allocated_bytes,401377280,382.783203125,569538,41834,165,20260914_194714_ogbn-papers100M_FedAvg_bs32_seed42_beta10000p0,True,True
32,151,cuda_max_memory_allocated_bytes,401408000,382.8125,569538,42539,165,20260914_194714_ogbn-papers100M_FedAvg_bs32_seed42_beta10000p0,True,True
32,152,cuda_max_memory_allocated_bytes,401378304,382.7841796875,569538,41816,165,20260914_194714_ogbn-papers100M_FedAvg_bs32_seed42_beta10000p0,True,True
32,153,cuda_max_memory_allocated_bytes,401395712,382.80078125,569538,42146,165,20260914_194714_ogbn-papers100M_FedAvg_bs32_seed42_beta10000p0,True,True
32,154,cuda_max_memory_allocated_bytes,401393152,382.79833984375,569538,42176,165,20260914_194714_ogbn-papers100M_FedAvg_bs32_seed42_beta10000p0,True,True
32,155,cuda_max_memory_allocated_bytes,401410048,382.814453125,569538,42579,165,20260914_194714_ogbn-papers100M_FedAvg_bs32_seed42_beta10000p0,True,True
32,156,cuda_max_memory_allocated_bytes,401436160,382.83935546875,569538,42692,165,20260914_194714_ogbn-papers100M_FedAvg_bs32_seed42_beta10000p0,True,True
32,157,cuda_max_memory_allocated_bytes,401432576,382.8359375,569538,42495,165,20260914_194714_ogbn-papers100M_FedAvg_bs32_seed42_beta10000p0,True,True
32,158,cuda_max_memory_allocated_bytes,401428480,382.83203125,569538,42523,165,20260914_194714_ogbn-papers100M_FedAvg_bs32_seed42_beta10000p0,True,True
32,159,cuda_max_memory_allocated_bytes,401403392,382.80810546875,569538,42420,165,20260914_194714_ogbn-papers100M_FedAvg_bs32_seed42_beta10000p0,True,True
32,160,cuda_max_memory_allocated_bytes,401435136,382.83837890625,569538,43253,165,20260914_194714_ogbn-papers100M_FedAvg_bs32_seed42_beta10000p0,True,True
32,161,cuda_max_memory_allocated_bytes,401393152,382.79833984375,569538,42194,165,20260914_194714_ogbn-papers100M_FedAvg_bs32_seed42_beta10000p0,True,True
32,162,cuda_max_memory_allocated_bytes,401419264,382.8232421875,569538,42360,165,20260914_194714_ogbn-papers100M_FedAvg_bs32_seed42_beta10000p0,True,True
32,163,cuda_max_memory_allocated_bytes,401426944,382.83056640625,569538,42567,165,20260914_194714_ogbn-papers100M_FedAvg_bs32_seed42_beta10000p0,True,True
32,164,cuda_max_memory_allocated_bytes,401408000,382.8125,569538,41939,165,20260914_194714_ogbn-papers100M_FedAvg_bs32_seed42_beta10000p0,True,True
32,165,cuda_max_memory_allocated_bytes,401429504,382.8330078125,569538,43107,165,20260914_194714_ogbn-papers100M_FedAvg_bs32_seed42_beta10000p0,True,True
32,166,cuda_max_memory_allocated_bytes,401416192,382.8203125,569538,42220,165,20260914_194714_ogbn-papers100M_FedAvg_bs32_seed42_beta10000p0,True,True
32,167,cuda_max_memory_allocated_bytes,401382912,382.78857421875,569538,41828,165,20260914_194714_ogbn-papers100M_FedAvg_bs32_seed42_beta10000p0,True,True
32,168,cuda_max_memory_allocated_bytes,401432064,382.83544921875,569538,42494,165,20260914_194714_ogbn-papers100M_FedAvg_bs32_seed42_beta10000p0,True,True
32,169,cuda_max_memory_allocated_bytes,401425920,382.82958984375,569538,42483,165,20260914_194714_ogbn-papers100M_FedAvg_bs32_seed42_beta10000p0,True,True
32,170,cuda_max_memory_allocated_bytes,401403392,382.80810546875,569538,42465,165,20260914_194714_ogbn-papers100M_FedAvg_bs32_seed42_beta10000p0,True,True
32,171,cuda_max_memory_allocated_bytes,401423360,382.8271484375,569538,42399,165,20260914_194714_ogbn-papers100M_FedAvg_bs32_seed42_beta10000p0,True,True
32,172,cuda_max_memory_allocated_bytes,401398784,382.8037109375,569538,42341,165,20260914_194714_ogbn-papers100M_FedAvg_bs32_seed42_beta10000p0,True,True
32,173,cuda_max_memory_allocated_bytes,401411584,382.81591796875,569538,42635,165,20260914_194714_ogbn-papers100M_FedAvg_bs32_seed42_beta10000p0,True,True
32,174,cuda_max_memory_allocated_bytes,401419264,382.8232421875,569538,42816,165,20260914_194714_ogbn-papers100M_FedAvg_bs32_seed42_beta10000p0,True,True
32,175,cuda_max_memory_allocated_bytes,401389056,382.79443359375,569538,42144,165,20260914_194714_ogbn-papers100M_FedAvg_bs32_seed42_beta10000p0,True,True
32,176,cuda_max_memory_allocated_bytes,401405952,382.810546875,569538,42031,165,20260914_194714_ogbn-papers100M_FedAvg_bs32_seed42_beta10000p0,True,True
32,177,cuda_max_memory_allocated_bytes,401421312,382.8251953125,569538,42925,165,20260914_194714_ogbn-papers100M_FedAvg_bs32_seed42_beta10000p0,True,True
32,178,cuda_max_memory_allocated_bytes,401409024,382.8134765625,569538,42505,165,20260914_194714_ogbn-papers100M_FedAvg_bs32_seed42_beta10000p0,True,True
32,179,cuda_max_memory_allocated_bytes,401437184,382.84033203125,569538,42742,165,20260914_194714_ogbn-papers100M_FedAvg_bs32_seed42_beta10000p0,True,True
32,180,cuda_max_memory_allocated_bytes,401419776,382.82373046875,569538,42844,165,20260914_194714_ogbn-papers100M_FedAvg_bs32_seed42_beta10000p0,True,True
32,181,cuda_max_memory_allocated_bytes,401422336,382.826171875,569538,42424,165,20260914_194714_ogbn-papers100M_FedAvg_bs32_seed42_beta10000p0,True,True
32,182,cuda_max_memory_allocated_bytes,401394688,382.7998046875,569538,42304,165,20260914_194714_ogbn-papers100M_FedAvg_bs32_seed42_beta10000p0,True,True
32,183,cuda_max_memory_allocated_bytes,401368576,382.77490234375,569538,41650,165,20260914_194714_ogbn-papers100M_FedAvg_bs32_seed42_beta10000p0,True,True
32,184,cuda_max_memory_allocated_bytes,401445888,382.8486328125,569538,42971,165,20260914_194714_ogbn-papers100M_FedAvg_bs32_seed42_beta10000p0,True,True
32,185,cuda_max_memory_allocated_bytes,401380864,382.78662109375,569538,41887,165,20260914_194714_ogbn-papers100M_FedAvg_bs32_seed42_beta10000p0,True,True
32,186,cuda_max_memory_allocated_bytes,401425408,382.8291015625,569538,42308,165,20260914_194714_ogbn-papers100M_FedAvg_bs32_seed42_beta10000p0,True,True
32,187,cuda_max_memory_allocated_bytes,401401344,382.80615234375,569538,42395,165,20260914_194714_ogbn-papers100M_FedAvg_bs32_seed42_beta10000p0,True,True
32,188,cuda_max_memory_allocated_bytes,401406976,382.8115234375,569538,42504,165,20260914_194714_ogbn-papers100M_FedAvg_bs32_seed42_beta10000p0,True,True
32,189,cuda_max_memory_allocated_bytes,401379328,382.78515625,569538,41857,165,20260914_194714_ogbn-papers100M_FedAvg_bs32_seed42_beta10000p0,True,True
32,190,cuda_max_memory_allocated_bytes,401406976,382.8115234375,569538,42537,165,20260914_194714_ogbn-papers100M_FedAvg_bs32_seed42_beta10000p0,True,True
32,191,cuda_max_memory_allocated_bytes,401398272,382.80322265625,569538,42364,165,20260914_194714_ogbn-papers100M_FedAvg_bs32_seed42_beta10000p0,True,True
32,192,cuda_max_memory_allocated_bytes,401419264,382.8232421875,569538,42279,165,20260914_194714_ogbn-papers100M_FedAvg_bs32_seed42_beta10000p0,True,True
32,193,cuda_max_memory_allocated_bytes,401425408,382.8291015625,569538,42402,165,20260914_194714_ogbn-papers100M_FedAvg_bs32_seed42_beta10000p0,True,True
32,194,cuda_max_memory_allocated_bytes,401406976,382.8115234375,569538,42488,165,20260914_194714_ogbn-papers100M_FedAvg_bs32_seed42_beta10000p0,True,True
64,0,cuda_max_memory_allocated_bytes,401393664,382.798828125,569539,42085,165,20260914_200157_ogbn-papers100M_FedAvg_bs64_seed42_beta10000p0,True,True
64,1,cuda_max_memory_allocated_bytes,401434624,382.837890625,569539,42192,165,20260914_200157_ogbn-papers100M_FedAvg_bs64_seed42_beta10000p0,True,True
64,2,cuda_max_memory_allocated_bytes,401456640,382.85888671875,569539,42649,165,20260914_200157_ogbn-papers100M_FedAvg_bs64_seed42_beta10000p0,True,True
64,3,cuda_max_memory_allocated_bytes,401451520,382.85400390625,569539,42566,165,20260914_200157_ogbn-papers100M_FedAvg_bs64_seed42_beta10000p0,True,True
64,4,cuda_max_memory_allocated_bytes,401391104,382.79638671875,569539,42106,165,20260914_200157_ogbn-papers100M_FedAvg_bs64_seed42_beta10000p0,True,True
64,5,cuda_max_memory_allocated_bytes,401449472,382.85205078125,569539,42478,165,20260914_200157_ogbn-papers100M_FedAvg_bs64_seed42_beta10000p0,True,True
64,6,cuda_max_memory_allocated_bytes,401420800,382.82470703125,569539,41630,165,20260914_200157_ogbn-papers100M_FedAvg_bs64_seed42_beta10000p0,True,True
64,7,cuda_max_memory_allocated_bytes,401452032,382.8544921875,569539,42632,165,20260914_200157_ogbn-papers100M_FedAvg_bs64_seed42_beta10000p0,True,True
64,8,cuda_max_memory_allocated_bytes,401425920,382.82958984375,569539,41951,165,20260914_200157_ogbn-papers100M_FedAvg_bs64_seed42_beta10000p0,True,True
64,9,cuda_max_memory_allocated_bytes,401473536,382.875,569539,43121,165,20260914_200157_ogbn-papers100M_FedAvg_bs64_seed42_beta10000p0,True,True
64,10,cuda_max_memory_allocated_bytes,401402880,382.8076171875,569539,42455,165,20260914_200157_ogbn-papers100M_FedAvg_bs64_seed42_beta10000p0,True,True
64,11,cuda_max_memory_allocated_bytes,401409536,382.81396484375,569539,42613,165,20260914_200157_ogbn-papers100M_FedAvg_bs64_seed42_beta10000p0,True,True
64,12,cuda_max_memory_allocated_bytes,401425408,382.8291015625,569539,42902,165,20260914_200157_ogbn-papers100M_FedAvg_bs64_seed42_beta10000p0,True,True
64,13,cuda_max_memory_allocated_bytes,401441792,382.8447265625,569539,42317,165,20260914_200157_ogbn-papers100M_FedAvg_bs64_seed42_beta10000p0,True,True
64,14,cuda_max_memory_allocated_bytes,401444352,382.84716796875,569539,42296,165,20260914_200157_ogbn-papers100M_FedAvg_bs64_seed42_beta10000p0,True,True
64,15,cuda_max_memory_allocated_bytes,401393664,382.798828125,569539,42146,165,20260914_200157_ogbn-papers100M_FedAvg_bs64_seed42_beta10000p0,True,True
64,16,cuda_max_memory_allocated_bytes,401425920,382.82958984375,569539,41922,165,20260914_200157_ogbn-papers100M_FedAvg_bs64_seed42_beta10000p0,True,True
64,17,cuda_max_memory_allocated_bytes,401400320,382.80517578125,569539,42390,165,20260914_200157_ogbn-papers100M_FedAvg_bs64_seed42_beta10000p0,True,True
64,18,cuda_max_memory_allocated_bytes,401379840,382.78564453125,569539,41847,165,20260914_200157_ogbn-papers100M_FedAvg_bs64_seed42_beta10000p0,True,True
64,19,cuda_max_memory_allocated_bytes,401452032,382.8544921875,569539,42582,165,20260914_200157_ogbn-papers100M_FedAvg_bs64_seed42_beta10000p0,True,True
64,20,cuda_max_memory_allocated_bytes,401422336,382.826171875,569539,42966,165,20260914_200157_ogbn-papers100M_FedAvg_bs64_seed42_beta10000p0,True,True
64,21,cuda_max_memory_allocated_bytes,401412096,382.81640625,569539,42584,165,20260914_200157_ogbn-papers100M_FedAvg_bs64_seed42_beta10000p0,True,True
64,22,cuda_max_memory_allocated_bytes,401385472,382.791015625,569539,42003,165,20260914_200157_ogbn-papers100M_FedAvg_bs64_seed42_beta10000p0,True,True
64,23,cuda_max_memory_allocated_bytes,401406464,382.81103515625,569539,42415,165,20260914_200157_ogbn-papers100M_FedAvg_bs64_seed42_beta10000p0,True,True
64,24,cuda_max_memory_allocated_bytes,401414656,382.81884765625,569539,41850,165,20260914_200157_ogbn-papers100M_FedAvg_bs64_seed42_beta10000p0,True,True
64,25,cuda_max_memory_allocated_bytes,401390592,382.7958984375,569539,42152,165,20260914_200157_ogbn-papers100M_FedAvg_bs64_seed42_beta10000p0,True,True
64,26,cuda_max_memory_allocated_bytes,401449472,382.85205078125,569539,42344,165,20260914_200157_ogbn-papers100M_FedAvg_bs64_seed42_beta10000p0,True,True
64,27,cuda_max_memory_allocated_bytes,401399296,382.80419921875,569539,42322,165,20260914_200157_ogbn-papers100M_FedAvg_bs64_seed42_beta10000p0,True,True
64,28,cuda_max_memory_allocated_bytes,401432576,382.8359375,569539,43060,165,20260914_200157_ogbn-papers100M_FedAvg_bs64_seed42_beta10000p0,True,True
64,29,cuda_max_memory_allocated_bytes,401434624,382.837890625,569539,43189,165,20260914_200157_ogbn-papers100M_FedAvg_bs64_seed42_beta10000p0,True,True
64,30,cuda_max_memory_allocated_bytes,401410048,382.814453125,569539,42646,165,20260914_200157_ogbn-papers100M_FedAvg_bs64_seed42_beta10000p0,True,True
64,31,cuda_max_memory_allocated_bytes,401457664,382.85986328125,569539,42757,165,20260914_200157_ogbn-papers100M_FedAvg_bs64_seed42_beta10000p0,True,True
64,32,cuda_max_memory_allocated_bytes,401393664,382.798828125,569539,42148,165,20260914_200157_ogbn-papers100M_FedAvg_bs64_seed42_beta10000p0,True,True
64,33,cuda_max_memory_allocated_bytes,401433088,382.83642578125,569539,43164,165,20260914_200157_ogbn-papers100M_FedAvg_bs64_seed42_beta10000p0,True,True
64,34,cuda_max_memory_allocated_bytes,401447424,382.85009765625,569539,42454,165,20260914_200157_ogbn-papers100M_FedAvg_bs64_seed42_beta10000p0,True,True
64,35,cuda_max_memory_allocated_bytes,401477120,382.87841796875,569539,43289,165,20260914_200157_ogbn-papers100M_FedAvg_bs64_seed42_beta10000p0,True,True
64,36,cuda_max_memory_allocated_bytes,401459200,382.861328125,569539,42743,165,20260914_200157_ogbn-papers100M_FedAvg_bs64_seed42_beta10000p0,True,True
64,37,cuda_max_memory_allocated_bytes,401448960,382.8515625,569539,42489,165,20260914_200157_ogbn-papers100M_FedAvg_bs64_seed42_beta10000p0,True,True
64,38,cuda_max_memory_allocated_bytes,401485824,382.88671875,569539,43384,165,20260914_200157_ogbn-papers100M_FedAvg_bs64_seed42_beta10000p0,True,True
64,39,cuda_max_memory_allocated_bytes,401452032,382.8544921875,569539,43634,165,20260914_200157_ogbn-papers100M_FedAvg_bs64_seed42_beta10000p0,True,True
64,40,cuda_max_memory_allocated_bytes,401406464,382.81103515625,569539,42548,165,20260914_200157_ogbn-papers100M_FedAvg_bs64_seed42_beta10000p0,True,True
64,41,cuda_max_memory_allocated_bytes,401392128,382.79736328125,569539,42113,165,20260914_200157_ogbn-papers100M_FedAvg_bs64_seed42_beta10000p0,True,True
64,42,cuda_max_memory_allocated_bytes,401400320,382.80517578125,569539,42360,165,20260914_200157_ogbn-papers100M_FedAvg_bs64_seed42_beta10000p0,True,True
64,43,cuda_max_memory_allocated_bytes,401393152,382.79833984375,569539,42194,165,20260914_200157_ogbn-papers100M_FedAvg_bs64_seed42_beta10000p0,True,True
64,44,cuda_max_memory_allocated_bytes,401446912,382.849609375,569539,42371,165,20260914_200157_ogbn-papers100M_FedAvg_bs64_seed42_beta10000p0,True,True
64,45,cuda_max_memory_allocated_bytes,401451008,382.853515625,569539,42610,165,20260914_200157_ogbn-papers100M_FedAvg_bs64_seed42_beta10000p0,True,True
64,46,cuda_max_memory_allocated_bytes,401444864,382.84765625,569538,42482,165,20260914_200157_ogbn-papers100M_FedAvg_bs64_seed42_beta10000p0,True,True
64,47,cuda_max_memory_allocated_bytes,401453056,382.85546875,569538,42568,165,20260914_200157_ogbn-papers100M_FedAvg_bs64_seed42_beta10000p0,True,True
64,48,cuda_max_memory_allocated_bytes,401462784,382.86474609375,569538,42836,165,20260914_200157_ogbn-papers100M_FedAvg_bs64_seed42_beta10000p0,True,True
64,49,cuda_max_memory_allocated_bytes,401453568,382.85595703125,569538,42558,165,20260914_200157_ogbn-papers100M_FedAvg_bs64_seed42_beta10000p0,True,True
64,50,cuda_max_memory_allocated_bytes,401413632,382.81787109375,569538,42598,165,20260914_200157_ogbn-papers100M_FedAvg_bs64_seed42_beta10000p0,True,True
64,51,cuda_max_memory_allocated_bytes,401454080,382.8564453125,569538,42423,165,20260914_200157_ogbn-papers100M_FedAvg_bs64_seed42_beta10000p0,True,True
64,52,cuda_max_memory_allocated_bytes,401391616,382.796875,569538,42096,165,20260914_200157_ogbn-papers100M_FedAvg_bs64_seed42_beta10000p0,True,True
64,53,cuda_max_memory_allocated_bytes,401463808,382.86572265625,569538,42819,165,20260914_200157_ogbn-papers100M_FedAvg_bs64_seed42_beta10000p0,True,True
64,54,cuda_max_memory_allocated_bytes,401387008,382.79248046875,569538,41987,165,20260914_200157_ogbn-papers100M_FedAvg_bs64_seed42_beta10000p0,True,True
64,55,cuda_max_memory_allocated_bytes,401430016,382.83349609375,569538,42945,165,20260914_200157_ogbn-papers100M_FedAvg_bs64_seed42_beta10000p0,True,True
64,56,cuda_max_memory_allocated_bytes,401426432,382.830078125,569538,42997,165,20260914_200157_ogbn-papers100M_FedAvg_bs64_seed42_beta10000p0,True,True
64,57,cuda_max_memory_allocated_bytes,401412096,382.81640625,569538,42743,165,20260914_200157_ogbn-papers100M_FedAvg_bs64_seed42_beta10000p0,True,True
64,58,cuda_max_memory_allocated_bytes,401432064,382.83544921875,569538,43148,165,20260914_200157_ogbn-papers100M_FedAvg_bs64_seed42_beta10000p0,True,True
64,59,cuda_max_memory_allocated_bytes,401420800,382.82470703125,569538,42756,165,20260914_200157_ogbn-papers100M_FedAvg_bs64_seed42_beta10000p0,True,True
64,60,cuda_max_memory_allocated_bytes,401374720,382.78076171875,569538,41749,165,20260914_200157_ogbn-papers100M_FedAvg_bs64_seed42_beta10000p0,True,True
64,61,cuda_max_memory_allocated_bytes,401444864,382.84765625,569538,42354,165,20260914_200157_ogbn-papers100M_FedAvg_bs64_seed42_beta10000p0,True,True
64,62,cuda_max_memory_allocated_bytes,401472000,382.87353515625,569538,43049,165,20260914_200157_ogbn-papers100M_FedAvg_bs64_seed42_beta10000p0,True,True
64,63,cuda_max_memory_allocated_bytes,401405952,382.810546875,569538,42524,165,20260914_200157_ogbn-papers100M_FedAvg_bs64_seed42_beta10000p0,True,True
64,64,cuda_max_memory_allocated_bytes,401391104,382.79638671875,569538,42105,165,20260914_200157_ogbn-papers100M_FedAvg_bs64_seed42_beta10000p0,True,True
64,65,cuda_max_memory_allocated_bytes,401458176,382.8603515625,569538,42707,165,20260914_200157_ogbn-papers100M_FedAvg_bs64_seed42_beta10000p0,True,True
64,66,cuda_max_memory_allocated_bytes,401392640,382.7978515625,569538,42115,165,20260914_200157_ogbn-papers100M_FedAvg_bs64_seed42_beta10000p0,True,True
64,67,cuda_max_memory_allocated_bytes,401470464,382.8720703125,569538,42991,165,20260914_200157_ogbn-papers100M_FedAvg_bs64_seed42_beta10000p0,True,True
64,68,cuda_max_memory_allocated_bytes,401429504,382.8330078125,569538,42019,165,20260914_200157_ogbn-papers100M_FedAvg_bs64_seed42_beta10000p0,True,True
64,69,cuda_max_memory_allocated_bytes,401441792,382.8447265625,569538,42344,165,20260914_200157_ogbn-papers100M_FedAvg_bs64_seed42_beta10000p0,True,True
64,70,cuda_max_memory_allocated_bytes,401394688,382.7998046875,569538,42297,165,20260914_200157_ogbn-papers100M_FedAvg_bs64_seed42_beta10000p0,True,True
64,71,cuda_max_memory_allocated_bytes,401418240,382.822265625,569538,42864,165,20260914_200157_ogbn-papers100M_FedAvg_bs64_seed42_beta10000p0,True,True
64,72,cuda_max_memory_allocated_bytes,401403392,382.80810546875,569538,42513,165,20260914_200157_ogbn-papers100M_FedAvg_bs64_seed42_beta10000p0,True,True
64,73,cuda_max_memory_allocated_bytes,401418240,382.822265625,569538,41910,165,20260914_200157_ogbn-papers100M_FedAvg_bs64_seed42_beta10000p0,True,True
64,74,cuda_max_memory_allocated_bytes,401461248,382.86328125,569538,42845,165,20260914_200157_ogbn-papers100M_FedAvg_bs64_seed42_beta10000p0,True,True
64,75,cuda_max_memory_allocated_bytes,401451008,382.853515625,569538,42471,165,20260914_200157_ogbn-papers100M_FedAvg_bs64_seed42_beta10000p0,True,True
64,76,cuda_max_memory_allocated_bytes,401417216,382.8212890625,569538,42738,165,20260914_200157_ogbn-papers100M_FedAvg_bs64_seed42_beta10000p0,True,True
64,77,cuda_max_memory_allocated_bytes,401443840,382.8466796875,569538,42424,165,20260914_200157_ogbn-papers100M_FedAvg_bs64_seed42_beta10000p0,True,True
64,78,cuda_max_memory_allocated_bytes,401403392,382.80810546875,569538,42456,165,20260914_200157_ogbn-papers100M_FedAvg_bs64_seed42_beta10000p0,True,True
64,79,cuda_max_memory_allocated_bytes,401462272,382.8642578125,569538,42850,165,20260914_200157_ogbn-papers100M_FedAvg_bs64_seed42_beta10000p0,True,True
64,80,cuda_max_memory_allocated_bytes,401390080,382.79541015625,569538,42105,165,20260914_200157_ogbn-papers100M_FedAvg_bs64_seed42_beta10000p0,True,True
64,81,cuda_max_memory_allocated_bytes,401428992,382.83251953125,569538,43104,165,20260914_200157_ogbn-papers100M_FedAvg_bs64_seed42_beta10000p0,True,True
64,82,cuda_max_memory_allocated_bytes,401398272,382.80322265625,569538,42245,165,20260914_200157_ogbn-papers100M_FedAvg_bs64_seed42_beta10000p0,True,True
64,83,cuda_max_memory_allocated_bytes,401393152,382.79833984375,569538,42180,165,20260914_200157_ogbn-papers100M_FedAvg_bs64_seed42_beta10000p0,True,True
64,84,cuda_max_memory_allocated_bytes,401448448,382.85107421875,569538,42400,165,20260914_200157_ogbn-papers100M_FedAvg_bs64_seed42_beta10000p0,True,True
64,85,cuda_max_memory_allocated_bytes,401401344,382.80615234375,569538,42420,165,20260914_200157_ogbn-papers100M_FedAvg_bs64_seed42_beta10000p0,True,True
64,86,cuda_max_memory_allocated_bytes,401399808,382.8046875,569538,42300,165,20260914_200157_ogbn-papers100M_FedAvg_bs64_seed42_beta10000p0,True,True
64,87,cuda_max_memory_allocated_bytes,401432576,382.8359375,569538,42097,165,20260914_200157_ogbn-papers100M_FedAvg_bs64_seed42_beta10000p0,True,True
64,88,cuda_max_memory_allocated_bytes,401471488,382.873046875,569538,43090,165,20260914_200157_ogbn-papers100M_FedAvg_bs64_seed42_beta10000p0,True,True
64,89,cuda_max_memory_allocated_bytes,401433600,382.8369140625,569538,42182,165,20260914_200157_ogbn-papers100M_FedAvg_bs64_seed42_beta10000p0,True,True
64,90,cuda_max_memory_allocated_bytes,401418752,382.82275390625,569538,42803,165,20260914_200157_ogbn-papers100M_FedAvg_bs64_seed42_beta10000p0,True,True
64,91,cuda_max_memory_allocated_bytes,401455616,382.85791015625,569538,42567,165,20260914_200157_ogbn-papers100M_FedAvg_bs64_seed42_beta10000p0,True,True
64,92,cuda_max_memory_allocated_bytes,401394688,382.7998046875,569538,42263,165,20260914_200157_ogbn-papers100M_FedAvg_bs64_seed42_beta10000p0,True,True
64,93,cuda_max_memory_allocated_bytes,401382400,382.7880859375,569538,41896,165,20260914_200157_ogbn-papers100M_FedAvg_bs64_seed42_beta10000p0,True,True
64,94,cuda_max_memory_allocated_bytes,401388032,382.79345703125,569538,42067,165,20260914_200157_ogbn-papers100M_FedAvg_bs64_seed42_beta10000p0,True,True
64,95,cuda_max_memory_allocated_bytes,401380864,382.78662109375,569538,41918,165,20260914_200157_ogbn-papers100M_FedAvg_bs64_seed42_beta10000p0,True,True
64,96,cuda_max_memory_allocated_bytes,401385472,382.791015625,569538,42003,165,20260914_200157_ogbn-papers100M_FedAvg_bs64_seed42_beta10000p0,True,True
64,97,cuda_max_memory_allocated_bytes,401474048,382.87548828125,569538,42810,165,20260914_200157_ogbn-papers100M_FedAvg_bs64_seed42_beta10000p0,True,False
64,98,cuda_max_memory_allocated_bytes,401408000,382.8125,569538,42584,165,20260914_200157_ogbn-papers100M_FedAvg_bs64_seed42_beta10000p0,True,True
64,99,cuda_max_memory_allocated_bytes,401396736,382.8017578125,569538,42216,165,20260914_200157_ogbn-papers100M_FedAvg_bs64_seed42_beta10000p0,True,True
64,100,cuda_max_memory_allocated_bytes,401391616,382.796875,569538,42148,165,20260914_200157_ogbn-papers100M_FedAvg_bs64_seed42_beta10000p0,True,True
64,101,cuda_max_memory_allocated_bytes,401362432,382.76904296875,569538,41381,165,20260914_200157_ogbn-papers100M_FedAvg_bs64_seed42_beta10000p0,True,True
64,102,cuda_max_memory_allocated_bytes,401458688,382.86083984375,569538,42621,165,20260914_200157_ogbn-papers100M_FedAvg_bs64_seed42_beta10000p0,True,True
64,103,cuda_max_memory_allocated_bytes,401400832,382.8056640625,569538,42422,165,20260914_200157_ogbn-papers100M_FedAvg_bs64_seed42_beta10000p0,True,True
64,104,cuda_max_memory_allocated_bytes,401405952,382.810546875,569538,42519,165,20260914_200157_ogbn-papers100M_FedAvg_bs64_seed42_beta10000p0,True,True
64,105,cuda_max_memory_allocated_bytes,401405440,382.81005859375,569538,42552,165,20260914_200157_ogbn-papers100M_FedAvg_bs64_seed42_beta10000p0,True,True
64,106,cuda_max_memory_allocated_bytes,401452544,382.85498046875,569538,42631,165,20260914_200157_ogbn-papers100M_FedAvg_bs64_seed42_beta10000p0,True,True
64,107,cuda_max_memory_allocated_bytes,401449472,382.85205078125,569538,42612,165,20260914_200157_ogbn-papers100M_FedAvg_bs64_seed42_beta10000p0,True,True
64,108,cuda_max_memory_allocated_bytes,401445888,382.8486328125,569538,42490,165,20260914_200157_ogbn-papers100M_FedAvg_bs64_seed42_beta10000p0,True,True
64,109,cuda_max_memory_allocated_bytes,401396736,382.8017578125,569538,42260,165,20260914_200157_ogbn-papers100M_FedAvg_bs64_seed42_beta10000p0,True,True
64,110,cuda_max_memory_allocated_bytes,401427456,382.8310546875,569538,42979,165,20260914_200157_ogbn-papers100M_FedAvg_bs64_seed42_beta10000p0,True,True
64,111,cuda_max_memory_allocated_bytes,401388544,382.7939453125,569538,41990,165,20260914_200157_ogbn-papers100M_FedAvg_bs64_seed42_beta10000p0,True,True
64,112,cuda_max_memory_allocated_bytes,401426432,382.830078125,569538,41881,165,20260914_200157_ogbn-papers100M_FedAvg_bs64_seed42_beta10000p0,True,True
64,113,cuda_max_memory_allocated_bytes,401402880,382.8076171875,569538,42543,165,20260914_200157_ogbn-papers100M_FedAvg_bs64_seed42_beta10000p0,True,True
64,114,cuda_max_memory_allocated_bytes,401438208,382.84130859375,569538,42145,165,20260914_200157_ogbn-papers100M_FedAvg_bs64_seed42_beta10000p0,True,True
64,115,cuda_max_memory_allocated_bytes,401457664,382.85986328125,569538,42653,165,20260914_200157_ogbn-papers100M_FedAvg_bs64_seed42_beta10000p0,True,True
64,116,cuda_max_memory_allocated_bytes,401391104,382.79638671875,569538,42140,165,20260914_200157_ogbn-papers100M_FedAvg_bs64_seed42_beta10000p0,True,True
64,117,cuda_max_memory_allocated_bytes,401437184,382.84033203125,569538,42206,165,20260914_200157_ogbn-papers100M_FedAvg_bs64_seed42_beta10000p0,True,True
64,118,cuda_max_memory_allocated_bytes,401418240,382.822265625,569538,41664,165,20260914_200157_ogbn-papers100M_FedAvg_bs64_seed42_beta10000p0,True,True
64,119,cuda_max_memory_allocated_bytes,401453568,382.85595703125,569538,42642,165,20260914_200157_ogbn-papers100M_FedAvg_bs64_seed42_beta10000p0,True,True
64,120,cuda_max_memory_allocated_bytes,401428480,382.83203125,569538,43040,165,20260914_200157_ogbn-papers100M_FedAvg_bs64_seed42_beta10000p0,True,True
64,121,cuda_max_memory_allocated_bytes,401363456,382.77001953125,569538,41451,165,20260914_200157_ogbn-papers100M_FedAvg_bs64_seed42_beta10000p0,True,True
64,122,cuda_max_memory_allocated_bytes,401437184,382.84033203125,569538,42278,165,20260914_200157_ogbn-papers100M_FedAvg_bs64_seed42_beta10000p0,True,True
64,123,cuda_max_memory_allocated_bytes,401392128,382.79736328125,569538,42105,165,20260914_200157_ogbn-papers100M_FedAvg_bs64_seed42_beta10000p0,True,True
64,124,cuda_max_memory_allocated_bytes,401489408,382.89013671875,569538,43578,165,20260914_200157_ogbn-papers100M_FedAvg_bs64_seed42_beta10000p0,True,True
64,125,cuda_max_memory_allocated_bytes,401418752,382.82275390625,569538,42832,165,20260914_200157_ogbn-papers100M_FedAvg_bs64_seed42_beta10000p0,True,True
64,126,cuda_max_memory_allocated_bytes,401408000,382.8125,569538,42506,165,20260914_200157_ogbn-papers100M_FedAvg_bs64_seed42_beta10000p0,True,True
64,127,cuda_max_memory_allocated_bytes,401383936,382.78955078125,569538,42021,165,20260914_200157_ogbn-papers100M_FedAvg_bs64_seed42_beta10000p0,True,True
64,128,cuda_max_memory_allocated_bytes,401465856,382.86767578125,569538,42892,165,20260914_200157_ogbn-papers100M_FedAvg_bs64_seed42_beta10000p0,True,True
64,129,cuda_max_memory_allocated_bytes,401432576,382.8359375,569538,42089,165,20260914_200157_ogbn-papers100M_FedAvg_bs64_seed42_beta10000p0,True,True
64,130,cuda_max_memory_allocated_bytes,401427968,382.83154296875,569538,42978,165,20260914_200157_ogbn-papers100M_FedAvg_bs64_seed42_beta10000p0,True,True
64,131,cuda_max_memory_allocated_bytes,401410048,382.814453125,569538,42644,165,20260914_200157_ogbn-papers100M_FedAvg_bs64_seed42_beta10000p0,True,True
64,132,cuda_max_memory_allocated_bytes,401484288,382.88525390625,569538,42241,165,20260914_200157_ogbn-papers100M_FedAvg_bs64_seed42_beta10000p0,True,False
64,133,cuda_max_memory_allocated_bytes,401415680,382.81982421875,569538,42714,165,20260914_200157_ogbn-papers100M_FedAvg_bs64_seed42_beta10000p0,True,True
64,134,cuda_max_memory_allocated_bytes,401523712,382.9228515625,569538,44260,165,20260914_200157_ogbn-papers100M_FedAvg_bs64_seed42_beta10000p0,True,True
64,135,cuda_max_memory_allocated_bytes,401423360,382.8271484375,569538,42984,165,20260914_200157_ogbn-papers100M_FedAvg_bs64_seed42_beta10000p0,True,True
64,136,cuda_max_memory_allocated_bytes,401495040,382.8955078125,569538,43648,165,20260914_200157_ogbn-papers100M_FedAvg_bs64_seed42_beta10000p0,True,True
64,137,cuda_max_memory_allocated_bytes,401445888,382.8486328125,569538,43556,165,20260914_200157_ogbn-papers100M_FedAvg_bs64_seed42_beta10000p0,True,True
64,138,cuda_max_memory_allocated_bytes,401425408,382.8291015625,569538,42964,165,20260914_200157_ogbn-papers100M_FedAvg_bs64_seed42_beta10000p0,True,True
64,139,cuda_max_memory_allocated_bytes,401452032,382.8544921875,569538,42537,165,20260914_200157_ogbn-papers100M_FedAvg_bs64_seed42_beta10000p0,True,True
64,140,cuda_max_memory_allocated_bytes,401423872,382.82763671875,569538,42870,165,20260914_200157_ogbn-papers100M_FedAvg_bs64_seed42_beta10000p0,True,True
64,141,cuda_max_memory_allocated_bytes,401446912,382.849609375,569538,42495,165,20260914_200157_ogbn-papers100M_FedAvg_bs64_seed42_beta10000p0,True,True
64,142,cuda_max_memory_allocated_bytes,401447424,382.85009765625,569538,42349,165,20260914_200157_ogbn-papers100M_FedAvg_bs64_seed42_beta10000p0,True,True
64,143,cuda_max_memory_allocated_bytes,401371136,382.77734375,569538,41728,165,20260914_200157_ogbn-papers100M_FedAvg_bs64_seed42_beta10000p0,True,True
64,144,cuda_max_memory_allocated_bytes,401463296,382.865234375,569538,42912,165,20260914_200157_ogbn-papers100M_FedAvg_bs64_seed42_beta10000p0,True,True
64,145,cuda_max_memory_allocated_bytes,401428992,382.83251953125,569538,43085,165,20260914_200157_ogbn-papers100M_FedAvg_bs64_seed42_beta10000p0,True,True
64,146,cuda_max_memory_allocated_bytes,401481216,382.88232421875,569538,43108,165,20260914_200157_ogbn-papers100M_FedAvg_bs64_seed42_beta10000p0,True,True
64,147,cuda_max_memory_allocated_bytes,401478656,382.8798828125,569538,43269,165,20260914_200157_ogbn-papers100M_FedAvg_bs64_seed42_beta10000p0,True,True
64,148,cuda_max_memory_allocated_bytes,401411584,382.81591796875,569538,42626,165,20260914_200157_ogbn-papers100M_FedAvg_bs64_seed42_beta10000p0,True,True
64,149,cuda_max_memory_allocated_bytes,401440768,382.84375,569538,42342,165,20260914_200157_ogbn-papers100M_FedAvg_bs64_seed42_beta10000p0,True,True
64,150,cuda_max_memory_allocated_bytes,401377280,382.783203125,569538,41834,165,20260914_200157_ogbn-papers100M_FedAvg_bs64_seed42_beta10000p0,True,True
64,151,cuda_max_memory_allocated_bytes,401408000,382.8125,569538,42539,165,20260914_200157_ogbn-papers100M_FedAvg_bs64_seed42_beta10000p0,True,True
64,152,cuda_max_memory_allocated_bytes,401419776,382.82373046875,569538,41816,165,20260914_200157_ogbn-papers100M_FedAvg_bs64_seed42_beta10000p0,True,True
64,153,cuda_max_memory_allocated_bytes,401395712,382.80078125,569538,42146,165,20260914_200157_ogbn-papers100M_FedAvg_bs64_seed42_beta10000p0,True,True
64,154,cuda_max_memory_allocated_bytes,401439232,382.84228515625,569538,42176,165,20260914_200157_ogbn-papers100M_FedAvg_bs64_seed42_beta10000p0,True,True
64,155,cuda_max_memory_allocated_bytes,401455104,382.857421875,569538,42579,165,20260914_200157_ogbn-papers100M_FedAvg_bs64_seed42_beta10000p0,True,True
64,156,cuda_max_memory_allocated_bytes,401457152,382.859375,569538,42692,165,20260914_200157_ogbn-papers100M_FedAvg_bs64_seed42_beta10000p0,True,True
64,157,cuda_max_memory_allocated_bytes,401406976,382.8115234375,569538,42495,165,20260914_200157_ogbn-papers100M_FedAvg_bs64_seed42_beta10000p0,True,True
64,158,cuda_max_memory_allocated_bytes,401406464,382.81103515625,569538,42523,165,20260914_200157_ogbn-papers100M_FedAvg_bs64_seed42_beta10000p0,True,True
64,159,cuda_max_memory_allocated_bytes,401403392,382.80810546875,569538,42420,165,20260914_200157_ogbn-papers100M_FedAvg_bs64_seed42_beta10000p0,True,True
64,160,cuda_max_memory_allocated_bytes,401435136,382.83837890625,569538,43253,165,20260914_200157_ogbn-papers100M_FedAvg_bs64_seed42_beta10000p0,True,True
64,161,cuda_max_memory_allocated_bytes,401436672,382.83984375,569538,42194,165,20260914_200157_ogbn-papers100M_FedAvg_bs64_seed42_beta10000p0,True,True
64,162,cuda_max_memory_allocated_bytes,401396224,382.80126953125,569538,42360,165,20260914_200157_ogbn-papers100M_FedAvg_bs64_seed42_beta10000p0,True,True
64,163,cuda_max_memory_allocated_bytes,401404928,382.8095703125,569538,42567,165,20260914_200157_ogbn-papers100M_FedAvg_bs64_seed42_beta10000p0,True,True
64,164,cuda_max_memory_allocated_bytes,401385984,382.79150390625,569538,41939,165,20260914_200157_ogbn-papers100M_FedAvg_bs64_seed42_beta10000p0,True,True
64,165,cuda_max_memory_allocated_bytes,401429504,382.8330078125,569538,43107,165,20260914_200157_ogbn-papers100M_FedAvg_bs64_seed42_beta10000p0,True,True
64,166,cuda_max_memory_allocated_bytes,401394176,382.79931640625,569538,42220,165,20260914_200157_ogbn-papers100M_FedAvg_bs64_seed42_beta10000p0,True,True
64,167,cuda_max_memory_allocated_bytes,401439232,382.84228515625,569538,41828,165,20260914_200157_ogbn-papers100M_FedAvg_bs64_seed42_beta10000p0,True,False
64,168,cuda_max_memory_allocated_bytes,401448960,382.8515625,569538,42494,165,20260914_200157_ogbn-papers100M_FedAvg_bs64_seed42_beta10000p0,True,True
64,169,cuda_max_memory_allocated_bytes,401402880,382.8076171875,569538,42483,165,20260914_200157_ogbn-papers100M_FedAvg_bs64_seed42_beta10000p0,True,True
64,170,cuda_max_memory_allocated_bytes,401403392,382.80810546875,569538,42465,165,20260914_200157_ogbn-papers100M_FedAvg_bs64_seed42_beta10000p0,True,True
64,171,cuda_max_memory_allocated_bytes,401444864,382.84765625,569538,42399,165,20260914_200157_ogbn-papers100M_FedAvg_bs64_seed42_beta10000p0,True,True
64,172,cuda_max_memory_allocated_bytes,401440256,382.84326171875,569538,42341,165,20260914_200157_ogbn-papers100M_FedAvg_bs64_seed42_beta10000p0,True,True
64,173,cuda_max_memory_allocated_bytes,401411584,382.81591796875,569538,42635,165,20260914_200157_ogbn-papers100M_FedAvg_bs64_seed42_beta10000p0,True,True
64,174,cuda_max_memory_allocated_bytes,401419264,382.8232421875,569538,42816,165,20260914_200157_ogbn-papers100M_FedAvg_bs64_seed42_beta10000p0,True,True
64,175,cuda_max_memory_allocated_bytes,401389056,382.79443359375,569538,42144,165,20260914_200157_ogbn-papers100M_FedAvg_bs64_seed42_beta10000p0,True,True
64,176,cuda_max_memory_allocated_bytes,401425408,382.8291015625,569538,42031,165,20260914_200157_ogbn-papers100M_FedAvg_bs64_seed42_beta10000p0,True,True
64,177,cuda_max_memory_allocated_bytes,401421312,382.8251953125,569538,42925,165,20260914_200157_ogbn-papers100M_FedAvg_bs64_seed42_beta10000p0,True,True
64,178,cuda_max_memory_allocated_bytes,401454080,382.8564453125,569538,42505,165,20260914_200157_ogbn-papers100M_FedAvg_bs64_seed42_beta10000p0,True,True
64,179,cuda_max_memory_allocated_bytes,401414656,382.81884765625,569538,42742,165,20260914_200157_ogbn-papers100M_FedAvg_bs64_seed42_beta10000p0,True,True
64,180,cuda_max_memory_allocated_bytes,401419776,382.82373046875,569538,42844,165,20260914_200157_ogbn-papers100M_FedAvg_bs64_seed42_beta10000p0,True,True
64,181,cuda_max_memory_allocated_bytes,401442816,382.845703125,569538,42424,165,20260914_200157_ogbn-papers100M_FedAvg_bs64_seed42_beta10000p0,True,True
64,182,cuda_max_memory_allocated_bytes,401438208,382.84130859375,569538,42304,165,20260914_200157_ogbn-papers100M_FedAvg_bs64_seed42_beta10000p0,True,True
64,183,cuda_max_memory_allocated_bytes,401368576,382.77490234375,569538,41650,165,20260914_200157_ogbn-papers100M_FedAvg_bs64_seed42_beta10000p0,True,True
64,184,cuda_max_memory_allocated_bytes,401468928,382.87060546875,569538,42971,165,20260914_200157_ogbn-papers100M_FedAvg_bs64_seed42_beta10000p0,True,True
64,185,cuda_max_memory_allocated_bytes,401426944,382.83056640625,569538,41887,165,20260914_200157_ogbn-papers100M_FedAvg_bs64_seed42_beta10000p0,True,True
64,186,cuda_max_memory_allocated_bytes,401399808,382.8046875,569538,42308,165,20260914_200157_ogbn-papers100M_FedAvg_bs64_seed42_beta10000p0,True,True
64,187,cuda_max_memory_allocated_bytes,401445888,382.8486328125,569538,42395,165,20260914_200157_ogbn-papers100M_FedAvg_bs64_seed42_beta10000p0,True,True
64,188,cuda_max_memory_allocated_bytes,401453568,382.85595703125,569538,42504,165,20260914_200157_ogbn-papers100M_FedAvg_bs64_seed42_beta10000p0,True,True
64,189,cuda_max_memory_allocated_bytes,401421312,382.8251953125,569538,41857,165,20260914_200157_ogbn-papers100M_FedAvg_bs64_seed42_beta10000p0,True,True
64,190,cuda_max_memory_allocated_bytes,401406976,382.8115234375,569538,42537,165,20260914_200157_ogbn-papers100M_FedAvg_bs64_seed42_beta10000p0,True,True
64,191,cuda_max_memory_allocated_bytes,401447936,382.8505859375,569538,42364,165,20260914_200157_ogbn-papers100M_FedAvg_bs64_seed42_beta10000p0,True,True
64,192,cuda_max_memory_allocated_bytes,401395200,382.80029296875,569538,42279,165,20260914_200157_ogbn-papers100M_FedAvg_bs64_seed42_beta10000p0,True,True
64,193,cuda_max_memory_allocated_bytes,401403392,382.80810546875,569538,42402,165,20260914_200157_ogbn-papers100M_FedAvg_bs64_seed42_beta10000p0,True,True
64,194,cuda_max_memory_allocated_bytes,401406976,382.8115234375,569538,42488,165,20260914_200157_ogbn-papers100M_FedAvg_bs64_seed42_beta10000p0,True,True
128,0,cuda_max_memory_allocated_bytes,401393664,382.798828125,569539,42085,165,20260914_201408_ogbn-papers100M_FedAvg_bs128_seed42_beta10000p0,True,True
128,1,cuda_max_memory_allocated_bytes,401392640,382.7978515625,569539,42192,165,20260914_201408_ogbn-papers100M_FedAvg_bs128_seed42_beta10000p0,True,True
128,2,cuda_max_memory_allocated_bytes,401414144,382.818359375,569539,42649,165,20260914_201408_ogbn-papers100M_FedAvg_bs128_seed42_beta10000p0,True,True
128,3,cuda_max_memory_allocated_bytes,401489920,382.890625,569539,42566,165,20260914_201408_ogbn-papers100M_FedAvg_bs128_seed42_beta10000p0,True,True
128,4,cuda_max_memory_allocated_bytes,401471488,382.873046875,569539,42106,165,20260914_201408_ogbn-papers100M_FedAvg_bs128_seed42_beta10000p0,True,True
128,5,cuda_max_memory_allocated_bytes,401483264,382.88427734375,569539,42478,165,20260914_201408_ogbn-papers100M_FedAvg_bs128_seed42_beta10000p0,True,True
128,6,cuda_max_memory_allocated_bytes,401375744,382.78173828125,569539,41630,165,20260914_201408_ogbn-papers100M_FedAvg_bs128_seed42_beta10000p0,True,True
128,7,cuda_max_memory_allocated_bytes,401488896,382.8896484375,569539,42632,165,20260914_201408_ogbn-papers100M_FedAvg_bs128_seed42_beta10000p0,True,True
128,8,cuda_max_memory_allocated_bytes,401380864,382.78662109375,569539,41951,165,20260914_201408_ogbn-papers100M_FedAvg_bs128_seed42_beta10000p0,True,True
128,9,cuda_max_memory_allocated_bytes,401432576,382.8359375,569539,43121,165,20260914_201408_ogbn-papers100M_FedAvg_bs128_seed42_beta10000p0,True,True
128,10,cuda_max_memory_allocated_bytes,401402880,382.8076171875,569539,42455,165,20260914_201408_ogbn-papers100M_FedAvg_bs128_seed42_beta10000p0,True,True
128,11,cuda_max_memory_allocated_bytes,401488384,382.88916015625,569539,42613,165,20260914_201408_ogbn-papers100M_FedAvg_bs128_seed42_beta10000p0,True,True
128,12,cuda_max_memory_allocated_bytes,401508352,382.908203125,569539,42902,165,20260914_201408_ogbn-papers100M_FedAvg_bs128_seed42_beta10000p0,True,True
128,13,cuda_max_memory_allocated_bytes,401479168,382.88037109375,569539,42317,165,20260914_201408_ogbn-papers100M_FedAvg_bs128_seed42_beta10000p0,True,True
128,14,cuda_max_memory_allocated_bytes,401398784,382.8037109375,569539,42296,165,20260914_201408_ogbn-papers100M_FedAvg_bs128_seed42_beta10000p0,True,True
128,15,cuda_max_memory_allocated_bytes,401478144,382.87939453125,569539,42146,165,20260914_201408_ogbn-papers100M_FedAvg_bs128_seed42_beta10000p0,True,True
128,16,cuda_max_memory_allocated_bytes,401384960,382.79052734375,569539,41922,165,20260914_201408_ogbn-papers100M_FedAvg_bs128_seed42_beta10000p0,True,True
128,17,cuda_max_memory_allocated_bytes,401400320,382.80517578125,569539,42390,165,20260914_201408_ogbn-papers100M_FedAvg_bs128_seed42_beta10000p0,True,True
128,18,cuda_max_memory_allocated_bytes,401477632,382.87890625,569539,41847,165,20260914_201408_ogbn-papers100M_FedAvg_bs128_seed42_beta10000p0,True,True
128,19,cuda_max_memory_allocated_bytes,401409024,382.8134765625,569539,42582,165,20260914_201408_ogbn-papers100M_FedAvg_bs128_seed42_beta10000p0,True,True
128,20,cuda_max_memory_allocated_bytes,401422336,382.826171875,569539,42966,165,20260914_201408_ogbn-papers100M_FedAvg_bs128_seed42_beta10000p0,True,True
128,21,cuda_max_memory_allocated_bytes,401412096,382.81640625,569539,42584,165,20260914_201408_ogbn-papers100M_FedAvg_bs128_seed42_beta10000p0,True,True
128,22,cuda_max_memory_allocated_bytes,401385472,382.791015625,569539,42003,165,20260914_201408_ogbn-papers100M_FedAvg_bs128_seed42_beta10000p0,True,True
128,23,cuda_max_memory_allocated_bytes,401406464,382.81103515625,569539,42415,165,20260914_201408_ogbn-papers100M_FedAvg_bs128_seed42_beta10000p0,True,True
128,24,cuda_max_memory_allocated_bytes,401466880,382.86865234375,569539,41850,165,20260914_201408_ogbn-papers100M_FedAvg_bs128_seed42_beta10000p0,True,True
128,25,cuda_max_memory_allocated_bytes,401467904,382.86962890625,569539,42152,165,20260914_201408_ogbn-papers100M_FedAvg_bs128_seed42_beta10000p0,True,True
128,26,cuda_max_memory_allocated_bytes,401490432,382.89111328125,569539,42344,165,20260914_201408_ogbn-papers100M_FedAvg_bs128_seed42_beta10000p0,True,True
128,27,cuda_max_memory_allocated_bytes,401399296,382.80419921875,569539,42322,165,20260914_201408_ogbn-papers100M_FedAvg_bs128_seed42_beta10000p0,True,True
128,28,cuda_max_memory_allocated_bytes,401432576,382.8359375,569539,43060,165,20260914_201408_ogbn-papers100M_FedAvg_bs128_seed42_beta10000p0,True,True
128,29,cuda_max_memory_allocated_bytes,401513472,382.9130859375,569539,43189,165,20260914_201408_ogbn-papers100M_FedAvg_bs128_seed42_beta10000p0,True,True
128,30,cuda_max_memory_allocated_bytes,401410048,382.814453125,569539,42646,165,20260914_201408_ogbn-papers100M_FedAvg_bs128_seed42_beta10000p0,True,True
128,31,cuda_max_memory_allocated_bytes,401413120,382.8173828125,569539,42757,165,20260914_201408_ogbn-papers100M_FedAvg_bs128_seed42_beta10000p0,True,True
128,32,cuda_max_memory_allocated_bytes,401393664,382.798828125,569539,42148,165,20260914_201408_ogbn-papers100M_FedAvg_bs128_seed42_beta10000p0,True,True
128,33,cuda_max_memory_allocated_bytes,401433088,382.83642578125,569539,43164,165,20260914_201408_ogbn-papers100M_FedAvg_bs128_seed42_beta10000p0,True,True
128,34,cuda_max_memory_allocated_bytes,401405440,382.81005859375,569539,42454,165,20260914_201408_ogbn-papers100M_FedAvg_bs128_seed42_beta10000p0,True,True
128,35,cuda_max_memory_allocated_bytes,401512448,382.912109375,569539,43289,165,20260914_201408_ogbn-papers100M_FedAvg_bs128_seed42_beta10000p0,True,True
128,36,cuda_max_memory_allocated_bytes,401418752,382.82275390625,569539,42743,165,20260914_201408_ogbn-papers100M_FedAvg_bs128_seed42_beta10000p0,True,True
128,37,cuda_max_memory_allocated_bytes,401487872,382.888671875,569539,42489,165,20260914_201408_ogbn-papers100M_FedAvg_bs128_seed42_beta10000p0,True,True
128,38,cuda_max_memory_allocated_bytes,401443840,382.8466796875,569539,43384,165,20260914_201408_ogbn-papers100M_FedAvg_bs128_seed42_beta10000p0,True,True
128,39,cuda_max_memory_allocated_bytes,401530880,382.9296875,569539,43634,165,20260914_201408_ogbn-papers100M_FedAvg_bs128_seed42_beta10000p0,True,True
128,40,cuda_max_memory_allocated_bytes,401406464,382.81103515625,569539,42548,165,20260914_201408_ogbn-papers100M_FedAvg_bs128_seed42_beta10000p0,True,True
128,41,cuda_max_memory_allocated_bytes,401476096,382.87744140625,569539,42113,165,20260914_201408_ogbn-papers100M_FedAvg_bs128_seed42_beta10000p0,True,True
128,42,cuda_max_memory_allocated_bytes,401479168,382.88037109375,569539,42360,165,20260914_201408_ogbn-papers100M_FedAvg_bs128_seed42_beta10000p0,True,True
128,43,cuda_max_memory_allocated_bytes,401393152,382.79833984375,569539,42194,165,20260914_201408_ogbn-papers100M_FedAvg_bs128_seed42_beta10000p0,True,True
128,44,cuda_max_memory_allocated_bytes,401484800,382.8857421875,569539,42371,165,20260914_201408_ogbn-papers100M_FedAvg_bs128_seed42_beta10000p0,True,True
128,45,cuda_max_memory_allocated_bytes,401490432,382.89111328125,569539,42610,165,20260914_201408_ogbn-papers100M_FedAvg_bs128_seed42_beta10000p0,True,True
128,46,cuda_max_memory_allocated_bytes,401401856,382.806640625,569538,42482,165,20260914_201408_ogbn-papers100M_FedAvg_bs128_seed42_beta10000p0,True,True
128,47,cuda_max_memory_allocated_bytes,401487872,382.888671875,569538,42568,165,20260914_201408_ogbn-papers100M_FedAvg_bs128_seed42_beta10000p0,True,True
128,48,cuda_max_memory_allocated_bytes,401421824,382.82568359375,569538,42836,165,20260914_201408_ogbn-papers100M_FedAvg_bs128_seed42_beta10000p0,True,True
128,49,cuda_max_memory_allocated_bytes,401492992,382.8935546875,569538,42558,165,20260914_201408_ogbn-papers100M_FedAvg_bs128_seed42_beta10000p0,True,True
128,50,cuda_max_memory_allocated_bytes,401413632,382.81787109375,569538,42598,165,20260914_201408_ogbn-papers100M_FedAvg_bs128_seed42_beta10000p0,True,True
128,51,cuda_max_memory_allocated_bytes,401405952,382.810546875,569538,42423,165,20260914_201408_ogbn-papers100M_FedAvg_bs128_seed42_beta10000p0,True,True
128,52,cuda_max_memory_allocated_bytes,401475072,382.87646484375,569538,42096,165,20260914_201408_ogbn-papers100M_FedAvg_bs128_seed42_beta10000p0,True,True
128,53,cuda_max_memory_allocated_bytes,401503232,382.9033203125,569538,42819,165,20260914_201408_ogbn-papers100M_FedAvg_bs128_seed42_beta10000p0,True,True
128,54,cuda_max_memory_allocated_bytes,401387008,382.79248046875,569538,41987,165,20260914_201408_ogbn-papers100M_FedAvg_bs128_seed42_beta10000p0,True,True
128,55,cuda_max_memory_allocated_bytes,401430016,382.83349609375,569538,42945,165,20260914_201408_ogbn-papers100M_FedAvg_bs128_seed42_beta10000p0,True,True
128,56,cuda_max_memory_allocated_bytes,401426432,382.830078125,569538,42997,165,20260914_201408_ogbn-papers100M_FedAvg_bs128_seed42_beta10000p0,True,True
128,57,cuda_max_memory_allocated_bytes,401412096,382.81640625,569538,42743,165,20260914_201408_ogbn-papers100M_FedAvg_bs128_seed42_beta10000p0,True,True
128,58,cuda_max_memory_allocated_bytes,401432064,382.83544921875,569538,43148,165,20260914_201408_ogbn-papers100M_FedAvg_bs128_seed42_beta10000p0,True,True
128,59,cuda_max_memory_allocated_bytes,401420800,382.82470703125,569538,42756,165,20260914_201408_ogbn-papers100M_FedAvg_bs128_seed42_beta10000p0,True,True
128,60,cuda_max_memory_allocated_bytes,401374720,382.78076171875,569538,41749,165,20260914_201408_ogbn-papers100M_FedAvg_bs128_seed42_beta10000p0,True,True
128,61,cuda_max_memory_allocated_bytes,401401344,382.80615234375,569538,42354,165,20260914_201408_ogbn-papers100M_FedAvg_bs128_seed42_beta10000p0,True,True
128,62,cuda_max_memory_allocated_bytes,401510400,382.91015625,569538,43049,165,20260914_201408_ogbn-papers100M_FedAvg_bs128_seed42_beta10000p0,True,True
128,63,cuda_max_memory_allocated_bytes,401485312,382.88623046875,569538,42524,165,20260914_201408_ogbn-papers100M_FedAvg_bs128_seed42_beta10000p0,True,True
128,64,cuda_max_memory_allocated_bytes,401474560,382.8759765625,569538,42105,165,20260914_201408_ogbn-papers100M_FedAvg_bs128_seed42_beta10000p0,True,True
128,65,cuda_max_memory_allocated_bytes,401413120,382.8173828125,569538,42707,165,20260914_201408_ogbn-papers100M_FedAvg_bs128_seed42_beta10000p0,True,True
128,66,cuda_max_memory_allocated_bytes,401468928,382.87060546875,569538,42115,165,20260914_201408_ogbn-papers100M_FedAvg_bs128_seed42_beta10000p0,True,True
128,67,cuda_max_memory_allocated_bytes,401527808,382.9267578125,569538,42991,165,20260914_201408_ogbn-papers100M_FedAvg_bs128_seed42_beta10000p0,True,False
128,68,cuda_max_memory_allocated_bytes,401468416,382.8701171875,569538,42019,165,20260914_201408_ogbn-papers100M_FedAvg_bs128_seed42_beta10000p0,True,True
128,69,cuda_max_memory_allocated_bytes,401482752,382.8837890625,569538,42344,165,20260914_201408_ogbn-papers100M_FedAvg_bs128_seed42_beta10000p0,True,True
128,70,cuda_max_memory_allocated_bytes,401394688,382.7998046875,569538,42297,165,20260914_201408_ogbn-papers100M_FedAvg_bs128_seed42_beta10000p0,True,True
128,71,cuda_max_memory_allocated_bytes,401418240,382.822265625,569538,42864,165,20260914_201408_ogbn-papers100M_FedAvg_bs128_seed42_beta10000p0,True,True
128,72,cuda_max_memory_allocated_bytes,401490432,382.89111328125,569538,42513,165,20260914_201408_ogbn-papers100M_FedAvg_bs128_seed42_beta10000p0,True,True
128,73,cuda_max_memory_allocated_bytes,401378304,382.7841796875,569538,41910,165,20260914_201408_ogbn-papers100M_FedAvg_bs128_seed42_beta10000p0,True,True
128,74,cuda_max_memory_allocated_bytes,401419264,382.8232421875,569538,42845,165,20260914_201408_ogbn-papers100M_FedAvg_bs128_seed42_beta10000p0,True,True
128,75,cuda_max_memory_allocated_bytes,401487872,382.888671875,569538,42471,165,20260914_201408_ogbn-papers100M_FedAvg_bs128_seed42_beta10000p0,True,True
128,76,cuda_max_memory_allocated_bytes,401494528,382.89501953125,569538,42738,165,20260914_201408_ogbn-papers100M_FedAvg_bs128_seed42_beta10000p0,True,True
128,77,cuda_max_memory_allocated_bytes,401485312,382.88623046875,569538,42424,165,20260914_201408_ogbn-papers100M_FedAvg_bs128_seed42_beta10000p0,True,True
128,78,cuda_max_memory_allocated_bytes,401403392,382.80810546875,569538,42456,165,20260914_201408_ogbn-papers100M_FedAvg_bs128_seed42_beta10000p0,True,True
128,79,cuda_max_memory_allocated_bytes,401419264,382.8232421875,569538,42850,165,20260914_201408_ogbn-papers100M_FedAvg_bs128_seed42_beta10000p0,True,True
128,80,cuda_max_memory_allocated_bytes,401390080,382.79541015625,569538,42105,165,20260914_201408_ogbn-papers100M_FedAvg_bs128_seed42_beta10000p0,True,True
128,81,cuda_max_memory_allocated_bytes,401511424,382.9111328125,569538,43104,165,20260914_201408_ogbn-papers100M_FedAvg_bs128_seed42_beta10000p0,True,True
128,82,cuda_max_memory_allocated_bytes,401398272,382.80322265625,569538,42245,165,20260914_201408_ogbn-papers100M_FedAvg_bs128_seed42_beta10000p0,True,True
128,83,cuda_max_memory_allocated_bytes,401475584,382.876953125,569538,42180,165,20260914_201408_ogbn-papers100M_FedAvg_bs128_seed42_beta10000p0,True,True
128,84,cuda_max_memory_allocated_bytes,401481728,382.8828125,569538,42400,165,20260914_201408_ogbn-papers100M_FedAvg_bs128_seed42_beta10000p0,True,True
128,85,cuda_max_memory_allocated_bytes,401401344,382.80615234375,569538,42420,165,20260914_201408_ogbn-papers100M_FedAvg_bs128_seed42_beta10000p0,True,True
128,86,cuda_max_memory_allocated_bytes,401399808,382.8046875,569538,42300,165,20260914_201408_ogbn-papers100M_FedAvg_bs128_seed42_beta10000p0,True,True
128,87,cuda_max_memory_allocated_bytes,401389056,382.79443359375,569538,42097,165,20260914_201408_ogbn-papers100M_FedAvg_bs128_seed42_beta10000p0,True,True
128,88,cuda_max_memory_allocated_bytes,401510912,382.91064453125,569538,43090,165,20260914_201408_ogbn-papers100M_FedAvg_bs128_seed42_beta10000p0,True,True
128,89,cuda_max_memory_allocated_bytes,401473024,382.87451171875,569538,42182,165,20260914_201408_ogbn-papers100M_FedAvg_bs128_seed42_beta10000p0,True,True
128,90,cuda_max_memory_allocated_bytes,401418752,382.82275390625,569538,42803,165,20260914_201408_ogbn-papers100M_FedAvg_bs128_seed42_beta10000p0,True,True
128,91,cuda_max_memory_allocated_bytes,401412096,382.81640625,569538,42567,165,20260914_201408_ogbn-papers100M_FedAvg_bs128_seed42_beta10000p0,True,True
128,92,cuda_max_memory_allocated_bytes,401489408,382.89013671875,569538,42263,165,20260914_201408_ogbn-papers100M_FedAvg_bs128_seed42_beta10000p0,True,True
128,93,cuda_max_memory_allocated_bytes,401459712,382.86181640625,569538,41896,165,20260914_201408_ogbn-papers100M_FedAvg_bs128_seed42_beta10000p0,True,True
128,94,cuda_max_memory_allocated_bytes,401388032,382.79345703125,569538,42067,165,20260914_201408_ogbn-papers100M_FedAvg_bs128_seed42_beta10000p0,True,True
128,95,cuda_max_memory_allocated_bytes,401380864,382.78662109375,569538,41918,165,20260914_201408_ogbn-papers100M_FedAvg_bs128_seed42_beta10000p0,True,True
128,96,cuda_max_memory_allocated_bytes,401463296,382.865234375,569538,42003,165,20260914_201408_ogbn-papers100M_FedAvg_bs128_seed42_beta10000p0,True,True
128,97,cuda_max_memory_allocated_bytes,401421312,382.8251953125,569538,42810,165,20260914_201408_ogbn-papers100M_FedAvg_bs128_seed42_beta10000p0,True,True
128,98,cuda_max_memory_allocated_bytes,401408000,382.8125,569538,42584,165,20260914_201408_ogbn-papers100M_FedAvg_bs128_seed42_beta10000p0,True,True
128,99,cuda_max_memory_allocated_bytes,401396736,382.8017578125,569538,42216,165,20260914_201408_ogbn-papers100M_FedAvg_bs128_seed42_beta10000p0,True,True
128,100,cuda_max_memory_allocated_bytes,401391616,382.796875,569538,42148,165,20260914_201408_ogbn-papers100M_FedAvg_bs128_seed42_beta10000p0,True,True
128,101,cuda_max_memory_allocated_bytes,401440768,382.84375,569538,41381,165,20260914_201408_ogbn-papers100M_FedAvg_bs128_seed42_beta10000p0,True,True
128,102,cuda_max_memory_allocated_bytes,401496064,382.896484375,569538,42621,165,20260914_201408_ogbn-papers100M_FedAvg_bs128_seed42_beta10000p0,True,True
128,103,cuda_max_memory_allocated_bytes,401481216,382.88232421875,569538,42422,165,20260914_201408_ogbn-papers100M_FedAvg_bs128_seed42_beta10000p0,True,True
128,104,cuda_max_memory_allocated_bytes,401405952,382.810546875,569538,42519,165,20260914_201408_ogbn-papers100M_FedAvg_bs128_seed42_beta10000p0,True,True
128,105,cuda_max_memory_allocated_bytes,401405440,382.81005859375,569538,42552,165,20260914_201408_ogbn-papers100M_FedAvg_bs128_seed42_beta10000p0,True,True
128,106,cuda_max_memory_allocated_bytes,401508352,382.908203125,569538,42631,165,20260914_201408_ogbn-papers100M_FedAvg_bs128_seed42_beta10000p0,True,False
128,107,cuda_max_memory_allocated_bytes,401409024,382.8134765625,569538,42612,165,20260914_201408_ogbn-papers100M_FedAvg_bs128_seed42_beta10000p0,True,True
128,108,cuda_max_memory_allocated_bytes,401406976,382.8115234375,569538,42490,165,20260914_201408_ogbn-papers100M_FedAvg_bs128_seed42_beta10000p0,True,True
128,109,cuda_max_memory_allocated_bytes,401476096,382.87744140625,569538,42260,165,20260914_201408_ogbn-papers100M_FedAvg_bs128_seed42_beta10000p0,True,True
128,110,cuda_max_memory_allocated_bytes,401427456,382.8310546875,569538,42979,165,20260914_201408_ogbn-papers100M_FedAvg_bs128_seed42_beta10000p0,True,True
128,111,cuda_max_memory_allocated_bytes,401466880,382.86865234375,569538,41990,165,20260914_201408_ogbn-papers100M_FedAvg_bs128_seed42_beta10000p0,True,True
128,112,cuda_max_memory_allocated_bytes,401384960,382.79052734375,569538,41881,165,20260914_201408_ogbn-papers100M_FedAvg_bs128_seed42_beta10000p0,True,True
128,113,cuda_max_memory_allocated_bytes,401484800,382.8857421875,569538,42543,165,20260914_201408_ogbn-papers100M_FedAvg_bs128_seed42_beta10000p0,True,True
128,114,cuda_max_memory_allocated_bytes,401391104,382.79638671875,569538,42145,165,20260914_201408_ogbn-papers100M_FedAvg_bs128_seed42_beta10000p0,True,True
128,115,cuda_max_memory_allocated_bytes,401412608,382.81689453125,569538,42653,165,20260914_201408_ogbn-papers100M_FedAvg_bs128_seed42_beta10000p0,True,True
128,116,cuda_max_memory_allocated_bytes,401473024,382.87451171875,569538,42140,165,20260914_201408_ogbn-papers100M_FedAvg_bs128_seed42_beta10000p0,True,True
128,117,cuda_max_memory_allocated_bytes,401393152,382.79833984375,569538,42206,165,20260914_201408_ogbn-papers100M_FedAvg_bs128_seed42_beta10000p0,True,True
128,118,cuda_max_memory_allocated_bytes,401452032,382.8544921875,569538,41664,165,20260914_201408_ogbn-papers100M_FedAvg_bs128_seed42_beta10000p0,True,True
128,119,cuda_max_memory_allocated_bytes,401489920,382.890625,569538,42642,165,20260914_201408_ogbn-papers100M_FedAvg_bs128_seed42_beta10000p0,True,True
128,120,cuda_max_memory_allocated_bytes,401428480,382.83203125,569538,43040,165,20260914_201408_ogbn-papers100M_FedAvg_bs128_seed42_beta10000p0,True,True
128,121,cuda_max_memory_allocated_bytes,401363456,382.77001953125,569538,41451,165,20260914_201408_ogbn-papers100M_FedAvg_bs128_seed42_beta10000p0,True,True
128,122,cuda_max_memory_allocated_bytes,401396224,382.80126953125,569538,42278,165,20260914_201408_ogbn-papers100M_FedAvg_bs128_seed42_beta10000p0,True,True
128,123,cuda_max_memory_allocated_bytes,401392128,382.79736328125,569538,42105,165,20260914_201408_ogbn-papers100M_FedAvg_bs128_seed42_beta10000p0,True,True
128,124,cuda_max_memory_allocated_bytes,401450496,382.85302734375,569538,43578,165,20260914_201408_ogbn-papers100M_FedAvg_bs128_seed42_beta10000p0,True,True
128,125,cuda_max_memory_allocated_bytes,401500160,382.900390625,569538,42832,165,20260914_201408_ogbn-papers100M_FedAvg_bs128_seed42_beta10000p0,True,True
128,126,cuda_max_memory_allocated_bytes,401408000,382.8125,569538,42506,165,20260914_201408_ogbn-papers100M_FedAvg_bs128_seed42_beta10000p0,True,True
128,127,cuda_max_memory_allocated_bytes,401460736,382.86279296875,569538,42021,165,20260914_201408_ogbn-papers100M_FedAvg_bs128_seed42_beta10000p0,True,True
128,128,cuda_max_memory_allocated_bytes,401425408,382.8291015625,569538,42892,165,20260914_201408_ogbn-papers100M_FedAvg_bs128_seed42_beta10000p0,True,True
128,129,cuda_max_memory_allocated_bytes,401467392,382.869140625,569538,42089,165,20260914_201408_ogbn-papers100M_FedAvg_bs128_seed42_beta10000p0,True,True
128,130,cuda_max_memory_allocated_bytes,401427968,382.83154296875,569538,42978,165,20260914_201408_ogbn-papers100M_FedAvg_bs128_seed42_beta10000p0,True,True
128,131,cuda_max_memory_allocated_bytes,401410048,382.814453125,569538,42644,165,20260914_201408_ogbn-papers100M_FedAvg_bs128_seed42_beta10000p0,True,True
128,132,cuda_max_memory_allocated_bytes,401479680,382.880859375,569538,42241,165,20260914_201408_ogbn-papers100M_FedAvg_bs128_seed42_beta10000p0,True,True
128,133,cuda_max_memory_allocated_bytes,401500672,382.90087890625,569538,42714,165,20260914_201408_ogbn-papers100M_FedAvg_bs128_seed42_beta10000p0,True,True
128,134,cuda_max_memory_allocated_bytes,401476608,382.8779296875,569538,44260,165,20260914_201408_ogbn-papers100M_FedAvg_bs128_seed42_beta10000p0,True,True
128,135,cuda_max_memory_allocated_bytes,401423360,382.8271484375,569538,42984,165,20260914_201408_ogbn-papers100M_FedAvg_bs128_seed42_beta10000p0,True,True
128,136,cuda_max_memory_allocated_bytes,401451520,382.85400390625,569538,43648,165,20260914_201408_ogbn-papers100M_FedAvg_bs128_seed42_beta10000p0,True,True
128,137,cuda_max_memory_allocated_bytes,401445888,382.8486328125,569538,43556,165,20260914_201408_ogbn-papers100M_FedAvg_bs128_seed42_beta10000p0,True,True
128,138,cuda_max_memory_allocated_bytes,401425408,382.8291015625,569538,42964,165,20260914_201408_ogbn-papers100M_FedAvg_bs128_seed42_beta10000p0,True,True
128,139,cuda_max_memory_allocated_bytes,401487872,382.888671875,569538,42537,165,20260914_201408_ogbn-papers100M_FedAvg_bs128_seed42_beta10000p0,True,True
128,140,cuda_max_memory_allocated_bytes,401423872,382.82763671875,569538,42870,165,20260914_201408_ogbn-papers100M_FedAvg_bs128_seed42_beta10000p0,True,True
128,141,cuda_max_memory_allocated_bytes,401487872,382.888671875,569538,42495,165,20260914_201408_ogbn-papers100M_FedAvg_bs128_seed42_beta10000p0,True,True
128,142,cuda_max_memory_allocated_bytes,401479168,382.88037109375,569538,42349,165,20260914_201408_ogbn-papers100M_FedAvg_bs128_seed42_beta10000p0,True,True
128,143,cuda_max_memory_allocated_bytes,401494528,382.89501953125,569538,41728,165,20260914_201408_ogbn-papers100M_FedAvg_bs128_seed42_beta10000p0,True,False
128,144,cuda_max_memory_allocated_bytes,401500672,382.90087890625,569538,42912,165,20260914_201408_ogbn-papers100M_FedAvg_bs128_seed42_beta10000p0,True,True
128,145,cuda_max_memory_allocated_bytes,401428992,382.83251953125,569538,43085,165,20260914_201408_ogbn-papers100M_FedAvg_bs128_seed42_beta10000p0,True,True
128,146,cuda_max_memory_allocated_bytes,401433088,382.83642578125,569538,43108,165,20260914_201408_ogbn-papers100M_FedAvg_bs128_seed42_beta10000p0,True,True
128,147,cuda_max_memory_allocated_bytes,401437696,382.8408203125,569538,43269,165,20260914_201408_ogbn-papers100M_FedAvg_bs128_seed42_beta10000p0,True,True
128,148,cuda_max_memory_allocated_bytes,401411584,382.81591796875,569538,42626,165,20260914_201408_ogbn-papers100M_FedAvg_bs128_seed42_beta10000p0,True,True
128,149,cuda_max_memory_allocated_bytes,401400832,382.8056640625,569538,42342,165,20260914_201408_ogbn-papers100M_FedAvg_bs128_seed42_beta10000p0,True,True
128,150,cuda_max_memory_allocated_bytes,401377280,382.783203125,569538,41834,165,20260914_201408_ogbn-papers100M_FedAvg_bs128_seed42_beta10000p0,True,True
128,151,cuda_max_memory_allocated_bytes,401487872,382.888671875,569538,42539,165,20260914_201408_ogbn-papers100M_FedAvg_bs128_seed42_beta10000p0,True,True
128,152,cuda_max_memory_allocated_bytes,401458176,382.8603515625,569538,41816,165,20260914_201408_ogbn-papers100M_FedAvg_bs128_seed42_beta10000p0,True,True
128,153,cuda_max_memory_allocated_bytes,401395712,382.80078125,569538,42146,165,20260914_201408_ogbn-papers100M_FedAvg_bs128_seed42_beta10000p0,True,True
128,154,cuda_max_memory_allocated_bytes,401393152,382.79833984375,569538,42176,165,20260914_201408_ogbn-papers100M_FedAvg_bs128_seed42_beta10000p0,True,True
128,155,cuda_max_memory_allocated_bytes,401410048,382.814453125,569538,42579,165,20260914_201408_ogbn-papers100M_FedAvg_bs128_seed42_beta10000p0,True,True
128,156,cuda_max_memory_allocated_bytes,401412608,382.81689453125,569538,42692,165,20260914_201408_ogbn-papers100M_FedAvg_bs128_seed42_beta10000p0,True,True
128,157,cuda_max_memory_allocated_bytes,401406976,382.8115234375,569538,42495,165,20260914_201408_ogbn-papers100M_FedAvg_bs128_seed42_beta10000p0,True,True
128,158,cuda_max_memory_allocated_bytes,401406464,382.81103515625,569538,42523,165,20260914_201408_ogbn-papers100M_FedAvg_bs128_seed42_beta10000p0,True,True
128,159,cuda_max_memory_allocated_bytes,401403392,382.80810546875,569538,42420,165,20260914_201408_ogbn-papers100M_FedAvg_bs128_seed42_beta10000p0,True,True
128,160,cuda_max_memory_allocated_bytes,401435136,382.83837890625,569538,43253,165,20260914_201408_ogbn-papers100M_FedAvg_bs128_seed42_beta10000p0,True,True
128,161,cuda_max_memory_allocated_bytes,401393152,382.79833984375,569538,42194,165,20260914_201408_ogbn-papers100M_FedAvg_bs128_seed42_beta10000p0,True,True
128,162,cuda_max_memory_allocated_bytes,401476096,382.87744140625,569538,42360,165,20260914_201408_ogbn-papers100M_FedAvg_bs128_seed42_beta10000p0,True,True
128,163,cuda_max_memory_allocated_bytes,401404928,382.8095703125,569538,42567,165,20260914_201408_ogbn-papers100M_FedAvg_bs128_seed42_beta10000p0,True,True
128,164,cuda_max_memory_allocated_bytes,401472512,382.8740234375,569538,41939,165,20260914_201408_ogbn-papers100M_FedAvg_bs128_seed42_beta10000p0,True,True
128,165,cuda_max_memory_allocated_bytes,401508864,382.90869140625,569538,43107,165,20260914_201408_ogbn-papers100M_FedAvg_bs128_seed42_beta10000p0,True,True
128,166,cuda_max_memory_allocated_bytes,401476096,382.87744140625,569538,42220,165,20260914_201408_ogbn-papers100M_FedAvg_bs128_seed42_beta10000p0,True,True
128,167,cuda_max_memory_allocated_bytes,401382912,382.78857421875,569538,41828,165,20260914_201408_ogbn-papers100M_FedAvg_bs128_seed42_beta10000p0,True,True
128,168,cuda_max_memory_allocated_bytes,401488896,382.8896484375,569538,42494,165,20260914_201408_ogbn-papers100M_FedAvg_bs128_seed42_beta10000p0,True,True
128,169,cuda_max_memory_allocated_bytes,401482240,382.88330078125,569538,42483,165,20260914_201408_ogbn-papers100M_FedAvg_bs128_seed42_beta10000p0,True,True
128,170,cuda_max_memory_allocated_bytes,401403392,382.80810546875,569538,42465,165,20260914_201408_ogbn-papers100M_FedAvg_bs128_seed42_beta10000p0,True,True
128,171,cuda_max_memory_allocated_bytes,401482752,382.8837890625,569538,42399,165,20260914_201408_ogbn-papers100M_FedAvg_bs128_seed42_beta10000p0,True,True
128,172,cuda_max_memory_allocated_bytes,401398784,382.8037109375,569538,42341,165,20260914_201408_ogbn-papers100M_FedAvg_bs128_seed42_beta10000p0,True,True
128,173,cuda_max_memory_allocated_bytes,401411584,382.81591796875,569538,42635,165,20260914_201408_ogbn-papers100M_FedAvg_bs128_seed42_beta10000p0,True,True
128,174,cuda_max_memory_allocated_bytes,401501696,382.90185546875,569538,42816,165,20260914_201408_ogbn-papers100M_FedAvg_bs128_seed42_beta10000p0,True,True
128,175,cuda_max_memory_allocated_bytes,401389056,382.79443359375,569538,42144,165,20260914_201408_ogbn-papers100M_FedAvg_bs128_seed42_beta10000p0,True,True
128,176,cuda_max_memory_allocated_bytes,401383424,382.7890625,569538,42031,165,20260914_201408_ogbn-papers100M_FedAvg_bs128_seed42_beta10000p0,True,True
128,177,cuda_max_memory_allocated_bytes,401421312,382.8251953125,569538,42925,165,20260914_201408_ogbn-papers100M_FedAvg_bs128_seed42_beta10000p0,True,True
128,178,cuda_max_memory_allocated_bytes,401409024,382.8134765625,569538,42505,165,20260914_201408_ogbn-papers100M_FedAvg_bs128_seed42_beta10000p0,True,True
128,179,cuda_max_memory_allocated_bytes,401500160,382.900390625,569538,42742,165,20260914_201408_ogbn-papers100M_FedAvg_bs128_seed42_beta10000p0,True,True
128,180,cuda_max_memory_allocated_bytes,401419776,382.82373046875,569538,42844,165,20260914_201408_ogbn-papers100M_FedAvg_bs128_seed42_beta10000p0,True,True
128,181,cuda_max_memory_allocated_bytes,401482752,382.8837890625,569538,42424,165,20260914_201408_ogbn-papers100M_FedAvg_bs128_seed42_beta10000p0,True,True
128,182,cuda_max_memory_allocated_bytes,401394688,382.7998046875,569538,42304,165,20260914_201408_ogbn-papers100M_FedAvg_bs128_seed42_beta10000p0,True,True
128,183,cuda_max_memory_allocated_bytes,401448960,382.8515625,569538,41650,165,20260914_201408_ogbn-papers100M_FedAvg_bs128_seed42_beta10000p0,True,True
128,184,cuda_max_memory_allocated_bytes,401504256,382.904296875,569538,42971,165,20260914_201408_ogbn-papers100M_FedAvg_bs128_seed42_beta10000p0,True,True
128,185,cuda_max_memory_allocated_bytes,401460736,382.86279296875,569538,41887,165,20260914_201408_ogbn-papers100M_FedAvg_bs128_seed42_beta10000p0,True,True
128,186,cuda_max_memory_allocated_bytes,401481728,382.8828125,569538,42308,165,20260914_201408_ogbn-papers100M_FedAvg_bs128_seed42_beta10000p0,True,True
128,187,cuda_max_memory_allocated_bytes,401494016,382.89453125,569538,42395,165,20260914_201408_ogbn-papers100M_FedAvg_bs128_seed42_beta10000p0,True,True
128,188,cuda_max_memory_allocated_bytes,401406976,382.8115234375,569538,42504,165,20260914_201408_ogbn-papers100M_FedAvg_bs128_seed42_beta10000p0,True,True
128,189,cuda_max_memory_allocated_bytes,401379328,382.78515625,569538,41857,165,20260914_201408_ogbn-papers100M_FedAvg_bs128_seed42_beta10000p0,True,True
128,190,cuda_max_memory_allocated_bytes,401406976,382.8115234375,569538,42537,165,20260914_201408_ogbn-papers100M_FedAvg_bs128_seed42_beta10000p0,True,True
128,191,cuda_max_memory_allocated_bytes,401398272,382.80322265625,569538,42364,165,20260914_201408_ogbn-papers100M_FedAvg_bs128_seed42_beta10000p0,True,True
128,192,cuda_max_memory_allocated_bytes,401395200,382.80029296875,569538,42279,165,20260914_201408_ogbn-papers100M_FedAvg_bs128_seed42_beta10000p0,True,True
128,193,cuda_max_memory_allocated_bytes,401403392,382.80810546875,569538,42402,165,20260914_201408_ogbn-papers100M_FedAvg_bs128_seed42_beta10000p0,True,True
128,194,cuda_max_memory_allocated_bytes,401406976,382.8115234375,569538,42488,165,20260914_201408_ogbn-papers100M_FedAvg_bs128_seed42_beta10000p0,True,True
256,0,cuda_max_memory_allocated_bytes,401393664,382.798828125,569539,42085,165,20260914_202556_ogbn-papers100M_FedAvg_bs256_seed42_beta10000p0,True,True
256,1,cuda_max_memory_allocated_bytes,401392640,382.7978515625,569539,42192,165,20260914_202556_ogbn-papers100M_FedAvg_bs256_seed42_beta10000p0,True,True
256,2,cuda_max_memory_allocated_bytes,401414144,382.818359375,569539,42649,165,20260914_202556_ogbn-papers100M_FedAvg_bs256_seed42_beta10000p0,True,True
256,3,cuda_max_memory_allocated_bytes,401565696,382.962890625,569539,42566,165,20260914_202556_ogbn-papers100M_FedAvg_bs256_seed42_beta10000p0,True,True
256,4,cuda_max_memory_allocated_bytes,401391104,382.79638671875,569539,42106,165,20260914_202556_ogbn-papers100M_FedAvg_bs256_seed42_beta10000p0,True,True
256,5,cuda_max_memory_allocated_bytes,401559040,382.95654296875,569539,42478,165,20260914_202556_ogbn-papers100M_FedAvg_bs256_seed42_beta10000p0,True,True
256,6,cuda_max_memory_allocated_bytes,401375744,382.78173828125,569539,41630,165,20260914_202556_ogbn-papers100M_FedAvg_bs256_seed42_beta10000p0,True,True
256,7,cuda_max_memory_allocated_bytes,401566720,382.9638671875,569539,42632,165,20260914_202556_ogbn-papers100M_FedAvg_bs256_seed42_beta10000p0,True,True
256,8,cuda_max_memory_allocated_bytes,401380864,382.78662109375,569539,41951,165,20260914_202556_ogbn-papers100M_FedAvg_bs256_seed42_beta10000p0,True,True
256,9,cuda_max_memory_allocated_bytes,401592832,382.98876953125,569539,43121,165,20260914_202556_ogbn-papers100M_FedAvg_bs256_seed42_beta10000p0,True,True
256,10,cuda_max_memory_allocated_bytes,401402880,382.8076171875,569539,42455,165,20260914_202556_ogbn-papers100M_FedAvg_bs256_seed42_beta10000p0,True,True
256,11,cuda_max_memory_allocated_bytes,401564160,382.96142578125,569539,42613,165,20260914_202556_ogbn-papers100M_FedAvg_bs256_seed42_beta10000p0,True,True
256,12,cuda_max_memory_allocated_bytes,401425408,382.8291015625,569539,42902,165,20260914_202556_ogbn-papers100M_FedAvg_bs256_seed42_beta10000p0,True,True
256,13,cuda_max_memory_allocated_bytes,401400320,382.80517578125,569539,42317,165,20260914_202556_ogbn-papers100M_FedAvg_bs256_seed42_beta10000p0,True,True
256,14,cuda_max_memory_allocated_bytes,401555968,382.95361328125,569539,42296,165,20260914_202556_ogbn-papers100M_FedAvg_bs256_seed42_beta10000p0,True,True
256,15,cuda_max_memory_allocated_bytes,401393664,382.798828125,569539,42146,165,20260914_202556_ogbn-papers100M_FedAvg_bs256_seed42_beta10000p0,True,True
256,16,cuda_max_memory_allocated_bytes,401384960,382.79052734375,569539,41922,165,20260914_202556_ogbn-papers100M_FedAvg_bs256_seed42_beta10000p0,True,True
256,17,cuda_max_memory_allocated_bytes,401400320,382.80517578125,569539,42390,165,20260914_202556_ogbn-papers100M_FedAvg_bs256_seed42_beta10000p0,True,True
256,18,cuda_max_memory_allocated_bytes,401533440,382.93212890625,569539,41847,165,20260914_202556_ogbn-papers100M_FedAvg_bs256_seed42_beta10000p0,True,True
256,19,cuda_max_memory_allocated_bytes,401409024,382.8134765625,569539,42582,165,20260914_202556_ogbn-papers100M_FedAvg_bs256_seed42_beta10000p0,True,True
256,20,cuda_max_memory_allocated_bytes,401422336,382.826171875,569539,42966,165,20260914_202556_ogbn-papers100M_FedAvg_bs256_seed42_beta10000p0,True,True
256,21,cuda_max_memory_allocated_bytes,401568256,382.96533203125,569539,42584,165,20260914_202556_ogbn-papers100M_FedAvg_bs256_seed42_beta10000p0,True,True
256,22,cuda_max_memory_allocated_bytes,401385472,382.791015625,569539,42003,165,20260914_202556_ogbn-papers100M_FedAvg_bs256_seed42_beta10000p0,True,True
256,23,cuda_max_memory_allocated_bytes,401565696,382.962890625,569539,42415,165,20260914_202556_ogbn-papers100M_FedAvg_bs256_seed42_beta10000p0,True,True
256,24,cuda_max_memory_allocated_bytes,401538560,382.93701171875,569539,41850,165,20260914_202556_ogbn-papers100M_FedAvg_bs256_seed42_beta10000p0,True,True
256,25,cuda_max_memory_allocated_bytes,401390592,382.7958984375,569539,42152,165,20260914_202556_ogbn-papers100M_FedAvg_bs256_seed42_beta10000p0,True,True
256,26,cuda_max_memory_allocated_bytes,401556992,382.95458984375,569539,42344,165,20260914_202556_ogbn-papers100M_FedAvg_bs256_seed42_beta10000p0,True,True
256,27,cuda_max_memory_allocated_bytes,401555456,382.953125,569539,42322,165,20260914_202556_ogbn-papers100M_FedAvg_bs256_seed42_beta10000p0,True,True
256,28,cuda_max_memory_allocated_bytes,401432576,382.8359375,569539,43060,165,20260914_202556_ogbn-papers100M_FedAvg_bs256_seed42_beta10000p0,True,True
256,29,cuda_max_memory_allocated_bytes,401599488,382.9951171875,569539,43189,165,20260914_202556_ogbn-papers100M_FedAvg_bs256_seed42_beta10000p0,True,True
256,30,cuda_max_memory_allocated_bytes,401410048,382.814453125,569539,42646,165,20260914_202556_ogbn-papers100M_FedAvg_bs256_seed42_beta10000p0,True,True
256,31,cuda_max_memory_allocated_bytes,401602048,382.99755859375,569539,42757,165,20260914_202556_ogbn-papers100M_FedAvg_bs256_seed42_beta10000p0,True,False
256,32,cuda_max_memory_allocated_bytes,401393664,382.798828125,569539,42148,165,20260914_202556_ogbn-papers100M_FedAvg_bs256_seed42_beta10000p0,True,True
256,33,cuda_max_memory_allocated_bytes,401433088,382.83642578125,569539,43164,165,20260914_202556_ogbn-papers100M_FedAvg_bs256_seed42_beta10000p0,True,True
256,34,cuda_max_memory_allocated_bytes,401572352,382.96923828125,569539,42454,165,20260914_202556_ogbn-papers100M_FedAvg_bs256_seed42_beta10000p0,True,True
256,35,cuda_max_memory_allocated_bytes,401435136,382.83837890625,569539,43289,165,20260914_202556_ogbn-papers100M_FedAvg_bs256_seed42_beta10000p0,True,True
256,36,cuda_max_memory_allocated_bytes,401418752,382.82275390625,569539,42743,165,20260914_202556_ogbn-papers100M_FedAvg_bs256_seed42_beta10000p0,True,True
256,37,cuda_max_memory_allocated_bytes,401562112,382.95947265625,569539,42489,165,20260914_202556_ogbn-papers100M_FedAvg_bs256_seed42_beta10000p0,True,True
256,38,cuda_max_memory_allocated_bytes,401604096,382.99951171875,569539,43384,165,20260914_202556_ogbn-papers100M_FedAvg_bs256_seed42_beta10000p0,True,True
256,39,cuda_max_memory_allocated_bytes,401608192,383.00341796875,569539,43634,165,20260914_202556_ogbn-papers100M_FedAvg_bs256_seed42_beta10000p0,True,True
256,40,cuda_max_memory_allocated_bytes,401406464,382.81103515625,569539,42548,165,20260914_202556_ogbn-papers100M_FedAvg_bs256_seed42_beta10000p0,True,True
256,41,cuda_max_memory_allocated_bytes,401392128,382.79736328125,569539,42113,165,20260914_202556_ogbn-papers100M_FedAvg_bs256_seed42_beta10000p0,True,True
256,42,cuda_max_memory_allocated_bytes,401562112,382.95947265625,569539,42360,165,20260914_202556_ogbn-papers100M_FedAvg_bs256_seed42_beta10000p0,True,True
256,43,cuda_max_memory_allocated_bytes,401547264,382.9453125,569539,42194,165,20260914_202556_ogbn-papers100M_FedAvg_bs256_seed42_beta10000p0,True,True
256,44,cuda_max_memory_allocated_bytes,401565184,382.96240234375,569539,42371,165,20260914_202556_ogbn-papers100M_FedAvg_bs256_seed42_beta10000p0,True,True
256,45,cuda_max_memory_allocated_bytes,401410560,382.81494140625,569539,42610,165,20260914_202556_ogbn-papers100M_FedAvg_bs256_seed42_beta10000p0,True,True
256,46,cuda_max_memory_allocated_bytes,401561600,382.958984375,569538,42482,165,20260914_202556_ogbn-papers100M_FedAvg_bs256_seed42_beta10000p0,True,True
256,47,cuda_max_memory_allocated_bytes,401409536,382.81396484375,569538,42568,165,20260914_202556_ogbn-papers100M_FedAvg_bs256_seed42_beta10000p0,True,True
256,48,cuda_max_memory_allocated_bytes,401579008,382.9755859375,569538,42836,165,20260914_202556_ogbn-papers100M_FedAvg_bs256_seed42_beta10000p0,True,True
256,49,cuda_max_memory_allocated_bytes,401565184,382.96240234375,569538,42558,165,20260914_202556_ogbn-papers100M_FedAvg_bs256_seed42_beta10000p0,True,True
256,50,cuda_max_memory_allocated_bytes,401413632,382.81787109375,569538,42598,165,20260914_202556_ogbn-papers100M_FedAvg_bs256_seed42_beta10000p0,True,True
256,51,cuda_max_memory_allocated_bytes,401405952,382.810546875,569538,42423,165,20260914_202556_ogbn-papers100M_FedAvg_bs256_seed42_beta10000p0,True,True
256,52,cuda_max_memory_allocated_bytes,401547264,382.9453125,569538,42096,165,20260914_202556_ogbn-papers100M_FedAvg_bs256_seed42_beta10000p0,True,True
256,53,cuda_max_memory_allocated_bytes,401422336,382.826171875,569538,42819,165,20260914_202556_ogbn-papers100M_FedAvg_bs256_seed42_beta10000p0,True,True
256,54,cuda_max_memory_allocated_bytes,401387008,382.79248046875,569538,41987,165,20260914_202556_ogbn-papers100M_FedAvg_bs256_seed42_beta10000p0,True,True
256,55,cuda_max_memory_allocated_bytes,401586176,382.982421875,569538,42945,165,20260914_202556_ogbn-papers100M_FedAvg_bs256_seed42_beta10000p0,True,True
256,56,cuda_max_memory_allocated_bytes,401610240,383.00537109375,569538,42997,165,20260914_202556_ogbn-papers100M_FedAvg_bs256_seed42_beta10000p0,True,False
256,57,cuda_max_memory_allocated_bytes,401412096,382.81640625,569538,42743,165,20260914_202556_ogbn-papers100M_FedAvg_bs256_seed42_beta10000p0,True,True
256,58,cuda_max_memory_allocated_bytes,401605120,383.00048828125,569538,43148,165,20260914_202556_ogbn-papers100M_FedAvg_bs256_seed42_beta10000p0,True,True
256,59,cuda_max_memory_allocated_bytes,401420800,382.82470703125,569538,42756,165,20260914_202556_ogbn-papers100M_FedAvg_bs256_seed42_beta10000p0,True,True
256,60,cuda_max_memory_allocated_bytes,401374720,382.78076171875,569538,41749,165,20260914_202556_ogbn-papers100M_FedAvg_bs256_seed42_beta10000p0,True,True
256,61,cuda_max_memory_allocated_bytes,401559040,382.95654296875,569538,42354,165,20260914_202556_ogbn-papers100M_FedAvg_bs256_seed42_beta10000p0,True,True
256,62,cuda_max_memory_allocated_bytes,401589760,382.98583984375,569538,43049,165,20260914_202556_ogbn-papers100M_FedAvg_bs256_seed42_beta10000p0,True,True
256,63,cuda_max_memory_allocated_bytes,401560064,382.95751953125,569538,42524,165,20260914_202556_ogbn-papers100M_FedAvg_bs256_seed42_beta10000p0,True,True
256,64,cuda_max_memory_allocated_bytes,401548800,382.94677734375,569538,42105,165,20260914_202556_ogbn-papers100M_FedAvg_bs256_seed42_beta10000p0,True,True
256,65,cuda_max_memory_allocated_bytes,401413120,382.8173828125,569538,42707,165,20260914_202556_ogbn-papers100M_FedAvg_bs256_seed42_beta10000p0,True,True
256,66,cuda_max_memory_allocated_bytes,401546240,382.9443359375,569538,42115,165,20260914_202556_ogbn-papers100M_FedAvg_bs256_seed42_beta10000p0,True,True
256,67,cuda_max_memory_allocated_bytes,401426432,382.830078125,569538,42991,165,20260914_202556_ogbn-papers100M_FedAvg_bs256_seed42_beta10000p0,True,True
256,68,cuda_max_memory_allocated_bytes,401388544,382.7939453125,569538,42019,165,20260914_202556_ogbn-papers100M_FedAvg_bs256_seed42_beta10000p0,True,True
256,69,cuda_max_memory_allocated_bytes,401557504,382.955078125,569538,42344,165,20260914_202556_ogbn-papers100M_FedAvg_bs256_seed42_beta10000p0,True,True
256,70,cuda_max_memory_allocated_bytes,401394688,382.7998046875,569538,42297,165,20260914_202556_ogbn-papers100M_FedAvg_bs256_seed42_beta10000p0,True,True
256,71,cuda_max_memory_allocated_bytes,401418240,382.822265625,569538,42864,165,20260914_202556_ogbn-papers100M_FedAvg_bs256_seed42_beta10000p0,True,True
256,72,cuda_max_memory_allocated_bytes,401403392,382.80810546875,569538,42513,165,20260914_202556_ogbn-papers100M_FedAvg_bs256_seed42_beta10000p0,True,True
256,73,cuda_max_memory_allocated_bytes,401533440,382.93212890625,569538,41910,165,20260914_202556_ogbn-papers100M_FedAvg_bs256_seed42_beta10000p0,True,True
256,74,cuda_max_memory_allocated_bytes,401575424,382.97216796875,569538,42845,165,20260914_202556_ogbn-papers100M_FedAvg_bs256_seed42_beta10000p0,True,True
256,75,cuda_max_memory_allocated_bytes,401567744,382.96484375,569538,42471,165,20260914_202556_ogbn-papers100M_FedAvg_bs256_seed42_beta10000p0,True,True
256,76,cuda_max_memory_allocated_bytes,401417216,382.8212890625,569538,42738,165,20260914_202556_ogbn-papers100M_FedAvg_bs256_seed42_beta10000p0,True,True
256,77,cuda_max_memory_allocated_bytes,401404416,382.80908203125,569538,42424,165,20260914_202556_ogbn-papers100M_FedAvg_bs256_seed42_beta10000p0,True,True
256,78,cuda_max_memory_allocated_bytes,401558016,382.95556640625,569538,42456,165,20260914_202556_ogbn-papers100M_FedAvg_bs256_seed42_beta10000p0,True,True
256,79,cuda_max_memory_allocated_bytes,401419264,382.8232421875,569538,42850,165,20260914_202556_ogbn-papers100M_FedAvg_bs256_seed42_beta10000p0,True,True
256,80,cuda_max_memory_allocated_bytes,401390080,382.79541015625,569538,42105,165,20260914_202556_ogbn-papers100M_FedAvg_bs256_seed42_beta10000p0,True,True
256,81,cuda_max_memory_allocated_bytes,401428992,382.83251953125,569538,43104,165,20260914_202556_ogbn-papers100M_FedAvg_bs256_seed42_beta10000p0,True,True
256,82,cuda_max_memory_allocated_bytes,401556992,382.95458984375,569538,42245,165,20260914_202556_ogbn-papers100M_FedAvg_bs256_seed42_beta10000p0,True,True
256,83,cuda_max_memory_allocated_bytes,401393152,382.79833984375,569538,42180,165,20260914_202556_ogbn-papers100M_FedAvg_bs256_seed42_beta10000p0,True,True
256,84,cuda_max_memory_allocated_bytes,401400320,382.80517578125,569538,42400,165,20260914_202556_ogbn-papers100M_FedAvg_bs256_seed42_beta10000p0,True,True
256,85,cuda_max_memory_allocated_bytes,401401344,382.80615234375,569538,42420,165,20260914_202556_ogbn-papers100M_FedAvg_bs256_seed42_beta10000p0,True,True
256,86,cuda_max_memory_allocated_bytes,401399808,382.8046875,569538,42300,165,20260914_202556_ogbn-papers100M_FedAvg_bs256_seed42_beta10000p0,True,True
256,87,cuda_max_memory_allocated_bytes,401389056,382.79443359375,569538,42097,165,20260914_202556_ogbn-papers100M_FedAvg_bs256_seed42_beta10000p0,True,True
256,88,cuda_max_memory_allocated_bytes,401582592,382.97900390625,569538,43090,165,20260914_202556_ogbn-papers100M_FedAvg_bs256_seed42_beta10000p0,True,True
256,89,cuda_max_memory_allocated_bytes,401392640,382.7978515625,569538,42182,165,20260914_202556_ogbn-papers100M_FedAvg_bs256_seed42_beta10000p0,True,True
256,90,cuda_max_memory_allocated_bytes,401418752,382.82275390625,569538,42803,165,20260914_202556_ogbn-papers100M_FedAvg_bs256_seed42_beta10000p0,True,True
256,91,cuda_max_memory_allocated_bytes,401579008,382.9755859375,569538,42567,165,20260914_202556_ogbn-papers100M_FedAvg_bs256_seed42_beta10000p0,True,True
256,92,cuda_max_memory_allocated_bytes,401555456,382.953125,569538,42263,165,20260914_202556_ogbn-papers100M_FedAvg_bs256_seed42_beta10000p0,True,True
256,93,cuda_max_memory_allocated_bytes,401382400,382.7880859375,569538,41896,165,20260914_202556_ogbn-papers100M_FedAvg_bs256_seed42_beta10000p0,True,True
256,94,cuda_max_memory_allocated_bytes,401547776,382.94580078125,569538,42067,165,20260914_202556_ogbn-papers100M_FedAvg_bs256_seed42_beta10000p0,True,True
256,95,cuda_max_memory_allocated_bytes,401380864,382.78662109375,569538,41918,165,20260914_202556_ogbn-papers100M_FedAvg_bs256_seed42_beta10000p0,True,True
256,96,cuda_max_memory_allocated_bytes,401556992,382.95458984375,569538,42003,165,20260914_202556_ogbn-papers100M_FedAvg_bs256_seed42_beta10000p0,True,True
256,97,cuda_max_memory_allocated_bytes,401577472,382.97412109375,569538,42810,165,20260914_202556_ogbn-papers100M_FedAvg_bs256_seed42_beta10000p0,True,True
256,98,cuda_max_memory_allocated_bytes,401408000,382.8125,569538,42584,165,20260914_202556_ogbn-papers100M_FedAvg_bs256_seed42_beta10000p0,True,True
256,99,cuda_max_memory_allocated_bytes,401396736,382.8017578125,569538,42216,165,20260914_202556_ogbn-papers100M_FedAvg_bs256_seed42_beta10000p0,True,True
256,100,cuda_max_memory_allocated_bytes,401391616,382.796875,569538,42148,165,20260914_202556_ogbn-papers100M_FedAvg_bs256_seed42_beta10000p0,True,True
256,101,cuda_max_memory_allocated_bytes,401513472,382.9130859375,569538,41381,165,20260914_202556_ogbn-papers100M_FedAvg_bs256_seed42_beta10000p0,True,True
256,102,cuda_max_memory_allocated_bytes,401567232,382.96435546875,569538,42621,165,20260914_202556_ogbn-papers100M_FedAvg_bs256_seed42_beta10000p0,True,True
256,103,cuda_max_memory_allocated_bytes,401557504,382.955078125,569538,42422,165,20260914_202556_ogbn-papers100M_FedAvg_bs256_seed42_beta10000p0,True,True
256,104,cuda_max_memory_allocated_bytes,401405952,382.810546875,569538,42519,165,20260914_202556_ogbn-papers100M_FedAvg_bs256_seed42_beta10000p0,True,True
256,105,cuda_max_memory_allocated_bytes,401562624,382.9599609375,569538,42552,165,20260914_202556_ogbn-papers100M_FedAvg_bs256_seed42_beta10000p0,True,True
256,106,cuda_max_memory_allocated_bytes,401413120,382.8173828125,569538,42631,165,20260914_202556_ogbn-papers100M_FedAvg_bs256_seed42_beta10000p0,True,True
256,107,cuda_max_memory_allocated_bytes,401409024,382.8134765625,569538,42612,165,20260914_202556_ogbn-papers100M_FedAvg_bs256_seed42_beta10000p0,True,True
256,108,cuda_max_memory_allocated_bytes,401565696,382.962890625,569538,42490,165,20260914_202556_ogbn-papers100M_FedAvg_bs256_seed42_beta10000p0,True,True
256,109,cuda_max_memory_allocated_bytes,401396736,382.8017578125,569538,42260,165,20260914_202556_ogbn-papers100M_FedAvg_bs256_seed42_beta10000p0,True,True
256,110,cuda_max_memory_allocated_bytes,401427456,382.8310546875,569538,42979,165,20260914_202556_ogbn-papers100M_FedAvg_bs256_seed42_beta10000p0,True,True
256,111,cuda_max_memory_allocated_bytes,401388544,382.7939453125,569538,41990,165,20260914_202556_ogbn-papers100M_FedAvg_bs256_seed42_beta10000p0,True,True
256,112,cuda_max_memory_allocated_bytes,401384960,382.79052734375,569538,41881,165,20260914_202556_ogbn-papers100M_FedAvg_bs256_seed42_beta10000p0,True,True
256,113,cuda_max_memory_allocated_bytes,401561088,382.95849609375,569538,42543,165,20260914_202556_ogbn-papers100M_FedAvg_bs256_seed42_beta10000p0,True,True
256,114,cuda_max_memory_allocated_bytes,401571840,382.96875,569538,42145,165,20260914_202556_ogbn-papers100M_FedAvg_bs256_seed42_beta10000p0,True,True
256,115,cuda_max_memory_allocated_bytes,401412608,382.81689453125,569538,42653,165,20260914_202556_ogbn-papers100M_FedAvg_bs256_seed42_beta10000p0,True,True
256,116,cuda_max_memory_allocated_bytes,401391104,382.79638671875,569538,42140,165,20260914_202556_ogbn-papers100M_FedAvg_bs256_seed42_beta10000p0,True,True
256,117,cuda_max_memory_allocated_bytes,401393152,382.79833984375,569538,42206,165,20260914_202556_ogbn-papers100M_FedAvg_bs256_seed42_beta10000p0,True,True
256,118,cuda_max_memory_allocated_bytes,401532928,382.931640625,569538,41664,165,20260914_202556_ogbn-papers100M_FedAvg_bs256_seed42_beta10000p0,True,True
256,119,cuda_max_memory_allocated_bytes,401411584,382.81591796875,569538,42642,165,20260914_202556_ogbn-papers100M_FedAvg_bs256_seed42_beta10000p0,True,True
256,120,cuda_max_memory_allocated_bytes,401428480,382.83203125,569538,43040,165,20260914_202556_ogbn-papers100M_FedAvg_bs256_seed42_beta10000p0,True,True
256,121,cuda_max_memory_allocated_bytes,401363456,382.77001953125,569538,41451,165,20260914_202556_ogbn-papers100M_FedAvg_bs256_seed42_beta10000p0,True,True
256,122,cuda_max_memory_allocated_bytes,401396224,382.80126953125,569538,42278,165,20260914_202556_ogbn-papers100M_FedAvg_bs256_seed42_beta10000p0,True,True
256,123,cuda_max_memory_allocated_bytes,401547776,382.94580078125,569538,42105,165,20260914_202556_ogbn-papers100M_FedAvg_bs256_seed42_beta10000p0,True,True
256,124,cuda_max_memory_allocated_bytes,401606144,383.00146484375,569538,43578,165,20260914_202556_ogbn-papers100M_FedAvg_bs256_seed42_beta10000p0,True,True
256,125,cuda_max_memory_allocated_bytes,401418752,382.82275390625,569538,42832,165,20260914_202556_ogbn-papers100M_FedAvg_bs256_seed42_beta10000p0,True,True
256,126,cuda_max_memory_allocated_bytes,401408000,382.8125,569538,42506,165,20260914_202556_ogbn-papers100M_FedAvg_bs256_seed42_beta10000p0,True,True
256,127,cuda_max_memory_allocated_bytes,401556480,382.9541015625,569538,42021,165,20260914_202556_ogbn-papers100M_FedAvg_bs256_seed42_beta10000p0,True,True
256,128,cuda_max_memory_allocated_bytes,401425408,382.8291015625,569538,42892,165,20260914_202556_ogbn-papers100M_FedAvg_bs256_seed42_beta10000p0,True,True
256,129,cuda_max_memory_allocated_bytes,401388032,382.79345703125,569538,42089,165,20260914_202556_ogbn-papers100M_FedAvg_bs256_seed42_beta10000p0,True,True
256,130,cuda_max_memory_allocated_bytes,401427968,382.83154296875,569538,42978,165,20260914_202556_ogbn-papers100M_FedAvg_bs256_seed42_beta10000p0,True,True
256,131,cuda_max_memory_allocated_bytes,401564160,382.96142578125,569538,42644,165,20260914_202556_ogbn-papers100M_FedAvg_bs256_seed42_beta10000p0,True,True
256,132,cuda_max_memory_allocated_bytes,401395712,382.80078125,569538,42241,165,20260914_202556_ogbn-papers100M_FedAvg_bs256_seed42_beta10000p0,True,True
256,133,cuda_max_memory_allocated_bytes,401415680,382.81982421875,569538,42714,165,20260914_202556_ogbn-papers100M_FedAvg_bs256_seed42_beta10000p0,True,True
256,134,cuda_max_memory_allocated_bytes,401476608,382.8779296875,569538,44260,165,20260914_202556_ogbn-papers100M_FedAvg_bs256_seed42_beta10000p0,True,True
256,135,cuda_max_memory_allocated_bytes,401584128,382.98046875,569538,42984,165,20260914_202556_ogbn-papers100M_FedAvg_bs256_seed42_beta10000p0,True,True
256,136,cuda_max_memory_allocated_bytes,401451520,382.85400390625,569538,43648,165,20260914_202556_ogbn-papers100M_FedAvg_bs256_seed42_beta10000p0,True,True
256,137,cuda_max_memory_allocated_bytes,401445888,382.8486328125,569538,43556,165,20260914_202556_ogbn-papers100M_FedAvg_bs256_seed42_beta10000p0,True,True
256,138,cuda_max_memory_allocated_bytes,401425408,382.8291015625,569538,42964,165,20260914_202556_ogbn-papers100M_FedAvg_bs256_seed42_beta10000p0,True,True
256,139,cuda_max_memory_allocated_bytes,401409536,382.81396484375,569538,42537,165,20260914_202556_ogbn-papers100M_FedAvg_bs256_seed42_beta10000p0,True,True
256,140,cuda_max_memory_allocated_bytes,401423872,382.82763671875,569538,42870,165,20260914_202556_ogbn-papers100M_FedAvg_bs256_seed42_beta10000p0,True,True
256,141,cuda_max_memory_allocated_bytes,401404928,382.8095703125,569538,42495,165,20260914_202556_ogbn-papers100M_FedAvg_bs256_seed42_beta10000p0,True,True
256,142,cuda_max_memory_allocated_bytes,401399296,382.80419921875,569538,42349,165,20260914_202556_ogbn-papers100M_FedAvg_bs256_seed42_beta10000p0,True,True
256,143,cuda_max_memory_allocated_bytes,401371136,382.77734375,569538,41728,165,20260914_202556_ogbn-papers100M_FedAvg_bs256_seed42_beta10000p0,True,True
256,144,cuda_max_memory_allocated_bytes,401421824,382.82568359375,569538,42912,165,20260914_202556_ogbn-papers100M_FedAvg_bs256_seed42_beta10000p0,True,True
256,145,cuda_max_memory_allocated_bytes,401584128,382.98046875,569538,43085,165,20260914_202556_ogbn-papers100M_FedAvg_bs256_seed42_beta10000p0,True,True
256,146,cuda_max_memory_allocated_bytes,401587712,382.98388671875,569538,43108,165,20260914_202556_ogbn-papers100M_FedAvg_bs256_seed42_beta10000p0,True,True
256,147,cuda_max_memory_allocated_bytes,401437696,382.8408203125,569538,43269,165,20260914_202556_ogbn-papers100M_FedAvg_bs256_seed42_beta10000p0,True,True
256,148,cuda_max_memory_allocated_bytes,401411584,382.81591796875,569538,42626,165,20260914_202556_ogbn-papers100M_FedAvg_bs256_seed42_beta10000p0,True,True
256,149,cuda_max_memory_allocated_bytes,401400832,382.8056640625,569538,42342,165,20260914_202556_ogbn-papers100M_FedAvg_bs256_seed42_beta10000p0,True,True
256,150,cuda_max_memory_allocated_bytes,401377280,382.783203125,569538,41834,165,20260914_202556_ogbn-papers100M_FedAvg_bs256_seed42_beta10000p0,True,True
256,151,cuda_max_memory_allocated_bytes,401566720,382.9638671875,569538,42539,165,20260914_202556_ogbn-papers100M_FedAvg_bs256_seed42_beta10000p0,True,True
256,152,cuda_max_memory_allocated_bytes,401378304,382.7841796875,569538,41816,165,20260914_202556_ogbn-papers100M_FedAvg_bs256_seed42_beta10000p0,True,True
256,153,cuda_max_memory_allocated_bytes,401561088,382.95849609375,569538,42146,165,20260914_202556_ogbn-papers100M_FedAvg_bs256_seed42_beta10000p0,True,True
256,154,cuda_max_memory_allocated_bytes,401549312,382.947265625,569538,42176,165,20260914_202556_ogbn-papers100M_FedAvg_bs256_seed42_beta10000p0,True,True
256,155,cuda_max_memory_allocated_bytes,401410048,382.814453125,569538,42579,165,20260914_202556_ogbn-papers100M_FedAvg_bs256_seed42_beta10000p0,True,True
256,156,cuda_max_memory_allocated_bytes,401571840,382.96875,569538,42692,165,20260914_202556_ogbn-papers100M_FedAvg_bs256_seed42_beta10000p0,True,True
256,157,cuda_max_memory_allocated_bytes,401406976,382.8115234375,569538,42495,165,20260914_202556_ogbn-papers100M_FedAvg_bs256_seed42_beta10000p0,True,True
256,158,cuda_max_memory_allocated_bytes,401569792,382.966796875,569538,42523,165,20260914_202556_ogbn-papers100M_FedAvg_bs256_seed42_beta10000p0,True,True
256,159,cuda_max_memory_allocated_bytes,401403392,382.80810546875,569538,42420,165,20260914_202556_ogbn-papers100M_FedAvg_bs256_seed42_beta10000p0,True,True
256,160,cuda_max_memory_allocated_bytes,401435136,382.83837890625,569538,43253,165,20260914_202556_ogbn-papers100M_FedAvg_bs256_seed42_beta10000p0,True,True
256,161,cuda_max_memory_allocated_bytes,401393152,382.79833984375,569538,42194,165,20260914_202556_ogbn-papers100M_FedAvg_bs256_seed42_beta10000p0,True,True
256,162,cuda_max_memory_allocated_bytes,401553920,382.95166015625,569538,42360,165,20260914_202556_ogbn-papers100M_FedAvg_bs256_seed42_beta10000p0,True,True
256,163,cuda_max_memory_allocated_bytes,401562112,382.95947265625,569538,42567,165,20260914_202556_ogbn-papers100M_FedAvg_bs256_seed42_beta10000p0,True,True
256,164,cuda_max_memory_allocated_bytes,401385984,382.79150390625,569538,41939,165,20260914_202556_ogbn-papers100M_FedAvg_bs256_seed42_beta10000p0,True,True
256,165,cuda_max_memory_allocated_bytes,401429504,382.8330078125,569538,43107,165,20260914_202556_ogbn-papers100M_FedAvg_bs256_seed42_beta10000p0,True,True
256,166,cuda_max_memory_allocated_bytes,401548288,382.9462890625,569538,42220,165,20260914_202556_ogbn-papers100M_FedAvg_bs256_seed42_beta10000p0,True,True
256,167,cuda_max_memory_allocated_bytes,401382912,382.78857421875,569538,41828,165,20260914_202556_ogbn-papers100M_FedAvg_bs256_seed42_beta10000p0,True,True
256,168,cuda_max_memory_allocated_bytes,401408512,382.81298828125,569538,42494,165,20260914_202556_ogbn-papers100M_FedAvg_bs256_seed42_beta10000p0,True,True
256,169,cuda_max_memory_allocated_bytes,401402880,382.8076171875,569538,42483,165,20260914_202556_ogbn-papers100M_FedAvg_bs256_seed42_beta10000p0,True,True
256,170,cuda_max_memory_allocated_bytes,401403392,382.80810546875,569538,42465,165,20260914_202556_ogbn-papers100M_FedAvg_bs256_seed42_beta10000p0,True,True
256,171,cuda_max_memory_allocated_bytes,401402368,382.80712890625,569538,42399,165,20260914_202556_ogbn-papers100M_FedAvg_bs256_seed42_beta10000p0,True,True
256,172,cuda_max_memory_allocated_bytes,401558528,382.9560546875,569538,42341,165,20260914_202556_ogbn-papers100M_FedAvg_bs256_seed42_beta10000p0,True,True
256,173,cuda_max_memory_allocated_bytes,401570304,382.96728515625,569538,42635,165,20260914_202556_ogbn-papers100M_FedAvg_bs256_seed42_beta10000p0,True,True
256,174,cuda_max_memory_allocated_bytes,401579520,382.97607421875,569538,42816,165,20260914_202556_ogbn-papers100M_FedAvg_bs256_seed42_beta10000p0,True,True
256,175,cuda_max_memory_allocated_bytes,401551872,382.94970703125,569538,42144,165,20260914_202556_ogbn-papers100M_FedAvg_bs256_seed42_beta10000p0,True,True
256,176,cuda_max_memory_allocated_bytes,401383424,382.7890625,569538,42031,165,20260914_202556_ogbn-papers100M_FedAvg_bs256_seed42_beta10000p0,True,True
256,177,cuda_max_memory_allocated_bytes,401421312,382.8251953125,569538,42925,165,20260914_202556_ogbn-papers100M_FedAvg_bs256_seed42_beta10000p0,True,True
256,178,cuda_max_memory_allocated_bytes,401409024,382.8134765625,569538,42505,165,20260914_202556_ogbn-papers100M_FedAvg_bs256_seed42_beta10000p0,True,True
256,179,cuda_max_memory_allocated_bytes,401569280,382.96630859375,569538,42742,165,20260914_202556_ogbn-papers100M_FedAvg_bs256_seed42_beta10000p0,True,True
256,180,cuda_max_memory_allocated_bytes,401419776,382.82373046875,569538,42844,165,20260914_202556_ogbn-papers100M_FedAvg_bs256_seed42_beta10000p0,True,True
256,181,cuda_max_memory_allocated_bytes,401401856,382.806640625,569538,42424,165,20260914_202556_ogbn-papers100M_FedAvg_bs256_seed42_beta10000p0,True,True
256,182,cuda_max_memory_allocated_bytes,401394688,382.7998046875,569538,42304,165,20260914_202556_ogbn-papers100M_FedAvg_bs256_seed42_beta10000p0,True,True
256,183,cuda_max_memory_allocated_bytes,401519104,382.91845703125,569538,41650,165,20260914_202556_ogbn-papers100M_FedAvg_bs256_seed42_beta10000p0,True,True
256,184,cuda_max_memory_allocated_bytes,401424896,382.82861328125,569538,42971,165,20260914_202556_ogbn-papers100M_FedAvg_bs256_seed42_beta10000p0,True,True
256,185,cuda_max_memory_allocated_bytes,401544192,382.9423828125,569538,41887,165,20260914_202556_ogbn-papers100M_FedAvg_bs256_seed42_beta10000p0,True,True
256,186,cuda_max_memory_allocated_bytes,401551360,382.94921875,569538,42308,165,20260914_202556_ogbn-papers100M_FedAvg_bs256_seed42_beta10000p0,True,True
256,187,cuda_max_memory_allocated_bytes,401559552,382.95703125,569538,42395,165,20260914_202556_ogbn-papers100M_FedAvg_bs256_seed42_beta10000p0,True,True
256,188,cuda_max_memory_allocated_bytes,401566208,382.96337890625,569538,42504,165,20260914_202556_ogbn-papers100M_FedAvg_bs256_seed42_beta10000p0,True,True
256,189,cuda_max_memory_allocated_bytes,401534464,382.93310546875,569538,41857,165,20260914_202556_ogbn-papers100M_FedAvg_bs256_seed42_beta10000p0,True,True
256,190,cuda_max_memory_allocated_bytes,401406976,382.8115234375,569538,42537,165,20260914_202556_ogbn-papers100M_FedAvg_bs256_seed42_beta10000p0,True,True
256,191,cuda_max_memory_allocated_bytes,401398272,382.80322265625,569538,42364,165,20260914_202556_ogbn-papers100M_FedAvg_bs256_seed42_beta10000p0,True,True
256,192,cuda_max_memory_allocated_bytes,401545216,382.943359375,569538,42279,165,20260914_202556_ogbn-papers100M_FedAvg_bs256_seed42_beta10000p0,True,True
256,193,cuda_max_memory_allocated_bytes,401561600,382.958984375,569538,42402,165,20260914_202556_ogbn-papers100M_FedAvg_bs256_seed42_beta10000p0,True,True
256,194,cuda_max_memory_allocated_bytes,401406976,382.8115234375,569538,42488,165,20260914_202556_ogbn-papers100M_FedAvg_bs256_seed42_beta10000p0,True,True
512,0,cuda_max_memory_allocated_bytes,401393664,382.798828125,569539,42085,165,20260914_203749_ogbn-papers100M_FedAvg_bs512_seed42_beta10000p0,True,True
512,1,cuda_max_memory_allocated_bytes,401392640,382.7978515625,569539,42192,165,20260914_203749_ogbn-papers100M_FedAvg_bs512_seed42_beta10000p0,True,True
512,2,cuda_max_memory_allocated_bytes,401742336,383.13134765625,569539,42649,165,20260914_203749_ogbn-papers100M_FedAvg_bs512_seed42_beta10000p0,True,True
512,3,cuda_max_memory_allocated_bytes,401412608,382.81689453125,569539,42566,165,20260914_203749_ogbn-papers100M_FedAvg_bs512_seed42_beta10000p0,True,True
512,4,cuda_max_memory_allocated_bytes,401708032,383.0986328125,569539,42106,165,20260914_203749_ogbn-papers100M_FedAvg_bs512_seed42_beta10000p0,True,True
512,5,cuda_max_memory_allocated_bytes,401705984,383.0966796875,569539,42478,165,20260914_203749_ogbn-papers100M_FedAvg_bs512_seed42_beta10000p0,True,True
512,6,cuda_max_memory_allocated_bytes,401687552,383.0791015625,569539,41630,165,20260914_203749_ogbn-papers100M_FedAvg_bs512_seed42_beta10000p0,True,True
512,7,cuda_max_memory_allocated_bytes,401721856,383.11181640625,569539,42632,165,20260914_203749_ogbn-papers100M_FedAvg_bs512_seed42_beta10000p0,True,True
512,8,cuda_max_memory_allocated_bytes,401702400,383.09326171875,569539,41951,165,20260914_203749_ogbn-papers100M_FedAvg_bs512_seed42_beta10000p0,True,True
512,9,cuda_max_memory_allocated_bytes,401432576,382.8359375,569539,43121,165,20260914_203749_ogbn-papers100M_FedAvg_bs512_seed42_beta10000p0,True,True
512,10,cuda_max_memory_allocated_bytes,401402880,382.8076171875,569539,42455,165,20260914_203749_ogbn-papers100M_FedAvg_bs512_seed42_beta10000p0,True,True
512,11,cuda_max_memory_allocated_bytes,401718272,383.1083984375,569539,42613,165,20260914_203749_ogbn-papers100M_FedAvg_bs512_seed42_beta10000p0,True,True
512,12,cuda_max_memory_allocated_bytes,401746432,383.13525390625,569539,42902,165,20260914_203749_ogbn-papers100M_FedAvg_bs512_seed42_beta10000p0,True,True
512,13,cuda_max_memory_allocated_bytes,401400320,382.80517578125,569539,42317,165,20260914_203749_ogbn-papers100M_FedAvg_bs512_seed42_beta10000p0,True,True
512,14,cuda_max_memory_allocated_bytes,401709568,383.10009765625,569539,42296,165,20260914_203749_ogbn-papers100M_FedAvg_bs512_seed42_beta10000p0,True,True
512,15,cuda_max_memory_allocated_bytes,401702400,383.09326171875,569539,42146,165,20260914_203749_ogbn-papers100M_FedAvg_bs512_seed42_beta10000p0,True,True
512,16,cuda_max_memory_allocated_bytes,401384960,382.79052734375,569539,41922,165,20260914_203749_ogbn-papers100M_FedAvg_bs512_seed42_beta10000p0,True,True
512,17,cuda_max_memory_allocated_bytes,401400320,382.80517578125,569539,42390,165,20260914_203749_ogbn-papers100M_FedAvg_bs512_seed42_beta10000p0,True,True
512,18,cuda_max_memory_allocated_bytes,401686016,383.07763671875,569539,41847,165,20260914_203749_ogbn-papers100M_FedAvg_bs512_seed42_beta10000p0,True,True
512,19,cuda_max_memory_allocated_bytes,401730560,383.1201171875,569539,42582,165,20260914_203749_ogbn-papers100M_FedAvg_bs512_seed42_beta10000p0,True,True
512,20,cuda_max_memory_allocated_bytes,401422336,382.826171875,569539,42966,165,20260914_203749_ogbn-papers100M_FedAvg_bs512_seed42_beta10000p0,True,True
512,21,cuda_max_memory_allocated_bytes,401717760,383.10791015625,569539,42584,165,20260914_203749_ogbn-papers100M_FedAvg_bs512_seed42_beta10000p0,True,True
512,22,cuda_max_memory_allocated_bytes,401385472,382.791015625,569539,42003,165,20260914_203749_ogbn-papers100M_FedAvg_bs512_seed42_beta10000p0,True,True
512,23,cuda_max_memory_allocated_bytes,401406464,382.81103515625,569539,42415,165,20260914_203749_ogbn-papers100M_FedAvg_bs512_seed42_beta10000p0,True,True
512,24,cuda_max_memory_allocated_bytes,401374720,382.78076171875,569539,41850,165,20260914_203749_ogbn-papers100M_FedAvg_bs512_seed42_beta10000p0,True,True
512,25,cuda_max_memory_allocated_bytes,401390592,382.7958984375,569539,42152,165,20260914_203749_ogbn-papers100M_FedAvg_bs512_seed42_beta10000p0,True,True
512,26,cuda_max_memory_allocated_bytes,401399808,382.8046875,569539,42344,165,20260914_203749_ogbn-papers100M_FedAvg_bs512_seed42_beta10000p0,True,True
512,27,cuda_max_memory_allocated_bytes,401715712,383.10595703125,569539,42322,165,20260914_203749_ogbn-papers100M_FedAvg_bs512_seed42_beta10000p0,True,True
512,28,cuda_max_memory_allocated_bytes,401741824,383.130859375,569539,43060,165,20260914_203749_ogbn-papers100M_FedAvg_bs512_seed42_beta10000p0,True,True
512,29,cuda_max_memory_allocated_bytes,401750528,383.13916015625,569539,43189,165,20260914_203749_ogbn-papers100M_FedAvg_bs512_seed42_beta10000p0,True,True
512,30,cuda_max_memory_allocated_bytes,401410048,382.814453125,569539,42646,165,20260914_203749_ogbn-papers100M_FedAvg_bs512_seed42_beta10000p0,True,True
512,31,cuda_max_memory_allocated_bytes,401761792,383.14990234375,569539,42757,165,20260914_203749_ogbn-papers100M_FedAvg_bs512_seed42_beta10000p0,True,True
512,32,cuda_max_memory_allocated_bytes,401711104,383.1015625,569539,42148,165,20260914_203749_ogbn-papers100M_FedAvg_bs512_seed42_beta10000p0,True,True
512,33,cuda_max_memory_allocated_bytes,401744384,383.13330078125,569539,43164,165,20260914_203749_ogbn-papers100M_FedAvg_bs512_seed42_beta10000p0,True,True
512,34,cuda_max_memory_allocated_bytes,401704960,383.095703125,569539,42454,165,20260914_203749_ogbn-papers100M_FedAvg_bs512_seed42_beta10000p0,True,True
512,35,cuda_max_memory_allocated_bytes,401738240,383.12744140625,569539,43289,165,20260914_203749_ogbn-papers100M_FedAvg_bs512_seed42_beta10000p0,True,True
512,36,cuda_max_memory_allocated_bytes,401418752,382.82275390625,569539,42743,165,20260914_203749_ogbn-papers100M_FedAvg_bs512_seed42_beta10000p0,True,True
512,37,cuda_max_memory_allocated_bytes,401408000,382.8125,569539,42489,165,20260914_203749_ogbn-papers100M_FedAvg_bs512_seed42_beta10000p0,True,True
512,38,cuda_max_memory_allocated_bytes,401443840,382.8466796875,569539,43384,165,20260914_203749_ogbn-papers100M_FedAvg_bs512_seed42_beta10000p0,True,True
512,39,cuda_max_memory_allocated_bytes,401755648,383.14404296875,569539,43634,165,20260914_203749_ogbn-papers100M_FedAvg_bs512_seed42_beta10000p0,True,True
512,40,cuda_max_memory_allocated_bytes,401406464,382.81103515625,569539,42548,165,20260914_203749_ogbn-papers100M_FedAvg_bs512_seed42_beta10000p0,True,True
512,41,cuda_max_memory_allocated_bytes,401392128,382.79736328125,569539,42113,165,20260914_203749_ogbn-papers100M_FedAvg_bs512_seed42_beta10000p0,True,True
512,42,cuda_max_memory_allocated_bytes,401712128,383.1025390625,569539,42360,165,20260914_203749_ogbn-papers100M_FedAvg_bs512_seed42_beta10000p0,True,True
512,43,cuda_max_memory_allocated_bytes,401715712,383.10595703125,569539,42194,165,20260914_203749_ogbn-papers100M_FedAvg_bs512_seed42_beta10000p0,True,True
512,44,cuda_max_memory_allocated_bytes,401717248,383.107421875,569539,42371,165,20260914_203749_ogbn-papers100M_FedAvg_bs512_seed42_beta10000p0,True,True
512,45,cuda_max_memory_allocated_bytes,401410560,382.81494140625,569539,42610,165,20260914_203749_ogbn-papers100M_FedAvg_bs512_seed42_beta10000p0,True,True
512,46,cuda_max_memory_allocated_bytes,401401856,382.806640625,569538,42482,165,20260914_203749_ogbn-papers100M_FedAvg_bs512_seed42_beta10000p0,True,True
512,47,cuda_max_memory_allocated_bytes,401722368,383.1123046875,569538,42568,165,20260914_203749_ogbn-papers100M_FedAvg_bs512_seed42_beta10000p0,True,True
512,48,cuda_max_memory_allocated_bytes,401421824,382.82568359375,569538,42836,165,20260914_203749_ogbn-papers100M_FedAvg_bs512_seed42_beta10000p0,True,True
512,49,cuda_max_memory_allocated_bytes,401717760,383.10791015625,569538,42558,165,20260914_203749_ogbn-papers100M_FedAvg_bs512_seed42_beta10000p0,True,True
512,50,cuda_max_memory_allocated_bytes,401413632,382.81787109375,569538,42598,165,20260914_203749_ogbn-papers100M_FedAvg_bs512_seed42_beta10000p0,True,True
512,51,cuda_max_memory_allocated_bytes,401405952,382.810546875,569538,42423,165,20260914_203749_ogbn-papers100M_FedAvg_bs512_seed42_beta10000p0,True,True
512,52,cuda_max_memory_allocated_bytes,401391616,382.796875,569538,42096,165,20260914_203749_ogbn-papers100M_FedAvg_bs512_seed42_beta10000p0,True,True
512,53,cuda_max_memory_allocated_bytes,401728512,383.1181640625,569538,42819,165,20260914_203749_ogbn-papers100M_FedAvg_bs512_seed42_beta10000p0,True,True
512,54,cuda_max_memory_allocated_bytes,401684992,383.07666015625,569538,41987,165,20260914_203749_ogbn-papers100M_FedAvg_bs512_seed42_beta10000p0,True,True
512,55,cuda_max_memory_allocated_bytes,401430016,382.83349609375,569538,42945,165,20260914_203749_ogbn-papers100M_FedAvg_bs512_seed42_beta10000p0,True,True
512,56,cuda_max_memory_allocated_bytes,401426432,382.830078125,569538,42997,165,20260914_203749_ogbn-papers100M_FedAvg_bs512_seed42_beta10000p0,True,True
512,57,cuda_max_memory_allocated_bytes,401720320,383.1103515625,569538,42743,165,20260914_203749_ogbn-papers100M_FedAvg_bs512_seed42_beta10000p0,True,True
512,58,cuda_max_memory_allocated_bytes,401756672,383.14501953125,569538,43148,165,20260914_203749_ogbn-papers100M_FedAvg_bs512_seed42_beta10000p0,True,True
512,59,cuda_max_memory_allocated_bytes,401420800,382.82470703125,569538,42756,165,20260914_203749_ogbn-papers100M_FedAvg_bs512_seed42_beta10000p0,True,True
512,60,cuda_max_memory_allocated_bytes,401374720,382.78076171875,569538,41749,165,20260914_203749_ogbn-papers100M_FedAvg_bs512_seed42_beta10000p0,True,True
512,61,cuda_max_memory_allocated_bytes,401401344,382.80615234375,569538,42354,165,20260914_203749_ogbn-papers100M_FedAvg_bs512_seed42_beta10000p0,True,True
512,62,cuda_max_memory_allocated_bytes,401737216,383.12646484375,569538,43049,165,20260914_203749_ogbn-papers100M_FedAvg_bs512_seed42_beta10000p0,True,True
512,63,cuda_max_memory_allocated_bytes,401719296,383.109375,569538,42524,165,20260914_203749_ogbn-papers100M_FedAvg_bs512_seed42_beta10000p0,True,True
512,64,cuda_max_memory_allocated_bytes,401391104,382.79638671875,569538,42105,165,20260914_203749_ogbn-papers100M_FedAvg_bs512_seed42_beta10000p0,True,True
512,65,cuda_max_memory_allocated_bytes,401413120,382.8173828125,569538,42707,165,20260914_203749_ogbn-papers100M_FedAvg_bs512_seed42_beta10000p0,True,True
512,66,cuda_max_memory_allocated_bytes,401702912,383.09375,569538,42115,165,20260914_203749_ogbn-papers100M_FedAvg_bs512_seed42_beta10000p0,True,True
512,67,cuda_max_memory_allocated_bytes,401426432,382.830078125,569538,42991,165,20260914_203749_ogbn-papers100M_FedAvg_bs512_seed42_beta10000p0,True,True
512,68,cuda_max_memory_allocated_bytes,401705984,383.0966796875,569538,42019,165,20260914_203749_ogbn-papers100M_FedAvg_bs512_seed42_beta10000p0,True,True
512,69,cuda_max_memory_allocated_bytes,401714688,383.10498046875,569538,42344,165,20260914_203749_ogbn-papers100M_FedAvg_bs512_seed42_beta10000p0,True,True
512,70,cuda_max_memory_allocated_bytes,401394688,382.7998046875,569538,42297,165,20260914_203749_ogbn-papers100M_FedAvg_bs512_seed42_beta10000p0,True,True
512,71,cuda_max_memory_allocated_bytes,401418240,382.822265625,569538,42864,165,20260914_203749_ogbn-papers100M_FedAvg_bs512_seed42_beta10000p0,True,True
512,72,cuda_max_memory_allocated_bytes,401714688,383.10498046875,569538,42513,165,20260914_203749_ogbn-papers100M_FedAvg_bs512_seed42_beta10000p0,True,True
512,73,cuda_max_memory_allocated_bytes,401378304,382.7841796875,569538,41910,165,20260914_203749_ogbn-papers100M_FedAvg_bs512_seed42_beta10000p0,True,True
512,74,cuda_max_memory_allocated_bytes,401724416,383.1142578125,569538,42845,165,20260914_203749_ogbn-papers100M_FedAvg_bs512_seed42_beta10000p0,True,True
512,75,cuda_max_memory_allocated_bytes,401718784,383.10888671875,569538,42471,165,20260914_203749_ogbn-papers100M_FedAvg_bs512_seed42_beta10000p0,True,True
512,76,cuda_max_memory_allocated_bytes,401417216,382.8212890625,569538,42738,165,20260914_203749_ogbn-papers100M_FedAvg_bs512_seed42_beta10000p0,True,True
512,77,cuda_max_memory_allocated_bytes,401723392,383.11328125,569538,42424,165,20260914_203749_ogbn-papers100M_FedAvg_bs512_seed42_beta10000p0,True,True
512,78,cuda_max_memory_allocated_bytes,401710592,383.10107421875,569538,42456,165,20260914_203749_ogbn-papers100M_FedAvg_bs512_seed42_beta10000p0,True,True
512,79,cuda_max_memory_allocated_bytes,401419264,382.8232421875,569538,42850,165,20260914_203749_ogbn-papers100M_FedAvg_bs512_seed42_beta10000p0,True,True
512,80,cuda_max_memory_allocated_bytes,401390080,382.79541015625,569538,42105,165,20260914_203749_ogbn-papers100M_FedAvg_bs512_seed42_beta10000p0,True,True
512,81,cuda_max_memory_allocated_bytes,401428992,382.83251953125,569538,43104,165,20260914_203749_ogbn-papers100M_FedAvg_bs512_seed42_beta10000p0,True,True
512,82,cuda_max_memory_allocated_bytes,401398272,382.80322265625,569538,42245,165,20260914_203749_ogbn-papers100M_FedAvg_bs512_seed42_beta10000p0,True,True
512,83,cuda_max_memory_allocated_bytes,401393152,382.79833984375,569538,42180,165,20260914_203749_ogbn-papers100M_FedAvg_bs512_seed42_beta10000p0,True,True
512,84,cuda_max_memory_allocated_bytes,401400320,382.80517578125,569538,42400,165,20260914_203749_ogbn-papers100M_FedAvg_bs512_seed42_beta10000p0,True,True
512,85,cuda_max_memory_allocated_bytes,401401344,382.80615234375,569538,42420,165,20260914_203749_ogbn-papers100M_FedAvg_bs512_seed42_beta10000p0,True,True
512,86,cuda_max_memory_allocated_bytes,401716736,383.10693359375,569538,42300,165,20260914_203749_ogbn-papers100M_FedAvg_bs512_seed42_beta10000p0,True,True
512,87,cuda_max_memory_allocated_bytes,401389056,382.79443359375,569538,42097,165,20260914_203749_ogbn-papers100M_FedAvg_bs512_seed42_beta10000p0,True,True
512,88,cuda_max_memory_allocated_bytes,401732608,383.1220703125,569538,43090,165,20260914_203749_ogbn-papers100M_FedAvg_bs512_seed42_beta10000p0,True,True
512,89,cuda_max_memory_allocated_bytes,401392640,382.7978515625,569538,42182,165,20260914_203749_ogbn-papers100M_FedAvg_bs512_seed42_beta10000p0,True,True
512,90,cuda_max_memory_allocated_bytes,401418752,382.82275390625,569538,42803,165,20260914_203749_ogbn-papers100M_FedAvg_bs512_seed42_beta10000p0,True,True
512,91,cuda_max_memory_allocated_bytes,401726976,383.11669921875,569538,42567,165,20260914_203749_ogbn-papers100M_FedAvg_bs512_seed42_beta10000p0,True,True
512,92,cuda_max_memory_allocated_bytes,401394688,382.7998046875,569538,42263,165,20260914_203749_ogbn-papers100M_FedAvg_bs512_seed42_beta10000p0,True,True
512,93,cuda_max_memory_allocated_bytes,401694720,383.0859375,569538,41896,165,20260914_203749_ogbn-papers100M_FedAvg_bs512_seed42_beta10000p0,True,True
512,94,cuda_max_memory_allocated_bytes,401388032,382.79345703125,569538,42067,165,20260914_203749_ogbn-papers100M_FedAvg_bs512_seed42_beta10000p0,True,True
512,95,cuda_max_memory_allocated_bytes,401717760,383.10791015625,569538,41918,165,20260914_203749_ogbn-papers100M_FedAvg_bs512_seed42_beta10000p0,True,True
512,96,cuda_max_memory_allocated_bytes,401690112,383.08154296875,569538,42003,165,20260914_203749_ogbn-papers100M_FedAvg_bs512_seed42_beta10000p0,True,True
512,97,cuda_max_memory_allocated_bytes,401421312,382.8251953125,569538,42810,165,20260914_203749_ogbn-papers100M_FedAvg_bs512_seed42_beta10000p0,True,True
512,98,cuda_max_memory_allocated_bytes,401408000,382.8125,569538,42584,165,20260914_203749_ogbn-papers100M_FedAvg_bs512_seed42_beta10000p0,True,True
512,99,cuda_max_memory_allocated_bytes,401396736,382.8017578125,569538,42216,165,20260914_203749_ogbn-papers100M_FedAvg_bs512_seed42_beta10000p0,True,True
512,100,cuda_max_memory_allocated_bytes,401391616,382.796875,569538,42148,165,20260914_203749_ogbn-papers100M_FedAvg_bs512_seed42_beta10000p0,True,True
512,101,cuda_max_memory_allocated_bytes,401362432,382.76904296875,569538,41381,165,20260914_203749_ogbn-papers100M_FedAvg_bs512_seed42_beta10000p0,True,True
512,102,cuda_max_memory_allocated_bytes,401722880,383.11279296875,569538,42621,165,20260914_203749_ogbn-papers100M_FedAvg_bs512_seed42_beta10000p0,True,True
512,103,cuda_max_memory_allocated_bytes,401731072,383.12060546875,569538,42422,165,20260914_203749_ogbn-papers100M_FedAvg_bs512_seed42_beta10000p0,True,True
512,104,cuda_max_memory_allocated_bytes,401719808,383.10986328125,569538,42519,165,20260914_203749_ogbn-papers100M_FedAvg_bs512_seed42_beta10000p0,True,True
512,105,cuda_max_memory_allocated_bytes,401723904,383.11376953125,569538,42552,165,20260914_203749_ogbn-papers100M_FedAvg_bs512_seed42_beta10000p0,True,True
512,106,cuda_max_memory_allocated_bytes,401722880,383.11279296875,569538,42631,165,20260914_203749_ogbn-papers100M_FedAvg_bs512_seed42_beta10000p0,True,True
512,107,cuda_max_memory_allocated_bytes,401723904,383.11376953125,569538,42612,165,20260914_203749_ogbn-papers100M_FedAvg_bs512_seed42_beta10000p0,True,True
512,108,cuda_max_memory_allocated_bytes,401720320,383.1103515625,569538,42490,165,20260914_203749_ogbn-papers100M_FedAvg_bs512_seed42_beta10000p0,True,True
512,109,cuda_max_memory_allocated_bytes,401396736,382.8017578125,569538,42260,165,20260914_203749_ogbn-papers100M_FedAvg_bs512_seed42_beta10000p0,True,True
512,110,cuda_max_memory_allocated_bytes,401427456,382.8310546875,569538,42979,165,20260914_203749_ogbn-papers100M_FedAvg_bs512_seed42_beta10000p0,True,True
512,111,cuda_max_memory_allocated_bytes,401388544,382.7939453125,569538,41990,165,20260914_203749_ogbn-papers100M_FedAvg_bs512_seed42_beta10000p0,True,True
512,112,cuda_max_memory_allocated_bytes,401698304,383.08935546875,569538,41881,165,20260914_203749_ogbn-papers100M_FedAvg_bs512_seed42_beta10000p0,True,True
512,113,cuda_max_memory_allocated_bytes,401720320,383.1103515625,569538,42543,165,20260914_203749_ogbn-papers100M_FedAvg_bs512_seed42_beta10000p0,True,True
512,114,cuda_max_memory_allocated_bytes,401391104,382.79638671875,569538,42145,165,20260914_203749_ogbn-papers100M_FedAvg_bs512_seed42_beta10000p0,True,True
512,115,cuda_max_memory_allocated_bytes,401412608,382.81689453125,569538,42653,165,20260914_203749_ogbn-papers100M_FedAvg_bs512_seed42_beta10000p0,True,True
512,116,cuda_max_memory_allocated_bytes,401391104,382.79638671875,569538,42140,165,20260914_203749_ogbn-papers100M_FedAvg_bs512_seed42_beta10000p0,True,True
512,117,cuda_max_memory_allocated_bytes,401700352,383.09130859375,569538,42206,165,20260914_203749_ogbn-papers100M_FedAvg_bs512_seed42_beta10000p0,True,True
512,118,cuda_max_memory_allocated_bytes,401688064,383.07958984375,569538,41664,165,20260914_203749_ogbn-papers100M_FedAvg_bs512_seed42_beta10000p0,True,True
512,119,cuda_max_memory_allocated_bytes,401411584,382.81591796875,569538,42642,165,20260914_203749_ogbn-papers100M_FedAvg_bs512_seed42_beta10000p0,True,True
512,120,cuda_max_memory_allocated_bytes,401428480,382.83203125,569538,43040,165,20260914_203749_ogbn-papers100M_FedAvg_bs512_seed42_beta10000p0,True,True
512,121,cuda_max_memory_allocated_bytes,401670656,383.06298828125,569538,41451,165,20260914_203749_ogbn-papers100M_FedAvg_bs512_seed42_beta10000p0,True,True
512,122,cuda_max_memory_allocated_bytes,401709056,383.099609375,569538,42278,165,20260914_203749_ogbn-papers100M_FedAvg_bs512_seed42_beta10000p0,True,True
512,123,cuda_max_memory_allocated_bytes,401392128,382.79736328125,569538,42105,165,20260914_203749_ogbn-papers100M_FedAvg_bs512_seed42_beta10000p0,True,True
512,124,cuda_max_memory_allocated_bytes,401753600,383.14208984375,569538,43578,165,20260914_203749_ogbn-papers100M_FedAvg_bs512_seed42_beta10000p0,True,True
512,125,cuda_max_memory_allocated_bytes,401418752,382.82275390625,569538,42832,165,20260914_203749_ogbn-papers100M_FedAvg_bs512_seed42_beta10000p0,True,True
512,126,cuda_max_memory_allocated_bytes,401408000,382.8125,569538,42506,165,20260914_203749_ogbn-papers100M_FedAvg_bs512_seed42_beta10000p0,True,True
512,127,cuda_max_memory_allocated_bytes,401383936,382.78955078125,569538,42021,165,20260914_203749_ogbn-papers100M_FedAvg_bs512_seed42_beta10000p0,True,True
512,128,cuda_max_memory_allocated_bytes,401425408,382.8291015625,569538,42892,165,20260914_203749_ogbn-papers100M_FedAvg_bs512_seed42_beta10000p0,True,True
512,129,cuda_max_memory_allocated_bytes,401693696,383.0849609375,569538,42089,165,20260914_203749_ogbn-papers100M_FedAvg_bs512_seed42_beta10000p0,True,True
512,130,cuda_max_memory_allocated_bytes,401427968,382.83154296875,569538,42978,165,20260914_203749_ogbn-papers100M_FedAvg_bs512_seed42_beta10000p0,True,True
512,131,cuda_max_memory_allocated_bytes,401410048,382.814453125,569538,42644,165,20260914_203749_ogbn-papers100M_FedAvg_bs512_seed42_beta10000p0,True,True
512,132,cuda_max_memory_allocated_bytes,401707520,383.09814453125,569538,42241,165,20260914_203749_ogbn-papers100M_FedAvg_bs512_seed42_beta10000p0,True,True
512,133,cuda_max_memory_allocated_bytes,401725440,383.115234375,569538,42714,165,20260914_203749_ogbn-papers100M_FedAvg_bs512_seed42_beta10000p0,True,True
512,134,cuda_max_memory_allocated_bytes,401476608,382.8779296875,569538,44260,165,20260914_203749_ogbn-papers100M_FedAvg_bs512_seed42_beta10000p0,True,True
512,135,cuda_max_memory_allocated_bytes,401733120,383.12255859375,569538,42984,165,20260914_203749_ogbn-papers100M_FedAvg_bs512_seed42_beta10000p0,True,True
512,136,cuda_max_memory_allocated_bytes,401774080,383.16162109375,569538,43648,165,20260914_203749_ogbn-papers100M_FedAvg_bs512_seed42_beta10000p0,True,True
512,137,cuda_max_memory_allocated_bytes,401445888,382.8486328125,569538,43556,165,20260914_203749_ogbn-papers100M_FedAvg_bs512_seed42_beta10000p0,True,True
512,138,cuda_max_memory_allocated_bytes,401734656,383.1240234375,569538,42964,165,20260914_203749_ogbn-papers100M_FedAvg_bs512_seed42_beta10000p0,True,True
512,139,cuda_max_memory_allocated_bytes,401409536,382.81396484375,569538,42537,165,20260914_203749_ogbn-papers100M_FedAvg_bs512_seed42_beta10000p0,True,True
512,140,cuda_max_memory_allocated_bytes,401423872,382.82763671875,569538,42870,165,20260914_203749_ogbn-papers100M_FedAvg_bs512_seed42_beta10000p0,True,True
512,141,cuda_max_memory_allocated_bytes,401404928,382.8095703125,569538,42495,165,20260914_203749_ogbn-papers100M_FedAvg_bs512_seed42_beta10000p0,True,True
512,142,cuda_max_memory_allocated_bytes,401714176,383.1044921875,569538,42349,165,20260914_203749_ogbn-papers100M_FedAvg_bs512_seed42_beta10000p0,True,True
512,143,cuda_max_memory_allocated_bytes,401676800,383.06884765625,569538,41728,165,20260914_203749_ogbn-papers100M_FedAvg_bs512_seed42_beta10000p0,True,True
512,144,cuda_max_memory_allocated_bytes,401730048,383.11962890625,569538,42912,165,20260914_203749_ogbn-papers100M_FedAvg_bs512_seed42_beta10000p0,True,True
512,145,cuda_max_memory_allocated_bytes,401749504,383.13818359375,569538,43085,165,20260914_203749_ogbn-papers100M_FedAvg_bs512_seed42_beta10000p0,True,True
512,146,cuda_max_memory_allocated_bytes,401762304,383.150390625,569538,43108,165,20260914_203749_ogbn-papers100M_FedAvg_bs512_seed42_beta10000p0,True,True
512,147,cuda_max_memory_allocated_bytes,401437696,382.8408203125,569538,43269,165,20260914_203749_ogbn-papers100M_FedAvg_bs512_seed42_beta10000p0,True,True
512,148,cuda_max_memory_allocated_bytes,401723392,383.11328125,569538,42626,165,20260914_203749_ogbn-papers100M_FedAvg_bs512_seed42_beta10000p0,True,True
512,149,cuda_max_memory_allocated_bytes,401710592,383.10107421875,569538,42342,165,20260914_203749_ogbn-papers100M_FedAvg_bs512_seed42_beta10000p0,True,True
512,150,cuda_max_memory_allocated_bytes,401377280,382.783203125,569538,41834,165,20260914_203749_ogbn-papers100M_FedAvg_bs512_seed42_beta10000p0,True,True
512,151,cuda_max_memory_allocated_bytes,401408000,382.8125,569538,42539,165,20260914_203749_ogbn-papers100M_FedAvg_bs512_seed42_beta10000p0,True,True
512,152,cuda_max_memory_allocated_bytes,401685504,383.0771484375,569538,41816,165,20260914_203749_ogbn-papers100M_FedAvg_bs512_seed42_beta10000p0,True,True
512,153,cuda_max_memory_allocated_bytes,401710080,383.1005859375,569538,42146,165,20260914_203749_ogbn-papers100M_FedAvg_bs512_seed42_beta10000p0,True,True
512,154,cuda_max_memory_allocated_bytes,401696768,383.087890625,569538,42176,165,20260914_203749_ogbn-papers100M_FedAvg_bs512_seed42_beta10000p0,True,True
512,155,cuda_max_memory_allocated_bytes,401410048,382.814453125,569538,42579,165,20260914_203749_ogbn-papers100M_FedAvg_bs512_seed42_beta10000p0,True,True
512,156,cuda_max_memory_allocated_bytes,401720832,383.11083984375,569538,42692,165,20260914_203749_ogbn-papers100M_FedAvg_bs512_seed42_beta10000p0,True,True
512,157,cuda_max_memory_allocated_bytes,401406976,382.8115234375,569538,42495,165,20260914_203749_ogbn-papers100M_FedAvg_bs512_seed42_beta10000p0,True,True
512,158,cuda_max_memory_allocated_bytes,401406464,382.81103515625,569538,42523,165,20260914_203749_ogbn-papers100M_FedAvg_bs512_seed42_beta10000p0,True,True
512,159,cuda_max_memory_allocated_bytes,401715200,383.10546875,569538,42420,165,20260914_203749_ogbn-papers100M_FedAvg_bs512_seed42_beta10000p0,True,True
512,160,cuda_max_memory_allocated_bytes,401435136,382.83837890625,569538,43253,165,20260914_203749_ogbn-papers100M_FedAvg_bs512_seed42_beta10000p0,True,True
512,161,cuda_max_memory_allocated_bytes,401704448,383.09521484375,569538,42194,165,20260914_203749_ogbn-papers100M_FedAvg_bs512_seed42_beta10000p0,True,True
512,162,cuda_max_memory_allocated_bytes,401396224,382.80126953125,569538,42360,165,20260914_203749_ogbn-papers100M_FedAvg_bs512_seed42_beta10000p0,True,True
512,163,cuda_max_memory_allocated_bytes,401730560,383.1201171875,569538,42567,165,20260914_203749_ogbn-papers100M_FedAvg_bs512_seed42_beta10000p0,True,True
512,164,cuda_max_memory_allocated_bytes,401696256,383.08740234375,569538,41939,165,20260914_203749_ogbn-papers100M_FedAvg_bs512_seed42_beta10000p0,True,True
512,165,cuda_max_memory_allocated_bytes,401738752,383.1279296875,569538,43107,165,20260914_203749_ogbn-papers100M_FedAvg_bs512_seed42_beta10000p0,True,True
512,166,cuda_max_memory_allocated_bytes,401394176,382.79931640625,569538,42220,165,20260914_203749_ogbn-papers100M_FedAvg_bs512_seed42_beta10000p0,True,True
512,167,cuda_max_memory_allocated_bytes,401382912,382.78857421875,569538,41828,165,20260914_203749_ogbn-papers100M_FedAvg_bs512_seed42_beta10000p0,True,True
512,168,cuda_max_memory_allocated_bytes,401711104,383.1015625,569538,42494,165,20260914_203749_ogbn-papers100M_FedAvg_bs512_seed42_beta10000p0,True,True
512,169,cuda_max_memory_allocated_bytes,401712128,383.1025390625,569538,42483,165,20260914_203749_ogbn-papers100M_FedAvg_bs512_seed42_beta10000p0,True,True
512,170,cuda_max_memory_allocated_bytes,401403392,382.80810546875,569538,42465,165,20260914_203749_ogbn-papers100M_FedAvg_bs512_seed42_beta10000p0,True,True
512,171,cuda_max_memory_allocated_bytes,401721344,383.111328125,569538,42399,165,20260914_203749_ogbn-papers100M_FedAvg_bs512_seed42_beta10000p0,True,True
512,172,cuda_max_memory_allocated_bytes,401722368,383.1123046875,569538,42341,165,20260914_203749_ogbn-papers100M_FedAvg_bs512_seed42_beta10000p0,True,True
512,173,cuda_max_memory_allocated_bytes,401411584,382.81591796875,569538,42635,165,20260914_203749_ogbn-papers100M_FedAvg_bs512_seed42_beta10000p0,True,True
512,174,cuda_max_memory_allocated_bytes,401731584,383.12109375,569538,42816,165,20260914_203749_ogbn-papers100M_FedAvg_bs512_seed42_beta10000p0,True,True
512,175,cuda_max_memory_allocated_bytes,401389056,382.79443359375,569538,42144,165,20260914_203749_ogbn-papers100M_FedAvg_bs512_seed42_beta10000p0,True,True
512,176,cuda_max_memory_allocated_bytes,401383424,382.7890625,569538,42031,165,20260914_203749_ogbn-papers100M_FedAvg_bs512_seed42_beta10000p0,True,True
512,177,cuda_max_memory_allocated_bytes,401421312,382.8251953125,569538,42925,165,20260914_203749_ogbn-papers100M_FedAvg_bs512_seed42_beta10000p0,True,True
512,178,cuda_max_memory_allocated_bytes,401720320,383.1103515625,569538,42505,165,20260914_203749_ogbn-papers100M_FedAvg_bs512_seed42_beta10000p0,True,True
512,179,cuda_max_memory_allocated_bytes,401722880,383.11279296875,569538,42742,165,20260914_203749_ogbn-papers100M_FedAvg_bs512_seed42_beta10000p0,True,True
512,180,cuda_max_memory_allocated_bytes,401419776,382.82373046875,569538,42844,165,20260914_203749_ogbn-papers100M_FedAvg_bs512_seed42_beta10000p0,True,True
512,181,cuda_max_memory_allocated_bytes,401711616,383.10205078125,569538,42424,165,20260914_203749_ogbn-papers100M_FedAvg_bs512_seed42_beta10000p0,True,True
512,182,cuda_max_memory_allocated_bytes,401736192,383.12548828125,569538,42304,165,20260914_203749_ogbn-papers100M_FedAvg_bs512_seed42_beta10000p0,True,True
512,183,cuda_max_memory_allocated_bytes,401677312,383.0693359375,569538,41650,165,20260914_203749_ogbn-papers100M_FedAvg_bs512_seed42_beta10000p0,True,True
512,184,cuda_max_memory_allocated_bytes,401424896,382.82861328125,569538,42971,165,20260914_203749_ogbn-papers100M_FedAvg_bs512_seed42_beta10000p0,True,True
512,185,cuda_max_memory_allocated_bytes,401380864,382.78662109375,569538,41887,165,20260914_203749_ogbn-papers100M_FedAvg_bs512_seed42_beta10000p0,True,True
512,186,cuda_max_memory_allocated_bytes,401399808,382.8046875,569538,42308,165,20260914_203749_ogbn-papers100M_FedAvg_bs512_seed42_beta10000p0,True,True
512,187,cuda_max_memory_allocated_bytes,401401344,382.80615234375,569538,42395,165,20260914_203749_ogbn-papers100M_FedAvg_bs512_seed42_beta10000p0,True,True
512,188,cuda_max_memory_allocated_bytes,401717248,383.107421875,569538,42504,165,20260914_203749_ogbn-papers100M_FedAvg_bs512_seed42_beta10000p0,True,True
512,189,cuda_max_memory_allocated_bytes,401379328,382.78515625,569538,41857,165,20260914_203749_ogbn-papers100M_FedAvg_bs512_seed42_beta10000p0,True,True
512,190,cuda_max_memory_allocated_bytes,401406976,382.8115234375,569538,42537,165,20260914_203749_ogbn-papers100M_FedAvg_bs512_seed42_beta10000p0,True,True
512,191,cuda_max_memory_allocated_bytes,401398272,382.80322265625,569538,42364,165,20260914_203749_ogbn-papers100M_FedAvg_bs512_seed42_beta10000p0,True,True
512,192,cuda_max_memory_allocated_bytes,401395200,382.80029296875,569538,42279,165,20260914_203749_ogbn-papers100M_FedAvg_bs512_seed42_beta10000p0,True,True
512,193,cuda_max_memory_allocated_bytes,401403392,382.80810546875,569538,42402,165,20260914_203749_ogbn-papers100M_FedAvg_bs512_seed42_beta10000p0,True,True
512,194,cuda_max_memory_allocated_bytes,401714176,383.1044921875,569538,42488,165,20260914_203749_ogbn-papers100M_FedAvg_bs512_seed42_beta10000p0,True,True
1024,0,cuda_max_memory_allocated_bytes,380887040,363.2421875,569539,42085,165,20260914_204924_ogbn-papers100M_FedAvg_bs1024_seed42_beta10000p0,True,True
1024,1,cuda_max_memory_allocated_bytes,401392640,382.7978515625,569539,42192,165,20260914_204924_ogbn-papers100M_FedAvg_bs1024_seed42_beta10000p0,True,True
1024,2,cuda_max_memory_allocated_bytes,386034176,368.15087890625,569539,42649,165,20260914_204924_ogbn-papers100M_FedAvg_bs1024_seed42_beta10000p0,True,True
1024,3,cuda_max_memory_allocated_bytes,386032640,368.1494140625,569539,42566,165,20260914_204924_ogbn-papers100M_FedAvg_bs1024_seed42_beta10000p0,True,True
1024,4,cuda_max_memory_allocated_bytes,401391104,382.79638671875,569539,42106,165,20260914_204924_ogbn-papers100M_FedAvg_bs1024_seed42_beta10000p0,True,True
1024,5,cuda_max_memory_allocated_bytes,380897792,363.25244140625,569539,42478,165,20260914_204924_ogbn-papers100M_FedAvg_bs1024_seed42_beta10000p0,True,True
1024,6,cuda_max_memory_allocated_bytes,401375744,382.78173828125,569539,41630,165,20260914_204924_ogbn-papers100M_FedAvg_bs1024_seed42_beta10000p0,True,True
1024,7,cuda_max_memory_allocated_bytes,380905472,363.259765625,569539,42632,165,20260914_204924_ogbn-papers100M_FedAvg_bs1024_seed42_beta10000p0,True,True
1024,8,cuda_max_memory_allocated_bytes,401380864,382.78662109375,569539,41951,165,20260914_204924_ogbn-papers100M_FedAvg_bs1024_seed42_beta10000p0,True,True
1024,9,cuda_max_memory_allocated_bytes,386052608,368.16845703125,569539,43121,165,20260914_204924_ogbn-papers100M_FedAvg_bs1024_seed42_beta10000p0,True,True
1024,10,cuda_max_memory_allocated_bytes,380896256,363.2509765625,569539,42455,165,20260914_204924_ogbn-papers100M_FedAvg_bs1024_seed42_beta10000p0,True,True
1024,11,cuda_max_memory_allocated_bytes,380902912,363.25732421875,569539,42613,165,20260914_204924_ogbn-papers100M_FedAvg_bs1024_seed42_beta10000p0,True,True
1024,12,cuda_max_memory_allocated_bytes,401425408,382.8291015625,569539,42902,165,20260914_204924_ogbn-papers100M_FedAvg_bs1024_seed42_beta10000p0,True,True
1024,13,cuda_max_memory_allocated_bytes,401400320,382.80517578125,569539,42317,165,20260914_204924_ogbn-papers100M_FedAvg_bs1024_seed42_beta10000p0,True,True
1024,14,cuda_max_memory_allocated_bytes,380892160,363.2470703125,569539,42296,165,20260914_204924_ogbn-papers100M_FedAvg_bs1024_seed42_beta10000p0,True,True
1024,15,cuda_max_memory_allocated_bytes,380887040,363.2421875,569539,42146,165,20260914_204924_ogbn-papers100M_FedAvg_bs1024_seed42_beta10000p0,True,True
1024,16,cuda_max_memory_allocated_bytes,380878336,363.23388671875,569539,41922,165,20260914_204924_ogbn-papers100M_FedAvg_bs1024_seed42_beta10000p0,True,True
1024,17,cuda_max_memory_allocated_bytes,401400320,382.80517578125,569539,42390,165,20260914_204924_ogbn-papers100M_FedAvg_bs1024_seed42_beta10000p0,True,True
1024,18,cuda_max_memory_allocated_bytes,401379840,382.78564453125,569539,41847,165,20260914_204924_ogbn-papers100M_FedAvg_bs1024_seed42_beta10000p0,True,True
1024,19,cuda_max_memory_allocated_bytes,386029056,368.14599609375,569539,42582,165,20260914_204924_ogbn-papers100M_FedAvg_bs1024_seed42_beta10000p0,True,True
1024,20,cuda_max_memory_allocated_bytes,380915712,363.26953125,569539,42966,165,20260914_204924_ogbn-papers100M_FedAvg_bs1024_seed42_beta10000p0,True,True
1024,21,cuda_max_memory_allocated_bytes,401412096,382.81640625,569539,42584,165,20260914_204924_ogbn-papers100M_FedAvg_bs1024_seed42_beta10000p0,True,True
1024,22,cuda_max_memory_allocated_bytes,401385472,382.791015625,569539,42003,165,20260914_204924_ogbn-papers100M_FedAvg_bs1024_seed42_beta10000p0,True,True
1024,23,cuda_max_memory_allocated_bytes,401406464,382.81103515625,569539,42415,165,20260914_204924_ogbn-papers100M_FedAvg_bs1024_seed42_beta10000p0,True,True
1024,24,cuda_max_memory_allocated_bytes,401374720,382.78076171875,569539,41850,165,20260914_204924_ogbn-papers100M_FedAvg_bs1024_seed42_beta10000p0,True,True
1024,25,cuda_max_memory_allocated_bytes,380883968,363.2392578125,569539,42152,165,20260914_204924_ogbn-papers100M_FedAvg_bs1024_seed42_beta10000p0,True,True
1024,26,cuda_max_memory_allocated_bytes,401399808,382.8046875,569539,42344,165,20260914_204924_ogbn-papers100M_FedAvg_bs1024_seed42_beta10000p0,True,True
1024,27,cuda_max_memory_allocated_bytes,380892672,363.24755859375,569539,42322,165,20260914_204924_ogbn-papers100M_FedAvg_bs1024_seed42_beta10000p0,True,True
1024,28,cuda_max_memory_allocated_bytes,380925952,363.279296875,569539,43060,165,20260914_204924_ogbn-papers100M_FedAvg_bs1024_seed42_beta10000p0,True,True
1024,29,cuda_max_memory_allocated_bytes,401434624,382.837890625,569539,43189,165,20260914_204924_ogbn-papers100M_FedAvg_bs1024_seed42_beta10000p0,True,True
1024,30,cuda_max_memory_allocated_bytes,380903424,363.2578125,569539,42646,165,20260914_204924_ogbn-papers100M_FedAvg_bs1024_seed42_beta10000p0,True,True
1024,31,cuda_max_memory_allocated_bytes,401413120,382.8173828125,569539,42757,165,20260914_204924_ogbn-papers100M_FedAvg_bs1024_seed42_beta10000p0,True,True
1024,32,cuda_max_memory_allocated_bytes,386013696,368.13134765625,569539,42148,165,20260914_204924_ogbn-papers100M_FedAvg_bs1024_seed42_beta10000p0,True,True
1024,33,cuda_max_memory_allocated_bytes,401433088,382.83642578125,569539,43164,165,20260914_204924_ogbn-papers100M_FedAvg_bs1024_seed42_beta10000p0,True,True
1024,34,cuda_max_memory_allocated_bytes,380898816,363.25341796875,569539,42454,165,20260914_204924_ogbn-papers100M_FedAvg_bs1024_seed42_beta10000p0,True,True
1024,35,cuda_max_memory_allocated_bytes,401435136,382.83837890625,569539,43289,165,20260914_204924_ogbn-papers100M_FedAvg_bs1024_seed42_beta10000p0,True,True
1024,36,cuda_max_memory_allocated_bytes,401418752,382.82275390625,569539,42743,165,20260914_204924_ogbn-papers100M_FedAvg_bs1024_seed42_beta10000p0,True,True
1024,37,cuda_max_memory_allocated_bytes,380901376,363.255859375,569539,42489,165,20260914_204924_ogbn-papers100M_FedAvg_bs1024_seed42_beta10000p0,True,True
1024,38,cuda_max_memory_allocated_bytes,401443840,382.8466796875,569539,43384,165,20260914_204924_ogbn-papers100M_FedAvg_bs1024_seed42_beta10000p0,True,True
1024,39,cuda_max_memory_allocated_bytes,386072064,368.18701171875,569539,43634,165,20260914_204924_ogbn-papers100M_FedAvg_bs1024_seed42_beta10000p0,True,True
1024,40,cuda_max_memory_allocated_bytes,380899840,363.25439453125,569539,42548,165,20260914_204924_ogbn-papers100M_FedAvg_bs1024_seed42_beta10000p0,True,True
1024,41,cuda_max_memory_allocated_bytes,380885504,363.24072265625,569539,42113,165,20260914_204924_ogbn-papers100M_FedAvg_bs1024_seed42_beta10000p0,True,True
1024,42,cuda_max_memory_allocated_bytes,401400320,382.80517578125,569539,42360,165,20260914_204924_ogbn-papers100M_FedAvg_bs1024_seed42_beta10000p0,True,True
1024,43,cuda_max_memory_allocated_bytes,401393152,382.79833984375,569539,42194,165,20260914_204924_ogbn-papers100M_FedAvg_bs1024_seed42_beta10000p0,True,True
1024,44,cuda_max_memory_allocated_bytes,380898816,363.25341796875,569539,42371,165,20260914_204924_ogbn-papers100M_FedAvg_bs1024_seed42_beta10000p0,True,True
1024,45,cuda_max_memory_allocated_bytes,401410560,382.81494140625,569539,42610,165,20260914_204924_ogbn-papers100M_FedAvg_bs1024_seed42_beta10000p0,True,True
1024,46,cuda_max_memory_allocated_bytes,401401856,382.806640625,569538,42482,165,20260914_204924_ogbn-papers100M_FedAvg_bs1024_seed42_beta10000p0,True,True
1024,47,cuda_max_memory_allocated_bytes,380902912,363.25732421875,569538,42568,165,20260914_204924_ogbn-papers100M_FedAvg_bs1024_seed42_beta10000p0,True,True
1024,48,cuda_max_memory_allocated_bytes,401421824,382.82568359375,569538,42836,165,20260914_204924_ogbn-papers100M_FedAvg_bs1024_seed42_beta10000p0,True,True
1024,49,cuda_max_memory_allocated_bytes,401410560,382.81494140625,569538,42558,165,20260914_204924_ogbn-papers100M_FedAvg_bs1024_seed42_beta10000p0,True,True
1024,50,cuda_max_memory_allocated_bytes,381061632,363.40869140625,569538,42598,165,20260914_204924_ogbn-papers100M_FedAvg_bs1024_seed42_beta10000p0,True,True
1024,51,cuda_max_memory_allocated_bytes,380899328,363.25390625,569538,42423,165,20260914_204924_ogbn-papers100M_FedAvg_bs1024_seed42_beta10000p0,True,True
1024,52,cuda_max_memory_allocated_bytes,386011648,368.12939453125,569538,42096,165,20260914_204924_ogbn-papers100M_FedAvg_bs1024_seed42_beta10000p0,True,True
1024,53,cuda_max_memory_allocated_bytes,386042368,368.15869140625,569538,42819,165,20260914_204924_ogbn-papers100M_FedAvg_bs1024_seed42_beta10000p0,True,True
1024,54,cuda_max_memory_allocated_bytes,401387008,382.79248046875,569538,41987,165,20260914_204924_ogbn-papers100M_FedAvg_bs1024_seed42_beta10000p0,True,True
1024,55,cuda_max_memory_allocated_bytes,380923392,363.27685546875,569538,42945,165,20260914_204924_ogbn-papers100M_FedAvg_bs1024_seed42_beta10000p0,True,True
1024,56,cuda_max_memory_allocated_bytes,401426432,382.830078125,569538,42997,165,20260914_204924_ogbn-papers100M_FedAvg_bs1024_seed42_beta10000p0,True,True
1024,57,cuda_max_memory_allocated_bytes,401412096,382.81640625,569538,42743,165,20260914_204924_ogbn-papers100M_FedAvg_bs1024_seed42_beta10000p0,True,True
1024,58,cuda_max_memory_allocated_bytes,380925440,363.27880859375,569538,43148,165,20260914_204924_ogbn-papers100M_FedAvg_bs1024_seed42_beta10000p0,True,True
1024,59,cuda_max_memory_allocated_bytes,401420800,382.82470703125,569538,42756,165,20260914_204924_ogbn-papers100M_FedAvg_bs1024_seed42_beta10000p0,True,True
1024,60,cuda_max_memory_allocated_bytes,380868096,363.22412109375,569538,41749,165,20260914_204924_ogbn-papers100M_FedAvg_bs1024_seed42_beta10000p0,True,True
1024,61,cuda_max_memory_allocated_bytes,380894720,363.24951171875,569538,42354,165,20260914_204924_ogbn-papers100M_FedAvg_bs1024_seed42_beta10000p0,True,True
1024,62,cuda_max_memory_allocated_bytes,401428992,382.83251953125,569538,43049,165,20260914_204924_ogbn-papers100M_FedAvg_bs1024_seed42_beta10000p0,True,True
1024,63,cuda_max_memory_allocated_bytes,401405952,382.810546875,569538,42524,165,20260914_204924_ogbn-papers100M_FedAvg_bs1024_seed42_beta10000p0,True,True
1024,64,cuda_max_memory_allocated_bytes,401391104,382.79638671875,569538,42105,165,20260914_204924_ogbn-papers100M_FedAvg_bs1024_seed42_beta10000p0,True,True
1024,65,cuda_max_memory_allocated_bytes,401413120,382.8173828125,569538,42707,165,20260914_204924_ogbn-papers100M_FedAvg_bs1024_seed42_beta10000p0,True,True
1024,66,cuda_max_memory_allocated_bytes,380886016,363.2412109375,569538,42115,165,20260914_204924_ogbn-papers100M_FedAvg_bs1024_seed42_beta10000p0,True,True
1024,67,cuda_max_memory_allocated_bytes,380919808,363.2734375,569538,42991,165,20260914_204924_ogbn-papers100M_FedAvg_bs1024_seed42_beta10000p0,True,True
1024,68,cuda_max_memory_allocated_bytes,401388544,382.7939453125,569538,42019,165,20260914_204924_ogbn-papers100M_FedAvg_bs1024_seed42_beta10000p0,True,True
1024,69,cuda_max_memory_allocated_bytes,386020864,368.13818359375,569538,42344,165,20260914_204924_ogbn-papers100M_FedAvg_bs1024_seed42_beta10000p0,True,True
1024,70,cuda_max_memory_allocated_bytes,380888064,363.2431640625,569538,42297,165,20260914_204924_ogbn-papers100M_FedAvg_bs1024_seed42_beta10000p0,True,True
1024,71,cuda_max_memory_allocated_bytes,380911616,363.265625,569538,42864,165,20260914_204924_ogbn-papers100M_FedAvg_bs1024_seed42_beta10000p0,True,True
1024,72,cuda_max_memory_allocated_bytes,401403392,382.80810546875,569538,42513,165,20260914_204924_ogbn-papers100M_FedAvg_bs1024_seed42_beta10000p0,True,True
1024,73,cuda_max_memory_allocated_bytes,385998336,368.11669921875,569538,41910,165,20260914_204924_ogbn-papers100M_FedAvg_bs1024_seed42_beta10000p0,True,True
1024,74,cuda_max_memory_allocated_bytes,401419264,382.8232421875,569538,42845,165,20260914_204924_ogbn-papers100M_FedAvg_bs1024_seed42_beta10000p0,True,True
1024,75,cuda_max_memory_allocated_bytes,380902400,363.2568359375,569538,42471,165,20260914_204924_ogbn-papers100M_FedAvg_bs1024_seed42_beta10000p0,True,True
1024,76,cuda_max_memory_allocated_bytes,380910592,363.2646484375,569538,42738,165,20260914_204924_ogbn-papers100M_FedAvg_bs1024_seed42_beta10000p0,True,True
1024,77,cuda_max_memory_allocated_bytes,401404416,382.80908203125,569538,42424,165,20260914_204924_ogbn-papers100M_FedAvg_bs1024_seed42_beta10000p0,True,True
1024,78,cuda_max_memory_allocated_bytes,401403392,382.80810546875,569538,42456,165,20260914_204924_ogbn-papers100M_FedAvg_bs1024_seed42_beta10000p0,True,True
1024,79,cuda_max_memory_allocated_bytes,386039296,368.15576171875,569538,42850,165,20260914_204924_ogbn-papers100M_FedAvg_bs1024_seed42_beta10000p0,True,True
1024,80,cuda_max_memory_allocated_bytes,380883456,363.23876953125,569538,42105,165,20260914_204924_ogbn-papers100M_FedAvg_bs1024_seed42_beta10000p0,True,True
1024,81,cuda_max_memory_allocated_bytes,380922368,363.27587890625,569538,43104,165,20260914_204924_ogbn-papers100M_FedAvg_bs1024_seed42_beta10000p0,True,True
1024,82,cuda_max_memory_allocated_bytes,386018304,368.1357421875,569538,42245,165,20260914_204924_ogbn-papers100M_FedAvg_bs1024_seed42_beta10000p0,True,True
1024,83,cuda_max_memory_allocated_bytes,401393152,382.79833984375,569538,42180,165,20260914_204924_ogbn-papers100M_FedAvg_bs1024_seed42_beta10000p0,True,True
1024,84,cuda_max_memory_allocated_bytes,401400320,382.80517578125,569538,42400,165,20260914_204924_ogbn-papers100M_FedAvg_bs1024_seed42_beta10000p0,True,True
1024,85,cuda_max_memory_allocated_bytes,401401344,382.80615234375,569538,42420,165,20260914_204924_ogbn-papers100M_FedAvg_bs1024_seed42_beta10000p0,True,True
1024,86,cuda_max_memory_allocated_bytes,380893184,363.248046875,569538,42300,165,20260914_204924_ogbn-papers100M_FedAvg_bs1024_seed42_beta10000p0,True,True
1024,87,cuda_max_memory_allocated_bytes,401389056,382.79443359375,569538,42097,165,20260914_204924_ogbn-papers100M_FedAvg_bs1024_seed42_beta10000p0,True,True
1024,88,cuda_max_memory_allocated_bytes,380921344,363.27490234375,569538,43090,165,20260914_204924_ogbn-papers100M_FedAvg_bs1024_seed42_beta10000p0,True,True
1024,89,cuda_max_memory_allocated_bytes,401392640,382.7978515625,569538,42182,165,20260914_204924_ogbn-papers100M_FedAvg_bs1024_seed42_beta10000p0,True,True
1024,90,cuda_max_memory_allocated_bytes,380912128,363.26611328125,569538,42803,165,20260914_204924_ogbn-papers100M_FedAvg_bs1024_seed42_beta10000p0,True,True
1024,91,cuda_max_memory_allocated_bytes,401412096,382.81640625,569538,42567,165,20260914_204924_ogbn-papers100M_FedAvg_bs1024_seed42_beta10000p0,True,True
1024,92,cuda_max_memory_allocated_bytes,401394688,382.7998046875,569538,42263,165,20260914_204924_ogbn-papers100M_FedAvg_bs1024_seed42_beta10000p0,True,True
1024,93,cuda_max_memory_allocated_bytes,386002432,368.12060546875,569538,41896,165,20260914_204924_ogbn-papers100M_FedAvg_bs1024_seed42_beta10000p0,True,True
1024,94,cuda_max_memory_allocated_bytes,380881408,363.23681640625,569538,42067,165,20260914_204924_ogbn-papers100M_FedAvg_bs1024_seed42_beta10000p0,True,True
1024,95,cuda_max_memory_allocated_bytes,380874240,363.22998046875,569538,41918,165,20260914_204924_ogbn-papers100M_FedAvg_bs1024_seed42_beta10000p0,True,True
1024,96,cuda_max_memory_allocated_bytes,401385472,382.791015625,569538,42003,165,20260914_204924_ogbn-papers100M_FedAvg_bs1024_seed42_beta10000p0,True,True
1024,97,cuda_max_memory_allocated_bytes,380914688,363.2685546875,569538,42810,165,20260914_204924_ogbn-papers100M_FedAvg_bs1024_seed42_beta10000p0,True,True
1024,98,cuda_max_memory_allocated_bytes,380901376,363.255859375,569538,42584,165,20260914_204924_ogbn-papers100M_FedAvg_bs1024_seed42_beta10000p0,True,True
1024,99,cuda_max_memory_allocated_bytes,386016768,368.13427734375,569538,42216,165,20260914_204924_ogbn-papers100M_FedAvg_bs1024_seed42_beta10000p0,True,True
1024,100,cuda_max_memory_allocated_bytes,380884992,363.240234375,569538,42148,165,20260914_204924_ogbn-papers100M_FedAvg_bs1024_seed42_beta10000p0,True,True
1024,101,cuda_max_memory_allocated_bytes,380855808,363.21240234375,569538,41381,165,20260914_204924_ogbn-papers100M_FedAvg_bs1024_seed42_beta10000p0,True,True
1024,102,cuda_max_memory_allocated_bytes,386032128,368.14892578125,569538,42621,165,20260914_204924_ogbn-papers100M_FedAvg_bs1024_seed42_beta10000p0,True,True
1024,103,cuda_max_memory_allocated_bytes,386020864,368.13818359375,569538,42422,165,20260914_204924_ogbn-papers100M_FedAvg_bs1024_seed42_beta10000p0,True,True
1024,104,cuda_max_memory_allocated_bytes,401405952,382.810546875,569538,42519,165,20260914_204924_ogbn-papers100M_FedAvg_bs1024_seed42_beta10000p0,True,True
1024,105,cuda_max_memory_allocated_bytes,401405440,382.81005859375,569538,42552,165,20260914_204924_ogbn-papers100M_FedAvg_bs1024_seed42_beta10000p0,True,True
1024,106,cuda_max_memory_allocated_bytes,401413120,382.8173828125,569538,42631,165,20260914_204924_ogbn-papers100M_FedAvg_bs1024_seed42_beta10000p0,True,True
1024,107,cuda_max_memory_allocated_bytes,380902400,363.2568359375,569538,42612,165,20260914_204924_ogbn-papers100M_FedAvg_bs1024_seed42_beta10000p0,True,True
1024,108,cuda_max_memory_allocated_bytes,380900352,363.2548828125,569538,42490,165,20260914_204924_ogbn-papers100M_FedAvg_bs1024_seed42_beta10000p0,True,True
1024,109,cuda_max_memory_allocated_bytes,386016768,368.13427734375,569538,42260,165,20260914_204924_ogbn-papers100M_FedAvg_bs1024_seed42_beta10000p0,True,True
1024,110,cuda_max_memory_allocated_bytes,380920832,363.2744140625,569538,42979,165,20260914_204924_ogbn-papers100M_FedAvg_bs1024_seed42_beta10000p0,True,True
1024,111,cuda_max_memory_allocated_bytes,380881920,363.2373046875,569538,41990,165,20260914_204924_ogbn-papers100M_FedAvg_bs1024_seed42_beta10000p0,True,True
1024,112,cuda_max_memory_allocated_bytes,386004992,368.123046875,569538,41881,165,20260914_204924_ogbn-papers100M_FedAvg_bs1024_seed42_beta10000p0,True,True
1024,113,cuda_max_memory_allocated_bytes,386022912,368.14013671875,569538,42543,165,20260914_204924_ogbn-papers100M_FedAvg_bs1024_seed42_beta10000p0,True,True
1024,114,cuda_max_memory_allocated_bytes,401391104,382.79638671875,569538,42145,165,20260914_204924_ogbn-papers100M_FedAvg_bs1024_seed42_beta10000p0,True,True
1024,115,cuda_max_memory_allocated_bytes,401412608,382.81689453125,569538,42653,165,20260914_204924_ogbn-papers100M_FedAvg_bs1024_seed42_beta10000p0,True,True
1024,116,cuda_max_memory_allocated_bytes,380884480,363.23974609375,569538,42140,165,20260914_204924_ogbn-papers100M_FedAvg_bs1024_seed42_beta10000p0,True,True
1024,117,cuda_max_memory_allocated_bytes,401393152,382.79833984375,569538,42206,165,20260914_204924_ogbn-papers100M_FedAvg_bs1024_seed42_beta10000p0,True,True
1024,118,cuda_max_memory_allocated_bytes,401373696,382.77978515625,569538,41664,165,20260914_204924_ogbn-papers100M_FedAvg_bs1024_seed42_beta10000p0,True,True
1024,119,cuda_max_memory_allocated_bytes,386031616,368.1484375,569538,42642,165,20260914_204924_ogbn-papers100M_FedAvg_bs1024_seed42_beta10000p0,True,True
1024,120,cuda_max_memory_allocated_bytes,380921856,363.275390625,569538,43040,165,20260914_204924_ogbn-papers100M_FedAvg_bs1024_seed42_beta10000p0,True,True
1024,121,cuda_max_memory_allocated_bytes,401363456,382.77001953125,569538,41451,165,20260914_204924_ogbn-papers100M_FedAvg_bs1024_seed42_beta10000p0,True,True
1024,122,cuda_max_memory_allocated_bytes,401396224,382.80126953125,569538,42278,165,20260914_204924_ogbn-papers100M_FedAvg_bs1024_seed42_beta10000p0,True,True
1024,123,cuda_max_memory_allocated_bytes,401392128,382.79736328125,569538,42105,165,20260914_204924_ogbn-papers100M_FedAvg_bs1024_seed42_beta10000p0,True,True
1024,124,cuda_max_memory_allocated_bytes,401450496,382.85302734375,569538,43578,165,20260914_204924_ogbn-papers100M_FedAvg_bs1024_seed42_beta10000p0,True,True
1024,125,cuda_max_memory_allocated_bytes,401418752,382.82275390625,569538,42832,165,20260914_204924_ogbn-papers100M_FedAvg_bs1024_seed42_beta10000p0,True,True
1024,126,cuda_max_memory_allocated_bytes,380901376,363.255859375,569538,42506,165,20260914_204924_ogbn-papers100M_FedAvg_bs1024_seed42_beta10000p0,True,True
1024,127,cuda_max_memory_allocated_bytes,380877312,363.23291015625,569538,42021,165,20260914_204924_ogbn-papers100M_FedAvg_bs1024_seed42_beta10000p0,True,True
1024,128,cuda_max_memory_allocated_bytes,401425408,382.8291015625,569538,42892,165,20260914_204924_ogbn-papers100M_FedAvg_bs1024_seed42_beta10000p0,True,True
1024,129,cuda_max_memory_allocated_bytes,401388032,382.79345703125,569538,42089,165,20260914_204924_ogbn-papers100M_FedAvg_bs1024_seed42_beta10000p0,True,True
1024,130,cuda_max_memory_allocated_bytes,380921344,363.27490234375,569538,42978,165,20260914_204924_ogbn-papers100M_FedAvg_bs1024_seed42_beta10000p0,True,True
1024,131,cuda_max_memory_allocated_bytes,401410048,382.814453125,569538,42644,165,20260914_204924_ogbn-papers100M_FedAvg_bs1024_seed42_beta10000p0,True,True
1024,132,cuda_max_memory_allocated_bytes,386015744,368.13330078125,569538,42241,165,20260914_204924_ogbn-papers100M_FedAvg_bs1024_seed42_beta10000p0,True,True
1024,133,cuda_max_memory_allocated_bytes,386035712,368.15234375,569538,42714,165,20260914_204924_ogbn-papers100M_FedAvg_bs1024_seed42_beta10000p0,True,True
1024,134,cuda_max_memory_allocated_bytes,380969984,363.3212890625,569538,44260,165,20260914_204924_ogbn-papers100M_FedAvg_bs1024_seed42_beta10000p0,True,True
1024,135,cuda_max_memory_allocated_bytes,401423360,382.8271484375,569538,42984,165,20260914_204924_ogbn-papers100M_FedAvg_bs1024_seed42_beta10000p0,True,True
1024,136,cuda_max_memory_allocated_bytes,401451520,382.85400390625,569538,43648,165,20260914_204924_ogbn-papers100M_FedAvg_bs1024_seed42_beta10000p0,True,True
1024,137,cuda_max_memory_allocated_bytes,401445888,382.8486328125,569538,43556,165,20260914_204924_ogbn-papers100M_FedAvg_bs1024_seed42_beta10000p0,True,True
1024,138,cuda_max_memory_allocated_bytes,401425408,382.8291015625,569538,42964,165,20260914_204924_ogbn-papers100M_FedAvg_bs1024_seed42_beta10000p0,True,True
1024,139,cuda_max_memory_allocated_bytes,386029568,368.146484375,569538,42537,165,20260914_204924_ogbn-papers100M_FedAvg_bs1024_seed42_beta10000p0,True,True
1024,140,cuda_max_memory_allocated_bytes,380917248,363.27099609375,569538,42870,165,20260914_204924_ogbn-papers100M_FedAvg_bs1024_seed42_beta10000p0,True,True
1024,141,cuda_max_memory_allocated_bytes,380898304,363.2529296875,569538,42495,165,20260914_204924_ogbn-papers100M_FedAvg_bs1024_seed42_beta10000p0,True,True
1024,142,cuda_max_memory_allocated_bytes,386019328,368.13671875,569538,42349,165,20260914_204924_ogbn-papers100M_FedAvg_bs1024_seed42_beta10000p0,True,True
1024,143,cuda_max_memory_allocated_bytes,401371136,382.77734375,569538,41728,165,20260914_204924_ogbn-papers100M_FedAvg_bs1024_seed42_beta10000p0,True,True
1024,144,cuda_max_memory_allocated_bytes,380915200,363.26904296875,569538,42912,165,20260914_204924_ogbn-papers100M_FedAvg_bs1024_seed42_beta10000p0,True,True
1024,145,cuda_max_memory_allocated_bytes,401428992,382.83251953125,569538,43085,165,20260914_204924_ogbn-papers100M_FedAvg_bs1024_seed42_beta10000p0,True,True
1024,146,cuda_max_memory_allocated_bytes,380926464,363.27978515625,569538,43108,165,20260914_204924_ogbn-papers100M_FedAvg_bs1024_seed42_beta10000p0,True,True
1024,147,cuda_max_memory_allocated_bytes,401437696,382.8408203125,569538,43269,165,20260914_204924_ogbn-papers100M_FedAvg_bs1024_seed42_beta10000p0,True,True
1024,148,cuda_max_memory_allocated_bytes,401411584,382.81591796875,569538,42626,165,20260914_204924_ogbn-papers100M_FedAvg_bs1024_seed42_beta10000p0,True,True
1024,149,cuda_max_memory_allocated_bytes,401400832,382.8056640625,569538,42342,165,20260914_204924_ogbn-papers100M_FedAvg_bs1024_seed42_beta10000p0,True,True
1024,150,cuda_max_memory_allocated_bytes,380870656,363.2265625,569538,41834,165,20260914_204924_ogbn-papers100M_FedAvg_bs1024_seed42_beta10000p0,True,True
1024,151,cuda_max_memory_allocated_bytes,401408000,382.8125,569538,42539,165,20260914_204924_ogbn-papers100M_FedAvg_bs1024_seed42_beta10000p0,True,True
1024,152,cuda_max_memory_allocated_bytes,401378304,382.7841796875,569538,41816,165,20260914_204924_ogbn-papers100M_FedAvg_bs1024_seed42_beta10000p0,True,True
1024,153,cuda_max_memory_allocated_bytes,386015744,368.13330078125,569538,42146,165,20260914_204924_ogbn-papers100M_FedAvg_bs1024_seed42_beta10000p0,True,True
1024,154,cuda_max_memory_allocated_bytes,380886528,363.24169921875,569538,42176,165,20260914_204924_ogbn-papers100M_FedAvg_bs1024_seed42_beta10000p0,True,True
1024,155,cuda_max_memory_allocated_bytes,380903424,363.2578125,569538,42579,165,20260914_204924_ogbn-papers100M_FedAvg_bs1024_seed42_beta10000p0,True,True
1024,156,cuda_max_memory_allocated_bytes,380905984,363.26025390625,569538,42692,165,20260914_204924_ogbn-papers100M_FedAvg_bs1024_seed42_beta10000p0,True,True
1024,157,cuda_max_memory_allocated_bytes,380900352,363.2548828125,569538,42495,165,20260914_204924_ogbn-papers100M_FedAvg_bs1024_seed42_beta10000p0,True,True
1024,158,cuda_max_memory_allocated_bytes,401406464,382.81103515625,569538,42523,165,20260914_204924_ogbn-papers100M_FedAvg_bs1024_seed42_beta10000p0,True,True
1024,159,cuda_max_memory_allocated_bytes,401403392,382.80810546875,569538,42420,165,20260914_204924_ogbn-papers100M_FedAvg_bs1024_seed42_beta10000p0,True,True
1024,160,cuda_max_memory_allocated_bytes,380928512,363.28173828125,569538,43253,165,20260914_204924_ogbn-papers100M_FedAvg_bs1024_seed42_beta10000p0,True,True
1024,161,cuda_max_memory_allocated_bytes,401393152,382.79833984375,569538,42194,165,20260914_204924_ogbn-papers100M_FedAvg_bs1024_seed42_beta10000p0,True,True
1024,162,cuda_max_memory_allocated_bytes,386016256,368.1337890625,569538,42360,165,20260914_204924_ogbn-papers100M_FedAvg_bs1024_seed42_beta10000p0,True,True
1024,163,cuda_max_memory_allocated_bytes,386024960,368.14208984375,569538,42567,165,20260914_204924_ogbn-papers100M_FedAvg_bs1024_seed42_beta10000p0,True,True
1024,164,cuda_max_memory_allocated_bytes,401385984,382.79150390625,569538,41939,165,20260914_204924_ogbn-papers100M_FedAvg_bs1024_seed42_beta10000p0,True,True
1024,165,cuda_max_memory_allocated_bytes,401429504,382.8330078125,569538,43107,165,20260914_204924_ogbn-papers100M_FedAvg_bs1024_seed42_beta10000p0,True,True
1024,166,cuda_max_memory_allocated_bytes,380887552,363.24267578125,569538,42220,165,20260914_204924_ogbn-papers100M_FedAvg_bs1024_seed42_beta10000p0,True,True
1024,167,cuda_max_memory_allocated_bytes,401382912,382.78857421875,569538,41828,165,20260914_204924_ogbn-papers100M_FedAvg_bs1024_seed42_beta10000p0,True,True
1024,168,cuda_max_memory_allocated_bytes,401408512,382.81298828125,569538,42494,165,20260914_204924_ogbn-papers100M_FedAvg_bs1024_seed42_beta10000p0,True,True
1024,169,cuda_max_memory_allocated_bytes,386022912,368.14013671875,569538,42483,165,20260914_204924_ogbn-papers100M_FedAvg_bs1024_seed42_beta10000p0,True,True
1024,170,cuda_max_memory_allocated_bytes,380896768,363.25146484375,569538,42465,165,20260914_204924_ogbn-papers100M_FedAvg_bs1024_seed42_beta10000p0,True,True
1024,171,cuda_max_memory_allocated_bytes,401402368,382.80712890625,569538,42399,165,20260914_204924_ogbn-papers100M_FedAvg_bs1024_seed42_beta10000p0,True,True
1024,172,cuda_max_memory_allocated_bytes,401398784,382.8037109375,569538,42341,165,20260914_204924_ogbn-papers100M_FedAvg_bs1024_seed42_beta10000p0,True,True
1024,173,cuda_max_memory_allocated_bytes,401411584,382.81591796875,569538,42635,165,20260914_204924_ogbn-papers100M_FedAvg_bs1024_seed42_beta10000p0,True,True
1024,174,cuda_max_memory_allocated_bytes,380912640,363.2666015625,569538,42816,165,20260914_204924_ogbn-papers100M_FedAvg_bs1024_seed42_beta10000p0,True,True
1024,175,cuda_max_memory_allocated_bytes,380882432,363.23779296875,569538,42144,165,20260914_204924_ogbn-papers100M_FedAvg_bs1024_seed42_beta10000p0,True,True
1024,176,cuda_max_memory_allocated_bytes,401383424,382.7890625,569538,42031,165,20260914_204924_ogbn-papers100M_FedAvg_bs1024_seed42_beta10000p0,True,True
1024,177,cuda_max_memory_allocated_bytes,401421312,382.8251953125,569538,42925,165,20260914_204924_ogbn-papers100M_FedAvg_bs1024_seed42_beta10000p0,True,True
1024,178,cuda_max_memory_allocated_bytes,401409024,382.8134765625,569538,42505,165,20260914_204924_ogbn-papers100M_FedAvg_bs1024_seed42_beta10000p0,True,True
1024,179,cuda_max_memory_allocated_bytes,386034688,368.1513671875,569538,42742,165,20260914_204924_ogbn-papers100M_FedAvg_bs1024_seed42_beta10000p0,True,True
1024,180,cuda_max_memory_allocated_bytes,380913152,363.26708984375,569538,42844,165,20260914_204924_ogbn-papers100M_FedAvg_bs1024_seed42_beta10000p0,True,True
1024,181,cuda_max_memory_allocated_bytes,380895232,363.25,569538,42424,165,20260914_204924_ogbn-papers100M_FedAvg_bs1024_seed42_beta10000p0,True,True
1024,182,cuda_max_memory_allocated_bytes,401394688,382.7998046875,569538,42304,165,20260914_204924_ogbn-papers100M_FedAvg_bs1024_seed42_beta10000p0,True,True
1024,183,cuda_max_memory_allocated_bytes,385988608,368.107421875,569538,41650,165,20260914_204924_ogbn-papers100M_FedAvg_bs1024_seed42_beta10000p0,True,True
1024,184,cuda_max_memory_allocated_bytes,380918272,363.27197265625,569538,42971,165,20260914_204924_ogbn-papers100M_FedAvg_bs1024_seed42_beta10000p0,True,True
1024,185,cuda_max_memory_allocated_bytes,401380864,382.78662109375,569538,41887,165,20260914_204924_ogbn-papers100M_FedAvg_bs1024_seed42_beta10000p0,True,True
1024,186,cuda_max_memory_allocated_bytes,401399808,382.8046875,569538,42308,165,20260914_204924_ogbn-papers100M_FedAvg_bs1024_seed42_beta10000p0,True,True
1024,187,cuda_max_memory_allocated_bytes,380894720,363.24951171875,569538,42395,165,20260914_204924_ogbn-papers100M_FedAvg_bs1024_seed42_beta10000p0,True,True
1024,188,cuda_max_memory_allocated_bytes,380900352,363.2548828125,569538,42504,165,20260914_204924_ogbn-papers100M_FedAvg_bs1024_seed42_beta10000p0,True,True
1024,189,cuda_max_memory_allocated_bytes,401379328,382.78515625,569538,41857,165,20260914_204924_ogbn-papers100M_FedAvg_bs1024_seed42_beta10000p0,True,True
1024,190,cuda_max_memory_allocated_bytes,380900352,363.2548828125,569538,42537,165,20260914_204924_ogbn-papers100M_FedAvg_bs1024_seed42_beta10000p0,True,True
1024,191,cuda_max_memory_allocated_bytes,380891648,363.24658203125,569538,42364,165,20260914_204924_ogbn-papers100M_FedAvg_bs1024_seed42_beta10000p0,True,True
1024,192,cuda_max_memory_allocated_bytes,386015232,368.1328125,569538,42279,165,20260914_204924_ogbn-papers100M_FedAvg_bs1024_seed42_beta10000p0,True,True
1024,193,cuda_max_memory_allocated_bytes,401403392,382.80810546875,569538,42402,165,20260914_204924_ogbn-papers100M_FedAvg_bs1024_seed42_beta10000p0,True,True
1024,194,cuda_max_memory_allocated_bytes,401406976,382.8115234375,569538,42488,165,20260914_204924_ogbn-papers100M_FedAvg_bs1024_seed42_beta10000p0,True,True
2048,0,cuda_max_memory_allocated_bytes,406993408,388.13916015625,569539,42085,165,20260914_211623_ogbn-papers100M_FedAvg_bs2048_seed42_beta10000p0,True,True
2048,1,cuda_max_memory_allocated_bytes,415244800,396.00830078125,569539,42192,165,20260914_211623_ogbn-papers100M_FedAvg_bs2048_seed42_beta10000p0,True,True
2048,2,cuda_max_memory_allocated_bytes,407022592,388.1669921875,569539,42649,165,20260914_211623_ogbn-papers100M_FedAvg_bs2048_seed42_beta10000p0,True,True
2048,3,cuda_max_memory_allocated_bytes,407041024,388.1845703125,569539,42566,165,20260914_211623_ogbn-papers100M_FedAvg_bs2048_seed42_beta10000p0,True,True
2048,4,cuda_max_memory_allocated_bytes,406972416,388.119140625,569539,42106,165,20260914_211623_ogbn-papers100M_FedAvg_bs2048_seed42_beta10000p0,True,True
2048,5,cuda_max_memory_allocated_bytes,407059456,388.2021484375,569539,42478,165,20260914_211623_ogbn-papers100M_FedAvg_bs2048_seed42_beta10000p0,True,True
2048,6,cuda_max_memory_allocated_bytes,406964224,388.111328125,569539,41630,165,20260914_211623_ogbn-papers100M_FedAvg_bs2048_seed42_beta10000p0,True,True
2048,7,cuda_max_memory_allocated_bytes,414083072,394.900390625,569539,42632,165,20260914_211623_ogbn-papers100M_FedAvg_bs2048_seed42_beta10000p0,True,True
2048,8,cuda_max_memory_allocated_bytes,415342080,396.10107421875,569539,41951,165,20260914_211623_ogbn-papers100M_FedAvg_bs2048_seed42_beta10000p0,True,True
2048,9,cuda_max_memory_allocated_bytes,406958080,388.10546875,569539,43121,165,20260914_211623_ogbn-papers100M_FedAvg_bs2048_seed42_beta10000p0,True,True
2048,10,cuda_max_memory_allocated_bytes,406977024,388.12353515625,569539,42455,165,20260914_211623_ogbn-papers100M_FedAvg_bs2048_seed42_beta10000p0,True,True
2048,11,cuda_max_memory_allocated_bytes,415320576,396.08056640625,569539,42613,165,20260914_211623_ogbn-papers100M_FedAvg_bs2048_seed42_beta10000p0,True,True
2048,12,cuda_max_memory_allocated_bytes,406161408,387.345703125,569539,42902,165,20260914_211623_ogbn-papers100M_FedAvg_bs2048_seed42_beta10000p0,True,True
2048,13,cuda_max_memory_allocated_bytes,415305216,396.06591796875,569539,42317,165,20260914_211623_ogbn-papers100M_FedAvg_bs2048_seed42_beta10000p0,True,True
2048,14,cuda_max_memory_allocated_bytes,406964224,388.111328125,569539,42296,165,20260914_211623_ogbn-papers100M_FedAvg_bs2048_seed42_beta10000p0,True,True
2048,15,cuda_max_memory_allocated_bytes,406147584,387.33251953125,569539,42146,165,20260914_211623_ogbn-papers100M_FedAvg_bs2048_seed42_beta10000p0,True,True
2048,16,cuda_max_memory_allocated_bytes,406987264,388.13330078125,569539,41922,165,20260914_211623_ogbn-papers100M_FedAvg_bs2048_seed42_beta10000p0,True,True
2048,17,cuda_max_memory_allocated_bytes,415196672,395.96240234375,569539,42390,165,20260914_211623_ogbn-papers100M_FedAvg_bs2048_seed42_beta10000p0,True,True
2048,18,cuda_max_memory_allocated_bytes,415354880,396.11328125,569539,41847,165,20260914_211623_ogbn-papers100M_FedAvg_bs2048_seed42_beta10000p0,True,True
2048,19,cuda_max_memory_allocated_bytes,415278080,396.0400390625,569539,42582,165,20260914_211623_ogbn-papers100M_FedAvg_bs2048_seed42_beta10000p0,True,True
2048,20,cuda_max_memory_allocated_bytes,407001088,388.146484375,569539,42966,165,20260914_211623_ogbn-papers100M_FedAvg_bs2048_seed42_beta10000p0,True,True
2048,21,cuda_max_memory_allocated_bytes,415266304,396.02880859375,569539,42584,165,20260914_211623_ogbn-papers100M_FedAvg_bs2048_seed42_beta10000p0,True,True
2048,22,cuda_max_memory_allocated_bytes,406992384,388.13818359375,569539,42003,165,20260914_211623_ogbn-papers100M_FedAvg_bs2048_seed42_beta10000p0,True,True
2048,23,cuda_max_memory_allocated_bytes,415266304,396.02880859375,569539,42415,165,20260914_211623_ogbn-papers100M_FedAvg_bs2048_seed42_beta10000p0,True,True
2048,24,cuda_max_memory_allocated_bytes,407020544,388.1650390625,569539,41850,165,20260914_211623_ogbn-papers100M_FedAvg_bs2048_seed42_beta10000p0,True,True
2048,25,cuda_max_memory_allocated_bytes,415218688,395.9833984375,569539,42152,165,20260914_211623_ogbn-papers100M_FedAvg_bs2048_seed42_beta10000p0,True,True
2048,26,cuda_max_memory_allocated_bytes,415305216,396.06591796875,569539,42344,165,20260914_211623_ogbn-papers100M_FedAvg_bs2048_seed42_beta10000p0,True,True
2048,27,cuda_max_memory_allocated_bytes,415237120,396.0009765625,569539,42322,165,20260914_211623_ogbn-papers100M_FedAvg_bs2048_seed42_beta10000p0,True,True
2048,28,cuda_max_memory_allocated_bytes,406986752,388.1328125,569539,43060,165,20260914_211623_ogbn-papers100M_FedAvg_bs2048_seed42_beta10000p0,True,True
2048,29,cuda_max_memory_allocated_bytes,406978048,388.12451171875,569539,43189,165,20260914_211623_ogbn-papers100M_FedAvg_bs2048_seed42_beta10000p0,True,True
2048,30,cuda_max_memory_allocated_bytes,407008768,388.15380859375,569539,42646,165,20260914_211623_ogbn-papers100M_FedAvg_bs2048_seed42_beta10000p0,True,True
2048,31,cuda_max_memory_allocated_bytes,407006720,388.15185546875,569539,42757,165,20260914_211623_ogbn-papers100M_FedAvg_bs2048_seed42_beta10000p0,True,True
2048,32,cuda_max_memory_allocated_bytes,415271424,396.03369140625,569539,42148,165,20260914_211623_ogbn-papers100M_FedAvg_bs2048_seed42_beta10000p0,True,True
2048,33,cuda_max_memory_allocated_bytes,415350272,396.10888671875,569539,43164,165,20260914_211623_ogbn-papers100M_FedAvg_bs2048_seed42_beta10000p0,True,True
2048,34,cuda_max_memory_allocated_bytes,407020544,388.1650390625,569539,42454,165,20260914_211623_ogbn-papers100M_FedAvg_bs2048_seed42_beta10000p0,True,True
2048,35,cuda_max_memory_allocated_bytes,415224832,395.9892578125,569539,43289,165,20260914_211623_ogbn-papers100M_FedAvg_bs2048_seed42_beta10000p0,True,True
2048,36,cuda_max_memory_allocated_bytes,415214080,395.97900390625,569539,42743,165,20260914_211623_ogbn-papers100M_FedAvg_bs2048_seed42_beta10000p0,True,True
2048,37,cuda_max_memory_allocated_bytes,415142400,395.91064453125,569539,42489,165,20260914_211623_ogbn-papers100M_FedAvg_bs2048_seed42_beta10000p0,True,True
2048,38,cuda_max_memory_allocated_bytes,415299072,396.06005859375,569539,43384,165,20260914_211623_ogbn-papers100M_FedAvg_bs2048_seed42_beta10000p0,True,True
2048,39,cuda_max_memory_allocated_bytes,415276032,396.0380859375,569539,43634,165,20260914_211623_ogbn-papers100M_FedAvg_bs2048_seed42_beta10000p0,True,True
2048,40,cuda_max_memory_allocated_bytes,407010304,388.1552734375,569539,42548,165,20260914_211623_ogbn-papers100M_FedAvg_bs2048_seed42_beta10000p0,True,True
2048,41,cuda_max_memory_allocated_bytes,406937600,388.0859375,569539,42113,165,20260914_211623_ogbn-papers100M_FedAvg_bs2048_seed42_beta10000p0,True,True
2048,42,cuda_max_memory_allocated_bytes,406983680,388.1298828125,569539,42360,165,20260914_211623_ogbn-papers100M_FedAvg_bs2048_seed42_beta10000p0,True,True
2048,43,cuda_max_memory_allocated_bytes,415237632,396.00146484375,569539,42194,165,20260914_211623_ogbn-papers100M_FedAvg_bs2048_seed42_beta10000p0,True,True
2048,44,cuda_max_memory_allocated_bytes,415273984,396.0361328125,569539,42371,165,20260914_211623_ogbn-papers100M_FedAvg_bs2048_seed42_beta10000p0,True,True
2048,45,cuda_max_memory_allocated_bytes,415221248,395.98583984375,569539,42610,165,20260914_211623_ogbn-papers100M_FedAvg_bs2048_seed42_beta10000p0,True,True
2048,46,cuda_max_memory_allocated_bytes,406981120,388.12744140625,569538,42482,165,20260914_211623_ogbn-papers100M_FedAvg_bs2048_seed42_beta10000p0,True,True
2048,47,cuda_max_memory_allocated_bytes,414616576,395.4091796875,569538,42568,165,20260914_211623_ogbn-papers100M_FedAvg_bs2048_seed42_beta10000p0,True,True
2048,48,cuda_max_memory_allocated_bytes,406990848,388.13671875,569538,42836,165,20260914_211623_ogbn-papers100M_FedAvg_bs2048_seed42_beta10000p0,True,True
2048,49,cuda_max_memory_allocated_bytes,415183360,395.94970703125,569538,42558,165,20260914_211623_ogbn-papers100M_FedAvg_bs2048_seed42_beta10000p0,True,True
2048,50,cuda_max_memory_allocated_bytes,407025664,388.169921875,569538,42598,165,20260914_211623_ogbn-papers100M_FedAvg_bs2048_seed42_beta10000p0,True,True
2048,51,cuda_max_memory_allocated_bytes,406992896,388.138671875,569538,42423,165,20260914_211623_ogbn-papers100M_FedAvg_bs2048_seed42_beta10000p0,True,True
2048,52,cuda_max_memory_allocated_bytes,415304192,396.06494140625,569538,42096,165,20260914_211623_ogbn-papers100M_FedAvg_bs2048_seed42_beta10000p0,True,True
2048,53,cuda_max_memory_allocated_bytes,414169088,394.982421875,569538,42819,165,20260914_211623_ogbn-papers100M_FedAvg_bs2048_seed42_beta10000p0,True,True
2048,54,cuda_max_memory_allocated_bytes,406992896,388.138671875,569538,41987,165,20260914_211623_ogbn-papers100M_FedAvg_bs2048_seed42_beta10000p0,True,True
2048,55,cuda_max_memory_allocated_bytes,407072256,388.21435546875,569538,42945,165,20260914_211623_ogbn-papers100M_FedAvg_bs2048_seed42_beta10000p0,True,True
2048,56,cuda_max_memory_allocated_bytes,415275008,396.037109375,569538,42997,165,20260914_211623_ogbn-papers100M_FedAvg_bs2048_seed42_beta10000p0,True,True
2048,57,cuda_max_memory_allocated_bytes,415216128,395.98095703125,569538,42743,165,20260914_211623_ogbn-papers100M_FedAvg_bs2048_seed42_beta10000p0,True,True
2048,58,cuda_max_memory_allocated_bytes,406989824,388.1357421875,569538,43148,165,20260914_211623_ogbn-papers100M_FedAvg_bs2048_seed42_beta10000p0,True,True
2048,59,cuda_max_memory_allocated_bytes,415333376,396.0927734375,569538,42756,165,20260914_211623_ogbn-papers100M_FedAvg_bs2048_seed42_beta10000p0,True,True
2048,60,cuda_max_memory_allocated_bytes,406993920,388.1396484375,569538,41749,165,20260914_211623_ogbn-papers100M_FedAvg_bs2048_seed42_beta10000p0,True,True
2048,61,cuda_max_memory_allocated_bytes,406949888,388.09765625,569538,42354,165,20260914_211623_ogbn-papers100M_FedAvg_bs2048_seed42_beta10000p0,True,True
2048,62,cuda_max_memory_allocated_bytes,415251456,396.0146484375,569538,43049,165,20260914_211623_ogbn-papers100M_FedAvg_bs2048_seed42_beta10000p0,True,True
2048,63,cuda_max_memory_allocated_bytes,407005184,388.150390625,569538,42524,165,20260914_211623_ogbn-papers100M_FedAvg_bs2048_seed42_beta10000p0,True,True
2048,64,cuda_max_memory_allocated_bytes,407022080,388.16650390625,569538,42105,165,20260914_211623_ogbn-papers100M_FedAvg_bs2048_seed42_beta10000p0,True,True
2048,65,cuda_max_memory_allocated_bytes,406964224,388.111328125,569538,42707,165,20260914_211623_ogbn-papers100M_FedAvg_bs2048_seed42_beta10000p0,True,True
2048,66,cuda_max_memory_allocated_bytes,406969344,388.1162109375,569538,42115,165,20260914_211623_ogbn-papers100M_FedAvg_bs2048_seed42_beta10000p0,True,True
2048,67,cuda_max_memory_allocated_bytes,414643712,395.43505859375,569538,42991,165,20260914_211623_ogbn-papers100M_FedAvg_bs2048_seed42_beta10000p0,True,True
2048,68,cuda_max_memory_allocated_bytes,407026176,388.17041015625,569538,42019,165,20260914_211623_ogbn-papers100M_FedAvg_bs2048_seed42_beta10000p0,True,True
2048,69,cuda_max_memory_allocated_bytes,406979584,388.1259765625,569538,42344,165,20260914_211623_ogbn-papers100M_FedAvg_bs2048_seed42_beta10000p0,True,True
2048,70,cuda_max_memory_allocated_bytes,407012864,388.15771484375,569538,42297,165,20260914_211623_ogbn-papers100M_FedAvg_bs2048_seed42_beta10000p0,True,True
2048,71,cuda_max_memory_allocated_bytes,406155264,387.33984375,569538,42864,165,20260914_211623_ogbn-papers100M_FedAvg_bs2048_seed42_beta10000p0,True,True
2048,72,cuda_max_memory_allocated_bytes,407038976,388.1826171875,569538,42513,165,20260914_211623_ogbn-papers100M_FedAvg_bs2048_seed42_beta10000p0,True,True
2048,73,cuda_max_memory_allocated_bytes,415190528,395.95654296875,569538,41910,165,20260914_211623_ogbn-papers100M_FedAvg_bs2048_seed42_beta10000p0,True,True
2048,74,cuda_max_memory_allocated_bytes,407020032,388.16455078125,569538,42845,165,20260914_211623_ogbn-papers100M_FedAvg_bs2048_seed42_beta10000p0,True,True
2048,75,cuda_max_memory_allocated_bytes,415269888,396.0322265625,569538,42471,165,20260914_211623_ogbn-papers100M_FedAvg_bs2048_seed42_beta10000p0,True,True
2048,76,cuda_max_memory_allocated_bytes,407024128,388.16845703125,569538,42738,165,20260914_211623_ogbn-papers100M_FedAvg_bs2048_seed42_beta10000p0,True,True
2048,77,cuda_max_memory_allocated_bytes,415340032,396.09912109375,569538,42424,165,20260914_211623_ogbn-papers100M_FedAvg_bs2048_seed42_beta10000p0,True,True
2048,78,cuda_max_memory_allocated_bytes,406987264,388.13330078125,569538,42456,165,20260914_211623_ogbn-papers100M_FedAvg_bs2048_seed42_beta10000p0,True,True
2048,79,cuda_max_memory_allocated_bytes,415268864,396.03125,569538,42850,165,20260914_211623_ogbn-papers100M_FedAvg_bs2048_seed42_beta10000p0,True,True
2048,80,cuda_max_memory_allocated_bytes,407046144,388.189453125,569538,42105,165,20260914_211623_ogbn-papers100M_FedAvg_bs2048_seed42_beta10000p0,True,True
2048,81,cuda_max_memory_allocated_bytes,415280640,396.04248046875,569538,43104,165,20260914_211623_ogbn-papers100M_FedAvg_bs2048_seed42_beta10000p0,True,True
2048,82,cuda_max_memory_allocated_bytes,406999552,388.14501953125,569538,42245,165,20260914_211623_ogbn-papers100M_FedAvg_bs2048_seed42_beta10000p0,True,True
2048,83,cuda_max_memory_allocated_bytes,414119424,394.93505859375,569538,42180,165,20260914_211623_ogbn-papers100M_FedAvg_bs2048_seed42_beta10000p0,True,True
2048,84,cuda_max_memory_allocated_bytes,415188992,395.955078125,569538,42400,165,20260914_211623_ogbn-papers100M_FedAvg_bs2048_seed42_beta10000p0,True,True
2048,85,cuda_max_memory_allocated_bytes,406152192,387.3369140625,569538,42420,165,20260914_211623_ogbn-papers100M_FedAvg_bs2048_seed42_beta10000p0,True,True
2048,86,cuda_max_memory_allocated_bytes,406944768,388.0927734375,569538,42300,165,20260914_211623_ogbn-papers100M_FedAvg_bs2048_seed42_beta10000p0,True,True
2048,87,cuda_max_memory_allocated_bytes,406999040,388.14453125,569538,42097,165,20260914_211623_ogbn-papers100M_FedAvg_bs2048_seed42_beta10000p0,True,True
2048,88,cuda_max_memory_allocated_bytes,415222272,395.98681640625,569538,43090,165,20260914_211623_ogbn-papers100M_FedAvg_bs2048_seed42_beta10000p0,True,True
2048,89,cuda_max_memory_allocated_bytes,415190016,395.9560546875,569538,42182,165,20260914_211623_ogbn-papers100M_FedAvg_bs2048_seed42_beta10000p0,True,True
2048,90,cuda_max_memory_allocated_bytes,406951936,388.099609375,569538,42803,165,20260914_211623_ogbn-papers100M_FedAvg_bs2048_seed42_beta10000p0,True,True
2048,91,cuda_max_memory_allocated_bytes,407032832,388.1767578125,569538,42567,165,20260914_211623_ogbn-papers100M_FedAvg_bs2048_seed42_beta10000p0,True,True
2048,92,cuda_max_memory_allocated_bytes,407016960,388.16162109375,569538,42263,165,20260914_211623_ogbn-papers100M_FedAvg_bs2048_seed42_beta10000p0,True,True
2048,93,cuda_max_memory_allocated_bytes,415157248,395.9248046875,569538,41896,165,20260914_211623_ogbn-papers100M_FedAvg_bs2048_seed42_beta10000p0,True,True
2048,94,cuda_max_memory_allocated_bytes,415236096,396.0,569538,42067,165,20260914_211623_ogbn-papers100M_FedAvg_bs2048_seed42_beta10000p0,True,True
2048,95,cuda_max_memory_allocated_bytes,406952448,388.10009765625,569538,41918,165,20260914_211623_ogbn-papers100M_FedAvg_bs2048_seed42_beta10000p0,True,True
2048,96,cuda_max_memory_allocated_bytes,407029760,388.173828125,569538,42003,165,20260914_211623_ogbn-papers100M_FedAvg_bs2048_seed42_beta10000p0,True,True
2048,97,cuda_max_memory_allocated_bytes,415289344,396.05078125,569538,42810,165,20260914_211623_ogbn-papers100M_FedAvg_bs2048_seed42_beta10000p0,True,True
2048,98,cuda_max_memory_allocated_bytes,415289344,396.05078125,569538,42584,165,20260914_211623_ogbn-papers100M_FedAvg_bs2048_seed42_beta10000p0,True,True
2048,99,cuda_max_memory_allocated_bytes,406961152,388.1083984375,569538,42216,165,20260914_211623_ogbn-papers100M_FedAvg_bs2048_seed42_beta10000p0,True,True
2048,100,cuda_max_memory_allocated_bytes,406968832,388.11572265625,569538,42148,165,20260914_211623_ogbn-papers100M_FedAvg_bs2048_seed42_beta10000p0,True,True
2048,101,cuda_max_memory_allocated_bytes,407009792,388.15478515625,569538,41381,165,20260914_211623_ogbn-papers100M_FedAvg_bs2048_seed42_beta10000p0,True,True
2048,102,cuda_max_memory_allocated_bytes,415279104,396.041015625,569538,42621,165,20260914_211623_ogbn-papers100M_FedAvg_bs2048_seed42_beta10000p0,True,True
2048,103,cuda_max_memory_allocated_bytes,414606848,395.39990234375,569538,42422,165,20260914_211623_ogbn-papers100M_FedAvg_bs2048_seed42_beta10000p0,True,True
2048,104,cuda_max_memory_allocated_bytes,406983168,388.12939453125,569538,42519,165,20260914_211623_ogbn-papers100M_FedAvg_bs2048_seed42_beta10000p0,True,True
2048,105,cuda_max_memory_allocated_bytes,406991872,388.1376953125,569538,42552,165,20260914_211623_ogbn-papers100M_FedAvg_bs2048_seed42_beta10000p0,True,True
2048,106,cuda_max_memory_allocated_bytes,406155776,387.34033203125,569538,42631,165,20260914_211623_ogbn-papers100M_FedAvg_bs2048_seed42_beta10000p0,True,True
2048,107,cuda_max_memory_allocated_bytes,407006720,388.15185546875,569538,42612,165,20260914_211623_ogbn-papers100M_FedAvg_bs2048_seed42_beta10000p0,True,True
2048,108,cuda_max_memory_allocated_bytes,407028736,388.1728515625,569538,42490,165,20260914_211623_ogbn-papers100M_FedAvg_bs2048_seed42_beta10000p0,True,True
2048,109,cuda_max_memory_allocated_bytes,406991872,388.1376953125,569538,42260,165,20260914_211623_ogbn-papers100M_FedAvg_bs2048_seed42_beta10000p0,True,True
2048,110,cuda_max_memory_allocated_bytes,406996992,388.142578125,569538,42979,165,20260914_211623_ogbn-papers100M_FedAvg_bs2048_seed42_beta10000p0,True,True
2048,111,cuda_max_memory_allocated_bytes,415172608,395.939453125,569538,41990,165,20260914_211623_ogbn-papers100M_FedAvg_bs2048_seed42_beta10000p0,True,True
2048,112,cuda_max_memory_allocated_bytes,407001088,388.146484375,569538,41881,165,20260914_211623_ogbn-papers100M_FedAvg_bs2048_seed42_beta10000p0,True,True
2048,113,cuda_max_memory_allocated_bytes,406962688,388.10986328125,569538,42543,165,20260914_211623_ogbn-papers100M_FedAvg_bs2048_seed42_beta10000p0,True,True
2048,114,cuda_max_memory_allocated_bytes,406147584,387.33251953125,569538,42145,165,20260914_211623_ogbn-papers100M_FedAvg_bs2048_seed42_beta10000p0,True,True
2048,115,cuda_max_memory_allocated_bytes,415283712,396.04541015625,569538,42653,165,20260914_211623_ogbn-papers100M_FedAvg_bs2048_seed42_beta10000p0,True,True
2048,116,cuda_max_memory_allocated_bytes,415212032,395.97705078125,569538,42140,165,20260914_211623_ogbn-papers100M_FedAvg_bs2048_seed42_beta10000p0,True,True
2048,117,cuda_max_memory_allocated_bytes,415257600,396.0205078125,569538,42206,165,20260914_211623_ogbn-papers100M_FedAvg_bs2048_seed42_beta10000p0,True,True
2048,118,cuda_max_memory_allocated_bytes,406992384,388.13818359375,569538,41664,165,20260914_211623_ogbn-papers100M_FedAvg_bs2048_seed42_beta10000p0,True,True
2048,119,cuda_max_memory_allocated_bytes,406995968,388.1416015625,569538,42642,165,20260914_211623_ogbn-papers100M_FedAvg_bs2048_seed42_beta10000p0,True,True
2048,120,cuda_max_memory_allocated_bytes,406998528,388.14404296875,569538,43040,165,20260914_211623_ogbn-papers100M_FedAvg_bs2048_seed42_beta10000p0,True,True
2048,121,cuda_max_memory_allocated_bytes,415266816,396.029296875,569538,41451,165,20260914_211623_ogbn-papers100M_FedAvg_bs2048_seed42_beta10000p0,True,True
2048,122,cuda_max_memory_allocated_bytes,406940160,388.08837890625,569538,42278,165,20260914_211623_ogbn-papers100M_FedAvg_bs2048_seed42_beta10000p0,True,True
2048,123,cuda_max_memory_allocated_bytes,415324160,396.083984375,569538,42105,165,20260914_211623_ogbn-papers100M_FedAvg_bs2048_seed42_beta10000p0,True,True
2048,124,cuda_max_memory_allocated_bytes,415266816,396.029296875,569538,43578,165,20260914_211623_ogbn-papers100M_FedAvg_bs2048_seed42_beta10000p0,True,True
2048,125,cuda_max_memory_allocated_bytes,415299584,396.060546875,569538,42832,165,20260914_211623_ogbn-papers100M_FedAvg_bs2048_seed42_beta10000p0,True,True
2048,126,cuda_max_memory_allocated_bytes,415273984,396.0361328125,569538,42506,165,20260914_211623_ogbn-papers100M_FedAvg_bs2048_seed42_beta10000p0,True,True
2048,127,cuda_max_memory_allocated_bytes,415233536,395.99755859375,569538,42021,165,20260914_211623_ogbn-papers100M_FedAvg_bs2048_seed42_beta10000p0,True,True
2048,128,cuda_max_memory_allocated_bytes,407010304,388.1552734375,569538,42892,165,20260914_211623_ogbn-papers100M_FedAvg_bs2048_seed42_beta10000p0,True,True
2048,129,cuda_max_memory_allocated_bytes,414160896,394.974609375,569538,42089,165,20260914_211623_ogbn-papers100M_FedAvg_bs2048_seed42_beta10000p0,True,True
2048,130,cuda_max_memory_allocated_bytes,407038464,388.18212890625,569538,42978,165,20260914_211623_ogbn-papers100M_FedAvg_bs2048_seed42_beta10000p0,True,True
2048,131,cuda_max_memory_allocated_bytes,415259136,396.02197265625,569538,42644,165,20260914_211623_ogbn-papers100M_FedAvg_bs2048_seed42_beta10000p0,True,True
2048,132,cuda_max_memory_allocated_bytes,407345152,388.474609375,569538,42241,165,20260914_211623_ogbn-papers100M_FedAvg_bs2048_seed42_beta10000p0,True,True
2048,133,cuda_max_memory_allocated_bytes,415174144,395.94091796875,569538,42714,165,20260914_211623_ogbn-papers100M_FedAvg_bs2048_seed42_beta10000p0,True,True
2048,134,cuda_max_memory_allocated_bytes,415335936,396.09521484375,569538,44260,165,20260914_211623_ogbn-papers100M_FedAvg_bs2048_seed42_beta10000p0,True,True
2048,135,cuda_max_memory_allocated_bytes,407010816,388.15576171875,569538,42984,165,20260914_211623_ogbn-papers100M_FedAvg_bs2048_seed42_beta10000p0,True,True
2048,136,cuda_max_memory_allocated_bytes,407014912,388.15966796875,569538,43648,165,20260914_211623_ogbn-papers100M_FedAvg_bs2048_seed42_beta10000p0,True,True
2048,137,cuda_max_memory_allocated_bytes,406994432,388.14013671875,569538,43556,165,20260914_211623_ogbn-papers100M_FedAvg_bs2048_seed42_beta10000p0,True,True
2048,138,cuda_max_memory_allocated_bytes,406990848,388.13671875,569538,42964,165,20260914_211623_ogbn-papers100M_FedAvg_bs2048_seed42_beta10000p0,True,True
2048,139,cuda_max_memory_allocated_bytes,415237632,396.00146484375,569538,42537,165,20260914_211623_ogbn-papers100M_FedAvg_bs2048_seed42_beta10000p0,True,True
2048,140,cuda_max_memory_allocated_bytes,407035904,388.1796875,569538,42870,165,20260914_211623_ogbn-papers100M_FedAvg_bs2048_seed42_beta10000p0,True,True
2048,141,cuda_max_memory_allocated_bytes,415342080,396.10107421875,569538,42495,165,20260914_211623_ogbn-papers100M_FedAvg_bs2048_seed42_beta10000p0,True,True
2048,142,cuda_max_memory_allocated_bytes,415281664,396.04345703125,569538,42349,165,20260914_211623_ogbn-papers100M_FedAvg_bs2048_seed42_beta10000p0,True,True
2048,143,cuda_max_memory_allocated_bytes,414870528,395.6513671875,569538,41728,165,20260914_211623_ogbn-papers100M_FedAvg_bs2048_seed42_beta10000p0,True,True
2048,144,cuda_max_memory_allocated_bytes,407002624,388.14794921875,569538,42912,165,20260914_211623_ogbn-papers100M_FedAvg_bs2048_seed42_beta10000p0,True,True
2048,145,cuda_max_memory_allocated_bytes,415240192,396.00390625,569538,43085,165,20260914_211623_ogbn-papers100M_FedAvg_bs2048_seed42_beta10000p0,True,True
2048,146,cuda_max_memory_allocated_bytes,414698496,395.4873046875,569538,43108,165,20260914_211623_ogbn-papers100M_FedAvg_bs2048_seed42_beta10000p0,True,True
2048,147,cuda_max_memory_allocated_bytes,407016960,388.16162109375,569538,43269,165,20260914_211623_ogbn-papers100M_FedAvg_bs2048_seed42_beta10000p0,True,True
2048,148,cuda_max_memory_allocated_bytes,415264768,396.02734375,569538,42626,165,20260914_211623_ogbn-papers100M_FedAvg_bs2048_seed42_beta10000p0,True,True
2048,149,cuda_max_memory_allocated_bytes,414616576,395.4091796875,569538,42342,165,20260914_211623_ogbn-papers100M_FedAvg_bs2048_seed42_beta10000p0,True,True
2048,150,cuda_max_memory_allocated_bytes,406994432,388.14013671875,569538,41834,165,20260914_211623_ogbn-papers100M_FedAvg_bs2048_seed42_beta10000p0,True,True
2048,151,cuda_max_memory_allocated_bytes,415198208,395.9638671875,569538,42539,165,20260914_211623_ogbn-papers100M_FedAvg_bs2048_seed42_beta10000p0,True,True
2048,152,cuda_max_memory_allocated_bytes,407012352,388.1572265625,569538,41816,165,20260914_211623_ogbn-papers100M_FedAvg_bs2048_seed42_beta10000p0,True,True
2048,153,cuda_max_memory_allocated_bytes,406148608,387.33349609375,569538,42146,165,20260914_211623_ogbn-papers100M_FedAvg_bs2048_seed42_beta10000p0,True,True
2048,154,cuda_max_memory_allocated_bytes,406991872,388.1376953125,569538,42176,165,20260914_211623_ogbn-papers100M_FedAvg_bs2048_seed42_beta10000p0,True,True
2048,155,cuda_max_memory_allocated_bytes,406993920,388.1396484375,569538,42579,165,20260914_211623_ogbn-papers100M_FedAvg_bs2048_seed42_beta10000p0,True,True
2048,156,cuda_max_memory_allocated_bytes,407030272,388.17431640625,569538,42692,165,20260914_211623_ogbn-papers100M_FedAvg_bs2048_seed42_beta10000p0,True,True
2048,157,cuda_max_memory_allocated_bytes,407348224,388.4775390625,569538,42495,165,20260914_211623_ogbn-papers100M_FedAvg_bs2048_seed42_beta10000p0,True,True
2048,158,cuda_max_memory_allocated_bytes,406967296,388.1142578125,569538,42523,165,20260914_211623_ogbn-papers100M_FedAvg_bs2048_seed42_beta10000p0,True,True
2048,159,cuda_max_memory_allocated_bytes,415257600,396.0205078125,569538,42420,165,20260914_211623_ogbn-papers100M_FedAvg_bs2048_seed42_beta10000p0,True,True
2048,160,cuda_max_memory_allocated_bytes,407070208,388.21240234375,569538,43253,165,20260914_211623_ogbn-papers100M_FedAvg_bs2048_seed42_beta10000p0,True,True
2048,161,cuda_max_memory_allocated_bytes,415188992,395.955078125,569538,42194,165,20260914_211623_ogbn-papers100M_FedAvg_bs2048_seed42_beta10000p0,True,True
2048,162,cuda_max_memory_allocated_bytes,415246848,396.01025390625,569538,42360,165,20260914_211623_ogbn-papers100M_FedAvg_bs2048_seed42_beta10000p0,True,True
2048,163,cuda_max_memory_allocated_bytes,407000064,388.1455078125,569538,42567,165,20260914_211623_ogbn-papers100M_FedAvg_bs2048_seed42_beta10000p0,True,True
2048,164,cuda_max_memory_allocated_bytes,406963712,388.11083984375,569538,41939,165,20260914_211623_ogbn-papers100M_FedAvg_bs2048_seed42_beta10000p0,True,True
2048,165,cuda_max_memory_allocated_bytes,415243776,396.00732421875,569538,43107,165,20260914_211623_ogbn-papers100M_FedAvg_bs2048_seed42_beta10000p0,True,True
2048,166,cuda_max_memory_allocated_bytes,407019008,388.16357421875,569538,42220,165,20260914_211623_ogbn-papers100M_FedAvg_bs2048_seed42_beta10000p0,True,True
2048,167,cuda_max_memory_allocated_bytes,407041536,388.18505859375,569538,41828,165,20260914_211623_ogbn-papers100M_FedAvg_bs2048_seed42_beta10000p0,True,True
2048,168,cuda_max_memory_allocated_bytes,406985728,388.1318359375,569538,42494,165,20260914_211623_ogbn-papers100M_FedAvg_bs2048_seed42_beta10000p0,True,True
2048,169,cuda_max_memory_allocated_bytes,407003648,388.14892578125,569538,42483,165,20260914_211623_ogbn-papers100M_FedAvg_bs2048_seed42_beta10000p0,True,True
2048,170,cuda_max_memory_allocated_bytes,406991872,388.1376953125,569538,42465,165,20260914_211623_ogbn-papers100M_FedAvg_bs2048_seed42_beta10000p0,True,True
2048,171,cuda_max_memory_allocated_bytes,406961152,388.1083984375,569538,42399,165,20260914_211623_ogbn-papers100M_FedAvg_bs2048_seed42_beta10000p0,True,True
2048,172,cuda_max_memory_allocated_bytes,415295488,396.056640625,569538,42341,165,20260914_211623_ogbn-papers100M_FedAvg_bs2048_seed42_beta10000p0,True,True
2048,173,cuda_max_memory_allocated_bytes,415231488,395.99560546875,569538,42635,165,20260914_211623_ogbn-papers100M_FedAvg_bs2048_seed42_beta10000p0,True,True
2048,174,cuda_max_memory_allocated_bytes,406987264,388.13330078125,569538,42816,165,20260914_211623_ogbn-papers100M_FedAvg_bs2048_seed42_beta10000p0,True,True
2048,175,cuda_max_memory_allocated_bytes,406992896,388.138671875,569538,42144,165,20260914_211623_ogbn-papers100M_FedAvg_bs2048_seed42_beta10000p0,True,True
2048,176,cuda_max_memory_allocated_bytes,415260160,396.02294921875,569538,42031,165,20260914_211623_ogbn-papers100M_FedAvg_bs2048_seed42_beta10000p0,True,True
2048,177,cuda_max_memory_allocated_bytes,415275520,396.03759765625,569538,42925,165,20260914_211623_ogbn-papers100M_FedAvg_bs2048_seed42_beta10000p0,True,True
2048,178,cuda_max_memory_allocated_bytes,415222272,395.98681640625,569538,42505,165,20260914_211623_ogbn-papers100M_FedAvg_bs2048_seed42_beta10000p0,True,True
2048,179,cuda_max_memory_allocated_bytes,407053312,388.1962890625,569538,42742,165,20260914_211623_ogbn-papers100M_FedAvg_bs2048_seed42_beta10000p0,True,True
2048,180,cuda_max_memory_allocated_bytes,407027200,388.17138671875,569538,42844,165,20260914_211623_ogbn-papers100M_FedAvg_bs2048_seed42_beta10000p0,True,True
2048,181,cuda_max_memory_allocated_bytes,406998528,388.14404296875,569538,42424,165,20260914_211623_ogbn-papers100M_FedAvg_bs2048_seed42_beta10000p0,True,True
2048,182,cuda_max_memory_allocated_bytes,406956544,388.10400390625,569538,42304,165,20260914_211623_ogbn-papers100M_FedAvg_bs2048_seed42_beta10000p0,True,True
2048,183,cuda_max_memory_allocated_bytes,414128640,394.94384765625,569538,41650,165,20260914_211623_ogbn-papers100M_FedAvg_bs2048_seed42_beta10000p0,True,True
2048,184,cuda_max_memory_allocated_bytes,415196160,395.9619140625,569538,42971,165,20260914_211623_ogbn-papers100M_FedAvg_bs2048_seed42_beta10000p0,True,True
2048,185,cuda_max_memory_allocated_bytes,406965248,388.1123046875,569538,41887,165,20260914_211623_ogbn-papers100M_FedAvg_bs2048_seed42_beta10000p0,True,True
2048,186,cuda_max_memory_allocated_bytes,407031808,388.17578125,569538,42308,165,20260914_211623_ogbn-papers100M_FedAvg_bs2048_seed42_beta10000p0,True,True
2048,187,cuda_max_memory_allocated_bytes,414733312,395.5205078125,569538,42395,165,20260914_211623_ogbn-papers100M_FedAvg_bs2048_seed42_beta10000p0,True,True
2048,188,cuda_max_memory_allocated_bytes,415200256,395.9658203125,569538,42504,165,20260914_211623_ogbn-papers100M_FedAvg_bs2048_seed42_beta10000p0,True,True
2048,189,cuda_max_memory_allocated_bytes,406956544,388.10400390625,569538,41857,165,20260914_211623_ogbn-papers100M_FedAvg_bs2048_seed42_beta10000p0,True,True
2048,190,cuda_max_memory_allocated_bytes,406986240,388.13232421875,569538,42537,165,20260914_211623_ogbn-papers100M_FedAvg_bs2048_seed42_beta10000p0,True,True
2048,191,cuda_max_memory_allocated_bytes,406959104,388.1064453125,569538,42364,165,20260914_211623_ogbn-papers100M_FedAvg_bs2048_seed42_beta10000p0,True,True
2048,192,cuda_max_memory_allocated_bytes,414156288,394.97021484375,569538,42279,165,20260914_211623_ogbn-papers100M_FedAvg_bs2048_seed42_beta10000p0,True,True
2048,193,cuda_max_memory_allocated_bytes,406988288,388.13427734375,569538,42402,165,20260914_211623_ogbn-papers100M_FedAvg_bs2048_seed42_beta10000p0,True,True
2048,194,cuda_max_memory_allocated_bytes,414649856,395.44091796875,569538,42488,165,20260914_211623_ogbn-papers100M_FedAvg_bs2048_seed42_beta10000p0,True,True
4096,0,cuda_max_memory_allocated_bytes,413708800,394.54345703125,569539,42085,165,20260914_212747_ogbn-papers100M_FedAvg_bs4096_seed42_beta10000p0,True,True
4096,1,cuda_max_memory_allocated_bytes,427788800,407.97119140625,569539,42192,165,20260914_212747_ogbn-papers100M_FedAvg_bs4096_seed42_beta10000p0,True,True
4096,2,cuda_max_memory_allocated_bytes,413839872,394.66845703125,569539,42649,165,20260914_212747_ogbn-papers100M_FedAvg_bs4096_seed42_beta10000p0,True,True
4096,3,cuda_max_memory_allocated_bytes,413304832,394.158203125,569539,42566,165,20260914_212747_ogbn-papers100M_FedAvg_bs4096_seed42_beta10000p0,True,True
4096,4,cuda_max_memory_allocated_bytes,413535744,394.37841796875,569539,42106,165,20260914_212747_ogbn-papers100M_FedAvg_bs4096_seed42_beta10000p0,True,True
4096,5,cuda_max_memory_allocated_bytes,413338624,394.1904296875,569539,42478,165,20260914_212747_ogbn-papers100M_FedAvg_bs4096_seed42_beta10000p0,True,True
4096,6,cuda_max_memory_allocated_bytes,413752320,394.5849609375,569539,41630,165,20260914_212747_ogbn-papers100M_FedAvg_bs4096_seed42_beta10000p0,True,True
4096,7,cuda_max_memory_allocated_bytes,413296128,394.14990234375,569539,42632,165,20260914_212747_ogbn-papers100M_FedAvg_bs4096_seed42_beta10000p0,True,True
4096,8,cuda_max_memory_allocated_bytes,413797888,394.62841796875,569539,41951,165,20260914_212747_ogbn-papers100M_FedAvg_bs4096_seed42_beta10000p0,True,True
4096,9,cuda_max_memory_allocated_bytes,428028928,408.2001953125,569539,43121,165,20260914_212747_ogbn-papers100M_FedAvg_bs4096_seed42_beta10000p0,True,True
4096,10,cuda_max_memory_allocated_bytes,413649920,394.4873046875,569539,42455,165,20260914_212747_ogbn-papers100M_FedAvg_bs4096_seed42_beta10000p0,True,True
4096,11,cuda_max_memory_allocated_bytes,427832320,408.0126953125,569539,42613,165,20260914_212747_ogbn-papers100M_FedAvg_bs4096_seed42_beta10000p0,True,True
4096,12,cuda_max_memory_allocated_bytes,413943808,394.767578125,569539,42902,165,20260914_212747_ogbn-papers100M_FedAvg_bs4096_seed42_beta10000p0,True,True
4096,13,cuda_max_memory_allocated_bytes,428049920,408.22021484375,569539,42317,165,20260914_212747_ogbn-papers100M_FedAvg_bs4096_seed42_beta10000p0,True,True
4096,14,cuda_max_memory_allocated_bytes,413478912,394.32421875,569539,42296,165,20260914_212747_ogbn-papers100M_FedAvg_bs4096_seed42_beta10000p0,True,True
4096,15,cuda_max_memory_allocated_bytes,428268032,408.42822265625,569539,42146,165,20260914_212747_ogbn-papers100M_FedAvg_bs4096_seed42_beta10000p0,True,True
4096,16,cuda_max_memory_allocated_bytes,427881472,408.0595703125,569539,41922,165,20260914_212747_ogbn-papers100M_FedAvg_bs4096_seed42_beta10000p0,True,True
4096,17,cuda_max_memory_allocated_bytes,413541376,394.3837890625,569539,42390,165,20260914_212747_ogbn-papers100M_FedAvg_bs4096_seed42_beta10000p0,True,True
4096,18,cuda_max_memory_allocated_bytes,413575680,394.41650390625,569539,41847,165,20260914_212747_ogbn-papers100M_FedAvg_bs4096_seed42_beta10000p0,True,True
4096,19,cuda_max_memory_allocated_bytes,414400512,395.203125,569539,42582,165,20260914_212747_ogbn-papers100M_FedAvg_bs4096_seed42_beta10000p0,True,True
4096,20,cuda_max_memory_allocated_bytes,413721600,394.5556640625,569539,42966,165,20260914_212747_ogbn-papers100M_FedAvg_bs4096_seed42_beta10000p0,True,True
4096,21,cuda_max_memory_allocated_bytes,413635072,394.47314453125,569539,42584,165,20260914_212747_ogbn-papers100M_FedAvg_bs4096_seed42_beta10000p0,True,True
4096,22,cuda_max_memory_allocated_bytes,427913728,408.09033203125,569539,42003,165,20260914_212747_ogbn-papers100M_FedAvg_bs4096_seed42_beta10000p0,True,True
4096,23,cuda_max_memory_allocated_bytes,413708288,394.54296875,569539,42415,165,20260914_212747_ogbn-papers100M_FedAvg_bs4096_seed42_beta10000p0,True,True
4096,24,cuda_max_memory_allocated_bytes,427943936,408.119140625,569539,41850,165,20260914_212747_ogbn-papers100M_FedAvg_bs4096_seed42_beta10000p0,True,True
4096,25,cuda_max_memory_allocated_bytes,413681664,394.517578125,569539,42152,165,20260914_212747_ogbn-papers100M_FedAvg_bs4096_seed42_beta10000p0,True,True
4096,26,cuda_max_memory_allocated_bytes,428075520,408.24462890625,569539,42344,165,20260914_212747_ogbn-papers100M_FedAvg_bs4096_seed42_beta10000p0,True,True
4096,27,cuda_max_memory_allocated_bytes,413673472,394.509765625,569539,42322,165,20260914_212747_ogbn-papers100M_FedAvg_bs4096_seed42_beta10000p0,True,True
4096,28,cuda_max_memory_allocated_bytes,413588480,394.4287109375,569539,43060,165,20260914_212747_ogbn-papers100M_FedAvg_bs4096_seed42_beta10000p0,True,True
4096,29,cuda_max_memory_allocated_bytes,413591552,394.431640625,569539,43189,165,20260914_212747_ogbn-papers100M_FedAvg_bs4096_seed42_beta10000p0,True,True
4096,30,cuda_max_memory_allocated_bytes,413477376,394.32275390625,569539,42646,165,20260914_212747_ogbn-papers100M_FedAvg_bs4096_seed42_beta10000p0,True,True
4096,31,cuda_max_memory_allocated_bytes,413537280,394.3798828125,569539,42757,165,20260914_212747_ogbn-papers100M_FedAvg_bs4096_seed42_beta10000p0,True,True
4096,32,cuda_max_memory_allocated_bytes,427986944,408.16015625,569539,42148,165,20260914_212747_ogbn-papers100M_FedAvg_bs4096_seed42_beta10000p0,True,True
4096,33,cuda_max_memory_allocated_bytes,428190208,408.35400390625,569539,43164,165,20260914_212747_ogbn-papers100M_FedAvg_bs4096_seed42_beta10000p0,True,True
4096,34,cuda_max_memory_allocated_bytes,427742720,407.92724609375,569539,42454,165,20260914_212747_ogbn-papers100M_FedAvg_bs4096_seed42_beta10000p0,True,True
4096,35,cuda_max_memory_allocated_bytes,413359104,394.2099609375,569539,43289,165,20260914_212747_ogbn-papers100M_FedAvg_bs4096_seed42_beta10000p0,True,True
4096,36,cuda_max_memory_allocated_bytes,413425664,394.2734375,569539,42743,165,20260914_212747_ogbn-papers100M_FedAvg_bs4096_seed42_beta10000p0,True,True
4096,37,cuda_max_memory_allocated_bytes,413521408,394.36474609375,569539,42489,165,20260914_212747_ogbn-papers100M_FedAvg_bs4096_seed42_beta10000p0,True,True
4096,38,cuda_max_memory_allocated_bytes,427765248,407.94873046875,569539,43384,165,20260914_212747_ogbn-papers100M_FedAvg_bs4096_seed42_beta10000p0,True,True
4096,39,cuda_max_memory_allocated_bytes,413608960,394.4482421875,569539,43634,165,20260914_212747_ogbn-papers100M_FedAvg_bs4096_seed42_beta10000p0,True,True
4096,40,cuda_max_memory_allocated_bytes,413649408,394.48681640625,569539,42548,165,20260914_212747_ogbn-papers100M_FedAvg_bs4096_seed42_beta10000p0,True,True
4096,41,cuda_max_memory_allocated_bytes,428129792,408.29638671875,569539,42113,165,20260914_212747_ogbn-papers100M_FedAvg_bs4096_seed42_beta10000p0,True,True
4096,42,cuda_max_memory_allocated_bytes,413606912,394.4462890625,569539,42360,165,20260914_212747_ogbn-papers100M_FedAvg_bs4096_seed42_beta10000p0,True,True
4096,43,cuda_max_memory_allocated_bytes,413417984,394.26611328125,569539,42194,165,20260914_212747_ogbn-papers100M_FedAvg_bs4096_seed42_beta10000p0,True,True
4096,44,cuda_max_memory_allocated_bytes,427892224,408.06982421875,569539,42371,165,20260914_212747_ogbn-papers100M_FedAvg_bs4096_seed42_beta10000p0,True,True
4096,45,cuda_max_memory_allocated_bytes,427755008,407.93896484375,569539,42610,165,20260914_212747_ogbn-papers100M_FedAvg_bs4096_seed42_beta10000p0,True,True
4096,46,cuda_max_memory_allocated_bytes,413697536,394.53271484375,569538,42482,165,20260914_212747_ogbn-papers100M_FedAvg_bs4096_seed42_beta10000p0,True,True
4096,47,cuda_max_memory_allocated_bytes,428179968,408.34423828125,569538,42568,165,20260914_212747_ogbn-papers100M_FedAvg_bs4096_seed42_beta10000p0,True,True
4096,48,cuda_max_memory_allocated_bytes,427918848,408.09521484375,569538,42836,165,20260914_212747_ogbn-papers100M_FedAvg_bs4096_seed42_beta10000p0,True,True
4096,49,cuda_max_memory_allocated_bytes,413633024,394.47119140625,569538,42558,165,20260914_212747_ogbn-papers100M_FedAvg_bs4096_seed42_beta10000p0,True,True
4096,50,cuda_max_memory_allocated_bytes,413547008,394.38916015625,569538,42598,165,20260914_212747_ogbn-papers100M_FedAvg_bs4096_seed42_beta10000p0,True,True
4096,51,cuda_max_memory_allocated_bytes,413576192,394.4169921875,569538,42423,165,20260914_212747_ogbn-papers100M_FedAvg_bs4096_seed42_beta10000p0,True,True
4096,52,cuda_max_memory_allocated_bytes,413660160,394.4970703125,569538,42096,165,20260914_212747_ogbn-papers100M_FedAvg_bs4096_seed42_beta10000p0,True,True
4096,53,cuda_max_memory_allocated_bytes,427558912,407.751953125,569538,42819,165,20260914_212747_ogbn-papers100M_FedAvg_bs4096_seed42_beta10000p0,True,True
4096,54,cuda_max_memory_allocated_bytes,413468160,394.31396484375,569538,41987,165,20260914_212747_ogbn-papers100M_FedAvg_bs4096_seed42_beta10000p0,True,True
4096,55,cuda_max_memory_allocated_bytes,428060672,408.23046875,569538,42945,165,20260914_212747_ogbn-papers100M_FedAvg_bs4096_seed42_beta10000p0,True,True
4096,56,cuda_max_memory_allocated_bytes,428541952,408.689453125,569538,42997,165,20260914_212747_ogbn-papers100M_FedAvg_bs4096_seed42_beta10000p0,True,True
4096,57,cuda_max_memory_allocated_bytes,427657728,407.84619140625,569538,42743,165,20260914_212747_ogbn-papers100M_FedAvg_bs4096_seed42_beta10000p0,True,True
4096,58,cuda_max_memory_allocated_bytes,413813760,394.6435546875,569538,43148,165,20260914_212747_ogbn-papers100M_FedAvg_bs4096_seed42_beta10000p0,True,True
4096,59,cuda_max_memory_allocated_bytes,413458944,394.30517578125,569538,42756,165,20260914_212747_ogbn-papers100M_FedAvg_bs4096_seed42_beta10000p0,True,True
4096,60,cuda_max_memory_allocated_bytes,413373440,394.2236328125,569538,41749,165,20260914_212747_ogbn-papers100M_FedAvg_bs4096_seed42_beta10000p0,True,True
4096,61,cuda_max_memory_allocated_bytes,413559296,394.40087890625,569538,42354,165,20260914_212747_ogbn-papers100M_FedAvg_bs4096_seed42_beta10000p0,True,True
4096,62,cuda_max_memory_allocated_bytes,428045824,408.21630859375,569538,43049,165,20260914_212747_ogbn-papers100M_FedAvg_bs4096_seed42_beta10000p0,True,True
4096,63,cuda_max_memory_allocated_bytes,413480960,394.326171875,569538,42524,165,20260914_212747_ogbn-papers100M_FedAvg_bs4096_seed42_beta10000p0,True,True
4096,64,cuda_max_memory_allocated_bytes,413682688,394.5185546875,569538,42105,165,20260914_212747_ogbn-papers100M_FedAvg_bs4096_seed42_beta10000p0,True,True
4096,65,cuda_max_memory_allocated_bytes,413729792,394.5634765625,569538,42707,165,20260914_212747_ogbn-papers100M_FedAvg_bs4096_seed42_beta10000p0,True,True
4096,66,cuda_max_memory_allocated_bytes,427730432,407.91552734375,569538,42115,165,20260914_212747_ogbn-papers100M_FedAvg_bs4096_seed42_beta10000p0,True,True
4096,67,cuda_max_memory_allocated_bytes,428632576,408.77587890625,569538,42991,165,20260914_212747_ogbn-papers100M_FedAvg_bs4096_seed42_beta10000p0,True,True
4096,68,cuda_max_memory_allocated_bytes,413633536,394.4716796875,569538,42019,165,20260914_212747_ogbn-papers100M_FedAvg_bs4096_seed42_beta10000p0,True,True
4096,69,cuda_max_memory_allocated_bytes,427901440,408.07861328125,569538,42344,165,20260914_212747_ogbn-papers100M_FedAvg_bs4096_seed42_beta10000p0,True,True
4096,70,cuda_max_memory_allocated_bytes,413403648,394.25244140625,569538,42297,165,20260914_212747_ogbn-papers100M_FedAvg_bs4096_seed42_beta10000p0,True,True
4096,71,cuda_max_memory_allocated_bytes,413741056,394.57421875,569538,42864,165,20260914_212747_ogbn-papers100M_FedAvg_bs4096_seed42_beta10000p0,True,True
4096,72,cuda_max_memory_allocated_bytes,413407744,394.25634765625,569538,42513,165,20260914_212747_ogbn-papers100M_FedAvg_bs4096_seed42_beta10000p0,True,True
4096,73,cuda_max_memory_allocated_bytes,427951104,408.1259765625,569538,41910,165,20260914_212747_ogbn-papers100M_FedAvg_bs4096_seed42_beta10000p0,True,True
4096,74,cuda_max_memory_allocated_bytes,427823104,408.00390625,569538,42845,165,20260914_212747_ogbn-papers100M_FedAvg_bs4096_seed42_beta10000p0,True,True
4096,75,cuda_max_memory_allocated_bytes,427824640,408.00537109375,569538,42471,165,20260914_212747_ogbn-papers100M_FedAvg_bs4096_seed42_beta10000p0,True,True
4096,76,cuda_max_memory_allocated_bytes,413490176,394.3349609375,569538,42738,165,20260914_212747_ogbn-papers100M_FedAvg_bs4096_seed42_beta10000p0,True,True
4096,77,cuda_max_memory_allocated_bytes,413735424,394.56884765625,569538,42424,165,20260914_212747_ogbn-papers100M_FedAvg_bs4096_seed42_beta10000p0,True,True
4096,78,cuda_max_memory_allocated_bytes,427914240,408.0908203125,569538,42456,165,20260914_212747_ogbn-papers100M_FedAvg_bs4096_seed42_beta10000p0,True,True
4096,79,cuda_max_memory_allocated_bytes,428508672,408.65771484375,569538,42850,165,20260914_212747_ogbn-papers100M_FedAvg_bs4096_seed42_beta10000p0,True,True
4096,80,cuda_max_memory_allocated_bytes,413447168,394.2939453125,569538,42105,165,20260914_212747_ogbn-papers100M_FedAvg_bs4096_seed42_beta10000p0,True,True
4096,81,cuda_max_memory_allocated_bytes,413536768,394.37939453125,569538,43104,165,20260914_212747_ogbn-papers100M_FedAvg_bs4096_seed42_beta10000p0,True,True
4096,82,cuda_max_memory_allocated_bytes,427862528,408.04150390625,569538,42245,165,20260914_212747_ogbn-papers100M_FedAvg_bs4096_seed42_beta10000p0,True,True
4096,83,cuda_max_memory_allocated_bytes,427607552,407.79833984375,569538,42180,165,20260914_212747_ogbn-papers100M_FedAvg_bs4096_seed42_beta10000p0,True,True
4096,84,cuda_max_memory_allocated_bytes,413474304,394.31982421875,569538,42400,165,20260914_212747_ogbn-papers100M_FedAvg_bs4096_seed42_beta10000p0,True,True
4096,85,cuda_max_memory_allocated_bytes,428069888,408.2392578125,569538,42420,165,20260914_212747_ogbn-papers100M_FedAvg_bs4096_seed42_beta10000p0,True,True
4096,86,cuda_max_memory_allocated_bytes,413613056,394.4521484375,569538,42300,165,20260914_212747_ogbn-papers100M_FedAvg_bs4096_seed42_beta10000p0,True,True
4096,87,cuda_max_memory_allocated_bytes,427949568,408.12451171875,569538,42097,165,20260914_212747_ogbn-papers100M_FedAvg_bs4096_seed42_beta10000p0,True,True
4096,88,cuda_max_memory_allocated_bytes,413513728,394.357421875,569538,43090,165,20260914_212747_ogbn-papers100M_FedAvg_bs4096_seed42_beta10000p0,True,True
4096,89,cuda_max_memory_allocated_bytes,427960832,408.13525390625,569538,42182,165,20260914_212747_ogbn-papers100M_FedAvg_bs4096_seed42_beta10000p0,True,True
4096,90,cuda_max_memory_allocated_bytes,413735424,394.56884765625,569538,42803,165,20260914_212747_ogbn-papers100M_FedAvg_bs4096_seed42_beta10000p0,True,True
4096,91,cuda_max_memory_allocated_bytes,427992576,408.16552734375,569538,42567,165,20260914_212747_ogbn-papers100M_FedAvg_bs4096_seed42_beta10000p0,True,True
4096,92,cuda_max_memory_allocated_bytes,428127744,408.29443359375,569538,42263,165,20260914_212747_ogbn-papers100M_FedAvg_bs4096_seed42_beta10000p0,True,True
4096,93,cuda_max_memory_allocated_bytes,413465600,394.3115234375,569538,41896,165,20260914_212747_ogbn-papers100M_FedAvg_bs4096_seed42_beta10000p0,True,True
4096,94,cuda_max_memory_allocated_bytes,427983360,408.15673828125,569538,42067,165,20260914_212747_ogbn-papers100M_FedAvg_bs4096_seed42_beta10000p0,True,True
4096,95,cuda_max_memory_allocated_bytes,413870080,394.697265625,569538,41918,165,20260914_212747_ogbn-papers100M_FedAvg_bs4096_seed42_beta10000p0,True,True
4096,96,cuda_max_memory_allocated_bytes,427853312,408.03271484375,569538,42003,165,20260914_212747_ogbn-papers100M_FedAvg_bs4096_seed42_beta10000p0,True,True
4096,97,cuda_max_memory_allocated_bytes,413576704,394.41748046875,569538,42810,165,20260914_212747_ogbn-papers100M_FedAvg_bs4096_seed42_beta10000p0,True,True
4096,98,cuda_max_memory_allocated_bytes,413331456,394.18359375,569538,42584,165,20260914_212747_ogbn-papers100M_FedAvg_bs4096_seed42_beta10000p0,True,True
4096,99,cuda_max_memory_allocated_bytes,413627392,394.4658203125,569538,42216,165,20260914_212747_ogbn-papers100M_FedAvg_bs4096_seed42_beta10000p0,True,True
4096,100,cuda_max_memory_allocated_bytes,413615616,394.45458984375,569538,42148,165,20260914_212747_ogbn-papers100M_FedAvg_bs4096_seed42_beta10000p0,True,True
4096,101,cuda_max_memory_allocated_bytes,427741184,407.92578125,569538,41381,165,20260914_212747_ogbn-papers100M_FedAvg_bs4096_seed42_beta10000p0,True,True
4096,102,cuda_max_memory_allocated_bytes,413429248,394.27685546875,569538,42621,165,20260914_212747_ogbn-papers100M_FedAvg_bs4096_seed42_beta10000p0,True,True
4096,103,cuda_max_memory_allocated_bytes,413789696,394.62060546875,569538,42422,165,20260914_212747_ogbn-papers100M_FedAvg_bs4096_seed42_beta10000p0,True,True
4096,104,cuda_max_memory_allocated_bytes,413671424,394.5078125,569538,42519,165,20260914_212747_ogbn-papers100M_FedAvg_bs4096_seed42_beta10000p0,True,True
4096,105,cuda_max_memory_allocated_bytes,413464576,394.310546875,569538,42552,165,20260914_212747_ogbn-papers100M_FedAvg_bs4096_seed42_beta10000p0,True,True
4096,106,cuda_max_memory_allocated_bytes,413620736,394.45947265625,569538,42631,165,20260914_212747_ogbn-papers100M_FedAvg_bs4096_seed42_beta10000p0,True,True
4096,107,cuda_max_memory_allocated_bytes,413613056,394.4521484375,569538,42612,165,20260914_212747_ogbn-papers100M_FedAvg_bs4096_seed42_beta10000p0,True,True
4096,108,cuda_max_memory_allocated_bytes,413597184,394.43701171875,569538,42490,165,20260914_212747_ogbn-papers100M_FedAvg_bs4096_seed42_beta10000p0,True,True
4096,109,cuda_max_memory_allocated_bytes,413432832,394.2802734375,569538,42260,165,20260914_212747_ogbn-papers100M_FedAvg_bs4096_seed42_beta10000p0,True,True
4096,110,cuda_max_memory_allocated_bytes,413427712,394.275390625,569538,42979,165,20260914_212747_ogbn-papers100M_FedAvg_bs4096_seed42_beta10000p0,True,True
4096,111,cuda_max_memory_allocated_bytes,427740160,407.9248046875,569538,41990,165,20260914_212747_ogbn-papers100M_FedAvg_bs4096_seed42_beta10000p0,True,True
4096,112,cuda_max_memory_allocated_bytes,428249088,408.41015625,569538,41881,165,20260914_212747_ogbn-papers100M_FedAvg_bs4096_seed42_beta10000p0,True,True
4096,113,cuda_max_memory_allocated_bytes,428262400,408.4228515625,569538,42543,165,20260914_212747_ogbn-papers100M_FedAvg_bs4096_seed42_beta10000p0,True,True
4096,114,cuda_max_memory_allocated_bytes,428527104,408.67529296875,569538,42145,165,20260914_212747_ogbn-papers100M_FedAvg_bs4096_seed42_beta10000p0,True,True
4096,115,cuda_max_memory_allocated_bytes,427906048,408.0830078125,569538,42653,165,20260914_212747_ogbn-papers100M_FedAvg_bs4096_seed42_beta10000p0,True,True
4096,116,cuda_max_memory_allocated_bytes,427894784,408.072265625,569538,42140,165,20260914_212747_ogbn-papers100M_FedAvg_bs4096_seed42_beta10000p0,True,True
4096,117,cuda_max_memory_allocated_bytes,427857920,408.037109375,569538,42206,165,20260914_212747_ogbn-papers100M_FedAvg_bs4096_seed42_beta10000p0,True,True
4096,118,cuda_max_memory_allocated_bytes,413479936,394.3251953125,569538,41664,165,20260914_212747_ogbn-papers100M_FedAvg_bs4096_seed42_beta10000p0,True,True
4096,119,cuda_max_memory_allocated_bytes,413837312,394.666015625,569538,42642,165,20260914_212747_ogbn-papers100M_FedAvg_bs4096_seed42_beta10000p0,True,True
4096,120,cuda_max_memory_allocated_bytes,413538816,394.38134765625,569538,43040,165,20260914_212747_ogbn-papers100M_FedAvg_bs4096_seed42_beta10000p0,True,True
4096,121,cuda_max_memory_allocated_bytes,413639168,394.47705078125,569538,41451,165,20260914_212747_ogbn-papers100M_FedAvg_bs4096_seed42_beta10000p0,True,True
4096,122,cuda_max_memory_allocated_bytes,428130816,408.29736328125,569538,42278,165,20260914_212747_ogbn-papers100M_FedAvg_bs4096_seed42_beta10000p0,True,True
4096,123,cuda_max_memory_allocated_bytes,427945472,408.12060546875,569538,42105,165,20260914_212747_ogbn-papers100M_FedAvg_bs4096_seed42_beta10000p0,True,True
4096,124,cuda_max_memory_allocated_bytes,427905536,408.08251953125,569538,43578,165,20260914_212747_ogbn-papers100M_FedAvg_bs4096_seed42_beta10000p0,True,True
4096,125,cuda_max_memory_allocated_bytes,428148224,408.31396484375,569538,42832,165,20260914_212747_ogbn-papers100M_FedAvg_bs4096_seed42_beta10000p0,True,True
4096,126,cuda_max_memory_allocated_bytes,413759488,394.591796875,569538,42506,165,20260914_212747_ogbn-papers100M_FedAvg_bs4096_seed42_beta10000p0,True,True
4096,127,cuda_max_memory_allocated_bytes,427892224,408.06982421875,569538,42021,165,20260914_212747_ogbn-papers100M_FedAvg_bs4096_seed42_beta10000p0,True,True
4096,128,cuda_max_memory_allocated_bytes,427959296,408.1337890625,569538,42892,165,20260914_212747_ogbn-papers100M_FedAvg_bs4096_seed42_beta10000p0,True,True
4096,129,cuda_max_memory_allocated_bytes,427819520,408.00048828125,569538,42089,165,20260914_212747_ogbn-papers100M_FedAvg_bs4096_seed42_beta10000p0,True,True
4096,130,cuda_max_memory_allocated_bytes,413499392,394.34375,569538,42978,165,20260914_212747_ogbn-papers100M_FedAvg_bs4096_seed42_beta10000p0,True,True
4096,131,cuda_max_memory_allocated_bytes,413516288,394.35986328125,569538,42644,165,20260914_212747_ogbn-papers100M_FedAvg_bs4096_seed42_beta10000p0,True,True
4096,132,cuda_max_memory_allocated_bytes,428509184,408.658203125,569538,42241,165,20260914_212747_ogbn-papers100M_FedAvg_bs4096_seed42_beta10000p0,True,True
4096,133,cuda_max_memory_allocated_bytes,427989504,408.16259765625,569538,42714,165,20260914_212747_ogbn-papers100M_FedAvg_bs4096_seed42_beta10000p0,True,True
4096,134,cuda_max_memory_allocated_bytes,413548032,394.39013671875,569538,44260,165,20260914_212747_ogbn-papers100M_FedAvg_bs4096_seed42_beta10000p0,True,True
4096,135,cuda_max_memory_allocated_bytes,413536256,394.37890625,569538,42984,165,20260914_212747_ogbn-papers100M_FedAvg_bs4096_seed42_beta10000p0,True,True
4096,136,cuda_max_memory_allocated_bytes,427914240,408.0908203125,569538,43648,165,20260914_212747_ogbn-papers100M_FedAvg_bs4096_seed42_beta10000p0,True,True
4096,137,cuda_max_memory_allocated_bytes,413819392,394.64892578125,569538,43556,165,20260914_212747_ogbn-papers100M_FedAvg_bs4096_seed42_beta10000p0,True,True
4096,138,cuda_max_memory_allocated_bytes,413947904,394.771484375,569538,42964,165,20260914_212747_ogbn-papers100M_FedAvg_bs4096_seed42_beta10000p0,True,True
4096,139,cuda_max_memory_allocated_bytes,413436928,394.2841796875,569538,42537,165,20260914_212747_ogbn-papers100M_FedAvg_bs4096_seed42_beta10000p0,True,True
4096,140,cuda_max_memory_allocated_bytes,413526528,394.36962890625,569538,42870,165,20260914_212747_ogbn-papers100M_FedAvg_bs4096_seed42_beta10000p0,True,True
4096,141,cuda_max_memory_allocated_bytes,428289536,408.44873046875,569538,42495,165,20260914_212747_ogbn-papers100M_FedAvg_bs4096_seed42_beta10000p0,True,True
4096,142,cuda_max_memory_allocated_bytes,428201472,408.36474609375,569538,42349,165,20260914_212747_ogbn-papers100M_FedAvg_bs4096_seed42_beta10000p0,True,True
4096,143,cuda_max_memory_allocated_bytes,428278784,408.4384765625,569538,41728,165,20260914_212747_ogbn-papers100M_FedAvg_bs4096_seed42_beta10000p0,True,True
4096,144,cuda_max_memory_allocated_bytes,427920896,408.09716796875,569538,42912,165,20260914_212747_ogbn-papers100M_FedAvg_bs4096_seed42_beta10000p0,True,True
4096,145,cuda_max_memory_allocated_bytes,413632000,394.47021484375,569538,43085,165,20260914_212747_ogbn-papers100M_FedAvg_bs4096_seed42_beta10000p0,True,True
4096,146,cuda_max_memory_allocated_bytes,428147712,408.3134765625,569538,43108,165,20260914_212747_ogbn-papers100M_FedAvg_bs4096_seed42_beta10000p0,True,True
4096,147,cuda_max_memory_allocated_bytes,413798912,394.62939453125,569538,43269,165,20260914_212747_ogbn-papers100M_FedAvg_bs4096_seed42_beta10000p0,True,True
4096,148,cuda_max_memory_allocated_bytes,413721088,394.55517578125,569538,42626,165,20260914_212747_ogbn-papers100M_FedAvg_bs4096_seed42_beta10000p0,True,True
4096,149,cuda_max_memory_allocated_bytes,413987840,394.8095703125,569538,42342,165,20260914_212747_ogbn-papers100M_FedAvg_bs4096_seed42_beta10000p0,True,True
4096,150,cuda_max_memory_allocated_bytes,413721600,394.5556640625,569538,41834,165,20260914_212747_ogbn-papers100M_FedAvg_bs4096_seed42_beta10000p0,True,True
4096,151,cuda_max_memory_allocated_bytes,427820032,408.0009765625,569538,42539,165,20260914_212747_ogbn-papers100M_FedAvg_bs4096_seed42_beta10000p0,True,True
4096,152,cuda_max_memory_allocated_bytes,413642752,394.48046875,569538,41816,165,20260914_212747_ogbn-papers100M_FedAvg_bs4096_seed42_beta10000p0,True,True
4096,153,cuda_max_memory_allocated_bytes,428076544,408.24560546875,569538,42146,165,20260914_212747_ogbn-papers100M_FedAvg_bs4096_seed42_beta10000p0,True,True
4096,154,cuda_max_memory_allocated_bytes,427773440,407.95654296875,569538,42176,165,20260914_212747_ogbn-papers100M_FedAvg_bs4096_seed42_beta10000p0,True,True
4096,155,cuda_max_memory_allocated_bytes,413767680,394.599609375,569538,42579,165,20260914_212747_ogbn-papers100M_FedAvg_bs4096_seed42_beta10000p0,True,True
4096,156,cuda_max_memory_allocated_bytes,427654144,407.8427734375,569538,42692,165,20260914_212747_ogbn-papers100M_FedAvg_bs4096_seed42_beta10000p0,True,True
4096,157,cuda_max_memory_allocated_bytes,430410240,410.47119140625,569538,42495,165,20260914_212747_ogbn-papers100M_FedAvg_bs4096_seed42_beta10000p0,True,True
4096,158,cuda_max_memory_allocated_bytes,428113408,408.28076171875,569538,42523,165,20260914_212747_ogbn-papers100M_FedAvg_bs4096_seed42_beta10000p0,True,True
4096,159,cuda_max_memory_allocated_bytes,427719168,407.90478515625,569538,42420,165,20260914_212747_ogbn-papers100M_FedAvg_bs4096_seed42_beta10000p0,True,True
4096,160,cuda_max_memory_allocated_bytes,413346304,394.19775390625,569538,43253,165,20260914_212747_ogbn-papers100M_FedAvg_bs4096_seed42_beta10000p0,True,True
4096,161,cuda_max_memory_allocated_bytes,413648896,394.486328125,569538,42194,165,20260914_212747_ogbn-papers100M_FedAvg_bs4096_seed42_beta10000p0,True,True
4096,162,cuda_max_memory_allocated_bytes,413534720,394.37744140625,569538,42360,165,20260914_212747_ogbn-papers100M_FedAvg_bs4096_seed42_beta10000p0,True,True
4096,163,cuda_max_memory_allocated_bytes,413834240,394.6630859375,569538,42567,165,20260914_212747_ogbn-papers100M_FedAvg_bs4096_seed42_beta10000p0,True,True
4096,164,cuda_max_memory_allocated_bytes,428105728,408.2734375,569538,41939,165,20260914_212747_ogbn-papers100M_FedAvg_bs4096_seed42_beta10000p0,True,True
4096,165,cuda_max_memory_allocated_bytes,427851776,408.03125,569538,43107,165,20260914_212747_ogbn-papers100M_FedAvg_bs4096_seed42_beta10000p0,True,True
4096,166,cuda_max_memory_allocated_bytes,413456896,394.30322265625,569538,42220,165,20260914_212747_ogbn-papers100M_FedAvg_bs4096_seed42_beta10000p0,True,True
4096,167,cuda_max_memory_allocated_bytes,413585920,394.42626953125,569538,41828,165,20260914_212747_ogbn-papers100M_FedAvg_bs4096_seed42_beta10000p0,True,True
4096,168,cuda_max_memory_allocated_bytes,413473792,394.3193359375,569538,42494,165,20260914_212747_ogbn-papers100M_FedAvg_bs4096_seed42_beta10000p0,True,True
4096,169,cuda_max_memory_allocated_bytes,413561856,394.4033203125,569538,42483,165,20260914_212747_ogbn-papers100M_FedAvg_bs4096_seed42_beta10000p0,True,True
4096,170,cuda_max_memory_allocated_bytes,413418496,394.2666015625,569538,42465,165,20260914_212747_ogbn-papers100M_FedAvg_bs4096_seed42_beta10000p0,True,True
4096,171,cuda_max_memory_allocated_bytes,413654528,394.49169921875,569538,42399,165,20260914_212747_ogbn-papers100M_FedAvg_bs4096_seed42_beta10000p0,True,True
4096,172,cuda_max_memory_allocated_bytes,428254208,408.4150390625,569538,42341,165,20260914_212747_ogbn-papers100M_FedAvg_bs4096_seed42_beta10000p0,True,True
4096,173,cuda_max_memory_allocated_bytes,427762176,407.94580078125,569538,42635,165,20260914_212747_ogbn-papers100M_FedAvg_bs4096_seed42_beta10000p0,True,True
4096,174,cuda_max_memory_allocated_bytes,413527040,394.3701171875,569538,42816,165,20260914_212747_ogbn-papers100M_FedAvg_bs4096_seed42_beta10000p0,True,True
4096,175,cuda_max_memory_allocated_bytes,413372416,394.22265625,569538,42144,165,20260914_212747_ogbn-papers100M_FedAvg_bs4096_seed42_beta10000p0,True,True
4096,176,cuda_max_memory_allocated_bytes,427915776,408.09228515625,569538,42031,165,20260914_212747_ogbn-papers100M_FedAvg_bs4096_seed42_beta10000p0,True,True
4096,177,cuda_max_memory_allocated_bytes,428061184,408.23095703125,569538,42925,165,20260914_212747_ogbn-papers100M_FedAvg_bs4096_seed42_beta10000p0,True,True
4096,178,cuda_max_memory_allocated_bytes,428000256,408.1728515625,569538,42505,165,20260914_212747_ogbn-papers100M_FedAvg_bs4096_seed42_beta10000p0,True,True
4096,179,cuda_max_memory_allocated_bytes,427737088,407.921875,569538,42742,165,20260914_212747_ogbn-papers100M_FedAvg_bs4096_seed42_beta10000p0,True,True
4096,180,cuda_max_memory_allocated_bytes,413417472,394.265625,569538,42844,165,20260914_212747_ogbn-papers100M_FedAvg_bs4096_seed42_beta10000p0,True,True
4096,181,cuda_max_memory_allocated_bytes,413470208,394.31591796875,569538,42424,165,20260914_212747_ogbn-papers100M_FedAvg_bs4096_seed42_beta10000p0,True,True
4096,182,cuda_max_memory_allocated_bytes,413956096,394.779296875,569538,42304,165,20260914_212747_ogbn-papers100M_FedAvg_bs4096_seed42_beta10000p0,True,True
4096,183,cuda_max_memory_allocated_bytes,413299712,394.1533203125,569538,41650,165,20260914_212747_ogbn-papers100M_FedAvg_bs4096_seed42_beta10000p0,True,True
4096,184,cuda_max_memory_allocated_bytes,413441536,394.28857421875,569538,42971,165,20260914_212747_ogbn-papers100M_FedAvg_bs4096_seed42_beta10000p0,True,True
4096,185,cuda_max_memory_allocated_bytes,427880448,408.05859375,569538,41887,165,20260914_212747_ogbn-papers100M_FedAvg_bs4096_seed42_beta10000p0,True,True
4096,186,cuda_max_memory_allocated_bytes,427767808,407.951171875,569538,42308,165,20260914_212747_ogbn-papers100M_FedAvg_bs4096_seed42_beta10000p0,True,True
4096,187,cuda_max_memory_allocated_bytes,428167168,408.33203125,569538,42395,165,20260914_212747_ogbn-papers100M_FedAvg_bs4096_seed42_beta10000p0,True,True
4096,188,cuda_max_memory_allocated_bytes,427902976,408.080078125,569538,42504,165,20260914_212747_ogbn-papers100M_FedAvg_bs4096_seed42_beta10000p0,True,True
4096,189,cuda_max_memory_allocated_bytes,428052480,408.22265625,569538,41857,165,20260914_212747_ogbn-papers100M_FedAvg_bs4096_seed42_beta10000p0,True,True
4096,190,cuda_max_memory_allocated_bytes,413474816,394.3203125,569538,42537,165,20260914_212747_ogbn-papers100M_FedAvg_bs4096_seed42_beta10000p0,True,True
4096,191,cuda_max_memory_allocated_bytes,427950592,408.12548828125,569538,42364,165,20260914_212747_ogbn-papers100M_FedAvg_bs4096_seed42_beta10000p0,True,True
4096,192,cuda_max_memory_allocated_bytes,427577856,407.77001953125,569538,42279,165,20260914_212747_ogbn-papers100M_FedAvg_bs4096_seed42_beta10000p0,True,True
4096,193,cuda_max_memory_allocated_bytes,413710336,394.544921875,569538,42402,165,20260914_212747_ogbn-papers100M_FedAvg_bs4096_seed42_beta10000p0,True,True
4096,194,cuda_max_memory_allocated_bytes,427753984,407.93798828125,569538,42488,165,20260914_212747_ogbn-papers100M_FedAvg_bs4096_seed42_beta10000p0,True,True
