experiment_name,run_id,dataset,method,batch_size,seed,iid_beta,round,evaluation_split,evaluation_acc,evaluation_loss,val_acc,val_loss,local_steps,train_time_sec,training_time_sec,parameter_sync_time_sec,train_sync_time_sec,cumulative_train_sync_time_sec,comm_time_sec,train_comm_time_sec,cum_train_comm_time_sec
nc_papers100m_195trainer_0hop_balanced_local_bs256_800r,20260914_202556_ogbn-papers100M_FedAvg_bs256_seed42_beta10000p0,ogbn-papers100M,FedAvg,256,42,10000.0,1,validation,0.0057,5.1514,0.0057,5.1514,3,0.8787193298339844,0.8787193298339844,0.5425150394439697,1.421234369277954,1.421234369277954,0.5425150394439697,1.421234369277954,1.421234369277954
nc_papers100m_195trainer_0hop_balanced_local_bs256_800r,20260914_202556_ogbn-papers100M_FedAvg_bs256_seed42_beta10000p0,ogbn-papers100M,FedAvg,256,42,10000.0,2,validation,0.0076,5.1449,0.0076,5.1449,6,0.11522769927978516,0.11522769927978516,0.5371778011322021,0.6524055004119873,2.0736398696899414,0.5371778011322021,0.6524055004119873,2.0736398696899414
nc_papers100m_195trainer_0hop_balanced_local_bs256_800r,20260914_202556_ogbn-papers100M_FedAvg_bs256_seed42_beta10000p0,ogbn-papers100M,FedAvg,256,42,10000.0,3,validation,0.0096,5.1387,0.0096,5.1387,9,0.11689019203186035,0.11689019203186035,0.5333011150360107,0.6501913070678711,2.7238311767578125,0.5333011150360107,0.6501913070678711,2.7238311767578125
nc_papers100m_195trainer_0hop_balanced_local_bs256_800r,20260914_202556_ogbn-papers100M_FedAvg_bs256_seed42_beta10000p0,ogbn-papers100M,FedAvg,256,42,10000.0,4,validation,0.0119,5.1323,0.0119,5.1323,12,0.1193854808807373,0.1193854808807373,0.537003755569458,0.6563892364501953,3.380220413208008,0.537003755569458,0.6563892364501953,3.380220413208008
nc_papers100m_195trainer_0hop_balanced_local_bs256_800r,20260914_202556_ogbn-papers100M_FedAvg_bs256_seed42_beta10000p0,ogbn-papers100M,FedAvg,256,42,10000.0,5,validation,0.0139,5.1253,0.0139,5.1253,15,0.11321091651916504,0.11321091651916504,0.5371952056884766,0.6504061222076416,4.030626535415649,0.5371952056884766,0.6504061222076416,4.030626535415649
nc_papers100m_195trainer_0hop_balanced_local_bs256_800r,20260914_202556_ogbn-papers100M_FedAvg_bs256_seed42_beta10000p0,ogbn-papers100M,FedAvg,256,42,10000.0,6,validation,0.0163,5.1173,0.0163,5.1173,18,0.11627650260925293,0.11627650260925293,0.526984453201294,0.6432609558105469,4.673887491226196,0.526984453201294,0.6432609558105469,4.673887491226196
nc_papers100m_195trainer_0hop_balanced_local_bs256_800r,20260914_202556_ogbn-papers100M_FedAvg_bs256_seed42_beta10000p0,ogbn-papers100M,FedAvg,256,42,10000.0,7,validation,0.0189,5.1082,0.0189,5.1082,21,0.11512112617492676,0.11512112617492676,0.542346715927124,0.6574678421020508,5.331355333328247,0.542346715927124,0.6574678421020508,5.331355333328247
nc_papers100m_195trainer_0hop_balanced_local_bs256_800r,20260914_202556_ogbn-papers100M_FedAvg_bs256_seed42_beta10000p0,ogbn-papers100M,FedAvg,256,42,10000.0,8,validation,0.0222,5.0978,0.0222,5.0978,24,0.11290812492370605,0.11290812492370605,0.5520553588867188,0.6649634838104248,5.996318817138672,0.5520553588867188,0.6649634838104248,5.996318817138672
nc_papers100m_195trainer_0hop_balanced_local_bs256_800r,20260914_202556_ogbn-papers100M_FedAvg_bs256_seed42_beta10000p0,ogbn-papers100M,FedAvg,256,42,10000.0,9,validation,0.0257,5.0862,0.0257,5.0862,27,0.11255478858947754,0.11255478858947754,0.5363125801086426,0.6488673686981201,6.645186185836792,0.5363125801086426,0.6488673686981201,6.645186185836792
nc_papers100m_195trainer_0hop_balanced_local_bs256_800r,20260914_202556_ogbn-papers100M_FedAvg_bs256_seed42_beta10000p0,ogbn-papers100M,FedAvg,256,42,10000.0,10,validation,0.0291,5.0733,0.0291,5.0733,30,0.11146974563598633,0.11146974563598633,0.5319781303405762,0.6434478759765625,7.2886340618133545,0.5319781303405762,0.6434478759765625,7.2886340618133545
nc_papers100m_195trainer_0hop_balanced_local_bs256_800r,20260914_202556_ogbn-papers100M_FedAvg_bs256_seed42_beta10000p0,ogbn-papers100M,FedAvg,256,42,10000.0,11,validation,0.0325,5.0595,0.0325,5.0595,33,0.1118936538696289,0.1118936538696289,0.532512903213501,0.6444065570831299,7.933040618896484,0.532512903213501,0.6444065570831299,7.933040618896484
nc_papers100m_195trainer_0hop_balanced_local_bs256_800r,20260914_202556_ogbn-papers100M_FedAvg_bs256_seed42_beta10000p0,ogbn-papers100M,FedAvg,256,42,10000.0,12,validation,0.0357,5.0451,0.0357,5.0451,36,0.10897636413574219,0.10897636413574219,0.5232503414154053,0.6322267055511475,8.565267324447632,0.5232503414154053,0.6322267055511475,8.565267324447632
nc_papers100m_195trainer_0hop_balanced_local_bs256_800r,20260914_202556_ogbn-papers100M_FedAvg_bs256_seed42_beta10000p0,ogbn-papers100M,FedAvg,256,42,10000.0,13,validation,0.0386,5.0301,0.0386,5.0301,39,0.1138617992401123,0.1138617992401123,0.5210685729980469,0.6349303722381592,9.200197696685791,0.5210685729980469,0.6349303722381592,9.200197696685791
nc_papers100m_195trainer_0hop_balanced_local_bs256_800r,20260914_202556_ogbn-papers100M_FedAvg_bs256_seed42_beta10000p0,ogbn-papers100M,FedAvg,256,42,10000.0,14,validation,0.0411,5.0146,0.0411,5.0146,42,0.11250138282775879,0.11250138282775879,0.5360531806945801,0.6485545635223389,9.84875226020813,0.5360531806945801,0.6485545635223389,9.84875226020813
nc_papers100m_195trainer_0hop_balanced_local_bs256_800r,20260914_202556_ogbn-papers100M_FedAvg_bs256_seed42_beta10000p0,ogbn-papers100M,FedAvg,256,42,10000.0,15,validation,0.0433,4.9991,0.0433,4.9991,45,0.11834335327148438,0.11834335327148438,0.5265364646911621,0.6448798179626465,10.493632078170776,0.5265364646911621,0.6448798179626465,10.493632078170776
nc_papers100m_195trainer_0hop_balanced_local_bs256_800r,20260914_202556_ogbn-papers100M_FedAvg_bs256_seed42_beta10000p0,ogbn-papers100M,FedAvg,256,42,10000.0,16,validation,0.0454,4.9835,0.0454,4.9835,48,0.11636614799499512,0.11636614799499512,0.5285861492156982,0.6449522972106934,11.13858437538147,0.5285861492156982,0.6449522972106934,11.13858437538147
nc_papers100m_195trainer_0hop_balanced_local_bs256_800r,20260914_202556_ogbn-papers100M_FedAvg_bs256_seed42_beta10000p0,ogbn-papers100M,FedAvg,256,42,10000.0,17,validation,0.0474,4.9677,0.0474,4.9677,51,0.1133575439453125,0.1133575439453125,0.5294747352600098,0.6428322792053223,11.781416654586792,0.5294747352600098,0.6428322792053223,11.781416654586792
nc_papers100m_195trainer_0hop_balanced_local_bs256_800r,20260914_202556_ogbn-papers100M_FedAvg_bs256_seed42_beta10000p0,ogbn-papers100M,FedAvg,256,42,10000.0,18,validation,0.0491,4.952,0.0491,4.952,54,0.1081702709197998,0.1081702709197998,0.5301737785339355,0.6383440494537354,12.419760704040527,0.5301737785339355,0.6383440494537354,12.419760704040527
nc_papers100m_195trainer_0hop_balanced_local_bs256_800r,20260914_202556_ogbn-papers100M_FedAvg_bs256_seed42_beta10000p0,ogbn-papers100M,FedAvg,256,42,10000.0,19,validation,0.0506,4.9359,0.0506,4.9359,57,0.10947418212890625,0.10947418212890625,0.5194056034088135,0.6288797855377197,13.048640489578247,0.5194056034088135,0.6288797855377197,13.048640489578247
nc_papers100m_195trainer_0hop_balanced_local_bs256_800r,20260914_202556_ogbn-papers100M_FedAvg_bs256_seed42_beta10000p0,ogbn-papers100M,FedAvg,256,42,10000.0,20,validation,0.0527,4.9198,0.0527,4.9198,60,0.10685896873474121,0.10685896873474121,0.5348231792449951,0.6416821479797363,13.690322637557983,0.5348231792449951,0.6416821479797363,13.690322637557983
nc_papers100m_195trainer_0hop_balanced_local_bs256_800r,20260914_202556_ogbn-papers100M_FedAvg_bs256_seed42_beta10000p0,ogbn-papers100M,FedAvg,256,42,10000.0,21,validation,0.054,4.9035,0.054,4.9035,63,0.11383938789367676,0.11383938789367676,0.5445401668548584,0.6583795547485352,14.348702192306519,0.5445401668548584,0.6583795547485352,14.348702192306519
nc_papers100m_195trainer_0hop_balanced_local_bs256_800r,20260914_202556_ogbn-papers100M_FedAvg_bs256_seed42_beta10000p0,ogbn-papers100M,FedAvg,256,42,10000.0,22,validation,0.0557,4.8872,0.0557,4.8872,66,0.11080408096313477,0.11080408096313477,0.5602304935455322,0.671034574508667,15.019736766815186,0.5602304935455322,0.671034574508667,15.019736766815186
nc_papers100m_195trainer_0hop_balanced_local_bs256_800r,20260914_202556_ogbn-papers100M_FedAvg_bs256_seed42_beta10000p0,ogbn-papers100M,FedAvg,256,42,10000.0,23,validation,0.0576,4.8708,0.0576,4.8708,69,0.10975813865661621,0.10975813865661621,0.5178353786468506,0.6275935173034668,15.647330284118652,0.5178353786468506,0.6275935173034668,15.647330284118652
nc_papers100m_195trainer_0hop_balanced_local_bs256_800r,20260914_202556_ogbn-papers100M_FedAvg_bs256_seed42_beta10000p0,ogbn-papers100M,FedAvg,256,42,10000.0,24,validation,0.0594,4.8544,0.0594,4.8544,72,0.10807585716247559,0.10807585716247559,0.5334806442260742,0.6415565013885498,16.288886785507202,0.5334806442260742,0.6415565013885498,16.288886785507202
nc_papers100m_195trainer_0hop_balanced_local_bs256_800r,20260914_202556_ogbn-papers100M_FedAvg_bs256_seed42_beta10000p0,ogbn-papers100M,FedAvg,256,42,10000.0,25,validation,0.0611,4.8383,0.0611,4.8383,75,0.10887789726257324,0.10887789726257324,0.5298805236816406,0.6387584209442139,16.927645206451416,0.5298805236816406,0.6387584209442139,16.927645206451416
nc_papers100m_195trainer_0hop_balanced_local_bs256_800r,20260914_202556_ogbn-papers100M_FedAvg_bs256_seed42_beta10000p0,ogbn-papers100M,FedAvg,256,42,10000.0,26,validation,0.0628,4.8223,0.0628,4.8223,78,0.11391830444335938,0.11391830444335938,0.5224740505218506,0.63639235496521,17.564037561416626,0.5224740505218506,0.63639235496521,17.564037561416626
nc_papers100m_195trainer_0hop_balanced_local_bs256_800r,20260914_202556_ogbn-papers100M_FedAvg_bs256_seed42_beta10000p0,ogbn-papers100M,FedAvg,256,42,10000.0,27,validation,0.0644,4.8064,0.0644,4.8064,81,0.11070013046264648,0.11070013046264648,0.5313587188720703,0.6420588493347168,18.206096410751343,0.5313587188720703,0.6420588493347168,18.206096410751343
nc_papers100m_195trainer_0hop_balanced_local_bs256_800r,20260914_202556_ogbn-papers100M_FedAvg_bs256_seed42_beta10000p0,ogbn-papers100M,FedAvg,256,42,10000.0,28,validation,0.0662,4.7911,0.0662,4.7911,84,0.10583090782165527,0.10583090782165527,0.5365667343139648,0.6423976421356201,18.848494052886963,0.5365667343139648,0.6423976421356201,18.848494052886963
nc_papers100m_195trainer_0hop_balanced_local_bs256_800r,20260914_202556_ogbn-papers100M_FedAvg_bs256_seed42_beta10000p0,ogbn-papers100M,FedAvg,256,42,10000.0,29,validation,0.0681,4.7759,0.0681,4.7759,87,0.10631656646728516,0.10631656646728516,0.5365433692932129,0.642859935760498,19.49135398864746,0.5365433692932129,0.642859935760498,19.49135398864746
nc_papers100m_195trainer_0hop_balanced_local_bs256_800r,20260914_202556_ogbn-papers100M_FedAvg_bs256_seed42_beta10000p0,ogbn-papers100M,FedAvg,256,42,10000.0,30,validation,0.0699,4.7607,0.0699,4.7607,90,0.11140251159667969,0.11140251159667969,0.5323517322540283,0.643754243850708,20.13510823249817,0.5323517322540283,0.643754243850708,20.13510823249817
nc_papers100m_195trainer_0hop_balanced_local_bs256_800r,20260914_202556_ogbn-papers100M_FedAvg_bs256_seed42_beta10000p0,ogbn-papers100M,FedAvg,256,42,10000.0,31,validation,0.0715,4.7461,0.0715,4.7461,93,0.12350606918334961,0.12350606918334961,0.5231473445892334,0.646653413772583,20.781761646270752,0.5231473445892334,0.646653413772583,20.781761646270752
nc_papers100m_195trainer_0hop_balanced_local_bs256_800r,20260914_202556_ogbn-papers100M_FedAvg_bs256_seed42_beta10000p0,ogbn-papers100M,FedAvg,256,42,10000.0,32,validation,0.0731,4.7318,0.0731,4.7318,96,0.11156368255615234,0.11156368255615234,0.5339288711547852,0.6454925537109375,21.42725419998169,0.5339288711547852,0.6454925537109375,21.42725419998169
nc_papers100m_195trainer_0hop_balanced_local_bs256_800r,20260914_202556_ogbn-papers100M_FedAvg_bs256_seed42_beta10000p0,ogbn-papers100M,FedAvg,256,42,10000.0,33,validation,0.0746,4.7177,0.0746,4.7177,99,0.10751938819885254,0.10751938819885254,0.5192089080810547,0.6267282962799072,22.053982496261597,0.5192089080810547,0.6267282962799072,22.053982496261597
nc_papers100m_195trainer_0hop_balanced_local_bs256_800r,20260914_202556_ogbn-papers100M_FedAvg_bs256_seed42_beta10000p0,ogbn-papers100M,FedAvg,256,42,10000.0,34,validation,0.0764,4.7038,0.0764,4.7038,102,0.10787105560302734,0.10787105560302734,0.5303668975830078,0.6382379531860352,22.692220449447632,0.5303668975830078,0.6382379531860352,22.692220449447632
nc_papers100m_195trainer_0hop_balanced_local_bs256_800r,20260914_202556_ogbn-papers100M_FedAvg_bs256_seed42_beta10000p0,ogbn-papers100M,FedAvg,256,42,10000.0,35,validation,0.0779,4.6903,0.0779,4.6903,105,0.10852742195129395,0.10852742195129395,0.5352213382720947,0.6437487602233887,23.33596920967102,0.5352213382720947,0.6437487602233887,23.33596920967102
nc_papers100m_195trainer_0hop_balanced_local_bs256_800r,20260914_202556_ogbn-papers100M_FedAvg_bs256_seed42_beta10000p0,ogbn-papers100M,FedAvg,256,42,10000.0,36,validation,0.0795,4.6769,0.0795,4.6769,108,0.11741209030151367,0.11741209030151367,0.5740337371826172,0.6914458274841309,24.02741503715515,0.5740337371826172,0.6914458274841309,24.02741503715515
nc_papers100m_195trainer_0hop_balanced_local_bs256_800r,20260914_202556_ogbn-papers100M_FedAvg_bs256_seed42_beta10000p0,ogbn-papers100M,FedAvg,256,42,10000.0,37,validation,0.0812,4.664,0.0812,4.664,111,0.1127626895904541,0.1127626895904541,0.5205080509185791,0.6332707405090332,24.660685777664185,0.5205080509185791,0.6332707405090332,24.660685777664185
nc_papers100m_195trainer_0hop_balanced_local_bs256_800r,20260914_202556_ogbn-papers100M_FedAvg_bs256_seed42_beta10000p0,ogbn-papers100M,FedAvg,256,42,10000.0,38,validation,0.0826,4.6512,0.0826,4.6512,114,0.10898709297180176,0.10898709297180176,0.5450229644775391,0.6540100574493408,25.314695835113525,0.5450229644775391,0.6540100574493408,25.314695835113525
nc_papers100m_195trainer_0hop_balanced_local_bs256_800r,20260914_202556_ogbn-papers100M_FedAvg_bs256_seed42_beta10000p0,ogbn-papers100M,FedAvg,256,42,10000.0,39,validation,0.0843,4.6387,0.0843,4.6387,117,0.10788249969482422,0.10788249969482422,0.5391225814819336,0.6470050811767578,25.961700916290283,0.5391225814819336,0.6470050811767578,25.961700916290283
nc_papers100m_195trainer_0hop_balanced_local_bs256_800r,20260914_202556_ogbn-papers100M_FedAvg_bs256_seed42_beta10000p0,ogbn-papers100M,FedAvg,256,42,10000.0,40,validation,0.0858,4.626,0.0858,4.626,120,0.10726070404052734,0.10726070404052734,0.531557559967041,0.6388182640075684,26.60051918029785,0.531557559967041,0.6388182640075684,26.60051918029785
nc_papers100m_195trainer_0hop_balanced_local_bs256_800r,20260914_202556_ogbn-papers100M_FedAvg_bs256_seed42_beta10000p0,ogbn-papers100M,FedAvg,256,42,10000.0,41,validation,0.0875,4.6136,0.0875,4.6136,123,0.10883235931396484,0.10883235931396484,0.5240433216094971,0.6328756809234619,27.233394861221313,0.5240433216094971,0.6328756809234619,27.233394861221313
nc_papers100m_195trainer_0hop_balanced_local_bs256_800r,20260914_202556_ogbn-papers100M_FedAvg_bs256_seed42_beta10000p0,ogbn-papers100M,FedAvg,256,42,10000.0,42,validation,0.089,4.6016,0.089,4.6016,126,0.11261773109436035,0.11261773109436035,0.5339033603668213,0.6465210914611816,27.879915952682495,0.5339033603668213,0.6465210914611816,27.879915952682495
nc_papers100m_195trainer_0hop_balanced_local_bs256_800r,20260914_202556_ogbn-papers100M_FedAvg_bs256_seed42_beta10000p0,ogbn-papers100M,FedAvg,256,42,10000.0,43,validation,0.0903,4.5896,0.0903,4.5896,129,0.1126863956451416,0.1126863956451416,0.5291340351104736,0.6418204307556152,28.52173638343811,0.5291340351104736,0.6418204307556152,28.52173638343811
nc_papers100m_195trainer_0hop_balanced_local_bs256_800r,20260914_202556_ogbn-papers100M_FedAvg_bs256_seed42_beta10000p0,ogbn-papers100M,FedAvg,256,42,10000.0,44,validation,0.0916,4.578,0.0916,4.578,132,0.10961461067199707,0.10961461067199707,0.5167875289916992,0.6264021396636963,29.148138523101807,0.5167875289916992,0.6264021396636963,29.148138523101807
nc_papers100m_195trainer_0hop_balanced_local_bs256_800r,20260914_202556_ogbn-papers100M_FedAvg_bs256_seed42_beta10000p0,ogbn-papers100M,FedAvg,256,42,10000.0,45,validation,0.093,4.5663,0.093,4.5663,135,0.10960936546325684,0.10960936546325684,0.5280804634094238,0.6376898288726807,29.785828351974487,0.5280804634094238,0.6376898288726807,29.785828351974487
nc_papers100m_195trainer_0hop_balanced_local_bs256_800r,20260914_202556_ogbn-papers100M_FedAvg_bs256_seed42_beta10000p0,ogbn-papers100M,FedAvg,256,42,10000.0,46,validation,0.0943,4.5547,0.0943,4.5547,138,0.10883069038391113,0.10883069038391113,0.5245115756988525,0.6333422660827637,30.41917061805725,0.5245115756988525,0.6333422660827637,30.41917061805725
nc_papers100m_195trainer_0hop_balanced_local_bs256_800r,20260914_202556_ogbn-papers100M_FedAvg_bs256_seed42_beta10000p0,ogbn-papers100M,FedAvg,256,42,10000.0,47,validation,0.0953,4.5434,0.0953,4.5434,141,0.10903739929199219,0.10903739929199219,0.5285663604736328,0.637603759765625,31.056774377822876,0.5285663604736328,0.637603759765625,31.056774377822876
nc_papers100m_195trainer_0hop_balanced_local_bs256_800r,20260914_202556_ogbn-papers100M_FedAvg_bs256_seed42_beta10000p0,ogbn-papers100M,FedAvg,256,42,10000.0,48,validation,0.0968,4.5318,0.0968,4.5318,144,0.11123323440551758,0.11123323440551758,0.5267171859741211,0.6379504203796387,31.694724798202515,0.5267171859741211,0.6379504203796387,31.694724798202515
nc_papers100m_195trainer_0hop_balanced_local_bs256_800r,20260914_202556_ogbn-papers100M_FedAvg_bs256_seed42_beta10000p0,ogbn-papers100M,FedAvg,256,42,10000.0,49,validation,0.098,4.5205,0.098,4.5205,147,0.10932731628417969,0.10932731628417969,0.526620626449585,0.6359479427337646,32.33067274093628,0.526620626449585,0.6359479427337646,32.33067274093628
nc_papers100m_195trainer_0hop_balanced_local_bs256_800r,20260914_202556_ogbn-papers100M_FedAvg_bs256_seed42_beta10000p0,ogbn-papers100M,FedAvg,256,42,10000.0,50,validation,0.0992,4.5095,0.0992,4.5095,150,0.10891604423522949,0.10891604423522949,0.5448250770568848,0.6537411212921143,32.984413862228394,0.5448250770568848,0.6537411212921143,32.984413862228394
nc_papers100m_195trainer_0hop_balanced_local_bs256_800r,20260914_202556_ogbn-papers100M_FedAvg_bs256_seed42_beta10000p0,ogbn-papers100M,FedAvg,256,42,10000.0,51,validation,0.1005,4.4986,0.1005,4.4986,153,0.10632133483886719,0.10632133483886719,0.5161428451538086,0.6224641799926758,33.60687804222107,0.5161428451538086,0.6224641799926758,33.60687804222107
nc_papers100m_195trainer_0hop_balanced_local_bs256_800r,20260914_202556_ogbn-papers100M_FedAvg_bs256_seed42_beta10000p0,ogbn-papers100M,FedAvg,256,42,10000.0,52,validation,0.102,4.4876,0.102,4.4876,156,0.10915970802307129,0.10915970802307129,0.5339128971099854,0.6430726051330566,34.249950647354126,0.5339128971099854,0.6430726051330566,34.249950647354126
nc_papers100m_195trainer_0hop_balanced_local_bs256_800r,20260914_202556_ogbn-papers100M_FedAvg_bs256_seed42_beta10000p0,ogbn-papers100M,FedAvg,256,42,10000.0,53,validation,0.1033,4.4769,0.1033,4.4769,159,0.11219310760498047,0.11219310760498047,0.525005578994751,0.6371986865997314,34.88714933395386,0.525005578994751,0.6371986865997314,34.88714933395386
nc_papers100m_195trainer_0hop_balanced_local_bs256_800r,20260914_202556_ogbn-papers100M_FedAvg_bs256_seed42_beta10000p0,ogbn-papers100M,FedAvg,256,42,10000.0,54,validation,0.1047,4.4662,0.1047,4.4662,162,0.10749173164367676,0.10749173164367676,0.520723819732666,0.6282155513763428,35.5153648853302,0.520723819732666,0.6282155513763428,35.5153648853302
nc_papers100m_195trainer_0hop_balanced_local_bs256_800r,20260914_202556_ogbn-papers100M_FedAvg_bs256_seed42_beta10000p0,ogbn-papers100M,FedAvg,256,42,10000.0,55,validation,0.1061,4.4555,0.1061,4.4555,165,0.10620594024658203,0.10620594024658203,0.5324642658233643,0.6386702060699463,36.15403509140015,0.5324642658233643,0.6386702060699463,36.15403509140015
nc_papers100m_195trainer_0hop_balanced_local_bs256_800r,20260914_202556_ogbn-papers100M_FedAvg_bs256_seed42_beta10000p0,ogbn-papers100M,FedAvg,256,42,10000.0,56,validation,0.1074,4.4452,0.1074,4.4452,168,0.10683298110961914,0.10683298110961914,0.525752067565918,0.6325850486755371,36.786620140075684,0.525752067565918,0.6325850486755371,36.786620140075684
nc_papers100m_195trainer_0hop_balanced_local_bs256_800r,20260914_202556_ogbn-papers100M_FedAvg_bs256_seed42_beta10000p0,ogbn-papers100M,FedAvg,256,42,10000.0,57,validation,0.1087,4.4348,0.1087,4.4348,171,0.10582351684570312,0.10582351684570312,0.5179781913757324,0.6238017082214355,37.41042184829712,0.5179781913757324,0.6238017082214355,37.41042184829712
nc_papers100m_195trainer_0hop_balanced_local_bs256_800r,20260914_202556_ogbn-papers100M_FedAvg_bs256_seed42_beta10000p0,ogbn-papers100M,FedAvg,256,42,10000.0,58,validation,0.1101,4.4244,0.1101,4.4244,174,0.11654067039489746,0.11654067039489746,0.529665470123291,0.6462061405181885,38.05662798881531,0.529665470123291,0.6462061405181885,38.05662798881531
nc_papers100m_195trainer_0hop_balanced_local_bs256_800r,20260914_202556_ogbn-papers100M_FedAvg_bs256_seed42_beta10000p0,ogbn-papers100M,FedAvg,256,42,10000.0,59,validation,0.1112,4.4144,0.1112,4.4144,177,0.11009097099304199,0.11009097099304199,0.5394763946533203,0.6495673656463623,38.70619535446167,0.5394763946533203,0.6495673656463623,38.70619535446167
nc_papers100m_195trainer_0hop_balanced_local_bs256_800r,20260914_202556_ogbn-papers100M_FedAvg_bs256_seed42_beta10000p0,ogbn-papers100M,FedAvg,256,42,10000.0,60,validation,0.1126,4.4045,0.1126,4.4045,180,0.11036992073059082,0.11036992073059082,0.5227041244506836,0.6330740451812744,39.339269399642944,0.5227041244506836,0.6330740451812744,39.339269399642944
nc_papers100m_195trainer_0hop_balanced_local_bs256_800r,20260914_202556_ogbn-papers100M_FedAvg_bs256_seed42_beta10000p0,ogbn-papers100M,FedAvg,256,42,10000.0,61,validation,0.114,4.3945,0.114,4.3945,183,0.10967278480529785,0.10967278480529785,0.5260276794433594,0.6357004642486572,39.9749698638916,0.5260276794433594,0.6357004642486572,39.9749698638916
nc_papers100m_195trainer_0hop_balanced_local_bs256_800r,20260914_202556_ogbn-papers100M_FedAvg_bs256_seed42_beta10000p0,ogbn-papers100M,FedAvg,256,42,10000.0,62,validation,0.1152,4.385,0.1152,4.385,186,0.10815906524658203,0.10815906524658203,0.5308763980865479,0.6390354633331299,40.61400532722473,0.5308763980865479,0.6390354633331299,40.61400532722473
nc_papers100m_195trainer_0hop_balanced_local_bs256_800r,20260914_202556_ogbn-papers100M_FedAvg_bs256_seed42_beta10000p0,ogbn-papers100M,FedAvg,256,42,10000.0,63,validation,0.1167,4.3752,0.1167,4.3752,189,0.1103048324584961,0.1103048324584961,0.5339710712432861,0.6442759037017822,41.258281230926514,0.5339710712432861,0.6442759037017822,41.258281230926514
nc_papers100m_195trainer_0hop_balanced_local_bs256_800r,20260914_202556_ogbn-papers100M_FedAvg_bs256_seed42_beta10000p0,ogbn-papers100M,FedAvg,256,42,10000.0,64,validation,0.1181,4.3658,0.1181,4.3658,192,0.11005616188049316,0.11005616188049316,0.5441644191741943,0.6542205810546875,41.9125018119812,0.5441644191741943,0.6542205810546875,41.9125018119812
nc_papers100m_195trainer_0hop_balanced_local_bs256_800r,20260914_202556_ogbn-papers100M_FedAvg_bs256_seed42_beta10000p0,ogbn-papers100M,FedAvg,256,42,10000.0,65,validation,0.1193,4.3563,0.1193,4.3563,195,0.1158297061920166,0.1158297061920166,0.5376546382904053,0.6534843444824219,42.56598615646362,0.5376546382904053,0.6534843444824219,42.56598615646362
nc_papers100m_195trainer_0hop_balanced_local_bs256_800r,20260914_202556_ogbn-papers100M_FedAvg_bs256_seed42_beta10000p0,ogbn-papers100M,FedAvg,256,42,10000.0,66,validation,0.1206,4.3467,0.1206,4.3467,198,0.10932159423828125,0.10932159423828125,0.5294821262359619,0.6388037204742432,43.204789876937866,0.5294821262359619,0.6388037204742432,43.204789876937866
nc_papers100m_195trainer_0hop_balanced_local_bs256_800r,20260914_202556_ogbn-papers100M_FedAvg_bs256_seed42_beta10000p0,ogbn-papers100M,FedAvg,256,42,10000.0,67,validation,0.1217,4.3373,0.1217,4.3373,201,0.10581564903259277,0.10581564903259277,0.514927864074707,0.6207435131072998,43.825533390045166,0.514927864074707,0.6207435131072998,43.825533390045166
nc_papers100m_195trainer_0hop_balanced_local_bs256_800r,20260914_202556_ogbn-papers100M_FedAvg_bs256_seed42_beta10000p0,ogbn-papers100M,FedAvg,256,42,10000.0,68,validation,0.1232,4.3279,0.1232,4.3279,204,0.11039590835571289,0.11039590835571289,0.520662784576416,0.6310586929321289,44.456592082977295,0.520662784576416,0.6310586929321289,44.456592082977295
nc_papers100m_195trainer_0hop_balanced_local_bs256_800r,20260914_202556_ogbn-papers100M_FedAvg_bs256_seed42_beta10000p0,ogbn-papers100M,FedAvg,256,42,10000.0,69,validation,0.1244,4.3185,0.1244,4.3185,207,0.1092381477355957,0.1092381477355957,0.5257494449615479,0.6349875926971436,45.09157967567444,0.5257494449615479,0.6349875926971436,45.09157967567444
nc_papers100m_195trainer_0hop_balanced_local_bs256_800r,20260914_202556_ogbn-papers100M_FedAvg_bs256_seed42_beta10000p0,ogbn-papers100M,FedAvg,256,42,10000.0,70,validation,0.1259,4.3094,0.1259,4.3094,210,0.1119227409362793,0.1119227409362793,0.522925853729248,0.6348485946655273,45.726428270339966,0.522925853729248,0.6348485946655273,45.726428270339966
nc_papers100m_195trainer_0hop_balanced_local_bs256_800r,20260914_202556_ogbn-papers100M_FedAvg_bs256_seed42_beta10000p0,ogbn-papers100M,FedAvg,256,42,10000.0,71,validation,0.1271,4.3004,0.1271,4.3004,213,0.11046218872070312,0.11046218872070312,0.5198307037353516,0.6302928924560547,46.35672116279602,0.5198307037353516,0.6302928924560547,46.35672116279602
nc_papers100m_195trainer_0hop_balanced_local_bs256_800r,20260914_202556_ogbn-papers100M_FedAvg_bs256_seed42_beta10000p0,ogbn-papers100M,FedAvg,256,42,10000.0,72,validation,0.1281,4.2917,0.1281,4.2917,216,0.10602331161499023,0.10602331161499023,0.533729076385498,0.6397523880004883,46.99647355079651,0.533729076385498,0.6397523880004883,46.99647355079651
nc_papers100m_195trainer_0hop_balanced_local_bs256_800r,20260914_202556_ogbn-papers100M_FedAvg_bs256_seed42_beta10000p0,ogbn-papers100M,FedAvg,256,42,10000.0,73,validation,0.1297,4.2828,0.1297,4.2828,219,0.1071004867553711,0.1071004867553711,0.5321877002716064,0.6392881870269775,47.635761737823486,0.5321877002716064,0.6392881870269775,47.635761737823486
nc_papers100m_195trainer_0hop_balanced_local_bs256_800r,20260914_202556_ogbn-papers100M_FedAvg_bs256_seed42_beta10000p0,ogbn-papers100M,FedAvg,256,42,10000.0,74,validation,0.1308,4.274,0.1308,4.274,222,0.1083073616027832,0.1083073616027832,0.5196585655212402,0.6279659271240234,48.26372766494751,0.5196585655212402,0.6279659271240234,48.26372766494751
nc_papers100m_195trainer_0hop_balanced_local_bs256_800r,20260914_202556_ogbn-papers100M_FedAvg_bs256_seed42_beta10000p0,ogbn-papers100M,FedAvg,256,42,10000.0,75,validation,0.1319,4.2653,0.1319,4.2653,225,0.11220693588256836,0.11220693588256836,0.5274238586425781,0.6396307945251465,48.903358459472656,0.5274238586425781,0.6396307945251465,48.903358459472656
nc_papers100m_195trainer_0hop_balanced_local_bs256_800r,20260914_202556_ogbn-papers100M_FedAvg_bs256_seed42_beta10000p0,ogbn-papers100M,FedAvg,256,42,10000.0,76,validation,0.1334,4.2566,0.1334,4.2566,228,0.1198725700378418,0.1198725700378418,0.5344312191009521,0.654303789138794,49.55766224861145,0.5344312191009521,0.654303789138794,49.55766224861145
nc_papers100m_195trainer_0hop_balanced_local_bs256_800r,20260914_202556_ogbn-papers100M_FedAvg_bs256_seed42_beta10000p0,ogbn-papers100M,FedAvg,256,42,10000.0,77,validation,0.1346,4.2481,0.1346,4.2481,231,0.10893964767456055,0.10893964767456055,0.5385911464691162,0.6475307941436768,50.20519304275513,0.5385911464691162,0.6475307941436768,50.20519304275513
nc_papers100m_195trainer_0hop_balanced_local_bs256_800r,20260914_202556_ogbn-papers100M_FedAvg_bs256_seed42_beta10000p0,ogbn-papers100M,FedAvg,256,42,10000.0,78,validation,0.1359,4.2397,0.1359,4.2397,234,0.1114647388458252,0.1114647388458252,0.5535423755645752,0.6650071144104004,50.87020015716553,0.5535423755645752,0.6650071144104004,50.87020015716553
nc_papers100m_195trainer_0hop_balanced_local_bs256_800r,20260914_202556_ogbn-papers100M_FedAvg_bs256_seed42_beta10000p0,ogbn-papers100M,FedAvg,256,42,10000.0,79,validation,0.1372,4.2312,0.1372,4.2312,237,0.10704374313354492,0.10704374313354492,0.5406301021575928,0.6476738452911377,51.517874002456665,0.5406301021575928,0.6476738452911377,51.517874002456665
nc_papers100m_195trainer_0hop_balanced_local_bs256_800r,20260914_202556_ogbn-papers100M_FedAvg_bs256_seed42_beta10000p0,ogbn-papers100M,FedAvg,256,42,10000.0,80,validation,0.1384,4.223,0.1384,4.223,240,0.11036849021911621,0.11036849021911621,0.5292494297027588,0.639617919921875,52.15749192237854,0.5292494297027588,0.639617919921875,52.15749192237854
nc_papers100m_195trainer_0hop_balanced_local_bs256_800r,20260914_202556_ogbn-papers100M_FedAvg_bs256_seed42_beta10000p0,ogbn-papers100M,FedAvg,256,42,10000.0,81,validation,0.1399,4.2149,0.1399,4.2149,243,0.10914421081542969,0.10914421081542969,0.5244438648223877,0.6335880756378174,52.79107999801636,0.5244438648223877,0.6335880756378174,52.79107999801636
nc_papers100m_195trainer_0hop_balanced_local_bs256_800r,20260914_202556_ogbn-papers100M_FedAvg_bs256_seed42_beta10000p0,ogbn-papers100M,FedAvg,256,42,10000.0,82,validation,0.141,4.2066,0.141,4.2066,246,0.12129330635070801,0.12129330635070801,0.5230913162231445,0.6443846225738525,53.43546462059021,0.5230913162231445,0.6443846225738525,53.43546462059021
nc_papers100m_195trainer_0hop_balanced_local_bs256_800r,20260914_202556_ogbn-papers100M_FedAvg_bs256_seed42_beta10000p0,ogbn-papers100M,FedAvg,256,42,10000.0,83,validation,0.1422,4.1985,0.1422,4.1985,249,0.10695052146911621,0.10695052146911621,0.525214433670044,0.6321649551391602,54.06762957572937,0.525214433670044,0.6321649551391602,54.06762957572937
nc_papers100m_195trainer_0hop_balanced_local_bs256_800r,20260914_202556_ogbn-papers100M_FedAvg_bs256_seed42_beta10000p0,ogbn-papers100M,FedAvg,256,42,10000.0,84,validation,0.1432,4.1907,0.1432,4.1907,252,0.10692048072814941,0.10692048072814941,0.5219449996948242,0.6288654804229736,54.696495056152344,0.5219449996948242,0.6288654804229736,54.696495056152344
nc_papers100m_195trainer_0hop_balanced_local_bs256_800r,20260914_202556_ogbn-papers100M_FedAvg_bs256_seed42_beta10000p0,ogbn-papers100M,FedAvg,256,42,10000.0,85,validation,0.1445,4.1827,0.1445,4.1827,255,0.11375284194946289,0.11375284194946289,0.52351975440979,0.6372725963592529,55.3337676525116,0.52351975440979,0.6372725963592529,55.3337676525116
nc_papers100m_195trainer_0hop_balanced_local_bs256_800r,20260914_202556_ogbn-papers100M_FedAvg_bs256_seed42_beta10000p0,ogbn-papers100M,FedAvg,256,42,10000.0,86,validation,0.1457,4.1748,0.1457,4.1748,258,0.11314940452575684,0.11314940452575684,0.5349671840667725,0.6481165885925293,55.981884241104126,0.5349671840667725,0.6481165885925293,55.981884241104126
nc_papers100m_195trainer_0hop_balanced_local_bs256_800r,20260914_202556_ogbn-papers100M_FedAvg_bs256_seed42_beta10000p0,ogbn-papers100M,FedAvg,256,42,10000.0,87,validation,0.147,4.1669,0.147,4.1669,261,0.1121673583984375,0.1121673583984375,0.5210468769073486,0.6332142353057861,56.61509847640991,0.5210468769073486,0.6332142353057861,56.61509847640991
nc_papers100m_195trainer_0hop_balanced_local_bs256_800r,20260914_202556_ogbn-papers100M_FedAvg_bs256_seed42_beta10000p0,ogbn-papers100M,FedAvg,256,42,10000.0,88,validation,0.148,4.1592,0.148,4.1592,264,0.10739398002624512,0.10739398002624512,0.516176700592041,0.6235706806182861,57.2386691570282,0.516176700592041,0.6235706806182861,57.2386691570282
nc_papers100m_195trainer_0hop_balanced_local_bs256_800r,20260914_202556_ogbn-papers100M_FedAvg_bs256_seed42_beta10000p0,ogbn-papers100M,FedAvg,256,42,10000.0,89,validation,0.1493,4.1517,0.1493,4.1517,267,0.10711359977722168,0.10711359977722168,0.5366370677947998,0.6437506675720215,57.88241982460022,0.5366370677947998,0.6437506675720215,57.88241982460022
nc_papers100m_195trainer_0hop_balanced_local_bs256_800r,20260914_202556_ogbn-papers100M_FedAvg_bs256_seed42_beta10000p0,ogbn-papers100M,FedAvg,256,42,10000.0,90,validation,0.1504,4.1442,0.1504,4.1442,270,0.10764670372009277,0.10764670372009277,0.5251133441925049,0.6327600479125977,58.51517987251282,0.5251133441925049,0.6327600479125977,58.51517987251282
nc_papers100m_195trainer_0hop_balanced_local_bs256_800r,20260914_202556_ogbn-papers100M_FedAvg_bs256_seed42_beta10000p0,ogbn-papers100M,FedAvg,256,42,10000.0,91,validation,0.1513,4.1369,0.1513,4.1369,273,0.1124272346496582,0.1124272346496582,0.5255284309387207,0.6379556655883789,59.153135538101196,0.5255284309387207,0.6379556655883789,59.153135538101196
nc_papers100m_195trainer_0hop_balanced_local_bs256_800r,20260914_202556_ogbn-papers100M_FedAvg_bs256_seed42_beta10000p0,ogbn-papers100M,FedAvg,256,42,10000.0,92,validation,0.1528,4.1295,0.1528,4.1295,276,0.11612534523010254,0.11612534523010254,0.5339736938476562,0.6500990390777588,59.803234577178955,0.5339736938476562,0.6500990390777588,59.803234577178955
nc_papers100m_195trainer_0hop_balanced_local_bs256_800r,20260914_202556_ogbn-papers100M_FedAvg_bs256_seed42_beta10000p0,ogbn-papers100M,FedAvg,256,42,10000.0,93,validation,0.1537,4.1224,0.1537,4.1224,279,0.10729789733886719,0.10729789733886719,0.5366737842559814,0.6439716815948486,60.447206258773804,0.5366737842559814,0.6439716815948486,60.447206258773804
nc_papers100m_195trainer_0hop_balanced_local_bs256_800r,20260914_202556_ogbn-papers100M_FedAvg_bs256_seed42_beta10000p0,ogbn-papers100M,FedAvg,256,42,10000.0,94,validation,0.155,4.1153,0.155,4.1153,282,0.10743117332458496,0.10743117332458496,0.5150637626647949,0.6224949359893799,61.069701194763184,0.5150637626647949,0.6224949359893799,61.069701194763184
nc_papers100m_195trainer_0hop_balanced_local_bs256_800r,20260914_202556_ogbn-papers100M_FedAvg_bs256_seed42_beta10000p0,ogbn-papers100M,FedAvg,256,42,10000.0,95,validation,0.1559,4.1082,0.1559,4.1082,285,0.10939979553222656,0.10939979553222656,0.5150988101959229,0.6244986057281494,61.69419980049133,0.5150988101959229,0.6244986057281494,61.69419980049133
nc_papers100m_195trainer_0hop_balanced_local_bs256_800r,20260914_202556_ogbn-papers100M_FedAvg_bs256_seed42_beta10000p0,ogbn-papers100M,FedAvg,256,42,10000.0,96,validation,0.1568,4.1011,0.1568,4.1011,288,0.11080670356750488,0.11080670356750488,0.5332565307617188,0.6440632343292236,62.33826303482056,0.5332565307617188,0.6440632343292236,62.33826303482056
nc_papers100m_195trainer_0hop_balanced_local_bs256_800r,20260914_202556_ogbn-papers100M_FedAvg_bs256_seed42_beta10000p0,ogbn-papers100M,FedAvg,256,42,10000.0,97,validation,0.1577,4.0942,0.1577,4.0942,291,0.11472797393798828,0.11472797393798828,0.516258955001831,0.6309869289398193,62.969249963760376,0.516258955001831,0.6309869289398193,62.969249963760376
nc_papers100m_195trainer_0hop_balanced_local_bs256_800r,20260914_202556_ogbn-papers100M_FedAvg_bs256_seed42_beta10000p0,ogbn-papers100M,FedAvg,256,42,10000.0,98,validation,0.1587,4.0872,0.1587,4.0872,294,0.1075735092163086,0.1075735092163086,0.5186939239501953,0.6262674331665039,63.59551739692688,0.5186939239501953,0.6262674331665039,63.59551739692688
nc_papers100m_195trainer_0hop_balanced_local_bs256_800r,20260914_202556_ogbn-papers100M_FedAvg_bs256_seed42_beta10000p0,ogbn-papers100M,FedAvg,256,42,10000.0,99,validation,0.1598,4.0803,0.1598,4.0803,297,0.1076509952545166,0.1076509952545166,0.5346615314483643,0.6423125267028809,64.23782992362976,0.5346615314483643,0.6423125267028809,64.23782992362976
nc_papers100m_195trainer_0hop_balanced_local_bs256_800r,20260914_202556_ogbn-papers100M_FedAvg_bs256_seed42_beta10000p0,ogbn-papers100M,FedAvg,256,42,10000.0,100,validation,0.1607,4.0734,0.1607,4.0734,300,0.10594749450683594,0.10594749450683594,0.526188850402832,0.632136344909668,64.86996626853943,0.526188850402832,0.632136344909668,64.86996626853943
nc_papers100m_195trainer_0hop_balanced_local_bs256_800r,20260914_202556_ogbn-papers100M_FedAvg_bs256_seed42_beta10000p0,ogbn-papers100M,FedAvg,256,42,10000.0,101,validation,0.1614,4.0669,0.1614,4.0669,303,0.11116719245910645,0.11116719245910645,0.5216662883758545,0.6328334808349609,65.50279974937439,0.5216662883758545,0.6328334808349609,65.50279974937439
nc_papers100m_195trainer_0hop_balanced_local_bs256_800r,20260914_202556_ogbn-papers100M_FedAvg_bs256_seed42_beta10000p0,ogbn-papers100M,FedAvg,256,42,10000.0,102,validation,0.1626,4.0601,0.1626,4.0601,306,0.11967301368713379,0.11967301368713379,0.5288670063018799,0.6485400199890137,66.1513397693634,0.5288670063018799,0.6485400199890137,66.1513397693634
nc_papers100m_195trainer_0hop_balanced_local_bs256_800r,20260914_202556_ogbn-papers100M_FedAvg_bs256_seed42_beta10000p0,ogbn-papers100M,FedAvg,256,42,10000.0,103,validation,0.1635,4.0536,0.1635,4.0536,309,0.11057305335998535,0.11057305335998535,0.7115707397460938,0.8221437931060791,66.97348356246948,0.7115707397460938,0.8221437931060791,66.97348356246948
nc_papers100m_195trainer_0hop_balanced_local_bs256_800r,20260914_202556_ogbn-papers100M_FedAvg_bs256_seed42_beta10000p0,ogbn-papers100M,FedAvg,256,42,10000.0,104,validation,0.1643,4.0471,0.1643,4.0471,312,0.10738587379455566,0.10738587379455566,0.5205593109130859,0.6279451847076416,67.60142874717712,0.5205593109130859,0.6279451847076416,67.60142874717712
nc_papers100m_195trainer_0hop_balanced_local_bs256_800r,20260914_202556_ogbn-papers100M_FedAvg_bs256_seed42_beta10000p0,ogbn-papers100M,FedAvg,256,42,10000.0,105,validation,0.1652,4.0408,0.1652,4.0408,315,0.10802578926086426,0.10802578926086426,0.5484817028045654,0.6565074920654297,68.25793623924255,0.5484817028045654,0.6565074920654297,68.25793623924255
nc_papers100m_195trainer_0hop_balanced_local_bs256_800r,20260914_202556_ogbn-papers100M_FedAvg_bs256_seed42_beta10000p0,ogbn-papers100M,FedAvg,256,42,10000.0,106,validation,0.1662,4.0345,0.1662,4.0345,318,0.1125326156616211,0.1125326156616211,0.528179407119751,0.6407120227813721,68.89864826202393,0.528179407119751,0.6407120227813721,68.89864826202393
nc_papers100m_195trainer_0hop_balanced_local_bs256_800r,20260914_202556_ogbn-papers100M_FedAvg_bs256_seed42_beta10000p0,ogbn-papers100M,FedAvg,256,42,10000.0,107,validation,0.1673,4.0283,0.1673,4.0283,321,0.1111598014831543,0.1111598014831543,0.5291359424591064,0.6402957439422607,69.53894400596619,0.5291359424591064,0.6402957439422607,69.53894400596619
nc_papers100m_195trainer_0hop_balanced_local_bs256_800r,20260914_202556_ogbn-papers100M_FedAvg_bs256_seed42_beta10000p0,ogbn-papers100M,FedAvg,256,42,10000.0,108,validation,0.1683,4.0219,0.1683,4.0219,324,0.11380124092102051,0.11380124092102051,0.5302038192749023,0.6440050601959229,70.18294906616211,0.5302038192749023,0.6440050601959229,70.18294906616211
nc_papers100m_195trainer_0hop_balanced_local_bs256_800r,20260914_202556_ogbn-papers100M_FedAvg_bs256_seed42_beta10000p0,ogbn-papers100M,FedAvg,256,42,10000.0,109,validation,0.169,4.0159,0.169,4.0159,327,0.10938572883605957,0.10938572883605957,0.5224189758300781,0.6318047046661377,70.81475377082825,0.5224189758300781,0.6318047046661377,70.81475377082825
nc_papers100m_195trainer_0hop_balanced_local_bs256_800r,20260914_202556_ogbn-papers100M_FedAvg_bs256_seed42_beta10000p0,ogbn-papers100M,FedAvg,256,42,10000.0,110,validation,0.1699,4.0098,0.1699,4.0098,330,0.10653972625732422,0.10653972625732422,0.5352559089660645,0.6417956352233887,71.45654940605164,0.5352559089660645,0.6417956352233887,71.45654940605164
nc_papers100m_195trainer_0hop_balanced_local_bs256_800r,20260914_202556_ogbn-papers100M_FedAvg_bs256_seed42_beta10000p0,ogbn-papers100M,FedAvg,256,42,10000.0,111,validation,0.1709,4.0039,0.1709,4.0039,333,0.10638546943664551,0.10638546943664551,0.5322270393371582,0.6386125087738037,72.09516191482544,0.5322270393371582,0.6386125087738037,72.09516191482544
nc_papers100m_195trainer_0hop_balanced_local_bs256_800r,20260914_202556_ogbn-papers100M_FedAvg_bs256_seed42_beta10000p0,ogbn-papers100M,FedAvg,256,42,10000.0,112,validation,0.1718,3.9979,0.1718,3.9979,336,0.10895967483520508,0.10895967483520508,0.5205724239349365,0.6295320987701416,72.72469401359558,0.5205724239349365,0.6295320987701416,72.72469401359558
nc_papers100m_195trainer_0hop_balanced_local_bs256_800r,20260914_202556_ogbn-papers100M_FedAvg_bs256_seed42_beta10000p0,ogbn-papers100M,FedAvg,256,42,10000.0,113,validation,0.1728,3.9918,0.1728,3.9918,339,0.1175241470336914,0.1175241470336914,0.5278730392456055,0.6453971862792969,73.37009119987488,0.5278730392456055,0.6453971862792969,73.37009119987488
nc_papers100m_195trainer_0hop_balanced_local_bs256_800r,20260914_202556_ogbn-papers100M_FedAvg_bs256_seed42_beta10000p0,ogbn-papers100M,FedAvg,256,42,10000.0,114,validation,0.1739,3.9858,0.1739,3.9858,342,0.1132822036743164,0.1132822036743164,0.5255062580108643,0.6387884616851807,74.00887966156006,0.5255062580108643,0.6387884616851807,74.00887966156006
nc_papers100m_195trainer_0hop_balanced_local_bs256_800r,20260914_202556_ogbn-papers100M_FedAvg_bs256_seed42_beta10000p0,ogbn-papers100M,FedAvg,256,42,10000.0,115,validation,0.1746,3.98,0.1746,3.98,345,0.10582947731018066,0.10582947731018066,0.5136721134185791,0.6195015907287598,74.62838125228882,0.5136721134185791,0.6195015907287598,74.62838125228882
nc_papers100m_195trainer_0hop_balanced_local_bs256_800r,20260914_202556_ogbn-papers100M_FedAvg_bs256_seed42_beta10000p0,ogbn-papers100M,FedAvg,256,42,10000.0,116,validation,0.1756,3.9741,0.1756,3.9741,348,0.10934805870056152,0.10934805870056152,0.5253720283508301,0.6347200870513916,75.26310133934021,0.5253720283508301,0.6347200870513916,75.26310133934021
nc_papers100m_195trainer_0hop_balanced_local_bs256_800r,20260914_202556_ogbn-papers100M_FedAvg_bs256_seed42_beta10000p0,ogbn-papers100M,FedAvg,256,42,10000.0,117,validation,0.1762,3.9681,0.1762,3.9681,351,0.10754680633544922,0.10754680633544922,0.5350725650787354,0.6426193714141846,75.9057207107544,0.5350725650787354,0.6426193714141846,75.9057207107544
nc_papers100m_195trainer_0hop_balanced_local_bs256_800r,20260914_202556_ogbn-papers100M_FedAvg_bs256_seed42_beta10000p0,ogbn-papers100M,FedAvg,256,42,10000.0,118,validation,0.1771,3.9624,0.1771,3.9624,354,0.1069490909576416,0.1069490909576416,0.5217633247375488,0.6287124156951904,76.53443312644958,0.5217633247375488,0.6287124156951904,76.53443312644958
nc_papers100m_195trainer_0hop_balanced_local_bs256_800r,20260914_202556_ogbn-papers100M_FedAvg_bs256_seed42_beta10000p0,ogbn-papers100M,FedAvg,256,42,10000.0,119,validation,0.1781,3.9569,0.1781,3.9569,357,0.11485815048217773,0.11485815048217773,0.5653059482574463,0.680164098739624,77.21459722518921,0.5653059482574463,0.680164098739624,77.21459722518921
nc_papers100m_195trainer_0hop_balanced_local_bs256_800r,20260914_202556_ogbn-papers100M_FedAvg_bs256_seed42_beta10000p0,ogbn-papers100M,FedAvg,256,42,10000.0,120,validation,0.1789,3.9512,0.1789,3.9512,360,0.1075747013092041,0.1075747013092041,0.5346190929412842,0.6421937942504883,77.8567910194397,0.5346190929412842,0.6421937942504883,77.8567910194397
nc_papers100m_195trainer_0hop_balanced_local_bs256_800r,20260914_202556_ogbn-papers100M_FedAvg_bs256_seed42_beta10000p0,ogbn-papers100M,FedAvg,256,42,10000.0,121,validation,0.1798,3.9454,0.1798,3.9454,363,0.10948491096496582,0.10948491096496582,0.5342319011688232,0.6437168121337891,78.50050783157349,0.5342319011688232,0.6437168121337891,78.50050783157349
nc_papers100m_195trainer_0hop_balanced_local_bs256_800r,20260914_202556_ogbn-papers100M_FedAvg_bs256_seed42_beta10000p0,ogbn-papers100M,FedAvg,256,42,10000.0,122,validation,0.1804,3.9404,0.1804,3.9404,366,0.10816431045532227,0.10816431045532227,0.514873743057251,0.6230380535125732,79.12354588508606,0.514873743057251,0.6230380535125732,79.12354588508606
nc_papers100m_195trainer_0hop_balanced_local_bs256_800r,20260914_202556_ogbn-papers100M_FedAvg_bs256_seed42_beta10000p0,ogbn-papers100M,FedAvg,256,42,10000.0,123,validation,0.1813,3.9348,0.1813,3.9348,369,0.10981130599975586,0.10981130599975586,0.5222713947296143,0.6320827007293701,79.75562858581543,0.5222713947296143,0.6320827007293701,79.75562858581543
nc_papers100m_195trainer_0hop_balanced_local_bs256_800r,20260914_202556_ogbn-papers100M_FedAvg_bs256_seed42_beta10000p0,ogbn-papers100M,FedAvg,256,42,10000.0,124,validation,0.182,3.9297,0.182,3.9297,372,0.11151456832885742,0.11151456832885742,0.5320959091186523,0.6436104774475098,80.39923906326294,0.5320959091186523,0.6436104774475098,80.39923906326294
nc_papers100m_195trainer_0hop_balanced_local_bs256_800r,20260914_202556_ogbn-papers100M_FedAvg_bs256_seed42_beta10000p0,ogbn-papers100M,FedAvg,256,42,10000.0,125,validation,0.1829,3.9244,0.1829,3.9244,375,0.11029314994812012,0.11029314994812012,0.5278933048248291,0.6381864547729492,81.03742551803589,0.5278933048248291,0.6381864547729492,81.03742551803589
nc_papers100m_195trainer_0hop_balanced_local_bs256_800r,20260914_202556_ogbn-papers100M_FedAvg_bs256_seed42_beta10000p0,ogbn-papers100M,FedAvg,256,42,10000.0,126,validation,0.1835,3.9193,0.1835,3.9193,378,0.10901689529418945,0.10901689529418945,0.525615930557251,0.6346328258514404,81.67205834388733,0.525615930557251,0.6346328258514404,81.67205834388733
nc_papers100m_195trainer_0hop_balanced_local_bs256_800r,20260914_202556_ogbn-papers100M_FedAvg_bs256_seed42_beta10000p0,ogbn-papers100M,FedAvg,256,42,10000.0,127,validation,0.1845,3.9143,0.1845,3.9143,381,0.1065359115600586,0.1065359115600586,0.5397799015045166,0.6463158130645752,82.3183741569519,0.5397799015045166,0.6463158130645752,82.3183741569519
nc_papers100m_195trainer_0hop_balanced_local_bs256_800r,20260914_202556_ogbn-papers100M_FedAvg_bs256_seed42_beta10000p0,ogbn-papers100M,FedAvg,256,42,10000.0,128,validation,0.1854,3.9091,0.1854,3.9091,384,0.10862398147583008,0.10862398147583008,0.5321359634399414,0.6407599449157715,82.95913410186768,0.5321359634399414,0.6407599449157715,82.95913410186768
nc_papers100m_195trainer_0hop_balanced_local_bs256_800r,20260914_202556_ogbn-papers100M_FedAvg_bs256_seed42_beta10000p0,ogbn-papers100M,FedAvg,256,42,10000.0,129,validation,0.1861,3.9039,0.1861,3.9039,387,0.11136507987976074,0.11136507987976074,0.5153758525848389,0.6267409324645996,83.58587503433228,0.5153758525848389,0.6267409324645996,83.58587503433228
nc_papers100m_195trainer_0hop_balanced_local_bs256_800r,20260914_202556_ogbn-papers100M_FedAvg_bs256_seed42_beta10000p0,ogbn-papers100M,FedAvg,256,42,10000.0,130,validation,0.1867,3.8991,0.1867,3.8991,390,0.10905623435974121,0.10905623435974121,0.5400843620300293,0.6491405963897705,84.23501563072205,0.5400843620300293,0.6491405963897705,84.23501563072205
nc_papers100m_195trainer_0hop_balanced_local_bs256_800r,20260914_202556_ogbn-papers100M_FedAvg_bs256_seed42_beta10000p0,ogbn-papers100M,FedAvg,256,42,10000.0,131,validation,0.1873,3.8939,0.1873,3.8939,393,0.11183047294616699,0.11183047294616699,0.5321869850158691,0.6440174579620361,84.87903308868408,0.5321869850158691,0.6440174579620361,84.87903308868408
nc_papers100m_195trainer_0hop_balanced_local_bs256_800r,20260914_202556_ogbn-papers100M_FedAvg_bs256_seed42_beta10000p0,ogbn-papers100M,FedAvg,256,42,10000.0,132,validation,0.188,3.889,0.188,3.889,396,0.10764241218566895,0.10764241218566895,0.511404275894165,0.619046688079834,85.49807977676392,0.511404275894165,0.619046688079834,85.49807977676392
nc_papers100m_195trainer_0hop_balanced_local_bs256_800r,20260914_202556_ogbn-papers100M_FedAvg_bs256_seed42_beta10000p0,ogbn-papers100M,FedAvg,256,42,10000.0,133,validation,0.1889,3.8843,0.1889,3.8843,399,0.1064910888671875,0.1064910888671875,0.541473388671875,0.6479644775390625,86.14604425430298,0.541473388671875,0.6479644775390625,86.14604425430298
nc_papers100m_195trainer_0hop_balanced_local_bs256_800r,20260914_202556_ogbn-papers100M_FedAvg_bs256_seed42_beta10000p0,ogbn-papers100M,FedAvg,256,42,10000.0,134,validation,0.1896,3.8794,0.1896,3.8794,402,0.10688161849975586,0.10688161849975586,0.5223240852355957,0.6292057037353516,86.77524995803833,0.5223240852355957,0.6292057037353516,86.77524995803833
nc_papers100m_195trainer_0hop_balanced_local_bs256_800r,20260914_202556_ogbn-papers100M_FedAvg_bs256_seed42_beta10000p0,ogbn-papers100M,FedAvg,256,42,10000.0,135,validation,0.1901,3.8745,0.1901,3.8745,405,0.1099698543548584,0.1099698543548584,0.5287539958953857,0.6387238502502441,87.41397380828857,0.5287539958953857,0.6387238502502441,87.41397380828857
nc_papers100m_195trainer_0hop_balanced_local_bs256_800r,20260914_202556_ogbn-papers100M_FedAvg_bs256_seed42_beta10000p0,ogbn-papers100M,FedAvg,256,42,10000.0,136,validation,0.1909,3.8698,0.1909,3.8698,408,0.11125922203063965,0.11125922203063965,0.5169317722320557,0.6281909942626953,88.04216480255127,0.5169317722320557,0.6281909942626953,88.04216480255127
nc_papers100m_195trainer_0hop_balanced_local_bs256_800r,20260914_202556_ogbn-papers100M_FedAvg_bs256_seed42_beta10000p0,ogbn-papers100M,FedAvg,256,42,10000.0,137,validation,0.1916,3.865,0.1916,3.865,411,0.10941481590270996,0.10941481590270996,0.5296695232391357,0.6390843391418457,88.68124914169312,0.5296695232391357,0.6390843391418457,88.68124914169312
nc_papers100m_195trainer_0hop_balanced_local_bs256_800r,20260914_202556_ogbn-papers100M_FedAvg_bs256_seed42_beta10000p0,ogbn-papers100M,FedAvg,256,42,10000.0,138,validation,0.1925,3.8603,0.1925,3.8603,414,0.1082916259765625,0.1082916259765625,0.5249297618865967,0.6332213878631592,89.31447052955627,0.5249297618865967,0.6332213878631592,89.31447052955627
nc_papers100m_195trainer_0hop_balanced_local_bs256_800r,20260914_202556_ogbn-papers100M_FedAvg_bs256_seed42_beta10000p0,ogbn-papers100M,FedAvg,256,42,10000.0,139,validation,0.1931,3.8556,0.1931,3.8556,417,0.10803508758544922,0.10803508758544922,0.5213141441345215,0.6293492317199707,89.94381976127625,0.5213141441345215,0.6293492317199707,89.94381976127625
nc_papers100m_195trainer_0hop_balanced_local_bs256_800r,20260914_202556_ogbn-papers100M_FedAvg_bs256_seed42_beta10000p0,ogbn-papers100M,FedAvg,256,42,10000.0,140,validation,0.1937,3.8507,0.1937,3.8507,420,0.108428955078125,0.108428955078125,0.530928373336792,0.639357328414917,90.58317708969116,0.530928373336792,0.639357328414917,90.58317708969116
nc_papers100m_195trainer_0hop_balanced_local_bs256_800r,20260914_202556_ogbn-papers100M_FedAvg_bs256_seed42_beta10000p0,ogbn-papers100M,FedAvg,256,42,10000.0,141,validation,0.1943,3.8462,0.1943,3.8462,423,0.1154947280883789,0.1154947280883789,0.5421192646026611,0.65761399269104,91.2407910823822,0.5421192646026611,0.65761399269104,91.2407910823822
nc_papers100m_195trainer_0hop_balanced_local_bs256_800r,20260914_202556_ogbn-papers100M_FedAvg_bs256_seed42_beta10000p0,ogbn-papers100M,FedAvg,256,42,10000.0,142,validation,0.1948,3.8418,0.1948,3.8418,426,0.11466288566589355,0.11466288566589355,0.5279383659362793,0.6426012516021729,91.88339233398438,0.5279383659362793,0.6426012516021729,91.88339233398438
nc_papers100m_195trainer_0hop_balanced_local_bs256_800r,20260914_202556_ogbn-papers100M_FedAvg_bs256_seed42_beta10000p0,ogbn-papers100M,FedAvg,256,42,10000.0,143,validation,0.1957,3.8372,0.1957,3.8372,429,0.10616683959960938,0.10616683959960938,0.5303747653961182,0.6365416049957275,92.5199339389801,0.5303747653961182,0.6365416049957275,92.5199339389801
nc_papers100m_195trainer_0hop_balanced_local_bs256_800r,20260914_202556_ogbn-papers100M_FedAvg_bs256_seed42_beta10000p0,ogbn-papers100M,FedAvg,256,42,10000.0,144,validation,0.1963,3.8327,0.1963,3.8327,432,0.10669374465942383,0.10669374465942383,0.537036657333374,0.6437304019927979,93.1636643409729,0.537036657333374,0.6437304019927979,93.1636643409729
nc_papers100m_195trainer_0hop_balanced_local_bs256_800r,20260914_202556_ogbn-papers100M_FedAvg_bs256_seed42_beta10000p0,ogbn-papers100M,FedAvg,256,42,10000.0,145,validation,0.197,3.8281,0.197,3.8281,435,0.10742425918579102,0.10742425918579102,0.5229487419128418,0.6303730010986328,93.79403734207153,0.5229487419128418,0.6303730010986328,93.79403734207153
nc_papers100m_195trainer_0hop_balanced_local_bs256_800r,20260914_202556_ogbn-papers100M_FedAvg_bs256_seed42_beta10000p0,ogbn-papers100M,FedAvg,256,42,10000.0,146,validation,0.1975,3.8238,0.1975,3.8238,438,0.10951876640319824,0.10951876640319824,0.5153732299804688,0.624891996383667,94.4189293384552,0.5153732299804688,0.624891996383667,94.4189293384552
nc_papers100m_195trainer_0hop_balanced_local_bs256_800r,20260914_202556_ogbn-papers100M_FedAvg_bs256_seed42_beta10000p0,ogbn-papers100M,FedAvg,256,42,10000.0,147,validation,0.1982,3.8193,0.1982,3.8193,441,0.11108517646789551,0.11108517646789551,0.5611834526062012,0.6722686290740967,95.0911979675293,0.5611834526062012,0.6722686290740967,95.0911979675293
nc_papers100m_195trainer_0hop_balanced_local_bs256_800r,20260914_202556_ogbn-papers100M_FedAvg_bs256_seed42_beta10000p0,ogbn-papers100M,FedAvg,256,42,10000.0,148,validation,0.1988,3.8147,0.1988,3.8147,444,0.10888910293579102,0.10888910293579102,0.5614814758300781,0.6703705787658691,95.76156854629517,0.5614814758300781,0.6703705787658691,95.76156854629517
nc_papers100m_195trainer_0hop_balanced_local_bs256_800r,20260914_202556_ogbn-papers100M_FedAvg_bs256_seed42_beta10000p0,ogbn-papers100M,FedAvg,256,42,10000.0,149,validation,0.1992,3.8105,0.1992,3.8105,447,0.10675311088562012,0.10675311088562012,0.523615837097168,0.6303689479827881,96.39193749427795,0.523615837097168,0.6303689479827881,96.39193749427795
nc_papers100m_195trainer_0hop_balanced_local_bs256_800r,20260914_202556_ogbn-papers100M_FedAvg_bs256_seed42_beta10000p0,ogbn-papers100M,FedAvg,256,42,10000.0,150,validation,0.2,3.8061,0.2,3.8061,450,0.11256098747253418,0.11256098747253418,0.5255463123321533,0.6381072998046875,97.03004479408264,0.5255463123321533,0.6381072998046875,97.03004479408264
nc_papers100m_195trainer_0hop_balanced_local_bs256_800r,20260914_202556_ogbn-papers100M_FedAvg_bs256_seed42_beta10000p0,ogbn-papers100M,FedAvg,256,42,10000.0,151,validation,0.2007,3.802,0.2007,3.802,453,0.11051535606384277,0.11051535606384277,0.5386075973510742,0.649122953414917,97.67916774749756,0.5386075973510742,0.649122953414917,97.67916774749756
nc_papers100m_195trainer_0hop_balanced_local_bs256_800r,20260914_202556_ogbn-papers100M_FedAvg_bs256_seed42_beta10000p0,ogbn-papers100M,FedAvg,256,42,10000.0,152,validation,0.2011,3.7977,0.2011,3.7977,456,0.10990262031555176,0.10990262031555176,0.5256164073944092,0.6355190277099609,98.31468677520752,0.5256164073944092,0.6355190277099609,98.31468677520752
nc_papers100m_195trainer_0hop_balanced_local_bs256_800r,20260914_202556_ogbn-papers100M_FedAvg_bs256_seed42_beta10000p0,ogbn-papers100M,FedAvg,256,42,10000.0,153,validation,0.2016,3.7935,0.2016,3.7935,459,0.10669302940368652,0.10669302940368652,0.5235650539398193,0.6302580833435059,98.94494485855103,0.5235650539398193,0.6302580833435059,98.94494485855103
nc_papers100m_195trainer_0hop_balanced_local_bs256_800r,20260914_202556_ogbn-papers100M_FedAvg_bs256_seed42_beta10000p0,ogbn-papers100M,FedAvg,256,42,10000.0,154,validation,0.202,3.7891,0.202,3.7891,462,0.11081099510192871,0.11081099510192871,0.5300014019012451,0.6408123970031738,99.5857572555542,0.5300014019012451,0.6408123970031738,99.5857572555542
nc_papers100m_195trainer_0hop_balanced_local_bs256_800r,20260914_202556_ogbn-papers100M_FedAvg_bs256_seed42_beta10000p0,ogbn-papers100M,FedAvg,256,42,10000.0,155,validation,0.2025,3.7847,0.2025,3.7847,465,0.10819101333618164,0.10819101333618164,0.5241360664367676,0.6323270797729492,100.21808433532715,0.5241360664367676,0.6323270797729492,100.21808433532715
nc_papers100m_195trainer_0hop_balanced_local_bs256_800r,20260914_202556_ogbn-papers100M_FedAvg_bs256_seed42_beta10000p0,ogbn-papers100M,FedAvg,256,42,10000.0,156,validation,0.2034,3.7807,0.2034,3.7807,468,0.11289858818054199,0.11289858818054199,0.5195667743682861,0.6324653625488281,100.85054969787598,0.5195667743682861,0.6324653625488281,100.85054969787598
nc_papers100m_195trainer_0hop_balanced_local_bs256_800r,20260914_202556_ogbn-papers100M_FedAvg_bs256_seed42_beta10000p0,ogbn-papers100M,FedAvg,256,42,10000.0,157,validation,0.2039,3.7767,0.2039,3.7767,471,0.11674833297729492,0.11674833297729492,0.5196933746337891,0.636441707611084,101.48699140548706,0.5196933746337891,0.636441707611084,101.48699140548706
nc_papers100m_195trainer_0hop_balanced_local_bs256_800r,20260914_202556_ogbn-papers100M_FedAvg_bs256_seed42_beta10000p0,ogbn-papers100M,FedAvg,256,42,10000.0,158,validation,0.2042,3.7729,0.2042,3.7729,474,0.10727667808532715,0.10727667808532715,0.5232980251312256,0.6305747032165527,102.11756610870361,0.5232980251312256,0.6305747032165527,102.11756610870361
nc_papers100m_195trainer_0hop_balanced_local_bs256_800r,20260914_202556_ogbn-papers100M_FedAvg_bs256_seed42_beta10000p0,ogbn-papers100M,FedAvg,256,42,10000.0,159,validation,0.2049,3.7689,0.2049,3.7689,477,0.10947012901306152,0.10947012901306152,0.5212101936340332,0.6306803226470947,102.74824643135071,0.5212101936340332,0.6306803226470947,102.74824643135071
nc_papers100m_195trainer_0hop_balanced_local_bs256_800r,20260914_202556_ogbn-papers100M_FedAvg_bs256_seed42_beta10000p0,ogbn-papers100M,FedAvg,256,42,10000.0,160,validation,0.2055,3.7648,0.2055,3.7648,480,0.10575628280639648,0.10575628280639648,0.5191760063171387,0.6249322891235352,103.37317872047424,0.5191760063171387,0.6249322891235352,103.37317872047424
nc_papers100m_195trainer_0hop_balanced_local_bs256_800r,20260914_202556_ogbn-papers100M_FedAvg_bs256_seed42_beta10000p0,ogbn-papers100M,FedAvg,256,42,10000.0,161,validation,0.206,3.7611,0.206,3.7611,483,0.10736870765686035,0.10736870765686035,0.5532817840576172,0.6606504917144775,104.03382921218872,0.5532817840576172,0.6606504917144775,104.03382921218872
nc_papers100m_195trainer_0hop_balanced_local_bs256_800r,20260914_202556_ogbn-papers100M_FedAvg_bs256_seed42_beta10000p0,ogbn-papers100M,FedAvg,256,42,10000.0,162,validation,0.2064,3.757,0.2064,3.757,486,0.11191034317016602,0.11191034317016602,0.5218169689178467,0.6337273120880127,104.66755652427673,0.5218169689178467,0.6337273120880127,104.66755652427673
nc_papers100m_195trainer_0hop_balanced_local_bs256_800r,20260914_202556_ogbn-papers100M_FedAvg_bs256_seed42_beta10000p0,ogbn-papers100M,FedAvg,256,42,10000.0,163,validation,0.2067,3.7535,0.2067,3.7535,489,0.11004233360290527,0.11004233360290527,0.5260467529296875,0.6360890865325928,105.30364561080933,0.5260467529296875,0.6360890865325928,105.30364561080933
nc_papers100m_195trainer_0hop_balanced_local_bs256_800r,20260914_202556_ogbn-papers100M_FedAvg_bs256_seed42_beta10000p0,ogbn-papers100M,FedAvg,256,42,10000.0,164,validation,0.2072,3.7496,0.2072,3.7496,492,0.10671520233154297,0.10671520233154297,0.5234076976776123,0.6301229000091553,105.93376851081848,0.5234076976776123,0.6301229000091553,105.93376851081848
nc_papers100m_195trainer_0hop_balanced_local_bs256_800r,20260914_202556_ogbn-papers100M_FedAvg_bs256_seed42_beta10000p0,ogbn-papers100M,FedAvg,256,42,10000.0,165,validation,0.2075,3.7457,0.2075,3.7457,495,0.10623979568481445,0.10623979568481445,0.5173099040985107,0.6235496997833252,106.5573182106018,0.5173099040985107,0.6235496997833252,106.5573182106018
nc_papers100m_195trainer_0hop_balanced_local_bs256_800r,20260914_202556_ogbn-papers100M_FedAvg_bs256_seed42_beta10000p0,ogbn-papers100M,FedAvg,256,42,10000.0,166,validation,0.2083,3.7421,0.2083,3.7421,498,0.10962700843811035,0.10962700843811035,0.5121440887451172,0.6217710971832275,107.17908930778503,0.5121440887451172,0.6217710971832275,107.17908930778503
nc_papers100m_195trainer_0hop_balanced_local_bs256_800r,20260914_202556_ogbn-papers100M_FedAvg_bs256_seed42_beta10000p0,ogbn-papers100M,FedAvg,256,42,10000.0,167,validation,0.2086,3.7383,0.2086,3.7383,501,0.10679244995117188,0.10679244995117188,0.5320398807525635,0.6388323307037354,107.81792163848877,0.5320398807525635,0.6388323307037354,107.81792163848877
nc_papers100m_195trainer_0hop_balanced_local_bs256_800r,20260914_202556_ogbn-papers100M_FedAvg_bs256_seed42_beta10000p0,ogbn-papers100M,FedAvg,256,42,10000.0,168,validation,0.2095,3.734,0.2095,3.734,504,0.10686588287353516,0.10686588287353516,0.5266039371490479,0.633469820022583,108.45139145851135,0.5266039371490479,0.633469820022583,108.45139145851135
nc_papers100m_195trainer_0hop_balanced_local_bs256_800r,20260914_202556_ogbn-papers100M_FedAvg_bs256_seed42_beta10000p0,ogbn-papers100M,FedAvg,256,42,10000.0,169,validation,0.2098,3.7302,0.2098,3.7302,507,0.1076517105102539,0.1076517105102539,0.5280179977416992,0.6356697082519531,109.0870611667633,0.5280179977416992,0.6356697082519531,109.0870611667633
nc_papers100m_195trainer_0hop_balanced_local_bs256_800r,20260914_202556_ogbn-papers100M_FedAvg_bs256_seed42_beta10000p0,ogbn-papers100M,FedAvg,256,42,10000.0,170,validation,0.2102,3.7266,0.2102,3.7266,510,0.11009860038757324,0.11009860038757324,0.5254738330841064,0.6355724334716797,109.72263360023499,0.5254738330841064,0.6355724334716797,109.72263360023499
nc_papers100m_195trainer_0hop_balanced_local_bs256_800r,20260914_202556_ogbn-papers100M_FedAvg_bs256_seed42_beta10000p0,ogbn-papers100M,FedAvg,256,42,10000.0,171,validation,0.2109,3.7231,0.2109,3.7231,513,0.10783743858337402,0.10783743858337402,0.5328986644744873,0.6407361030578613,110.36336970329285,0.5328986644744873,0.6407361030578613,110.36336970329285
nc_papers100m_195trainer_0hop_balanced_local_bs256_800r,20260914_202556_ogbn-papers100M_FedAvg_bs256_seed42_beta10000p0,ogbn-papers100M,FedAvg,256,42,10000.0,172,validation,0.2112,3.7194,0.2112,3.7194,516,0.10706639289855957,0.10706639289855957,0.5264248847961426,0.6334912776947021,110.99686098098755,0.5264248847961426,0.6334912776947021,110.99686098098755
nc_papers100m_195trainer_0hop_balanced_local_bs256_800r,20260914_202556_ogbn-papers100M_FedAvg_bs256_seed42_beta10000p0,ogbn-papers100M,FedAvg,256,42,10000.0,173,validation,0.2117,3.7158,0.2117,3.7158,519,0.10741114616394043,0.10741114616394043,0.514747142791748,0.6221582889556885,111.61901926994324,0.514747142791748,0.6221582889556885,111.61901926994324
nc_papers100m_195trainer_0hop_balanced_local_bs256_800r,20260914_202556_ogbn-papers100M_FedAvg_bs256_seed42_beta10000p0,ogbn-papers100M,FedAvg,256,42,10000.0,174,validation,0.2122,3.7119,0.2122,3.7119,522,0.1105194091796875,0.1105194091796875,0.535975456237793,0.6464948654174805,112.26551413536072,0.535975456237793,0.6464948654174805,112.26551413536072
nc_papers100m_195trainer_0hop_balanced_local_bs256_800r,20260914_202556_ogbn-papers100M_FedAvg_bs256_seed42_beta10000p0,ogbn-papers100M,FedAvg,256,42,10000.0,175,validation,0.2129,3.7082,0.2129,3.7082,525,0.10854268074035645,0.10854268074035645,0.5378954410552979,0.6464381217956543,112.91195225715637,0.5378954410552979,0.6464381217956543,112.91195225715637
nc_papers100m_195trainer_0hop_balanced_local_bs256_800r,20260914_202556_ogbn-papers100M_FedAvg_bs256_seed42_beta10000p0,ogbn-papers100M,FedAvg,256,42,10000.0,176,validation,0.2132,3.7048,0.2132,3.7048,528,0.1105809211730957,0.1105809211730957,0.5171122550964355,0.6276931762695312,113.5396454334259,0.5171122550964355,0.6276931762695312,113.5396454334259
nc_papers100m_195trainer_0hop_balanced_local_bs256_800r,20260914_202556_ogbn-papers100M_FedAvg_bs256_seed42_beta10000p0,ogbn-papers100M,FedAvg,256,42,10000.0,177,validation,0.2136,3.7011,0.2136,3.7011,531,0.10699963569641113,0.10699963569641113,0.5305328369140625,0.6375324726104736,114.17717790603638,0.5305328369140625,0.6375324726104736,114.17717790603638
nc_papers100m_195trainer_0hop_balanced_local_bs256_800r,20260914_202556_ogbn-papers100M_FedAvg_bs256_seed42_beta10000p0,ogbn-papers100M,FedAvg,256,42,10000.0,178,validation,0.214,3.6977,0.214,3.6977,534,0.10853862762451172,0.10853862762451172,0.5271415710449219,0.6356801986694336,114.81285810470581,0.5271415710449219,0.6356801986694336,114.81285810470581
nc_papers100m_195trainer_0hop_balanced_local_bs256_800r,20260914_202556_ogbn-papers100M_FedAvg_bs256_seed42_beta10000p0,ogbn-papers100M,FedAvg,256,42,10000.0,179,validation,0.2146,3.6941,0.2146,3.6941,537,0.1096651554107666,0.1096651554107666,0.5156755447387695,0.6253407001495361,115.43819880485535,0.5156755447387695,0.6253407001495361,115.43819880485535
nc_papers100m_195trainer_0hop_balanced_local_bs256_800r,20260914_202556_ogbn-papers100M_FedAvg_bs256_seed42_beta10000p0,ogbn-papers100M,FedAvg,256,42,10000.0,180,validation,0.215,3.6905,0.215,3.6905,540,0.11222267150878906,0.11222267150878906,0.5240180492401123,0.6362407207489014,116.07443952560425,0.5240180492401123,0.6362407207489014,116.07443952560425
nc_papers100m_195trainer_0hop_balanced_local_bs256_800r,20260914_202556_ogbn-papers100M_FedAvg_bs256_seed42_beta10000p0,ogbn-papers100M,FedAvg,256,42,10000.0,181,validation,0.2155,3.6873,0.2155,3.6873,543,0.11098837852478027,0.11098837852478027,0.529752254486084,0.6407406330108643,116.71518015861511,0.529752254486084,0.6407406330108643,116.71518015861511
nc_papers100m_195trainer_0hop_balanced_local_bs256_800r,20260914_202556_ogbn-papers100M_FedAvg_bs256_seed42_beta10000p0,ogbn-papers100M,FedAvg,256,42,10000.0,182,validation,0.2158,3.6836,0.2158,3.6836,546,0.1073007583618164,0.1073007583618164,0.526630163192749,0.6339309215545654,117.34911108016968,0.526630163192749,0.6339309215545654,117.34911108016968
nc_papers100m_195trainer_0hop_balanced_local_bs256_800r,20260914_202556_ogbn-papers100M_FedAvg_bs256_seed42_beta10000p0,ogbn-papers100M,FedAvg,256,42,10000.0,183,validation,0.2161,3.6804,0.2161,3.6804,549,0.10552859306335449,0.10552859306335449,0.5208122730255127,0.6263408660888672,117.97545194625854,0.5208122730255127,0.6263408660888672,117.97545194625854
nc_papers100m_195trainer_0hop_balanced_local_bs256_800r,20260914_202556_ogbn-papers100M_FedAvg_bs256_seed42_beta10000p0,ogbn-papers100M,FedAvg,256,42,10000.0,184,validation,0.2166,3.6774,0.2166,3.6774,552,0.10770750045776367,0.10770750045776367,0.53597092628479,0.6436784267425537,118.6191303730011,0.53597092628479,0.6436784267425537,118.6191303730011
nc_papers100m_195trainer_0hop_balanced_local_bs256_800r,20260914_202556_ogbn-papers100M_FedAvg_bs256_seed42_beta10000p0,ogbn-papers100M,FedAvg,256,42,10000.0,185,validation,0.2169,3.6739,0.2169,3.6739,555,0.10984683036804199,0.10984683036804199,0.5254294872283936,0.6352763175964355,119.25440669059753,0.5254294872283936,0.6352763175964355,119.25440669059753
nc_papers100m_195trainer_0hop_balanced_local_bs256_800r,20260914_202556_ogbn-papers100M_FedAvg_bs256_seed42_beta10000p0,ogbn-papers100M,FedAvg,256,42,10000.0,186,validation,0.2173,3.6708,0.2173,3.6708,558,0.10688328742980957,0.10688328742980957,0.5184614658355713,0.6253447532653809,119.87975144386292,0.5184614658355713,0.6253447532653809,119.87975144386292
nc_papers100m_195trainer_0hop_balanced_local_bs256_800r,20260914_202556_ogbn-papers100M_FedAvg_bs256_seed42_beta10000p0,ogbn-papers100M,FedAvg,256,42,10000.0,187,validation,0.2178,3.667,0.2178,3.667,561,0.10778999328613281,0.10778999328613281,0.5279653072357178,0.6357553005218506,120.51550674438477,0.5279653072357178,0.6357553005218506,120.51550674438477
nc_papers100m_195trainer_0hop_balanced_local_bs256_800r,20260914_202556_ogbn-papers100M_FedAvg_bs256_seed42_beta10000p0,ogbn-papers100M,FedAvg,256,42,10000.0,188,validation,0.2178,3.6636,0.2178,3.6636,564,0.10716748237609863,0.10716748237609863,0.5367023944854736,0.6438698768615723,121.15937662124634,0.5367023944854736,0.6438698768615723,121.15937662124634
nc_papers100m_195trainer_0hop_balanced_local_bs256_800r,20260914_202556_ogbn-papers100M_FedAvg_bs256_seed42_beta10000p0,ogbn-papers100M,FedAvg,256,42,10000.0,189,validation,0.2182,3.6605,0.2182,3.6605,567,0.10711407661437988,0.10711407661437988,0.5502386093139648,0.6573526859283447,121.81672930717468,0.5502386093139648,0.6573526859283447,121.81672930717468
nc_papers100m_195trainer_0hop_balanced_local_bs256_800r,20260914_202556_ogbn-papers100M_FedAvg_bs256_seed42_beta10000p0,ogbn-papers100M,FedAvg,256,42,10000.0,190,validation,0.2185,3.6573,0.2185,3.6573,570,0.11083221435546875,0.11083221435546875,0.52907395362854,0.6399061679840088,122.45663547515869,0.52907395362854,0.6399061679840088,122.45663547515869
nc_papers100m_195trainer_0hop_balanced_local_bs256_800r,20260914_202556_ogbn-papers100M_FedAvg_bs256_seed42_beta10000p0,ogbn-papers100M,FedAvg,256,42,10000.0,191,validation,0.2192,3.6541,0.2192,3.6541,573,0.11608505249023438,0.11608505249023438,0.5443129539489746,0.660398006439209,123.1170334815979,0.5443129539489746,0.660398006439209,123.1170334815979
nc_papers100m_195trainer_0hop_balanced_local_bs256_800r,20260914_202556_ogbn-papers100M_FedAvg_bs256_seed42_beta10000p0,ogbn-papers100M,FedAvg,256,42,10000.0,192,validation,0.2197,3.6508,0.2197,3.6508,576,0.10571861267089844,0.10571861267089844,0.521550178527832,0.6272687911987305,123.74430227279663,0.521550178527832,0.6272687911987305,123.74430227279663
nc_papers100m_195trainer_0hop_balanced_local_bs256_800r,20260914_202556_ogbn-papers100M_FedAvg_bs256_seed42_beta10000p0,ogbn-papers100M,FedAvg,256,42,10000.0,193,validation,0.22,3.6473,0.22,3.6473,579,0.10645389556884766,0.10645389556884766,0.5214357376098633,0.6278896331787109,124.37219190597534,0.5214357376098633,0.6278896331787109,124.37219190597534
nc_papers100m_195trainer_0hop_balanced_local_bs256_800r,20260914_202556_ogbn-papers100M_FedAvg_bs256_seed42_beta10000p0,ogbn-papers100M,FedAvg,256,42,10000.0,194,validation,0.2204,3.644,0.2204,3.644,582,0.10648083686828613,0.10648083686828613,0.5313243865966797,0.6378052234649658,125.00999712944031,0.5313243865966797,0.6378052234649658,125.00999712944031
nc_papers100m_195trainer_0hop_balanced_local_bs256_800r,20260914_202556_ogbn-papers100M_FedAvg_bs256_seed42_beta10000p0,ogbn-papers100M,FedAvg,256,42,10000.0,195,validation,0.2206,3.641,0.2206,3.641,585,0.1099088191986084,0.1099088191986084,0.5207200050354004,0.6306288242340088,125.64062595367432,0.5207200050354004,0.6306288242340088,125.64062595367432
nc_papers100m_195trainer_0hop_balanced_local_bs256_800r,20260914_202556_ogbn-papers100M_FedAvg_bs256_seed42_beta10000p0,ogbn-papers100M,FedAvg,256,42,10000.0,196,validation,0.221,3.638,0.221,3.638,588,0.10935020446777344,0.10935020446777344,0.5308892726898193,0.6402394771575928,126.28086543083191,0.5308892726898193,0.6402394771575928,126.28086543083191
nc_papers100m_195trainer_0hop_balanced_local_bs256_800r,20260914_202556_ogbn-papers100M_FedAvg_bs256_seed42_beta10000p0,ogbn-papers100M,FedAvg,256,42,10000.0,197,validation,0.2211,3.635,0.2211,3.635,591,0.10997247695922852,0.10997247695922852,0.5163772106170654,0.626349687576294,126.9072151184082,0.5163772106170654,0.626349687576294,126.9072151184082
nc_papers100m_195trainer_0hop_balanced_local_bs256_800r,20260914_202556_ogbn-papers100M_FedAvg_bs256_seed42_beta10000p0,ogbn-papers100M,FedAvg,256,42,10000.0,198,validation,0.2218,3.6317,0.2218,3.6317,594,0.10747981071472168,0.10747981071472168,0.5240955352783203,0.631575345993042,127.53879046440125,0.5240955352783203,0.631575345993042,127.53879046440125
nc_papers100m_195trainer_0hop_balanced_local_bs256_800r,20260914_202556_ogbn-papers100M_FedAvg_bs256_seed42_beta10000p0,ogbn-papers100M,FedAvg,256,42,10000.0,199,validation,0.222,3.6285,0.222,3.6285,597,0.10867929458618164,0.10867929458618164,0.5173053741455078,0.6259846687316895,128.16477513313293,0.5173053741455078,0.6259846687316895,128.16477513313293
nc_papers100m_195trainer_0hop_balanced_local_bs256_800r,20260914_202556_ogbn-papers100M_FedAvg_bs256_seed42_beta10000p0,ogbn-papers100M,FedAvg,256,42,10000.0,200,validation,0.2223,3.6255,0.2223,3.6255,600,0.11676931381225586,0.11676931381225586,0.5263156890869141,0.6430850028991699,128.8078601360321,0.5263156890869141,0.6430850028991699,128.8078601360321
nc_papers100m_195trainer_0hop_balanced_local_bs256_800r,20260914_202556_ogbn-papers100M_FedAvg_bs256_seed42_beta10000p0,ogbn-papers100M,FedAvg,256,42,10000.0,201,validation,0.2227,3.6224,0.2227,3.6224,603,0.11097478866577148,0.11097478866577148,0.529926061630249,0.6409008502960205,129.44876098632812,0.529926061630249,0.6409008502960205,129.44876098632812
nc_papers100m_195trainer_0hop_balanced_local_bs256_800r,20260914_202556_ogbn-papers100M_FedAvg_bs256_seed42_beta10000p0,ogbn-papers100M,FedAvg,256,42,10000.0,202,validation,0.2231,3.619,0.2231,3.619,606,0.10733461380004883,0.10733461380004883,0.5267784595489502,0.634113073348999,130.08287405967712,0.5267784595489502,0.634113073348999,130.08287405967712
nc_papers100m_195trainer_0hop_balanced_local_bs256_800r,20260914_202556_ogbn-papers100M_FedAvg_bs256_seed42_beta10000p0,ogbn-papers100M,FedAvg,256,42,10000.0,203,validation,0.2238,3.616,0.2238,3.616,609,0.10586190223693848,0.10586190223693848,0.5354490280151367,0.6413109302520752,130.7241849899292,0.5354490280151367,0.6413109302520752,130.7241849899292
nc_papers100m_195trainer_0hop_balanced_local_bs256_800r,20260914_202556_ogbn-papers100M_FedAvg_bs256_seed42_beta10000p0,ogbn-papers100M,FedAvg,256,42,10000.0,204,validation,0.2239,3.6128,0.2239,3.6128,612,0.10808444023132324,0.10808444023132324,0.5240585803985596,0.6321430206298828,131.35632801055908,0.5240585803985596,0.6321430206298828,131.35632801055908
nc_papers100m_195trainer_0hop_balanced_local_bs256_800r,20260914_202556_ogbn-papers100M_FedAvg_bs256_seed42_beta10000p0,ogbn-papers100M,FedAvg,256,42,10000.0,205,validation,0.2241,3.6097,0.2241,3.6097,615,0.10836195945739746,0.10836195945739746,0.5322859287261963,0.6406478881835938,131.99697589874268,0.5322859287261963,0.6406478881835938,131.99697589874268
nc_papers100m_195trainer_0hop_balanced_local_bs256_800r,20260914_202556_ogbn-papers100M_FedAvg_bs256_seed42_beta10000p0,ogbn-papers100M,FedAvg,256,42,10000.0,206,validation,0.2245,3.6063,0.2245,3.6063,618,0.11115837097167969,0.11115837097167969,0.522902250289917,0.6340606212615967,132.63103652000427,0.522902250289917,0.6340606212615967,132.63103652000427
nc_papers100m_195trainer_0hop_balanced_local_bs256_800r,20260914_202556_ogbn-papers100M_FedAvg_bs256_seed42_beta10000p0,ogbn-papers100M,FedAvg,256,42,10000.0,207,validation,0.2251,3.6035,0.2251,3.6035,621,0.1192786693572998,0.1192786693572998,0.5248360633850098,0.6441147327423096,133.27515125274658,0.5248360633850098,0.6441147327423096,133.27515125274658
nc_papers100m_195trainer_0hop_balanced_local_bs256_800r,20260914_202556_ogbn-papers100M_FedAvg_bs256_seed42_beta10000p0,ogbn-papers100M,FedAvg,256,42,10000.0,208,validation,0.2252,3.6005,0.2252,3.6005,624,0.10745906829833984,0.10745906829833984,0.5236790180206299,0.6311380863189697,133.90628933906555,0.5236790180206299,0.6311380863189697,133.90628933906555
nc_papers100m_195trainer_0hop_balanced_local_bs256_800r,20260914_202556_ogbn-papers100M_FedAvg_bs256_seed42_beta10000p0,ogbn-papers100M,FedAvg,256,42,10000.0,209,validation,0.2257,3.5974,0.2257,3.5974,627,0.10687255859375,0.10687255859375,0.5163006782531738,0.6231732368469238,134.52946257591248,0.5163006782531738,0.6231732368469238,134.52946257591248
nc_papers100m_195trainer_0hop_balanced_local_bs256_800r,20260914_202556_ogbn-papers100M_FedAvg_bs256_seed42_beta10000p0,ogbn-papers100M,FedAvg,256,42,10000.0,210,validation,0.2259,3.5945,0.2259,3.5945,630,0.10709071159362793,0.10709071159362793,0.5251529216766357,0.6322436332702637,135.16170620918274,0.5251529216766357,0.6322436332702637,135.16170620918274
nc_papers100m_195trainer_0hop_balanced_local_bs256_800r,20260914_202556_ogbn-papers100M_FedAvg_bs256_seed42_beta10000p0,ogbn-papers100M,FedAvg,256,42,10000.0,211,validation,0.2265,3.592,0.2265,3.592,633,0.10799312591552734,0.10799312591552734,0.5449039936065674,0.6528971195220947,135.81460332870483,0.5449039936065674,0.6528971195220947,135.81460332870483
nc_papers100m_195trainer_0hop_balanced_local_bs256_800r,20260914_202556_ogbn-papers100M_FedAvg_bs256_seed42_beta10000p0,ogbn-papers100M,FedAvg,256,42,10000.0,212,validation,0.2265,3.5887,0.2265,3.5887,636,0.11349701881408691,0.11349701881408691,0.5200884342193604,0.6335854530334473,136.44818878173828,0.5200884342193604,0.6335854530334473,136.44818878173828
nc_papers100m_195trainer_0hop_balanced_local_bs256_800r,20260914_202556_ogbn-papers100M_FedAvg_bs256_seed42_beta10000p0,ogbn-papers100M,FedAvg,256,42,10000.0,213,validation,0.2268,3.5859,0.2268,3.5859,639,0.10955595970153809,0.10955595970153809,0.5172886848449707,0.6268446445465088,137.0750334262848,0.5172886848449707,0.6268446445465088,137.0750334262848
nc_papers100m_195trainer_0hop_balanced_local_bs256_800r,20260914_202556_ogbn-papers100M_FedAvg_bs256_seed42_beta10000p0,ogbn-papers100M,FedAvg,256,42,10000.0,214,validation,0.2272,3.5831,0.2272,3.5831,642,0.10781097412109375,0.10781097412109375,0.5370965003967285,0.6449074745178223,137.7199409008026,0.5370965003967285,0.6449074745178223,137.7199409008026
nc_papers100m_195trainer_0hop_balanced_local_bs256_800r,20260914_202556_ogbn-papers100M_FedAvg_bs256_seed42_beta10000p0,ogbn-papers100M,FedAvg,256,42,10000.0,215,validation,0.2275,3.5804,0.2275,3.5804,645,0.10755443572998047,0.10755443572998047,0.5245139598846436,0.632068395614624,138.35200929641724,0.5245139598846436,0.632068395614624,138.35200929641724
nc_papers100m_195trainer_0hop_balanced_local_bs256_800r,20260914_202556_ogbn-papers100M_FedAvg_bs256_seed42_beta10000p0,ogbn-papers100M,FedAvg,256,42,10000.0,216,validation,0.228,3.5778,0.228,3.5778,648,0.10901808738708496,0.10901808738708496,0.5271124839782715,0.6361305713653564,138.9881398677826,0.5271124839782715,0.6361305713653564,138.9881398677826
nc_papers100m_195trainer_0hop_balanced_local_bs256_800r,20260914_202556_ogbn-papers100M_FedAvg_bs256_seed42_beta10000p0,ogbn-papers100M,FedAvg,256,42,10000.0,217,validation,0.2282,3.5751,0.2282,3.5751,651,0.11739492416381836,0.11739492416381836,0.5373001098632812,0.6546950340270996,139.6428349018097,0.5373001098632812,0.6546950340270996,139.6428349018097
nc_papers100m_195trainer_0hop_balanced_local_bs256_800r,20260914_202556_ogbn-papers100M_FedAvg_bs256_seed42_beta10000p0,ogbn-papers100M,FedAvg,256,42,10000.0,218,validation,0.2286,3.5721,0.2286,3.5721,654,0.10955476760864258,0.10955476760864258,0.5187733173370361,0.6283280849456787,140.27116298675537,0.5187733173370361,0.6283280849456787,140.27116298675537
nc_papers100m_195trainer_0hop_balanced_local_bs256_800r,20260914_202556_ogbn-papers100M_FedAvg_bs256_seed42_beta10000p0,ogbn-papers100M,FedAvg,256,42,10000.0,219,validation,0.2291,3.5692,0.2291,3.5692,657,0.10873579978942871,0.10873579978942871,0.5085339546203613,0.61726975440979,140.88843274116516,0.5085339546203613,0.61726975440979,140.88843274116516
nc_papers100m_195trainer_0hop_balanced_local_bs256_800r,20260914_202556_ogbn-papers100M_FedAvg_bs256_seed42_beta10000p0,ogbn-papers100M,FedAvg,256,42,10000.0,220,validation,0.2295,3.5664,0.2295,3.5664,660,0.10503649711608887,0.10503649711608887,0.5257546901702881,0.630791187286377,141.51922392845154,0.5257546901702881,0.630791187286377,141.51922392845154
nc_papers100m_195trainer_0hop_balanced_local_bs256_800r,20260914_202556_ogbn-papers100M_FedAvg_bs256_seed42_beta10000p0,ogbn-papers100M,FedAvg,256,42,10000.0,221,validation,0.2297,3.5635,0.2297,3.5635,663,0.10758781433105469,0.10758781433105469,0.5448269844055176,0.6524147987365723,142.1716387271881,0.5448269844055176,0.6524147987365723,142.1716387271881
nc_papers100m_195trainer_0hop_balanced_local_bs256_800r,20260914_202556_ogbn-papers100M_FedAvg_bs256_seed42_beta10000p0,ogbn-papers100M,FedAvg,256,42,10000.0,222,validation,0.2298,3.5607,0.2298,3.5607,666,0.10717511177062988,0.10717511177062988,0.527346134185791,0.6345212459564209,142.80615997314453,0.527346134185791,0.6345212459564209,142.80615997314453
nc_papers100m_195trainer_0hop_balanced_local_bs256_800r,20260914_202556_ogbn-papers100M_FedAvg_bs256_seed42_beta10000p0,ogbn-papers100M,FedAvg,256,42,10000.0,223,validation,0.23,3.5581,0.23,3.5581,669,0.10842347145080566,0.10842347145080566,0.5224497318267822,0.6308732032775879,143.43703317642212,0.5224497318267822,0.6308732032775879,143.43703317642212
nc_papers100m_195trainer_0hop_balanced_local_bs256_800r,20260914_202556_ogbn-papers100M_FedAvg_bs256_seed42_beta10000p0,ogbn-papers100M,FedAvg,256,42,10000.0,224,validation,0.2306,3.5551,0.2306,3.5551,672,0.1054997444152832,0.1054997444152832,0.5433440208435059,0.6488437652587891,144.0858769416809,0.5433440208435059,0.6488437652587891,144.0858769416809
nc_papers100m_195trainer_0hop_balanced_local_bs256_800r,20260914_202556_ogbn-papers100M_FedAvg_bs256_seed42_beta10000p0,ogbn-papers100M,FedAvg,256,42,10000.0,225,validation,0.2312,3.5525,0.2312,3.5525,675,0.1080317497253418,0.1080317497253418,0.5312635898590088,0.6392953395843506,144.72517228126526,0.5312635898590088,0.6392953395843506,144.72517228126526
nc_papers100m_195trainer_0hop_balanced_local_bs256_800r,20260914_202556_ogbn-papers100M_FedAvg_bs256_seed42_beta10000p0,ogbn-papers100M,FedAvg,256,42,10000.0,226,validation,0.2314,3.5498,0.2314,3.5498,678,0.10830307006835938,0.10830307006835938,0.5169365406036377,0.6252396106719971,145.35041189193726,0.5169365406036377,0.6252396106719971,145.35041189193726
nc_papers100m_195trainer_0hop_balanced_local_bs256_800r,20260914_202556_ogbn-papers100M_FedAvg_bs256_seed42_beta10000p0,ogbn-papers100M,FedAvg,256,42,10000.0,227,validation,0.2318,3.5472,0.2318,3.5472,681,0.10857868194580078,0.10857868194580078,0.5256545543670654,0.6342332363128662,145.98464512825012,0.5256545543670654,0.6342332363128662,145.98464512825012
nc_papers100m_195trainer_0hop_balanced_local_bs256_800r,20260914_202556_ogbn-papers100M_FedAvg_bs256_seed42_beta10000p0,ogbn-papers100M,FedAvg,256,42,10000.0,228,validation,0.232,3.5444,0.232,3.5444,684,0.11281657218933105,0.11281657218933105,0.5338592529296875,0.6466758251190186,146.63132095336914,0.5338592529296875,0.6466758251190186,146.63132095336914
nc_papers100m_195trainer_0hop_balanced_local_bs256_800r,20260914_202556_ogbn-papers100M_FedAvg_bs256_seed42_beta10000p0,ogbn-papers100M,FedAvg,256,42,10000.0,229,validation,0.2322,3.5419,0.2322,3.5419,687,0.10778117179870605,0.10778117179870605,0.5129528045654297,0.6207339763641357,147.25205492973328,0.5129528045654297,0.6207339763641357,147.25205492973328
nc_papers100m_195trainer_0hop_balanced_local_bs256_800r,20260914_202556_ogbn-papers100M_FedAvg_bs256_seed42_beta10000p0,ogbn-papers100M,FedAvg,256,42,10000.0,230,validation,0.2326,3.5392,0.2326,3.5392,690,0.10747647285461426,0.10747647285461426,0.534027099609375,0.6415035724639893,147.89355850219727,0.534027099609375,0.6415035724639893,147.89355850219727
nc_papers100m_195trainer_0hop_balanced_local_bs256_800r,20260914_202556_ogbn-papers100M_FedAvg_bs256_seed42_beta10000p0,ogbn-papers100M,FedAvg,256,42,10000.0,231,validation,0.2328,3.5365,0.2328,3.5365,693,0.10683155059814453,0.10683155059814453,0.5388870239257812,0.6457185745239258,148.5392770767212,0.5388870239257812,0.6457185745239258,148.5392770767212
nc_papers100m_195trainer_0hop_balanced_local_bs256_800r,20260914_202556_ogbn-papers100M_FedAvg_bs256_seed42_beta10000p0,ogbn-papers100M,FedAvg,256,42,10000.0,232,validation,0.2329,3.5338,0.2329,3.5338,696,0.10929274559020996,0.10929274559020996,0.5268189907073975,0.6361117362976074,149.1753888130188,0.5268189907073975,0.6361117362976074,149.1753888130188
nc_papers100m_195trainer_0hop_balanced_local_bs256_800r,20260914_202556_ogbn-papers100M_FedAvg_bs256_seed42_beta10000p0,ogbn-papers100M,FedAvg,256,42,10000.0,233,validation,0.2332,3.5312,0.2332,3.5312,699,0.10719513893127441,0.10719513893127441,0.5249578952789307,0.6321530342102051,149.807541847229,0.5249578952789307,0.6321530342102051,149.807541847229
nc_papers100m_195trainer_0hop_balanced_local_bs256_800r,20260914_202556_ogbn-papers100M_FedAvg_bs256_seed42_beta10000p0,ogbn-papers100M,FedAvg,256,42,10000.0,234,validation,0.2336,3.5288,0.2336,3.5288,702,0.11080265045166016,0.11080265045166016,0.5242023468017578,0.635004997253418,150.44254684448242,0.5242023468017578,0.635004997253418,150.44254684448242
nc_papers100m_195trainer_0hop_balanced_local_bs256_800r,20260914_202556_ogbn-papers100M_FedAvg_bs256_seed42_beta10000p0,ogbn-papers100M,FedAvg,256,42,10000.0,235,validation,0.2339,3.5262,0.2339,3.5262,705,0.10716080665588379,0.10716080665588379,0.5270211696624756,0.6341819763183594,151.07672882080078,0.5270211696624756,0.6341819763183594,151.07672882080078
nc_papers100m_195trainer_0hop_balanced_local_bs256_800r,20260914_202556_ogbn-papers100M_FedAvg_bs256_seed42_beta10000p0,ogbn-papers100M,FedAvg,256,42,10000.0,236,validation,0.2341,3.5238,0.2341,3.5238,708,0.10745859146118164,0.10745859146118164,0.5203843116760254,0.627842903137207,151.704571723938,0.5203843116760254,0.627842903137207,151.704571723938
nc_papers100m_195trainer_0hop_balanced_local_bs256_800r,20260914_202556_ogbn-papers100M_FedAvg_bs256_seed42_beta10000p0,ogbn-papers100M,FedAvg,256,42,10000.0,237,validation,0.2344,3.5212,0.2344,3.5212,711,0.1131596565246582,0.1131596565246582,0.5234034061431885,0.6365630626678467,152.34113478660583,0.5234034061431885,0.6365630626678467,152.34113478660583
nc_papers100m_195trainer_0hop_balanced_local_bs256_800r,20260914_202556_ogbn-papers100M_FedAvg_bs256_seed42_beta10000p0,ogbn-papers100M,FedAvg,256,42,10000.0,238,validation,0.2345,3.5185,0.2345,3.5185,714,0.10647416114807129,0.10647416114807129,0.5299229621887207,0.636397123336792,152.97753190994263,0.5299229621887207,0.636397123336792,152.97753190994263
nc_papers100m_195trainer_0hop_balanced_local_bs256_800r,20260914_202556_ogbn-papers100M_FedAvg_bs256_seed42_beta10000p0,ogbn-papers100M,FedAvg,256,42,10000.0,239,validation,0.2349,3.5158,0.2349,3.5158,717,0.10935115814208984,0.10935115814208984,0.524688720703125,0.6340398788452148,153.61157178878784,0.524688720703125,0.6340398788452148,153.61157178878784
nc_papers100m_195trainer_0hop_balanced_local_bs256_800r,20260914_202556_ogbn-papers100M_FedAvg_bs256_seed42_beta10000p0,ogbn-papers100M,FedAvg,256,42,10000.0,240,validation,0.2352,3.513,0.2352,3.513,720,0.10744786262512207,0.10744786262512207,0.5192341804504395,0.6266820430755615,154.2382538318634,0.5192341804504395,0.6266820430755615,154.2382538318634
nc_papers100m_195trainer_0hop_balanced_local_bs256_800r,20260914_202556_ogbn-papers100M_FedAvg_bs256_seed42_beta10000p0,ogbn-papers100M,FedAvg,256,42,10000.0,241,validation,0.2354,3.5106,0.2354,3.5106,723,0.1096334457397461,0.1096334457397461,0.5281655788421631,0.6377990245819092,154.8760528564453,0.5281655788421631,0.6377990245819092,154.8760528564453
nc_papers100m_195trainer_0hop_balanced_local_bs256_800r,20260914_202556_ogbn-papers100M_FedAvg_bs256_seed42_beta10000p0,ogbn-papers100M,FedAvg,256,42,10000.0,242,validation,0.2356,3.508,0.2356,3.508,726,0.10668611526489258,0.10668611526489258,0.522646427154541,0.6293325424194336,155.50538539886475,0.522646427154541,0.6293325424194336,155.50538539886475
nc_papers100m_195trainer_0hop_balanced_local_bs256_800r,20260914_202556_ogbn-papers100M_FedAvg_bs256_seed42_beta10000p0,ogbn-papers100M,FedAvg,256,42,10000.0,243,validation,0.2361,3.5053,0.2361,3.5053,729,0.10738921165466309,0.10738921165466309,0.5176172256469727,0.6250064373016357,156.13039183616638,0.5176172256469727,0.6250064373016357,156.13039183616638
nc_papers100m_195trainer_0hop_balanced_local_bs256_800r,20260914_202556_ogbn-papers100M_FedAvg_bs256_seed42_beta10000p0,ogbn-papers100M,FedAvg,256,42,10000.0,244,validation,0.2363,3.5028,0.2363,3.5028,732,0.1125485897064209,0.1125485897064209,0.535982608795166,0.6485311985015869,156.77892303466797,0.535982608795166,0.6485311985015869,156.77892303466797
nc_papers100m_195trainer_0hop_balanced_local_bs256_800r,20260914_202556_ogbn-papers100M_FedAvg_bs256_seed42_beta10000p0,ogbn-papers100M,FedAvg,256,42,10000.0,245,validation,0.2366,3.5002,0.2366,3.5002,735,0.10952353477478027,0.10952353477478027,0.540698766708374,0.6502223014831543,157.42914533615112,0.540698766708374,0.6502223014831543,157.42914533615112
nc_papers100m_195trainer_0hop_balanced_local_bs256_800r,20260914_202556_ogbn-papers100M_FedAvg_bs256_seed42_beta10000p0,ogbn-papers100M,FedAvg,256,42,10000.0,246,validation,0.2369,3.498,0.2369,3.498,738,0.10982728004455566,0.10982728004455566,0.515160083770752,0.6249873638153076,158.05413269996643,0.515160083770752,0.6249873638153076,158.05413269996643
nc_papers100m_195trainer_0hop_balanced_local_bs256_800r,20260914_202556_ogbn-papers100M_FedAvg_bs256_seed42_beta10000p0,ogbn-papers100M,FedAvg,256,42,10000.0,247,validation,0.2369,3.4958,0.2369,3.4958,741,0.10937261581420898,0.10937261581420898,0.5200891494750977,0.6294617652893066,158.68359446525574,0.5200891494750977,0.6294617652893066,158.68359446525574
nc_papers100m_195trainer_0hop_balanced_local_bs256_800r,20260914_202556_ogbn-papers100M_FedAvg_bs256_seed42_beta10000p0,ogbn-papers100M,FedAvg,256,42,10000.0,248,validation,0.2372,3.4934,0.2372,3.4934,744,0.10781979560852051,0.10781979560852051,0.5272731781005859,0.6350929737091064,159.31868743896484,0.5272731781005859,0.6350929737091064,159.31868743896484
nc_papers100m_195trainer_0hop_balanced_local_bs256_800r,20260914_202556_ogbn-papers100M_FedAvg_bs256_seed42_beta10000p0,ogbn-papers100M,FedAvg,256,42,10000.0,249,validation,0.2374,3.4911,0.2374,3.4911,747,0.10753536224365234,0.10753536224365234,0.5211617946624756,0.6286971569061279,159.94738459587097,0.5211617946624756,0.6286971569061279,159.94738459587097
nc_papers100m_195trainer_0hop_balanced_local_bs256_800r,20260914_202556_ogbn-papers100M_FedAvg_bs256_seed42_beta10000p0,ogbn-papers100M,FedAvg,256,42,10000.0,250,validation,0.2379,3.4881,0.2379,3.4881,750,0.11066436767578125,0.11066436767578125,0.5307962894439697,0.641460657119751,160.58884525299072,0.5307962894439697,0.641460657119751,160.58884525299072
nc_papers100m_195trainer_0hop_balanced_local_bs256_800r,20260914_202556_ogbn-papers100M_FedAvg_bs256_seed42_beta10000p0,ogbn-papers100M,FedAvg,256,42,10000.0,251,validation,0.2379,3.4855,0.2379,3.4855,753,0.11018800735473633,0.11018800735473633,0.5225083827972412,0.6326963901519775,161.2215416431427,0.5225083827972412,0.6326963901519775,161.2215416431427
nc_papers100m_195trainer_0hop_balanced_local_bs256_800r,20260914_202556_ogbn-papers100M_FedAvg_bs256_seed42_beta10000p0,ogbn-papers100M,FedAvg,256,42,10000.0,252,validation,0.2384,3.4834,0.2384,3.4834,756,0.10514473915100098,0.10514473915100098,0.5211682319641113,0.6263129711151123,161.8478546142578,0.5211682319641113,0.6263129711151123,161.8478546142578
nc_papers100m_195trainer_0hop_balanced_local_bs256_800r,20260914_202556_ogbn-papers100M_FedAvg_bs256_seed42_beta10000p0,ogbn-papers100M,FedAvg,256,42,10000.0,253,validation,0.2384,3.4808,0.2384,3.4808,759,0.10631823539733887,0.10631823539733887,0.521986722946167,0.6283049583435059,162.47615957260132,0.521986722946167,0.6283049583435059,162.47615957260132
nc_papers100m_195trainer_0hop_balanced_local_bs256_800r,20260914_202556_ogbn-papers100M_FedAvg_bs256_seed42_beta10000p0,ogbn-papers100M,FedAvg,256,42,10000.0,254,validation,0.2388,3.4784,0.2388,3.4784,762,0.10946226119995117,0.10946226119995117,0.5251569747924805,0.6346192359924316,163.11077880859375,0.5251569747924805,0.6346192359924316,163.11077880859375
nc_papers100m_195trainer_0hop_balanced_local_bs256_800r,20260914_202556_ogbn-papers100M_FedAvg_bs256_seed42_beta10000p0,ogbn-papers100M,FedAvg,256,42,10000.0,255,validation,0.239,3.4764,0.239,3.4764,765,0.11249613761901855,0.11249613761901855,0.5243334770202637,0.6368296146392822,163.74760842323303,0.5243334770202637,0.6368296146392822,163.74760842323303
nc_papers100m_195trainer_0hop_balanced_local_bs256_800r,20260914_202556_ogbn-papers100M_FedAvg_bs256_seed42_beta10000p0,ogbn-papers100M,FedAvg,256,42,10000.0,256,validation,0.2394,3.4741,0.2394,3.4741,768,0.11120796203613281,0.11120796203613281,0.5219213962554932,0.633129358291626,164.38073778152466,0.5219213962554932,0.633129358291626,164.38073778152466
nc_papers100m_195trainer_0hop_balanced_local_bs256_800r,20260914_202556_ogbn-papers100M_FedAvg_bs256_seed42_beta10000p0,ogbn-papers100M,FedAvg,256,42,10000.0,257,validation,0.2394,3.4716,0.2394,3.4716,771,0.11455893516540527,0.11455893516540527,0.5160782337188721,0.6306371688842773,165.01137495040894,0.5160782337188721,0.6306371688842773,165.01137495040894
nc_papers100m_195trainer_0hop_balanced_local_bs256_800r,20260914_202556_ogbn-papers100M_FedAvg_bs256_seed42_beta10000p0,ogbn-papers100M,FedAvg,256,42,10000.0,258,validation,0.2398,3.4693,0.2398,3.4693,774,0.10742306709289551,0.10742306709289551,0.5447649955749512,0.6521880626678467,165.66356301307678,0.5447649955749512,0.6521880626678467,165.66356301307678
nc_papers100m_195trainer_0hop_balanced_local_bs256_800r,20260914_202556_ogbn-papers100M_FedAvg_bs256_seed42_beta10000p0,ogbn-papers100M,FedAvg,256,42,10000.0,259,validation,0.2399,3.4669,0.2399,3.4669,777,0.10680103302001953,0.10680103302001953,0.5504791736602783,0.6572802066802979,166.32084321975708,0.5504791736602783,0.6572802066802979,166.32084321975708
nc_papers100m_195trainer_0hop_balanced_local_bs256_800r,20260914_202556_ogbn-papers100M_FedAvg_bs256_seed42_beta10000p0,ogbn-papers100M,FedAvg,256,42,10000.0,260,validation,0.2401,3.4649,0.2401,3.4649,780,0.10596418380737305,0.10596418380737305,0.5129528045654297,0.6189169883728027,166.93976020812988,0.5129528045654297,0.6189169883728027,166.93976020812988
nc_papers100m_195trainer_0hop_balanced_local_bs256_800r,20260914_202556_ogbn-papers100M_FedAvg_bs256_seed42_beta10000p0,ogbn-papers100M,FedAvg,256,42,10000.0,261,validation,0.2402,3.4625,0.2402,3.4625,783,0.11210870742797852,0.11210870742797852,0.5277397632598877,0.6398484706878662,167.57960867881775,0.5277397632598877,0.6398484706878662,167.57960867881775
nc_papers100m_195trainer_0hop_balanced_local_bs256_800r,20260914_202556_ogbn-papers100M_FedAvg_bs256_seed42_beta10000p0,ogbn-papers100M,FedAvg,256,42,10000.0,262,validation,0.2406,3.4599,0.2406,3.4599,786,0.1095588207244873,0.1095588207244873,0.5204174518585205,0.6299762725830078,168.20958495140076,0.5204174518585205,0.6299762725830078,168.20958495140076
nc_papers100m_195trainer_0hop_balanced_local_bs256_800r,20260914_202556_ogbn-papers100M_FedAvg_bs256_seed42_beta10000p0,ogbn-papers100M,FedAvg,256,42,10000.0,263,validation,0.2408,3.4576,0.2408,3.4576,789,0.1078183650970459,0.1078183650970459,0.5208582878112793,0.6286766529083252,168.83826160430908,0.5208582878112793,0.6286766529083252,168.83826160430908
nc_papers100m_195trainer_0hop_balanced_local_bs256_800r,20260914_202556_ogbn-papers100M_FedAvg_bs256_seed42_beta10000p0,ogbn-papers100M,FedAvg,256,42,10000.0,264,validation,0.2409,3.4553,0.2409,3.4553,792,0.11196279525756836,0.11196279525756836,0.5171830654144287,0.6291458606719971,169.46740746498108,0.5171830654144287,0.6291458606719971,169.46740746498108
nc_papers100m_195trainer_0hop_balanced_local_bs256_800r,20260914_202556_ogbn-papers100M_FedAvg_bs256_seed42_beta10000p0,ogbn-papers100M,FedAvg,256,42,10000.0,265,validation,0.2412,3.4533,0.2412,3.4533,795,0.10803842544555664,0.10803842544555664,0.5223898887634277,0.6304283142089844,170.09783577919006,0.5223898887634277,0.6304283142089844,170.09783577919006
nc_papers100m_195trainer_0hop_balanced_local_bs256_800r,20260914_202556_ogbn-papers100M_FedAvg_bs256_seed42_beta10000p0,ogbn-papers100M,FedAvg,256,42,10000.0,266,validation,0.2411,3.4512,0.2411,3.4512,798,0.11457395553588867,0.11457395553588867,0.5209484100341797,0.6355223655700684,170.73335814476013,0.5209484100341797,0.6355223655700684,170.73335814476013
nc_papers100m_195trainer_0hop_balanced_local_bs256_800r,20260914_202556_ogbn-papers100M_FedAvg_bs256_seed42_beta10000p0,ogbn-papers100M,FedAvg,256,42,10000.0,267,validation,0.2414,3.4488,0.2414,3.4488,801,0.11105895042419434,0.11105895042419434,0.5234112739562988,0.6344702243804932,171.36782836914062,0.5234112739562988,0.6344702243804932,171.36782836914062
nc_papers100m_195trainer_0hop_balanced_local_bs256_800r,20260914_202556_ogbn-papers100M_FedAvg_bs256_seed42_beta10000p0,ogbn-papers100M,FedAvg,256,42,10000.0,268,validation,0.2416,3.4465,0.2416,3.4465,804,0.10787081718444824,0.10787081718444824,0.5266616344451904,0.6345324516296387,172.00236082077026,0.5266616344451904,0.6345324516296387,172.00236082077026
nc_papers100m_195trainer_0hop_balanced_local_bs256_800r,20260914_202556_ogbn-papers100M_FedAvg_bs256_seed42_beta10000p0,ogbn-papers100M,FedAvg,256,42,10000.0,269,validation,0.2418,3.4442,0.2418,3.4442,807,0.10867834091186523,0.10867834091186523,0.5249207019805908,0.633599042892456,172.63595986366272,0.5249207019805908,0.633599042892456,172.63595986366272
nc_papers100m_195trainer_0hop_balanced_local_bs256_800r,20260914_202556_ogbn-papers100M_FedAvg_bs256_seed42_beta10000p0,ogbn-papers100M,FedAvg,256,42,10000.0,270,validation,0.242,3.442,0.242,3.442,810,0.10783267021179199,0.10783267021179199,0.5139100551605225,0.6217427253723145,173.25770258903503,0.5139100551605225,0.6217427253723145,173.25770258903503
nc_papers100m_195trainer_0hop_balanced_local_bs256_800r,20260914_202556_ogbn-papers100M_FedAvg_bs256_seed42_beta10000p0,ogbn-papers100M,FedAvg,256,42,10000.0,271,validation,0.2422,3.4397,0.2422,3.4397,813,0.11013007164001465,0.11013007164001465,0.5240478515625,0.6341779232025146,173.89188051223755,0.5240478515625,0.6341779232025146,173.89188051223755
nc_papers100m_195trainer_0hop_balanced_local_bs256_800r,20260914_202556_ogbn-papers100M_FedAvg_bs256_seed42_beta10000p0,ogbn-papers100M,FedAvg,256,42,10000.0,272,validation,0.2423,3.4373,0.2423,3.4373,816,0.11414694786071777,0.11414694786071777,0.5375089645385742,0.651655912399292,174.54353642463684,0.5375089645385742,0.651655912399292,174.54353642463684
nc_papers100m_195trainer_0hop_balanced_local_bs256_800r,20260914_202556_ogbn-papers100M_FedAvg_bs256_seed42_beta10000p0,ogbn-papers100M,FedAvg,256,42,10000.0,273,validation,0.2426,3.4354,0.2426,3.4354,819,0.10719490051269531,0.10719490051269531,0.5245282649993896,0.631723165512085,175.17525959014893,0.5245282649993896,0.631723165512085,175.17525959014893
nc_papers100m_195trainer_0hop_balanced_local_bs256_800r,20260914_202556_ogbn-papers100M_FedAvg_bs256_seed42_beta10000p0,ogbn-papers100M,FedAvg,256,42,10000.0,274,validation,0.2431,3.4329,0.2431,3.4329,822,0.1124715805053711,0.1124715805053711,0.5177872180938721,0.6302587985992432,175.80551838874817,0.5177872180938721,0.6302587985992432,175.80551838874817
nc_papers100m_195trainer_0hop_balanced_local_bs256_800r,20260914_202556_ogbn-papers100M_FedAvg_bs256_seed42_beta10000p0,ogbn-papers100M,FedAvg,256,42,10000.0,275,validation,0.2433,3.4305,0.2433,3.4305,825,0.10744738578796387,0.10744738578796387,0.5272831916809082,0.6347305774688721,176.44024896621704,0.5272831916809082,0.6347305774688721,176.44024896621704
nc_papers100m_195trainer_0hop_balanced_local_bs256_800r,20260914_202556_ogbn-papers100M_FedAvg_bs256_seed42_beta10000p0,ogbn-papers100M,FedAvg,256,42,10000.0,276,validation,0.2436,3.4282,0.2436,3.4282,828,0.10945010185241699,0.10945010185241699,0.5220067501068115,0.6314568519592285,177.07170581817627,0.5220067501068115,0.6314568519592285,177.07170581817627
nc_papers100m_195trainer_0hop_balanced_local_bs256_800r,20260914_202556_ogbn-papers100M_FedAvg_bs256_seed42_beta10000p0,ogbn-papers100M,FedAvg,256,42,10000.0,277,validation,0.2438,3.426,0.2438,3.426,831,0.11307501792907715,0.11307501792907715,0.5235984325408936,0.6366734504699707,177.70837926864624,0.5235984325408936,0.6366734504699707,177.70837926864624
nc_papers100m_195trainer_0hop_balanced_local_bs256_800r,20260914_202556_ogbn-papers100M_FedAvg_bs256_seed42_beta10000p0,ogbn-papers100M,FedAvg,256,42,10000.0,278,validation,0.2439,3.4239,0.2439,3.4239,834,0.10712981224060059,0.10712981224060059,0.5286328792572021,0.6357626914978027,178.34414196014404,0.5286328792572021,0.6357626914978027,178.34414196014404
nc_papers100m_195trainer_0hop_balanced_local_bs256_800r,20260914_202556_ogbn-papers100M_FedAvg_bs256_seed42_beta10000p0,ogbn-papers100M,FedAvg,256,42,10000.0,279,validation,0.2443,3.4218,0.2443,3.4218,837,0.10703849792480469,0.10703849792480469,0.5174562931060791,0.6244947910308838,178.96863675117493,0.5174562931060791,0.6244947910308838,178.96863675117493
nc_papers100m_195trainer_0hop_balanced_local_bs256_800r,20260914_202556_ogbn-papers100M_FedAvg_bs256_seed42_beta10000p0,ogbn-papers100M,FedAvg,256,42,10000.0,280,validation,0.2445,3.4198,0.2445,3.4198,840,0.10941910743713379,0.10941910743713379,0.5209090709686279,0.6303281784057617,179.5989649295807,0.5209090709686279,0.6303281784057617,179.5989649295807
nc_papers100m_195trainer_0hop_balanced_local_bs256_800r,20260914_202556_ogbn-papers100M_FedAvg_bs256_seed42_beta10000p0,ogbn-papers100M,FedAvg,256,42,10000.0,281,validation,0.2448,3.4177,0.2448,3.4177,843,0.10773277282714844,0.10773277282714844,0.5213437080383301,0.6290764808654785,180.22804141044617,0.5213437080383301,0.6290764808654785,180.22804141044617
nc_papers100m_195trainer_0hop_balanced_local_bs256_800r,20260914_202556_ogbn-papers100M_FedAvg_bs256_seed42_beta10000p0,ogbn-papers100M,FedAvg,256,42,10000.0,282,validation,0.2448,3.4157,0.2448,3.4157,846,0.11078429222106934,0.11078429222106934,0.5221292972564697,0.6329135894775391,180.8609549999237,0.5221292972564697,0.6329135894775391,180.8609549999237
nc_papers100m_195trainer_0hop_balanced_local_bs256_800r,20260914_202556_ogbn-papers100M_FedAvg_bs256_seed42_beta10000p0,ogbn-papers100M,FedAvg,256,42,10000.0,283,validation,0.2451,3.4135,0.2451,3.4135,849,0.1098029613494873,0.1098029613494873,0.5167398452758789,0.6265428066253662,181.48749780654907,0.5167398452758789,0.6265428066253662,181.48749780654907
nc_papers100m_195trainer_0hop_balanced_local_bs256_800r,20260914_202556_ogbn-papers100M_FedAvg_bs256_seed42_beta10000p0,ogbn-papers100M,FedAvg,256,42,10000.0,284,validation,0.2453,3.4113,0.2453,3.4113,852,0.10662341117858887,0.10662341117858887,0.537956714630127,0.6445801258087158,182.1320779323578,0.537956714630127,0.6445801258087158,182.1320779323578
nc_papers100m_195trainer_0hop_balanced_local_bs256_800r,20260914_202556_ogbn-papers100M_FedAvg_bs256_seed42_beta10000p0,ogbn-papers100M,FedAvg,256,42,10000.0,285,validation,0.2454,3.4094,0.2454,3.4094,855,0.10750412940979004,0.10750412940979004,0.5257515907287598,0.6332557201385498,182.76533365249634,0.5257515907287598,0.6332557201385498,182.76533365249634
nc_papers100m_195trainer_0hop_balanced_local_bs256_800r,20260914_202556_ogbn-papers100M_FedAvg_bs256_seed42_beta10000p0,ogbn-papers100M,FedAvg,256,42,10000.0,286,validation,0.2455,3.4079,0.2455,3.4079,858,0.10741066932678223,0.10741066932678223,0.5365681648254395,0.6439788341522217,183.40931248664856,0.5365681648254395,0.6439788341522217,183.40931248664856
nc_papers100m_195trainer_0hop_balanced_local_bs256_800r,20260914_202556_ogbn-papers100M_FedAvg_bs256_seed42_beta10000p0,ogbn-papers100M,FedAvg,256,42,10000.0,287,validation,0.2458,3.4053,0.2458,3.4053,861,0.11135268211364746,0.11135268211364746,0.5406413078308105,0.651993989944458,184.06130647659302,0.5406413078308105,0.651993989944458,184.06130647659302
nc_papers100m_195trainer_0hop_balanced_local_bs256_800r,20260914_202556_ogbn-papers100M_FedAvg_bs256_seed42_beta10000p0,ogbn-papers100M,FedAvg,256,42,10000.0,288,validation,0.2463,3.4034,0.2463,3.4034,864,0.10996556282043457,0.10996556282043457,0.5339503288269043,0.6439158916473389,184.70522236824036,0.5339503288269043,0.6439158916473389,184.70522236824036
nc_papers100m_195trainer_0hop_balanced_local_bs256_800r,20260914_202556_ogbn-papers100M_FedAvg_bs256_seed42_beta10000p0,ogbn-papers100M,FedAvg,256,42,10000.0,289,validation,0.2465,3.4011,0.2465,3.4011,867,0.10902070999145508,0.10902070999145508,0.5215647220611572,0.6305854320526123,185.33580780029297,0.5215647220611572,0.6305854320526123,185.33580780029297
nc_papers100m_195trainer_0hop_balanced_local_bs256_800r,20260914_202556_ogbn-papers100M_FedAvg_bs256_seed42_beta10000p0,ogbn-papers100M,FedAvg,256,42,10000.0,290,validation,0.2464,3.399,0.2464,3.399,870,0.1064298152923584,0.1064298152923584,0.523622989654541,0.6300528049468994,185.96586060523987,0.523622989654541,0.6300528049468994,185.96586060523987
nc_papers100m_195trainer_0hop_balanced_local_bs256_800r,20260914_202556_ogbn-papers100M_FedAvg_bs256_seed42_beta10000p0,ogbn-papers100M,FedAvg,256,42,10000.0,291,validation,0.2468,3.397,0.2468,3.397,873,0.10644936561584473,0.10644936561584473,0.5313069820404053,0.63775634765625,186.60361695289612,0.5313069820404053,0.63775634765625,186.60361695289612
nc_papers100m_195trainer_0hop_balanced_local_bs256_800r,20260914_202556_ogbn-papers100M_FedAvg_bs256_seed42_beta10000p0,ogbn-papers100M,FedAvg,256,42,10000.0,292,validation,0.247,3.395,0.247,3.395,876,0.1092984676361084,0.1092984676361084,0.5167331695556641,0.6260316371917725,187.2296485900879,0.5167331695556641,0.6260316371917725,187.2296485900879
nc_papers100m_195trainer_0hop_balanced_local_bs256_800r,20260914_202556_ogbn-papers100M_FedAvg_bs256_seed42_beta10000p0,ogbn-papers100M,FedAvg,256,42,10000.0,293,validation,0.2475,3.3925,0.2475,3.3925,879,0.10679006576538086,0.10679006576538086,0.5227007865905762,0.629490852355957,187.85913944244385,0.5227007865905762,0.629490852355957,187.85913944244385
nc_papers100m_195trainer_0hop_balanced_local_bs256_800r,20260914_202556_ogbn-papers100M_FedAvg_bs256_seed42_beta10000p0,ogbn-papers100M,FedAvg,256,42,10000.0,294,validation,0.2476,3.3905,0.2476,3.3905,882,0.11303114891052246,0.11303114891052246,0.5263960361480713,0.6394271850585938,188.49856662750244,0.5263960361480713,0.6394271850585938,188.49856662750244
nc_papers100m_195trainer_0hop_balanced_local_bs256_800r,20260914_202556_ogbn-papers100M_FedAvg_bs256_seed42_beta10000p0,ogbn-papers100M,FedAvg,256,42,10000.0,295,validation,0.248,3.3885,0.248,3.3885,885,0.10729408264160156,0.10729408264160156,0.5274474620819092,0.6347415447235107,189.13330817222595,0.5274474620819092,0.6347415447235107,189.13330817222595
nc_papers100m_195trainer_0hop_balanced_local_bs256_800r,20260914_202556_ogbn-papers100M_FedAvg_bs256_seed42_beta10000p0,ogbn-papers100M,FedAvg,256,42,10000.0,296,validation,0.2481,3.3866,0.2481,3.3866,888,0.10808157920837402,0.10808157920837402,0.5116767883300781,0.6197583675384521,189.7530665397644,0.5116767883300781,0.6197583675384521,189.7530665397644
nc_papers100m_195trainer_0hop_balanced_local_bs256_800r,20260914_202556_ogbn-papers100M_FedAvg_bs256_seed42_beta10000p0,ogbn-papers100M,FedAvg,256,42,10000.0,297,validation,0.2482,3.3845,0.2482,3.3845,891,0.11179709434509277,0.11179709434509277,0.5254082679748535,0.6372053623199463,190.39027190208435,0.5254082679748535,0.6372053623199463,190.39027190208435
nc_papers100m_195trainer_0hop_balanced_local_bs256_800r,20260914_202556_ogbn-papers100M_FedAvg_bs256_seed42_beta10000p0,ogbn-papers100M,FedAvg,256,42,10000.0,298,validation,0.2485,3.3827,0.2485,3.3827,894,0.11009788513183594,0.11009788513183594,0.5293235778808594,0.6394214630126953,191.02969336509705,0.5293235778808594,0.6394214630126953,191.02969336509705
nc_papers100m_195trainer_0hop_balanced_local_bs256_800r,20260914_202556_ogbn-papers100M_FedAvg_bs256_seed42_beta10000p0,ogbn-papers100M,FedAvg,256,42,10000.0,299,validation,0.2485,3.3805,0.2485,3.3805,897,0.10974860191345215,0.10974860191345215,0.5198688507080078,0.62961745262146,191.6593108177185,0.5198688507080078,0.62961745262146,191.6593108177185
nc_papers100m_195trainer_0hop_balanced_local_bs256_800r,20260914_202556_ogbn-papers100M_FedAvg_bs256_seed42_beta10000p0,ogbn-papers100M,FedAvg,256,42,10000.0,300,validation,0.2487,3.3787,0.2487,3.3787,900,0.11040496826171875,0.11040496826171875,0.5312411785125732,0.641646146774292,192.3009569644928,0.5312411785125732,0.641646146774292,192.3009569644928
nc_papers100m_195trainer_0hop_balanced_local_bs256_800r,20260914_202556_ogbn-papers100M_FedAvg_bs256_seed42_beta10000p0,ogbn-papers100M,FedAvg,256,42,10000.0,301,validation,0.2491,3.3768,0.2491,3.3768,903,0.10654163360595703,0.10654163360595703,0.5454318523406982,0.6519734859466553,192.95293045043945,0.5454318523406982,0.6519734859466553,192.95293045043945
nc_papers100m_195trainer_0hop_balanced_local_bs256_800r,20260914_202556_ogbn-papers100M_FedAvg_bs256_seed42_beta10000p0,ogbn-papers100M,FedAvg,256,42,10000.0,302,validation,0.2493,3.3751,0.2493,3.3751,906,0.10589408874511719,0.10589408874511719,0.5254487991333008,0.631342887878418,193.58427333831787,0.5254487991333008,0.631342887878418,193.58427333831787
nc_papers100m_195trainer_0hop_balanced_local_bs256_800r,20260914_202556_ogbn-papers100M_FedAvg_bs256_seed42_beta10000p0,ogbn-papers100M,FedAvg,256,42,10000.0,303,validation,0.2494,3.3733,0.2494,3.3733,909,0.10841059684753418,0.10841059684753418,0.5170273780822754,0.6254379749298096,194.20971131324768,0.5170273780822754,0.6254379749298096,194.20971131324768
nc_papers100m_195trainer_0hop_balanced_local_bs256_800r,20260914_202556_ogbn-papers100M_FedAvg_bs256_seed42_beta10000p0,ogbn-papers100M,FedAvg,256,42,10000.0,304,validation,0.2497,3.3714,0.2497,3.3714,912,0.11322569847106934,0.11322569847106934,0.5200724601745605,0.6332981586456299,194.8430094718933,0.5200724601745605,0.6332981586456299,194.8430094718933
nc_papers100m_195trainer_0hop_balanced_local_bs256_800r,20260914_202556_ogbn-papers100M_FedAvg_bs256_seed42_beta10000p0,ogbn-papers100M,FedAvg,256,42,10000.0,305,validation,0.2499,3.3697,0.2499,3.3697,915,0.10845375061035156,0.10845375061035156,0.5259416103363037,0.6343953609466553,195.47740483283997,0.5259416103363037,0.6343953609466553,195.47740483283997
nc_papers100m_195trainer_0hop_balanced_local_bs256_800r,20260914_202556_ogbn-papers100M_FedAvg_bs256_seed42_beta10000p0,ogbn-papers100M,FedAvg,256,42,10000.0,306,validation,0.2499,3.3672,0.2499,3.3672,918,0.10735249519348145,0.10735249519348145,0.5167245864868164,0.6240770816802979,196.10148191452026,0.5167245864868164,0.6240770816802979,196.10148191452026
nc_papers100m_195trainer_0hop_balanced_local_bs256_800r,20260914_202556_ogbn-papers100M_FedAvg_bs256_seed42_beta10000p0,ogbn-papers100M,FedAvg,256,42,10000.0,307,validation,0.2501,3.365,0.2501,3.365,921,0.10689115524291992,0.10689115524291992,0.5223701000213623,0.6292612552642822,196.73074316978455,0.5223701000213623,0.6292612552642822,196.73074316978455
nc_papers100m_195trainer_0hop_balanced_local_bs256_800r,20260914_202556_ogbn-papers100M_FedAvg_bs256_seed42_beta10000p0,ogbn-papers100M,FedAvg,256,42,10000.0,308,validation,0.2502,3.3637,0.2502,3.3637,924,0.1073002815246582,0.1073002815246582,0.5327372550964355,0.6400375366210938,197.37078070640564,0.5327372550964355,0.6400375366210938,197.37078070640564
nc_papers100m_195trainer_0hop_balanced_local_bs256_800r,20260914_202556_ogbn-papers100M_FedAvg_bs256_seed42_beta10000p0,ogbn-papers100M,FedAvg,256,42,10000.0,309,validation,0.2506,3.362,0.2506,3.362,927,0.10716032981872559,0.10716032981872559,0.5335583686828613,0.6407186985015869,198.01149940490723,0.5335583686828613,0.6407186985015869,198.01149940490723
nc_papers100m_195trainer_0hop_balanced_local_bs256_800r,20260914_202556_ogbn-papers100M_FedAvg_bs256_seed42_beta10000p0,ogbn-papers100M,FedAvg,256,42,10000.0,310,validation,0.2507,3.3597,0.2507,3.3597,930,0.11133646965026855,0.11133646965026855,0.5257096290588379,0.6370460987091064,198.64854550361633,0.5257096290588379,0.6370460987091064,198.64854550361633
nc_papers100m_195trainer_0hop_balanced_local_bs256_800r,20260914_202556_ogbn-papers100M_FedAvg_bs256_seed42_beta10000p0,ogbn-papers100M,FedAvg,256,42,10000.0,311,validation,0.2508,3.3577,0.2508,3.3577,933,0.10965657234191895,0.10965657234191895,0.5336196422576904,0.6432762145996094,199.29182171821594,0.5336196422576904,0.6432762145996094,199.29182171821594
nc_papers100m_195trainer_0hop_balanced_local_bs256_800r,20260914_202556_ogbn-papers100M_FedAvg_bs256_seed42_beta10000p0,ogbn-papers100M,FedAvg,256,42,10000.0,312,validation,0.251,3.3556,0.251,3.3556,936,0.10749197006225586,0.10749197006225586,0.5356671810150146,0.6431591510772705,199.9349808692932,0.5356671810150146,0.6431591510772705,199.9349808692932
nc_papers100m_195trainer_0hop_balanced_local_bs256_800r,20260914_202556_ogbn-papers100M_FedAvg_bs256_seed42_beta10000p0,ogbn-papers100M,FedAvg,256,42,10000.0,313,validation,0.2511,3.3538,0.2511,3.3538,939,0.10769009590148926,0.10769009590148926,0.5145676136016846,0.6222577095031738,200.5572385787964,0.5145676136016846,0.6222577095031738,200.5572385787964
nc_papers100m_195trainer_0hop_balanced_local_bs256_800r,20260914_202556_ogbn-papers100M_FedAvg_bs256_seed42_beta10000p0,ogbn-papers100M,FedAvg,256,42,10000.0,314,validation,0.2514,3.3518,0.2514,3.3518,942,0.10996246337890625,0.10996246337890625,0.5402369499206543,0.6501994132995605,201.20743799209595,0.5402369499206543,0.6501994132995605,201.20743799209595
nc_papers100m_195trainer_0hop_balanced_local_bs256_800r,20260914_202556_ogbn-papers100M_FedAvg_bs256_seed42_beta10000p0,ogbn-papers100M,FedAvg,256,42,10000.0,315,validation,0.2517,3.3501,0.2517,3.3501,945,0.10950613021850586,0.10950613021850586,0.5386104583740234,0.6481165885925293,201.85555458068848,0.5386104583740234,0.6481165885925293,201.85555458068848
nc_papers100m_195trainer_0hop_balanced_local_bs256_800r,20260914_202556_ogbn-papers100M_FedAvg_bs256_seed42_beta10000p0,ogbn-papers100M,FedAvg,256,42,10000.0,316,validation,0.2517,3.3479,0.2517,3.3479,948,0.11170840263366699,0.11170840263366699,0.5221631526947021,0.6338715553283691,202.48942613601685,0.5221631526947021,0.6338715553283691,202.48942613601685
nc_papers100m_195trainer_0hop_balanced_local_bs256_800r,20260914_202556_ogbn-papers100M_FedAvg_bs256_seed42_beta10000p0,ogbn-papers100M,FedAvg,256,42,10000.0,317,validation,0.252,3.3458,0.252,3.3458,951,0.10811519622802734,0.10811519622802734,0.5207488536834717,0.628864049911499,203.11829018592834,0.5207488536834717,0.628864049911499,203.11829018592834
nc_papers100m_195trainer_0hop_balanced_local_bs256_800r,20260914_202556_ogbn-papers100M_FedAvg_bs256_seed42_beta10000p0,ogbn-papers100M,FedAvg,256,42,10000.0,318,validation,0.252,3.3439,0.252,3.3439,954,0.10799598693847656,0.10799598693847656,0.5359916687011719,0.6439876556396484,203.762277841568,0.5359916687011719,0.6439876556396484,203.762277841568
nc_papers100m_195trainer_0hop_balanced_local_bs256_800r,20260914_202556_ogbn-papers100M_FedAvg_bs256_seed42_beta10000p0,ogbn-papers100M,FedAvg,256,42,10000.0,319,validation,0.2522,3.3419,0.2522,3.3419,957,0.10690736770629883,0.10690736770629883,0.5234298706054688,0.6303372383117676,204.39261507987976,0.5234298706054688,0.6303372383117676,204.39261507987976
nc_papers100m_195trainer_0hop_balanced_local_bs256_800r,20260914_202556_ogbn-papers100M_FedAvg_bs256_seed42_beta10000p0,ogbn-papers100M,FedAvg,256,42,10000.0,320,validation,0.2526,3.3406,0.2526,3.3406,960,0.11060881614685059,0.11060881614685059,0.5232083797454834,0.633817195892334,205.0264322757721,0.5232083797454834,0.633817195892334,205.0264322757721
nc_papers100m_195trainer_0hop_balanced_local_bs256_800r,20260914_202556_ogbn-papers100M_FedAvg_bs256_seed42_beta10000p0,ogbn-papers100M,FedAvg,256,42,10000.0,321,validation,0.2528,3.3387,0.2528,3.3387,963,0.11926674842834473,0.11926674842834473,0.6894338130950928,0.8087005615234375,205.83513283729553,0.6894338130950928,0.8087005615234375,205.83513283729553
nc_papers100m_195trainer_0hop_balanced_local_bs256_800r,20260914_202556_ogbn-papers100M_FedAvg_bs256_seed42_beta10000p0,ogbn-papers100M,FedAvg,256,42,10000.0,322,validation,0.2529,3.3369,0.2529,3.3369,966,0.10849452018737793,0.10849452018737793,0.5276713371276855,0.6361658573150635,206.4712986946106,0.5276713371276855,0.6361658573150635,206.4712986946106
nc_papers100m_195trainer_0hop_balanced_local_bs256_800r,20260914_202556_ogbn-papers100M_FedAvg_bs256_seed42_beta10000p0,ogbn-papers100M,FedAvg,256,42,10000.0,323,validation,0.2529,3.3352,0.2529,3.3352,969,0.10644888877868652,0.10644888877868652,0.5280177593231201,0.6344666481018066,207.1057653427124,0.5280177593231201,0.6344666481018066,207.1057653427124
nc_papers100m_195trainer_0hop_balanced_local_bs256_800r,20260914_202556_ogbn-papers100M_FedAvg_bs256_seed42_beta10000p0,ogbn-papers100M,FedAvg,256,42,10000.0,324,validation,0.2531,3.3333,0.2531,3.3333,972,0.1084134578704834,0.1084134578704834,0.5197129249572754,0.6281263828277588,207.73389172554016,0.5197129249572754,0.6281263828277588,207.73389172554016
nc_papers100m_195trainer_0hop_balanced_local_bs256_800r,20260914_202556_ogbn-papers100M_FedAvg_bs256_seed42_beta10000p0,ogbn-papers100M,FedAvg,256,42,10000.0,325,validation,0.2532,3.3317,0.2532,3.3317,975,0.10950922966003418,0.10950922966003418,0.5315639972686768,0.6410732269287109,208.37496495246887,0.5315639972686768,0.6410732269287109,208.37496495246887
nc_papers100m_195trainer_0hop_balanced_local_bs256_800r,20260914_202556_ogbn-papers100M_FedAvg_bs256_seed42_beta10000p0,ogbn-papers100M,FedAvg,256,42,10000.0,326,validation,0.2533,3.3302,0.2533,3.3302,978,0.11203789710998535,0.11203789710998535,0.5238430500030518,0.6358809471130371,209.0108458995819,0.5238430500030518,0.6358809471130371,209.0108458995819
nc_papers100m_195trainer_0hop_balanced_local_bs256_800r,20260914_202556_ogbn-papers100M_FedAvg_bs256_seed42_beta10000p0,ogbn-papers100M,FedAvg,256,42,10000.0,327,validation,0.2537,3.3283,0.2537,3.3283,981,0.10756254196166992,0.10756254196166992,0.5203900337219238,0.6279525756835938,209.6387984752655,0.5203900337219238,0.6279525756835938,209.6387984752655
nc_papers100m_195trainer_0hop_balanced_local_bs256_800r,20260914_202556_ogbn-papers100M_FedAvg_bs256_seed42_beta10000p0,ogbn-papers100M,FedAvg,256,42,10000.0,328,validation,0.2541,3.3268,0.2541,3.3268,984,0.10741972923278809,0.10741972923278809,0.5718979835510254,0.6793177127838135,210.31811618804932,0.5718979835510254,0.6793177127838135,210.31811618804932
nc_papers100m_195trainer_0hop_balanced_local_bs256_800r,20260914_202556_ogbn-papers100M_FedAvg_bs256_seed42_beta10000p0,ogbn-papers100M,FedAvg,256,42,10000.0,329,validation,0.2543,3.325,0.2543,3.325,987,0.10837006568908691,0.10837006568908691,0.5236482620239258,0.6320183277130127,210.95013451576233,0.5236482620239258,0.6320183277130127,210.95013451576233
nc_papers100m_195trainer_0hop_balanced_local_bs256_800r,20260914_202556_ogbn-papers100M_FedAvg_bs256_seed42_beta10000p0,ogbn-papers100M,FedAvg,256,42,10000.0,330,validation,0.2546,3.3229,0.2546,3.3229,990,0.1066596508026123,0.1066596508026123,0.52132248878479,0.6279821395874023,211.57811665534973,0.52132248878479,0.6279821395874023,211.57811665534973
nc_papers100m_195trainer_0hop_balanced_local_bs256_800r,20260914_202556_ogbn-papers100M_FedAvg_bs256_seed42_beta10000p0,ogbn-papers100M,FedAvg,256,42,10000.0,331,validation,0.2545,3.321,0.2545,3.321,993,0.10900282859802246,0.10900282859802246,0.5286023616790771,0.6376051902770996,212.21572184562683,0.5286023616790771,0.6376051902770996,212.21572184562683
nc_papers100m_195trainer_0hop_balanced_local_bs256_800r,20260914_202556_ogbn-papers100M_FedAvg_bs256_seed42_beta10000p0,ogbn-papers100M,FedAvg,256,42,10000.0,332,validation,0.2549,3.319,0.2549,3.319,996,0.10737490653991699,0.10737490653991699,0.5393755435943604,0.6467504501342773,212.8624722957611,0.5393755435943604,0.6467504501342773,212.8624722957611
nc_papers100m_195trainer_0hop_balanced_local_bs256_800r,20260914_202556_ogbn-papers100M_FedAvg_bs256_seed42_beta10000p0,ogbn-papers100M,FedAvg,256,42,10000.0,333,validation,0.2553,3.3173,0.2553,3.3173,999,0.1071317195892334,0.1071317195892334,0.5239467620849609,0.6310784816741943,213.4935507774353,0.5239467620849609,0.6310784816741943,213.4935507774353
nc_papers100m_195trainer_0hop_balanced_local_bs256_800r,20260914_202556_ogbn-papers100M_FedAvg_bs256_seed42_beta10000p0,ogbn-papers100M,FedAvg,256,42,10000.0,334,validation,0.2555,3.3154,0.2555,3.3154,1002,0.10840606689453125,0.10840606689453125,0.5212197303771973,0.6296257972717285,214.12317657470703,0.5212197303771973,0.6296257972717285,214.12317657470703
nc_papers100m_195trainer_0hop_balanced_local_bs256_800r,20260914_202556_ogbn-papers100M_FedAvg_bs256_seed42_beta10000p0,ogbn-papers100M,FedAvg,256,42,10000.0,335,validation,0.2555,3.3135,0.2555,3.3135,1005,0.10706520080566406,0.10706520080566406,0.5256428718566895,0.6327080726623535,214.75588464736938,0.5256428718566895,0.6327080726623535,214.75588464736938
nc_papers100m_195trainer_0hop_balanced_local_bs256_800r,20260914_202556_ogbn-papers100M_FedAvg_bs256_seed42_beta10000p0,ogbn-papers100M,FedAvg,256,42,10000.0,336,validation,0.2556,3.3118,0.2556,3.3118,1008,0.11109709739685059,0.11109709739685059,0.5378556251525879,0.6489527225494385,215.40483736991882,0.5378556251525879,0.6489527225494385,215.40483736991882
nc_papers100m_195trainer_0hop_balanced_local_bs256_800r,20260914_202556_ogbn-papers100M_FedAvg_bs256_seed42_beta10000p0,ogbn-papers100M,FedAvg,256,42,10000.0,337,validation,0.2558,3.31,0.2558,3.31,1011,0.1121823787689209,0.1121823787689209,0.5264167785644531,0.638599157333374,216.0434365272522,0.5264167785644531,0.638599157333374,216.0434365272522
nc_papers100m_195trainer_0hop_balanced_local_bs256_800r,20260914_202556_ogbn-papers100M_FedAvg_bs256_seed42_beta10000p0,ogbn-papers100M,FedAvg,256,42,10000.0,338,validation,0.256,3.308,0.256,3.308,1014,0.11444401741027832,0.11444401741027832,0.535813570022583,0.6502575874328613,216.69369411468506,0.535813570022583,0.6502575874328613,216.69369411468506
nc_papers100m_195trainer_0hop_balanced_local_bs256_800r,20260914_202556_ogbn-papers100M_FedAvg_bs256_seed42_beta10000p0,ogbn-papers100M,FedAvg,256,42,10000.0,339,validation,0.2562,3.3066,0.2562,3.3066,1017,0.10558176040649414,0.10558176040649414,0.526869535446167,0.6324512958526611,217.32614541053772,0.526869535446167,0.6324512958526611,217.32614541053772
nc_papers100m_195trainer_0hop_balanced_local_bs256_800r,20260914_202556_ogbn-papers100M_FedAvg_bs256_seed42_beta10000p0,ogbn-papers100M,FedAvg,256,42,10000.0,340,validation,0.2563,3.305,0.2563,3.305,1020,0.10629796981811523,0.10629796981811523,0.5197651386260986,0.6260631084442139,217.95220851898193,0.5197651386260986,0.6260631084442139,217.95220851898193
nc_papers100m_195trainer_0hop_balanced_local_bs256_800r,20260914_202556_ogbn-papers100M_FedAvg_bs256_seed42_beta10000p0,ogbn-papers100M,FedAvg,256,42,10000.0,341,validation,0.2565,3.3035,0.2565,3.3035,1023,0.10719037055969238,0.10719037055969238,0.5251674652099609,0.6323578357696533,218.5845663547516,0.5251674652099609,0.6323578357696533,218.5845663547516
nc_papers100m_195trainer_0hop_balanced_local_bs256_800r,20260914_202556_ogbn-papers100M_FedAvg_bs256_seed42_beta10000p0,ogbn-papers100M,FedAvg,256,42,10000.0,342,validation,0.2565,3.3016,0.2565,3.3016,1026,0.1076195240020752,0.1076195240020752,0.5556983947753906,0.6633179187774658,219.24788427352905,0.5556983947753906,0.6633179187774658,219.24788427352905
nc_papers100m_195trainer_0hop_balanced_local_bs256_800r,20260914_202556_ogbn-papers100M_FedAvg_bs256_seed42_beta10000p0,ogbn-papers100M,FedAvg,256,42,10000.0,343,validation,0.2568,3.3002,0.2568,3.3002,1029,0.1093754768371582,0.1093754768371582,0.5244014263153076,0.6337769031524658,219.88166117668152,0.5244014263153076,0.6337769031524658,219.88166117668152
nc_papers100m_195trainer_0hop_balanced_local_bs256_800r,20260914_202556_ogbn-papers100M_FedAvg_bs256_seed42_beta10000p0,ogbn-papers100M,FedAvg,256,42,10000.0,344,validation,0.257,3.2982,0.257,3.2982,1032,0.10734128952026367,0.10734128952026367,0.5244548320770264,0.63179612159729,220.5134572982788,0.5244548320770264,0.63179612159729,220.5134572982788
nc_papers100m_195trainer_0hop_balanced_local_bs256_800r,20260914_202556_ogbn-papers100M_FedAvg_bs256_seed42_beta10000p0,ogbn-papers100M,FedAvg,256,42,10000.0,345,validation,0.2571,3.2965,0.2571,3.2965,1035,0.11111211776733398,0.11111211776733398,0.5294613838195801,0.6405735015869141,221.15403079986572,0.5294613838195801,0.6405735015869141,221.15403079986572
nc_papers100m_195trainer_0hop_balanced_local_bs256_800r,20260914_202556_ogbn-papers100M_FedAvg_bs256_seed42_beta10000p0,ogbn-papers100M,FedAvg,256,42,10000.0,346,validation,0.2572,3.2947,0.2572,3.2947,1038,0.10915827751159668,0.10915827751159668,0.5230636596679688,0.6322219371795654,221.7862527370453,0.5230636596679688,0.6322219371795654,221.7862527370453
nc_papers100m_195trainer_0hop_balanced_local_bs256_800r,20260914_202556_ogbn-papers100M_FedAvg_bs256_seed42_beta10000p0,ogbn-papers100M,FedAvg,256,42,10000.0,347,validation,0.2573,3.2931,0.2573,3.2931,1041,0.10912132263183594,0.10912132263183594,0.524561882019043,0.6336832046508789,222.41993594169617,0.524561882019043,0.6336832046508789,222.41993594169617
nc_papers100m_195trainer_0hop_balanced_local_bs256_800r,20260914_202556_ogbn-papers100M_FedAvg_bs256_seed42_beta10000p0,ogbn-papers100M,FedAvg,256,42,10000.0,348,validation,0.2576,3.2917,0.2576,3.2917,1044,0.113128662109375,0.113128662109375,0.5419435501098633,0.6550722122192383,223.0750081539154,0.5419435501098633,0.6550722122192383,223.0750081539154
nc_papers100m_195trainer_0hop_balanced_local_bs256_800r,20260914_202556_ogbn-papers100M_FedAvg_bs256_seed42_beta10000p0,ogbn-papers100M,FedAvg,256,42,10000.0,349,validation,0.2578,3.2902,0.2578,3.2902,1047,0.10721397399902344,0.10721397399902344,0.5370855331420898,0.6442995071411133,223.71930766105652,0.5370855331420898,0.6442995071411133,223.71930766105652
nc_papers100m_195trainer_0hop_balanced_local_bs256_800r,20260914_202556_ogbn-papers100M_FedAvg_bs256_seed42_beta10000p0,ogbn-papers100M,FedAvg,256,42,10000.0,350,validation,0.2577,3.2886,0.2577,3.2886,1050,0.10828447341918945,0.10828447341918945,0.5277705192565918,0.6360549926757812,224.3553626537323,0.5277705192565918,0.6360549926757812,224.3553626537323
nc_papers100m_195trainer_0hop_balanced_local_bs256_800r,20260914_202556_ogbn-papers100M_FedAvg_bs256_seed42_beta10000p0,ogbn-papers100M,FedAvg,256,42,10000.0,351,validation,0.2579,3.2868,0.2579,3.2868,1053,0.10896539688110352,0.10896539688110352,0.5269265174865723,0.6358919143676758,224.99125456809998,0.5269265174865723,0.6358919143676758,224.99125456809998
nc_papers100m_195trainer_0hop_balanced_local_bs256_800r,20260914_202556_ogbn-papers100M_FedAvg_bs256_seed42_beta10000p0,ogbn-papers100M,FedAvg,256,42,10000.0,352,validation,0.2581,3.2853,0.2581,3.2853,1056,0.10895419120788574,0.10895419120788574,0.5395102500915527,0.6484644412994385,225.6397190093994,0.5395102500915527,0.6484644412994385,225.6397190093994
nc_papers100m_195trainer_0hop_balanced_local_bs256_800r,20260914_202556_ogbn-papers100M_FedAvg_bs256_seed42_beta10000p0,ogbn-papers100M,FedAvg,256,42,10000.0,353,validation,0.2584,3.2836,0.2584,3.2836,1059,0.10746526718139648,0.10746526718139648,0.5307435989379883,0.6382088661193848,226.2779278755188,0.5307435989379883,0.6382088661193848,226.2779278755188
nc_papers100m_195trainer_0hop_balanced_local_bs256_800r,20260914_202556_ogbn-papers100M_FedAvg_bs256_seed42_beta10000p0,ogbn-papers100M,FedAvg,256,42,10000.0,354,validation,0.2583,3.2816,0.2583,3.2816,1062,0.10870766639709473,0.10870766639709473,0.5264356136322021,0.6351432800292969,226.9130711555481,0.5264356136322021,0.6351432800292969,226.9130711555481
nc_papers100m_195trainer_0hop_balanced_local_bs256_800r,20260914_202556_ogbn-papers100M_FedAvg_bs256_seed42_beta10000p0,ogbn-papers100M,FedAvg,256,42,10000.0,355,validation,0.2586,3.28,0.2586,3.28,1065,0.11127018928527832,0.11127018928527832,0.5308585166931152,0.6421287059783936,227.5551998615265,0.5308585166931152,0.6421287059783936,227.5551998615265
nc_papers100m_195trainer_0hop_balanced_local_bs256_800r,20260914_202556_ogbn-papers100M_FedAvg_bs256_seed42_beta10000p0,ogbn-papers100M,FedAvg,256,42,10000.0,356,validation,0.2587,3.2784,0.2587,3.2784,1068,0.10782051086425781,0.10782051086425781,0.5669620037078857,0.6747825145721436,228.22998237609863,0.5669620037078857,0.6747825145721436,228.22998237609863
nc_papers100m_195trainer_0hop_balanced_local_bs256_800r,20260914_202556_ogbn-papers100M_FedAvg_bs256_seed42_beta10000p0,ogbn-papers100M,FedAvg,256,42,10000.0,357,validation,0.2591,3.2767,0.2591,3.2767,1071,0.10860538482666016,0.10860538482666016,0.5146489143371582,0.6232542991638184,228.85323667526245,0.5146489143371582,0.6232542991638184,228.85323667526245
nc_papers100m_195trainer_0hop_balanced_local_bs256_800r,20260914_202556_ogbn-papers100M_FedAvg_bs256_seed42_beta10000p0,ogbn-papers100M,FedAvg,256,42,10000.0,358,validation,0.2594,3.2748,0.2594,3.2748,1074,0.10817766189575195,0.10817766189575195,0.5360467433929443,0.6442244052886963,229.49746108055115,0.5360467433929443,0.6442244052886963,229.49746108055115
nc_papers100m_195trainer_0hop_balanced_local_bs256_800r,20260914_202556_ogbn-papers100M_FedAvg_bs256_seed42_beta10000p0,ogbn-papers100M,FedAvg,256,42,10000.0,359,validation,0.2596,3.2737,0.2596,3.2737,1077,0.10852789878845215,0.10852789878845215,0.5515880584716797,0.6601159572601318,230.15757703781128,0.5515880584716797,0.6601159572601318,230.15757703781128
nc_papers100m_195trainer_0hop_balanced_local_bs256_800r,20260914_202556_ogbn-papers100M_FedAvg_bs256_seed42_beta10000p0,ogbn-papers100M,FedAvg,256,42,10000.0,360,validation,0.2596,3.2721,0.2596,3.2721,1080,0.10745906829833984,0.10745906829833984,0.5350649356842041,0.642524003982544,230.80010104179382,0.5350649356842041,0.642524003982544,230.80010104179382
nc_papers100m_195trainer_0hop_balanced_local_bs256_800r,20260914_202556_ogbn-papers100M_FedAvg_bs256_seed42_beta10000p0,ogbn-papers100M,FedAvg,256,42,10000.0,361,validation,0.2599,3.2704,0.2599,3.2704,1083,0.10816574096679688,0.10816574096679688,0.5309269428253174,0.6390926837921143,231.43919372558594,0.5309269428253174,0.6390926837921143,231.43919372558594
nc_papers100m_195trainer_0hop_balanced_local_bs256_800r,20260914_202556_ogbn-papers100M_FedAvg_bs256_seed42_beta10000p0,ogbn-papers100M,FedAvg,256,42,10000.0,362,validation,0.2601,3.2685,0.2601,3.2685,1086,0.11302757263183594,0.11302757263183594,0.5341153144836426,0.6471428871154785,232.08633661270142,0.5341153144836426,0.6471428871154785,232.08633661270142
nc_papers100m_195trainer_0hop_balanced_local_bs256_800r,20260914_202556_ogbn-papers100M_FedAvg_bs256_seed42_beta10000p0,ogbn-papers100M,FedAvg,256,42,10000.0,363,validation,0.2602,3.267,0.2602,3.267,1089,0.1074366569519043,0.1074366569519043,0.5323567390441895,0.6397933959960938,232.7261300086975,0.5323567390441895,0.6397933959960938,232.7261300086975
nc_papers100m_195trainer_0hop_balanced_local_bs256_800r,20260914_202556_ogbn-papers100M_FedAvg_bs256_seed42_beta10000p0,ogbn-papers100M,FedAvg,256,42,10000.0,364,validation,0.2604,3.2657,0.2604,3.2657,1092,0.10668182373046875,0.10668182373046875,0.532555341720581,0.6392371654510498,233.36536717414856,0.532555341720581,0.6392371654510498,233.36536717414856
nc_papers100m_195trainer_0hop_balanced_local_bs256_800r,20260914_202556_ogbn-papers100M_FedAvg_bs256_seed42_beta10000p0,ogbn-papers100M,FedAvg,256,42,10000.0,365,validation,0.2604,3.2643,0.2604,3.2643,1095,0.10790133476257324,0.10790133476257324,0.5150680541992188,0.622969388961792,233.98833656311035,0.5150680541992188,0.622969388961792,233.98833656311035
nc_papers100m_195trainer_0hop_balanced_local_bs256_800r,20260914_202556_ogbn-papers100M_FedAvg_bs256_seed42_beta10000p0,ogbn-papers100M,FedAvg,256,42,10000.0,366,validation,0.2606,3.2624,0.2606,3.2624,1098,0.11181235313415527,0.11181235313415527,0.5396959781646729,0.6515083312988281,234.63984489440918,0.5396959781646729,0.6515083312988281,234.63984489440918
nc_papers100m_195trainer_0hop_balanced_local_bs256_800r,20260914_202556_ogbn-papers100M_FedAvg_bs256_seed42_beta10000p0,ogbn-papers100M,FedAvg,256,42,10000.0,367,validation,0.2609,3.2606,0.2609,3.2606,1101,0.10712409019470215,0.10712409019470215,0.5243916511535645,0.6315157413482666,235.27136063575745,0.5243916511535645,0.6315157413482666,235.27136063575745
nc_papers100m_195trainer_0hop_balanced_local_bs256_800r,20260914_202556_ogbn-papers100M_FedAvg_bs256_seed42_beta10000p0,ogbn-papers100M,FedAvg,256,42,10000.0,368,validation,0.2613,3.2592,0.2613,3.2592,1104,0.1070106029510498,0.1070106029510498,0.5227327346801758,0.6297433376312256,235.90110397338867,0.5227327346801758,0.6297433376312256,235.90110397338867
nc_papers100m_195trainer_0hop_balanced_local_bs256_800r,20260914_202556_ogbn-papers100M_FedAvg_bs256_seed42_beta10000p0,ogbn-papers100M,FedAvg,256,42,10000.0,369,validation,0.2612,3.2578,0.2612,3.2578,1107,0.10988473892211914,0.10988473892211914,0.5448527336120605,0.6547374725341797,236.55584144592285,0.5448527336120605,0.6547374725341797,236.55584144592285
nc_papers100m_195trainer_0hop_balanced_local_bs256_800r,20260914_202556_ogbn-papers100M_FedAvg_bs256_seed42_beta10000p0,ogbn-papers100M,FedAvg,256,42,10000.0,370,validation,0.2614,3.2566,0.2614,3.2566,1110,0.10857248306274414,0.10857248306274414,0.5467355251312256,0.6553080081939697,237.21114945411682,0.5467355251312256,0.6553080081939697,237.21114945411682
nc_papers100m_195trainer_0hop_balanced_local_bs256_800r,20260914_202556_ogbn-papers100M_FedAvg_bs256_seed42_beta10000p0,ogbn-papers100M,FedAvg,256,42,10000.0,371,validation,0.2617,3.2547,0.2617,3.2547,1113,0.11007118225097656,0.11007118225097656,0.5209751129150391,0.6310462951660156,237.84219574928284,0.5209751129150391,0.6310462951660156,237.84219574928284
nc_papers100m_195trainer_0hop_balanced_local_bs256_800r,20260914_202556_ogbn-papers100M_FedAvg_bs256_seed42_beta10000p0,ogbn-papers100M,FedAvg,256,42,10000.0,372,validation,0.2617,3.2535,0.2617,3.2535,1116,0.1087491512298584,0.1087491512298584,0.5244498252868652,0.6331989765167236,238.47539472579956,0.5244498252868652,0.6331989765167236,238.47539472579956
nc_papers100m_195trainer_0hop_balanced_local_bs256_800r,20260914_202556_ogbn-papers100M_FedAvg_bs256_seed42_beta10000p0,ogbn-papers100M,FedAvg,256,42,10000.0,373,validation,0.262,3.2518,0.262,3.2518,1119,0.10672211647033691,0.10672211647033691,0.5322918891906738,0.6390140056610107,239.11440873146057,0.5322918891906738,0.6390140056610107,239.11440873146057
nc_papers100m_195trainer_0hop_balanced_local_bs256_800r,20260914_202556_ogbn-papers100M_FedAvg_bs256_seed42_beta10000p0,ogbn-papers100M,FedAvg,256,42,10000.0,374,validation,0.2621,3.2502,0.2621,3.2502,1122,0.10653209686279297,0.10653209686279297,0.5257365703582764,0.6322686672210693,239.74667739868164,0.5257365703582764,0.6322686672210693,239.74667739868164
nc_papers100m_195trainer_0hop_balanced_local_bs256_800r,20260914_202556_ogbn-papers100M_FedAvg_bs256_seed42_beta10000p0,ogbn-papers100M,FedAvg,256,42,10000.0,375,validation,0.2623,3.2486,0.2623,3.2486,1125,0.1107947826385498,0.1107947826385498,0.5243403911590576,0.6351351737976074,240.38181257247925,0.5243403911590576,0.6351351737976074,240.38181257247925
nc_papers100m_195trainer_0hop_balanced_local_bs256_800r,20260914_202556_ogbn-papers100M_FedAvg_bs256_seed42_beta10000p0,ogbn-papers100M,FedAvg,256,42,10000.0,376,validation,0.2625,3.2471,0.2625,3.2471,1128,0.11188960075378418,0.11188960075378418,0.5405173301696777,0.6524069309234619,241.0342195034027,0.5405173301696777,0.6524069309234619,241.0342195034027
nc_papers100m_195trainer_0hop_balanced_local_bs256_800r,20260914_202556_ogbn-papers100M_FedAvg_bs256_seed42_beta10000p0,ogbn-papers100M,FedAvg,256,42,10000.0,377,validation,0.2628,3.2455,0.2628,3.2455,1131,0.10866022109985352,0.10866022109985352,0.5366721153259277,0.6453323364257812,241.6795518398285,0.5366721153259277,0.6453323364257812,241.6795518398285
nc_papers100m_195trainer_0hop_balanced_local_bs256_800r,20260914_202556_ogbn-papers100M_FedAvg_bs256_seed42_beta10000p0,ogbn-papers100M,FedAvg,256,42,10000.0,378,validation,0.263,3.2443,0.263,3.2443,1134,0.10994601249694824,0.10994601249694824,0.523003339767456,0.6329493522644043,242.3125011920929,0.523003339767456,0.6329493522644043,242.3125011920929
nc_papers100m_195trainer_0hop_balanced_local_bs256_800r,20260914_202556_ogbn-papers100M_FedAvg_bs256_seed42_beta10000p0,ogbn-papers100M,FedAvg,256,42,10000.0,379,validation,0.2629,3.243,0.2629,3.243,1137,0.11004209518432617,0.11004209518432617,0.5428650379180908,0.652907133102417,242.9654083251953,0.5428650379180908,0.652907133102417,242.9654083251953
nc_papers100m_195trainer_0hop_balanced_local_bs256_800r,20260914_202556_ogbn-papers100M_FedAvg_bs256_seed42_beta10000p0,ogbn-papers100M,FedAvg,256,42,10000.0,380,validation,0.263,3.2416,0.263,3.2416,1140,0.11117815971374512,0.11117815971374512,0.5449590682983398,0.656137228012085,243.6215455532074,0.5449590682983398,0.656137228012085,243.6215455532074
nc_papers100m_195trainer_0hop_balanced_local_bs256_800r,20260914_202556_ogbn-papers100M_FedAvg_bs256_seed42_beta10000p0,ogbn-papers100M,FedAvg,256,42,10000.0,381,validation,0.2634,3.2398,0.2634,3.2398,1143,0.11211133003234863,0.11211133003234863,0.5394868850708008,0.6515982151031494,244.27314376831055,0.5394868850708008,0.6515982151031494,244.27314376831055
nc_papers100m_195trainer_0hop_balanced_local_bs256_800r,20260914_202556_ogbn-papers100M_FedAvg_bs256_seed42_beta10000p0,ogbn-papers100M,FedAvg,256,42,10000.0,382,validation,0.2636,3.2386,0.2636,3.2386,1146,0.10706710815429688,0.10706710815429688,0.520272970199585,0.6273400783538818,244.90048384666443,0.520272970199585,0.6273400783538818,244.90048384666443
nc_papers100m_195trainer_0hop_balanced_local_bs256_800r,20260914_202556_ogbn-papers100M_FedAvg_bs256_seed42_beta10000p0,ogbn-papers100M,FedAvg,256,42,10000.0,383,validation,0.2639,3.2374,0.2639,3.2374,1149,0.10783028602600098,0.10783028602600098,0.5484738349914551,0.656304121017456,245.55678796768188,0.5484738349914551,0.656304121017456,245.55678796768188
nc_papers100m_195trainer_0hop_balanced_local_bs256_800r,20260914_202556_ogbn-papers100M_FedAvg_bs256_seed42_beta10000p0,ogbn-papers100M,FedAvg,256,42,10000.0,384,validation,0.2638,3.236,0.2638,3.236,1152,0.10883140563964844,0.10883140563964844,0.5334169864654541,0.6422483921051025,246.199036359787,0.5334169864654541,0.6422483921051025,246.199036359787
nc_papers100m_195trainer_0hop_balanced_local_bs256_800r,20260914_202556_ogbn-papers100M_FedAvg_bs256_seed42_beta10000p0,ogbn-papers100M,FedAvg,256,42,10000.0,385,validation,0.264,3.2345,0.264,3.2345,1155,0.10923528671264648,0.10923528671264648,0.5269360542297363,0.6361713409423828,246.83520770072937,0.5269360542297363,0.6361713409423828,246.83520770072937
nc_papers100m_195trainer_0hop_balanced_local_bs256_800r,20260914_202556_ogbn-papers100M_FedAvg_bs256_seed42_beta10000p0,ogbn-papers100M,FedAvg,256,42,10000.0,386,validation,0.2641,3.233,0.2641,3.233,1158,0.11173748970031738,0.11173748970031738,0.5332000255584717,0.6449375152587891,247.48014521598816,0.5332000255584717,0.6449375152587891,247.48014521598816
nc_papers100m_195trainer_0hop_balanced_local_bs256_800r,20260914_202556_ogbn-papers100M_FedAvg_bs256_seed42_beta10000p0,ogbn-papers100M,FedAvg,256,42,10000.0,387,validation,0.2643,3.2311,0.2643,3.2311,1161,0.11147618293762207,0.11147618293762207,0.535881757736206,0.6473579406738281,248.127503156662,0.535881757736206,0.6473579406738281,248.127503156662
nc_papers100m_195trainer_0hop_balanced_local_bs256_800r,20260914_202556_ogbn-papers100M_FedAvg_bs256_seed42_beta10000p0,ogbn-papers100M,FedAvg,256,42,10000.0,388,validation,0.2644,3.2294,0.2644,3.2294,1164,0.10839557647705078,0.10839557647705078,0.5242080688476562,0.632603645324707,248.7601068019867,0.5242080688476562,0.632603645324707,248.7601068019867
nc_papers100m_195trainer_0hop_balanced_local_bs256_800r,20260914_202556_ogbn-papers100M_FedAvg_bs256_seed42_beta10000p0,ogbn-papers100M,FedAvg,256,42,10000.0,389,validation,0.2646,3.2285,0.2646,3.2285,1167,0.11248421669006348,0.11248421669006348,0.5214934349060059,0.6339776515960693,249.39408445358276,0.5214934349060059,0.6339776515960693,249.39408445358276
nc_papers100m_195trainer_0hop_balanced_local_bs256_800r,20260914_202556_ogbn-papers100M_FedAvg_bs256_seed42_beta10000p0,ogbn-papers100M,FedAvg,256,42,10000.0,390,validation,0.2645,3.2273,0.2645,3.2273,1170,0.1072988510131836,0.1072988510131836,0.5287606716156006,0.6360595226287842,250.03014397621155,0.5287606716156006,0.6360595226287842,250.03014397621155
nc_papers100m_195trainer_0hop_balanced_local_bs256_800r,20260914_202556_ogbn-papers100M_FedAvg_bs256_seed42_beta10000p0,ogbn-papers100M,FedAvg,256,42,10000.0,391,validation,0.2651,3.2261,0.2651,3.2261,1173,0.10832977294921875,0.10832977294921875,0.5410254001617432,0.6493551731109619,250.6794991493225,0.5410254001617432,0.6493551731109619,250.6794991493225
nc_papers100m_195trainer_0hop_balanced_local_bs256_800r,20260914_202556_ogbn-papers100M_FedAvg_bs256_seed42_beta10000p0,ogbn-papers100M,FedAvg,256,42,10000.0,392,validation,0.265,3.2246,0.265,3.2246,1176,0.10843515396118164,0.10843515396118164,0.5262038707733154,0.6346390247344971,251.314138174057,0.5262038707733154,0.6346390247344971,251.314138174057
nc_papers100m_195trainer_0hop_balanced_local_bs256_800r,20260914_202556_ogbn-papers100M_FedAvg_bs256_seed42_beta10000p0,ogbn-papers100M,FedAvg,256,42,10000.0,393,validation,0.2653,3.2231,0.2653,3.2231,1179,0.10968995094299316,0.10968995094299316,0.530540943145752,0.6402308940887451,251.95436906814575,0.530540943145752,0.6402308940887451,251.95436906814575
nc_papers100m_195trainer_0hop_balanced_local_bs256_800r,20260914_202556_ogbn-papers100M_FedAvg_bs256_seed42_beta10000p0,ogbn-papers100M,FedAvg,256,42,10000.0,394,validation,0.2653,3.2214,0.2653,3.2214,1182,0.10828328132629395,0.10828328132629395,0.5373444557189941,0.6456277370452881,252.59999680519104,0.5373444557189941,0.6456277370452881,252.59999680519104
nc_papers100m_195trainer_0hop_balanced_local_bs256_800r,20260914_202556_ogbn-papers100M_FedAvg_bs256_seed42_beta10000p0,ogbn-papers100M,FedAvg,256,42,10000.0,395,validation,0.2653,3.22,0.2653,3.22,1185,0.10872697830200195,0.10872697830200195,0.5241608619689941,0.6328878402709961,253.23288464546204,0.5241608619689941,0.6328878402709961,253.23288464546204
nc_papers100m_195trainer_0hop_balanced_local_bs256_800r,20260914_202556_ogbn-papers100M_FedAvg_bs256_seed42_beta10000p0,ogbn-papers100M,FedAvg,256,42,10000.0,396,validation,0.2657,3.2182,0.2657,3.2182,1188,0.11444544792175293,0.11444544792175293,0.5206127166748047,0.6350581645965576,253.8679428100586,0.5206127166748047,0.6350581645965576,253.8679428100586
nc_papers100m_195trainer_0hop_balanced_local_bs256_800r,20260914_202556_ogbn-papers100M_FedAvg_bs256_seed42_beta10000p0,ogbn-papers100M,FedAvg,256,42,10000.0,397,validation,0.266,3.217,0.266,3.217,1191,0.11018800735473633,0.11018800735473633,0.5497074127197266,0.6598954200744629,254.52783823013306,0.5497074127197266,0.6598954200744629,254.52783823013306
nc_papers100m_195trainer_0hop_balanced_local_bs256_800r,20260914_202556_ogbn-papers100M_FedAvg_bs256_seed42_beta10000p0,ogbn-papers100M,FedAvg,256,42,10000.0,398,validation,0.2662,3.2156,0.2662,3.2156,1194,0.11269593238830566,0.11269593238830566,0.5321192741394043,0.64481520652771,255.17265343666077,0.5321192741394043,0.64481520652771,255.17265343666077
nc_papers100m_195trainer_0hop_balanced_local_bs256_800r,20260914_202556_ogbn-papers100M_FedAvg_bs256_seed42_beta10000p0,ogbn-papers100M,FedAvg,256,42,10000.0,399,validation,0.2663,3.2141,0.2663,3.2141,1197,0.10643815994262695,0.10643815994262695,0.5286345481872559,0.6350727081298828,255.80772614479065,0.5286345481872559,0.6350727081298828,255.80772614479065
nc_papers100m_195trainer_0hop_balanced_local_bs256_800r,20260914_202556_ogbn-papers100M_FedAvg_bs256_seed42_beta10000p0,ogbn-papers100M,FedAvg,256,42,10000.0,400,validation,0.2666,3.2127,0.2666,3.2127,1200,0.10613846778869629,0.10613846778869629,0.5347964763641357,0.640934944152832,256.4486610889435,0.5347964763641357,0.640934944152832,256.4486610889435
nc_papers100m_195trainer_0hop_balanced_local_bs256_800r,20260914_202556_ogbn-papers100M_FedAvg_bs256_seed42_beta10000p0,ogbn-papers100M,FedAvg,256,42,10000.0,401,validation,0.2667,3.2114,0.2667,3.2114,1203,0.10740947723388672,0.10740947723388672,0.5284061431884766,0.6358156204223633,257.08447670936584,0.5284061431884766,0.6358156204223633,257.08447670936584
nc_papers100m_195trainer_0hop_balanced_local_bs256_800r,20260914_202556_ogbn-papers100M_FedAvg_bs256_seed42_beta10000p0,ogbn-papers100M,FedAvg,256,42,10000.0,402,validation,0.267,3.2099,0.267,3.2099,1206,0.10873603820800781,0.10873603820800781,0.5284786224365234,0.6372146606445312,257.7216913700104,0.5284786224365234,0.6372146606445312,257.7216913700104
nc_papers100m_195trainer_0hop_balanced_local_bs256_800r,20260914_202556_ogbn-papers100M_FedAvg_bs256_seed42_beta10000p0,ogbn-papers100M,FedAvg,256,42,10000.0,403,validation,0.267,3.2085,0.267,3.2085,1209,0.11406779289245605,0.11406779289245605,0.5148534774780273,0.6289212703704834,258.35061264038086,0.5148534774780273,0.6289212703704834,258.35061264038086
nc_papers100m_195trainer_0hop_balanced_local_bs256_800r,20260914_202556_ogbn-papers100M_FedAvg_bs256_seed42_beta10000p0,ogbn-papers100M,FedAvg,256,42,10000.0,404,validation,0.2669,3.207,0.2669,3.207,1212,0.10794520378112793,0.10794520378112793,0.5290513038635254,0.6369965076446533,258.9876091480255,0.5290513038635254,0.6369965076446533,258.9876091480255
nc_papers100m_195trainer_0hop_balanced_local_bs256_800r,20260914_202556_ogbn-papers100M_FedAvg_bs256_seed42_beta10000p0,ogbn-papers100M,FedAvg,256,42,10000.0,405,validation,0.2671,3.2058,0.2671,3.2058,1215,0.10729193687438965,0.10729193687438965,0.5216424465179443,0.628934383392334,259.61654353141785,0.5216424465179443,0.628934383392334,259.61654353141785
nc_papers100m_195trainer_0hop_balanced_local_bs256_800r,20260914_202556_ogbn-papers100M_FedAvg_bs256_seed42_beta10000p0,ogbn-papers100M,FedAvg,256,42,10000.0,406,validation,0.2675,3.2045,0.2675,3.2045,1218,0.1107337474822998,0.1107337474822998,0.5307743549346924,0.6415081024169922,260.25805163383484,0.5307743549346924,0.6415081024169922,260.25805163383484
nc_papers100m_195trainer_0hop_balanced_local_bs256_800r,20260914_202556_ogbn-papers100M_FedAvg_bs256_seed42_beta10000p0,ogbn-papers100M,FedAvg,256,42,10000.0,407,validation,0.2676,3.2031,0.2676,3.2031,1221,0.10888862609863281,0.10888862609863281,0.5360045433044434,0.6448931694030762,260.9029448032379,0.5360045433044434,0.6448931694030762,260.9029448032379
nc_papers100m_195trainer_0hop_balanced_local_bs256_800r,20260914_202556_ogbn-papers100M_FedAvg_bs256_seed42_beta10000p0,ogbn-papers100M,FedAvg,256,42,10000.0,408,validation,0.2678,3.2017,0.2678,3.2017,1224,0.10924744606018066,0.10924744606018066,0.5328354835510254,0.642082929611206,261.5450277328491,0.5328354835510254,0.642082929611206,261.5450277328491
nc_papers100m_195trainer_0hop_balanced_local_bs256_800r,20260914_202556_ogbn-papers100M_FedAvg_bs256_seed42_beta10000p0,ogbn-papers100M,FedAvg,256,42,10000.0,409,validation,0.2682,3.2002,0.2682,3.2002,1227,0.10960102081298828,0.10960102081298828,0.5164608955383301,0.6260619163513184,262.17108964920044,0.5164608955383301,0.6260619163513184,262.17108964920044
nc_papers100m_195trainer_0hop_balanced_local_bs256_800r,20260914_202556_ogbn-papers100M_FedAvg_bs256_seed42_beta10000p0,ogbn-papers100M,FedAvg,256,42,10000.0,410,validation,0.2682,3.1988,0.2682,3.1988,1230,0.11158514022827148,0.11158514022827148,0.5320529937744141,0.6436381340026855,262.8147277832031,0.5320529937744141,0.6436381340026855,262.8147277832031
nc_papers100m_195trainer_0hop_balanced_local_bs256_800r,20260914_202556_ogbn-papers100M_FedAvg_bs256_seed42_beta10000p0,ogbn-papers100M,FedAvg,256,42,10000.0,411,validation,0.2684,3.1976,0.2684,3.1976,1233,0.10972738265991211,0.10972738265991211,0.5848851203918457,0.6946125030517578,263.5093402862549,0.5848851203918457,0.6946125030517578,263.5093402862549
nc_papers100m_195trainer_0hop_balanced_local_bs256_800r,20260914_202556_ogbn-papers100M_FedAvg_bs256_seed42_beta10000p0,ogbn-papers100M,FedAvg,256,42,10000.0,412,validation,0.2688,3.1963,0.2688,3.1963,1236,0.10950636863708496,0.10950636863708496,0.5232193470001221,0.632725715637207,264.1420660018921,0.5232193470001221,0.632725715637207,264.1420660018921
nc_papers100m_195trainer_0hop_balanced_local_bs256_800r,20260914_202556_ogbn-papers100M_FedAvg_bs256_seed42_beta10000p0,ogbn-papers100M,FedAvg,256,42,10000.0,413,validation,0.2687,3.1949,0.2687,3.1949,1239,0.10987186431884766,0.10987186431884766,0.5227742195129395,0.6326460838317871,264.7747120857239,0.5227742195129395,0.6326460838317871,264.7747120857239
nc_papers100m_195trainer_0hop_balanced_local_bs256_800r,20260914_202556_ogbn-papers100M_FedAvg_bs256_seed42_beta10000p0,ogbn-papers100M,FedAvg,256,42,10000.0,414,validation,0.2689,3.1934,0.2689,3.1934,1242,0.10785651206970215,0.10785651206970215,0.5250945091247559,0.632951021194458,265.40766310691833,0.5250945091247559,0.632951021194458,265.40766310691833
nc_papers100m_195trainer_0hop_balanced_local_bs256_800r,20260914_202556_ogbn-papers100M_FedAvg_bs256_seed42_beta10000p0,ogbn-papers100M,FedAvg,256,42,10000.0,415,validation,0.269,3.1923,0.269,3.1923,1245,0.10770845413208008,0.10770845413208008,0.5204901695251465,0.6281986236572266,266.03586173057556,0.5204901695251465,0.6281986236572266,266.03586173057556
nc_papers100m_195trainer_0hop_balanced_local_bs256_800r,20260914_202556_ogbn-papers100M_FedAvg_bs256_seed42_beta10000p0,ogbn-papers100M,FedAvg,256,42,10000.0,416,validation,0.269,3.1908,0.269,3.1908,1248,0.10834693908691406,0.10834693908691406,0.5279428958892822,0.6362898349761963,266.67215156555176,0.5279428958892822,0.6362898349761963,266.67215156555176
nc_papers100m_195trainer_0hop_balanced_local_bs256_800r,20260914_202556_ogbn-papers100M_FedAvg_bs256_seed42_beta10000p0,ogbn-papers100M,FedAvg,256,42,10000.0,417,validation,0.2693,3.1893,0.2693,3.1893,1251,0.10782432556152344,0.10782432556152344,0.5324463844299316,0.6402707099914551,267.3124222755432,0.5324463844299316,0.6402707099914551,267.3124222755432
nc_papers100m_195trainer_0hop_balanced_local_bs256_800r,20260914_202556_ogbn-papers100M_FedAvg_bs256_seed42_beta10000p0,ogbn-papers100M,FedAvg,256,42,10000.0,418,validation,0.2695,3.1882,0.2695,3.1882,1254,0.1080482006072998,0.1080482006072998,0.5271403789520264,0.6351885795593262,267.94761085510254,0.5271403789520264,0.6351885795593262,267.94761085510254
nc_papers100m_195trainer_0hop_balanced_local_bs256_800r,20260914_202556_ogbn-papers100M_FedAvg_bs256_seed42_beta10000p0,ogbn-papers100M,FedAvg,256,42,10000.0,419,validation,0.2698,3.1867,0.2698,3.1867,1257,0.11023068428039551,0.11023068428039551,0.5239436626434326,0.6341743469238281,268.58178520202637,0.5239436626434326,0.6341743469238281,268.58178520202637
nc_papers100m_195trainer_0hop_balanced_local_bs256_800r,20260914_202556_ogbn-papers100M_FedAvg_bs256_seed42_beta10000p0,ogbn-papers100M,FedAvg,256,42,10000.0,420,validation,0.2696,3.1853,0.2696,3.1853,1260,0.1088106632232666,0.1088106632232666,0.5332493782043457,0.6420600414276123,269.223845243454,0.5332493782043457,0.6420600414276123,269.223845243454
nc_papers100m_195trainer_0hop_balanced_local_bs256_800r,20260914_202556_ogbn-papers100M_FedAvg_bs256_seed42_beta10000p0,ogbn-papers100M,FedAvg,256,42,10000.0,421,validation,0.2698,3.1841,0.2698,3.1841,1263,0.10657954216003418,0.10657954216003418,0.5306098461151123,0.6371893882751465,269.8610346317291,0.5306098461151123,0.6371893882751465,269.8610346317291
nc_papers100m_195trainer_0hop_balanced_local_bs256_800r,20260914_202556_ogbn-papers100M_FedAvg_bs256_seed42_beta10000p0,ogbn-papers100M,FedAvg,256,42,10000.0,422,validation,0.2699,3.1832,0.2699,3.1832,1266,0.10601234436035156,0.10601234436035156,0.5213873386383057,0.6273996829986572,270.4884343147278,0.5213873386383057,0.6273996829986572,270.4884343147278
nc_papers100m_195trainer_0hop_balanced_local_bs256_800r,20260914_202556_ogbn-papers100M_FedAvg_bs256_seed42_beta10000p0,ogbn-papers100M,FedAvg,256,42,10000.0,423,validation,0.27,3.1818,0.27,3.1818,1269,0.10951924324035645,0.10951924324035645,0.5290622711181641,0.6385815143585205,271.1270158290863,0.5290622711181641,0.6385815143585205,271.1270158290863
nc_papers100m_195trainer_0hop_balanced_local_bs256_800r,20260914_202556_ogbn-papers100M_FedAvg_bs256_seed42_beta10000p0,ogbn-papers100M,FedAvg,256,42,10000.0,424,validation,0.2701,3.1807,0.2701,3.1807,1272,0.10744214057922363,0.10744214057922363,0.5300896167755127,0.6375317573547363,271.76454758644104,0.5300896167755127,0.6375317573547363,271.76454758644104
nc_papers100m_195trainer_0hop_balanced_local_bs256_800r,20260914_202556_ogbn-papers100M_FedAvg_bs256_seed42_beta10000p0,ogbn-papers100M,FedAvg,256,42,10000.0,425,validation,0.2703,3.179,0.2703,3.179,1275,0.10823750495910645,0.10823750495910645,0.5349578857421875,0.643195390701294,272.40774297714233,0.5349578857421875,0.643195390701294,272.40774297714233
nc_papers100m_195trainer_0hop_balanced_local_bs256_800r,20260914_202556_ogbn-papers100M_FedAvg_bs256_seed42_beta10000p0,ogbn-papers100M,FedAvg,256,42,10000.0,426,validation,0.2705,3.1776,0.2705,3.1776,1278,0.1082308292388916,0.1082308292388916,0.5234894752502441,0.6317203044891357,273.03946328163147,0.5234894752502441,0.6317203044891357,273.03946328163147
nc_papers100m_195trainer_0hop_balanced_local_bs256_800r,20260914_202556_ogbn-papers100M_FedAvg_bs256_seed42_beta10000p0,ogbn-papers100M,FedAvg,256,42,10000.0,427,validation,0.2707,3.176,0.2707,3.176,1281,0.10607695579528809,0.10607695579528809,0.5292372703552246,0.6353142261505127,273.674777507782,0.5292372703552246,0.6353142261505127,273.674777507782
nc_papers100m_195trainer_0hop_balanced_local_bs256_800r,20260914_202556_ogbn-papers100M_FedAvg_bs256_seed42_beta10000p0,ogbn-papers100M,FedAvg,256,42,10000.0,428,validation,0.2711,3.1746,0.2711,3.1746,1284,0.10793399810791016,0.10793399810791016,0.5247366428375244,0.6326706409454346,274.3074481487274,0.5247366428375244,0.6326706409454346,274.3074481487274
nc_papers100m_195trainer_0hop_balanced_local_bs256_800r,20260914_202556_ogbn-papers100M_FedAvg_bs256_seed42_beta10000p0,ogbn-papers100M,FedAvg,256,42,10000.0,429,validation,0.2712,3.1728,0.2712,3.1728,1287,0.1089165210723877,0.1089165210723877,0.5260739326477051,0.6349904537200928,274.9424386024475,0.5260739326477051,0.6349904537200928,274.9424386024475
nc_papers100m_195trainer_0hop_balanced_local_bs256_800r,20260914_202556_ogbn-papers100M_FedAvg_bs256_seed42_beta10000p0,ogbn-papers100M,FedAvg,256,42,10000.0,430,validation,0.2715,3.1716,0.2715,3.1716,1290,0.10858678817749023,0.10858678817749023,0.5291612148284912,0.6377480030059814,275.5801866054535,0.5291612148284912,0.6377480030059814,275.5801866054535
nc_papers100m_195trainer_0hop_balanced_local_bs256_800r,20260914_202556_ogbn-papers100M_FedAvg_bs256_seed42_beta10000p0,ogbn-papers100M,FedAvg,256,42,10000.0,431,validation,0.2716,3.1704,0.2716,3.1704,1293,0.11037588119506836,0.11037588119506836,0.5252604484558105,0.6356363296508789,276.21582293510437,0.5252604484558105,0.6356363296508789,276.21582293510437
nc_papers100m_195trainer_0hop_balanced_local_bs256_800r,20260914_202556_ogbn-papers100M_FedAvg_bs256_seed42_beta10000p0,ogbn-papers100M,FedAvg,256,42,10000.0,432,validation,0.272,3.169,0.272,3.169,1296,0.10975432395935059,0.10975432395935059,0.5189101696014404,0.628664493560791,276.84448742866516,0.5189101696014404,0.628664493560791,276.84448742866516
nc_papers100m_195trainer_0hop_balanced_local_bs256_800r,20260914_202556_ogbn-papers100M_FedAvg_bs256_seed42_beta10000p0,ogbn-papers100M,FedAvg,256,42,10000.0,433,validation,0.2721,3.1678,0.2721,3.1678,1299,0.10858726501464844,0.10858726501464844,0.5240335464477539,0.6326208114624023,277.47710824012756,0.5240335464477539,0.6326208114624023,277.47710824012756
nc_papers100m_195trainer_0hop_balanced_local_bs256_800r,20260914_202556_ogbn-papers100M_FedAvg_bs256_seed42_beta10000p0,ogbn-papers100M,FedAvg,256,42,10000.0,434,validation,0.2721,3.1665,0.2721,3.1665,1302,0.11304426193237305,0.11304426193237305,0.5302455425262451,0.6432898044586182,278.1203980445862,0.5302455425262451,0.6432898044586182,278.1203980445862
nc_papers100m_195trainer_0hop_balanced_local_bs256_800r,20260914_202556_ogbn-papers100M_FedAvg_bs256_seed42_beta10000p0,ogbn-papers100M,FedAvg,256,42,10000.0,435,validation,0.2725,3.1654,0.2725,3.1654,1305,0.10741925239562988,0.10741925239562988,0.5142323970794678,0.6216516494750977,278.7420496940613,0.5142323970794678,0.6216516494750977,278.7420496940613
nc_papers100m_195trainer_0hop_balanced_local_bs256_800r,20260914_202556_ogbn-papers100M_FedAvg_bs256_seed42_beta10000p0,ogbn-papers100M,FedAvg,256,42,10000.0,436,validation,0.2724,3.1642,0.2724,3.1642,1308,0.11203551292419434,0.11203551292419434,0.5244262218475342,0.6364617347717285,279.378511428833,0.5244262218475342,0.6364617347717285,279.378511428833
nc_papers100m_195trainer_0hop_balanced_local_bs256_800r,20260914_202556_ogbn-papers100M_FedAvg_bs256_seed42_beta10000p0,ogbn-papers100M,FedAvg,256,42,10000.0,437,validation,0.2726,3.1633,0.2726,3.1633,1311,0.10625267028808594,0.10625267028808594,0.5346229076385498,0.6408755779266357,280.01938700675964,0.5346229076385498,0.6408755779266357,280.01938700675964
nc_papers100m_195trainer_0hop_balanced_local_bs256_800r,20260914_202556_ogbn-papers100M_FedAvg_bs256_seed42_beta10000p0,ogbn-papers100M,FedAvg,256,42,10000.0,438,validation,0.2728,3.1622,0.2728,3.1622,1314,0.10737276077270508,0.10737276077270508,0.5175461769104004,0.6249189376831055,280.64430594444275,0.5175461769104004,0.6249189376831055,280.64430594444275
nc_papers100m_195trainer_0hop_balanced_local_bs256_800r,20260914_202556_ogbn-papers100M_FedAvg_bs256_seed42_beta10000p0,ogbn-papers100M,FedAvg,256,42,10000.0,439,validation,0.2729,3.1608,0.2729,3.1608,1317,0.10723114013671875,0.10723114013671875,0.532515287399292,0.6397464275360107,281.28405237197876,0.532515287399292,0.6397464275360107,281.28405237197876
nc_papers100m_195trainer_0hop_balanced_local_bs256_800r,20260914_202556_ogbn-papers100M_FedAvg_bs256_seed42_beta10000p0,ogbn-papers100M,FedAvg,256,42,10000.0,440,validation,0.2732,3.1594,0.2732,3.1594,1320,0.11066126823425293,0.11066126823425293,0.5257277488708496,0.6363890171051025,281.92044138908386,0.5257277488708496,0.6363890171051025,281.92044138908386
nc_papers100m_195trainer_0hop_balanced_local_bs256_800r,20260914_202556_ogbn-papers100M_FedAvg_bs256_seed42_beta10000p0,ogbn-papers100M,FedAvg,256,42,10000.0,441,validation,0.2733,3.1581,0.2733,3.1581,1323,0.11184334754943848,0.11184334754943848,0.528937816619873,0.6407811641693115,282.5612225532532,0.528937816619873,0.6407811641693115,282.5612225532532
nc_papers100m_195trainer_0hop_balanced_local_bs256_800r,20260914_202556_ogbn-papers100M_FedAvg_bs256_seed42_beta10000p0,ogbn-papers100M,FedAvg,256,42,10000.0,442,validation,0.2734,3.1569,0.2734,3.1569,1326,0.1097264289855957,0.1097264289855957,0.5186033248901367,0.6283297538757324,283.1895523071289,0.5186033248901367,0.6283297538757324,283.1895523071289
nc_papers100m_195trainer_0hop_balanced_local_bs256_800r,20260914_202556_ogbn-papers100M_FedAvg_bs256_seed42_beta10000p0,ogbn-papers100M,FedAvg,256,42,10000.0,443,validation,0.2733,3.156,0.2733,3.156,1329,0.10769891738891602,0.10769891738891602,0.5211482048034668,0.6288471221923828,283.8183994293213,0.5211482048034668,0.6288471221923828,283.8183994293213
nc_papers100m_195trainer_0hop_balanced_local_bs256_800r,20260914_202556_ogbn-papers100M_FedAvg_bs256_seed42_beta10000p0,ogbn-papers100M,FedAvg,256,42,10000.0,444,validation,0.2737,3.1547,0.2737,3.1547,1332,0.10734438896179199,0.10734438896179199,0.5298750400543213,0.6372194290161133,284.4556188583374,0.5298750400543213,0.6372194290161133,284.4556188583374
nc_papers100m_195trainer_0hop_balanced_local_bs256_800r,20260914_202556_ogbn-papers100M_FedAvg_bs256_seed42_beta10000p0,ogbn-papers100M,FedAvg,256,42,10000.0,445,validation,0.2739,3.1534,0.2739,3.1534,1335,0.10810279846191406,0.10810279846191406,0.5131521224975586,0.6212549209594727,285.0768737792969,0.5131521224975586,0.6212549209594727,285.0768737792969
nc_papers100m_195trainer_0hop_balanced_local_bs256_800r,20260914_202556_ogbn-papers100M_FedAvg_bs256_seed42_beta10000p0,ogbn-papers100M,FedAvg,256,42,10000.0,446,validation,0.2741,3.1518,0.2741,3.1518,1338,0.11123418807983398,0.11123418807983398,0.5231113433837891,0.634345531463623,285.7112193107605,0.5231113433837891,0.634345531463623,285.7112193107605
nc_papers100m_195trainer_0hop_balanced_local_bs256_800r,20260914_202556_ogbn-papers100M_FedAvg_bs256_seed42_beta10000p0,ogbn-papers100M,FedAvg,256,42,10000.0,447,validation,0.2742,3.1507,0.2742,3.1507,1341,0.10836935043334961,0.10836935043334961,0.5282297134399414,0.636599063873291,286.3478183746338,0.5282297134399414,0.636599063873291,286.3478183746338
nc_papers100m_195trainer_0hop_balanced_local_bs256_800r,20260914_202556_ogbn-papers100M_FedAvg_bs256_seed42_beta10000p0,ogbn-papers100M,FedAvg,256,42,10000.0,448,validation,0.2745,3.1494,0.2745,3.1494,1344,0.10578560829162598,0.10578560829162598,0.5262665748596191,0.6320521831512451,286.97987055778503,0.5262665748596191,0.6320521831512451,286.97987055778503
nc_papers100m_195trainer_0hop_balanced_local_bs256_800r,20260914_202556_ogbn-papers100M_FedAvg_bs256_seed42_beta10000p0,ogbn-papers100M,FedAvg,256,42,10000.0,449,validation,0.2743,3.1482,0.2743,3.1482,1347,0.1106417179107666,0.1106417179107666,0.5202240943908691,0.6308658123016357,287.61073637008667,0.5202240943908691,0.6308658123016357,287.61073637008667
nc_papers100m_195trainer_0hop_balanced_local_bs256_800r,20260914_202556_ogbn-papers100M_FedAvg_bs256_seed42_beta10000p0,ogbn-papers100M,FedAvg,256,42,10000.0,450,validation,0.2746,3.1468,0.2746,3.1468,1350,0.10762596130371094,0.10762596130371094,0.5309901237487793,0.6386160850524902,288.24935245513916,0.5309901237487793,0.6386160850524902,288.24935245513916
nc_papers100m_195trainer_0hop_balanced_local_bs256_800r,20260914_202556_ogbn-papers100M_FedAvg_bs256_seed42_beta10000p0,ogbn-papers100M,FedAvg,256,42,10000.0,451,validation,0.2752,3.1458,0.2752,3.1458,1353,0.10815978050231934,0.10815978050231934,0.5271060466766357,0.6352658271789551,288.8846182823181,0.5271060466766357,0.6352658271789551,288.8846182823181
nc_papers100m_195trainer_0hop_balanced_local_bs256_800r,20260914_202556_ogbn-papers100M_FedAvg_bs256_seed42_beta10000p0,ogbn-papers100M,FedAvg,256,42,10000.0,452,validation,0.2754,3.1442,0.2754,3.1442,1356,0.11592388153076172,0.11592388153076172,0.5130252838134766,0.6289491653442383,289.51356744766235,0.5130252838134766,0.6289491653442383,289.51356744766235
nc_papers100m_195trainer_0hop_balanced_local_bs256_800r,20260914_202556_ogbn-papers100M_FedAvg_bs256_seed42_beta10000p0,ogbn-papers100M,FedAvg,256,42,10000.0,453,validation,0.2754,3.1428,0.2754,3.1428,1359,0.11100625991821289,0.11100625991821289,0.5524132251739502,0.6634194850921631,290.1769869327545,0.5524132251739502,0.6634194850921631,290.1769869327545
nc_papers100m_195trainer_0hop_balanced_local_bs256_800r,20260914_202556_ogbn-papers100M_FedAvg_bs256_seed42_beta10000p0,ogbn-papers100M,FedAvg,256,42,10000.0,454,validation,0.2755,3.1415,0.2755,3.1415,1362,0.10819554328918457,0.10819554328918457,0.5227086544036865,0.6309041976928711,290.8078911304474,0.5227086544036865,0.6309041976928711,290.8078911304474
nc_papers100m_195trainer_0hop_balanced_local_bs256_800r,20260914_202556_ogbn-papers100M_FedAvg_bs256_seed42_beta10000p0,ogbn-papers100M,FedAvg,256,42,10000.0,455,validation,0.2756,3.1402,0.2756,3.1402,1365,0.10653138160705566,0.10653138160705566,0.5263457298278809,0.6328771114349365,291.4407682418823,0.5263457298278809,0.6328771114349365,291.4407682418823
nc_papers100m_195trainer_0hop_balanced_local_bs256_800r,20260914_202556_ogbn-papers100M_FedAvg_bs256_seed42_beta10000p0,ogbn-papers100M,FedAvg,256,42,10000.0,456,validation,0.2758,3.1392,0.2758,3.1392,1368,0.11097979545593262,0.11097979545593262,0.5208468437194824,0.631826639175415,292.07259488105774,0.5208468437194824,0.631826639175415,292.07259488105774
nc_papers100m_195trainer_0hop_balanced_local_bs256_800r,20260914_202556_ogbn-papers100M_FedAvg_bs256_seed42_beta10000p0,ogbn-papers100M,FedAvg,256,42,10000.0,457,validation,0.276,3.1382,0.276,3.1382,1371,0.11055660247802734,0.11055660247802734,0.530404806137085,0.6409614086151123,292.71355628967285,0.530404806137085,0.6409614086151123,292.71355628967285
nc_papers100m_195trainer_0hop_balanced_local_bs256_800r,20260914_202556_ogbn-papers100M_FedAvg_bs256_seed42_beta10000p0,ogbn-papers100M,FedAvg,256,42,10000.0,458,validation,0.276,3.1375,0.276,3.1375,1374,0.10850644111633301,0.10850644111633301,0.524791955947876,0.633298397064209,293.34685468673706,0.524791955947876,0.633298397064209,293.34685468673706
nc_papers100m_195trainer_0hop_balanced_local_bs256_800r,20260914_202556_ogbn-papers100M_FedAvg_bs256_seed42_beta10000p0,ogbn-papers100M,FedAvg,256,42,10000.0,459,validation,0.2762,3.1361,0.2762,3.1361,1377,0.10620975494384766,0.10620975494384766,0.5177481174468994,0.6239578723907471,293.9708125591278,0.5177481174468994,0.6239578723907471,293.9708125591278
nc_papers100m_195trainer_0hop_balanced_local_bs256_800r,20260914_202556_ogbn-papers100M_FedAvg_bs256_seed42_beta10000p0,ogbn-papers100M,FedAvg,256,42,10000.0,460,validation,0.2763,3.1349,0.2763,3.1349,1380,0.10750102996826172,0.10750102996826172,0.5322480201721191,0.6397490501403809,294.6105616092682,0.5322480201721191,0.6397490501403809,294.6105616092682
nc_papers100m_195trainer_0hop_balanced_local_bs256_800r,20260914_202556_ogbn-papers100M_FedAvg_bs256_seed42_beta10000p0,ogbn-papers100M,FedAvg,256,42,10000.0,461,validation,0.2765,3.1335,0.2765,3.1335,1383,0.10661435127258301,0.10661435127258301,0.5280349254608154,0.6346492767333984,295.2452108860016,0.5280349254608154,0.6346492767333984,295.2452108860016
nc_papers100m_195trainer_0hop_balanced_local_bs256_800r,20260914_202556_ogbn-papers100M_FedAvg_bs256_seed42_beta10000p0,ogbn-papers100M,FedAvg,256,42,10000.0,462,validation,0.2763,3.1328,0.2763,3.1328,1386,0.11346793174743652,0.11346793174743652,0.5268371105194092,0.6403050422668457,295.88551592826843,0.5268371105194092,0.6403050422668457,295.88551592826843
nc_papers100m_195trainer_0hop_balanced_local_bs256_800r,20260914_202556_ogbn-papers100M_FedAvg_bs256_seed42_beta10000p0,ogbn-papers100M,FedAvg,256,42,10000.0,463,validation,0.2767,3.1316,0.2767,3.1316,1389,0.11426591873168945,0.11426591873168945,0.5250279903411865,0.639293909072876,296.5248098373413,0.5250279903411865,0.639293909072876,296.5248098373413
nc_papers100m_195trainer_0hop_balanced_local_bs256_800r,20260914_202556_ogbn-papers100M_FedAvg_bs256_seed42_beta10000p0,ogbn-papers100M,FedAvg,256,42,10000.0,464,validation,0.277,3.1305,0.277,3.1305,1392,0.11090803146362305,0.11090803146362305,0.5267355442047119,0.637643575668335,297.16245341300964,0.5267355442047119,0.637643575668335,297.16245341300964
nc_papers100m_195trainer_0hop_balanced_local_bs256_800r,20260914_202556_ogbn-papers100M_FedAvg_bs256_seed42_beta10000p0,ogbn-papers100M,FedAvg,256,42,10000.0,465,validation,0.2773,3.1292,0.2773,3.1292,1395,0.10780096054077148,0.10780096054077148,0.5239696502685547,0.6317706108093262,297.79422402381897,0.5239696502685547,0.6317706108093262,297.79422402381897
nc_papers100m_195trainer_0hop_balanced_local_bs256_800r,20260914_202556_ogbn-papers100M_FedAvg_bs256_seed42_beta10000p0,ogbn-papers100M,FedAvg,256,42,10000.0,466,validation,0.2776,3.1279,0.2776,3.1279,1398,0.10624170303344727,0.10624170303344727,0.5210525989532471,0.6272943019866943,298.42151832580566,0.5210525989532471,0.6272943019866943,298.42151832580566
nc_papers100m_195trainer_0hop_balanced_local_bs256_800r,20260914_202556_ogbn-papers100M_FedAvg_bs256_seed42_beta10000p0,ogbn-papers100M,FedAvg,256,42,10000.0,467,validation,0.2775,3.1267,0.2775,3.1267,1401,0.10857224464416504,0.10857224464416504,0.5527122020721436,0.6612844467163086,299.082802772522,0.5527122020721436,0.6612844467163086,299.082802772522
nc_papers100m_195trainer_0hop_balanced_local_bs256_800r,20260914_202556_ogbn-papers100M_FedAvg_bs256_seed42_beta10000p0,ogbn-papers100M,FedAvg,256,42,10000.0,468,validation,0.2776,3.1258,0.2776,3.1258,1404,0.10849308967590332,0.10849308967590332,0.5244402885437012,0.6329333782196045,299.7157361507416,0.5244402885437012,0.6329333782196045,299.7157361507416
nc_papers100m_195trainer_0hop_balanced_local_bs256_800r,20260914_202556_ogbn-papers100M_FedAvg_bs256_seed42_beta10000p0,ogbn-papers100M,FedAvg,256,42,10000.0,469,validation,0.2778,3.1246,0.2778,3.1246,1407,0.10814905166625977,0.10814905166625977,0.5289144515991211,0.6370635032653809,300.35279965400696,0.5289144515991211,0.6370635032653809,300.35279965400696
nc_papers100m_195trainer_0hop_balanced_local_bs256_800r,20260914_202556_ogbn-papers100M_FedAvg_bs256_seed42_beta10000p0,ogbn-papers100M,FedAvg,256,42,10000.0,470,validation,0.2781,3.1235,0.2781,3.1235,1410,0.1078486442565918,0.1078486442565918,0.535912275314331,0.6437609195709229,300.9965605735779,0.535912275314331,0.6437609195709229,300.9965605735779
nc_papers100m_195trainer_0hop_balanced_local_bs256_800r,20260914_202556_ogbn-papers100M_FedAvg_bs256_seed42_beta10000p0,ogbn-papers100M,FedAvg,256,42,10000.0,471,validation,0.2779,3.1227,0.2779,3.1227,1413,0.10926628112792969,0.10926628112792969,0.5294313430786133,0.638697624206543,301.6352581977844,0.5294313430786133,0.638697624206543,301.6352581977844
nc_papers100m_195trainer_0hop_balanced_local_bs256_800r,20260914_202556_ogbn-papers100M_FedAvg_bs256_seed42_beta10000p0,ogbn-papers100M,FedAvg,256,42,10000.0,472,validation,0.2781,3.1217,0.2781,3.1217,1416,0.10538005828857422,0.10538005828857422,0.5230152606964111,0.6283953189849854,302.2636535167694,0.5230152606964111,0.6283953189849854,302.2636535167694
nc_papers100m_195trainer_0hop_balanced_local_bs256_800r,20260914_202556_ogbn-papers100M_FedAvg_bs256_seed42_beta10000p0,ogbn-papers100M,FedAvg,256,42,10000.0,473,validation,0.2784,3.1203,0.2784,3.1203,1419,0.10854554176330566,0.10854554176330566,0.530550479888916,0.6390960216522217,302.90274953842163,0.530550479888916,0.6390960216522217,302.90274953842163
nc_papers100m_195trainer_0hop_balanced_local_bs256_800r,20260914_202556_ogbn-papers100M_FedAvg_bs256_seed42_beta10000p0,ogbn-papers100M,FedAvg,256,42,10000.0,474,validation,0.2785,3.1189,0.2785,3.1189,1422,0.11005115509033203,0.11005115509033203,0.5280215740203857,0.6380727291107178,303.54082226753235,0.5280215740203857,0.6380727291107178,303.54082226753235
nc_papers100m_195trainer_0hop_balanced_local_bs256_800r,20260914_202556_ogbn-papers100M_FedAvg_bs256_seed42_beta10000p0,ogbn-papers100M,FedAvg,256,42,10000.0,475,validation,0.2789,3.1174,0.2789,3.1174,1425,0.11325383186340332,0.11325383186340332,0.5299696922302246,0.6432235240936279,304.184045791626,0.5299696922302246,0.6432235240936279,304.184045791626
nc_papers100m_195trainer_0hop_balanced_local_bs256_800r,20260914_202556_ogbn-papers100M_FedAvg_bs256_seed42_beta10000p0,ogbn-papers100M,FedAvg,256,42,10000.0,476,validation,0.2789,3.1161,0.2789,3.1161,1428,0.10630083084106445,0.10630083084106445,0.5347073078155518,0.6410081386566162,304.8250539302826,0.5347073078155518,0.6410081386566162,304.8250539302826
nc_papers100m_195trainer_0hop_balanced_local_bs256_800r,20260914_202556_ogbn-papers100M_FedAvg_bs256_seed42_beta10000p0,ogbn-papers100M,FedAvg,256,42,10000.0,477,validation,0.2791,3.1151,0.2791,3.1151,1431,0.1074838638305664,0.1074838638305664,0.5324733257293701,0.6399571895599365,305.46501111984253,0.5324733257293701,0.6399571895599365,305.46501111984253
nc_papers100m_195trainer_0hop_balanced_local_bs256_800r,20260914_202556_ogbn-papers100M_FedAvg_bs256_seed42_beta10000p0,ogbn-papers100M,FedAvg,256,42,10000.0,478,validation,0.2793,3.1138,0.2793,3.1138,1434,0.1108098030090332,0.1108098030090332,0.5231409072875977,0.6339507102966309,306.09896183013916,0.5231409072875977,0.6339507102966309,306.09896183013916
nc_papers100m_195trainer_0hop_balanced_local_bs256_800r,20260914_202556_ogbn-papers100M_FedAvg_bs256_seed42_beta10000p0,ogbn-papers100M,FedAvg,256,42,10000.0,479,validation,0.2794,3.1125,0.2794,3.1125,1437,0.10656857490539551,0.10656857490539551,0.5281527042388916,0.6347212791442871,306.73368310928345,0.5281527042388916,0.6347212791442871,306.73368310928345
nc_papers100m_195trainer_0hop_balanced_local_bs256_800r,20260914_202556_ogbn-papers100M_FedAvg_bs256_seed42_beta10000p0,ogbn-papers100M,FedAvg,256,42,10000.0,480,validation,0.2796,3.1115,0.2796,3.1115,1440,0.11314129829406738,0.11314129829406738,0.520275354385376,0.6334166526794434,307.3670997619629,0.520275354385376,0.6334166526794434,307.3670997619629
nc_papers100m_195trainer_0hop_balanced_local_bs256_800r,20260914_202556_ogbn-papers100M_FedAvg_bs256_seed42_beta10000p0,ogbn-papers100M,FedAvg,256,42,10000.0,481,validation,0.2796,3.1102,0.2796,3.1102,1443,0.10706377029418945,0.10706377029418945,0.5610888004302979,0.6681525707244873,308.0352523326874,0.5610888004302979,0.6681525707244873,308.0352523326874
nc_papers100m_195trainer_0hop_balanced_local_bs256_800r,20260914_202556_ogbn-papers100M_FedAvg_bs256_seed42_beta10000p0,ogbn-papers100M,FedAvg,256,42,10000.0,482,validation,0.2798,3.1093,0.2798,3.1093,1446,0.10649418830871582,0.10649418830871582,0.5163679122924805,0.6228621006011963,308.6581144332886,0.5163679122924805,0.6228621006011963,308.6581144332886
nc_papers100m_195trainer_0hop_balanced_local_bs256_800r,20260914_202556_ogbn-papers100M_FedAvg_bs256_seed42_beta10000p0,ogbn-papers100M,FedAvg,256,42,10000.0,483,validation,0.2799,3.1081,0.2799,3.1081,1449,0.10709571838378906,0.10709571838378906,0.5235681533813477,0.6306638717651367,309.2887783050537,0.5235681533813477,0.6306638717651367,309.2887783050537
nc_papers100m_195trainer_0hop_balanced_local_bs256_800r,20260914_202556_ogbn-papers100M_FedAvg_bs256_seed42_beta10000p0,ogbn-papers100M,FedAvg,256,42,10000.0,484,validation,0.28,3.1071,0.28,3.1071,1452,0.10692143440246582,0.10692143440246582,0.5260624885559082,0.632983922958374,309.9217622280121,0.5260624885559082,0.632983922958374,309.9217622280121
nc_papers100m_195trainer_0hop_balanced_local_bs256_800r,20260914_202556_ogbn-papers100M_FedAvg_bs256_seed42_beta10000p0,ogbn-papers100M,FedAvg,256,42,10000.0,485,validation,0.2803,3.1058,0.2803,3.1058,1455,0.10958456993103027,0.10958456993103027,0.5212087631225586,0.6307933330535889,310.5525555610657,0.5212087631225586,0.6307933330535889,310.5525555610657
nc_papers100m_195trainer_0hop_balanced_local_bs256_800r,20260914_202556_ogbn-papers100M_FedAvg_bs256_seed42_beta10000p0,ogbn-papers100M,FedAvg,256,42,10000.0,486,validation,0.2805,3.1051,0.2805,3.1051,1458,0.10721850395202637,0.10721850395202637,0.5225310325622559,0.6297495365142822,311.18230509757996,0.5225310325622559,0.6297495365142822,311.18230509757996
nc_papers100m_195trainer_0hop_balanced_local_bs256_800r,20260914_202556_ogbn-papers100M_FedAvg_bs256_seed42_beta10000p0,ogbn-papers100M,FedAvg,256,42,10000.0,487,validation,0.2804,3.1042,0.2804,3.1042,1461,0.10910463333129883,0.10910463333129883,0.5298213958740234,0.6389260292053223,311.8212311267853,0.5298213958740234,0.6389260292053223,311.8212311267853
nc_papers100m_195trainer_0hop_balanced_local_bs256_800r,20260914_202556_ogbn-papers100M_FedAvg_bs256_seed42_beta10000p0,ogbn-papers100M,FedAvg,256,42,10000.0,488,validation,0.2805,3.1033,0.2805,3.1033,1464,0.11010479927062988,0.11010479927062988,0.5260200500488281,0.636124849319458,312.45735597610474,0.5260200500488281,0.636124849319458,312.45735597610474
nc_papers100m_195trainer_0hop_balanced_local_bs256_800r,20260914_202556_ogbn-papers100M_FedAvg_bs256_seed42_beta10000p0,ogbn-papers100M,FedAvg,256,42,10000.0,489,validation,0.2807,3.1024,0.2807,3.1024,1467,0.10995888710021973,0.10995888710021973,0.5190620422363281,0.6290209293365479,313.0863769054413,0.5190620422363281,0.6290209293365479,313.0863769054413
nc_papers100m_195trainer_0hop_balanced_local_bs256_800r,20260914_202556_ogbn-papers100M_FedAvg_bs256_seed42_beta10000p0,ogbn-papers100M,FedAvg,256,42,10000.0,490,validation,0.2811,3.1011,0.2811,3.1011,1470,0.10978341102600098,0.10978341102600098,0.5307953357696533,0.6405787467956543,313.72695565223694,0.5307953357696533,0.6405787467956543,313.72695565223694
nc_papers100m_195trainer_0hop_balanced_local_bs256_800r,20260914_202556_ogbn-papers100M_FedAvg_bs256_seed42_beta10000p0,ogbn-papers100M,FedAvg,256,42,10000.0,491,validation,0.2812,3.1002,0.2812,3.1002,1473,0.11053299903869629,0.11053299903869629,0.5387024879455566,0.6492354869842529,314.3761911392212,0.5387024879455566,0.6492354869842529,314.3761911392212
nc_papers100m_195trainer_0hop_balanced_local_bs256_800r,20260914_202556_ogbn-papers100M_FedAvg_bs256_seed42_beta10000p0,ogbn-papers100M,FedAvg,256,42,10000.0,492,validation,0.2812,3.0991,0.2812,3.0991,1476,0.10747122764587402,0.10747122764587402,0.531261682510376,0.63873291015625,315.01492404937744,0.531261682510376,0.63873291015625,315.01492404937744
nc_papers100m_195trainer_0hop_balanced_local_bs256_800r,20260914_202556_ogbn-papers100M_FedAvg_bs256_seed42_beta10000p0,ogbn-papers100M,FedAvg,256,42,10000.0,493,validation,0.2814,3.0977,0.2814,3.0977,1479,0.10683155059814453,0.10683155059814453,0.5113184452056885,0.618149995803833,315.6330740451813,0.5113184452056885,0.618149995803833,315.6330740451813
nc_papers100m_195trainer_0hop_balanced_local_bs256_800r,20260914_202556_ogbn-papers100M_FedAvg_bs256_seed42_beta10000p0,ogbn-papers100M,FedAvg,256,42,10000.0,494,validation,0.2815,3.0967,0.2815,3.0967,1482,0.10738563537597656,0.10738563537597656,0.5336236953735352,0.6410093307495117,316.2740833759308,0.5336236953735352,0.6410093307495117,316.2740833759308
nc_papers100m_195trainer_0hop_balanced_local_bs256_800r,20260914_202556_ogbn-papers100M_FedAvg_bs256_seed42_beta10000p0,ogbn-papers100M,FedAvg,256,42,10000.0,495,validation,0.2817,3.0956,0.2817,3.0956,1485,0.11126565933227539,0.11126565933227539,0.5580024719238281,0.6692681312561035,316.9433515071869,0.5580024719238281,0.6692681312561035,316.9433515071869
nc_papers100m_195trainer_0hop_balanced_local_bs256_800r,20260914_202556_ogbn-papers100M_FedAvg_bs256_seed42_beta10000p0,ogbn-papers100M,FedAvg,256,42,10000.0,496,validation,0.2817,3.0946,0.2817,3.0946,1488,0.1077733039855957,0.1077733039855957,0.5158178806304932,0.6235911846160889,317.566942691803,0.5158178806304932,0.6235911846160889,317.566942691803
nc_papers100m_195trainer_0hop_balanced_local_bs256_800r,20260914_202556_ogbn-papers100M_FedAvg_bs256_seed42_beta10000p0,ogbn-papers100M,FedAvg,256,42,10000.0,497,validation,0.2819,3.0934,0.2819,3.0934,1491,0.10798478126525879,0.10798478126525879,0.5337395668029785,0.6417243480682373,318.2086670398712,0.5337395668029785,0.6417243480682373,318.2086670398712
nc_papers100m_195trainer_0hop_balanced_local_bs256_800r,20260914_202556_ogbn-papers100M_FedAvg_bs256_seed42_beta10000p0,ogbn-papers100M,FedAvg,256,42,10000.0,498,validation,0.2823,3.0923,0.2823,3.0923,1494,0.10682463645935059,0.10682463645935059,0.5242338180541992,0.6310584545135498,318.83972549438477,0.5242338180541992,0.6310584545135498,318.83972549438477
nc_papers100m_195trainer_0hop_balanced_local_bs256_800r,20260914_202556_ogbn-papers100M_FedAvg_bs256_seed42_beta10000p0,ogbn-papers100M,FedAvg,256,42,10000.0,499,validation,0.2824,3.0911,0.2824,3.0911,1497,0.1055762767791748,0.1055762767791748,0.5111377239227295,0.6167140007019043,319.45643949508667,0.5111377239227295,0.6167140007019043,319.45643949508667
nc_papers100m_195trainer_0hop_balanced_local_bs256_800r,20260914_202556_ogbn-papers100M_FedAvg_bs256_seed42_beta10000p0,ogbn-papers100M,FedAvg,256,42,10000.0,500,validation,0.2826,3.0902,0.2826,3.0902,1500,0.11153054237365723,0.11153054237365723,0.5291492938995361,0.6406798362731934,320.09711933135986,0.5291492938995361,0.6406798362731934,320.09711933135986
nc_papers100m_195trainer_0hop_balanced_local_bs256_800r,20260914_202556_ogbn-papers100M_FedAvg_bs256_seed42_beta10000p0,ogbn-papers100M,FedAvg,256,42,10000.0,501,validation,0.2825,3.0894,0.2825,3.0894,1503,0.11023306846618652,0.11023306846618652,0.530860424041748,0.6410934925079346,320.7382128238678,0.530860424041748,0.6410934925079346,320.7382128238678
nc_papers100m_195trainer_0hop_balanced_local_bs256_800r,20260914_202556_ogbn-papers100M_FedAvg_bs256_seed42_beta10000p0,ogbn-papers100M,FedAvg,256,42,10000.0,502,validation,0.2827,3.0885,0.2827,3.0885,1506,0.1076352596282959,0.1076352596282959,0.5220069885253906,0.6296422481536865,321.3678550720215,0.5220069885253906,0.6296422481536865,321.3678550720215
nc_papers100m_195trainer_0hop_balanced_local_bs256_800r,20260914_202556_ogbn-papers100M_FedAvg_bs256_seed42_beta10000p0,ogbn-papers100M,FedAvg,256,42,10000.0,503,validation,0.2827,3.0872,0.2827,3.0872,1509,0.1074063777923584,0.1074063777923584,0.5154080390930176,0.622814416885376,321.99066948890686,0.5154080390930176,0.622814416885376,321.99066948890686
nc_papers100m_195trainer_0hop_balanced_local_bs256_800r,20260914_202556_ogbn-papers100M_FedAvg_bs256_seed42_beta10000p0,ogbn-papers100M,FedAvg,256,42,10000.0,504,validation,0.2831,3.0861,0.2831,3.0861,1512,0.10797905921936035,0.10797905921936035,0.5319430828094482,0.6399221420288086,322.63059163093567,0.5319430828094482,0.6399221420288086,322.63059163093567
nc_papers100m_195trainer_0hop_balanced_local_bs256_800r,20260914_202556_ogbn-papers100M_FedAvg_bs256_seed42_beta10000p0,ogbn-papers100M,FedAvg,256,42,10000.0,505,validation,0.2836,3.0845,0.2836,3.0845,1515,0.10635519027709961,0.10635519027709961,0.533372163772583,0.6397273540496826,323.27031898498535,0.533372163772583,0.6397273540496826,323.27031898498535
nc_papers100m_195trainer_0hop_balanced_local_bs256_800r,20260914_202556_ogbn-papers100M_FedAvg_bs256_seed42_beta10000p0,ogbn-papers100M,FedAvg,256,42,10000.0,506,validation,0.2837,3.0836,0.2837,3.0836,1518,0.10823535919189453,0.10823535919189453,0.5177392959594727,0.6259746551513672,323.8962936401367,0.5177392959594727,0.6259746551513672,323.8962936401367
nc_papers100m_195trainer_0hop_balanced_local_bs256_800r,20260914_202556_ogbn-papers100M_FedAvg_bs256_seed42_beta10000p0,ogbn-papers100M,FedAvg,256,42,10000.0,507,validation,0.2839,3.0825,0.2839,3.0825,1521,0.10857987403869629,0.10857987403869629,0.5252103805541992,0.6337902545928955,324.5300838947296,0.5252103805541992,0.6337902545928955,324.5300838947296
nc_papers100m_195trainer_0hop_balanced_local_bs256_800r,20260914_202556_ogbn-papers100M_FedAvg_bs256_seed42_beta10000p0,ogbn-papers100M,FedAvg,256,42,10000.0,508,validation,0.284,3.0816,0.284,3.0816,1524,0.10839247703552246,0.10839247703552246,0.5335390567779541,0.6419315338134766,325.1720154285431,0.5335390567779541,0.6419315338134766,325.1720154285431
nc_papers100m_195trainer_0hop_balanced_local_bs256_800r,20260914_202556_ogbn-papers100M_FedAvg_bs256_seed42_beta10000p0,ogbn-papers100M,FedAvg,256,42,10000.0,509,validation,0.2842,3.0805,0.2842,3.0805,1527,0.10738396644592285,0.10738396644592285,0.5477108955383301,0.6550948619842529,325.82711029052734,0.5477108955383301,0.6550948619842529,325.82711029052734
nc_papers100m_195trainer_0hop_balanced_local_bs256_800r,20260914_202556_ogbn-papers100M_FedAvg_bs256_seed42_beta10000p0,ogbn-papers100M,FedAvg,256,42,10000.0,510,validation,0.2841,3.0798,0.2841,3.0798,1530,0.10917234420776367,0.10917234420776367,0.5253911018371582,0.6345634460449219,326.46167373657227,0.5253911018371582,0.6345634460449219,326.46167373657227
nc_papers100m_195trainer_0hop_balanced_local_bs256_800r,20260914_202556_ogbn-papers100M_FedAvg_bs256_seed42_beta10000p0,ogbn-papers100M,FedAvg,256,42,10000.0,511,validation,0.2844,3.0786,0.2844,3.0786,1533,0.10761737823486328,0.10761737823486328,0.5365571975708008,0.6441745758056641,327.10584831237793,0.5365571975708008,0.6441745758056641,327.10584831237793
nc_papers100m_195trainer_0hop_balanced_local_bs256_800r,20260914_202556_ogbn-papers100M_FedAvg_bs256_seed42_beta10000p0,ogbn-papers100M,FedAvg,256,42,10000.0,512,validation,0.2846,3.0772,0.2846,3.0772,1536,0.10849642753601074,0.10849642753601074,0.5305929183959961,0.6390893459320068,327.74493765830994,0.5305929183959961,0.6390893459320068,327.74493765830994
nc_papers100m_195trainer_0hop_balanced_local_bs256_800r,20260914_202556_ogbn-papers100M_FedAvg_bs256_seed42_beta10000p0,ogbn-papers100M,FedAvg,256,42,10000.0,513,validation,0.2845,3.0763,0.2845,3.0763,1539,0.10645794868469238,0.10645794868469238,0.5255775451660156,0.632035493850708,328.37697315216064,0.5255775451660156,0.632035493850708,328.37697315216064
nc_papers100m_195trainer_0hop_balanced_local_bs256_800r,20260914_202556_ogbn-papers100M_FedAvg_bs256_seed42_beta10000p0,ogbn-papers100M,FedAvg,256,42,10000.0,514,validation,0.2848,3.0751,0.2848,3.0751,1542,0.10738706588745117,0.10738706588745117,0.5286746025085449,0.6360616683959961,329.01303482055664,0.5286746025085449,0.6360616683959961,329.01303482055664
nc_papers100m_195trainer_0hop_balanced_local_bs256_800r,20260914_202556_ogbn-papers100M_FedAvg_bs256_seed42_beta10000p0,ogbn-papers100M,FedAvg,256,42,10000.0,515,validation,0.2849,3.0739,0.2849,3.0739,1545,0.10938453674316406,0.10938453674316406,0.5298728942871094,0.6392574310302734,329.6522922515869,0.5298728942871094,0.6392574310302734,329.6522922515869
nc_papers100m_195trainer_0hop_balanced_local_bs256_800r,20260914_202556_ogbn-papers100M_FedAvg_bs256_seed42_beta10000p0,ogbn-papers100M,FedAvg,256,42,10000.0,516,validation,0.2849,3.0728,0.2849,3.0728,1548,0.10805821418762207,0.10805821418762207,0.5246942043304443,0.6327524185180664,330.285044670105,0.5246942043304443,0.6327524185180664,330.285044670105
nc_papers100m_195trainer_0hop_balanced_local_bs256_800r,20260914_202556_ogbn-papers100M_FedAvg_bs256_seed42_beta10000p0,ogbn-papers100M,FedAvg,256,42,10000.0,517,validation,0.285,3.072,0.285,3.072,1551,0.10988378524780273,0.10988378524780273,0.5195832252502441,0.6294670104980469,330.914511680603,0.5195832252502441,0.6294670104980469,330.914511680603
nc_papers100m_195trainer_0hop_balanced_local_bs256_800r,20260914_202556_ogbn-papers100M_FedAvg_bs256_seed42_beta10000p0,ogbn-papers100M,FedAvg,256,42,10000.0,518,validation,0.2852,3.0709,0.2852,3.0709,1554,0.10755562782287598,0.10755562782287598,0.5336356163024902,0.6411912441253662,331.5557029247284,0.5336356163024902,0.6411912441253662,331.5557029247284
nc_papers100m_195trainer_0hop_balanced_local_bs256_800r,20260914_202556_ogbn-papers100M_FedAvg_bs256_seed42_beta10000p0,ogbn-papers100M,FedAvg,256,42,10000.0,519,validation,0.2854,3.0699,0.2854,3.0699,1557,0.10761809349060059,0.10761809349060059,0.5198509693145752,0.6274690628051758,332.18317198753357,0.5198509693145752,0.6274690628051758,332.18317198753357
nc_papers100m_195trainer_0hop_balanced_local_bs256_800r,20260914_202556_ogbn-papers100M_FedAvg_bs256_seed42_beta10000p0,ogbn-papers100M,FedAvg,256,42,10000.0,520,validation,0.2855,3.0688,0.2855,3.0688,1560,0.10942840576171875,0.10942840576171875,0.5218455791473389,0.6312739849090576,332.8144459724426,0.5218455791473389,0.6312739849090576,332.8144459724426
nc_papers100m_195trainer_0hop_balanced_local_bs256_800r,20260914_202556_ogbn-papers100M_FedAvg_bs256_seed42_beta10000p0,ogbn-papers100M,FedAvg,256,42,10000.0,521,validation,0.2857,3.0678,0.2857,3.0678,1563,0.10975432395935059,0.10975432395935059,0.5339031219482422,0.6436574459075928,333.4581034183502,0.5339031219482422,0.6436574459075928,333.4581034183502
nc_papers100m_195trainer_0hop_balanced_local_bs256_800r,20260914_202556_ogbn-papers100M_FedAvg_bs256_seed42_beta10000p0,ogbn-papers100M,FedAvg,256,42,10000.0,522,validation,0.2858,3.0669,0.2858,3.0669,1566,0.10906291007995605,0.10906291007995605,0.5354030132293701,0.6444659233093262,334.10256934165955,0.5354030132293701,0.6444659233093262,334.10256934165955
nc_papers100m_195trainer_0hop_balanced_local_bs256_800r,20260914_202556_ogbn-papers100M_FedAvg_bs256_seed42_beta10000p0,ogbn-papers100M,FedAvg,256,42,10000.0,523,validation,0.2859,3.0658,0.2859,3.0658,1569,0.11133861541748047,0.11133861541748047,0.5461289882659912,0.6574676036834717,334.760036945343,0.5461289882659912,0.6574676036834717,334.760036945343
nc_papers100m_195trainer_0hop_balanced_local_bs256_800r,20260914_202556_ogbn-papers100M_FedAvg_bs256_seed42_beta10000p0,ogbn-papers100M,FedAvg,256,42,10000.0,524,validation,0.2862,3.0647,0.2862,3.0647,1572,0.1085658073425293,0.1085658073425293,0.5277566909790039,0.6363224983215332,335.39635944366455,0.5277566909790039,0.6363224983215332,335.39635944366455
nc_papers100m_195trainer_0hop_balanced_local_bs256_800r,20260914_202556_ogbn-papers100M_FedAvg_bs256_seed42_beta10000p0,ogbn-papers100M,FedAvg,256,42,10000.0,525,validation,0.2862,3.0638,0.2862,3.0638,1575,0.10969376564025879,0.10969376564025879,0.5236763954162598,0.6333701610565186,336.02972960472107,0.5236763954162598,0.6333701610565186,336.02972960472107
nc_papers100m_195trainer_0hop_balanced_local_bs256_800r,20260914_202556_ogbn-papers100M_FedAvg_bs256_seed42_beta10000p0,ogbn-papers100M,FedAvg,256,42,10000.0,526,validation,0.2863,3.0628,0.2863,3.0628,1578,0.10800433158874512,0.10800433158874512,0.5232279300689697,0.6312322616577148,336.6609618663788,0.5232279300689697,0.6312322616577148,336.6609618663788
nc_papers100m_195trainer_0hop_balanced_local_bs256_800r,20260914_202556_ogbn-papers100M_FedAvg_bs256_seed42_beta10000p0,ogbn-papers100M,FedAvg,256,42,10000.0,527,validation,0.2866,3.0618,0.2866,3.0618,1581,0.11218500137329102,0.11218500137329102,0.5217468738555908,0.6339318752288818,337.29489374160767,0.5217468738555908,0.6339318752288818,337.29489374160767
nc_papers100m_195trainer_0hop_balanced_local_bs256_800r,20260914_202556_ogbn-papers100M_FedAvg_bs256_seed42_beta10000p0,ogbn-papers100M,FedAvg,256,42,10000.0,528,validation,0.2867,3.0611,0.2867,3.0611,1584,0.1095266342163086,0.1095266342163086,0.5313107967376709,0.6408374309539795,337.93573117256165,0.5313107967376709,0.6408374309539795,337.93573117256165
nc_papers100m_195trainer_0hop_balanced_local_bs256_800r,20260914_202556_ogbn-papers100M_FedAvg_bs256_seed42_beta10000p0,ogbn-papers100M,FedAvg,256,42,10000.0,529,validation,0.2867,3.0601,0.2867,3.0601,1587,0.10807681083679199,0.10807681083679199,0.5180096626281738,0.6260864734649658,338.5618176460266,0.5180096626281738,0.6260864734649658,338.5618176460266
nc_papers100m_195trainer_0hop_balanced_local_bs256_800r,20260914_202556_ogbn-papers100M_FedAvg_bs256_seed42_beta10000p0,ogbn-papers100M,FedAvg,256,42,10000.0,530,validation,0.2867,3.0591,0.2867,3.0591,1590,0.10703492164611816,0.10703492164611816,0.5296289920806885,0.6366639137268066,339.1984815597534,0.5296289920806885,0.6366639137268066,339.1984815597534
nc_papers100m_195trainer_0hop_balanced_local_bs256_800r,20260914_202556_ogbn-papers100M_FedAvg_bs256_seed42_beta10000p0,ogbn-papers100M,FedAvg,256,42,10000.0,531,validation,0.2869,3.058,0.2869,3.058,1593,0.10828971862792969,0.10828971862792969,0.5304551124572754,0.6387448310852051,339.8372263908386,0.5304551124572754,0.6387448310852051,339.8372263908386
nc_papers100m_195trainer_0hop_balanced_local_bs256_800r,20260914_202556_ogbn-papers100M_FedAvg_bs256_seed42_beta10000p0,ogbn-papers100M,FedAvg,256,42,10000.0,532,validation,0.287,3.0573,0.287,3.0573,1596,0.10858917236328125,0.10858917236328125,0.5344903469085693,0.6430795192718506,340.4803059101105,0.5344903469085693,0.6430795192718506,340.4803059101105
nc_papers100m_195trainer_0hop_balanced_local_bs256_800r,20260914_202556_ogbn-papers100M_FedAvg_bs256_seed42_beta10000p0,ogbn-papers100M,FedAvg,256,42,10000.0,533,validation,0.2871,3.0561,0.2871,3.0561,1599,0.11051201820373535,0.11051201820373535,0.5262553691864014,0.6367673873901367,341.1170732975006,0.5262553691864014,0.6367673873901367,341.1170732975006
nc_papers100m_195trainer_0hop_balanced_local_bs256_800r,20260914_202556_ogbn-papers100M_FedAvg_bs256_seed42_beta10000p0,ogbn-papers100M,FedAvg,256,42,10000.0,534,validation,0.2873,3.0546,0.2873,3.0546,1602,0.11323118209838867,0.11323118209838867,0.5256378650665283,0.638869047164917,341.7559423446655,0.5256378650665283,0.638869047164917,341.7559423446655
nc_papers100m_195trainer_0hop_balanced_local_bs256_800r,20260914_202556_ogbn-papers100M_FedAvg_bs256_seed42_beta10000p0,ogbn-papers100M,FedAvg,256,42,10000.0,535,validation,0.2875,3.0539,0.2875,3.0539,1605,0.11055207252502441,0.11055207252502441,0.5308024883270264,0.6413545608520508,342.3972969055176,0.5308024883270264,0.6413545608520508,342.3972969055176
nc_papers100m_195trainer_0hop_balanced_local_bs256_800r,20260914_202556_ogbn-papers100M_FedAvg_bs256_seed42_beta10000p0,ogbn-papers100M,FedAvg,256,42,10000.0,536,validation,0.2877,3.053,0.2877,3.053,1608,0.10786890983581543,0.10786890983581543,0.5341947078704834,0.6420636177062988,343.0393605232239,0.5341947078704834,0.6420636177062988,343.0393605232239
nc_papers100m_195trainer_0hop_balanced_local_bs256_800r,20260914_202556_ogbn-papers100M_FedAvg_bs256_seed42_beta10000p0,ogbn-papers100M,FedAvg,256,42,10000.0,537,validation,0.2876,3.0522,0.2876,3.0522,1611,0.1114339828491211,0.1114339828491211,0.5614256858825684,0.6728596687316895,343.71222019195557,0.5614256858825684,0.6728596687316895,343.71222019195557
nc_papers100m_195trainer_0hop_balanced_local_bs256_800r,20260914_202556_ogbn-papers100M_FedAvg_bs256_seed42_beta10000p0,ogbn-papers100M,FedAvg,256,42,10000.0,538,validation,0.2877,3.0511,0.2877,3.0511,1614,0.10864877700805664,0.10864877700805664,0.5344521999359131,0.6431009769439697,344.35532116889954,0.5344521999359131,0.6431009769439697,344.35532116889954
nc_papers100m_195trainer_0hop_balanced_local_bs256_800r,20260914_202556_ogbn-papers100M_FedAvg_bs256_seed42_beta10000p0,ogbn-papers100M,FedAvg,256,42,10000.0,539,validation,0.2881,3.0501,0.2881,3.0501,1617,0.1087498664855957,0.1087498664855957,0.5225508213043213,0.631300687789917,344.98662185668945,0.5225508213043213,0.631300687789917,344.98662185668945
nc_papers100m_195trainer_0hop_balanced_local_bs256_800r,20260914_202556_ogbn-papers100M_FedAvg_bs256_seed42_beta10000p0,ogbn-papers100M,FedAvg,256,42,10000.0,540,validation,0.2881,3.0492,0.2881,3.0492,1620,0.11024737358093262,0.11024737358093262,0.5166690349578857,0.6269164085388184,345.61353826522827,0.5166690349578857,0.6269164085388184,345.61353826522827
nc_papers100m_195trainer_0hop_balanced_local_bs256_800r,20260914_202556_ogbn-papers100M_FedAvg_bs256_seed42_beta10000p0,ogbn-papers100M,FedAvg,256,42,10000.0,541,validation,0.2885,3.048,0.2885,3.048,1623,0.10925865173339844,0.10925865173339844,0.5394515991210938,0.6487102508544922,346.26224851608276,0.5394515991210938,0.6487102508544922,346.26224851608276
nc_papers100m_195trainer_0hop_balanced_local_bs256_800r,20260914_202556_ogbn-papers100M_FedAvg_bs256_seed42_beta10000p0,ogbn-papers100M,FedAvg,256,42,10000.0,542,validation,0.2888,3.0472,0.2888,3.0472,1626,0.10904669761657715,0.10904669761657715,0.523446798324585,0.6324934959411621,346.8947420120239,0.523446798324585,0.6324934959411621,346.8947420120239
nc_papers100m_195trainer_0hop_balanced_local_bs256_800r,20260914_202556_ogbn-papers100M_FedAvg_bs256_seed42_beta10000p0,ogbn-papers100M,FedAvg,256,42,10000.0,543,validation,0.2889,3.0463,0.2889,3.0463,1629,0.10576391220092773,0.10576391220092773,0.5243823528289795,0.6301462650299072,347.52488827705383,0.5243823528289795,0.6301462650299072,347.52488827705383
nc_papers100m_195trainer_0hop_balanced_local_bs256_800r,20260914_202556_ogbn-papers100M_FedAvg_bs256_seed42_beta10000p0,ogbn-papers100M,FedAvg,256,42,10000.0,544,validation,0.2888,3.0456,0.2888,3.0456,1632,0.10778427124023438,0.10778427124023438,0.5275659561157227,0.635350227355957,348.1602385044098,0.5275659561157227,0.635350227355957,348.1602385044098
nc_papers100m_195trainer_0hop_balanced_local_bs256_800r,20260914_202556_ogbn-papers100M_FedAvg_bs256_seed42_beta10000p0,ogbn-papers100M,FedAvg,256,42,10000.0,545,validation,0.2892,3.0446,0.2892,3.0446,1635,0.10807013511657715,0.10807013511657715,0.7033250331878662,0.8113951683044434,348.97163367271423,0.7033250331878662,0.8113951683044434,348.97163367271423
nc_papers100m_195trainer_0hop_balanced_local_bs256_800r,20260914_202556_ogbn-papers100M_FedAvg_bs256_seed42_beta10000p0,ogbn-papers100M,FedAvg,256,42,10000.0,546,validation,0.2891,3.0433,0.2891,3.0433,1638,0.10843348503112793,0.10843348503112793,0.5296766757965088,0.6381101608276367,349.60974383354187,0.5296766757965088,0.6381101608276367,349.60974383354187
nc_papers100m_195trainer_0hop_balanced_local_bs256_800r,20260914_202556_ogbn-papers100M_FedAvg_bs256_seed42_beta10000p0,ogbn-papers100M,FedAvg,256,42,10000.0,547,validation,0.2889,3.0428,0.2889,3.0428,1641,0.10845804214477539,0.10845804214477539,0.5363008975982666,0.644758939743042,350.2545027732849,0.5363008975982666,0.644758939743042,350.2545027732849
nc_papers100m_195trainer_0hop_balanced_local_bs256_800r,20260914_202556_ogbn-papers100M_FedAvg_bs256_seed42_beta10000p0,ogbn-papers100M,FedAvg,256,42,10000.0,548,validation,0.2893,3.0418,0.2893,3.0418,1644,0.10965847969055176,0.10965847969055176,0.5414998531341553,0.651158332824707,350.9056611061096,0.5414998531341553,0.651158332824707,350.9056611061096
nc_papers100m_195trainer_0hop_balanced_local_bs256_800r,20260914_202556_ogbn-papers100M_FedAvg_bs256_seed42_beta10000p0,ogbn-papers100M,FedAvg,256,42,10000.0,549,validation,0.2895,3.0406,0.2895,3.0406,1647,0.1061406135559082,0.1061406135559082,0.5426762104034424,0.6488168239593506,351.55447793006897,0.5426762104034424,0.6488168239593506,351.55447793006897
nc_papers100m_195trainer_0hop_balanced_local_bs256_800r,20260914_202556_ogbn-papers100M_FedAvg_bs256_seed42_beta10000p0,ogbn-papers100M,FedAvg,256,42,10000.0,550,validation,0.2894,3.0397,0.2894,3.0397,1650,0.10892558097839355,0.10892558097839355,0.5330626964569092,0.6419882774353027,352.1964662075043,0.5330626964569092,0.6419882774353027,352.1964662075043
nc_papers100m_195trainer_0hop_balanced_local_bs256_800r,20260914_202556_ogbn-papers100M_FedAvg_bs256_seed42_beta10000p0,ogbn-papers100M,FedAvg,256,42,10000.0,551,validation,0.2896,3.0387,0.2896,3.0387,1653,0.10804009437561035,0.10804009437561035,0.5325870513916016,0.6406271457672119,352.8370933532715,0.5325870513916016,0.6406271457672119,352.8370933532715
nc_papers100m_195trainer_0hop_balanced_local_bs256_800r,20260914_202556_ogbn-papers100M_FedAvg_bs256_seed42_beta10000p0,ogbn-papers100M,FedAvg,256,42,10000.0,552,validation,0.2898,3.0376,0.2898,3.0376,1656,0.10715174674987793,0.10715174674987793,0.5517628192901611,0.6589145660400391,353.4960079193115,0.5517628192901611,0.6589145660400391,353.4960079193115
nc_papers100m_195trainer_0hop_balanced_local_bs256_800r,20260914_202556_ogbn-papers100M_FedAvg_bs256_seed42_beta10000p0,ogbn-papers100M,FedAvg,256,42,10000.0,553,validation,0.29,3.0369,0.29,3.0369,1659,0.10620784759521484,0.10620784759521484,0.5353872776031494,0.6415951251983643,354.1376030445099,0.5353872776031494,0.6415951251983643,354.1376030445099
nc_papers100m_195trainer_0hop_balanced_local_bs256_800r,20260914_202556_ogbn-papers100M_FedAvg_bs256_seed42_beta10000p0,ogbn-papers100M,FedAvg,256,42,10000.0,554,validation,0.2902,3.0361,0.2902,3.0361,1662,0.10892176628112793,0.10892176628112793,0.533883810043335,0.6428055763244629,354.78040862083435,0.533883810043335,0.6428055763244629,354.78040862083435
nc_papers100m_195trainer_0hop_balanced_local_bs256_800r,20260914_202556_ogbn-papers100M_FedAvg_bs256_seed42_beta10000p0,ogbn-papers100M,FedAvg,256,42,10000.0,555,validation,0.2903,3.0352,0.2903,3.0352,1665,0.11069297790527344,0.11069297790527344,0.5423753261566162,0.6530683040618896,355.43347692489624,0.5423753261566162,0.6530683040618896,355.43347692489624
nc_papers100m_195trainer_0hop_balanced_local_bs256_800r,20260914_202556_ogbn-papers100M_FedAvg_bs256_seed42_beta10000p0,ogbn-papers100M,FedAvg,256,42,10000.0,556,validation,0.2905,3.0341,0.2905,3.0341,1668,0.10831165313720703,0.10831165313720703,0.536865234375,0.645176887512207,356.07865381240845,0.536865234375,0.645176887512207,356.07865381240845
nc_papers100m_195trainer_0hop_balanced_local_bs256_800r,20260914_202556_ogbn-papers100M_FedAvg_bs256_seed42_beta10000p0,ogbn-papers100M,FedAvg,256,42,10000.0,557,validation,0.2905,3.033,0.2905,3.033,1671,0.10739326477050781,0.10739326477050781,0.5221774578094482,0.629570722579956,356.7082245349884,0.5221774578094482,0.629570722579956,356.7082245349884
nc_papers100m_195trainer_0hop_balanced_local_bs256_800r,20260914_202556_ogbn-papers100M_FedAvg_bs256_seed42_beta10000p0,ogbn-papers100M,FedAvg,256,42,10000.0,558,validation,0.2905,3.0321,0.2905,3.0321,1674,0.11058926582336426,0.11058926582336426,0.5386779308319092,0.6492671966552734,357.3574917316437,0.5386779308319092,0.6492671966552734,357.3574917316437
nc_papers100m_195trainer_0hop_balanced_local_bs256_800r,20260914_202556_ogbn-papers100M_FedAvg_bs256_seed42_beta10000p0,ogbn-papers100M,FedAvg,256,42,10000.0,559,validation,0.291,3.0312,0.291,3.0312,1677,0.10670089721679688,0.10670089721679688,0.5465888977050781,0.653289794921875,358.01078152656555,0.5465888977050781,0.653289794921875,358.01078152656555
nc_papers100m_195trainer_0hop_balanced_local_bs256_800r,20260914_202556_ogbn-papers100M_FedAvg_bs256_seed42_beta10000p0,ogbn-papers100M,FedAvg,256,42,10000.0,560,validation,0.2911,3.0305,0.2911,3.0305,1680,0.10980820655822754,0.10980820655822754,0.5218977928161621,0.6317059993743896,358.64248752593994,0.5218977928161621,0.6317059993743896,358.64248752593994
nc_papers100m_195trainer_0hop_balanced_local_bs256_800r,20260914_202556_ogbn-papers100M_FedAvg_bs256_seed42_beta10000p0,ogbn-papers100M,FedAvg,256,42,10000.0,561,validation,0.2915,3.0296,0.2915,3.0296,1683,0.10771918296813965,0.10771918296813965,0.5278220176696777,0.6355412006378174,359.27802872657776,0.5278220176696777,0.6355412006378174,359.27802872657776
nc_papers100m_195trainer_0hop_balanced_local_bs256_800r,20260914_202556_ogbn-papers100M_FedAvg_bs256_seed42_beta10000p0,ogbn-papers100M,FedAvg,256,42,10000.0,562,validation,0.2915,3.0289,0.2915,3.0289,1686,0.10923242568969727,0.10923242568969727,0.5380187034606934,0.6472511291503906,359.92527985572815,0.5380187034606934,0.6472511291503906,359.92527985572815
nc_papers100m_195trainer_0hop_balanced_local_bs256_800r,20260914_202556_ogbn-papers100M_FedAvg_bs256_seed42_beta10000p0,ogbn-papers100M,FedAvg,256,42,10000.0,563,validation,0.2915,3.0277,0.2915,3.0277,1689,0.10680937767028809,0.10680937767028809,0.5430567264556885,0.6498661041259766,360.5751459598541,0.5430567264556885,0.6498661041259766,360.5751459598541
nc_papers100m_195trainer_0hop_balanced_local_bs256_800r,20260914_202556_ogbn-papers100M_FedAvg_bs256_seed42_beta10000p0,ogbn-papers100M,FedAvg,256,42,10000.0,564,validation,0.2916,3.0266,0.2916,3.0266,1692,0.10948514938354492,0.10948514938354492,0.5659217834472656,0.6754069328308105,361.25055289268494,0.5659217834472656,0.6754069328308105,361.25055289268494
nc_papers100m_195trainer_0hop_balanced_local_bs256_800r,20260914_202556_ogbn-papers100M_FedAvg_bs256_seed42_beta10000p0,ogbn-papers100M,FedAvg,256,42,10000.0,565,validation,0.2917,3.0261,0.2917,3.0261,1695,0.1075127124786377,0.1075127124786377,0.5205187797546387,0.6280314922332764,361.8785843849182,0.5205187797546387,0.6280314922332764,361.8785843849182
nc_papers100m_195trainer_0hop_balanced_local_bs256_800r,20260914_202556_ogbn-papers100M_FedAvg_bs256_seed42_beta10000p0,ogbn-papers100M,FedAvg,256,42,10000.0,566,validation,0.2916,3.0253,0.2916,3.0253,1698,0.10969972610473633,0.10969972610473633,0.5410501956939697,0.650749921798706,362.5293343067169,0.5410501956939697,0.650749921798706,362.5293343067169
nc_papers100m_195trainer_0hop_balanced_local_bs256_800r,20260914_202556_ogbn-papers100M_FedAvg_bs256_seed42_beta10000p0,ogbn-papers100M,FedAvg,256,42,10000.0,567,validation,0.2919,3.0242,0.2919,3.0242,1701,0.1086127758026123,0.1086127758026123,0.5267186164855957,0.635331392288208,363.1646656990051,0.5267186164855957,0.635331392288208,363.1646656990051
nc_papers100m_195trainer_0hop_balanced_local_bs256_800r,20260914_202556_ogbn-papers100M_FedAvg_bs256_seed42_beta10000p0,ogbn-papers100M,FedAvg,256,42,10000.0,568,validation,0.2919,3.023,0.2919,3.023,1704,0.10679244995117188,0.10679244995117188,0.5270168781280518,0.6338093280792236,363.79847502708435,0.5270168781280518,0.6338093280792236,363.79847502708435
nc_papers100m_195trainer_0hop_balanced_local_bs256_800r,20260914_202556_ogbn-papers100M_FedAvg_bs256_seed42_beta10000p0,ogbn-papers100M,FedAvg,256,42,10000.0,569,validation,0.2924,3.0223,0.2924,3.0223,1707,0.10954570770263672,0.10954570770263672,0.5470623970031738,0.6566081047058105,364.45508313179016,0.5470623970031738,0.6566081047058105,364.45508313179016
nc_papers100m_195trainer_0hop_balanced_local_bs256_800r,20260914_202556_ogbn-papers100M_FedAvg_bs256_seed42_beta10000p0,ogbn-papers100M,FedAvg,256,42,10000.0,570,validation,0.2925,3.0212,0.2925,3.0212,1710,0.10907363891601562,0.10907363891601562,0.5292284488677979,0.6383020877838135,365.093385219574,0.5292284488677979,0.6383020877838135,365.093385219574
nc_papers100m_195trainer_0hop_balanced_local_bs256_800r,20260914_202556_ogbn-papers100M_FedAvg_bs256_seed42_beta10000p0,ogbn-papers100M,FedAvg,256,42,10000.0,571,validation,0.2927,3.0203,0.2927,3.0203,1713,0.10937237739562988,0.10937237739562988,0.5246143341064453,0.6339867115020752,365.72737193107605,0.5246143341064453,0.6339867115020752,365.72737193107605
nc_papers100m_195trainer_0hop_balanced_local_bs256_800r,20260914_202556_ogbn-papers100M_FedAvg_bs256_seed42_beta10000p0,ogbn-papers100M,FedAvg,256,42,10000.0,572,validation,0.2926,3.0193,0.2926,3.0193,1716,0.10839319229125977,0.10839319229125977,0.5225834846496582,0.630976676940918,366.35834860801697,0.5225834846496582,0.630976676940918,366.35834860801697
nc_papers100m_195trainer_0hop_balanced_local_bs256_800r,20260914_202556_ogbn-papers100M_FedAvg_bs256_seed42_beta10000p0,ogbn-papers100M,FedAvg,256,42,10000.0,573,validation,0.2929,3.0186,0.2929,3.0186,1719,0.10901808738708496,0.10901808738708496,0.5436780452728271,0.6526961326599121,367.0110447406769,0.5436780452728271,0.6526961326599121,367.0110447406769
nc_papers100m_195trainer_0hop_balanced_local_bs256_800r,20260914_202556_ogbn-papers100M_FedAvg_bs256_seed42_beta10000p0,ogbn-papers100M,FedAvg,256,42,10000.0,574,validation,0.2931,3.0178,0.2931,3.0178,1722,0.10865283012390137,0.10865283012390137,0.5300569534301758,0.6387097835540771,367.64975452423096,0.5300569534301758,0.6387097835540771,367.64975452423096
nc_papers100m_195trainer_0hop_balanced_local_bs256_800r,20260914_202556_ogbn-papers100M_FedAvg_bs256_seed42_beta10000p0,ogbn-papers100M,FedAvg,256,42,10000.0,575,validation,0.2934,3.0168,0.2934,3.0168,1725,0.1068267822265625,0.1068267822265625,0.5283944606781006,0.6352212429046631,368.2849757671356,0.5283944606781006,0.6352212429046631,368.2849757671356
nc_papers100m_195trainer_0hop_balanced_local_bs256_800r,20260914_202556_ogbn-papers100M_FedAvg_bs256_seed42_beta10000p0,ogbn-papers100M,FedAvg,256,42,10000.0,576,validation,0.2934,3.0158,0.2934,3.0158,1728,0.10857987403869629,0.10857987403869629,0.5414102077484131,0.6499900817871094,368.93496584892273,0.5414102077484131,0.6499900817871094,368.93496584892273
nc_papers100m_195trainer_0hop_balanced_local_bs256_800r,20260914_202556_ogbn-papers100M_FedAvg_bs256_seed42_beta10000p0,ogbn-papers100M,FedAvg,256,42,10000.0,577,validation,0.2938,3.015,0.2938,3.015,1731,0.11043453216552734,0.11043453216552734,0.5266416072845459,0.6370761394500732,369.5720419883728,0.5266416072845459,0.6370761394500732,369.5720419883728
nc_papers100m_195trainer_0hop_balanced_local_bs256_800r,20260914_202556_ogbn-papers100M_FedAvg_bs256_seed42_beta10000p0,ogbn-papers100M,FedAvg,256,42,10000.0,578,validation,0.2938,3.0142,0.2938,3.0142,1734,0.10950255393981934,0.10950255393981934,0.5437860488891602,0.6532886028289795,370.2253305912018,0.5437860488891602,0.6532886028289795,370.2253305912018
nc_papers100m_195trainer_0hop_balanced_local_bs256_800r,20260914_202556_ogbn-papers100M_FedAvg_bs256_seed42_beta10000p0,ogbn-papers100M,FedAvg,256,42,10000.0,579,validation,0.2939,3.0133,0.2939,3.0133,1737,0.10769248008728027,0.10769248008728027,0.5236153602600098,0.63130784034729,370.8566384315491,0.5236153602600098,0.63130784034729,370.8566384315491
nc_papers100m_195trainer_0hop_balanced_local_bs256_800r,20260914_202556_ogbn-papers100M_FedAvg_bs256_seed42_beta10000p0,ogbn-papers100M,FedAvg,256,42,10000.0,580,validation,0.2939,3.0124,0.2939,3.0124,1740,0.10897445678710938,0.10897445678710938,0.5304551124572754,0.6394295692443848,371.49606800079346,0.5304551124572754,0.6394295692443848,371.49606800079346
nc_papers100m_195trainer_0hop_balanced_local_bs256_800r,20260914_202556_ogbn-papers100M_FedAvg_bs256_seed42_beta10000p0,ogbn-papers100M,FedAvg,256,42,10000.0,581,validation,0.2942,3.0115,0.2942,3.0115,1743,0.10960173606872559,0.10960173606872559,0.5279185771942139,0.6375203132629395,372.1335883140564,0.5279185771942139,0.6375203132629395,372.1335883140564
nc_papers100m_195trainer_0hop_balanced_local_bs256_800r,20260914_202556_ogbn-papers100M_FedAvg_bs256_seed42_beta10000p0,ogbn-papers100M,FedAvg,256,42,10000.0,582,validation,0.2942,3.0108,0.2942,3.0108,1746,0.11153841018676758,0.11153841018676758,0.5331435203552246,0.6446819305419922,372.7782702445984,0.5331435203552246,0.6446819305419922,372.7782702445984
nc_papers100m_195trainer_0hop_balanced_local_bs256_800r,20260914_202556_ogbn-papers100M_FedAvg_bs256_seed42_beta10000p0,ogbn-papers100M,FedAvg,256,42,10000.0,583,validation,0.2944,3.0101,0.2944,3.0101,1749,0.10833144187927246,0.10833144187927246,0.5292737483978271,0.6376051902770996,373.4158754348755,0.5292737483978271,0.6376051902770996,373.4158754348755
nc_papers100m_195trainer_0hop_balanced_local_bs256_800r,20260914_202556_ogbn-papers100M_FedAvg_bs256_seed42_beta10000p0,ogbn-papers100M,FedAvg,256,42,10000.0,584,validation,0.2948,3.0089,0.2948,3.0089,1752,0.10588645935058594,0.10588645935058594,0.5308079719543457,0.6366944313049316,374.0525698661804,0.5308079719543457,0.6366944313049316,374.0525698661804
nc_papers100m_195trainer_0hop_balanced_local_bs256_800r,20260914_202556_ogbn-papers100M_FedAvg_bs256_seed42_beta10000p0,ogbn-papers100M,FedAvg,256,42,10000.0,585,validation,0.2949,3.008,0.2949,3.008,1755,0.10921072959899902,0.10921072959899902,0.5223853588104248,0.6315960884094238,374.68416595458984,0.5223853588104248,0.6315960884094238,374.68416595458984
nc_papers100m_195trainer_0hop_balanced_local_bs256_800r,20260914_202556_ogbn-papers100M_FedAvg_bs256_seed42_beta10000p0,ogbn-papers100M,FedAvg,256,42,10000.0,586,validation,0.2952,3.0074,0.2952,3.0074,1758,0.1102149486541748,0.1102149486541748,0.5348694324493408,0.6450843811035156,375.32925033569336,0.5348694324493408,0.6450843811035156,375.32925033569336
nc_papers100m_195trainer_0hop_balanced_local_bs256_800r,20260914_202556_ogbn-papers100M_FedAvg_bs256_seed42_beta10000p0,ogbn-papers100M,FedAvg,256,42,10000.0,587,validation,0.2954,3.0065,0.2954,3.0065,1761,0.10941815376281738,0.10941815376281738,0.5353012084960938,0.6447193622589111,375.97396969795227,0.5353012084960938,0.6447193622589111,375.97396969795227
nc_papers100m_195trainer_0hop_balanced_local_bs256_800r,20260914_202556_ogbn-papers100M_FedAvg_bs256_seed42_beta10000p0,ogbn-papers100M,FedAvg,256,42,10000.0,588,validation,0.2951,3.0057,0.2951,3.0057,1764,0.1084139347076416,0.1084139347076416,0.5229396820068359,0.6313536167144775,376.60532331466675,0.5229396820068359,0.6313536167144775,376.60532331466675
nc_papers100m_195trainer_0hop_balanced_local_bs256_800r,20260914_202556_ogbn-papers100M_FedAvg_bs256_seed42_beta10000p0,ogbn-papers100M,FedAvg,256,42,10000.0,589,validation,0.2954,3.0047,0.2954,3.0047,1767,0.11297225952148438,0.11297225952148438,0.5250916481018066,0.638063907623291,377.24338722229004,0.5250916481018066,0.638063907623291,377.24338722229004
nc_papers100m_195trainer_0hop_balanced_local_bs256_800r,20260914_202556_ogbn-papers100M_FedAvg_bs256_seed42_beta10000p0,ogbn-papers100M,FedAvg,256,42,10000.0,590,validation,0.2953,3.0042,0.2953,3.0042,1770,0.10697078704833984,0.10697078704833984,0.5273053646087646,0.6342761516571045,377.87766337394714,0.5273053646087646,0.6342761516571045,377.87766337394714
nc_papers100m_195trainer_0hop_balanced_local_bs256_800r,20260914_202556_ogbn-papers100M_FedAvg_bs256_seed42_beta10000p0,ogbn-papers100M,FedAvg,256,42,10000.0,591,validation,0.2955,3.003,0.2955,3.003,1773,0.1063835620880127,0.1063835620880127,0.5320632457733154,0.6384468078613281,378.5161101818085,0.5320632457733154,0.6384468078613281,378.5161101818085
nc_papers100m_195trainer_0hop_balanced_local_bs256_800r,20260914_202556_ogbn-papers100M_FedAvg_bs256_seed42_beta10000p0,ogbn-papers100M,FedAvg,256,42,10000.0,592,validation,0.2955,3.0022,0.2955,3.0022,1776,0.10831379890441895,0.10831379890441895,0.550957441329956,0.659271240234375,379.17538142204285,0.550957441329956,0.659271240234375,379.17538142204285
nc_papers100m_195trainer_0hop_balanced_local_bs256_800r,20260914_202556_ogbn-papers100M_FedAvg_bs256_seed42_beta10000p0,ogbn-papers100M,FedAvg,256,42,10000.0,593,validation,0.2958,3.0014,0.2958,3.0014,1779,0.11121082305908203,0.11121082305908203,0.5408973693847656,0.6521081924438477,379.8274896144867,0.5408973693847656,0.6521081924438477,379.8274896144867
nc_papers100m_195trainer_0hop_balanced_local_bs256_800r,20260914_202556_ogbn-papers100M_FedAvg_bs256_seed42_beta10000p0,ogbn-papers100M,FedAvg,256,42,10000.0,594,validation,0.2959,3.0001,0.2959,3.0001,1782,0.11129450798034668,0.11129450798034668,0.5347945690155029,0.6460890769958496,380.47357869148254,0.5347945690155029,0.6460890769958496,380.47357869148254
nc_papers100m_195trainer_0hop_balanced_local_bs256_800r,20260914_202556_ogbn-papers100M_FedAvg_bs256_seed42_beta10000p0,ogbn-papers100M,FedAvg,256,42,10000.0,595,validation,0.2957,2.9992,0.2957,2.9992,1785,0.10702133178710938,0.10702133178710938,0.5244672298431396,0.631488561630249,381.1050672531128,0.5244672298431396,0.631488561630249,381.1050672531128
nc_papers100m_195trainer_0hop_balanced_local_bs256_800r,20260914_202556_ogbn-papers100M_FedAvg_bs256_seed42_beta10000p0,ogbn-papers100M,FedAvg,256,42,10000.0,596,validation,0.2962,2.9981,0.2962,2.9981,1788,0.11090540885925293,0.11090540885925293,0.5307328701019287,0.6416382789611816,381.746705532074,0.5307328701019287,0.6416382789611816,381.746705532074
nc_papers100m_195trainer_0hop_balanced_local_bs256_800r,20260914_202556_ogbn-papers100M_FedAvg_bs256_seed42_beta10000p0,ogbn-papers100M,FedAvg,256,42,10000.0,597,validation,0.2963,2.9976,0.2963,2.9976,1791,0.10731697082519531,0.10731697082519531,0.5275619029998779,0.6348788738250732,382.38158440589905,0.5275619029998779,0.6348788738250732,382.38158440589905
nc_papers100m_195trainer_0hop_balanced_local_bs256_800r,20260914_202556_ogbn-papers100M_FedAvg_bs256_seed42_beta10000p0,ogbn-papers100M,FedAvg,256,42,10000.0,598,validation,0.2965,2.9967,0.2965,2.9967,1794,0.11165785789489746,0.11165785789489746,0.5272996425628662,0.6389575004577637,383.0205419063568,0.5272996425628662,0.6389575004577637,383.0205419063568
nc_papers100m_195trainer_0hop_balanced_local_bs256_800r,20260914_202556_ogbn-papers100M_FedAvg_bs256_seed42_beta10000p0,ogbn-papers100M,FedAvg,256,42,10000.0,599,validation,0.2967,2.9962,0.2967,2.9962,1797,0.11263632774353027,0.11263632774353027,0.5290594100952148,0.6416957378387451,383.66223764419556,0.5290594100952148,0.6416957378387451,383.66223764419556
nc_papers100m_195trainer_0hop_balanced_local_bs256_800r,20260914_202556_ogbn-papers100M_FedAvg_bs256_seed42_beta10000p0,ogbn-papers100M,FedAvg,256,42,10000.0,600,validation,0.297,2.9951,0.297,2.9951,1800,0.11026406288146973,0.11026406288146973,0.5439083576202393,0.654172420501709,384.31641006469727,0.5439083576202393,0.654172420501709,384.31641006469727
nc_papers100m_195trainer_0hop_balanced_local_bs256_800r,20260914_202556_ogbn-papers100M_FedAvg_bs256_seed42_beta10000p0,ogbn-papers100M,FedAvg,256,42,10000.0,601,validation,0.2971,2.9944,0.2971,2.9944,1803,0.10928463935852051,0.10928463935852051,0.5236155986785889,0.6329002380371094,384.9493103027344,0.5236155986785889,0.6329002380371094,384.9493103027344
nc_papers100m_195trainer_0hop_balanced_local_bs256_800r,20260914_202556_ogbn-papers100M_FedAvg_bs256_seed42_beta10000p0,ogbn-papers100M,FedAvg,256,42,10000.0,602,validation,0.297,2.9937,0.297,2.9937,1806,0.10780692100524902,0.10780692100524902,0.5191171169281006,0.6269240379333496,385.5762343406677,0.5191171169281006,0.6269240379333496,385.5762343406677
nc_papers100m_195trainer_0hop_balanced_local_bs256_800r,20260914_202556_ogbn-papers100M_FedAvg_bs256_seed42_beta10000p0,ogbn-papers100M,FedAvg,256,42,10000.0,603,validation,0.2972,2.9928,0.2972,2.9928,1809,0.10662174224853516,0.10662174224853516,0.5286130905151367,0.6352348327636719,386.2114691734314,0.5286130905151367,0.6352348327636719,386.2114691734314
nc_papers100m_195trainer_0hop_balanced_local_bs256_800r,20260914_202556_ogbn-papers100M_FedAvg_bs256_seed42_beta10000p0,ogbn-papers100M,FedAvg,256,42,10000.0,604,validation,0.2973,2.9917,0.2973,2.9917,1812,0.10814046859741211,0.10814046859741211,0.5362372398376465,0.6443777084350586,386.85584688186646,0.5362372398376465,0.6443777084350586,386.85584688186646
nc_papers100m_195trainer_0hop_balanced_local_bs256_800r,20260914_202556_ogbn-papers100M_FedAvg_bs256_seed42_beta10000p0,ogbn-papers100M,FedAvg,256,42,10000.0,605,validation,0.2976,2.9907,0.2976,2.9907,1815,0.11069512367248535,0.11069512367248535,0.5682995319366455,0.6789946556091309,387.5348415374756,0.5682995319366455,0.6789946556091309,387.5348415374756
nc_papers100m_195trainer_0hop_balanced_local_bs256_800r,20260914_202556_ogbn-papers100M_FedAvg_bs256_seed42_beta10000p0,ogbn-papers100M,FedAvg,256,42,10000.0,606,validation,0.2975,2.9899,0.2975,2.9899,1818,0.10821223258972168,0.10821223258972168,0.5493531227111816,0.6575653553009033,388.1924068927765,0.5493531227111816,0.6575653553009033,388.1924068927765
nc_papers100m_195trainer_0hop_balanced_local_bs256_800r,20260914_202556_ogbn-papers100M_FedAvg_bs256_seed42_beta10000p0,ogbn-papers100M,FedAvg,256,42,10000.0,607,validation,0.2976,2.9889,0.2976,2.9889,1821,0.1077566146850586,0.1077566146850586,0.5329234600067139,0.6406800746917725,388.83308696746826,0.5329234600067139,0.6406800746917725,388.83308696746826
nc_papers100m_195trainer_0hop_balanced_local_bs256_800r,20260914_202556_ogbn-papers100M_FedAvg_bs256_seed42_beta10000p0,ogbn-papers100M,FedAvg,256,42,10000.0,608,validation,0.2978,2.988,0.2978,2.988,1824,0.1084144115447998,0.1084144115447998,0.5306446552276611,0.6390590667724609,389.4721460342407,0.5306446552276611,0.6390590667724609,389.4721460342407
nc_papers100m_195trainer_0hop_balanced_local_bs256_800r,20260914_202556_ogbn-papers100M_FedAvg_bs256_seed42_beta10000p0,ogbn-papers100M,FedAvg,256,42,10000.0,609,validation,0.298,2.9873,0.298,2.9873,1827,0.10691714286804199,0.10691714286804199,0.5278043746948242,0.6347215175628662,390.1068675518036,0.5278043746948242,0.6347215175628662,390.1068675518036
nc_papers100m_195trainer_0hop_balanced_local_bs256_800r,20260914_202556_ogbn-papers100M_FedAvg_bs256_seed42_beta10000p0,ogbn-papers100M,FedAvg,256,42,10000.0,610,validation,0.298,2.9866,0.298,2.9866,1830,0.10686135292053223,0.10686135292053223,0.5428304672241211,0.6496918201446533,390.75655937194824,0.5428304672241211,0.6496918201446533,390.75655937194824
nc_papers100m_195trainer_0hop_balanced_local_bs256_800r,20260914_202556_ogbn-papers100M_FedAvg_bs256_seed42_beta10000p0,ogbn-papers100M,FedAvg,256,42,10000.0,611,validation,0.2981,2.9858,0.2981,2.9858,1833,0.10946202278137207,0.10946202278137207,0.5331478118896484,0.6426098346710205,391.39916920661926,0.5331478118896484,0.6426098346710205,391.39916920661926
nc_papers100m_195trainer_0hop_balanced_local_bs256_800r,20260914_202556_ogbn-papers100M_FedAvg_bs256_seed42_beta10000p0,ogbn-papers100M,FedAvg,256,42,10000.0,612,validation,0.2983,2.985,0.2983,2.985,1836,0.10923457145690918,0.10923457145690918,0.5280201435089111,0.6372547149658203,392.0364239215851,0.5280201435089111,0.6372547149658203,392.0364239215851
nc_papers100m_195trainer_0hop_balanced_local_bs256_800r,20260914_202556_ogbn-papers100M_FedAvg_bs256_seed42_beta10000p0,ogbn-papers100M,FedAvg,256,42,10000.0,613,validation,0.2984,2.9842,0.2984,2.9842,1839,0.10782814025878906,0.10782814025878906,0.5351893901824951,0.6430175304412842,392.67944145202637,0.5351893901824951,0.6430175304412842,392.67944145202637
nc_papers100m_195trainer_0hop_balanced_local_bs256_800r,20260914_202556_ogbn-papers100M_FedAvg_bs256_seed42_beta10000p0,ogbn-papers100M,FedAvg,256,42,10000.0,614,validation,0.2986,2.9834,0.2986,2.9834,1842,0.10903620719909668,0.10903620719909668,0.5324962139129639,0.6415324211120605,393.3209738731384,0.5324962139129639,0.6415324211120605,393.3209738731384
nc_papers100m_195trainer_0hop_balanced_local_bs256_800r,20260914_202556_ogbn-papers100M_FedAvg_bs256_seed42_beta10000p0,ogbn-papers100M,FedAvg,256,42,10000.0,615,validation,0.2987,2.9829,0.2987,2.9829,1845,0.11216402053833008,0.11216402053833008,0.524022102355957,0.6361861228942871,393.9571599960327,0.524022102355957,0.6361861228942871,393.9571599960327
nc_papers100m_195trainer_0hop_balanced_local_bs256_800r,20260914_202556_ogbn-papers100M_FedAvg_bs256_seed42_beta10000p0,ogbn-papers100M,FedAvg,256,42,10000.0,616,validation,0.2988,2.9824,0.2988,2.9824,1848,0.10678458213806152,0.10678458213806152,0.5321104526519775,0.6388950347900391,394.59605503082275,0.5321104526519775,0.6388950347900391,394.59605503082275
nc_papers100m_195trainer_0hop_balanced_local_bs256_800r,20260914_202556_ogbn-papers100M_FedAvg_bs256_seed42_beta10000p0,ogbn-papers100M,FedAvg,256,42,10000.0,617,validation,0.2989,2.9818,0.2989,2.9818,1851,0.10807228088378906,0.10807228088378906,0.5443413257598877,0.6524136066436768,395.24846863746643,0.5443413257598877,0.6524136066436768,395.24846863746643
nc_papers100m_195trainer_0hop_balanced_local_bs256_800r,20260914_202556_ogbn-papers100M_FedAvg_bs256_seed42_beta10000p0,ogbn-papers100M,FedAvg,256,42,10000.0,618,validation,0.2991,2.9808,0.2991,2.9808,1854,0.10712671279907227,0.10712671279907227,0.5295417308807373,0.6366684436798096,395.88513708114624,0.5295417308807373,0.6366684436798096,395.88513708114624
nc_papers100m_195trainer_0hop_balanced_local_bs256_800r,20260914_202556_ogbn-papers100M_FedAvg_bs256_seed42_beta10000p0,ogbn-papers100M,FedAvg,256,42,10000.0,619,validation,0.2993,2.9798,0.2993,2.9798,1857,0.10859036445617676,0.10859036445617676,0.5464096069335938,0.6549999713897705,396.540137052536,0.5464096069335938,0.6549999713897705,396.540137052536
nc_papers100m_195trainer_0hop_balanced_local_bs256_800r,20260914_202556_ogbn-papers100M_FedAvg_bs256_seed42_beta10000p0,ogbn-papers100M,FedAvg,256,42,10000.0,620,validation,0.2996,2.9789,0.2996,2.9789,1860,0.10917472839355469,0.10917472839355469,0.5390980243682861,0.6482727527618408,397.18840980529785,0.5390980243682861,0.6482727527618408,397.18840980529785
nc_papers100m_195trainer_0hop_balanced_local_bs256_800r,20260914_202556_ogbn-papers100M_FedAvg_bs256_seed42_beta10000p0,ogbn-papers100M,FedAvg,256,42,10000.0,621,validation,0.2993,2.9778,0.2993,2.9778,1863,0.10846900939941406,0.10846900939941406,0.5389571189880371,0.6474261283874512,397.8358359336853,0.5389571189880371,0.6474261283874512,397.8358359336853
nc_papers100m_195trainer_0hop_balanced_local_bs256_800r,20260914_202556_ogbn-papers100M_FedAvg_bs256_seed42_beta10000p0,ogbn-papers100M,FedAvg,256,42,10000.0,622,validation,0.2998,2.9769,0.2998,2.9769,1866,0.10983991622924805,0.10983991622924805,0.5182652473449707,0.6281051635742188,398.4639410972595,0.5182652473449707,0.6281051635742188,398.4639410972595
nc_papers100m_195trainer_0hop_balanced_local_bs256_800r,20260914_202556_ogbn-papers100M_FedAvg_bs256_seed42_beta10000p0,ogbn-papers100M,FedAvg,256,42,10000.0,623,validation,0.2996,2.9762,0.2996,2.9762,1869,0.10980415344238281,0.10980415344238281,0.5313174724578857,0.6411216259002686,399.1050627231598,0.5313174724578857,0.6411216259002686,399.1050627231598
nc_papers100m_195trainer_0hop_balanced_local_bs256_800r,20260914_202556_ogbn-papers100M_FedAvg_bs256_seed42_beta10000p0,ogbn-papers100M,FedAvg,256,42,10000.0,624,validation,0.2995,2.9756,0.2995,2.9756,1872,0.10677933692932129,0.10677933692932129,0.5337867736816406,0.6405661106109619,399.74562883377075,0.5337867736816406,0.6405661106109619,399.74562883377075
nc_papers100m_195trainer_0hop_balanced_local_bs256_800r,20260914_202556_ogbn-papers100M_FedAvg_bs256_seed42_beta10000p0,ogbn-papers100M,FedAvg,256,42,10000.0,625,validation,0.2997,2.9748,0.2997,2.9748,1875,0.10916876792907715,0.10916876792907715,0.5224974155426025,0.6316661834716797,400.37729501724243,0.5224974155426025,0.6316661834716797,400.37729501724243
nc_papers100m_195trainer_0hop_balanced_local_bs256_800r,20260914_202556_ogbn-papers100M_FedAvg_bs256_seed42_beta10000p0,ogbn-papers100M,FedAvg,256,42,10000.0,626,validation,0.2999,2.974,0.2999,2.974,1878,0.11013317108154297,0.11013317108154297,0.5265123844146729,0.6366455554962158,401.01394057273865,0.5265123844146729,0.6366455554962158,401.01394057273865
nc_papers100m_195trainer_0hop_balanced_local_bs256_800r,20260914_202556_ogbn-papers100M_FedAvg_bs256_seed42_beta10000p0,ogbn-papers100M,FedAvg,256,42,10000.0,627,validation,0.3001,2.9732,0.3001,2.9732,1881,0.10761284828186035,0.10761284828186035,0.542940616607666,0.6505534648895264,401.6644940376282,0.542940616607666,0.6505534648895264,401.6644940376282
nc_papers100m_195trainer_0hop_balanced_local_bs256_800r,20260914_202556_ogbn-papers100M_FedAvg_bs256_seed42_beta10000p0,ogbn-papers100M,FedAvg,256,42,10000.0,628,validation,0.3003,2.9727,0.3003,2.9727,1884,0.1081540584564209,0.1081540584564209,0.5342445373535156,0.6423985958099365,402.3068926334381,0.5342445373535156,0.6423985958099365,402.3068926334381
nc_papers100m_195trainer_0hop_balanced_local_bs256_800r,20260914_202556_ogbn-papers100M_FedAvg_bs256_seed42_beta10000p0,ogbn-papers100M,FedAvg,256,42,10000.0,629,validation,0.3005,2.9719,0.3005,2.9719,1887,0.10641336441040039,0.10641336441040039,0.5104339122772217,0.6168472766876221,402.92373991012573,0.5104339122772217,0.6168472766876221,402.92373991012573
nc_papers100m_195trainer_0hop_balanced_local_bs256_800r,20260914_202556_ogbn-papers100M_FedAvg_bs256_seed42_beta10000p0,ogbn-papers100M,FedAvg,256,42,10000.0,630,validation,0.3006,2.9709,0.3006,2.9709,1890,0.10998368263244629,0.10998368263244629,0.5382559299468994,0.6482396125793457,403.5719795227051,0.5382559299468994,0.6482396125793457,403.5719795227051
nc_papers100m_195trainer_0hop_balanced_local_bs256_800r,20260914_202556_ogbn-papers100M_FedAvg_bs256_seed42_beta10000p0,ogbn-papers100M,FedAvg,256,42,10000.0,631,validation,0.3006,2.9702,0.3006,2.9702,1893,0.1089315414428711,0.1089315414428711,0.5404729843139648,0.6494045257568359,404.2213840484619,0.5404729843139648,0.6494045257568359,404.2213840484619
nc_papers100m_195trainer_0hop_balanced_local_bs256_800r,20260914_202556_ogbn-papers100M_FedAvg_bs256_seed42_beta10000p0,ogbn-papers100M,FedAvg,256,42,10000.0,632,validation,0.301,2.9693,0.301,2.9693,1896,0.10760235786437988,0.10760235786437988,0.5193777084350586,0.6269800662994385,404.84836411476135,0.5193777084350586,0.6269800662994385,404.84836411476135
nc_papers100m_195trainer_0hop_balanced_local_bs256_800r,20260914_202556_ogbn-papers100M_FedAvg_bs256_seed42_beta10000p0,ogbn-papers100M,FedAvg,256,42,10000.0,633,validation,0.3008,2.9686,0.3008,2.9686,1899,0.1103520393371582,0.1103520393371582,0.5446527004241943,0.6550047397613525,405.5033688545227,0.5446527004241943,0.6550047397613525,405.5033688545227
nc_papers100m_195trainer_0hop_balanced_local_bs256_800r,20260914_202556_ogbn-papers100M_FedAvg_bs256_seed42_beta10000p0,ogbn-papers100M,FedAvg,256,42,10000.0,634,validation,0.3009,2.9676,0.3009,2.9676,1902,0.10848712921142578,0.10848712921142578,0.5400352478027344,0.6485223770141602,406.15189123153687,0.5400352478027344,0.6485223770141602,406.15189123153687
nc_papers100m_195trainer_0hop_balanced_local_bs256_800r,20260914_202556_ogbn-papers100M_FedAvg_bs256_seed42_beta10000p0,ogbn-papers100M,FedAvg,256,42,10000.0,635,validation,0.301,2.9668,0.301,2.9668,1905,0.10658860206604004,0.10658860206604004,0.5328216552734375,0.6394102573394775,406.79130148887634,0.5328216552734375,0.6394102573394775,406.79130148887634
nc_papers100m_195trainer_0hop_balanced_local_bs256_800r,20260914_202556_ogbn-papers100M_FedAvg_bs256_seed42_beta10000p0,ogbn-papers100M,FedAvg,256,42,10000.0,636,validation,0.3013,2.9662,0.3013,2.9662,1908,0.11011433601379395,0.11011433601379395,0.5273134708404541,0.637427806854248,407.4287292957306,0.5273134708404541,0.637427806854248,407.4287292957306
nc_papers100m_195trainer_0hop_balanced_local_bs256_800r,20260914_202556_ogbn-papers100M_FedAvg_bs256_seed42_beta10000p0,ogbn-papers100M,FedAvg,256,42,10000.0,637,validation,0.3016,2.9652,0.3016,2.9652,1911,0.11279535293579102,0.11279535293579102,0.5268504619598389,0.6396458148956299,408.0683751106262,0.5268504619598389,0.6396458148956299,408.0683751106262
nc_papers100m_195trainer_0hop_balanced_local_bs256_800r,20260914_202556_ogbn-papers100M_FedAvg_bs256_seed42_beta10000p0,ogbn-papers100M,FedAvg,256,42,10000.0,638,validation,0.3016,2.9646,0.3016,2.9646,1914,0.10626077651977539,0.10626077651977539,0.5335626602172852,0.6398234367370605,408.7081985473633,0.5335626602172852,0.6398234367370605,408.7081985473633
nc_papers100m_195trainer_0hop_balanced_local_bs256_800r,20260914_202556_ogbn-papers100M_FedAvg_bs256_seed42_beta10000p0,ogbn-papers100M,FedAvg,256,42,10000.0,639,validation,0.3018,2.9636,0.3018,2.9636,1917,0.10754132270812988,0.10754132270812988,0.5279054641723633,0.6354467868804932,409.3436453342438,0.5279054641723633,0.6354467868804932,409.3436453342438
nc_papers100m_195trainer_0hop_balanced_local_bs256_800r,20260914_202556_ogbn-papers100M_FedAvg_bs256_seed42_beta10000p0,ogbn-papers100M,FedAvg,256,42,10000.0,640,validation,0.3021,2.9628,0.3021,2.9628,1920,0.11044836044311523,0.11044836044311523,0.520864725112915,0.6313130855560303,409.9749584197998,0.520864725112915,0.6313130855560303,409.9749584197998
nc_papers100m_195trainer_0hop_balanced_local_bs256_800r,20260914_202556_ogbn-papers100M_FedAvg_bs256_seed42_beta10000p0,ogbn-papers100M,FedAvg,256,42,10000.0,641,validation,0.3022,2.9622,0.3022,2.9622,1923,0.10682797431945801,0.10682797431945801,0.5436949729919434,0.6505229473114014,410.6254813671112,0.5436949729919434,0.6505229473114014,410.6254813671112
nc_papers100m_195trainer_0hop_balanced_local_bs256_800r,20260914_202556_ogbn-papers100M_FedAvg_bs256_seed42_beta10000p0,ogbn-papers100M,FedAvg,256,42,10000.0,642,validation,0.302,2.9615,0.302,2.9615,1926,0.10712933540344238,0.10712933540344238,0.5318341255187988,0.6389634609222412,411.26444482803345,0.5318341255187988,0.6389634609222412,411.26444482803345
nc_papers100m_195trainer_0hop_balanced_local_bs256_800r,20260914_202556_ogbn-papers100M_FedAvg_bs256_seed42_beta10000p0,ogbn-papers100M,FedAvg,256,42,10000.0,643,validation,0.3022,2.9607,0.3022,2.9607,1929,0.10852789878845215,0.10852789878845215,0.5165154933929443,0.6250433921813965,411.88948822021484,0.5165154933929443,0.6250433921813965,411.88948822021484
nc_papers100m_195trainer_0hop_balanced_local_bs256_800r,20260914_202556_ogbn-papers100M_FedAvg_bs256_seed42_beta10000p0,ogbn-papers100M,FedAvg,256,42,10000.0,644,validation,0.3026,2.9598,0.3026,2.9598,1932,0.1069948673248291,0.1069948673248291,0.5346858501434326,0.6416807174682617,412.5311689376831,0.5346858501434326,0.6416807174682617,412.5311689376831
nc_papers100m_195trainer_0hop_balanced_local_bs256_800r,20260914_202556_ogbn-papers100M_FedAvg_bs256_seed42_beta10000p0,ogbn-papers100M,FedAvg,256,42,10000.0,645,validation,0.3026,2.9593,0.3026,2.9593,1935,0.10831212997436523,0.10831212997436523,0.531491756439209,0.6398038864135742,413.1709728240967,0.531491756439209,0.6398038864135742,413.1709728240967
nc_papers100m_195trainer_0hop_balanced_local_bs256_800r,20260914_202556_ogbn-papers100M_FedAvg_bs256_seed42_beta10000p0,ogbn-papers100M,FedAvg,256,42,10000.0,646,validation,0.3029,2.9581,0.3029,2.9581,1938,0.10856986045837402,0.10856986045837402,0.5164055824279785,0.6249754428863525,413.79594826698303,0.5164055824279785,0.6249754428863525,413.79594826698303
nc_papers100m_195trainer_0hop_balanced_local_bs256_800r,20260914_202556_ogbn-papers100M_FedAvg_bs256_seed42_beta10000p0,ogbn-papers100M,FedAvg,256,42,10000.0,647,validation,0.3032,2.9571,0.3032,2.9571,1941,0.10598468780517578,0.10598468780517578,0.5662617683410645,0.6722464561462402,414.4681947231293,0.5662617683410645,0.6722464561462402,414.4681947231293
nc_papers100m_195trainer_0hop_balanced_local_bs256_800r,20260914_202556_ogbn-papers100M_FedAvg_bs256_seed42_beta10000p0,ogbn-papers100M,FedAvg,256,42,10000.0,648,validation,0.3031,2.9566,0.3031,2.9566,1944,0.11307358741760254,0.11307358741760254,0.5319356918334961,0.6450092792510986,415.11320400238037,0.5319356918334961,0.6450092792510986,415.11320400238037
nc_papers100m_195trainer_0hop_balanced_local_bs256_800r,20260914_202556_ogbn-papers100M_FedAvg_bs256_seed42_beta10000p0,ogbn-papers100M,FedAvg,256,42,10000.0,649,validation,0.3033,2.9556,0.3033,2.9556,1947,0.11153650283813477,0.11153650283813477,0.524766206741333,0.6363027095794678,415.74950671195984,0.524766206741333,0.6363027095794678,415.74950671195984
nc_papers100m_195trainer_0hop_balanced_local_bs256_800r,20260914_202556_ogbn-papers100M_FedAvg_bs256_seed42_beta10000p0,ogbn-papers100M,FedAvg,256,42,10000.0,650,validation,0.3033,2.9548,0.3033,2.9548,1950,0.10748124122619629,0.10748124122619629,0.5270845890045166,0.6345658302307129,416.38407254219055,0.5270845890045166,0.6345658302307129,416.38407254219055
nc_papers100m_195trainer_0hop_balanced_local_bs256_800r,20260914_202556_ogbn-papers100M_FedAvg_bs256_seed42_beta10000p0,ogbn-papers100M,FedAvg,256,42,10000.0,651,validation,0.3036,2.9543,0.3036,2.9543,1953,0.10717511177062988,0.10717511177062988,0.5395781993865967,0.6467533111572266,417.0308258533478,0.5395781993865967,0.6467533111572266,417.0308258533478
nc_papers100m_195trainer_0hop_balanced_local_bs256_800r,20260914_202556_ogbn-papers100M_FedAvg_bs256_seed42_beta10000p0,ogbn-papers100M,FedAvg,256,42,10000.0,652,validation,0.3039,2.9535,0.3039,2.9535,1956,0.10711407661437988,0.10711407661437988,0.5274713039398193,0.6345853805541992,417.665411233902,0.5274713039398193,0.6345853805541992,417.665411233902
nc_papers100m_195trainer_0hop_balanced_local_bs256_800r,20260914_202556_ogbn-papers100M_FedAvg_bs256_seed42_beta10000p0,ogbn-papers100M,FedAvg,256,42,10000.0,653,validation,0.3038,2.9526,0.3038,2.9526,1959,0.11155986785888672,0.11155986785888672,0.5256192684173584,0.6371791362762451,418.3025903701782,0.5256192684173584,0.6371791362762451,418.3025903701782
nc_papers100m_195trainer_0hop_balanced_local_bs256_800r,20260914_202556_ogbn-papers100M_FedAvg_bs256_seed42_beta10000p0,ogbn-papers100M,FedAvg,256,42,10000.0,654,validation,0.3042,2.9518,0.3042,2.9518,1962,0.11041879653930664,0.11041879653930664,0.5155088901519775,0.6259276866912842,418.9285180568695,0.5155088901519775,0.6259276866912842,418.9285180568695
nc_papers100m_195trainer_0hop_balanced_local_bs256_800r,20260914_202556_ogbn-papers100M_FedAvg_bs256_seed42_beta10000p0,ogbn-papers100M,FedAvg,256,42,10000.0,655,validation,0.3043,2.9512,0.3043,2.9512,1965,0.10923337936401367,0.10923337936401367,0.5306930541992188,0.6399264335632324,419.56844449043274,0.5306930541992188,0.6399264335632324,419.56844449043274
nc_papers100m_195trainer_0hop_balanced_local_bs256_800r,20260914_202556_ogbn-papers100M_FedAvg_bs256_seed42_beta10000p0,ogbn-papers100M,FedAvg,256,42,10000.0,656,validation,0.3045,2.9506,0.3045,2.9506,1968,0.10868716239929199,0.10868716239929199,0.5280027389526367,0.6366899013519287,420.20513439178467,0.5280027389526367,0.6366899013519287,420.20513439178467
nc_papers100m_195trainer_0hop_balanced_local_bs256_800r,20260914_202556_ogbn-papers100M_FedAvg_bs256_seed42_beta10000p0,ogbn-papers100M,FedAvg,256,42,10000.0,657,validation,0.3045,2.95,0.3045,2.95,1971,0.11070370674133301,0.11070370674133301,0.5382707118988037,0.6489744186401367,420.8541088104248,0.5382707118988037,0.6489744186401367,420.8541088104248
nc_papers100m_195trainer_0hop_balanced_local_bs256_800r,20260914_202556_ogbn-papers100M_FedAvg_bs256_seed42_beta10000p0,ogbn-papers100M,FedAvg,256,42,10000.0,658,validation,0.3047,2.9492,0.3047,2.9492,1974,0.10956645011901855,0.10956645011901855,0.5323565006256104,0.6419229507446289,421.49603176116943,0.5323565006256104,0.6419229507446289,421.49603176116943
nc_papers100m_195trainer_0hop_balanced_local_bs256_800r,20260914_202556_ogbn-papers100M_FedAvg_bs256_seed42_beta10000p0,ogbn-papers100M,FedAvg,256,42,10000.0,659,validation,0.3047,2.9485,0.3047,2.9485,1977,0.10904335975646973,0.10904335975646973,0.5250072479248047,0.6340506076812744,422.1300823688507,0.5250072479248047,0.6340506076812744,422.1300823688507
nc_papers100m_195trainer_0hop_balanced_local_bs256_800r,20260914_202556_ogbn-papers100M_FedAvg_bs256_seed42_beta10000p0,ogbn-papers100M,FedAvg,256,42,10000.0,660,validation,0.3046,2.9478,0.3046,2.9478,1980,0.10942816734313965,0.10942816734313965,0.522242546081543,0.6316707134246826,422.7617530822754,0.522242546081543,0.6316707134246826,422.7617530822754
nc_papers100m_195trainer_0hop_balanced_local_bs256_800r,20260914_202556_ogbn-papers100M_FedAvg_bs256_seed42_beta10000p0,ogbn-papers100M,FedAvg,256,42,10000.0,661,validation,0.3046,2.947,0.3046,2.947,1983,0.1081540584564209,0.1081540584564209,0.5476808547973633,0.6558349132537842,423.4175879955292,0.5476808547973633,0.6558349132537842,423.4175879955292
nc_papers100m_195trainer_0hop_balanced_local_bs256_800r,20260914_202556_ogbn-papers100M_FedAvg_bs256_seed42_beta10000p0,ogbn-papers100M,FedAvg,256,42,10000.0,662,validation,0.3046,2.9464,0.3046,2.9464,1986,0.10779452323913574,0.10779452323913574,0.5201020240783691,0.6278965473175049,424.0454845428467,0.5201020240783691,0.6278965473175049,424.0454845428467
nc_papers100m_195trainer_0hop_balanced_local_bs256_800r,20260914_202556_ogbn-papers100M_FedAvg_bs256_seed42_beta10000p0,ogbn-papers100M,FedAvg,256,42,10000.0,663,validation,0.3048,2.946,0.3048,2.946,1989,0.10854458808898926,0.10854458808898926,0.5273032188415527,0.635847806930542,424.6813323497772,0.5273032188415527,0.635847806930542,424.6813323497772
nc_papers100m_195trainer_0hop_balanced_local_bs256_800r,20260914_202556_ogbn-papers100M_FedAvg_bs256_seed42_beta10000p0,ogbn-papers100M,FedAvg,256,42,10000.0,664,validation,0.3048,2.9449,0.3048,2.9449,1992,0.11517548561096191,0.11517548561096191,0.5273838043212891,0.642559289932251,425.3238916397095,0.5273838043212891,0.642559289932251,425.3238916397095
nc_papers100m_195trainer_0hop_balanced_local_bs256_800r,20260914_202556_ogbn-papers100M_FedAvg_bs256_seed42_beta10000p0,ogbn-papers100M,FedAvg,256,42,10000.0,665,validation,0.3051,2.9443,0.3051,2.9443,1995,0.11005139350891113,0.11005139350891113,0.5266084671020508,0.6366598606109619,425.96055150032043,0.5266084671020508,0.6366598606109619,425.96055150032043
nc_papers100m_195trainer_0hop_balanced_local_bs256_800r,20260914_202556_ogbn-papers100M_FedAvg_bs256_seed42_beta10000p0,ogbn-papers100M,FedAvg,256,42,10000.0,666,validation,0.3052,2.9434,0.3052,2.9434,1998,0.1115262508392334,0.1115262508392334,0.5199995040893555,0.6315257549285889,426.592077255249,0.5199995040893555,0.6315257549285889,426.592077255249
nc_papers100m_195trainer_0hop_balanced_local_bs256_800r,20260914_202556_ogbn-papers100M_FedAvg_bs256_seed42_beta10000p0,ogbn-papers100M,FedAvg,256,42,10000.0,667,validation,0.3052,2.9425,0.3052,2.9425,2001,0.10823225975036621,0.10823225975036621,0.5255722999572754,0.6338045597076416,427.22588181495667,0.5255722999572754,0.6338045597076416,427.22588181495667
nc_papers100m_195trainer_0hop_balanced_local_bs256_800r,20260914_202556_ogbn-papers100M_FedAvg_bs256_seed42_beta10000p0,ogbn-papers100M,FedAvg,256,42,10000.0,668,validation,0.3052,2.942,0.3052,2.942,2004,0.1074221134185791,0.1074221134185791,0.5351567268371582,0.6425788402557373,427.8684606552124,0.5351567268371582,0.6425788402557373,427.8684606552124
nc_papers100m_195trainer_0hop_balanced_local_bs256_800r,20260914_202556_ogbn-papers100M_FedAvg_bs256_seed42_beta10000p0,ogbn-papers100M,FedAvg,256,42,10000.0,669,validation,0.3057,2.9412,0.3057,2.9412,2007,0.10663294792175293,0.10663294792175293,0.525763750076294,0.6323966979980469,428.50085735321045,0.525763750076294,0.6323966979980469,428.50085735321045
nc_papers100m_195trainer_0hop_balanced_local_bs256_800r,20260914_202556_ogbn-papers100M_FedAvg_bs256_seed42_beta10000p0,ogbn-papers100M,FedAvg,256,42,10000.0,670,validation,0.306,2.9402,0.306,2.9402,2010,0.10776472091674805,0.10776472091674805,0.5199644565582275,0.6277291774749756,429.1285865306854,0.5199644565582275,0.6277291774749756,429.1285865306854
nc_papers100m_195trainer_0hop_balanced_local_bs256_800r,20260914_202556_ogbn-papers100M_FedAvg_bs256_seed42_beta10000p0,ogbn-papers100M,FedAvg,256,42,10000.0,671,validation,0.3057,2.9395,0.3057,2.9395,2013,0.11702680587768555,0.11702680587768555,0.5253441333770752,0.6423709392547607,429.7709574699402,0.5253441333770752,0.6423709392547607,429.7709574699402
nc_papers100m_195trainer_0hop_balanced_local_bs256_800r,20260914_202556_ogbn-papers100M_FedAvg_bs256_seed42_beta10000p0,ogbn-papers100M,FedAvg,256,42,10000.0,672,validation,0.3056,2.939,0.3056,2.939,2016,0.10702633857727051,0.10702633857727051,0.5281636714935303,0.6351900100708008,430.406147480011,0.5281636714935303,0.6351900100708008,430.406147480011
nc_papers100m_195trainer_0hop_balanced_local_bs256_800r,20260914_202556_ogbn-papers100M_FedAvg_bs256_seed42_beta10000p0,ogbn-papers100M,FedAvg,256,42,10000.0,673,validation,0.3058,2.9384,0.3058,2.9384,2019,0.10703349113464355,0.10703349113464355,0.5120728015899658,0.6191062927246094,431.0252537727356,0.5120728015899658,0.6191062927246094,431.0252537727356
nc_papers100m_195trainer_0hop_balanced_local_bs256_800r,20260914_202556_ogbn-papers100M_FedAvg_bs256_seed42_beta10000p0,ogbn-papers100M,FedAvg,256,42,10000.0,674,validation,0.306,2.9378,0.306,2.9378,2022,0.1131601333618164,0.1131601333618164,0.5235352516174316,0.636695384979248,431.66194915771484,0.5235352516174316,0.636695384979248,431.66194915771484
nc_papers100m_195trainer_0hop_balanced_local_bs256_800r,20260914_202556_ogbn-papers100M_FedAvg_bs256_seed42_beta10000p0,ogbn-papers100M,FedAvg,256,42,10000.0,675,validation,0.3062,2.9375,0.3062,2.9375,2025,0.1070699691772461,0.1070699691772461,0.5378196239471436,0.6448895931243896,432.30683875083923,0.5378196239471436,0.6448895931243896,432.30683875083923
nc_papers100m_195trainer_0hop_balanced_local_bs256_800r,20260914_202556_ogbn-papers100M_FedAvg_bs256_seed42_beta10000p0,ogbn-papers100M,FedAvg,256,42,10000.0,676,validation,0.3062,2.9367,0.3062,2.9367,2028,0.10835003852844238,0.10835003852844238,0.5211594104766846,0.629509449005127,432.93634819984436,0.5211594104766846,0.629509449005127,432.93634819984436
nc_papers100m_195trainer_0hop_balanced_local_bs256_800r,20260914_202556_ogbn-papers100M_FedAvg_bs256_seed42_beta10000p0,ogbn-papers100M,FedAvg,256,42,10000.0,677,validation,0.3067,2.9358,0.3067,2.9358,2031,0.10787749290466309,0.10787749290466309,0.5236680507659912,0.6315455436706543,433.567893743515,0.5236680507659912,0.6315455436706543,433.567893743515
nc_papers100m_195trainer_0hop_balanced_local_bs256_800r,20260914_202556_ogbn-papers100M_FedAvg_bs256_seed42_beta10000p0,ogbn-papers100M,FedAvg,256,42,10000.0,678,validation,0.3067,2.9352,0.3067,2.9352,2034,0.10818600654602051,0.10818600654602051,0.5343787670135498,0.6425647735595703,434.2104585170746,0.5343787670135498,0.6425647735595703,434.2104585170746
nc_papers100m_195trainer_0hop_balanced_local_bs256_800r,20260914_202556_ogbn-papers100M_FedAvg_bs256_seed42_beta10000p0,ogbn-papers100M,FedAvg,256,42,10000.0,679,validation,0.3068,2.9343,0.3068,2.9343,2037,0.10773801803588867,0.10773801803588867,0.5289595127105713,0.63669753074646,434.84715604782104,0.5289595127105713,0.63669753074646,434.84715604782104
nc_papers100m_195trainer_0hop_balanced_local_bs256_800r,20260914_202556_ogbn-papers100M_FedAvg_bs256_seed42_beta10000p0,ogbn-papers100M,FedAvg,256,42,10000.0,680,validation,0.3071,2.9336,0.3071,2.9336,2040,0.1127159595489502,0.1127159595489502,0.5214841365814209,0.6342000961303711,435.4813561439514,0.5214841365814209,0.6342000961303711,435.4813561439514
nc_papers100m_195trainer_0hop_balanced_local_bs256_800r,20260914_202556_ogbn-papers100M_FedAvg_bs256_seed42_beta10000p0,ogbn-papers100M,FedAvg,256,42,10000.0,681,validation,0.3069,2.9328,0.3069,2.9328,2043,0.11753726005554199,0.11753726005554199,0.5215845108032227,0.6391217708587646,436.1204779148102,0.5215845108032227,0.6391217708587646,436.1204779148102
nc_papers100m_195trainer_0hop_balanced_local_bs256_800r,20260914_202556_ogbn-papers100M_FedAvg_bs256_seed42_beta10000p0,ogbn-papers100M,FedAvg,256,42,10000.0,682,validation,0.3069,2.932,0.3069,2.932,2046,0.10810112953186035,0.10810112953186035,0.5282752513885498,0.6363763809204102,436.7568542957306,0.5282752513885498,0.6363763809204102,436.7568542957306
nc_papers100m_195trainer_0hop_balanced_local_bs256_800r,20260914_202556_ogbn-papers100M_FedAvg_bs256_seed42_beta10000p0,ogbn-papers100M,FedAvg,256,42,10000.0,683,validation,0.3073,2.9315,0.3073,2.9315,2049,0.10504841804504395,0.10504841804504395,0.5172238349914551,0.622272253036499,437.3791265487671,0.5172238349914551,0.622272253036499,437.3791265487671
nc_papers100m_195trainer_0hop_balanced_local_bs256_800r,20260914_202556_ogbn-papers100M_FedAvg_bs256_seed42_beta10000p0,ogbn-papers100M,FedAvg,256,42,10000.0,684,validation,0.3073,2.9308,0.3073,2.9308,2052,0.1090555191040039,0.1090555191040039,0.5232887268066406,0.6323442459106445,438.01147079467773,0.5232887268066406,0.6323442459106445,438.01147079467773
nc_papers100m_195trainer_0hop_balanced_local_bs256_800r,20260914_202556_ogbn-papers100M_FedAvg_bs256_seed42_beta10000p0,ogbn-papers100M,FedAvg,256,42,10000.0,685,validation,0.3076,2.9299,0.3076,2.9299,2055,0.10814785957336426,0.10814785957336426,0.5238442420959473,0.6319921016693115,438.64346289634705,0.5238442420959473,0.6319921016693115,438.64346289634705
nc_papers100m_195trainer_0hop_balanced_local_bs256_800r,20260914_202556_ogbn-papers100M_FedAvg_bs256_seed42_beta10000p0,ogbn-papers100M,FedAvg,256,42,10000.0,686,validation,0.3075,2.9294,0.3075,2.9294,2058,0.11095023155212402,0.11095023155212402,0.5239741802215576,0.6349244117736816,439.2783873081207,0.5239741802215576,0.6349244117736816,439.2783873081207
nc_papers100m_195trainer_0hop_balanced_local_bs256_800r,20260914_202556_ogbn-papers100M_FedAvg_bs256_seed42_beta10000p0,ogbn-papers100M,FedAvg,256,42,10000.0,687,validation,0.308,2.9287,0.308,2.9287,2061,0.10750293731689453,0.10750293731689453,0.5150864124298096,0.6225893497467041,439.90097665786743,0.5150864124298096,0.6225893497467041,439.90097665786743
nc_papers100m_195trainer_0hop_balanced_local_bs256_800r,20260914_202556_ogbn-papers100M_FedAvg_bs256_seed42_beta10000p0,ogbn-papers100M,FedAvg,256,42,10000.0,688,validation,0.3079,2.9278,0.3079,2.9278,2064,0.10948514938354492,0.10948514938354492,0.5335924625396729,0.6430776119232178,440.54405426979065,0.5335924625396729,0.6430776119232178,440.54405426979065
nc_papers100m_195trainer_0hop_balanced_local_bs256_800r,20260914_202556_ogbn-papers100M_FedAvg_bs256_seed42_beta10000p0,ogbn-papers100M,FedAvg,256,42,10000.0,689,validation,0.3079,2.927,0.3079,2.927,2067,0.10719847679138184,0.10719847679138184,0.5552775859832764,0.6624760627746582,441.2065303325653,0.5552775859832764,0.6624760627746582,441.2065303325653
nc_papers100m_195trainer_0hop_balanced_local_bs256_800r,20260914_202556_ogbn-papers100M_FedAvg_bs256_seed42_beta10000p0,ogbn-papers100M,FedAvg,256,42,10000.0,690,validation,0.308,2.9264,0.308,2.9264,2070,0.10700607299804688,0.10700607299804688,0.519707441329956,0.6267135143280029,441.8332438468933,0.519707441329956,0.6267135143280029,441.8332438468933
nc_papers100m_195trainer_0hop_balanced_local_bs256_800r,20260914_202556_ogbn-papers100M_FedAvg_bs256_seed42_beta10000p0,ogbn-papers100M,FedAvg,256,42,10000.0,691,validation,0.3082,2.926,0.3082,2.926,2073,0.11454153060913086,0.11454153060913086,0.526923656463623,0.6414651870727539,442.47470903396606,0.526923656463623,0.6414651870727539,442.47470903396606
nc_papers100m_195trainer_0hop_balanced_local_bs256_800r,20260914_202556_ogbn-papers100M_FedAvg_bs256_seed42_beta10000p0,ogbn-papers100M,FedAvg,256,42,10000.0,692,validation,0.3083,2.9251,0.3083,2.9251,2076,0.10720348358154297,0.10720348358154297,0.5348856449127197,0.6420891284942627,443.1167981624603,0.5348856449127197,0.6420891284942627,443.1167981624603
nc_papers100m_195trainer_0hop_balanced_local_bs256_800r,20260914_202556_ogbn-papers100M_FedAvg_bs256_seed42_beta10000p0,ogbn-papers100M,FedAvg,256,42,10000.0,693,validation,0.3083,2.9242,0.3083,2.9242,2079,0.10548925399780273,0.10548925399780273,0.5261623859405518,0.6316516399383545,443.7484498023987,0.5261623859405518,0.6316516399383545,443.7484498023987
nc_papers100m_195trainer_0hop_balanced_local_bs256_800r,20260914_202556_ogbn-papers100M_FedAvg_bs256_seed42_beta10000p0,ogbn-papers100M,FedAvg,256,42,10000.0,694,validation,0.3085,2.9235,0.3085,2.9235,2082,0.10845708847045898,0.10845708847045898,0.5136854648590088,0.6221425533294678,444.37059235572815,0.5136854648590088,0.6221425533294678,444.37059235572815
nc_papers100m_195trainer_0hop_balanced_local_bs256_800r,20260914_202556_ogbn-papers100M_FedAvg_bs256_seed42_beta10000p0,ogbn-papers100M,FedAvg,256,42,10000.0,695,validation,0.3086,2.9229,0.3086,2.9229,2085,0.10749554634094238,0.10749554634094238,0.5341613292694092,0.6416568756103516,445.0122492313385,0.5341613292694092,0.6416568756103516,445.0122492313385
nc_papers100m_195trainer_0hop_balanced_local_bs256_800r,20260914_202556_ogbn-papers100M_FedAvg_bs256_seed42_beta10000p0,ogbn-papers100M,FedAvg,256,42,10000.0,696,validation,0.3087,2.9224,0.3087,2.9224,2088,0.10985016822814941,0.10985016822814941,0.5201339721679688,0.6299841403961182,445.6422333717346,0.5201339721679688,0.6299841403961182,445.6422333717346
nc_papers100m_195trainer_0hop_balanced_local_bs256_800r,20260914_202556_ogbn-papers100M_FedAvg_bs256_seed42_beta10000p0,ogbn-papers100M,FedAvg,256,42,10000.0,697,validation,0.3087,2.9216,0.3087,2.9216,2091,0.10882377624511719,0.10882377624511719,0.5169880390167236,0.6258118152618408,446.26804518699646,0.5169880390167236,0.6258118152618408,446.26804518699646
nc_papers100m_195trainer_0hop_balanced_local_bs256_800r,20260914_202556_ogbn-papers100M_FedAvg_bs256_seed42_beta10000p0,ogbn-papers100M,FedAvg,256,42,10000.0,698,validation,0.3089,2.9208,0.3089,2.9208,2094,0.10990738868713379,0.10990738868713379,0.537125825881958,0.6470332145690918,446.91507840156555,0.537125825881958,0.6470332145690918,446.91507840156555
nc_papers100m_195trainer_0hop_balanced_local_bs256_800r,20260914_202556_ogbn-papers100M_FedAvg_bs256_seed42_beta10000p0,ogbn-papers100M,FedAvg,256,42,10000.0,699,validation,0.3092,2.9201,0.3092,2.9201,2097,0.10719466209411621,0.10719466209411621,0.521442174911499,0.6286368370056152,447.54371523857117,0.521442174911499,0.6286368370056152,447.54371523857117
nc_papers100m_195trainer_0hop_balanced_local_bs256_800r,20260914_202556_ogbn-papers100M_FedAvg_bs256_seed42_beta10000p0,ogbn-papers100M,FedAvg,256,42,10000.0,700,validation,0.3095,2.9195,0.3095,2.9195,2100,0.10580945014953613,0.10580945014953613,0.5155093669891357,0.6213188171386719,448.16503405570984,0.5155093669891357,0.6213188171386719,448.16503405570984
nc_papers100m_195trainer_0hop_balanced_local_bs256_800r,20260914_202556_ogbn-papers100M_FedAvg_bs256_seed42_beta10000p0,ogbn-papers100M,FedAvg,256,42,10000.0,701,validation,0.3096,2.9194,0.3096,2.9194,2103,0.1137247085571289,0.1137247085571289,0.5235180854797363,0.6372427940368652,448.8022768497467,0.5235180854797363,0.6372427940368652,448.8022768497467
nc_papers100m_195trainer_0hop_balanced_local_bs256_800r,20260914_202556_ogbn-papers100M_FedAvg_bs256_seed42_beta10000p0,ogbn-papers100M,FedAvg,256,42,10000.0,702,validation,0.3097,2.9185,0.3097,2.9185,2106,0.1073606014251709,0.1073606014251709,0.5300924777984619,0.6374530792236328,449.43972992897034,0.5300924777984619,0.6374530792236328,449.43972992897034
nc_papers100m_195trainer_0hop_balanced_local_bs256_800r,20260914_202556_ogbn-papers100M_FedAvg_bs256_seed42_beta10000p0,ogbn-papers100M,FedAvg,256,42,10000.0,703,validation,0.3095,2.9177,0.3095,2.9177,2109,0.10909700393676758,0.10909700393676758,0.5625524520874023,0.6716494560241699,450.1113793849945,0.5625524520874023,0.6716494560241699,450.1113793849945
nc_papers100m_195trainer_0hop_balanced_local_bs256_800r,20260914_202556_ogbn-papers100M_FedAvg_bs256_seed42_beta10000p0,ogbn-papers100M,FedAvg,256,42,10000.0,704,validation,0.3096,2.9167,0.3096,2.9167,2112,0.10860490798950195,0.10860490798950195,0.5138955116271973,0.6225004196166992,450.7338798046112,0.5138955116271973,0.6225004196166992,450.7338798046112
nc_papers100m_195trainer_0hop_balanced_local_bs256_800r,20260914_202556_ogbn-papers100M_FedAvg_bs256_seed42_beta10000p0,ogbn-papers100M,FedAvg,256,42,10000.0,705,validation,0.3099,2.9159,0.3099,2.9159,2115,0.10811090469360352,0.10811090469360352,0.5270066261291504,0.6351175308227539,451.36899733543396,0.5270066261291504,0.6351175308227539,451.36899733543396
nc_papers100m_195trainer_0hop_balanced_local_bs256_800r,20260914_202556_ogbn-papers100M_FedAvg_bs256_seed42_beta10000p0,ogbn-papers100M,FedAvg,256,42,10000.0,706,validation,0.3099,2.9156,0.3099,2.9156,2118,0.10762333869934082,0.10762333869934082,0.5270302295684814,0.6346535682678223,452.0036509037018,0.5270302295684814,0.6346535682678223,452.0036509037018
nc_papers100m_195trainer_0hop_balanced_local_bs256_800r,20260914_202556_ogbn-papers100M_FedAvg_bs256_seed42_beta10000p0,ogbn-papers100M,FedAvg,256,42,10000.0,707,validation,0.3104,2.9151,0.3104,2.9151,2121,0.10748624801635742,0.10748624801635742,0.5145778656005859,0.6220641136169434,452.6257150173187,0.5145778656005859,0.6220641136169434,452.6257150173187
nc_papers100m_195trainer_0hop_balanced_local_bs256_800r,20260914_202556_ogbn-papers100M_FedAvg_bs256_seed42_beta10000p0,ogbn-papers100M,FedAvg,256,42,10000.0,708,validation,0.3103,2.9148,0.3103,2.9148,2124,0.10619735717773438,0.10619735717773438,0.5320448875427246,0.638242244720459,453.2639572620392,0.5320448875427246,0.638242244720459,453.2639572620392
nc_papers100m_195trainer_0hop_balanced_local_bs256_800r,20260914_202556_ogbn-papers100M_FedAvg_bs256_seed42_beta10000p0,ogbn-papers100M,FedAvg,256,42,10000.0,709,validation,0.3101,2.9137,0.3101,2.9137,2127,0.10871338844299316,0.10871338844299316,0.5250966548919678,0.6338100433349609,453.89776730537415,0.5250966548919678,0.6338100433349609,453.89776730537415
nc_papers100m_195trainer_0hop_balanced_local_bs256_800r,20260914_202556_ogbn-papers100M_FedAvg_bs256_seed42_beta10000p0,ogbn-papers100M,FedAvg,256,42,10000.0,710,validation,0.3105,2.9128,0.3105,2.9128,2130,0.1090235710144043,0.1090235710144043,0.511265754699707,0.6202893257141113,454.51805663108826,0.511265754699707,0.6202893257141113,454.51805663108826
nc_papers100m_195trainer_0hop_balanced_local_bs256_800r,20260914_202556_ogbn-papers100M_FedAvg_bs256_seed42_beta10000p0,ogbn-papers100M,FedAvg,256,42,10000.0,711,validation,0.3109,2.9121,0.3109,2.9121,2133,0.11642718315124512,0.11642718315124512,0.5141692161560059,0.630596399307251,455.1486530303955,0.5141692161560059,0.630596399307251,455.1486530303955
nc_papers100m_195trainer_0hop_balanced_local_bs256_800r,20260914_202556_ogbn-papers100M_FedAvg_bs256_seed42_beta10000p0,ogbn-papers100M,FedAvg,256,42,10000.0,712,validation,0.3111,2.9115,0.3111,2.9115,2136,0.10538029670715332,0.10538029670715332,0.5306472778320312,0.6360275745391846,455.7846806049347,0.5306472778320312,0.6360275745391846,455.7846806049347
nc_papers100m_195trainer_0hop_balanced_local_bs256_800r,20260914_202556_ogbn-papers100M_FedAvg_bs256_seed42_beta10000p0,ogbn-papers100M,FedAvg,256,42,10000.0,713,validation,0.311,2.9111,0.311,2.9111,2139,0.11003661155700684,0.11003661155700684,0.5208954811096191,0.630932092666626,456.4156126976013,0.5208954811096191,0.630932092666626,456.4156126976013
nc_papers100m_195trainer_0hop_balanced_local_bs256_800r,20260914_202556_ogbn-papers100M_FedAvg_bs256_seed42_beta10000p0,ogbn-papers100M,FedAvg,256,42,10000.0,714,validation,0.311,2.9102,0.311,2.9102,2142,0.10898876190185547,0.10898876190185547,0.5292668342590332,0.6382555961608887,457.0538682937622,0.5292668342590332,0.6382555961608887,457.0538682937622
nc_papers100m_195trainer_0hop_balanced_local_bs256_800r,20260914_202556_ogbn-papers100M_FedAvg_bs256_seed42_beta10000p0,ogbn-papers100M,FedAvg,256,42,10000.0,715,validation,0.3112,2.9096,0.3112,2.9096,2145,0.10946178436279297,0.10946178436279297,0.5272860527038574,0.6367478370666504,457.69061613082886,0.5272860527038574,0.6367478370666504,457.69061613082886
nc_papers100m_195trainer_0hop_balanced_local_bs256_800r,20260914_202556_ogbn-papers100M_FedAvg_bs256_seed42_beta10000p0,ogbn-papers100M,FedAvg,256,42,10000.0,716,validation,0.3114,2.9086,0.3114,2.9086,2148,0.10673022270202637,0.10673022270202637,0.5270435810089111,0.6337738037109375,458.3243899345398,0.5270435810089111,0.6337738037109375,458.3243899345398
nc_papers100m_195trainer_0hop_balanced_local_bs256_800r,20260914_202556_ogbn-papers100M_FedAvg_bs256_seed42_beta10000p0,ogbn-papers100M,FedAvg,256,42,10000.0,717,validation,0.3113,2.908,0.3113,2.908,2151,0.10808157920837402,0.10808157920837402,0.5395298004150391,0.6476113796234131,458.9720013141632,0.5395298004150391,0.6476113796234131,458.9720013141632
nc_papers100m_195trainer_0hop_balanced_local_bs256_800r,20260914_202556_ogbn-papers100M_FedAvg_bs256_seed42_beta10000p0,ogbn-papers100M,FedAvg,256,42,10000.0,718,validation,0.3114,2.9073,0.3114,2.9073,2154,0.10909819602966309,0.10909819602966309,0.5258195400238037,0.6349177360534668,459.6069190502167,0.5258195400238037,0.6349177360534668,459.6069190502167
nc_papers100m_195trainer_0hop_balanced_local_bs256_800r,20260914_202556_ogbn-papers100M_FedAvg_bs256_seed42_beta10000p0,ogbn-papers100M,FedAvg,256,42,10000.0,719,validation,0.3117,2.9067,0.3117,2.9067,2157,0.11122798919677734,0.11122798919677734,0.5334367752075195,0.6446647644042969,460.251583814621,0.5334367752075195,0.6446647644042969,460.251583814621
nc_papers100m_195trainer_0hop_balanced_local_bs256_800r,20260914_202556_ogbn-papers100M_FedAvg_bs256_seed42_beta10000p0,ogbn-papers100M,FedAvg,256,42,10000.0,720,validation,0.3117,2.9061,0.3117,2.9061,2160,0.10984468460083008,0.10984468460083008,0.522916316986084,0.6327610015869141,460.8843448162079,0.522916316986084,0.6327610015869141,460.8843448162079
nc_papers100m_195trainer_0hop_balanced_local_bs256_800r,20260914_202556_ogbn-papers100M_FedAvg_bs256_seed42_beta10000p0,ogbn-papers100M,FedAvg,256,42,10000.0,721,validation,0.3119,2.9056,0.3119,2.9056,2163,0.10873770713806152,0.10873770713806152,0.5176384449005127,0.6263761520385742,461.51072096824646,0.5176384449005127,0.6263761520385742,461.51072096824646
nc_papers100m_195trainer_0hop_balanced_local_bs256_800r,20260914_202556_ogbn-papers100M_FedAvg_bs256_seed42_beta10000p0,ogbn-papers100M,FedAvg,256,42,10000.0,722,validation,0.3122,2.9049,0.3122,2.9049,2166,0.10721182823181152,0.10721182823181152,0.5363559722900391,0.6435678005218506,462.1542887687683,0.5363559722900391,0.6435678005218506,462.1542887687683
nc_papers100m_195trainer_0hop_balanced_local_bs256_800r,20260914_202556_ogbn-papers100M_FedAvg_bs256_seed42_beta10000p0,ogbn-papers100M,FedAvg,256,42,10000.0,723,validation,0.3122,2.9043,0.3122,2.9043,2169,0.10779166221618652,0.10779166221618652,0.5189480781555176,0.6267397403717041,462.78102850914,0.5189480781555176,0.6267397403717041,462.78102850914
nc_papers100m_195trainer_0hop_balanced_local_bs256_800r,20260914_202556_ogbn-papers100M_FedAvg_bs256_seed42_beta10000p0,ogbn-papers100M,FedAvg,256,42,10000.0,724,validation,0.3122,2.9039,0.3122,2.9039,2172,0.11163139343261719,0.11163139343261719,0.5206553936004639,0.632286787033081,463.4133152961731,0.5206553936004639,0.632286787033081,463.4133152961731
nc_papers100m_195trainer_0hop_balanced_local_bs256_800r,20260914_202556_ogbn-papers100M_FedAvg_bs256_seed42_beta10000p0,ogbn-papers100M,FedAvg,256,42,10000.0,725,validation,0.3124,2.9029,0.3124,2.9029,2175,0.11181902885437012,0.11181902885437012,0.5387988090515137,0.6506178379058838,464.063933134079,0.5387988090515137,0.6506178379058838,464.063933134079
nc_papers100m_195trainer_0hop_balanced_local_bs256_800r,20260914_202556_ogbn-papers100M_FedAvg_bs256_seed42_beta10000p0,ogbn-papers100M,FedAvg,256,42,10000.0,726,validation,0.3124,2.9023,0.3124,2.9023,2178,0.10522294044494629,0.10522294044494629,0.5268619060516357,0.632084846496582,464.69601798057556,0.5268619060516357,0.632084846496582,464.69601798057556
nc_papers100m_195trainer_0hop_balanced_local_bs256_800r,20260914_202556_ogbn-papers100M_FedAvg_bs256_seed42_beta10000p0,ogbn-papers100M,FedAvg,256,42,10000.0,727,validation,0.3124,2.9016,0.3124,2.9016,2181,0.11153531074523926,0.11153531074523926,0.5268628597259521,0.6383981704711914,465.33441615104675,0.5268628597259521,0.6383981704711914,465.33441615104675
nc_papers100m_195trainer_0hop_balanced_local_bs256_800r,20260914_202556_ogbn-papers100M_FedAvg_bs256_seed42_beta10000p0,ogbn-papers100M,FedAvg,256,42,10000.0,728,validation,0.3126,2.901,0.3126,2.901,2184,0.1081702709197998,0.1081702709197998,0.5223805904388428,0.6305508613586426,465.9649670124054,0.5223805904388428,0.6305508613586426,465.9649670124054
nc_papers100m_195trainer_0hop_balanced_local_bs256_800r,20260914_202556_ogbn-papers100M_FedAvg_bs256_seed42_beta10000p0,ogbn-papers100M,FedAvg,256,42,10000.0,729,validation,0.3128,2.9006,0.3128,2.9006,2187,0.11060714721679688,0.11060714721679688,0.5266811847686768,0.6372883319854736,466.60225534439087,0.5266811847686768,0.6372883319854736,466.60225534439087
nc_papers100m_195trainer_0hop_balanced_local_bs256_800r,20260914_202556_ogbn-papers100M_FedAvg_bs256_seed42_beta10000p0,ogbn-papers100M,FedAvg,256,42,10000.0,730,validation,0.3129,2.8994,0.3129,2.8994,2190,0.11694741249084473,0.11694741249084473,0.5172038078308105,0.6341512203216553,467.2364065647125,0.5172038078308105,0.6341512203216553,467.2364065647125
nc_papers100m_195trainer_0hop_balanced_local_bs256_800r,20260914_202556_ogbn-papers100M_FedAvg_bs256_seed42_beta10000p0,ogbn-papers100M,FedAvg,256,42,10000.0,731,validation,0.313,2.8985,0.313,2.8985,2193,0.11129570007324219,0.11129570007324219,0.5318975448608398,0.643193244934082,467.8795998096466,0.5318975448608398,0.643193244934082,467.8795998096466
nc_papers100m_195trainer_0hop_balanced_local_bs256_800r,20260914_202556_ogbn-papers100M_FedAvg_bs256_seed42_beta10000p0,ogbn-papers100M,FedAvg,256,42,10000.0,732,validation,0.3127,2.898,0.3127,2.898,2196,0.10833621025085449,0.10833621025085449,0.5256941318511963,0.6340303421020508,468.51363015174866,0.5256941318511963,0.6340303421020508,468.51363015174866
nc_papers100m_195trainer_0hop_balanced_local_bs256_800r,20260914_202556_ogbn-papers100M_FedAvg_bs256_seed42_beta10000p0,ogbn-papers100M,FedAvg,256,42,10000.0,733,validation,0.3129,2.8977,0.3129,2.8977,2199,0.10664057731628418,0.10664057731628418,0.5121071338653564,0.6187477111816406,469.1323778629303,0.5121071338653564,0.6187477111816406,469.1323778629303
nc_papers100m_195trainer_0hop_balanced_local_bs256_800r,20260914_202556_ogbn-papers100M_FedAvg_bs256_seed42_beta10000p0,ogbn-papers100M,FedAvg,256,42,10000.0,734,validation,0.3131,2.8973,0.3131,2.8973,2202,0.10670351982116699,0.10670351982116699,0.5198891162872314,0.6265926361083984,469.7589704990387,0.5198891162872314,0.6265926361083984,469.7589704990387
nc_papers100m_195trainer_0hop_balanced_local_bs256_800r,20260914_202556_ogbn-papers100M_FedAvg_bs256_seed42_beta10000p0,ogbn-papers100M,FedAvg,256,42,10000.0,735,validation,0.3133,2.8967,0.3133,2.8967,2205,0.10963177680969238,0.10963177680969238,0.5354068279266357,0.6450386047363281,470.404009103775,0.5354068279266357,0.6450386047363281,470.404009103775
nc_papers100m_195trainer_0hop_balanced_local_bs256_800r,20260914_202556_ogbn-papers100M_FedAvg_bs256_seed42_beta10000p0,ogbn-papers100M,FedAvg,256,42,10000.0,736,validation,0.3133,2.8958,0.3133,2.8958,2208,0.10887455940246582,0.10887455940246582,0.518578052520752,0.6274526119232178,471.03146171569824,0.518578052520752,0.6274526119232178,471.03146171569824
nc_papers100m_195trainer_0hop_balanced_local_bs256_800r,20260914_202556_ogbn-papers100M_FedAvg_bs256_seed42_beta10000p0,ogbn-papers100M,FedAvg,256,42,10000.0,737,validation,0.3133,2.8949,0.3133,2.8949,2211,0.10689187049865723,0.10689187049865723,0.5240929126739502,0.6309847831726074,471.66244649887085,0.5240929126739502,0.6309847831726074,471.66244649887085
nc_papers100m_195trainer_0hop_balanced_local_bs256_800r,20260914_202556_ogbn-papers100M_FedAvg_bs256_seed42_beta10000p0,ogbn-papers100M,FedAvg,256,42,10000.0,738,validation,0.3135,2.8939,0.3135,2.8939,2214,0.10692429542541504,0.10692429542541504,0.5333096981048584,0.6402339935302734,472.3026804924011,0.5333096981048584,0.6402339935302734,472.3026804924011
nc_papers100m_195trainer_0hop_balanced_local_bs256_800r,20260914_202556_ogbn-papers100M_FedAvg_bs256_seed42_beta10000p0,ogbn-papers100M,FedAvg,256,42,10000.0,739,validation,0.3136,2.8933,0.3136,2.8933,2217,0.10590052604675293,0.10590052604675293,0.5250990390777588,0.6309995651245117,472.93368005752563,0.5250990390777588,0.6309995651245117,472.93368005752563
nc_papers100m_195trainer_0hop_balanced_local_bs256_800r,20260914_202556_ogbn-papers100M_FedAvg_bs256_seed42_beta10000p0,ogbn-papers100M,FedAvg,256,42,10000.0,740,validation,0.3137,2.8927,0.3137,2.8927,2220,0.10887789726257324,0.10887789726257324,0.5267589092254639,0.6356368064880371,473.5693168640137,0.5267589092254639,0.6356368064880371,473.5693168640137
nc_papers100m_195trainer_0hop_balanced_local_bs256_800r,20260914_202556_ogbn-papers100M_FedAvg_bs256_seed42_beta10000p0,ogbn-papers100M,FedAvg,256,42,10000.0,741,validation,0.3138,2.8921,0.3138,2.8921,2223,0.10944128036499023,0.10944128036499023,0.5243802070617676,0.6338214874267578,474.20313835144043,0.5243802070617676,0.6338214874267578,474.20313835144043
nc_papers100m_195trainer_0hop_balanced_local_bs256_800r,20260914_202556_ogbn-papers100M_FedAvg_bs256_seed42_beta10000p0,ogbn-papers100M,FedAvg,256,42,10000.0,742,validation,0.3138,2.8913,0.3138,2.8913,2226,0.1076054573059082,0.1076054573059082,0.5237689018249512,0.6313743591308594,474.8345127105713,0.5237689018249512,0.6313743591308594,474.8345127105713
nc_papers100m_195trainer_0hop_balanced_local_bs256_800r,20260914_202556_ogbn-papers100M_FedAvg_bs256_seed42_beta10000p0,ogbn-papers100M,FedAvg,256,42,10000.0,743,validation,0.3142,2.8907,0.3142,2.8907,2229,0.10572290420532227,0.10572290420532227,0.5141685009002686,0.6198914051055908,475.4544041156769,0.5141685009002686,0.6198914051055908,475.4544041156769
nc_papers100m_195trainer_0hop_balanced_local_bs256_800r,20260914_202556_ogbn-papers100M_FedAvg_bs256_seed42_beta10000p0,ogbn-papers100M,FedAvg,256,42,10000.0,744,validation,0.3144,2.89,0.3144,2.89,2232,0.11136960983276367,0.11136960983276367,0.5222041606903076,0.6335737705230713,476.08797788619995,0.5222041606903076,0.6335737705230713,476.08797788619995
nc_papers100m_195trainer_0hop_balanced_local_bs256_800r,20260914_202556_ogbn-papers100M_FedAvg_bs256_seed42_beta10000p0,ogbn-papers100M,FedAvg,256,42,10000.0,745,validation,0.3146,2.8895,0.3146,2.8895,2235,0.10752129554748535,0.10752129554748535,0.5551440715789795,0.6626653671264648,476.7506432533264,0.5551440715789795,0.6626653671264648,476.7506432533264
nc_papers100m_195trainer_0hop_balanced_local_bs256_800r,20260914_202556_ogbn-papers100M_FedAvg_bs256_seed42_beta10000p0,ogbn-papers100M,FedAvg,256,42,10000.0,746,validation,0.3146,2.8891,0.3146,2.8891,2238,0.1055600643157959,0.1055600643157959,0.5190064907073975,0.6245665550231934,477.3752098083496,0.5190064907073975,0.6245665550231934,477.3752098083496
nc_papers100m_195trainer_0hop_balanced_local_bs256_800r,20260914_202556_ogbn-papers100M_FedAvg_bs256_seed42_beta10000p0,ogbn-papers100M,FedAvg,256,42,10000.0,747,validation,0.3146,2.8886,0.3146,2.8886,2241,0.10991573333740234,0.10991573333740234,0.5208883285522461,0.6308040618896484,478.00601387023926,0.5208883285522461,0.6308040618896484,478.00601387023926
nc_papers100m_195trainer_0hop_balanced_local_bs256_800r,20260914_202556_ogbn-papers100M_FedAvg_bs256_seed42_beta10000p0,ogbn-papers100M,FedAvg,256,42,10000.0,748,validation,0.3148,2.888,0.3148,2.888,2244,0.10732197761535645,0.10732197761535645,0.5338344573974609,0.6411564350128174,478.6471703052521,0.5338344573974609,0.6411564350128174,478.6471703052521
nc_papers100m_195trainer_0hop_balanced_local_bs256_800r,20260914_202556_ogbn-papers100M_FedAvg_bs256_seed42_beta10000p0,ogbn-papers100M,FedAvg,256,42,10000.0,749,validation,0.315,2.8876,0.315,2.8876,2247,0.10738801956176758,0.10738801956176758,0.5220651626586914,0.629453182220459,479.27662348747253,0.5220651626586914,0.629453182220459,479.27662348747253
nc_papers100m_195trainer_0hop_balanced_local_bs256_800r,20260914_202556_ogbn-papers100M_FedAvg_bs256_seed42_beta10000p0,ogbn-papers100M,FedAvg,256,42,10000.0,750,validation,0.3152,2.887,0.3152,2.887,2250,0.10888075828552246,0.10888075828552246,0.5155794620513916,0.6244602203369141,479.90108370780945,0.5155794620513916,0.6244602203369141,479.90108370780945
nc_papers100m_195trainer_0hop_balanced_local_bs256_800r,20260914_202556_ogbn-papers100M_FedAvg_bs256_seed42_beta10000p0,ogbn-papers100M,FedAvg,256,42,10000.0,751,validation,0.3153,2.8863,0.3153,2.8863,2253,0.11612892150878906,0.11612892150878906,0.5301806926727295,0.6463096141815186,480.54739332199097,0.5301806926727295,0.6463096141815186,480.54739332199097
nc_papers100m_195trainer_0hop_balanced_local_bs256_800r,20260914_202556_ogbn-papers100M_FedAvg_bs256_seed42_beta10000p0,ogbn-papers100M,FedAvg,256,42,10000.0,752,validation,0.3153,2.886,0.3153,2.886,2256,0.10779070854187012,0.10779070854187012,0.5280108451843262,0.6358015537261963,481.18319487571716,0.5280108451843262,0.6358015537261963,481.18319487571716
nc_papers100m_195trainer_0hop_balanced_local_bs256_800r,20260914_202556_ogbn-papers100M_FedAvg_bs256_seed42_beta10000p0,ogbn-papers100M,FedAvg,256,42,10000.0,753,validation,0.3155,2.8852,0.3155,2.8852,2259,0.1057577133178711,0.1057577133178711,0.5178475379943848,0.6236052513122559,481.8068001270294,0.5178475379943848,0.6236052513122559,481.8068001270294
nc_papers100m_195trainer_0hop_balanced_local_bs256_800r,20260914_202556_ogbn-papers100M_FedAvg_bs256_seed42_beta10000p0,ogbn-papers100M,FedAvg,256,42,10000.0,754,validation,0.3154,2.8847,0.3154,2.8847,2262,0.10727596282958984,0.10727596282958984,0.5227031707763672,0.629979133605957,482.4367792606354,0.5227031707763672,0.629979133605957,482.4367792606354
nc_papers100m_195trainer_0hop_balanced_local_bs256_800r,20260914_202556_ogbn-papers100M_FedAvg_bs256_seed42_beta10000p0,ogbn-papers100M,FedAvg,256,42,10000.0,755,validation,0.3159,2.884,0.3159,2.884,2265,0.10991764068603516,0.10991764068603516,0.5288512706756592,0.6387689113616943,483.07554817199707,0.5288512706756592,0.6387689113616943,483.07554817199707
nc_papers100m_195trainer_0hop_balanced_local_bs256_800r,20260914_202556_ogbn-papers100M_FedAvg_bs256_seed42_beta10000p0,ogbn-papers100M,FedAvg,256,42,10000.0,756,validation,0.3161,2.8834,0.3161,2.8834,2268,0.10855340957641602,0.10855340957641602,0.5227665901184082,0.6313199996948242,483.7068681716919,0.5227665901184082,0.6313199996948242,483.7068681716919
nc_papers100m_195trainer_0hop_balanced_local_bs256_800r,20260914_202556_ogbn-papers100M_FedAvg_bs256_seed42_beta10000p0,ogbn-papers100M,FedAvg,256,42,10000.0,757,validation,0.3158,2.8829,0.3158,2.8829,2271,0.10684871673583984,0.10684871673583984,0.5240843296051025,0.6309330463409424,484.33780121803284,0.5240843296051025,0.6309330463409424,484.33780121803284
nc_papers100m_195trainer_0hop_balanced_local_bs256_800r,20260914_202556_ogbn-papers100M_FedAvg_bs256_seed42_beta10000p0,ogbn-papers100M,FedAvg,256,42,10000.0,758,validation,0.3161,2.8821,0.3161,2.8821,2274,0.10802316665649414,0.10802316665649414,0.5358457565307617,0.6438689231872559,484.9816701412201,0.5358457565307617,0.6438689231872559,484.9816701412201
nc_papers100m_195trainer_0hop_balanced_local_bs256_800r,20260914_202556_ogbn-papers100M_FedAvg_bs256_seed42_beta10000p0,ogbn-papers100M,FedAvg,256,42,10000.0,759,validation,0.316,2.8814,0.316,2.8814,2277,0.1092374324798584,0.1092374324798584,0.5513203144073486,0.660557746887207,485.6422278881073,0.5513203144073486,0.660557746887207,485.6422278881073
nc_papers100m_195trainer_0hop_balanced_local_bs256_800r,20260914_202556_ogbn-papers100M_FedAvg_bs256_seed42_beta10000p0,ogbn-papers100M,FedAvg,256,42,10000.0,760,validation,0.3162,2.8807,0.3162,2.8807,2280,0.10595560073852539,0.10595560073852539,0.5140585899353027,0.6200141906738281,486.2622420787811,0.5140585899353027,0.6200141906738281,486.2622420787811
nc_papers100m_195trainer_0hop_balanced_local_bs256_800r,20260914_202556_ogbn-papers100M_FedAvg_bs256_seed42_beta10000p0,ogbn-papers100M,FedAvg,256,42,10000.0,761,validation,0.3164,2.8798,0.3164,2.8798,2283,0.11110830307006836,0.11110830307006836,0.5248219966888428,0.6359302997589111,486.89817237854004,0.5248219966888428,0.6359302997589111,486.89817237854004
nc_papers100m_195trainer_0hop_balanced_local_bs256_800r,20260914_202556_ogbn-papers100M_FedAvg_bs256_seed42_beta10000p0,ogbn-papers100M,FedAvg,256,42,10000.0,762,validation,0.3164,2.8793,0.3164,2.8793,2286,0.1068265438079834,0.1068265438079834,0.5336246490478516,0.640451192855835,487.5386235713959,0.5336246490478516,0.640451192855835,487.5386235713959
nc_papers100m_195trainer_0hop_balanced_local_bs256_800r,20260914_202556_ogbn-papers100M_FedAvg_bs256_seed42_beta10000p0,ogbn-papers100M,FedAvg,256,42,10000.0,763,validation,0.3165,2.8791,0.3165,2.8791,2289,0.10733938217163086,0.10733938217163086,0.5168147087097168,0.6241540908813477,488.1627776622772,0.5168147087097168,0.6241540908813477,488.1627776622772
nc_papers100m_195trainer_0hop_balanced_local_bs256_800r,20260914_202556_ogbn-papers100M_FedAvg_bs256_seed42_beta10000p0,ogbn-papers100M,FedAvg,256,42,10000.0,764,validation,0.3165,2.8787,0.3165,2.8787,2292,0.10884451866149902,0.10884451866149902,0.5210897922515869,0.6299343109130859,488.7927119731903,0.5210897922515869,0.6299343109130859,488.7927119731903
nc_papers100m_195trainer_0hop_balanced_local_bs256_800r,20260914_202556_ogbn-papers100M_FedAvg_bs256_seed42_beta10000p0,ogbn-papers100M,FedAvg,256,42,10000.0,765,validation,0.3166,2.8781,0.3166,2.8781,2295,0.10971570014953613,0.10971570014953613,0.5307607650756836,0.6404764652252197,489.4331884384155,0.5307607650756836,0.6404764652252197,489.4331884384155
nc_papers100m_195trainer_0hop_balanced_local_bs256_800r,20260914_202556_ogbn-papers100M_FedAvg_bs256_seed42_beta10000p0,ogbn-papers100M,FedAvg,256,42,10000.0,766,validation,0.3169,2.8774,0.3169,2.8774,2298,0.10917377471923828,0.10917377471923828,0.5293636322021484,0.6385374069213867,490.0717258453369,0.5293636322021484,0.6385374069213867,490.0717258453369
nc_papers100m_195trainer_0hop_balanced_local_bs256_800r,20260914_202556_ogbn-papers100M_FedAvg_bs256_seed42_beta10000p0,ogbn-papers100M,FedAvg,256,42,10000.0,767,validation,0.317,2.8768,0.317,2.8768,2301,0.10806584358215332,0.10806584358215332,0.5170402526855469,0.6251060962677002,490.6968319416046,0.5170402526855469,0.6251060962677002,490.6968319416046
nc_papers100m_195trainer_0hop_balanced_local_bs256_800r,20260914_202556_ogbn-papers100M_FedAvg_bs256_seed42_beta10000p0,ogbn-papers100M,FedAvg,256,42,10000.0,768,validation,0.3173,2.8761,0.3173,2.8761,2304,0.10767388343811035,0.10767388343811035,0.5345313549041748,0.6422052383422852,491.3390371799469,0.5345313549041748,0.6422052383422852,491.3390371799469
nc_papers100m_195trainer_0hop_balanced_local_bs256_800r,20260914_202556_ogbn-papers100M_FedAvg_bs256_seed42_beta10000p0,ogbn-papers100M,FedAvg,256,42,10000.0,769,validation,0.3174,2.8752,0.3174,2.8752,2307,0.10971450805664062,0.10971450805664062,0.5243675708770752,0.6340820789337158,491.9731192588806,0.5243675708770752,0.6340820789337158,491.9731192588806
nc_papers100m_195trainer_0hop_balanced_local_bs256_800r,20260914_202556_ogbn-papers100M_FedAvg_bs256_seed42_beta10000p0,ogbn-papers100M,FedAvg,256,42,10000.0,770,validation,0.3172,2.8745,0.3172,2.8745,2310,0.10552835464477539,0.10552835464477539,0.5169000625610352,0.6224284172058105,492.5955476760864,0.5169000625610352,0.6224284172058105,492.5955476760864
nc_papers100m_195trainer_0hop_balanced_local_bs256_800r,20260914_202556_ogbn-papers100M_FedAvg_bs256_seed42_beta10000p0,ogbn-papers100M,FedAvg,256,42,10000.0,771,validation,0.3173,2.8741,0.3173,2.8741,2313,0.1141660213470459,0.1141660213470459,0.5239245891571045,0.6380906105041504,493.2336382865906,0.5239245891571045,0.6380906105041504,493.2336382865906
nc_papers100m_195trainer_0hop_balanced_local_bs256_800r,20260914_202556_ogbn-papers100M_FedAvg_bs256_seed42_beta10000p0,ogbn-papers100M,FedAvg,256,42,10000.0,772,validation,0.3177,2.8731,0.3177,2.8731,2316,0.10633325576782227,0.10633325576782227,0.5414211750030518,0.647754430770874,493.88139271736145,0.5414211750030518,0.647754430770874,493.88139271736145
nc_papers100m_195trainer_0hop_balanced_local_bs256_800r,20260914_202556_ogbn-papers100M_FedAvg_bs256_seed42_beta10000p0,ogbn-papers100M,FedAvg,256,42,10000.0,773,validation,0.3178,2.8722,0.3178,2.8722,2319,0.11021685600280762,0.11021685600280762,0.5373358726501465,0.6475527286529541,494.5289454460144,0.5373358726501465,0.6475527286529541,494.5289454460144
nc_papers100m_195trainer_0hop_balanced_local_bs256_800r,20260914_202556_ogbn-papers100M_FedAvg_bs256_seed42_beta10000p0,ogbn-papers100M,FedAvg,256,42,10000.0,774,validation,0.3177,2.8718,0.3177,2.8718,2322,0.10819649696350098,0.10819649696350098,0.5210745334625244,0.6292710304260254,495.15821647644043,0.5210745334625244,0.6292710304260254,495.15821647644043
nc_papers100m_195trainer_0hop_balanced_local_bs256_800r,20260914_202556_ogbn-papers100M_FedAvg_bs256_seed42_beta10000p0,ogbn-papers100M,FedAvg,256,42,10000.0,775,validation,0.3176,2.8713,0.3176,2.8713,2325,0.10890603065490723,0.10890603065490723,0.5355725288391113,0.6444785594940186,495.80269503593445,0.5355725288391113,0.6444785594940186,495.80269503593445
nc_papers100m_195trainer_0hop_balanced_local_bs256_800r,20260914_202556_ogbn-papers100M_FedAvg_bs256_seed42_beta10000p0,ogbn-papers100M,FedAvg,256,42,10000.0,776,validation,0.3178,2.8707,0.3178,2.8707,2328,0.10867595672607422,0.10867595672607422,0.5198884010314941,0.6285643577575684,496.431259393692,0.5198884010314941,0.6285643577575684,496.431259393692
nc_papers100m_195trainer_0hop_balanced_local_bs256_800r,20260914_202556_ogbn-papers100M_FedAvg_bs256_seed42_beta10000p0,ogbn-papers100M,FedAvg,256,42,10000.0,777,validation,0.3182,2.87,0.3182,2.87,2331,0.1073601245880127,0.1073601245880127,0.6901216506958008,0.7974817752838135,497.22874116897583,0.6901216506958008,0.7974817752838135,497.22874116897583
nc_papers100m_195trainer_0hop_balanced_local_bs256_800r,20260914_202556_ogbn-papers100M_FedAvg_bs256_seed42_beta10000p0,ogbn-papers100M,FedAvg,256,42,10000.0,778,validation,0.3182,2.8698,0.3182,2.8698,2334,0.11041736602783203,0.11041736602783203,0.5285601615905762,0.6389775276184082,497.86771869659424,0.5285601615905762,0.6389775276184082,497.86771869659424
nc_papers100m_195trainer_0hop_balanced_local_bs256_800r,20260914_202556_ogbn-papers100M_FedAvg_bs256_seed42_beta10000p0,ogbn-papers100M,FedAvg,256,42,10000.0,779,validation,0.3181,2.8695,0.3181,2.8695,2337,0.1092977523803711,0.1092977523803711,0.533597469329834,0.6428952217102051,498.51061391830444,0.533597469329834,0.6428952217102051,498.51061391830444
nc_papers100m_195trainer_0hop_balanced_local_bs256_800r,20260914_202556_ogbn-papers100M_FedAvg_bs256_seed42_beta10000p0,ogbn-papers100M,FedAvg,256,42,10000.0,780,validation,0.3182,2.8692,0.3182,2.8692,2340,0.10801100730895996,0.10801100730895996,0.5333118438720703,0.6413228511810303,499.1519367694855,0.5333118438720703,0.6413228511810303,499.1519367694855
nc_papers100m_195trainer_0hop_balanced_local_bs256_800r,20260914_202556_ogbn-papers100M_FedAvg_bs256_seed42_beta10000p0,ogbn-papers100M,FedAvg,256,42,10000.0,781,validation,0.3178,2.8688,0.3178,2.8688,2343,0.10972428321838379,0.10972428321838379,0.515509843826294,0.6252341270446777,499.77717089653015,0.515509843826294,0.6252341270446777,499.77717089653015
nc_papers100m_195trainer_0hop_balanced_local_bs256_800r,20260914_202556_ogbn-papers100M_FedAvg_bs256_seed42_beta10000p0,ogbn-papers100M,FedAvg,256,42,10000.0,782,validation,0.3182,2.868,0.3182,2.868,2346,0.10659980773925781,0.10659980773925781,0.5243773460388184,0.6309771537780762,500.4081480503082,0.5243773460388184,0.6309771537780762,500.4081480503082
nc_papers100m_195trainer_0hop_balanced_local_bs256_800r,20260914_202556_ogbn-papers100M_FedAvg_bs256_seed42_beta10000p0,ogbn-papers100M,FedAvg,256,42,10000.0,783,validation,0.3183,2.8673,0.3183,2.8673,2349,0.10675239562988281,0.10675239562988281,0.5294737815856934,0.6362261772155762,501.0443742275238,0.5294737815856934,0.6362261772155762,501.0443742275238
nc_papers100m_195trainer_0hop_balanced_local_bs256_800r,20260914_202556_ogbn-papers100M_FedAvg_bs256_seed42_beta10000p0,ogbn-papers100M,FedAvg,256,42,10000.0,784,validation,0.3185,2.8668,0.3185,2.8668,2352,0.1091010570526123,0.1091010570526123,0.5269598960876465,0.6360609531402588,501.68043518066406,0.5269598960876465,0.6360609531402588,501.68043518066406
nc_papers100m_195trainer_0hop_balanced_local_bs256_800r,20260914_202556_ogbn-papers100M_FedAvg_bs256_seed42_beta10000p0,ogbn-papers100M,FedAvg,256,42,10000.0,785,validation,0.3186,2.8665,0.3186,2.8665,2355,0.11232781410217285,0.11232781410217285,0.5197231769561768,0.6320509910583496,502.3124861717224,0.5197231769561768,0.6320509910583496,502.3124861717224
nc_papers100m_195trainer_0hop_balanced_local_bs256_800r,20260914_202556_ogbn-papers100M_FedAvg_bs256_seed42_beta10000p0,ogbn-papers100M,FedAvg,256,42,10000.0,786,validation,0.319,2.8656,0.319,2.8656,2358,0.10651373863220215,0.10651373863220215,0.5441362857818604,0.6506500244140625,502.9631361961365,0.5441362857818604,0.6506500244140625,502.9631361961365
nc_papers100m_195trainer_0hop_balanced_local_bs256_800r,20260914_202556_ogbn-papers100M_FedAvg_bs256_seed42_beta10000p0,ogbn-papers100M,FedAvg,256,42,10000.0,787,validation,0.3191,2.8649,0.3191,2.8649,2361,0.11085104942321777,0.11085104942321777,0.5202462673187256,0.6310973167419434,503.5942335128784,0.5202462673187256,0.6310973167419434,503.5942335128784
nc_papers100m_195trainer_0hop_balanced_local_bs256_800r,20260914_202556_ogbn-papers100M_FedAvg_bs256_seed42_beta10000p0,ogbn-papers100M,FedAvg,256,42,10000.0,788,validation,0.319,2.8642,0.319,2.8642,2364,0.10793066024780273,0.10793066024780273,0.5244183540344238,0.6323490142822266,504.22658252716064,0.5244183540344238,0.6323490142822266,504.22658252716064
nc_papers100m_195trainer_0hop_balanced_local_bs256_800r,20260914_202556_ogbn-papers100M_FedAvg_bs256_seed42_beta10000p0,ogbn-papers100M,FedAvg,256,42,10000.0,789,validation,0.3192,2.8635,0.3192,2.8635,2367,0.10792875289916992,0.10792875289916992,0.5239822864532471,0.631911039352417,504.85849356651306,0.5239822864532471,0.631911039352417,504.85849356651306
nc_papers100m_195trainer_0hop_balanced_local_bs256_800r,20260914_202556_ogbn-papers100M_FedAvg_bs256_seed42_beta10000p0,ogbn-papers100M,FedAvg,256,42,10000.0,790,validation,0.3196,2.8629,0.3196,2.8629,2370,0.10935616493225098,0.10935616493225098,0.5291633605957031,0.6385195255279541,505.497013092041,0.5291633605957031,0.6385195255279541,505.497013092041
nc_papers100m_195trainer_0hop_balanced_local_bs256_800r,20260914_202556_ogbn-papers100M_FedAvg_bs256_seed42_beta10000p0,ogbn-papers100M,FedAvg,256,42,10000.0,791,validation,0.3197,2.8622,0.3197,2.8622,2373,0.1100471019744873,0.1100471019744873,0.5192101001739502,0.6292572021484375,506.12627029418945,0.5192101001739502,0.6292572021484375,506.12627029418945
nc_papers100m_195trainer_0hop_balanced_local_bs256_800r,20260914_202556_ogbn-papers100M_FedAvg_bs256_seed42_beta10000p0,ogbn-papers100M,FedAvg,256,42,10000.0,792,validation,0.3198,2.8618,0.3198,2.8618,2376,0.10681796073913574,0.10681796073913574,0.533156156539917,0.6399741172790527,506.7662444114685,0.533156156539917,0.6399741172790527,506.7662444114685
nc_papers100m_195trainer_0hop_balanced_local_bs256_800r,20260914_202556_ogbn-papers100M_FedAvg_bs256_seed42_beta10000p0,ogbn-papers100M,FedAvg,256,42,10000.0,793,validation,0.3196,2.8613,0.3196,2.8613,2379,0.1074686050415039,0.1074686050415039,0.5338790416717529,0.6413476467132568,507.40759205818176,0.5338790416717529,0.6413476467132568,507.40759205818176
nc_papers100m_195trainer_0hop_balanced_local_bs256_800r,20260914_202556_ogbn-papers100M_FedAvg_bs256_seed42_beta10000p0,ogbn-papers100M,FedAvg,256,42,10000.0,794,validation,0.3198,2.8605,0.3198,2.8605,2382,0.1069936752319336,0.1069936752319336,0.5269575119018555,0.6339511871337891,508.04154324531555,0.5269575119018555,0.6339511871337891,508.04154324531555
nc_papers100m_195trainer_0hop_balanced_local_bs256_800r,20260914_202556_ogbn-papers100M_FedAvg_bs256_seed42_beta10000p0,ogbn-papers100M,FedAvg,256,42,10000.0,795,validation,0.3198,2.86,0.3198,2.86,2385,0.11115288734436035,0.11115288734436035,0.5236868858337402,0.6348397731781006,508.67638301849365,0.5236868858337402,0.6348397731781006,508.67638301849365
nc_papers100m_195trainer_0hop_balanced_local_bs256_800r,20260914_202556_ogbn-papers100M_FedAvg_bs256_seed42_beta10000p0,ogbn-papers100M,FedAvg,256,42,10000.0,796,validation,0.3199,2.8594,0.3199,2.8594,2388,0.10896849632263184,0.10896849632263184,0.5249893665313721,0.6339578628540039,509.31034088134766,0.5249893665313721,0.6339578628540039,509.31034088134766
nc_papers100m_195trainer_0hop_balanced_local_bs256_800r,20260914_202556_ogbn-papers100M_FedAvg_bs256_seed42_beta10000p0,ogbn-papers100M,FedAvg,256,42,10000.0,797,validation,0.3199,2.8587,0.3199,2.8587,2391,0.11008358001708984,0.11008358001708984,0.5268244743347168,0.6369080543518066,509.94724893569946,0.5268244743347168,0.6369080543518066,509.94724893569946
nc_papers100m_195trainer_0hop_balanced_local_bs256_800r,20260914_202556_ogbn-papers100M_FedAvg_bs256_seed42_beta10000p0,ogbn-papers100M,FedAvg,256,42,10000.0,798,validation,0.3202,2.8581,0.3202,2.8581,2394,0.10677480697631836,0.10677480697631836,0.5270481109619141,0.6338229179382324,510.5810718536377,0.5270481109619141,0.6338229179382324,510.5810718536377
nc_papers100m_195trainer_0hop_balanced_local_bs256_800r,20260914_202556_ogbn-papers100M_FedAvg_bs256_seed42_beta10000p0,ogbn-papers100M,FedAvg,256,42,10000.0,799,validation,0.3204,2.8576,0.3204,2.8576,2397,0.10967564582824707,0.10967564582824707,0.5340125560760498,0.6436882019042969,511.224760055542,0.5340125560760498,0.6436882019042969,511.224760055542
nc_papers100m_195trainer_0hop_balanced_local_bs256_800r,20260914_202556_ogbn-papers100M_FedAvg_bs256_seed42_beta10000p0,ogbn-papers100M,FedAvg,256,42,10000.0,800,validation,0.3206,2.8568,0.3206,2.8568,2400,0.10558390617370605,0.10558390617370605,0.5487298965454102,0.6543138027191162,511.8790738582611,0.5487298965454102,0.6543138027191162,511.8790738582611
