experiment_name,run_id,dataset,method,batch_size,seed,iid_beta,round,evaluation_split,evaluation_acc,evaluation_loss,val_acc,val_loss,local_steps,train_time_sec,training_time_sec,parameter_sync_time_sec,train_sync_time_sec,cumulative_train_sync_time_sec,comm_time_sec,train_comm_time_sec,cum_train_comm_time_sec
nc_papers100m_195trainer_0hop_balanced_local_bs128_800r,20260914_201408_ogbn-papers100M_FedAvg_bs128_seed42_beta10000p0,ogbn-papers100M,FedAvg,128,42,10000.0,1,validation,0.0057,5.1513,0.0057,5.1513,3,0.8584530353546143,0.8584530353546143,0.5310149192810059,1.3894679546356201,1.3894679546356201,0.5310149192810059,1.3894679546356201,1.3894679546356201
nc_papers100m_195trainer_0hop_balanced_local_bs128_800r,20260914_201408_ogbn-papers100M_FedAvg_bs128_seed42_beta10000p0,ogbn-papers100M,FedAvg,128,42,10000.0,2,validation,0.0077,5.1448,0.0077,5.1448,6,0.11816859245300293,0.11816859245300293,0.5302426815032959,0.6484112739562988,2.037879228591919,0.5302426815032959,0.6484112739562988,2.037879228591919
nc_papers100m_195trainer_0hop_balanced_local_bs128_800r,20260914_201408_ogbn-papers100M_FedAvg_bs128_seed42_beta10000p0,ogbn-papers100M,FedAvg,128,42,10000.0,3,validation,0.0097,5.1387,0.0097,5.1387,9,0.1168508529663086,0.1168508529663086,0.5262026786804199,0.6430535316467285,2.6809327602386475,0.5262026786804199,0.6430535316467285,2.6809327602386475
nc_papers100m_195trainer_0hop_balanced_local_bs128_800r,20260914_201408_ogbn-papers100M_FedAvg_bs128_seed42_beta10000p0,ogbn-papers100M,FedAvg,128,42,10000.0,4,validation,0.012,5.1323,0.012,5.1323,12,0.11689567565917969,0.11689567565917969,0.5276398658752441,0.6445355415344238,3.3254683017730713,0.5276398658752441,0.6445355415344238,3.3254683017730713
nc_papers100m_195trainer_0hop_balanced_local_bs128_800r,20260914_201408_ogbn-papers100M_FedAvg_bs128_seed42_beta10000p0,ogbn-papers100M,FedAvg,128,42,10000.0,5,validation,0.0139,5.1254,0.0139,5.1254,15,0.11330056190490723,0.11330056190490723,0.5398027896881104,0.6531033515930176,3.978571653366089,0.5398027896881104,0.6531033515930176,3.978571653366089
nc_papers100m_195trainer_0hop_balanced_local_bs128_800r,20260914_201408_ogbn-papers100M_FedAvg_bs128_seed42_beta10000p0,ogbn-papers100M,FedAvg,128,42,10000.0,6,validation,0.0162,5.1175,0.0162,5.1175,18,0.11504983901977539,0.11504983901977539,0.5277323722839355,0.6427822113037109,4.6213538646698,0.5277323722839355,0.6427822113037109,4.6213538646698
nc_papers100m_195trainer_0hop_balanced_local_bs128_800r,20260914_201408_ogbn-papers100M_FedAvg_bs128_seed42_beta10000p0,ogbn-papers100M,FedAvg,128,42,10000.0,7,validation,0.0191,5.1083,0.0191,5.1083,21,0.10939502716064453,0.10939502716064453,0.5246598720550537,0.6340548992156982,5.255408763885498,0.5246598720550537,0.6340548992156982,5.255408763885498
nc_papers100m_195trainer_0hop_balanced_local_bs128_800r,20260914_201408_ogbn-papers100M_FedAvg_bs128_seed42_beta10000p0,ogbn-papers100M,FedAvg,128,42,10000.0,8,validation,0.0221,5.0979,0.0221,5.0979,24,0.11255455017089844,0.11255455017089844,0.5154314041137695,0.627985954284668,5.883394718170166,0.5154314041137695,0.627985954284668,5.883394718170166
nc_papers100m_195trainer_0hop_balanced_local_bs128_800r,20260914_201408_ogbn-papers100M_FedAvg_bs128_seed42_beta10000p0,ogbn-papers100M,FedAvg,128,42,10000.0,9,validation,0.026,5.0862,0.026,5.0862,27,0.11239171028137207,0.11239171028137207,0.5226104259490967,0.6350021362304688,6.518396854400635,0.5226104259490967,0.6350021362304688,6.518396854400635
nc_papers100m_195trainer_0hop_balanced_local_bs128_800r,20260914_201408_ogbn-papers100M_FedAvg_bs128_seed42_beta10000p0,ogbn-papers100M,FedAvg,128,42,10000.0,10,validation,0.0293,5.0735,0.0293,5.0735,30,0.11038732528686523,0.11038732528686523,0.5297882556915283,0.6401755809783936,7.158572435379028,0.5297882556915283,0.6401755809783936,7.158572435379028
nc_papers100m_195trainer_0hop_balanced_local_bs128_800r,20260914_201408_ogbn-papers100M_FedAvg_bs128_seed42_beta10000p0,ogbn-papers100M,FedAvg,128,42,10000.0,11,validation,0.0325,5.0597,0.0325,5.0597,33,0.11423230171203613,0.11423230171203613,0.5271692276000977,0.6414015293121338,7.799973964691162,0.5271692276000977,0.6414015293121338,7.799973964691162
nc_papers100m_195trainer_0hop_balanced_local_bs128_800r,20260914_201408_ogbn-papers100M_FedAvg_bs128_seed42_beta10000p0,ogbn-papers100M,FedAvg,128,42,10000.0,12,validation,0.0358,5.0452,0.0358,5.0452,36,0.10775995254516602,0.10775995254516602,0.5270876884460449,0.6348476409912109,8.434821605682373,0.5270876884460449,0.6348476409912109,8.434821605682373
nc_papers100m_195trainer_0hop_balanced_local_bs128_800r,20260914_201408_ogbn-papers100M_FedAvg_bs128_seed42_beta10000p0,ogbn-papers100M,FedAvg,128,42,10000.0,13,validation,0.0386,5.0302,0.0386,5.0302,39,0.11237454414367676,0.11237454414367676,0.5284156799316406,0.6407902240753174,9.07561182975769,0.5284156799316406,0.6407902240753174,9.07561182975769
nc_papers100m_195trainer_0hop_balanced_local_bs128_800r,20260914_201408_ogbn-papers100M_FedAvg_bs128_seed42_beta10000p0,ogbn-papers100M,FedAvg,128,42,10000.0,14,validation,0.0412,5.0147,0.0412,5.0147,42,0.10860586166381836,0.10860586166381836,0.5218558311462402,0.6304616928100586,9.706073522567749,0.5218558311462402,0.6304616928100586,9.706073522567749
nc_papers100m_195trainer_0hop_balanced_local_bs128_800r,20260914_201408_ogbn-papers100M_FedAvg_bs128_seed42_beta10000p0,ogbn-papers100M,FedAvg,128,42,10000.0,15,validation,0.0435,4.9992,0.0435,4.9992,45,0.11280298233032227,0.11280298233032227,0.5254354476928711,0.6382384300231934,10.344311952590942,0.5254354476928711,0.6382384300231934,10.344311952590942
nc_papers100m_195trainer_0hop_balanced_local_bs128_800r,20260914_201408_ogbn-papers100M_FedAvg_bs128_seed42_beta10000p0,ogbn-papers100M,FedAvg,128,42,10000.0,16,validation,0.0456,4.9835,0.0456,4.9835,48,0.11812567710876465,0.11812567710876465,0.5197689533233643,0.6378946304321289,10.982206583023071,0.5197689533233643,0.6378946304321289,10.982206583023071
nc_papers100m_195trainer_0hop_balanced_local_bs128_800r,20260914_201408_ogbn-papers100M_FedAvg_bs128_seed42_beta10000p0,ogbn-papers100M,FedAvg,128,42,10000.0,17,validation,0.0475,4.9679,0.0475,4.9679,51,0.11113166809082031,0.11113166809082031,0.5233974456787109,0.6345291137695312,11.616735696792603,0.5233974456787109,0.6345291137695312,11.616735696792603
nc_papers100m_195trainer_0hop_balanced_local_bs128_800r,20260914_201408_ogbn-papers100M_FedAvg_bs128_seed42_beta10000p0,ogbn-papers100M,FedAvg,128,42,10000.0,18,validation,0.0494,4.9519,0.0494,4.9519,54,0.10619544982910156,0.10619544982910156,0.525336503982544,0.6315319538116455,12.248267650604248,0.525336503982544,0.6315319538116455,12.248267650604248
nc_papers100m_195trainer_0hop_balanced_local_bs128_800r,20260914_201408_ogbn-papers100M_FedAvg_bs128_seed42_beta10000p0,ogbn-papers100M,FedAvg,128,42,10000.0,19,validation,0.0511,4.9361,0.0511,4.9361,57,0.1072690486907959,0.1072690486907959,0.5507950782775879,0.6580641269683838,12.906331777572632,0.5507950782775879,0.6580641269683838,12.906331777572632
nc_papers100m_195trainer_0hop_balanced_local_bs128_800r,20260914_201408_ogbn-papers100M_FedAvg_bs128_seed42_beta10000p0,ogbn-papers100M,FedAvg,128,42,10000.0,20,validation,0.0529,4.9201,0.0529,4.9201,60,0.10674190521240234,0.10674190521240234,0.521085262298584,0.6278271675109863,13.534158945083618,0.521085262298584,0.6278271675109863,13.534158945083618
nc_papers100m_195trainer_0hop_balanced_local_bs128_800r,20260914_201408_ogbn-papers100M_FedAvg_bs128_seed42_beta10000p0,ogbn-papers100M,FedAvg,128,42,10000.0,21,validation,0.0545,4.9036,0.0545,4.9036,63,0.10927963256835938,0.10927963256835938,0.5251860618591309,0.6344656944274902,14.168624639511108,0.5251860618591309,0.6344656944274902,14.168624639511108
nc_papers100m_195trainer_0hop_balanced_local_bs128_800r,20260914_201408_ogbn-papers100M_FedAvg_bs128_seed42_beta10000p0,ogbn-papers100M,FedAvg,128,42,10000.0,22,validation,0.0561,4.8872,0.0561,4.8872,66,0.10795283317565918,0.10795283317565918,0.5359220504760742,0.6438748836517334,14.812499523162842,0.5359220504760742,0.6438748836517334,14.812499523162842
nc_papers100m_195trainer_0hop_balanced_local_bs128_800r,20260914_201408_ogbn-papers100M_FedAvg_bs128_seed42_beta10000p0,ogbn-papers100M,FedAvg,128,42,10000.0,23,validation,0.0576,4.8708,0.0576,4.8708,69,0.10605955123901367,0.10605955123901367,0.5256233215332031,0.6316828727722168,15.444182395935059,0.5256233215332031,0.6316828727722168,15.444182395935059
nc_papers100m_195trainer_0hop_balanced_local_bs128_800r,20260914_201408_ogbn-papers100M_FedAvg_bs128_seed42_beta10000p0,ogbn-papers100M,FedAvg,128,42,10000.0,24,validation,0.0598,4.8543,0.0598,4.8543,72,0.10563421249389648,0.10563421249389648,0.5196430683135986,0.6252772808074951,16.069459676742554,0.5196430683135986,0.6252772808074951,16.069459676742554
nc_papers100m_195trainer_0hop_balanced_local_bs128_800r,20260914_201408_ogbn-papers100M_FedAvg_bs128_seed42_beta10000p0,ogbn-papers100M,FedAvg,128,42,10000.0,25,validation,0.0615,4.8378,0.0615,4.8378,75,0.10936570167541504,0.10936570167541504,0.5292048454284668,0.6385705471038818,16.708030223846436,0.5292048454284668,0.6385705471038818,16.708030223846436
nc_papers100m_195trainer_0hop_balanced_local_bs128_800r,20260914_201408_ogbn-papers100M_FedAvg_bs128_seed42_beta10000p0,ogbn-papers100M,FedAvg,128,42,10000.0,26,validation,0.0632,4.8218,0.0632,4.8218,78,0.11605978012084961,0.11605978012084961,0.5310828685760498,0.6471426486968994,17.355172872543335,0.5310828685760498,0.6471426486968994,17.355172872543335
nc_papers100m_195trainer_0hop_balanced_local_bs128_800r,20260914_201408_ogbn-papers100M_FedAvg_bs128_seed42_beta10000p0,ogbn-papers100M,FedAvg,128,42,10000.0,27,validation,0.0649,4.806,0.0649,4.806,81,0.11104416847229004,0.11104416847229004,0.5209007263183594,0.6319448947906494,17.987117767333984,0.5209007263183594,0.6319448947906494,17.987117767333984
nc_papers100m_195trainer_0hop_balanced_local_bs128_800r,20260914_201408_ogbn-papers100M_FedAvg_bs128_seed42_beta10000p0,ogbn-papers100M,FedAvg,128,42,10000.0,28,validation,0.0667,4.7905,0.0667,4.7905,84,0.10700821876525879,0.10700821876525879,0.5165865421295166,0.6235947608947754,18.61071252822876,0.5165865421295166,0.6235947608947754,18.61071252822876
nc_papers100m_195trainer_0hop_balanced_local_bs128_800r,20260914_201408_ogbn-papers100M_FedAvg_bs128_seed42_beta10000p0,ogbn-papers100M,FedAvg,128,42,10000.0,29,validation,0.0683,4.7754,0.0683,4.7754,87,0.10930252075195312,0.10930252075195312,0.5222859382629395,0.6315884590148926,19.242300987243652,0.5222859382629395,0.6315884590148926,19.242300987243652
nc_papers100m_195trainer_0hop_balanced_local_bs128_800r,20260914_201408_ogbn-papers100M_FedAvg_bs128_seed42_beta10000p0,ogbn-papers100M,FedAvg,128,42,10000.0,30,validation,0.0699,4.7607,0.0699,4.7607,90,0.107177734375,0.107177734375,0.5291957855224609,0.6363735198974609,19.878674507141113,0.5291957855224609,0.6363735198974609,19.878674507141113
nc_papers100m_195trainer_0hop_balanced_local_bs128_800r,20260914_201408_ogbn-papers100M_FedAvg_bs128_seed42_beta10000p0,ogbn-papers100M,FedAvg,128,42,10000.0,31,validation,0.0716,4.7459,0.0716,4.7459,93,0.10890626907348633,0.10890626907348633,0.524132251739502,0.6330385208129883,20.5117130279541,0.524132251739502,0.6330385208129883,20.5117130279541
nc_papers100m_195trainer_0hop_balanced_local_bs128_800r,20260914_201408_ogbn-papers100M_FedAvg_bs128_seed42_beta10000p0,ogbn-papers100M,FedAvg,128,42,10000.0,32,validation,0.0732,4.7315,0.0732,4.7315,96,0.10906600952148438,0.10906600952148438,0.5420958995819092,0.6511619091033936,21.162874937057495,0.5420958995819092,0.6511619091033936,21.162874937057495
nc_papers100m_195trainer_0hop_balanced_local_bs128_800r,20260914_201408_ogbn-papers100M_FedAvg_bs128_seed42_beta10000p0,ogbn-papers100M,FedAvg,128,42,10000.0,33,validation,0.0751,4.7175,0.0751,4.7175,99,0.10886573791503906,0.10886573791503906,0.5268571376800537,0.6357228755950928,21.798597812652588,0.5268571376800537,0.6357228755950928,21.798597812652588
nc_papers100m_195trainer_0hop_balanced_local_bs128_800r,20260914_201408_ogbn-papers100M_FedAvg_bs128_seed42_beta10000p0,ogbn-papers100M,FedAvg,128,42,10000.0,34,validation,0.0765,4.7037,0.0765,4.7037,102,0.10435366630554199,0.10435366630554199,0.5293595790863037,0.6337132453918457,22.432311058044434,0.5293595790863037,0.6337132453918457,22.432311058044434
nc_papers100m_195trainer_0hop_balanced_local_bs128_800r,20260914_201408_ogbn-papers100M_FedAvg_bs128_seed42_beta10000p0,ogbn-papers100M,FedAvg,128,42,10000.0,35,validation,0.0781,4.69,0.0781,4.69,105,0.1081547737121582,0.1081547737121582,0.521702766418457,0.6298575401306152,23.06216859817505,0.521702766418457,0.6298575401306152,23.06216859817505
nc_papers100m_195trainer_0hop_balanced_local_bs128_800r,20260914_201408_ogbn-papers100M_FedAvg_bs128_seed42_beta10000p0,ogbn-papers100M,FedAvg,128,42,10000.0,36,validation,0.0797,4.6771,0.0797,4.6771,108,0.11324310302734375,0.11324310302734375,0.5187582969665527,0.6320013999938965,23.694169998168945,0.5187582969665527,0.6320013999938965,23.694169998168945
nc_papers100m_195trainer_0hop_balanced_local_bs128_800r,20260914_201408_ogbn-papers100M_FedAvg_bs128_seed42_beta10000p0,ogbn-papers100M,FedAvg,128,42,10000.0,37,validation,0.0814,4.6641,0.0814,4.6641,111,0.11799788475036621,0.11799788475036621,0.5295143127441406,0.6475121974945068,24.341682195663452,0.5295143127441406,0.6475121974945068,24.341682195663452
nc_papers100m_195trainer_0hop_balanced_local_bs128_800r,20260914_201408_ogbn-papers100M_FedAvg_bs128_seed42_beta10000p0,ogbn-papers100M,FedAvg,128,42,10000.0,38,validation,0.0829,4.6513,0.0829,4.6513,114,0.10742020606994629,0.10742020606994629,0.526106595993042,0.6335268020629883,24.97520899772644,0.526106595993042,0.6335268020629883,24.97520899772644
nc_papers100m_195trainer_0hop_balanced_local_bs128_800r,20260914_201408_ogbn-papers100M_FedAvg_bs128_seed42_beta10000p0,ogbn-papers100M,FedAvg,128,42,10000.0,39,validation,0.0845,4.6386,0.0845,4.6386,117,0.10865998268127441,0.10865998268127441,0.5277359485626221,0.6363959312438965,25.611604928970337,0.5277359485626221,0.6363959312438965,25.611604928970337
nc_papers100m_195trainer_0hop_balanced_local_bs128_800r,20260914_201408_ogbn-papers100M_FedAvg_bs128_seed42_beta10000p0,ogbn-papers100M,FedAvg,128,42,10000.0,40,validation,0.0858,4.6263,0.0858,4.6263,120,0.10432958602905273,0.10432958602905273,0.5215764045715332,0.6259059906005859,26.237510919570923,0.5215764045715332,0.6259059906005859,26.237510919570923
nc_papers100m_195trainer_0hop_balanced_local_bs128_800r,20260914_201408_ogbn-papers100M_FedAvg_bs128_seed42_beta10000p0,ogbn-papers100M,FedAvg,128,42,10000.0,41,validation,0.0874,4.6138,0.0874,4.6138,123,0.10687589645385742,0.10687589645385742,0.5336127281188965,0.6404886245727539,26.877999544143677,0.5336127281188965,0.6404886245727539,26.877999544143677
nc_papers100m_195trainer_0hop_balanced_local_bs128_800r,20260914_201408_ogbn-papers100M_FedAvg_bs128_seed42_beta10000p0,ogbn-papers100M,FedAvg,128,42,10000.0,42,validation,0.089,4.6017,0.089,4.6017,126,0.10928964614868164,0.10928964614868164,0.5288236141204834,0.638113260269165,27.516112804412842,0.5288236141204834,0.638113260269165,27.516112804412842
nc_papers100m_195trainer_0hop_balanced_local_bs128_800r,20260914_201408_ogbn-papers100M_FedAvg_bs128_seed42_beta10000p0,ogbn-papers100M,FedAvg,128,42,10000.0,43,validation,0.0901,4.5898,0.0901,4.5898,129,0.10996770858764648,0.10996770858764648,0.520979642868042,0.6309473514556885,28.14706015586853,0.520979642868042,0.6309473514556885,28.14706015586853
nc_papers100m_195trainer_0hop_balanced_local_bs128_800r,20260914_201408_ogbn-papers100M_FedAvg_bs128_seed42_beta10000p0,ogbn-papers100M,FedAvg,128,42,10000.0,44,validation,0.0915,4.578,0.0915,4.578,132,0.10364961624145508,0.10364961624145508,0.5154867172241211,0.6191363334655762,28.766196489334106,0.5154867172241211,0.6191363334655762,28.766196489334106
nc_papers100m_195trainer_0hop_balanced_local_bs128_800r,20260914_201408_ogbn-papers100M_FedAvg_bs128_seed42_beta10000p0,ogbn-papers100M,FedAvg,128,42,10000.0,45,validation,0.0928,4.5662,0.0928,4.5662,135,0.10513567924499512,0.10513567924499512,0.55474853515625,0.6598842144012451,29.42608070373535,0.55474853515625,0.6598842144012451,29.42608070373535
nc_papers100m_195trainer_0hop_balanced_local_bs128_800r,20260914_201408_ogbn-papers100M_FedAvg_bs128_seed42_beta10000p0,ogbn-papers100M,FedAvg,128,42,10000.0,46,validation,0.0942,4.5547,0.0942,4.5547,138,0.1062917709350586,0.1062917709350586,0.5252697467803955,0.6315615177154541,30.057642221450806,0.5252697467803955,0.6315615177154541,30.057642221450806
nc_papers100m_195trainer_0hop_balanced_local_bs128_800r,20260914_201408_ogbn-papers100M_FedAvg_bs128_seed42_beta10000p0,ogbn-papers100M,FedAvg,128,42,10000.0,47,validation,0.0955,4.5432,0.0955,4.5432,141,0.1066429615020752,0.1066429615020752,0.5138905048370361,0.6205334663391113,30.678175687789917,0.5138905048370361,0.6205334663391113,30.678175687789917
nc_papers100m_195trainer_0hop_balanced_local_bs128_800r,20260914_201408_ogbn-papers100M_FedAvg_bs128_seed42_beta10000p0,ogbn-papers100M,FedAvg,128,42,10000.0,48,validation,0.0967,4.532,0.0967,4.532,144,0.11074137687683105,0.11074137687683105,0.5126583576202393,0.6233997344970703,31.301575422286987,0.5126583576202393,0.6233997344970703,31.301575422286987
nc_papers100m_195trainer_0hop_balanced_local_bs128_800r,20260914_201408_ogbn-papers100M_FedAvg_bs128_seed42_beta10000p0,ogbn-papers100M,FedAvg,128,42,10000.0,49,validation,0.0978,4.521,0.0978,4.521,147,0.10590934753417969,0.10590934753417969,0.531872034072876,0.6377813816070557,31.939356803894043,0.531872034072876,0.6377813816070557,31.939356803894043
nc_papers100m_195trainer_0hop_balanced_local_bs128_800r,20260914_201408_ogbn-papers100M_FedAvg_bs128_seed42_beta10000p0,ogbn-papers100M,FedAvg,128,42,10000.0,50,validation,0.0989,4.5101,0.0989,4.5101,150,0.10452771186828613,0.10452771186828613,0.5221462249755859,0.6266739368438721,32.566030740737915,0.5221462249755859,0.6266739368438721,32.566030740737915
nc_papers100m_195trainer_0hop_balanced_local_bs128_800r,20260914_201408_ogbn-papers100M_FedAvg_bs128_seed42_beta10000p0,ogbn-papers100M,FedAvg,128,42,10000.0,51,validation,0.1002,4.4991,0.1002,4.4991,153,0.10471177101135254,0.10471177101135254,0.5129342079162598,0.6176459789276123,33.18367671966553,0.5129342079162598,0.6176459789276123,33.18367671966553
nc_papers100m_195trainer_0hop_balanced_local_bs128_800r,20260914_201408_ogbn-papers100M_FedAvg_bs128_seed42_beta10000p0,ogbn-papers100M,FedAvg,128,42,10000.0,52,validation,0.1016,4.4886,0.1016,4.4886,156,0.11107134819030762,0.11107134819030762,0.5156707763671875,0.6267421245574951,33.81041884422302,0.5156707763671875,0.6267421245574951,33.81041884422302
nc_papers100m_195trainer_0hop_balanced_local_bs128_800r,20260914_201408_ogbn-papers100M_FedAvg_bs128_seed42_beta10000p0,ogbn-papers100M,FedAvg,128,42,10000.0,53,validation,0.103,4.4777,0.103,4.4777,159,0.10898327827453613,0.10898327827453613,0.5280516147613525,0.6370348930358887,34.44745373725891,0.5280516147613525,0.6370348930358887,34.44745373725891
nc_papers100m_195trainer_0hop_balanced_local_bs128_800r,20260914_201408_ogbn-papers100M_FedAvg_bs128_seed42_beta10000p0,ogbn-papers100M,FedAvg,128,42,10000.0,54,validation,0.1044,4.4669,0.1044,4.4669,162,0.10699868202209473,0.10699868202209473,0.5260131359100342,0.6330118179321289,35.08046555519104,0.5260131359100342,0.6330118179321289,35.08046555519104
nc_papers100m_195trainer_0hop_balanced_local_bs128_800r,20260914_201408_ogbn-papers100M_FedAvg_bs128_seed42_beta10000p0,ogbn-papers100M,FedAvg,128,42,10000.0,55,validation,0.1058,4.4566,0.1058,4.4566,165,0.10354065895080566,0.10354065895080566,0.5214245319366455,0.6249651908874512,35.70543074607849,0.5214245319366455,0.6249651908874512,35.70543074607849
nc_papers100m_195trainer_0hop_balanced_local_bs128_800r,20260914_201408_ogbn-papers100M_FedAvg_bs128_seed42_beta10000p0,ogbn-papers100M,FedAvg,128,42,10000.0,56,validation,0.107,4.4463,0.107,4.4463,168,0.10558938980102539,0.10558938980102539,0.5247879028320312,0.6303772926330566,36.33580803871155,0.5247879028320312,0.6303772926330566,36.33580803871155
nc_papers100m_195trainer_0hop_balanced_local_bs128_800r,20260914_201408_ogbn-papers100M_FedAvg_bs128_seed42_beta10000p0,ogbn-papers100M,FedAvg,128,42,10000.0,57,validation,0.1083,4.4359,0.1083,4.4359,171,0.1053767204284668,0.1053767204284668,0.526052713394165,0.6314294338226318,36.96723747253418,0.526052713394165,0.6314294338226318,36.96723747253418
nc_papers100m_195trainer_0hop_balanced_local_bs128_800r,20260914_201408_ogbn-papers100M_FedAvg_bs128_seed42_beta10000p0,ogbn-papers100M,FedAvg,128,42,10000.0,58,validation,0.1097,4.4257,0.1097,4.4257,174,0.10651087760925293,0.10651087760925293,0.5284645557403564,0.6349754333496094,37.60221290588379,0.5284645557403564,0.6349754333496094,37.60221290588379
nc_papers100m_195trainer_0hop_balanced_local_bs128_800r,20260914_201408_ogbn-papers100M_FedAvg_bs128_seed42_beta10000p0,ogbn-papers100M,FedAvg,128,42,10000.0,59,validation,0.1112,4.4154,0.1112,4.4154,177,0.10935807228088379,0.10935807228088379,0.5336704254150391,0.6430284976959229,38.24524140357971,0.5336704254150391,0.6430284976959229,38.24524140357971
nc_papers100m_195trainer_0hop_balanced_local_bs128_800r,20260914_201408_ogbn-papers100M_FedAvg_bs128_seed42_beta10000p0,ogbn-papers100M,FedAvg,128,42,10000.0,60,validation,0.1126,4.4053,0.1126,4.4053,180,0.10909771919250488,0.10909771919250488,0.5340399742126465,0.6431376934051514,38.88837909698486,0.5340399742126465,0.6431376934051514,38.88837909698486
nc_papers100m_195trainer_0hop_balanced_local_bs128_800r,20260914_201408_ogbn-papers100M_FedAvg_bs128_seed42_beta10000p0,ogbn-papers100M,FedAvg,128,42,10000.0,61,validation,0.1141,4.3952,0.1141,4.3952,183,0.10565876960754395,0.10565876960754395,0.5319564342498779,0.6376152038574219,39.525994300842285,0.5319564342498779,0.6376152038574219,39.525994300842285
nc_papers100m_195trainer_0hop_balanced_local_bs128_800r,20260914_201408_ogbn-papers100M_FedAvg_bs128_seed42_beta10000p0,ogbn-papers100M,FedAvg,128,42,10000.0,62,validation,0.1153,4.3857,0.1153,4.3857,186,0.10567569732666016,0.10567569732666016,0.5211608409881592,0.6268365383148193,40.152830839157104,0.5211608409881592,0.6268365383148193,40.152830839157104
nc_papers100m_195trainer_0hop_balanced_local_bs128_800r,20260914_201408_ogbn-papers100M_FedAvg_bs128_seed42_beta10000p0,ogbn-papers100M,FedAvg,128,42,10000.0,63,validation,0.1167,4.3758,0.1167,4.3758,189,0.10503363609313965,0.10503363609313965,0.5268993377685547,0.6319329738616943,40.7847638130188,0.5268993377685547,0.6319329738616943,40.7847638130188
nc_papers100m_195trainer_0hop_balanced_local_bs128_800r,20260914_201408_ogbn-papers100M_FedAvg_bs128_seed42_beta10000p0,ogbn-papers100M,FedAvg,128,42,10000.0,64,validation,0.118,4.3663,0.118,4.3663,192,0.11041879653930664,0.11041879653930664,0.5285754203796387,0.6389942169189453,41.423758029937744,0.5285754203796387,0.6389942169189453,41.423758029937744
nc_papers100m_195trainer_0hop_balanced_local_bs128_800r,20260914_201408_ogbn-papers100M_FedAvg_bs128_seed42_beta10000p0,ogbn-papers100M,FedAvg,128,42,10000.0,65,validation,0.1192,4.3569,0.1192,4.3569,195,0.1115570068359375,0.1115570068359375,0.5289106369018555,0.640467643737793,42.06422567367554,0.5289106369018555,0.640467643737793,42.06422567367554
nc_papers100m_195trainer_0hop_balanced_local_bs128_800r,20260914_201408_ogbn-papers100M_FedAvg_bs128_seed42_beta10000p0,ogbn-papers100M,FedAvg,128,42,10000.0,66,validation,0.1203,4.3473,0.1203,4.3473,198,0.10641741752624512,0.10641741752624512,0.5170645713806152,0.6234819889068604,42.6877076625824,0.5170645713806152,0.6234819889068604,42.6877076625824
nc_papers100m_195trainer_0hop_balanced_local_bs128_800r,20260914_201408_ogbn-papers100M_FedAvg_bs128_seed42_beta10000p0,ogbn-papers100M,FedAvg,128,42,10000.0,67,validation,0.1218,4.3377,0.1218,4.3377,201,0.10757875442504883,0.10757875442504883,0.5225706100463867,0.6301493644714355,43.31785702705383,0.5225706100463867,0.6301493644714355,43.31785702705383
nc_papers100m_195trainer_0hop_balanced_local_bs128_800r,20260914_201408_ogbn-papers100M_FedAvg_bs128_seed42_beta10000p0,ogbn-papers100M,FedAvg,128,42,10000.0,68,validation,0.1235,4.3285,0.1235,4.3285,204,0.10371828079223633,0.10371828079223633,0.5265519618988037,0.63027024269104,43.94812726974487,0.5265519618988037,0.63027024269104,43.94812726974487
nc_papers100m_195trainer_0hop_balanced_local_bs128_800r,20260914_201408_ogbn-papers100M_FedAvg_bs128_seed42_beta10000p0,ogbn-papers100M,FedAvg,128,42,10000.0,69,validation,0.1246,4.3189,0.1246,4.3189,207,0.1057281494140625,0.1057281494140625,0.5203430652618408,0.6260712146759033,44.574198484420776,0.5203430652618408,0.6260712146759033,44.574198484420776
nc_papers100m_195trainer_0hop_balanced_local_bs128_800r,20260914_201408_ogbn-papers100M_FedAvg_bs128_seed42_beta10000p0,ogbn-papers100M,FedAvg,128,42,10000.0,70,validation,0.1261,4.3097,0.1261,4.3097,210,0.10919070243835449,0.10919070243835449,0.5175023078918457,0.6266930103302002,45.20089149475098,0.5175023078918457,0.6266930103302002,45.20089149475098
nc_papers100m_195trainer_0hop_balanced_local_bs128_800r,20260914_201408_ogbn-papers100M_FedAvg_bs128_seed42_beta10000p0,ogbn-papers100M,FedAvg,128,42,10000.0,71,validation,0.1275,4.3,0.1275,4.3,213,0.11244630813598633,0.11244630813598633,0.5195052623748779,0.6319515705108643,45.83284306526184,0.5195052623748779,0.6319515705108643,45.83284306526184
nc_papers100m_195trainer_0hop_balanced_local_bs128_800r,20260914_201408_ogbn-papers100M_FedAvg_bs128_seed42_beta10000p0,ogbn-papers100M,FedAvg,128,42,10000.0,72,validation,0.1287,4.2913,0.1287,4.2913,216,0.10611534118652344,0.10611534118652344,0.5383813381195068,0.6444966793060303,46.47733974456787,0.5383813381195068,0.6444966793060303,46.47733974456787
nc_papers100m_195trainer_0hop_balanced_local_bs128_800r,20260914_201408_ogbn-papers100M_FedAvg_bs128_seed42_beta10000p0,ogbn-papers100M,FedAvg,128,42,10000.0,73,validation,0.13,4.2827,0.13,4.2827,219,0.10541892051696777,0.10541892051696777,0.5232446193695068,0.6286635398864746,47.106003284454346,0.5232446193695068,0.6286635398864746,47.106003284454346
nc_papers100m_195trainer_0hop_balanced_local_bs128_800r,20260914_201408_ogbn-papers100M_FedAvg_bs128_seed42_beta10000p0,ogbn-papers100M,FedAvg,128,42,10000.0,74,validation,0.1312,4.2739,0.1312,4.2739,222,0.10803413391113281,0.10803413391113281,0.5153095722198486,0.6233437061309814,47.72934699058533,0.5153095722198486,0.6233437061309814,47.72934699058533
nc_papers100m_195trainer_0hop_balanced_local_bs128_800r,20260914_201408_ogbn-papers100M_FedAvg_bs128_seed42_beta10000p0,ogbn-papers100M,FedAvg,128,42,10000.0,75,validation,0.1326,4.2655,0.1326,4.2655,225,0.11052823066711426,0.11052823066711426,0.5332009792327881,0.6437292098999023,48.37307620048523,0.5332009792327881,0.6437292098999023,48.37307620048523
nc_papers100m_195trainer_0hop_balanced_local_bs128_800r,20260914_201408_ogbn-papers100M_FedAvg_bs128_seed42_beta10000p0,ogbn-papers100M,FedAvg,128,42,10000.0,76,validation,0.1338,4.2569,0.1338,4.2569,228,0.11856484413146973,0.11856484413146973,0.5268702507019043,0.645435094833374,49.0185112953186,0.5268702507019043,0.645435094833374,49.0185112953186
nc_papers100m_195trainer_0hop_balanced_local_bs128_800r,20260914_201408_ogbn-papers100M_FedAvg_bs128_seed42_beta10000p0,ogbn-papers100M,FedAvg,128,42,10000.0,77,validation,0.135,4.2484,0.135,4.2484,231,0.10702800750732422,0.10702800750732422,0.5240650177001953,0.6310930252075195,49.64960432052612,0.5240650177001953,0.6310930252075195,49.64960432052612
nc_papers100m_195trainer_0hop_balanced_local_bs128_800r,20260914_201408_ogbn-papers100M_FedAvg_bs128_seed42_beta10000p0,ogbn-papers100M,FedAvg,128,42,10000.0,78,validation,0.136,4.2402,0.136,4.2402,234,0.10843825340270996,0.10843825340270996,0.5194034576416016,0.6278417110443115,50.277446031570435,0.5194034576416016,0.6278417110443115,50.277446031570435
nc_papers100m_195trainer_0hop_balanced_local_bs128_800r,20260914_201408_ogbn-papers100M_FedAvg_bs128_seed42_beta10000p0,ogbn-papers100M,FedAvg,128,42,10000.0,79,validation,0.1373,4.2317,0.1373,4.2317,237,0.10625028610229492,0.10625028610229492,0.5362763404846191,0.6425266265869141,50.91997265815735,0.5362763404846191,0.6425266265869141,50.91997265815735
nc_papers100m_195trainer_0hop_balanced_local_bs128_800r,20260914_201408_ogbn-papers100M_FedAvg_bs128_seed42_beta10000p0,ogbn-papers100M,FedAvg,128,42,10000.0,80,validation,0.1385,4.2235,0.1385,4.2235,240,0.10686445236206055,0.10686445236206055,0.5251531600952148,0.6320176124572754,51.551990270614624,0.5251531600952148,0.6320176124572754,51.551990270614624
nc_papers100m_195trainer_0hop_balanced_local_bs128_800r,20260914_201408_ogbn-papers100M_FedAvg_bs128_seed42_beta10000p0,ogbn-papers100M,FedAvg,128,42,10000.0,81,validation,0.1399,4.2152,0.1399,4.2152,243,0.10833334922790527,0.10833334922790527,0.5202863216400146,0.6286196708679199,52.180609941482544,0.5202863216400146,0.6286196708679199,52.180609941482544
nc_papers100m_195trainer_0hop_balanced_local_bs128_800r,20260914_201408_ogbn-papers100M_FedAvg_bs128_seed42_beta10000p0,ogbn-papers100M,FedAvg,128,42,10000.0,82,validation,0.1411,4.2069,0.1411,4.2069,246,0.11753678321838379,0.11753678321838379,0.5154900550842285,0.6330268383026123,52.813636779785156,0.5154900550842285,0.6330268383026123,52.813636779785156
nc_papers100m_195trainer_0hop_balanced_local_bs128_800r,20260914_201408_ogbn-papers100M_FedAvg_bs128_seed42_beta10000p0,ogbn-papers100M,FedAvg,128,42,10000.0,83,validation,0.1426,4.1988,0.1426,4.1988,249,0.10918331146240234,0.10918331146240234,0.5277788639068604,0.6369621753692627,53.45059895515442,0.5277788639068604,0.6369621753692627,53.45059895515442
nc_papers100m_195trainer_0hop_balanced_local_bs128_800r,20260914_201408_ogbn-papers100M_FedAvg_bs128_seed42_beta10000p0,ogbn-papers100M,FedAvg,128,42,10000.0,84,validation,0.1435,4.1913,0.1435,4.1913,252,0.10532712936401367,0.10532712936401367,0.5292608737945557,0.6345880031585693,54.08518695831299,0.5292608737945557,0.6345880031585693,54.08518695831299
nc_papers100m_195trainer_0hop_balanced_local_bs128_800r,20260914_201408_ogbn-papers100M_FedAvg_bs128_seed42_beta10000p0,ogbn-papers100M,FedAvg,128,42,10000.0,85,validation,0.145,4.1834,0.145,4.1834,255,0.10573840141296387,0.10573840141296387,0.538200855255127,0.6439392566680908,54.72912621498108,0.538200855255127,0.6439392566680908,54.72912621498108
nc_papers100m_195trainer_0hop_balanced_local_bs128_800r,20260914_201408_ogbn-papers100M_FedAvg_bs128_seed42_beta10000p0,ogbn-papers100M,FedAvg,128,42,10000.0,86,validation,0.1461,4.1757,0.1461,4.1757,258,0.1134800910949707,0.1134800910949707,0.5250322818756104,0.638512372970581,55.36763858795166,0.5250322818756104,0.638512372970581,55.36763858795166
nc_papers100m_195trainer_0hop_balanced_local_bs128_800r,20260914_201408_ogbn-papers100M_FedAvg_bs128_seed42_beta10000p0,ogbn-papers100M,FedAvg,128,42,10000.0,87,validation,0.1471,4.1676,0.1471,4.1676,261,0.11000514030456543,0.11000514030456543,0.5304708480834961,0.6404759883880615,56.00811457633972,0.5304708480834961,0.6404759883880615,56.00811457633972
nc_papers100m_195trainer_0hop_balanced_local_bs128_800r,20260914_201408_ogbn-papers100M_FedAvg_bs128_seed42_beta10000p0,ogbn-papers100M,FedAvg,128,42,10000.0,88,validation,0.1479,4.1602,0.1479,4.1602,264,0.10420393943786621,0.10420393943786621,0.5191926956176758,0.623396635055542,56.631511211395264,0.5191926956176758,0.623396635055542,56.631511211395264
nc_papers100m_195trainer_0hop_balanced_local_bs128_800r,20260914_201408_ogbn-papers100M_FedAvg_bs128_seed42_beta10000p0,ogbn-papers100M,FedAvg,128,42,10000.0,89,validation,0.1489,4.1528,0.1489,4.1528,267,0.10584831237792969,0.10584831237792969,0.5207564830780029,0.6266047954559326,57.258116006851196,0.5207564830780029,0.6266047954559326,57.258116006851196
nc_papers100m_195trainer_0hop_balanced_local_bs128_800r,20260914_201408_ogbn-papers100M_FedAvg_bs128_seed42_beta10000p0,ogbn-papers100M,FedAvg,128,42,10000.0,90,validation,0.1502,4.1458,0.1502,4.1458,270,0.11121034622192383,0.11121034622192383,0.5271985530853271,0.638408899307251,57.89652490615845,0.5271985530853271,0.638408899307251,57.89652490615845
nc_papers100m_195trainer_0hop_balanced_local_bs128_800r,20260914_201408_ogbn-papers100M_FedAvg_bs128_seed42_beta10000p0,ogbn-papers100M,FedAvg,128,42,10000.0,91,validation,0.1511,4.1382,0.1511,4.1382,273,0.11322927474975586,0.11322927474975586,0.5329380035400391,0.6461672782897949,58.54269218444824,0.5329380035400391,0.6461672782897949,58.54269218444824
nc_papers100m_195trainer_0hop_balanced_local_bs128_800r,20260914_201408_ogbn-papers100M_FedAvg_bs128_seed42_beta10000p0,ogbn-papers100M,FedAvg,128,42,10000.0,92,validation,0.1521,4.1306,0.1521,4.1306,276,0.11012816429138184,0.11012816429138184,0.5291728973388672,0.639301061630249,59.18199324607849,0.5291728973388672,0.639301061630249,59.18199324607849
nc_papers100m_195trainer_0hop_balanced_local_bs128_800r,20260914_201408_ogbn-papers100M_FedAvg_bs128_seed42_beta10000p0,ogbn-papers100M,FedAvg,128,42,10000.0,93,validation,0.1534,4.1234,0.1534,4.1234,279,0.10806488990783691,0.10806488990783691,0.523200273513794,0.6312651634216309,59.81325840950012,0.523200273513794,0.6312651634216309,59.81325840950012
nc_papers100m_195trainer_0hop_balanced_local_bs128_800r,20260914_201408_ogbn-papers100M_FedAvg_bs128_seed42_beta10000p0,ogbn-papers100M,FedAvg,128,42,10000.0,94,validation,0.1546,4.1164,0.1546,4.1164,282,0.10583901405334473,0.10583901405334473,0.5283722877502441,0.6342113018035889,60.44746971130371,0.5283722877502441,0.6342113018035889,60.44746971130371
nc_papers100m_195trainer_0hop_balanced_local_bs128_800r,20260914_201408_ogbn-papers100M_FedAvg_bs128_seed42_beta10000p0,ogbn-papers100M,FedAvg,128,42,10000.0,95,validation,0.1555,4.1092,0.1555,4.1092,285,0.1063075065612793,0.1063075065612793,0.5385923385620117,0.644899845123291,61.092369556427,0.5385923385620117,0.644899845123291,61.092369556427
nc_papers100m_195trainer_0hop_balanced_local_bs128_800r,20260914_201408_ogbn-papers100M_FedAvg_bs128_seed42_beta10000p0,ogbn-papers100M,FedAvg,128,42,10000.0,96,validation,0.1566,4.1019,0.1566,4.1019,288,0.10982990264892578,0.10982990264892578,0.5187640190124512,0.628593921661377,61.72096347808838,0.5187640190124512,0.628593921661377,61.72096347808838
nc_papers100m_195trainer_0hop_balanced_local_bs128_800r,20260914_201408_ogbn-papers100M_FedAvg_bs128_seed42_beta10000p0,ogbn-papers100M,FedAvg,128,42,10000.0,97,validation,0.1574,4.0951,0.1574,4.0951,291,0.1140742301940918,0.1140742301940918,0.525029182434082,0.6391034126281738,62.36006689071655,0.525029182434082,0.6391034126281738,62.36006689071655
nc_papers100m_195trainer_0hop_balanced_local_bs128_800r,20260914_201408_ogbn-papers100M_FedAvg_bs128_seed42_beta10000p0,ogbn-papers100M,FedAvg,128,42,10000.0,98,validation,0.1582,4.0881,0.1582,4.0881,294,0.10739827156066895,0.10739827156066895,0.5482692718505859,0.6556675434112549,63.01573443412781,0.5482692718505859,0.6556675434112549,63.01573443412781
nc_papers100m_195trainer_0hop_balanced_local_bs128_800r,20260914_201408_ogbn-papers100M_FedAvg_bs128_seed42_beta10000p0,ogbn-papers100M,FedAvg,128,42,10000.0,99,validation,0.1596,4.0811,0.1596,4.0811,297,0.10394001007080078,0.10394001007080078,0.5377588272094727,0.6416988372802734,63.65743327140808,0.5377588272094727,0.6416988372802734,63.65743327140808
nc_papers100m_195trainer_0hop_balanced_local_bs128_800r,20260914_201408_ogbn-papers100M_FedAvg_bs128_seed42_beta10000p0,ogbn-papers100M,FedAvg,128,42,10000.0,100,validation,0.1605,4.0743,0.1605,4.0743,300,0.10486793518066406,0.10486793518066406,0.5193300247192383,0.6241979598999023,64.28163123130798,0.5193300247192383,0.6241979598999023,64.28163123130798
nc_papers100m_195trainer_0hop_balanced_local_bs128_800r,20260914_201408_ogbn-papers100M_FedAvg_bs128_seed42_beta10000p0,ogbn-papers100M,FedAvg,128,42,10000.0,101,validation,0.1617,4.0676,0.1617,4.0676,303,0.10732412338256836,0.10732412338256836,0.5256524085998535,0.6329765319824219,64.9146077632904,0.5256524085998535,0.6329765319824219,64.9146077632904
nc_papers100m_195trainer_0hop_balanced_local_bs128_800r,20260914_201408_ogbn-papers100M_FedAvg_bs128_seed42_beta10000p0,ogbn-papers100M,FedAvg,128,42,10000.0,102,validation,0.1627,4.0608,0.1627,4.0608,306,0.10822248458862305,0.10822248458862305,0.5274114608764648,0.6356339454650879,65.5502417087555,0.5274114608764648,0.6356339454650879,65.5502417087555
nc_papers100m_195trainer_0hop_balanced_local_bs128_800r,20260914_201408_ogbn-papers100M_FedAvg_bs128_seed42_beta10000p0,ogbn-papers100M,FedAvg,128,42,10000.0,103,validation,0.1633,4.0545,0.1633,4.0545,309,0.10687422752380371,0.10687422752380371,0.6964857578277588,0.8033599853515625,66.35360169410706,0.6964857578277588,0.8033599853515625,66.35360169410706
nc_papers100m_195trainer_0hop_balanced_local_bs128_800r,20260914_201408_ogbn-papers100M_FedAvg_bs128_seed42_beta10000p0,ogbn-papers100M,FedAvg,128,42,10000.0,104,validation,0.1644,4.0481,0.1644,4.0481,312,0.1061086654663086,0.1061086654663086,0.5289962291717529,0.6351048946380615,66.98870658874512,0.5289962291717529,0.6351048946380615,66.98870658874512
nc_papers100m_195trainer_0hop_balanced_local_bs128_800r,20260914_201408_ogbn-papers100M_FedAvg_bs128_seed42_beta10000p0,ogbn-papers100M,FedAvg,128,42,10000.0,105,validation,0.1655,4.0414,0.1655,4.0414,315,0.10965919494628906,0.10965919494628906,0.5231823921203613,0.6328415870666504,67.62154817581177,0.5231823921203613,0.6328415870666504,67.62154817581177
nc_papers100m_195trainer_0hop_balanced_local_bs128_800r,20260914_201408_ogbn-papers100M_FedAvg_bs128_seed42_beta10000p0,ogbn-papers100M,FedAvg,128,42,10000.0,106,validation,0.1665,4.0349,0.1665,4.0349,318,0.10887002944946289,0.10887002944946289,0.5265371799468994,0.6354072093963623,68.25695538520813,0.5265371799468994,0.6354072093963623,68.25695538520813
nc_papers100m_195trainer_0hop_balanced_local_bs128_800r,20260914_201408_ogbn-papers100M_FedAvg_bs128_seed42_beta10000p0,ogbn-papers100M,FedAvg,128,42,10000.0,107,validation,0.1673,4.0286,0.1673,4.0286,321,0.10656857490539551,0.10656857490539551,0.5306146144866943,0.6371831893920898,68.89413857460022,0.5306146144866943,0.6371831893920898,68.89413857460022
nc_papers100m_195trainer_0hop_balanced_local_bs128_800r,20260914_201408_ogbn-papers100M_FedAvg_bs128_seed42_beta10000p0,ogbn-papers100M,FedAvg,128,42,10000.0,108,validation,0.1681,4.0224,0.1681,4.0224,324,0.10940814018249512,0.10940814018249512,0.5266094207763672,0.6360175609588623,69.53015613555908,0.5266094207763672,0.6360175609588623,69.53015613555908
nc_papers100m_195trainer_0hop_balanced_local_bs128_800r,20260914_201408_ogbn-papers100M_FedAvg_bs128_seed42_beta10000p0,ogbn-papers100M,FedAvg,128,42,10000.0,109,validation,0.1691,4.016,0.1691,4.016,327,0.10657930374145508,0.10657930374145508,0.5181033611297607,0.6246826648712158,70.1548388004303,0.5181033611297607,0.6246826648712158,70.1548388004303
nc_papers100m_195trainer_0hop_balanced_local_bs128_800r,20260914_201408_ogbn-papers100M_FedAvg_bs128_seed42_beta10000p0,ogbn-papers100M,FedAvg,128,42,10000.0,110,validation,0.1699,4.0099,0.1699,4.0099,330,0.10406947135925293,0.10406947135925293,0.5327849388122559,0.6368544101715088,70.7916932106018,0.5327849388122559,0.6368544101715088,70.7916932106018
nc_papers100m_195trainer_0hop_balanced_local_bs128_800r,20260914_201408_ogbn-papers100M_FedAvg_bs128_seed42_beta10000p0,ogbn-papers100M,FedAvg,128,42,10000.0,111,validation,0.1707,4.0043,0.1707,4.0043,333,0.1097722053527832,0.1097722053527832,0.5394473075866699,0.6492195129394531,71.44091272354126,0.5394473075866699,0.6492195129394531,71.44091272354126
nc_papers100m_195trainer_0hop_balanced_local_bs128_800r,20260914_201408_ogbn-papers100M_FedAvg_bs128_seed42_beta10000p0,ogbn-papers100M,FedAvg,128,42,10000.0,112,validation,0.1718,3.9984,0.1718,3.9984,336,0.10887265205383301,0.10887265205383301,0.5278663635253906,0.6367390155792236,72.07765173912048,0.5278663635253906,0.6367390155792236,72.07765173912048
nc_papers100m_195trainer_0hop_balanced_local_bs128_800r,20260914_201408_ogbn-papers100M_FedAvg_bs128_seed42_beta10000p0,ogbn-papers100M,FedAvg,128,42,10000.0,113,validation,0.1727,3.9926,0.1727,3.9926,339,0.10930418968200684,0.10930418968200684,0.515535831451416,0.6248400211334229,72.7024917602539,0.515535831451416,0.6248400211334229,72.7024917602539
nc_papers100m_195trainer_0hop_balanced_local_bs128_800r,20260914_201408_ogbn-papers100M_FedAvg_bs128_seed42_beta10000p0,ogbn-papers100M,FedAvg,128,42,10000.0,114,validation,0.1736,3.9867,0.1736,3.9867,342,0.10797238349914551,0.10797238349914551,0.5346858501434326,0.6426582336425781,73.34514999389648,0.5346858501434326,0.6426582336425781,73.34514999389648
nc_papers100m_195trainer_0hop_balanced_local_bs128_800r,20260914_201408_ogbn-papers100M_FedAvg_bs128_seed42_beta10000p0,ogbn-papers100M,FedAvg,128,42,10000.0,115,validation,0.1744,3.981,0.1744,3.981,345,0.10506248474121094,0.10506248474121094,0.5271499156951904,0.6322124004364014,73.97736239433289,0.5271499156951904,0.6322124004364014,73.97736239433289
nc_papers100m_195trainer_0hop_balanced_local_bs128_800r,20260914_201408_ogbn-papers100M_FedAvg_bs128_seed42_beta10000p0,ogbn-papers100M,FedAvg,128,42,10000.0,116,validation,0.1752,3.975,0.1752,3.975,348,0.1058194637298584,0.1058194637298584,0.5197510719299316,0.62557053565979,74.60293292999268,0.5197510719299316,0.62557053565979,74.60293292999268
nc_papers100m_195trainer_0hop_balanced_local_bs128_800r,20260914_201408_ogbn-papers100M_FedAvg_bs128_seed42_beta10000p0,ogbn-papers100M,FedAvg,128,42,10000.0,117,validation,0.1761,3.9692,0.1761,3.9692,351,0.10489845275878906,0.10489845275878906,0.5183248519897461,0.6232233047485352,75.22615623474121,0.5183248519897461,0.6232233047485352,75.22615623474121
nc_papers100m_195trainer_0hop_balanced_local_bs128_800r,20260914_201408_ogbn-papers100M_FedAvg_bs128_seed42_beta10000p0,ogbn-papers100M,FedAvg,128,42,10000.0,118,validation,0.1768,3.9637,0.1768,3.9637,354,0.10840630531311035,0.10840630531311035,0.5257754325866699,0.6341817378997803,75.86033797264099,0.5257754325866699,0.6341817378997803,75.86033797264099
nc_papers100m_195trainer_0hop_balanced_local_bs128_800r,20260914_201408_ogbn-papers100M_FedAvg_bs128_seed42_beta10000p0,ogbn-papers100M,FedAvg,128,42,10000.0,119,validation,0.1777,3.9581,0.1777,3.9581,357,0.10977840423583984,0.10977840423583984,0.5285770893096924,0.6383554935455322,76.49869346618652,0.5285770893096924,0.6383554935455322,76.49869346618652
nc_papers100m_195trainer_0hop_balanced_local_bs128_800r,20260914_201408_ogbn-papers100M_FedAvg_bs128_seed42_beta10000p0,ogbn-papers100M,FedAvg,128,42,10000.0,120,validation,0.1786,3.9526,0.1786,3.9526,360,0.1088249683380127,0.1088249683380127,0.5310635566711426,0.6398885250091553,77.13858199119568,0.5310635566711426,0.6398885250091553,77.13858199119568
nc_papers100m_195trainer_0hop_balanced_local_bs128_800r,20260914_201408_ogbn-papers100M_FedAvg_bs128_seed42_beta10000p0,ogbn-papers100M,FedAvg,128,42,10000.0,121,validation,0.1795,3.9469,0.1795,3.9469,363,0.10598325729370117,0.10598325729370117,0.5193924903869629,0.6253757476806641,77.76395773887634,0.5193924903869629,0.6253757476806641,77.76395773887634
nc_papers100m_195trainer_0hop_balanced_local_bs128_800r,20260914_201408_ogbn-papers100M_FedAvg_bs128_seed42_beta10000p0,ogbn-papers100M,FedAvg,128,42,10000.0,122,validation,0.18,3.9418,0.18,3.9418,366,0.10311031341552734,0.10311031341552734,0.5288345813751221,0.6319448947906494,78.39590263366699,0.5288345813751221,0.6319448947906494,78.39590263366699
nc_papers100m_195trainer_0hop_balanced_local_bs128_800r,20260914_201408_ogbn-papers100M_FedAvg_bs128_seed42_beta10000p0,ogbn-papers100M,FedAvg,128,42,10000.0,123,validation,0.1808,3.9365,0.1808,3.9365,369,0.10627555847167969,0.10627555847167969,0.5254931449890137,0.6317687034606934,79.02767133712769,0.5254931449890137,0.6317687034606934,79.02767133712769
nc_papers100m_195trainer_0hop_balanced_local_bs128_800r,20260914_201408_ogbn-papers100M_FedAvg_bs128_seed42_beta10000p0,ogbn-papers100M,FedAvg,128,42,10000.0,124,validation,0.1815,3.9315,0.1815,3.9315,372,0.10908389091491699,0.10908389091491699,0.5193684101104736,0.6284523010253906,79.65612363815308,0.5193684101104736,0.6284523010253906,79.65612363815308
nc_papers100m_195trainer_0hop_balanced_local_bs128_800r,20260914_201408_ogbn-papers100M_FedAvg_bs128_seed42_beta10000p0,ogbn-papers100M,FedAvg,128,42,10000.0,125,validation,0.1826,3.9259,0.1826,3.9259,375,0.11655163764953613,0.11655163764953613,0.5351018905639648,0.651653528213501,80.30777716636658,0.5351018905639648,0.651653528213501,80.30777716636658
nc_papers100m_195trainer_0hop_balanced_local_bs128_800r,20260914_201408_ogbn-papers100M_FedAvg_bs128_seed42_beta10000p0,ogbn-papers100M,FedAvg,128,42,10000.0,126,validation,0.1836,3.9205,0.1836,3.9205,378,0.10514354705810547,0.10514354705810547,0.5310885906219482,0.6362321376800537,80.94400930404663,0.5310885906219482,0.6362321376800537,80.94400930404663
nc_papers100m_195trainer_0hop_balanced_local_bs128_800r,20260914_201408_ogbn-papers100M_FedAvg_bs128_seed42_beta10000p0,ogbn-papers100M,FedAvg,128,42,10000.0,127,validation,0.1843,3.9151,0.1843,3.9151,381,0.10559868812561035,0.10559868812561035,0.5255429744720459,0.6311416625976562,81.57515096664429,0.5255429744720459,0.6311416625976562,81.57515096664429
nc_papers100m_195trainer_0hop_balanced_local_bs128_800r,20260914_201408_ogbn-papers100M_FedAvg_bs128_seed42_beta10000p0,ogbn-papers100M,FedAvg,128,42,10000.0,128,validation,0.1847,3.91,0.1847,3.91,384,0.10513162612915039,0.10513162612915039,0.5200686454772949,0.6252002716064453,82.20035123825073,0.5200686454772949,0.6252002716064453,82.20035123825073
nc_papers100m_195trainer_0hop_balanced_local_bs128_800r,20260914_201408_ogbn-papers100M_FedAvg_bs128_seed42_beta10000p0,ogbn-papers100M,FedAvg,128,42,10000.0,129,validation,0.1856,3.9049,0.1856,3.9049,387,0.10607123374938965,0.10607123374938965,0.5275909900665283,0.633662223815918,82.83401346206665,0.5275909900665283,0.633662223815918,82.83401346206665
nc_papers100m_195trainer_0hop_balanced_local_bs128_800r,20260914_201408_ogbn-papers100M_FedAvg_bs128_seed42_beta10000p0,ogbn-papers100M,FedAvg,128,42,10000.0,130,validation,0.1866,3.8998,0.1866,3.8998,390,0.1067969799041748,0.1067969799041748,0.5352146625518799,0.6420116424560547,83.4760251045227,0.5352146625518799,0.6420116424560547,83.4760251045227
nc_papers100m_195trainer_0hop_balanced_local_bs128_800r,20260914_201408_ogbn-papers100M_FedAvg_bs128_seed42_beta10000p0,ogbn-papers100M,FedAvg,128,42,10000.0,131,validation,0.1874,3.8951,0.1874,3.8951,393,0.11033248901367188,0.11033248901367188,0.5198018550872803,0.6301343441009521,84.10615944862366,0.5198018550872803,0.6301343441009521,84.10615944862366
nc_papers100m_195trainer_0hop_balanced_local_bs128_800r,20260914_201408_ogbn-papers100M_FedAvg_bs128_seed42_beta10000p0,ogbn-papers100M,FedAvg,128,42,10000.0,132,validation,0.188,3.8901,0.188,3.8901,396,0.10346698760986328,0.10346698760986328,0.5282764434814453,0.6317434310913086,84.73790287971497,0.5282764434814453,0.6317434310913086,84.73790287971497
nc_papers100m_195trainer_0hop_balanced_local_bs128_800r,20260914_201408_ogbn-papers100M_FedAvg_bs128_seed42_beta10000p0,ogbn-papers100M,FedAvg,128,42,10000.0,133,validation,0.1889,3.8854,0.1889,3.8854,399,0.10560441017150879,0.10560441017150879,0.5409274101257324,0.6465318202972412,85.3844347000122,0.5409274101257324,0.6465318202972412,85.3844347000122
nc_papers100m_195trainer_0hop_balanced_local_bs128_800r,20260914_201408_ogbn-papers100M_FedAvg_bs128_seed42_beta10000p0,ogbn-papers100M,FedAvg,128,42,10000.0,134,validation,0.1899,3.8806,0.1899,3.8806,402,0.10592055320739746,0.10592055320739746,0.527719259262085,0.6336398124694824,86.01807451248169,0.527719259262085,0.6336398124694824,86.01807451248169
nc_papers100m_195trainer_0hop_balanced_local_bs128_800r,20260914_201408_ogbn-papers100M_FedAvg_bs128_seed42_beta10000p0,ogbn-papers100M,FedAvg,128,42,10000.0,135,validation,0.1903,3.8753,0.1903,3.8753,405,0.11019086837768555,0.11019086837768555,0.5200212001800537,0.6302120685577393,86.64828658103943,0.5200212001800537,0.6302120685577393,86.64828658103943
nc_papers100m_195trainer_0hop_balanced_local_bs128_800r,20260914_201408_ogbn-papers100M_FedAvg_bs128_seed42_beta10000p0,ogbn-papers100M,FedAvg,128,42,10000.0,136,validation,0.1911,3.8706,0.1911,3.8706,408,0.11068058013916016,0.11068058013916016,0.5286581516265869,0.6393387317657471,87.28762531280518,0.5286581516265869,0.6393387317657471,87.28762531280518
nc_papers100m_195trainer_0hop_balanced_local_bs128_800r,20260914_201408_ogbn-papers100M_FedAvg_bs128_seed42_beta10000p0,ogbn-papers100M,FedAvg,128,42,10000.0,137,validation,0.1916,3.8658,0.1916,3.8658,411,0.10649299621582031,0.10649299621582031,0.5321636199951172,0.6386566162109375,87.92628192901611,0.5321636199951172,0.6386566162109375,87.92628192901611
nc_papers100m_195trainer_0hop_balanced_local_bs128_800r,20260914_201408_ogbn-papers100M_FedAvg_bs128_seed42_beta10000p0,ogbn-papers100M,FedAvg,128,42,10000.0,138,validation,0.1923,3.861,0.1923,3.861,414,0.10346508026123047,0.10346508026123047,0.5662133693695068,0.6696784496307373,88.59596037864685,0.5662133693695068,0.6696784496307373,88.59596037864685
nc_papers100m_195trainer_0hop_balanced_local_bs128_800r,20260914_201408_ogbn-papers100M_FedAvg_bs128_seed42_beta10000p0,ogbn-papers100M,FedAvg,128,42,10000.0,139,validation,0.1931,3.8562,0.1931,3.8562,417,0.10567498207092285,0.10567498207092285,0.521033525466919,0.6267085075378418,89.22266888618469,0.521033525466919,0.6267085075378418,89.22266888618469
nc_papers100m_195trainer_0hop_balanced_local_bs128_800r,20260914_201408_ogbn-papers100M_FedAvg_bs128_seed42_beta10000p0,ogbn-papers100M,FedAvg,128,42,10000.0,140,validation,0.1937,3.8516,0.1937,3.8516,420,0.10703229904174805,0.10703229904174805,0.5223832130432129,0.6294155120849609,89.85208439826965,0.5223832130432129,0.6294155120849609,89.85208439826965
nc_papers100m_195trainer_0hop_balanced_local_bs128_800r,20260914_201408_ogbn-papers100M_FedAvg_bs128_seed42_beta10000p0,ogbn-papers100M,FedAvg,128,42,10000.0,141,validation,0.1943,3.8471,0.1943,3.8471,423,0.11111664772033691,0.11111664772033691,0.525956392288208,0.6370730400085449,90.4891574382782,0.525956392288208,0.6370730400085449,90.4891574382782
nc_papers100m_195trainer_0hop_balanced_local_bs128_800r,20260914_201408_ogbn-papers100M_FedAvg_bs128_seed42_beta10000p0,ogbn-papers100M,FedAvg,128,42,10000.0,142,validation,0.195,3.8425,0.195,3.8425,426,0.11355757713317871,0.11355757713317871,0.519049882888794,0.6326074600219727,91.12176489830017,0.519049882888794,0.6326074600219727,91.12176489830017
nc_papers100m_195trainer_0hop_balanced_local_bs128_800r,20260914_201408_ogbn-papers100M_FedAvg_bs128_seed42_beta10000p0,ogbn-papers100M,FedAvg,128,42,10000.0,143,validation,0.1955,3.8381,0.1955,3.8381,429,0.1057744026184082,0.1057744026184082,0.511878252029419,0.6176526546478271,91.739417552948,0.511878252029419,0.6176526546478271,91.739417552948
nc_papers100m_195trainer_0hop_balanced_local_bs128_800r,20260914_201408_ogbn-papers100M_FedAvg_bs128_seed42_beta10000p0,ogbn-papers100M,FedAvg,128,42,10000.0,144,validation,0.1961,3.8337,0.1961,3.8337,432,0.10732626914978027,0.10732626914978027,0.5223302841186523,0.6296565532684326,92.36907410621643,0.5223302841186523,0.6296565532684326,92.36907410621643
nc_papers100m_195trainer_0hop_balanced_local_bs128_800r,20260914_201408_ogbn-papers100M_FedAvg_bs128_seed42_beta10000p0,ogbn-papers100M,FedAvg,128,42,10000.0,145,validation,0.1965,3.8291,0.1965,3.8291,435,0.10604310035705566,0.10604310035705566,0.5221564769744873,0.628199577331543,92.99727368354797,0.5221564769744873,0.628199577331543,92.99727368354797
nc_papers100m_195trainer_0hop_balanced_local_bs128_800r,20260914_201408_ogbn-papers100M_FedAvg_bs128_seed42_beta10000p0,ogbn-papers100M,FedAvg,128,42,10000.0,146,validation,0.1974,3.8242,0.1974,3.8242,438,0.10691952705383301,0.10691952705383301,0.5213155746459961,0.6282351016998291,93.6255087852478,0.5213155746459961,0.6282351016998291,93.6255087852478
nc_papers100m_195trainer_0hop_balanced_local_bs128_800r,20260914_201408_ogbn-papers100M_FedAvg_bs128_seed42_beta10000p0,ogbn-papers100M,FedAvg,128,42,10000.0,147,validation,0.198,3.82,0.198,3.82,441,0.10996747016906738,0.10996747016906738,0.5107300281524658,0.6206974983215332,94.24620628356934,0.5107300281524658,0.6206974983215332,94.24620628356934
nc_papers100m_195trainer_0hop_balanced_local_bs128_800r,20260914_201408_ogbn-papers100M_FedAvg_bs128_seed42_beta10000p0,ogbn-papers100M,FedAvg,128,42,10000.0,148,validation,0.1986,3.8154,0.1986,3.8154,444,0.10649991035461426,0.10649991035461426,0.5279138088226318,0.6344137191772461,94.88062000274658,0.5279138088226318,0.6344137191772461,94.88062000274658
nc_papers100m_195trainer_0hop_balanced_local_bs128_800r,20260914_201408_ogbn-papers100M_FedAvg_bs128_seed42_beta10000p0,ogbn-papers100M,FedAvg,128,42,10000.0,149,validation,0.1992,3.811,0.1992,3.811,447,0.10388875007629395,0.10388875007629395,0.518176794052124,0.622065544128418,95.502685546875,0.518176794052124,0.622065544128418,95.502685546875
nc_papers100m_195trainer_0hop_balanced_local_bs128_800r,20260914_201408_ogbn-papers100M_FedAvg_bs128_seed42_beta10000p0,ogbn-papers100M,FedAvg,128,42,10000.0,150,validation,0.2,3.8068,0.2,3.8068,450,0.10589718818664551,0.10589718818664551,0.5174291133880615,0.623326301574707,96.1260118484497,0.5174291133880615,0.623326301574707,96.1260118484497
nc_papers100m_195trainer_0hop_balanced_local_bs128_800r,20260914_201408_ogbn-papers100M_FedAvg_bs128_seed42_beta10000p0,ogbn-papers100M,FedAvg,128,42,10000.0,151,validation,0.2004,3.8028,0.2004,3.8028,453,0.10701966285705566,0.10701966285705566,0.5396451950073242,0.6466648578643799,96.77267670631409,0.5396451950073242,0.6466648578643799,96.77267670631409
nc_papers100m_195trainer_0hop_balanced_local_bs128_800r,20260914_201408_ogbn-papers100M_FedAvg_bs128_seed42_beta10000p0,ogbn-papers100M,FedAvg,128,42,10000.0,152,validation,0.2009,3.7988,0.2009,3.7988,456,0.11052894592285156,0.11052894592285156,0.5273337364196777,0.6378626823425293,97.41053938865662,0.5273337364196777,0.6378626823425293,97.41053938865662
nc_papers100m_195trainer_0hop_balanced_local_bs128_800r,20260914_201408_ogbn-papers100M_FedAvg_bs128_seed42_beta10000p0,ogbn-papers100M,FedAvg,128,42,10000.0,153,validation,0.2016,3.7945,0.2016,3.7945,459,0.10471343994140625,0.10471343994140625,0.5294029712677002,0.6341164112091064,98.04465579986572,0.5294029712677002,0.6341164112091064,98.04465579986572
nc_papers100m_195trainer_0hop_balanced_local_bs128_800r,20260914_201408_ogbn-papers100M_FedAvg_bs128_seed42_beta10000p0,ogbn-papers100M,FedAvg,128,42,10000.0,154,validation,0.2019,3.7904,0.2019,3.7904,462,0.10516643524169922,0.10516643524169922,0.5253548622131348,0.630521297454834,98.67517709732056,0.5253548622131348,0.630521297454834,98.67517709732056
nc_papers100m_195trainer_0hop_balanced_local_bs128_800r,20260914_201408_ogbn-papers100M_FedAvg_bs128_seed42_beta10000p0,ogbn-papers100M,FedAvg,128,42,10000.0,155,validation,0.2025,3.7859,0.2025,3.7859,465,0.10557961463928223,0.10557961463928223,0.5212934017181396,0.6268730163574219,99.30205011367798,0.5212934017181396,0.6268730163574219,99.30205011367798
nc_papers100m_195trainer_0hop_balanced_local_bs128_800r,20260914_201408_ogbn-papers100M_FedAvg_bs128_seed42_beta10000p0,ogbn-papers100M,FedAvg,128,42,10000.0,156,validation,0.2031,3.7817,0.2031,3.7817,468,0.10815191268920898,0.10815191268920898,0.5302364826202393,0.6383883953094482,99.94043850898743,0.5302364826202393,0.6383883953094482,99.94043850898743
nc_papers100m_195trainer_0hop_balanced_local_bs128_800r,20260914_201408_ogbn-papers100M_FedAvg_bs128_seed42_beta10000p0,ogbn-papers100M,FedAvg,128,42,10000.0,157,validation,0.2034,3.7778,0.2034,3.7778,471,0.1107633113861084,0.1107633113861084,0.5248537063598633,0.6356170177459717,100.5760555267334,0.5248537063598633,0.6356170177459717,100.5760555267334
nc_papers100m_195trainer_0hop_balanced_local_bs128_800r,20260914_201408_ogbn-papers100M_FedAvg_bs128_seed42_beta10000p0,ogbn-papers100M,FedAvg,128,42,10000.0,158,validation,0.2045,3.7734,0.2045,3.7734,474,0.10376501083374023,0.10376501083374023,0.5123379230499268,0.616102933883667,101.19215846061707,0.5123379230499268,0.616102933883667,101.19215846061707
nc_papers100m_195trainer_0hop_balanced_local_bs128_800r,20260914_201408_ogbn-papers100M_FedAvg_bs128_seed42_beta10000p0,ogbn-papers100M,FedAvg,128,42,10000.0,159,validation,0.2049,3.7696,0.2049,3.7696,477,0.10848665237426758,0.10848665237426758,0.5281193256378174,0.636605978012085,101.82876443862915,0.5281193256378174,0.636605978012085,101.82876443862915
nc_papers100m_195trainer_0hop_balanced_local_bs128_800r,20260914_201408_ogbn-papers100M_FedAvg_bs128_seed42_beta10000p0,ogbn-papers100M,FedAvg,128,42,10000.0,160,validation,0.2054,3.7655,0.2054,3.7655,480,0.10452842712402344,0.10452842712402344,0.5302469730377197,0.6347754001617432,102.4635398387909,0.5302469730377197,0.6347754001617432,102.4635398387909
nc_papers100m_195trainer_0hop_balanced_local_bs128_800r,20260914_201408_ogbn-papers100M_FedAvg_bs128_seed42_beta10000p0,ogbn-papers100M,FedAvg,128,42,10000.0,161,validation,0.206,3.7615,0.206,3.7615,483,0.10448527336120605,0.10448527336120605,0.5283257961273193,0.6328110694885254,103.09635090827942,0.5283257961273193,0.6328110694885254,103.09635090827942
nc_papers100m_195trainer_0hop_balanced_local_bs128_800r,20260914_201408_ogbn-papers100M_FedAvg_bs128_seed42_beta10000p0,ogbn-papers100M,FedAvg,128,42,10000.0,162,validation,0.2065,3.7575,0.2065,3.7575,486,0.10669660568237305,0.10669660568237305,0.5214598178863525,0.6281564235687256,103.72450733184814,0.5214598178863525,0.6281564235687256,103.72450733184814
nc_papers100m_195trainer_0hop_balanced_local_bs128_800r,20260914_201408_ogbn-papers100M_FedAvg_bs128_seed42_beta10000p0,ogbn-papers100M,FedAvg,128,42,10000.0,163,validation,0.2067,3.7534,0.2067,3.7534,489,0.1113126277923584,0.1113126277923584,0.5189409255981445,0.6302535533905029,104.35476088523865,0.5189409255981445,0.6302535533905029,104.35476088523865
nc_papers100m_195trainer_0hop_balanced_local_bs128_800r,20260914_201408_ogbn-papers100M_FedAvg_bs128_seed42_beta10000p0,ogbn-papers100M,FedAvg,128,42,10000.0,164,validation,0.2074,3.7494,0.2074,3.7494,492,0.1051476001739502,0.1051476001739502,0.5397248268127441,0.6448724269866943,104.99963331222534,0.5397248268127441,0.6448724269866943,104.99963331222534
nc_papers100m_195trainer_0hop_balanced_local_bs128_800r,20260914_201408_ogbn-papers100M_FedAvg_bs128_seed42_beta10000p0,ogbn-papers100M,FedAvg,128,42,10000.0,165,validation,0.208,3.7456,0.208,3.7456,495,0.1039133071899414,0.1039133071899414,0.5500483512878418,0.6539616584777832,105.65359497070312,0.5500483512878418,0.6539616584777832,105.65359497070312
nc_papers100m_195trainer_0hop_balanced_local_bs128_800r,20260914_201408_ogbn-papers100M_FedAvg_bs128_seed42_beta10000p0,ogbn-papers100M,FedAvg,128,42,10000.0,166,validation,0.2087,3.7419,0.2087,3.7419,498,0.10602164268493652,0.10602164268493652,0.514411211013794,0.6204328536987305,106.27402782440186,0.514411211013794,0.6204328536987305,106.27402782440186
nc_papers100m_195trainer_0hop_balanced_local_bs128_800r,20260914_201408_ogbn-papers100M_FedAvg_bs128_seed42_beta10000p0,ogbn-papers100M,FedAvg,128,42,10000.0,167,validation,0.2092,3.738,0.2092,3.738,501,0.11424016952514648,0.11424016952514648,0.5252780914306641,0.6395182609558105,106.91354608535767,0.5252780914306641,0.6395182609558105,106.91354608535767
nc_papers100m_195trainer_0hop_balanced_local_bs128_800r,20260914_201408_ogbn-papers100M_FedAvg_bs128_seed42_beta10000p0,ogbn-papers100M,FedAvg,128,42,10000.0,168,validation,0.2095,3.7342,0.2095,3.7342,504,0.10863018035888672,0.10863018035888672,0.5297491550445557,0.6383793354034424,107.55192542076111,0.5297491550445557,0.6383793354034424,107.55192542076111
nc_papers100m_195trainer_0hop_balanced_local_bs128_800r,20260914_201408_ogbn-papers100M_FedAvg_bs128_seed42_beta10000p0,ogbn-papers100M,FedAvg,128,42,10000.0,169,validation,0.21,3.7305,0.21,3.7305,507,0.10696697235107422,0.10696697235107422,0.5178513526916504,0.6248183250427246,108.17674374580383,0.5178513526916504,0.6248183250427246,108.17674374580383
nc_papers100m_195trainer_0hop_balanced_local_bs128_800r,20260914_201408_ogbn-papers100M_FedAvg_bs128_seed42_beta10000p0,ogbn-papers100M,FedAvg,128,42,10000.0,170,validation,0.2104,3.7268,0.2104,3.7268,510,0.10606575012207031,0.10606575012207031,0.5197572708129883,0.6258230209350586,108.80256676673889,0.5197572708129883,0.6258230209350586,108.80256676673889
nc_papers100m_195trainer_0hop_balanced_local_bs128_800r,20260914_201408_ogbn-papers100M_FedAvg_bs128_seed42_beta10000p0,ogbn-papers100M,FedAvg,128,42,10000.0,171,validation,0.2111,3.7233,0.2111,3.7233,513,0.11047673225402832,0.11047673225402832,0.5224106311798096,0.6328873634338379,109.43545413017273,0.5224106311798096,0.6328873634338379,109.43545413017273
nc_papers100m_195trainer_0hop_balanced_local_bs128_800r,20260914_201408_ogbn-papers100M_FedAvg_bs128_seed42_beta10000p0,ogbn-papers100M,FedAvg,128,42,10000.0,172,validation,0.2113,3.7199,0.2113,3.7199,516,0.10593819618225098,0.10593819618225098,0.5309033393859863,0.6368415355682373,110.07229566574097,0.5309033393859863,0.6368415355682373,110.07229566574097
nc_papers100m_195trainer_0hop_balanced_local_bs128_800r,20260914_201408_ogbn-papers100M_FedAvg_bs128_seed42_beta10000p0,ogbn-papers100M,FedAvg,128,42,10000.0,173,validation,0.212,3.7159,0.212,3.7159,519,0.1055305004119873,0.1055305004119873,0.5152060985565186,0.6207365989685059,110.69303226470947,0.5152060985565186,0.6207365989685059,110.69303226470947
nc_papers100m_195trainer_0hop_balanced_local_bs128_800r,20260914_201408_ogbn-papers100M_FedAvg_bs128_seed42_beta10000p0,ogbn-papers100M,FedAvg,128,42,10000.0,174,validation,0.2124,3.7125,0.2124,3.7125,522,0.10642862319946289,0.10642862319946289,0.5187420845031738,0.6251707077026367,111.31820297241211,0.5187420845031738,0.6251707077026367,111.31820297241211
nc_papers100m_195trainer_0hop_balanced_local_bs128_800r,20260914_201408_ogbn-papers100M_FedAvg_bs128_seed42_beta10000p0,ogbn-papers100M,FedAvg,128,42,10000.0,175,validation,0.2127,3.7087,0.2127,3.7087,525,0.10384678840637207,0.10384678840637207,0.5267941951751709,0.630640983581543,111.94884395599365,0.5267941951751709,0.630640983581543,111.94884395599365
nc_papers100m_195trainer_0hop_balanced_local_bs128_800r,20260914_201408_ogbn-papers100M_FedAvg_bs128_seed42_beta10000p0,ogbn-papers100M,FedAvg,128,42,10000.0,176,validation,0.2131,3.7051,0.2131,3.7051,528,0.10405445098876953,0.10405445098876953,0.5254726409912109,0.6295270919799805,112.57837104797363,0.5254726409912109,0.6295270919799805,112.57837104797363
nc_papers100m_195trainer_0hop_balanced_local_bs128_800r,20260914_201408_ogbn-papers100M_FedAvg_bs128_seed42_beta10000p0,ogbn-papers100M,FedAvg,128,42,10000.0,177,validation,0.2134,3.7016,0.2134,3.7016,531,0.10373926162719727,0.10373926162719727,0.5206508636474609,0.6243901252746582,113.20276117324829,0.5206508636474609,0.6243901252746582,113.20276117324829
nc_papers100m_195trainer_0hop_balanced_local_bs128_800r,20260914_201408_ogbn-papers100M_FedAvg_bs128_seed42_beta10000p0,ogbn-papers100M,FedAvg,128,42,10000.0,178,validation,0.214,3.6981,0.214,3.6981,534,0.11521100997924805,0.11521100997924805,0.5607278347015381,0.6759388446807861,113.87870001792908,0.5607278347015381,0.6759388446807861,113.87870001792908
nc_papers100m_195trainer_0hop_balanced_local_bs128_800r,20260914_201408_ogbn-papers100M_FedAvg_bs128_seed42_beta10000p0,ogbn-papers100M,FedAvg,128,42,10000.0,179,validation,0.2145,3.6944,0.2145,3.6944,537,0.10555362701416016,0.10555362701416016,0.532066822052002,0.6376204490661621,114.51632046699524,0.532066822052002,0.6376204490661621,114.51632046699524
nc_papers100m_195trainer_0hop_balanced_local_bs128_800r,20260914_201408_ogbn-papers100M_FedAvg_bs128_seed42_beta10000p0,ogbn-papers100M,FedAvg,128,42,10000.0,180,validation,0.2148,3.6913,0.2148,3.6913,540,0.1042945384979248,0.1042945384979248,0.5207533836364746,0.6250479221343994,115.14136838912964,0.5207533836364746,0.6250479221343994,115.14136838912964
nc_papers100m_195trainer_0hop_balanced_local_bs128_800r,20260914_201408_ogbn-papers100M_FedAvg_bs128_seed42_beta10000p0,ogbn-papers100M,FedAvg,128,42,10000.0,181,validation,0.2152,3.6877,0.2152,3.6877,543,0.10603857040405273,0.10603857040405273,0.5106182098388672,0.6166567802429199,115.75802516937256,0.5106182098388672,0.6166567802429199,115.75802516937256
nc_papers100m_195trainer_0hop_balanced_local_bs128_800r,20260914_201408_ogbn-papers100M_FedAvg_bs128_seed42_beta10000p0,ogbn-papers100M,FedAvg,128,42,10000.0,182,validation,0.2156,3.6841,0.2156,3.6841,546,0.10665583610534668,0.10665583610534668,0.5154647827148438,0.6221206188201904,116.38014578819275,0.5154647827148438,0.6221206188201904,116.38014578819275
nc_papers100m_195trainer_0hop_balanced_local_bs128_800r,20260914_201408_ogbn-papers100M_FedAvg_bs128_seed42_beta10000p0,ogbn-papers100M,FedAvg,128,42,10000.0,183,validation,0.2162,3.6809,0.2162,3.6809,549,0.10481739044189453,0.10481739044189453,0.5222682952880859,0.6270856857299805,117.00723147392273,0.5222682952880859,0.6270856857299805,117.00723147392273
nc_papers100m_195trainer_0hop_balanced_local_bs128_800r,20260914_201408_ogbn-papers100M_FedAvg_bs128_seed42_beta10000p0,ogbn-papers100M,FedAvg,128,42,10000.0,184,validation,0.2166,3.6771,0.2166,3.6771,552,0.10575246810913086,0.10575246810913086,0.5265073776245117,0.6322598457336426,117.63949131965637,0.5265073776245117,0.6322598457336426,117.63949131965637
nc_papers100m_195trainer_0hop_balanced_local_bs128_800r,20260914_201408_ogbn-papers100M_FedAvg_bs128_seed42_beta10000p0,ogbn-papers100M,FedAvg,128,42,10000.0,185,validation,0.2169,3.6739,0.2169,3.6739,555,0.10586118698120117,0.10586118698120117,0.5158874988555908,0.621748685836792,118.26124000549316,0.5158874988555908,0.621748685836792,118.26124000549316
nc_papers100m_195trainer_0hop_balanced_local_bs128_800r,20260914_201408_ogbn-papers100M_FedAvg_bs128_seed42_beta10000p0,ogbn-papers100M,FedAvg,128,42,10000.0,186,validation,0.2173,3.6705,0.2173,3.6705,558,0.10598134994506836,0.10598134994506836,0.5356786251068115,0.6416599750518799,118.90289998054504,0.5356786251068115,0.6416599750518799,118.90289998054504
nc_papers100m_195trainer_0hop_balanced_local_bs128_800r,20260914_201408_ogbn-papers100M_FedAvg_bs128_seed42_beta10000p0,ogbn-papers100M,FedAvg,128,42,10000.0,187,validation,0.2176,3.6675,0.2176,3.6675,561,0.10652589797973633,0.10652589797973633,0.5306346416473389,0.6371605396270752,119.54006052017212,0.5306346416473389,0.6371605396270752,119.54006052017212
nc_papers100m_195trainer_0hop_balanced_local_bs128_800r,20260914_201408_ogbn-papers100M_FedAvg_bs128_seed42_beta10000p0,ogbn-papers100M,FedAvg,128,42,10000.0,188,validation,0.2182,3.6641,0.2182,3.6641,564,0.10332870483398438,0.10332870483398438,0.530249834060669,0.6335785388946533,120.17363905906677,0.530249834060669,0.6335785388946533,120.17363905906677
nc_papers100m_195trainer_0hop_balanced_local_bs128_800r,20260914_201408_ogbn-papers100M_FedAvg_bs128_seed42_beta10000p0,ogbn-papers100M,FedAvg,128,42,10000.0,189,validation,0.2185,3.6607,0.2185,3.6607,567,0.10585951805114746,0.10585951805114746,0.5204060077667236,0.6262655258178711,120.79990458488464,0.5204060077667236,0.6262655258178711,120.79990458488464
nc_papers100m_195trainer_0hop_balanced_local_bs128_800r,20260914_201408_ogbn-papers100M_FedAvg_bs128_seed42_beta10000p0,ogbn-papers100M,FedAvg,128,42,10000.0,190,validation,0.219,3.6571,0.219,3.6571,570,0.1055598258972168,0.1055598258972168,0.5358781814575195,0.6414380073547363,121.44134259223938,0.5358781814575195,0.6414380073547363,121.44134259223938
nc_papers100m_195trainer_0hop_balanced_local_bs128_800r,20260914_201408_ogbn-papers100M_FedAvg_bs128_seed42_beta10000p0,ogbn-papers100M,FedAvg,128,42,10000.0,191,validation,0.2194,3.6534,0.2194,3.6534,573,0.1117098331451416,0.1117098331451416,0.5627429485321045,0.6744527816772461,122.11579537391663,0.5627429485321045,0.6744527816772461,122.11579537391663
nc_papers100m_195trainer_0hop_balanced_local_bs128_800r,20260914_201408_ogbn-papers100M_FedAvg_bs128_seed42_beta10000p0,ogbn-papers100M,FedAvg,128,42,10000.0,192,validation,0.2199,3.6505,0.2199,3.6505,576,0.10647392272949219,0.10647392272949219,0.5310518741607666,0.6375257968902588,122.75332117080688,0.5310518741607666,0.6375257968902588,122.75332117080688
nc_papers100m_195trainer_0hop_balanced_local_bs128_800r,20260914_201408_ogbn-papers100M_FedAvg_bs128_seed42_beta10000p0,ogbn-papers100M,FedAvg,128,42,10000.0,193,validation,0.2201,3.647,0.2201,3.647,579,0.1050114631652832,0.1050114631652832,0.5225629806518555,0.6275744438171387,123.38089561462402,0.5225629806518555,0.6275744438171387,123.38089561462402
nc_papers100m_195trainer_0hop_balanced_local_bs128_800r,20260914_201408_ogbn-papers100M_FedAvg_bs128_seed42_beta10000p0,ogbn-papers100M,FedAvg,128,42,10000.0,194,validation,0.2203,3.6441,0.2203,3.6441,582,0.10629677772521973,0.10629677772521973,0.533679723739624,0.6399765014648438,124.02087211608887,0.533679723739624,0.6399765014648438,124.02087211608887
nc_papers100m_195trainer_0hop_balanced_local_bs128_800r,20260914_201408_ogbn-papers100M_FedAvg_bs128_seed42_beta10000p0,ogbn-papers100M,FedAvg,128,42,10000.0,195,validation,0.2208,3.6409,0.2208,3.6409,585,0.11325645446777344,0.11325645446777344,0.5250070095062256,0.638263463973999,124.65913558006287,0.5250070095062256,0.638263463973999,124.65913558006287
nc_papers100m_195trainer_0hop_balanced_local_bs128_800r,20260914_201408_ogbn-papers100M_FedAvg_bs128_seed42_beta10000p0,ogbn-papers100M,FedAvg,128,42,10000.0,196,validation,0.2211,3.6383,0.2211,3.6383,588,0.10828208923339844,0.10828208923339844,0.5202596187591553,0.6285417079925537,125.28767728805542,0.5202596187591553,0.6285417079925537,125.28767728805542
nc_papers100m_195trainer_0hop_balanced_local_bs128_800r,20260914_201408_ogbn-papers100M_FedAvg_bs128_seed42_beta10000p0,ogbn-papers100M,FedAvg,128,42,10000.0,197,validation,0.2212,3.6352,0.2212,3.6352,591,0.1048591136932373,0.1048591136932373,0.5184845924377441,0.6233437061309814,125.9110209941864,0.5184845924377441,0.6233437061309814,125.9110209941864
nc_papers100m_195trainer_0hop_balanced_local_bs128_800r,20260914_201408_ogbn-papers100M_FedAvg_bs128_seed42_beta10000p0,ogbn-papers100M,FedAvg,128,42,10000.0,198,validation,0.222,3.6323,0.222,3.6323,594,0.10575723648071289,0.10575723648071289,0.5306534767150879,0.6364107131958008,126.5474317073822,0.5306534767150879,0.6364107131958008,126.5474317073822
nc_papers100m_195trainer_0hop_balanced_local_bs128_800r,20260914_201408_ogbn-papers100M_FedAvg_bs128_seed42_beta10000p0,ogbn-papers100M,FedAvg,128,42,10000.0,199,validation,0.2223,3.6291,0.2223,3.6291,597,0.10537338256835938,0.10537338256835938,0.5329265594482422,0.6382999420166016,127.1857316493988,0.5329265594482422,0.6382999420166016,127.1857316493988
nc_papers100m_195trainer_0hop_balanced_local_bs128_800r,20260914_201408_ogbn-papers100M_FedAvg_bs128_seed42_beta10000p0,ogbn-papers100M,FedAvg,128,42,10000.0,200,validation,0.2226,3.626,0.2226,3.626,600,0.1081857681274414,0.1081857681274414,0.5202538967132568,0.6284396648406982,127.8141713142395,0.5202538967132568,0.6284396648406982,127.8141713142395
nc_papers100m_195trainer_0hop_balanced_local_bs128_800r,20260914_201408_ogbn-papers100M_FedAvg_bs128_seed42_beta10000p0,ogbn-papers100M,FedAvg,128,42,10000.0,201,validation,0.2229,3.6234,0.2229,3.6234,603,0.1095740795135498,0.1095740795135498,0.5211670398712158,0.6307411193847656,128.44491243362427,0.5211670398712158,0.6307411193847656,128.44491243362427
nc_papers100m_195trainer_0hop_balanced_local_bs128_800r,20260914_201408_ogbn-papers100M_FedAvg_bs128_seed42_beta10000p0,ogbn-papers100M,FedAvg,128,42,10000.0,202,validation,0.2231,3.6201,0.2231,3.6201,606,0.11026835441589355,0.11026835441589355,0.525580644607544,0.6358489990234375,129.0807614326477,0.525580644607544,0.6358489990234375,129.0807614326477
nc_papers100m_195trainer_0hop_balanced_local_bs128_800r,20260914_201408_ogbn-papers100M_FedAvg_bs128_seed42_beta10000p0,ogbn-papers100M,FedAvg,128,42,10000.0,203,validation,0.2239,3.6175,0.2239,3.6175,609,0.10488176345825195,0.10488176345825195,0.5291333198547363,0.6340150833129883,129.7147765159607,0.5291333198547363,0.6340150833129883,129.7147765159607
nc_papers100m_195trainer_0hop_balanced_local_bs128_800r,20260914_201408_ogbn-papers100M_FedAvg_bs128_seed42_beta10000p0,ogbn-papers100M,FedAvg,128,42,10000.0,204,validation,0.2242,3.6139,0.2242,3.6139,612,0.10682272911071777,0.10682272911071777,0.5343306064605713,0.6411533355712891,130.35592985153198,0.5343306064605713,0.6411533355712891,130.35592985153198
nc_papers100m_195trainer_0hop_balanced_local_bs128_800r,20260914_201408_ogbn-papers100M_FedAvg_bs128_seed42_beta10000p0,ogbn-papers100M,FedAvg,128,42,10000.0,205,validation,0.2243,3.6113,0.2243,3.6113,615,0.10959744453430176,0.10959744453430176,0.5329153537750244,0.6425127983093262,130.9984426498413,0.5329153537750244,0.6425127983093262,130.9984426498413
nc_papers100m_195trainer_0hop_balanced_local_bs128_800r,20260914_201408_ogbn-papers100M_FedAvg_bs128_seed42_beta10000p0,ogbn-papers100M,FedAvg,128,42,10000.0,206,validation,0.2246,3.6083,0.2246,3.6083,618,0.10919356346130371,0.10919356346130371,0.5250821113586426,0.6342756748199463,131.63271832466125,0.5250821113586426,0.6342756748199463,131.63271832466125
nc_papers100m_195trainer_0hop_balanced_local_bs128_800r,20260914_201408_ogbn-papers100M_FedAvg_bs128_seed42_beta10000p0,ogbn-papers100M,FedAvg,128,42,10000.0,207,validation,0.2249,3.6049,0.2249,3.6049,621,0.1148831844329834,0.1148831844329834,0.5217761993408203,0.6366593837738037,132.26937770843506,0.5217761993408203,0.6366593837738037,132.26937770843506
nc_papers100m_195trainer_0hop_balanced_local_bs128_800r,20260914_201408_ogbn-papers100M_FedAvg_bs128_seed42_beta10000p0,ogbn-papers100M,FedAvg,128,42,10000.0,208,validation,0.2253,3.602,0.2253,3.602,624,0.10520076751708984,0.10520076751708984,0.5216946601867676,0.6268954277038574,132.89627313613892,0.5216946601867676,0.6268954277038574,132.89627313613892
nc_papers100m_195trainer_0hop_balanced_local_bs128_800r,20260914_201408_ogbn-papers100M_FedAvg_bs128_seed42_beta10000p0,ogbn-papers100M,FedAvg,128,42,10000.0,209,validation,0.2258,3.5988,0.2258,3.5988,627,0.1061391830444336,0.1061391830444336,0.5292391777038574,0.635378360748291,133.5316514968872,0.5292391777038574,0.635378360748291,133.5316514968872
nc_papers100m_195trainer_0hop_balanced_local_bs128_800r,20260914_201408_ogbn-papers100M_FedAvg_bs128_seed42_beta10000p0,ogbn-papers100M,FedAvg,128,42,10000.0,210,validation,0.2258,3.5961,0.2258,3.5961,630,0.10548019409179688,0.10548019409179688,0.5243713855743408,0.6298515796661377,134.16150307655334,0.5243713855743408,0.6298515796661377,134.16150307655334
nc_papers100m_195trainer_0hop_balanced_local_bs128_800r,20260914_201408_ogbn-papers100M_FedAvg_bs128_seed42_beta10000p0,ogbn-papers100M,FedAvg,128,42,10000.0,211,validation,0.2264,3.5932,0.2264,3.5932,633,0.10747981071472168,0.10747981071472168,0.5284583568572998,0.6359381675720215,134.79744124412537,0.5284583568572998,0.6359381675720215,134.79744124412537
nc_papers100m_195trainer_0hop_balanced_local_bs128_800r,20260914_201408_ogbn-papers100M_FedAvg_bs128_seed42_beta10000p0,ogbn-papers100M,FedAvg,128,42,10000.0,212,validation,0.2266,3.5905,0.2266,3.5905,636,0.10908794403076172,0.10908794403076172,0.5232572555541992,0.6323451995849609,135.42978644371033,0.5232572555541992,0.6323451995849609,135.42978644371033
nc_papers100m_195trainer_0hop_balanced_local_bs128_800r,20260914_201408_ogbn-papers100M_FedAvg_bs128_seed42_beta10000p0,ogbn-papers100M,FedAvg,128,42,10000.0,213,validation,0.227,3.5875,0.227,3.5875,639,0.10649418830871582,0.10649418830871582,0.5256955623626709,0.6321897506713867,136.0619761943817,0.5256955623626709,0.6321897506713867,136.0619761943817
nc_papers100m_195trainer_0hop_balanced_local_bs128_800r,20260914_201408_ogbn-papers100M_FedAvg_bs128_seed42_beta10000p0,ogbn-papers100M,FedAvg,128,42,10000.0,214,validation,0.2274,3.5844,0.2274,3.5844,642,0.10749363899230957,0.10749363899230957,0.5259838104248047,0.6334774494171143,136.69545364379883,0.5259838104248047,0.6334774494171143,136.69545364379883
nc_papers100m_195trainer_0hop_balanced_local_bs128_800r,20260914_201408_ogbn-papers100M_FedAvg_bs128_seed42_beta10000p0,ogbn-papers100M,FedAvg,128,42,10000.0,215,validation,0.2274,3.5814,0.2274,3.5814,645,0.10837817192077637,0.10837817192077637,0.5234720706939697,0.6318502426147461,137.32730388641357,0.5234720706939697,0.6318502426147461,137.32730388641357
nc_papers100m_195trainer_0hop_balanced_local_bs128_800r,20260914_201408_ogbn-papers100M_FedAvg_bs128_seed42_beta10000p0,ogbn-papers100M,FedAvg,128,42,10000.0,216,validation,0.2278,3.5787,0.2278,3.5787,648,0.10863685607910156,0.10863685607910156,0.5276205539703369,0.6362574100494385,137.963561296463,0.5276205539703369,0.6362574100494385,137.963561296463
nc_papers100m_195trainer_0hop_balanced_local_bs128_800r,20260914_201408_ogbn-papers100M_FedAvg_bs128_seed42_beta10000p0,ogbn-papers100M,FedAvg,128,42,10000.0,217,validation,0.2282,3.5759,0.2282,3.5759,651,0.11177730560302734,0.11177730560302734,0.5347654819488525,0.6465427875518799,138.6101040840149,0.5347654819488525,0.6465427875518799,138.6101040840149
nc_papers100m_195trainer_0hop_balanced_local_bs128_800r,20260914_201408_ogbn-papers100M_FedAvg_bs128_seed42_beta10000p0,ogbn-papers100M,FedAvg,128,42,10000.0,218,validation,0.2285,3.5728,0.2285,3.5728,654,0.10887980461120605,0.10887980461120605,0.5607442855834961,0.6696240901947021,139.2797281742096,0.5607442855834961,0.6696240901947021,139.2797281742096
nc_papers100m_195trainer_0hop_balanced_local_bs128_800r,20260914_201408_ogbn-papers100M_FedAvg_bs128_seed42_beta10000p0,ogbn-papers100M,FedAvg,128,42,10000.0,219,validation,0.2292,3.5697,0.2292,3.5697,657,0.10608506202697754,0.10608506202697754,0.5254974365234375,0.631582498550415,139.91131067276,0.5254974365234375,0.631582498550415,139.91131067276
nc_papers100m_195trainer_0hop_balanced_local_bs128_800r,20260914_201408_ogbn-papers100M_FedAvg_bs128_seed42_beta10000p0,ogbn-papers100M,FedAvg,128,42,10000.0,220,validation,0.2296,3.5669,0.2296,3.5669,660,0.10488224029541016,0.10488224029541016,0.533027172088623,0.6379094123840332,140.54922008514404,0.533027172088623,0.6379094123840332,140.54922008514404
nc_papers100m_195trainer_0hop_balanced_local_bs128_800r,20260914_201408_ogbn-papers100M_FedAvg_bs128_seed42_beta10000p0,ogbn-papers100M,FedAvg,128,42,10000.0,221,validation,0.2297,3.5642,0.2297,3.5642,663,0.10753321647644043,0.10753321647644043,0.5316417217254639,0.6391749382019043,141.18839502334595,0.5316417217254639,0.6391749382019043,141.18839502334595
nc_papers100m_195trainer_0hop_balanced_local_bs128_800r,20260914_201408_ogbn-papers100M_FedAvg_bs128_seed42_beta10000p0,ogbn-papers100M,FedAvg,128,42,10000.0,222,validation,0.23,3.5613,0.23,3.5613,666,0.10923624038696289,0.10923624038696289,0.5278189182281494,0.6370551586151123,141.82545018196106,0.5278189182281494,0.6370551586151123,141.82545018196106
nc_papers100m_195trainer_0hop_balanced_local_bs128_800r,20260914_201408_ogbn-papers100M_FedAvg_bs128_seed42_beta10000p0,ogbn-papers100M,FedAvg,128,42,10000.0,223,validation,0.2303,3.5586,0.2303,3.5586,669,0.1056058406829834,0.1056058406829834,0.5153934955596924,0.6209993362426758,142.44644951820374,0.5153934955596924,0.6209993362426758,142.44644951820374
nc_papers100m_195trainer_0hop_balanced_local_bs128_800r,20260914_201408_ogbn-papers100M_FedAvg_bs128_seed42_beta10000p0,ogbn-papers100M,FedAvg,128,42,10000.0,224,validation,0.2305,3.5558,0.2305,3.5558,672,0.11073470115661621,0.11073470115661621,0.525059700012207,0.6357944011688232,143.08224391937256,0.525059700012207,0.6357944011688232,143.08224391937256
nc_papers100m_195trainer_0hop_balanced_local_bs128_800r,20260914_201408_ogbn-papers100M_FedAvg_bs128_seed42_beta10000p0,ogbn-papers100M,FedAvg,128,42,10000.0,225,validation,0.2311,3.5532,0.2311,3.5532,675,0.10486197471618652,0.10486197471618652,0.534247636795044,0.6391096115112305,143.7213535308838,0.534247636795044,0.6391096115112305,143.7213535308838
nc_papers100m_195trainer_0hop_balanced_local_bs128_800r,20260914_201408_ogbn-papers100M_FedAvg_bs128_seed42_beta10000p0,ogbn-papers100M,FedAvg,128,42,10000.0,226,validation,0.2314,3.5504,0.2314,3.5504,678,0.10720276832580566,0.10720276832580566,0.528217077255249,0.6354198455810547,144.35677337646484,0.528217077255249,0.6354198455810547,144.35677337646484
nc_papers100m_195trainer_0hop_balanced_local_bs128_800r,20260914_201408_ogbn-papers100M_FedAvg_bs128_seed42_beta10000p0,ogbn-papers100M,FedAvg,128,42,10000.0,227,validation,0.2316,3.5475,0.2316,3.5475,681,0.10859894752502441,0.10859894752502441,0.5214149951934814,0.6300139427185059,144.98678731918335,0.5214149951934814,0.6300139427185059,144.98678731918335
nc_papers100m_195trainer_0hop_balanced_local_bs128_800r,20260914_201408_ogbn-papers100M_FedAvg_bs128_seed42_beta10000p0,ogbn-papers100M,FedAvg,128,42,10000.0,228,validation,0.2319,3.5453,0.2319,3.5453,684,0.10741138458251953,0.10741138458251953,0.5251343250274658,0.6325457096099854,145.61933302879333,0.5251343250274658,0.6325457096099854,145.61933302879333
nc_papers100m_195trainer_0hop_balanced_local_bs128_800r,20260914_201408_ogbn-papers100M_FedAvg_bs128_seed42_beta10000p0,ogbn-papers100M,FedAvg,128,42,10000.0,229,validation,0.232,3.5426,0.232,3.5426,687,0.10687017440795898,0.10687017440795898,0.5271162986755371,0.6339864730834961,146.25331950187683,0.5271162986755371,0.6339864730834961,146.25331950187683
nc_papers100m_195trainer_0hop_balanced_local_bs128_800r,20260914_201408_ogbn-papers100M_FedAvg_bs128_seed42_beta10000p0,ogbn-papers100M,FedAvg,128,42,10000.0,230,validation,0.2321,3.5399,0.2321,3.5399,690,0.10304450988769531,0.10304450988769531,0.5112581253051758,0.6143026351928711,146.8676221370697,0.5112581253051758,0.6143026351928711,146.8676221370697
nc_papers100m_195trainer_0hop_balanced_local_bs128_800r,20260914_201408_ogbn-papers100M_FedAvg_bs128_seed42_beta10000p0,ogbn-papers100M,FedAvg,128,42,10000.0,231,validation,0.2322,3.5372,0.2322,3.5372,693,0.10404491424560547,0.10404491424560547,0.5563101768493652,0.6603550910949707,147.52797722816467,0.5563101768493652,0.6603550910949707,147.52797722816467
nc_papers100m_195trainer_0hop_balanced_local_bs128_800r,20260914_201408_ogbn-papers100M_FedAvg_bs128_seed42_beta10000p0,ogbn-papers100M,FedAvg,128,42,10000.0,232,validation,0.2328,3.5343,0.2328,3.5343,696,0.10721492767333984,0.10721492767333984,0.5311787128448486,0.6383936405181885,148.16637086868286,0.5311787128448486,0.6383936405181885,148.16637086868286
nc_papers100m_195trainer_0hop_balanced_local_bs128_800r,20260914_201408_ogbn-papers100M_FedAvg_bs128_seed42_beta10000p0,ogbn-papers100M,FedAvg,128,42,10000.0,233,validation,0.2332,3.5315,0.2332,3.5315,699,0.10554099082946777,0.10554099082946777,0.5253937244415283,0.6309347152709961,148.79730558395386,0.5253937244415283,0.6309347152709961,148.79730558395386
nc_papers100m_195trainer_0hop_balanced_local_bs128_800r,20260914_201408_ogbn-papers100M_FedAvg_bs128_seed42_beta10000p0,ogbn-papers100M,FedAvg,128,42,10000.0,234,validation,0.2336,3.5282,0.2336,3.5282,702,0.10962247848510742,0.10962247848510742,0.5170118808746338,0.6266343593597412,149.4239399433136,0.5170118808746338,0.6266343593597412,149.4239399433136
nc_papers100m_195trainer_0hop_balanced_local_bs128_800r,20260914_201408_ogbn-papers100M_FedAvg_bs128_seed42_beta10000p0,ogbn-papers100M,FedAvg,128,42,10000.0,235,validation,0.2337,3.5256,0.2337,3.5256,705,0.10576415061950684,0.10576415061950684,0.5189292430877686,0.6246933937072754,150.04863333702087,0.5189292430877686,0.6246933937072754,150.04863333702087
nc_papers100m_195trainer_0hop_balanced_local_bs128_800r,20260914_201408_ogbn-papers100M_FedAvg_bs128_seed42_beta10000p0,ogbn-papers100M,FedAvg,128,42,10000.0,236,validation,0.2341,3.5231,0.2341,3.5231,708,0.1053307056427002,0.1053307056427002,0.5287594795227051,0.6340901851654053,150.68272352218628,0.5287594795227051,0.6340901851654053,150.68272352218628
nc_papers100m_195trainer_0hop_balanced_local_bs128_800r,20260914_201408_ogbn-papers100M_FedAvg_bs128_seed42_beta10000p0,ogbn-papers100M,FedAvg,128,42,10000.0,237,validation,0.2344,3.5205,0.2344,3.5205,711,0.10743951797485352,0.10743951797485352,0.5280880928039551,0.6355276107788086,151.3182511329651,0.5280880928039551,0.6355276107788086,151.3182511329651
nc_papers100m_195trainer_0hop_balanced_local_bs128_800r,20260914_201408_ogbn-papers100M_FedAvg_bs128_seed42_beta10000p0,ogbn-papers100M,FedAvg,128,42,10000.0,238,validation,0.2346,3.5183,0.2346,3.5183,714,0.10648250579833984,0.10648250579833984,0.5170390605926514,0.6235215663909912,151.94177269935608,0.5170390605926514,0.6235215663909912,151.94177269935608
nc_papers100m_195trainer_0hop_balanced_local_bs128_800r,20260914_201408_ogbn-papers100M_FedAvg_bs128_seed42_beta10000p0,ogbn-papers100M,FedAvg,128,42,10000.0,239,validation,0.2348,3.5158,0.2348,3.5158,717,0.1087949275970459,0.1087949275970459,0.5255730152130127,0.6343679428100586,152.57614064216614,0.5255730152130127,0.6343679428100586,152.57614064216614
nc_papers100m_195trainer_0hop_balanced_local_bs128_800r,20260914_201408_ogbn-papers100M_FedAvg_bs128_seed42_beta10000p0,ogbn-papers100M,FedAvg,128,42,10000.0,240,validation,0.2351,3.5133,0.2351,3.5133,720,0.10481548309326172,0.10481548309326172,0.5260393619537354,0.6308548450469971,153.20699548721313,0.5260393619537354,0.6308548450469971,153.20699548721313
nc_papers100m_195trainer_0hop_balanced_local_bs128_800r,20260914_201408_ogbn-papers100M_FedAvg_bs128_seed42_beta10000p0,ogbn-papers100M,FedAvg,128,42,10000.0,241,validation,0.2355,3.5109,0.2355,3.5109,723,0.10813379287719727,0.10813379287719727,0.5288436412811279,0.6369774341583252,153.84397292137146,0.5288436412811279,0.6369774341583252,153.84397292137146
nc_papers100m_195trainer_0hop_balanced_local_bs128_800r,20260914_201408_ogbn-papers100M_FedAvg_bs128_seed42_beta10000p0,ogbn-papers100M,FedAvg,128,42,10000.0,242,validation,0.2356,3.5086,0.2356,3.5086,726,0.10862255096435547,0.10862255096435547,0.5166294574737549,0.6252520084381104,154.46922492980957,0.5166294574737549,0.6252520084381104,154.46922492980957
nc_papers100m_195trainer_0hop_balanced_local_bs128_800r,20260914_201408_ogbn-papers100M_FedAvg_bs128_seed42_beta10000p0,ogbn-papers100M,FedAvg,128,42,10000.0,243,validation,0.2358,3.5059,0.2358,3.5059,729,0.11055231094360352,0.11055231094360352,0.5167880058288574,0.6273403167724609,155.09656524658203,0.5167880058288574,0.6273403167724609,155.09656524658203
nc_papers100m_195trainer_0hop_balanced_local_bs128_800r,20260914_201408_ogbn-papers100M_FedAvg_bs128_seed42_beta10000p0,ogbn-papers100M,FedAvg,128,42,10000.0,244,validation,0.2363,3.5035,0.2363,3.5035,732,0.10628247261047363,0.10628247261047363,0.5459904670715332,0.6522729396820068,155.74883818626404,0.5459904670715332,0.6522729396820068,155.74883818626404
nc_papers100m_195trainer_0hop_balanced_local_bs128_800r,20260914_201408_ogbn-papers100M_FedAvg_bs128_seed42_beta10000p0,ogbn-papers100M,FedAvg,128,42,10000.0,245,validation,0.2365,3.5009,0.2365,3.5009,735,0.10886669158935547,0.10886669158935547,0.5351295471191406,0.6439962387084961,156.39283442497253,0.5351295471191406,0.6439962387084961,156.39283442497253
nc_papers100m_195trainer_0hop_balanced_local_bs128_800r,20260914_201408_ogbn-papers100M_FedAvg_bs128_seed42_beta10000p0,ogbn-papers100M,FedAvg,128,42,10000.0,246,validation,0.2369,3.4986,0.2369,3.4986,738,0.10842680931091309,0.10842680931091309,0.5208837985992432,0.6293106079101562,157.0221450328827,0.5208837985992432,0.6293106079101562,157.0221450328827
nc_papers100m_195trainer_0hop_balanced_local_bs128_800r,20260914_201408_ogbn-papers100M_FedAvg_bs128_seed42_beta10000p0,ogbn-papers100M,FedAvg,128,42,10000.0,247,validation,0.2372,3.4964,0.2372,3.4964,741,0.10452938079833984,0.10452938079833984,0.5238351821899414,0.6283645629882812,157.65050959587097,0.5238351821899414,0.6283645629882812,157.65050959587097
nc_papers100m_195trainer_0hop_balanced_local_bs128_800r,20260914_201408_ogbn-papers100M_FedAvg_bs128_seed42_beta10000p0,ogbn-papers100M,FedAvg,128,42,10000.0,248,validation,0.2371,3.4942,0.2371,3.4942,744,0.10340213775634766,0.10340213775634766,0.5269160270690918,0.6303181648254395,158.2808277606964,0.5269160270690918,0.6303181648254395,158.2808277606964
nc_papers100m_195trainer_0hop_balanced_local_bs128_800r,20260914_201408_ogbn-papers100M_FedAvg_bs128_seed42_beta10000p0,ogbn-papers100M,FedAvg,128,42,10000.0,249,validation,0.2376,3.4916,0.2376,3.4916,747,0.10468721389770508,0.10468721389770508,0.5207993984222412,0.6254866123199463,158.90631437301636,0.5207993984222412,0.6254866123199463,158.90631437301636
nc_papers100m_195trainer_0hop_balanced_local_bs128_800r,20260914_201408_ogbn-papers100M_FedAvg_bs128_seed42_beta10000p0,ogbn-papers100M,FedAvg,128,42,10000.0,250,validation,0.2378,3.4888,0.2378,3.4888,750,0.10690593719482422,0.10690593719482422,0.5161919593811035,0.6230978965759277,159.52941226959229,0.5161919593811035,0.6230978965759277,159.52941226959229
nc_papers100m_195trainer_0hop_balanced_local_bs128_800r,20260914_201408_ogbn-papers100M_FedAvg_bs128_seed42_beta10000p0,ogbn-papers100M,FedAvg,128,42,10000.0,251,validation,0.238,3.4866,0.238,3.4866,753,0.10952281951904297,0.10952281951904297,0.526864767074585,0.6363875865936279,160.1657998561859,0.526864767074585,0.6363875865936279,160.1657998561859
nc_papers100m_195trainer_0hop_balanced_local_bs128_800r,20260914_201408_ogbn-papers100M_FedAvg_bs128_seed42_beta10000p0,ogbn-papers100M,FedAvg,128,42,10000.0,252,validation,0.2378,3.4842,0.2378,3.4842,756,0.10670328140258789,0.10670328140258789,0.5314030647277832,0.6381063461303711,160.80390620231628,0.5314030647277832,0.6381063461303711,160.80390620231628
nc_papers100m_195trainer_0hop_balanced_local_bs128_800r,20260914_201408_ogbn-papers100M_FedAvg_bs128_seed42_beta10000p0,ogbn-papers100M,FedAvg,128,42,10000.0,253,validation,0.2383,3.4818,0.2383,3.4818,759,0.1077110767364502,0.1077110767364502,0.5216848850250244,0.6293959617614746,161.43330216407776,0.5216848850250244,0.6293959617614746,161.43330216407776
nc_papers100m_195trainer_0hop_balanced_local_bs128_800r,20260914_201408_ogbn-papers100M_FedAvg_bs128_seed42_beta10000p0,ogbn-papers100M,FedAvg,128,42,10000.0,254,validation,0.2385,3.4792,0.2385,3.4792,762,0.10462141036987305,0.10462141036987305,0.5127332210540771,0.6173546314239502,162.0506567955017,0.5127332210540771,0.6173546314239502,162.0506567955017
nc_papers100m_195trainer_0hop_balanced_local_bs128_800r,20260914_201408_ogbn-papers100M_FedAvg_bs128_seed42_beta10000p0,ogbn-papers100M,FedAvg,128,42,10000.0,255,validation,0.2389,3.477,0.2389,3.477,765,0.10814690589904785,0.10814690589904785,0.5314295291900635,0.6395764350891113,162.69023323059082,0.5314295291900635,0.6395764350891113,162.69023323059082
nc_papers100m_195trainer_0hop_balanced_local_bs128_800r,20260914_201408_ogbn-papers100M_FedAvg_bs128_seed42_beta10000p0,ogbn-papers100M,FedAvg,128,42,10000.0,256,validation,0.239,3.4748,0.239,3.4748,768,0.10871410369873047,0.10871410369873047,0.5336880683898926,0.642402172088623,163.33263540267944,0.5336880683898926,0.642402172088623,163.33263540267944
nc_papers100m_195trainer_0hop_balanced_local_bs128_800r,20260914_201408_ogbn-papers100M_FedAvg_bs128_seed42_beta10000p0,ogbn-papers100M,FedAvg,128,42,10000.0,257,validation,0.239,3.4723,0.239,3.4723,771,0.10440874099731445,0.10440874099731445,0.5216150283813477,0.6260237693786621,163.9586591720581,0.5216150283813477,0.6260237693786621,163.9586591720581
nc_papers100m_195trainer_0hop_balanced_local_bs128_800r,20260914_201408_ogbn-papers100M_FedAvg_bs128_seed42_beta10000p0,ogbn-papers100M,FedAvg,128,42,10000.0,258,validation,0.2397,3.4702,0.2397,3.4702,774,0.10996866226196289,0.10996866226196289,0.5332357883453369,0.6432044506072998,164.6018636226654,0.5332357883453369,0.6432044506072998,164.6018636226654
nc_papers100m_195trainer_0hop_balanced_local_bs128_800r,20260914_201408_ogbn-papers100M_FedAvg_bs128_seed42_beta10000p0,ogbn-papers100M,FedAvg,128,42,10000.0,259,validation,0.2396,3.4677,0.2396,3.4677,777,0.10608386993408203,0.10608386993408203,0.5196681022644043,0.6257519721984863,165.2276155948639,0.5196681022644043,0.6257519721984863,165.2276155948639
nc_papers100m_195trainer_0hop_balanced_local_bs128_800r,20260914_201408_ogbn-papers100M_FedAvg_bs128_seed42_beta10000p0,ogbn-papers100M,FedAvg,128,42,10000.0,260,validation,0.2401,3.4658,0.2401,3.4658,780,0.10692167282104492,0.10692167282104492,0.5147039890289307,0.6216256618499756,165.84924125671387,0.5147039890289307,0.6216256618499756,165.84924125671387
nc_papers100m_195trainer_0hop_balanced_local_bs128_800r,20260914_201408_ogbn-papers100M_FedAvg_bs128_seed42_beta10000p0,ogbn-papers100M,FedAvg,128,42,10000.0,261,validation,0.2402,3.4636,0.2402,3.4636,783,0.11459970474243164,0.11459970474243164,0.5177409648895264,0.632340669631958,166.48158192634583,0.5177409648895264,0.632340669631958,166.48158192634583
nc_papers100m_195trainer_0hop_balanced_local_bs128_800r,20260914_201408_ogbn-papers100M_FedAvg_bs128_seed42_beta10000p0,ogbn-papers100M,FedAvg,128,42,10000.0,262,validation,0.2405,3.4617,0.2405,3.4617,786,0.11002302169799805,0.11002302169799805,0.5144941806793213,0.6245172023773193,167.10609912872314,0.5144941806793213,0.6245172023773193,167.10609912872314
nc_papers100m_195trainer_0hop_balanced_local_bs128_800r,20260914_201408_ogbn-papers100M_FedAvg_bs128_seed42_beta10000p0,ogbn-papers100M,FedAvg,128,42,10000.0,263,validation,0.2406,3.4596,0.2406,3.4596,789,0.10481023788452148,0.10481023788452148,0.5277667045593262,0.6325769424438477,167.738676071167,0.5277667045593262,0.6325769424438477,167.738676071167
nc_papers100m_195trainer_0hop_balanced_local_bs128_800r,20260914_201408_ogbn-papers100M_FedAvg_bs128_seed42_beta10000p0,ogbn-papers100M,FedAvg,128,42,10000.0,264,validation,0.2408,3.4568,0.2408,3.4568,792,0.10684061050415039,0.10684061050415039,0.5276103019714355,0.6344509124755859,168.37312698364258,0.5276103019714355,0.6344509124755859,168.37312698364258
nc_papers100m_195trainer_0hop_balanced_local_bs128_800r,20260914_201408_ogbn-papers100M_FedAvg_bs128_seed42_beta10000p0,ogbn-papers100M,FedAvg,128,42,10000.0,265,validation,0.241,3.4547,0.241,3.4547,795,0.10890316963195801,0.10890316963195801,0.5269138813018799,0.6358170509338379,169.00894403457642,0.5269138813018799,0.6358170509338379,169.00894403457642
nc_papers100m_195trainer_0hop_balanced_local_bs128_800r,20260914_201408_ogbn-papers100M_FedAvg_bs128_seed42_beta10000p0,ogbn-papers100M,FedAvg,128,42,10000.0,266,validation,0.2412,3.4523,0.2412,3.4523,798,0.11014676094055176,0.11014676094055176,0.5242359638214111,0.6343827247619629,169.64332675933838,0.5242359638214111,0.6343827247619629,169.64332675933838
nc_papers100m_195trainer_0hop_balanced_local_bs128_800r,20260914_201408_ogbn-papers100M_FedAvg_bs128_seed42_beta10000p0,ogbn-papers100M,FedAvg,128,42,10000.0,267,validation,0.2416,3.4501,0.2416,3.4501,801,0.10799837112426758,0.10799837112426758,0.5249178409576416,0.6329162120819092,170.2762429714203,0.5249178409576416,0.6329162120819092,170.2762429714203
nc_papers100m_195trainer_0hop_balanced_local_bs128_800r,20260914_201408_ogbn-papers100M_FedAvg_bs128_seed42_beta10000p0,ogbn-papers100M,FedAvg,128,42,10000.0,268,validation,0.2417,3.4481,0.2417,3.4481,804,0.10402846336364746,0.10402846336364746,0.522087574005127,0.6261160373687744,170.90235900878906,0.522087574005127,0.6261160373687744,170.90235900878906
nc_papers100m_195trainer_0hop_balanced_local_bs128_800r,20260914_201408_ogbn-papers100M_FedAvg_bs128_seed42_beta10000p0,ogbn-papers100M,FedAvg,128,42,10000.0,269,validation,0.2419,3.4454,0.2419,3.4454,807,0.10529685020446777,0.10529685020446777,0.52199387550354,0.6272907257080078,171.52964973449707,0.52199387550354,0.6272907257080078,171.52964973449707
nc_papers100m_195trainer_0hop_balanced_local_bs128_800r,20260914_201408_ogbn-papers100M_FedAvg_bs128_seed42_beta10000p0,ogbn-papers100M,FedAvg,128,42,10000.0,270,validation,0.2421,3.4429,0.2421,3.4429,810,0.10398221015930176,0.10398221015930176,0.5233139991760254,0.6272962093353271,172.1569459438324,0.5233139991760254,0.6272962093353271,172.1569459438324
nc_papers100m_195trainer_0hop_balanced_local_bs128_800r,20260914_201408_ogbn-papers100M_FedAvg_bs128_seed42_beta10000p0,ogbn-papers100M,FedAvg,128,42,10000.0,271,validation,0.2424,3.4408,0.2424,3.4408,813,0.1056818962097168,0.1056818962097168,0.5518710613250732,0.65755295753479,172.8144989013672,0.5518710613250732,0.65755295753479,172.8144989013672
nc_papers100m_195trainer_0hop_balanced_local_bs128_800r,20260914_201408_ogbn-papers100M_FedAvg_bs128_seed42_beta10000p0,ogbn-papers100M,FedAvg,128,42,10000.0,272,validation,0.2423,3.4387,0.2423,3.4387,816,0.11205387115478516,0.11205387115478516,0.5128719806671143,0.6249258518218994,173.4394247531891,0.5128719806671143,0.6249258518218994,173.4394247531891
nc_papers100m_195trainer_0hop_balanced_local_bs128_800r,20260914_201408_ogbn-papers100M_FedAvg_bs128_seed42_beta10000p0,ogbn-papers100M,FedAvg,128,42,10000.0,273,validation,0.243,3.4366,0.243,3.4366,819,0.10726571083068848,0.10726571083068848,0.5257651805877686,0.633030891418457,174.07245564460754,0.5257651805877686,0.633030891418457,174.07245564460754
nc_papers100m_195trainer_0hop_balanced_local_bs128_800r,20260914_201408_ogbn-papers100M_FedAvg_bs128_seed42_beta10000p0,ogbn-papers100M,FedAvg,128,42,10000.0,274,validation,0.2432,3.4341,0.2432,3.4341,822,0.1071176528930664,0.1071176528930664,0.5299792289733887,0.6370968818664551,174.709552526474,0.5299792289733887,0.6370968818664551,174.709552526474
nc_papers100m_195trainer_0hop_balanced_local_bs128_800r,20260914_201408_ogbn-papers100M_FedAvg_bs128_seed42_beta10000p0,ogbn-papers100M,FedAvg,128,42,10000.0,275,validation,0.2434,3.4322,0.2434,3.4322,825,0.10773849487304688,0.10773849487304688,0.5226249694824219,0.6303634643554688,175.33991599082947,0.5226249694824219,0.6303634643554688,175.33991599082947
nc_papers100m_195trainer_0hop_balanced_local_bs128_800r,20260914_201408_ogbn-papers100M_FedAvg_bs128_seed42_beta10000p0,ogbn-papers100M,FedAvg,128,42,10000.0,276,validation,0.2434,3.4303,0.2434,3.4303,828,0.10507988929748535,0.10507988929748535,0.5218203067779541,0.6269001960754395,175.9668161869049,0.5218203067779541,0.6269001960754395,175.9668161869049
nc_papers100m_195trainer_0hop_balanced_local_bs128_800r,20260914_201408_ogbn-papers100M_FedAvg_bs128_seed42_beta10000p0,ogbn-papers100M,FedAvg,128,42,10000.0,277,validation,0.2436,3.4275,0.2436,3.4275,831,0.10985684394836426,0.10985684394836426,0.5332698822021484,0.6431267261505127,176.60994291305542,0.5332698822021484,0.6431267261505127,176.60994291305542
nc_papers100m_195trainer_0hop_balanced_local_bs128_800r,20260914_201408_ogbn-papers100M_FedAvg_bs128_seed42_beta10000p0,ogbn-papers100M,FedAvg,128,42,10000.0,278,validation,0.2438,3.4256,0.2438,3.4256,834,0.10486888885498047,0.10486888885498047,0.5226051807403564,0.6274740695953369,177.23741698265076,0.5226051807403564,0.6274740695953369,177.23741698265076
nc_papers100m_195trainer_0hop_balanced_local_bs128_800r,20260914_201408_ogbn-papers100M_FedAvg_bs128_seed42_beta10000p0,ogbn-papers100M,FedAvg,128,42,10000.0,279,validation,0.2443,3.4236,0.2443,3.4236,837,0.10662698745727539,0.10662698745727539,0.52606201171875,0.6326889991760254,177.87010598182678,0.52606201171875,0.6326889991760254,177.87010598182678
nc_papers100m_195trainer_0hop_balanced_local_bs128_800r,20260914_201408_ogbn-papers100M_FedAvg_bs128_seed42_beta10000p0,ogbn-papers100M,FedAvg,128,42,10000.0,280,validation,0.2447,3.4216,0.2447,3.4216,840,0.1060798168182373,0.1060798168182373,0.5251896381378174,0.6312694549560547,178.50137543678284,0.5251896381378174,0.6312694549560547,178.50137543678284
nc_papers100m_195trainer_0hop_balanced_local_bs128_800r,20260914_201408_ogbn-papers100M_FedAvg_bs128_seed42_beta10000p0,ogbn-papers100M,FedAvg,128,42,10000.0,281,validation,0.2449,3.419,0.2449,3.419,843,0.11124396324157715,0.11124396324157715,0.5277915000915527,0.6390354633331299,179.14041090011597,0.5277915000915527,0.6390354633331299,179.14041090011597
nc_papers100m_195trainer_0hop_balanced_local_bs128_800r,20260914_201408_ogbn-papers100M_FedAvg_bs128_seed42_beta10000p0,ogbn-papers100M,FedAvg,128,42,10000.0,282,validation,0.2447,3.4171,0.2447,3.4171,846,0.1066591739654541,0.1066591739654541,0.5254950523376465,0.6321542263031006,179.77256512641907,0.5254950523376465,0.6321542263031006,179.77256512641907
nc_papers100m_195trainer_0hop_balanced_local_bs128_800r,20260914_201408_ogbn-papers100M_FedAvg_bs128_seed42_beta10000p0,ogbn-papers100M,FedAvg,128,42,10000.0,283,validation,0.2448,3.4147,0.2448,3.4147,849,0.10596323013305664,0.10596323013305664,0.51578688621521,0.6217501163482666,180.39431524276733,0.51578688621521,0.6217501163482666,180.39431524276733
nc_papers100m_195trainer_0hop_balanced_local_bs128_800r,20260914_201408_ogbn-papers100M_FedAvg_bs128_seed42_beta10000p0,ogbn-papers100M,FedAvg,128,42,10000.0,284,validation,0.245,3.4124,0.245,3.4124,852,0.10635542869567871,0.10635542869567871,0.5351777076721191,0.6415331363677979,181.03584837913513,0.5351777076721191,0.6415331363677979,181.03584837913513
nc_papers100m_195trainer_0hop_balanced_local_bs128_800r,20260914_201408_ogbn-papers100M_FedAvg_bs128_seed42_beta10000p0,ogbn-papers100M,FedAvg,128,42,10000.0,285,validation,0.2451,3.4102,0.2451,3.4102,855,0.10339093208312988,0.10339093208312988,0.5347318649291992,0.6381227970123291,181.67397117614746,0.5347318649291992,0.6381227970123291,181.67397117614746
nc_papers100m_195trainer_0hop_balanced_local_bs128_800r,20260914_201408_ogbn-papers100M_FedAvg_bs128_seed42_beta10000p0,ogbn-papers100M,FedAvg,128,42,10000.0,286,validation,0.2453,3.4084,0.2453,3.4084,858,0.10576272010803223,0.10576272010803223,0.5183465480804443,0.6241092681884766,182.29808044433594,0.5183465480804443,0.6241092681884766,182.29808044433594
nc_papers100m_195trainer_0hop_balanced_local_bs128_800r,20260914_201408_ogbn-papers100M_FedAvg_bs128_seed42_beta10000p0,ogbn-papers100M,FedAvg,128,42,10000.0,287,validation,0.2456,3.4061,0.2456,3.4061,861,0.10456418991088867,0.10456418991088867,0.5160617828369141,0.6206259727478027,182.91870641708374,0.5160617828369141,0.6206259727478027,182.91870641708374
nc_papers100m_195trainer_0hop_balanced_local_bs128_800r,20260914_201408_ogbn-papers100M_FedAvg_bs128_seed42_beta10000p0,ogbn-papers100M,FedAvg,128,42,10000.0,288,validation,0.246,3.404,0.246,3.404,864,0.10911989212036133,0.10911989212036133,0.526695728302002,0.6358156204223633,183.5545220375061,0.526695728302002,0.6358156204223633,183.5545220375061
nc_papers100m_195trainer_0hop_balanced_local_bs128_800r,20260914_201408_ogbn-papers100M_FedAvg_bs128_seed42_beta10000p0,ogbn-papers100M,FedAvg,128,42,10000.0,289,validation,0.2463,3.4022,0.2463,3.4022,867,0.10544657707214355,0.10544657707214355,0.5227599143981934,0.6282064914703369,184.18272852897644,0.5227599143981934,0.6282064914703369,184.18272852897644
nc_papers100m_195trainer_0hop_balanced_local_bs128_800r,20260914_201408_ogbn-papers100M_FedAvg_bs128_seed42_beta10000p0,ogbn-papers100M,FedAvg,128,42,10000.0,290,validation,0.2465,3.4007,0.2465,3.4007,870,0.10279178619384766,0.10279178619384766,0.5149021148681641,0.6176939010620117,184.80042243003845,0.5149021148681641,0.6176939010620117,184.80042243003845
nc_papers100m_195trainer_0hop_balanced_local_bs128_800r,20260914_201408_ogbn-papers100M_FedAvg_bs128_seed42_beta10000p0,ogbn-papers100M,FedAvg,128,42,10000.0,291,validation,0.2467,3.3985,0.2467,3.3985,873,0.10502815246582031,0.10502815246582031,0.519524097442627,0.6245522499084473,185.4249746799469,0.519524097442627,0.6245522499084473,185.4249746799469
nc_papers100m_195trainer_0hop_balanced_local_bs128_800r,20260914_201408_ogbn-papers100M_FedAvg_bs128_seed42_beta10000p0,ogbn-papers100M,FedAvg,128,42,10000.0,292,validation,0.247,3.3959,0.247,3.3959,876,0.11266565322875977,0.11266565322875977,0.5219118595123291,0.6345775127410889,186.059552192688,0.5219118595123291,0.6345775127410889,186.059552192688
nc_papers100m_195trainer_0hop_balanced_local_bs128_800r,20260914_201408_ogbn-papers100M_FedAvg_bs128_seed42_beta10000p0,ogbn-papers100M,FedAvg,128,42,10000.0,293,validation,0.2471,3.3936,0.2471,3.3936,879,0.10598945617675781,0.10598945617675781,0.5313470363616943,0.6373364925384521,186.69688868522644,0.5313470363616943,0.6373364925384521,186.69688868522644
nc_papers100m_195trainer_0hop_balanced_local_bs128_800r,20260914_201408_ogbn-papers100M_FedAvg_bs128_seed42_beta10000p0,ogbn-papers100M,FedAvg,128,42,10000.0,294,validation,0.2473,3.3916,0.2473,3.3916,882,0.10535550117492676,0.10535550117492676,0.517500638961792,0.6228561401367188,187.31974482536316,0.517500638961792,0.6228561401367188,187.31974482536316
nc_papers100m_195trainer_0hop_balanced_local_bs128_800r,20260914_201408_ogbn-papers100M_FedAvg_bs128_seed42_beta10000p0,ogbn-papers100M,FedAvg,128,42,10000.0,295,validation,0.2477,3.3892,0.2477,3.3892,885,0.10640645027160645,0.10640645027160645,0.5195064544677734,0.6259129047393799,187.94565773010254,0.5195064544677734,0.6259129047393799,187.94565773010254
nc_papers100m_195trainer_0hop_balanced_local_bs128_800r,20260914_201408_ogbn-papers100M_FedAvg_bs128_seed42_beta10000p0,ogbn-papers100M,FedAvg,128,42,10000.0,296,validation,0.2479,3.3875,0.2479,3.3875,888,0.10866618156433105,0.10866618156433105,0.5255961418151855,0.6342623233795166,188.57992005348206,0.5255961418151855,0.6342623233795166,188.57992005348206
nc_papers100m_195trainer_0hop_balanced_local_bs128_800r,20260914_201408_ogbn-papers100M_FedAvg_bs128_seed42_beta10000p0,ogbn-papers100M,FedAvg,128,42,10000.0,297,validation,0.2483,3.3856,0.2483,3.3856,891,0.10558605194091797,0.10558605194091797,0.522097110748291,0.627683162689209,189.20760321617126,0.522097110748291,0.627683162689209,189.20760321617126
nc_papers100m_195trainer_0hop_balanced_local_bs128_800r,20260914_201408_ogbn-papers100M_FedAvg_bs128_seed42_beta10000p0,ogbn-papers100M,FedAvg,128,42,10000.0,298,validation,0.2486,3.3835,0.2486,3.3835,894,0.10707426071166992,0.10707426071166992,0.5319173336029053,0.6389915943145752,189.84659481048584,0.5319173336029053,0.6389915943145752,189.84659481048584
nc_papers100m_195trainer_0hop_balanced_local_bs128_800r,20260914_201408_ogbn-papers100M_FedAvg_bs128_seed42_beta10000p0,ogbn-papers100M,FedAvg,128,42,10000.0,299,validation,0.2487,3.3817,0.2487,3.3817,897,0.11009454727172852,0.11009454727172852,0.522711992263794,0.6328065395355225,190.47940135002136,0.522711992263794,0.6328065395355225,190.47940135002136
nc_papers100m_195trainer_0hop_balanced_local_bs128_800r,20260914_201408_ogbn-papers100M_FedAvg_bs128_seed42_beta10000p0,ogbn-papers100M,FedAvg,128,42,10000.0,300,validation,0.2485,3.3801,0.2485,3.3801,900,0.10570335388183594,0.10570335388183594,0.527517557144165,0.633220911026001,191.11262226104736,0.527517557144165,0.633220911026001,191.11262226104736
nc_papers100m_195trainer_0hop_balanced_local_bs128_800r,20260914_201408_ogbn-papers100M_FedAvg_bs128_seed42_beta10000p0,ogbn-papers100M,FedAvg,128,42,10000.0,301,validation,0.2487,3.3777,0.2487,3.3777,903,0.10555887222290039,0.10555887222290039,0.5254685878753662,0.6310274600982666,191.74364972114563,0.5254685878753662,0.6310274600982666,191.74364972114563
nc_papers100m_195trainer_0hop_balanced_local_bs128_800r,20260914_201408_ogbn-papers100M_FedAvg_bs128_seed42_beta10000p0,ogbn-papers100M,FedAvg,128,42,10000.0,302,validation,0.249,3.3758,0.249,3.3758,906,0.10587763786315918,0.10587763786315918,0.511552095413208,0.6174297332763672,192.361079454422,0.511552095413208,0.6174297332763672,192.361079454422
nc_papers100m_195trainer_0hop_balanced_local_bs128_800r,20260914_201408_ogbn-papers100M_FedAvg_bs128_seed42_beta10000p0,ogbn-papers100M,FedAvg,128,42,10000.0,303,validation,0.2492,3.3741,0.2492,3.3741,909,0.10700559616088867,0.10700559616088867,0.5194094181060791,0.6264150142669678,192.98749446868896,0.5194094181060791,0.6264150142669678,192.98749446868896
nc_papers100m_195trainer_0hop_balanced_local_bs128_800r,20260914_201408_ogbn-papers100M_FedAvg_bs128_seed42_beta10000p0,ogbn-papers100M,FedAvg,128,42,10000.0,304,validation,0.2492,3.372,0.2492,3.372,912,0.10875582695007324,0.10875582695007324,0.5332653522491455,0.6420211791992188,193.62951564788818,0.5332653522491455,0.6420211791992188,193.62951564788818
nc_papers100m_195trainer_0hop_balanced_local_bs128_800r,20260914_201408_ogbn-papers100M_FedAvg_bs128_seed42_beta10000p0,ogbn-papers100M,FedAvg,128,42,10000.0,305,validation,0.2495,3.3698,0.2495,3.3698,915,0.1087789535522461,0.1087789535522461,0.5258405208587646,0.6346194744110107,194.2641351222992,0.5258405208587646,0.6346194744110107,194.2641351222992
nc_papers100m_195trainer_0hop_balanced_local_bs128_800r,20260914_201408_ogbn-papers100M_FedAvg_bs128_seed42_beta10000p0,ogbn-papers100M,FedAvg,128,42,10000.0,306,validation,0.2498,3.3682,0.2498,3.3682,918,0.10328483581542969,0.10328483581542969,0.5173625946044922,0.6206474304199219,194.88478255271912,0.5173625946044922,0.6206474304199219,194.88478255271912
nc_papers100m_195trainer_0hop_balanced_local_bs128_800r,20260914_201408_ogbn-papers100M_FedAvg_bs128_seed42_beta10000p0,ogbn-papers100M,FedAvg,128,42,10000.0,307,validation,0.2501,3.3663,0.2501,3.3663,921,0.11078858375549316,0.11078858375549316,0.5259075164794922,0.6366961002349854,195.5214786529541,0.5259075164794922,0.6366961002349854,195.5214786529541
nc_papers100m_195trainer_0hop_balanced_local_bs128_800r,20260914_201408_ogbn-papers100M_FedAvg_bs128_seed42_beta10000p0,ogbn-papers100M,FedAvg,128,42,10000.0,308,validation,0.2501,3.3644,0.2501,3.3644,924,0.10451197624206543,0.10451197624206543,0.5334625244140625,0.6379745006561279,196.15945315361023,0.5334625244140625,0.6379745006561279,196.15945315361023
nc_papers100m_195trainer_0hop_balanced_local_bs128_800r,20260914_201408_ogbn-papers100M_FedAvg_bs128_seed42_beta10000p0,ogbn-papers100M,FedAvg,128,42,10000.0,309,validation,0.2505,3.3622,0.2505,3.3622,927,0.10553193092346191,0.10553193092346191,0.5212457180023193,0.6267776489257812,196.786230802536,0.5212457180023193,0.6267776489257812,196.786230802536
nc_papers100m_195trainer_0hop_balanced_local_bs128_800r,20260914_201408_ogbn-papers100M_FedAvg_bs128_seed42_beta10000p0,ogbn-papers100M,FedAvg,128,42,10000.0,310,validation,0.2503,3.3606,0.2503,3.3606,930,0.10750555992126465,0.10750555992126465,0.5160565376281738,0.6235620975494385,197.40979290008545,0.5160565376281738,0.6235620975494385,197.40979290008545
nc_papers100m_195trainer_0hop_balanced_local_bs128_800r,20260914_201408_ogbn-papers100M_FedAvg_bs128_seed42_beta10000p0,ogbn-papers100M,FedAvg,128,42,10000.0,311,validation,0.2506,3.3583,0.2506,3.3583,933,0.11737227439880371,0.11737227439880371,0.5558154582977295,0.6731877326965332,198.08298063278198,0.5558154582977295,0.6731877326965332,198.08298063278198
nc_papers100m_195trainer_0hop_balanced_local_bs128_800r,20260914_201408_ogbn-papers100M_FedAvg_bs128_seed42_beta10000p0,ogbn-papers100M,FedAvg,128,42,10000.0,312,validation,0.251,3.3564,0.251,3.3564,936,0.10519766807556152,0.10519766807556152,0.5256435871124268,0.6308412551879883,198.71382188796997,0.5256435871124268,0.6308412551879883,198.71382188796997
nc_papers100m_195trainer_0hop_balanced_local_bs128_800r,20260914_201408_ogbn-papers100M_FedAvg_bs128_seed42_beta10000p0,ogbn-papers100M,FedAvg,128,42,10000.0,313,validation,0.2513,3.3546,0.2513,3.3546,939,0.10542654991149902,0.10542654991149902,0.5250649452209473,0.6304914951324463,199.34431338310242,0.5250649452209473,0.6304914951324463,199.34431338310242
nc_papers100m_195trainer_0hop_balanced_local_bs128_800r,20260914_201408_ogbn-papers100M_FedAvg_bs128_seed42_beta10000p0,ogbn-papers100M,FedAvg,128,42,10000.0,314,validation,0.2514,3.353,0.2514,3.353,942,0.10814714431762695,0.10814714431762695,0.5216064453125,0.629753589630127,199.97406697273254,0.5216064453125,0.629753589630127,199.97406697273254
nc_papers100m_195trainer_0hop_balanced_local_bs128_800r,20260914_201408_ogbn-papers100M_FedAvg_bs128_seed42_beta10000p0,ogbn-papers100M,FedAvg,128,42,10000.0,315,validation,0.2514,3.3511,0.2514,3.3511,945,0.10880637168884277,0.10880637168884277,0.5231308937072754,0.6319372653961182,200.60600423812866,0.5231308937072754,0.6319372653961182,200.60600423812866
nc_papers100m_195trainer_0hop_balanced_local_bs128_800r,20260914_201408_ogbn-papers100M_FedAvg_bs128_seed42_beta10000p0,ogbn-papers100M,FedAvg,128,42,10000.0,316,validation,0.2517,3.3498,0.2517,3.3498,948,0.10892319679260254,0.10892319679260254,0.5262143611907959,0.6351375579833984,201.24114179611206,0.5262143611907959,0.6351375579833984,201.24114179611206
nc_papers100m_195trainer_0hop_balanced_local_bs128_800r,20260914_201408_ogbn-papers100M_FedAvg_bs128_seed42_beta10000p0,ogbn-papers100M,FedAvg,128,42,10000.0,317,validation,0.2521,3.348,0.2521,3.348,951,0.10539412498474121,0.10539412498474121,0.5193626880645752,0.6247568130493164,201.86589860916138,0.5193626880645752,0.6247568130493164,201.86589860916138
nc_papers100m_195trainer_0hop_balanced_local_bs128_800r,20260914_201408_ogbn-papers100M_FedAvg_bs128_seed42_beta10000p0,ogbn-papers100M,FedAvg,128,42,10000.0,318,validation,0.2521,3.3458,0.2521,3.3458,954,0.1054532527923584,0.1054532527923584,0.5200691223144531,0.6255223751068115,202.4914209842682,0.5200691223144531,0.6255223751068115,202.4914209842682
nc_papers100m_195trainer_0hop_balanced_local_bs128_800r,20260914_201408_ogbn-papers100M_FedAvg_bs128_seed42_beta10000p0,ogbn-papers100M,FedAvg,128,42,10000.0,319,validation,0.2524,3.344,0.2524,3.344,957,0.10804057121276855,0.10804057121276855,0.531501054763794,0.6395416259765625,203.13096261024475,0.531501054763794,0.6395416259765625,203.13096261024475
nc_papers100m_195trainer_0hop_balanced_local_bs128_800r,20260914_201408_ogbn-papers100M_FedAvg_bs128_seed42_beta10000p0,ogbn-papers100M,FedAvg,128,42,10000.0,320,validation,0.2526,3.3423,0.2526,3.3423,960,0.11144804954528809,0.11144804954528809,0.5271906852722168,0.6386387348175049,203.76960134506226,0.5271906852722168,0.6386387348175049,203.76960134506226
nc_papers100m_195trainer_0hop_balanced_local_bs128_800r,20260914_201408_ogbn-papers100M_FedAvg_bs128_seed42_beta10000p0,ogbn-papers100M,FedAvg,128,42,10000.0,321,validation,0.2525,3.3406,0.2525,3.3406,963,0.11050295829772949,0.11050295829772949,0.6942124366760254,0.8047153949737549,204.574316740036,0.6942124366760254,0.8047153949737549,204.574316740036
nc_papers100m_195trainer_0hop_balanced_local_bs128_800r,20260914_201408_ogbn-papers100M_FedAvg_bs128_seed42_beta10000p0,ogbn-papers100M,FedAvg,128,42,10000.0,322,validation,0.2527,3.3388,0.2527,3.3388,966,0.10711145401000977,0.10711145401000977,0.5167901515960693,0.6239016056060791,205.1982183456421,0.5167901515960693,0.6239016056060791,205.1982183456421
nc_papers100m_195trainer_0hop_balanced_local_bs128_800r,20260914_201408_ogbn-papers100M_FedAvg_bs128_seed42_beta10000p0,ogbn-papers100M,FedAvg,128,42,10000.0,323,validation,0.253,3.3364,0.253,3.3364,969,0.10837030410766602,0.10837030410766602,0.5181925296783447,0.6265628337860107,205.8247811794281,0.5181925296783447,0.6265628337860107,205.8247811794281
nc_papers100m_195trainer_0hop_balanced_local_bs128_800r,20260914_201408_ogbn-papers100M_FedAvg_bs128_seed42_beta10000p0,ogbn-papers100M,FedAvg,128,42,10000.0,324,validation,0.253,3.3345,0.253,3.3345,972,0.1051476001739502,0.1051476001739502,0.5541050434112549,0.6592526435852051,206.4840338230133,0.5541050434112549,0.6592526435852051,206.4840338230133
nc_papers100m_195trainer_0hop_balanced_local_bs128_800r,20260914_201408_ogbn-papers100M_FedAvg_bs128_seed42_beta10000p0,ogbn-papers100M,FedAvg,128,42,10000.0,325,validation,0.2532,3.3329,0.2532,3.3329,975,0.10558342933654785,0.10558342933654785,0.5298736095428467,0.6354570388793945,207.1194908618927,0.5298736095428467,0.6354570388793945,207.1194908618927
nc_papers100m_195trainer_0hop_balanced_local_bs128_800r,20260914_201408_ogbn-papers100M_FedAvg_bs128_seed42_beta10000p0,ogbn-papers100M,FedAvg,128,42,10000.0,326,validation,0.2533,3.3308,0.2533,3.3308,978,0.11168217658996582,0.11168217658996582,0.523857593536377,0.6355397701263428,207.75503063201904,0.523857593536377,0.6355397701263428,207.75503063201904
nc_papers100m_195trainer_0hop_balanced_local_bs128_800r,20260914_201408_ogbn-papers100M_FedAvg_bs128_seed42_beta10000p0,ogbn-papers100M,FedAvg,128,42,10000.0,327,validation,0.2536,3.3294,0.2536,3.3294,981,0.10560965538024902,0.10560965538024902,0.5272884368896484,0.6328980922698975,208.38792872428894,0.5272884368896484,0.6328980922698975,208.38792872428894
nc_papers100m_195trainer_0hop_balanced_local_bs128_800r,20260914_201408_ogbn-papers100M_FedAvg_bs128_seed42_beta10000p0,ogbn-papers100M,FedAvg,128,42,10000.0,328,validation,0.2538,3.3278,0.2538,3.3278,984,0.10370755195617676,0.10370755195617676,0.5260787010192871,0.6297862529754639,209.0177149772644,0.5260787010192871,0.6297862529754639,209.0177149772644
nc_papers100m_195trainer_0hop_balanced_local_bs128_800r,20260914_201408_ogbn-papers100M_FedAvg_bs128_seed42_beta10000p0,ogbn-papers100M,FedAvg,128,42,10000.0,329,validation,0.2541,3.326,0.2541,3.326,987,0.10487747192382812,0.10487747192382812,0.5245935916900635,0.6294710636138916,209.6471860408783,0.5245935916900635,0.6294710636138916,209.6471860408783
nc_papers100m_195trainer_0hop_balanced_local_bs128_800r,20260914_201408_ogbn-papers100M_FedAvg_bs128_seed42_beta10000p0,ogbn-papers100M,FedAvg,128,42,10000.0,330,validation,0.2544,3.324,0.2544,3.324,990,0.10614013671875,0.10614013671875,0.5175876617431641,0.6237277984619141,210.2709138393402,0.5175876617431641,0.6237277984619141,210.2709138393402
nc_papers100m_195trainer_0hop_balanced_local_bs128_800r,20260914_201408_ogbn-papers100M_FedAvg_bs128_seed42_beta10000p0,ogbn-papers100M,FedAvg,128,42,10000.0,331,validation,0.2545,3.3216,0.2545,3.3216,993,0.10805392265319824,0.10805392265319824,0.5302531719207764,0.6383070945739746,210.90922093391418,0.5302531719207764,0.6383070945739746,210.90922093391418
nc_papers100m_195trainer_0hop_balanced_local_bs128_800r,20260914_201408_ogbn-papers100M_FedAvg_bs128_seed42_beta10000p0,ogbn-papers100M,FedAvg,128,42,10000.0,332,validation,0.2551,3.32,0.2551,3.32,996,0.1107017993927002,0.1107017993927002,0.5225193500518799,0.6332211494445801,211.54244208335876,0.5225193500518799,0.6332211494445801,211.54244208335876
nc_papers100m_195trainer_0hop_balanced_local_bs128_800r,20260914_201408_ogbn-papers100M_FedAvg_bs128_seed42_beta10000p0,ogbn-papers100M,FedAvg,128,42,10000.0,333,validation,0.2549,3.3187,0.2549,3.3187,999,0.10448026657104492,0.10448026657104492,0.520702600479126,0.6251828670501709,212.16762495040894,0.520702600479126,0.6251828670501709,212.16762495040894
nc_papers100m_195trainer_0hop_balanced_local_bs128_800r,20260914_201408_ogbn-papers100M_FedAvg_bs128_seed42_beta10000p0,ogbn-papers100M,FedAvg,128,42,10000.0,334,validation,0.255,3.3168,0.255,3.3168,1002,0.10542583465576172,0.10542583465576172,0.5228867530822754,0.6283125877380371,212.79593753814697,0.5228867530822754,0.6283125877380371,212.79593753814697
nc_papers100m_195trainer_0hop_balanced_local_bs128_800r,20260914_201408_ogbn-papers100M_FedAvg_bs128_seed42_beta10000p0,ogbn-papers100M,FedAvg,128,42,10000.0,335,validation,0.2551,3.3151,0.2551,3.3151,1005,0.1068120002746582,0.1068120002746582,0.5310254096984863,0.6378374099731445,213.43377494812012,0.5310254096984863,0.6378374099731445,213.43377494812012
nc_papers100m_195trainer_0hop_balanced_local_bs128_800r,20260914_201408_ogbn-papers100M_FedAvg_bs128_seed42_beta10000p0,ogbn-papers100M,FedAvg,128,42,10000.0,336,validation,0.2553,3.3133,0.2553,3.3133,1008,0.11022233963012695,0.11022233963012695,0.528085470199585,0.6383078098297119,214.07208275794983,0.528085470199585,0.6383078098297119,214.07208275794983
nc_papers100m_195trainer_0hop_balanced_local_bs128_800r,20260914_201408_ogbn-papers100M_FedAvg_bs128_seed42_beta10000p0,ogbn-papers100M,FedAvg,128,42,10000.0,337,validation,0.2555,3.3116,0.2555,3.3116,1011,0.1076045036315918,0.1076045036315918,0.5279626846313477,0.6355671882629395,214.70764994621277,0.5279626846313477,0.6355671882629395,214.70764994621277
nc_papers100m_195trainer_0hop_balanced_local_bs128_800r,20260914_201408_ogbn-papers100M_FedAvg_bs128_seed42_beta10000p0,ogbn-papers100M,FedAvg,128,42,10000.0,338,validation,0.2559,3.3096,0.2559,3.3096,1014,0.11324858665466309,0.11324858665466309,0.5360162258148193,0.6492648124694824,215.35691475868225,0.5360162258148193,0.6492648124694824,215.35691475868225
nc_papers100m_195trainer_0hop_balanced_local_bs128_800r,20260914_201408_ogbn-papers100M_FedAvg_bs128_seed42_beta10000p0,ogbn-papers100M,FedAvg,128,42,10000.0,339,validation,0.2557,3.3081,0.2557,3.3081,1017,0.10522866249084473,0.10522866249084473,0.5272855758666992,0.632514238357544,215.9894289970398,0.5272855758666992,0.632514238357544,215.9894289970398
nc_papers100m_195trainer_0hop_balanced_local_bs128_800r,20260914_201408_ogbn-papers100M_FedAvg_bs128_seed42_beta10000p0,ogbn-papers100M,FedAvg,128,42,10000.0,340,validation,0.2559,3.3065,0.2559,3.3065,1020,0.10437750816345215,0.10437750816345215,0.524627685546875,0.6290051937103271,216.61843419075012,0.524627685546875,0.6290051937103271,216.61843419075012
nc_papers100m_195trainer_0hop_balanced_local_bs128_800r,20260914_201408_ogbn-papers100M_FedAvg_bs128_seed42_beta10000p0,ogbn-papers100M,FedAvg,128,42,10000.0,341,validation,0.2562,3.3048,0.2562,3.3048,1023,0.10599303245544434,0.10599303245544434,0.5215463638305664,0.6275393962860107,217.24597358703613,0.5215463638305664,0.6275393962860107,217.24597358703613
nc_papers100m_195trainer_0hop_balanced_local_bs128_800r,20260914_201408_ogbn-papers100M_FedAvg_bs128_seed42_beta10000p0,ogbn-papers100M,FedAvg,128,42,10000.0,342,validation,0.2566,3.3033,0.2566,3.3033,1026,0.11106657981872559,0.11106657981872559,0.5181310176849365,0.6291975975036621,217.8751711845398,0.5181310176849365,0.6291975975036621,217.8751711845398
nc_papers100m_195trainer_0hop_balanced_local_bs128_800r,20260914_201408_ogbn-papers100M_FedAvg_bs128_seed42_beta10000p0,ogbn-papers100M,FedAvg,128,42,10000.0,343,validation,0.2571,3.3016,0.2571,3.3016,1029,0.10751867294311523,0.10751867294311523,0.5154082775115967,0.6229269504547119,218.4980981349945,0.5154082775115967,0.6229269504547119,218.4980981349945
nc_papers100m_195trainer_0hop_balanced_local_bs128_800r,20260914_201408_ogbn-papers100M_FedAvg_bs128_seed42_beta10000p0,ogbn-papers100M,FedAvg,128,42,10000.0,344,validation,0.2573,3.2996,0.2573,3.2996,1032,0.10528302192687988,0.10528302192687988,0.5185630321502686,0.6238460540771484,219.12194418907166,0.5185630321502686,0.6238460540771484,219.12194418907166
nc_papers100m_195trainer_0hop_balanced_local_bs128_800r,20260914_201408_ogbn-papers100M_FedAvg_bs128_seed42_beta10000p0,ogbn-papers100M,FedAvg,128,42,10000.0,345,validation,0.2575,3.2979,0.2575,3.2979,1035,0.1060340404510498,0.1060340404510498,0.5214383602142334,0.6274724006652832,219.74941658973694,0.5214383602142334,0.6274724006652832,219.74941658973694
nc_papers100m_195trainer_0hop_balanced_local_bs128_800r,20260914_201408_ogbn-papers100M_FedAvg_bs128_seed42_beta10000p0,ogbn-papers100M,FedAvg,128,42,10000.0,346,validation,0.2573,3.2961,0.2573,3.2961,1038,0.10378861427307129,0.10378861427307129,0.5279276371002197,0.631716251373291,220.38113284111023,0.5279276371002197,0.631716251373291,220.38113284111023
nc_papers100m_195trainer_0hop_balanced_local_bs128_800r,20260914_201408_ogbn-papers100M_FedAvg_bs128_seed42_beta10000p0,ogbn-papers100M,FedAvg,128,42,10000.0,347,validation,0.2574,3.2946,0.2574,3.2946,1041,0.1051936149597168,0.1051936149597168,0.5154759883880615,0.6206696033477783,221.001802444458,0.5154759883880615,0.6206696033477783,221.001802444458
nc_papers100m_195trainer_0hop_balanced_local_bs128_800r,20260914_201408_ogbn-papers100M_FedAvg_bs128_seed42_beta10000p0,ogbn-papers100M,FedAvg,128,42,10000.0,348,validation,0.2575,3.293,0.2575,3.293,1044,0.10613369941711426,0.10613369941711426,0.519371747970581,0.6255054473876953,221.6273078918457,0.519371747970581,0.6255054473876953,221.6273078918457
nc_papers100m_195trainer_0hop_balanced_local_bs128_800r,20260914_201408_ogbn-papers100M_FedAvg_bs128_seed42_beta10000p0,ogbn-papers100M,FedAvg,128,42,10000.0,349,validation,0.2578,3.2916,0.2578,3.2916,1047,0.11021065711975098,0.11021065711975098,0.5240039825439453,0.6342146396636963,222.2615225315094,0.5240039825439453,0.6342146396636963,222.2615225315094
nc_papers100m_195trainer_0hop_balanced_local_bs128_800r,20260914_201408_ogbn-papers100M_FedAvg_bs128_seed42_beta10000p0,ogbn-papers100M,FedAvg,128,42,10000.0,350,validation,0.258,3.2896,0.258,3.2896,1050,0.10574483871459961,0.10574483871459961,0.5254652500152588,0.6312100887298584,222.89273262023926,0.5254652500152588,0.6312100887298584,222.89273262023926
nc_papers100m_195trainer_0hop_balanced_local_bs128_800r,20260914_201408_ogbn-papers100M_FedAvg_bs128_seed42_beta10000p0,ogbn-papers100M,FedAvg,128,42,10000.0,351,validation,0.2582,3.2879,0.2582,3.2879,1053,0.1043250560760498,0.1043250560760498,0.5404889583587646,0.6448140144348145,223.53754663467407,0.5404889583587646,0.6448140144348145,223.53754663467407
nc_papers100m_195trainer_0hop_balanced_local_bs128_800r,20260914_201408_ogbn-papers100M_FedAvg_bs128_seed42_beta10000p0,ogbn-papers100M,FedAvg,128,42,10000.0,352,validation,0.2582,3.2862,0.2582,3.2862,1056,0.1054844856262207,0.1054844856262207,0.5184414386749268,0.6239259243011475,224.16147255897522,0.5184414386749268,0.6239259243011475,224.16147255897522
nc_papers100m_195trainer_0hop_balanced_local_bs128_800r,20260914_201408_ogbn-papers100M_FedAvg_bs128_seed42_beta10000p0,ogbn-papers100M,FedAvg,128,42,10000.0,353,validation,0.2588,3.2846,0.2588,3.2846,1059,0.10915374755859375,0.10915374755859375,0.5226354598999023,0.6317892074584961,224.79326176643372,0.5226354598999023,0.6317892074584961,224.79326176643372
nc_papers100m_195trainer_0hop_balanced_local_bs128_800r,20260914_201408_ogbn-papers100M_FedAvg_bs128_seed42_beta10000p0,ogbn-papers100M,FedAvg,128,42,10000.0,354,validation,0.2587,3.2827,0.2587,3.2827,1062,0.10430312156677246,0.10430312156677246,0.528264045715332,0.6325671672821045,225.42582893371582,0.528264045715332,0.6325671672821045,225.42582893371582
nc_papers100m_195trainer_0hop_balanced_local_bs128_800r,20260914_201408_ogbn-papers100M_FedAvg_bs128_seed42_beta10000p0,ogbn-papers100M,FedAvg,128,42,10000.0,355,validation,0.259,3.2818,0.259,3.2818,1065,0.10678410530090332,0.10678410530090332,0.515533447265625,0.6223175525665283,226.04814648628235,0.515533447265625,0.6223175525665283,226.04814648628235
nc_papers100m_195trainer_0hop_balanced_local_bs128_800r,20260914_201408_ogbn-papers100M_FedAvg_bs128_seed42_beta10000p0,ogbn-papers100M,FedAvg,128,42,10000.0,356,validation,0.259,3.2802,0.259,3.2802,1068,0.1062474250793457,0.1062474250793457,0.5183463096618652,0.6245937347412109,226.67274022102356,0.5183463096618652,0.6245937347412109,226.67274022102356
nc_papers100m_195trainer_0hop_balanced_local_bs128_800r,20260914_201408_ogbn-papers100M_FedAvg_bs128_seed42_beta10000p0,ogbn-papers100M,FedAvg,128,42,10000.0,357,validation,0.2591,3.2786,0.2591,3.2786,1071,0.10618972778320312,0.10618972778320312,0.5325713157653809,0.638761043548584,227.31150126457214,0.5325713157653809,0.638761043548584,227.31150126457214
nc_papers100m_195trainer_0hop_balanced_local_bs128_800r,20260914_201408_ogbn-papers100M_FedAvg_bs128_seed42_beta10000p0,ogbn-papers100M,FedAvg,128,42,10000.0,358,validation,0.2595,3.2771,0.2595,3.2771,1074,0.10435819625854492,0.10435819625854492,0.5265340805053711,0.630892276763916,227.94239354133606,0.5265340805053711,0.630892276763916,227.94239354133606
nc_papers100m_195trainer_0hop_balanced_local_bs128_800r,20260914_201408_ogbn-papers100M_FedAvg_bs128_seed42_beta10000p0,ogbn-papers100M,FedAvg,128,42,10000.0,359,validation,0.2595,3.2756,0.2595,3.2756,1077,0.10658025741577148,0.10658025741577148,0.5226576328277588,0.6292378902435303,228.5716314315796,0.5226576328277588,0.6292378902435303,228.5716314315796
nc_papers100m_195trainer_0hop_balanced_local_bs128_800r,20260914_201408_ogbn-papers100M_FedAvg_bs128_seed42_beta10000p0,ogbn-papers100M,FedAvg,128,42,10000.0,360,validation,0.2595,3.2741,0.2595,3.2741,1080,0.10490274429321289,0.10490274429321289,0.5201232433319092,0.6250259876251221,229.1966574192047,0.5201232433319092,0.6250259876251221,229.1966574192047
nc_papers100m_195trainer_0hop_balanced_local_bs128_800r,20260914_201408_ogbn-papers100M_FedAvg_bs128_seed42_beta10000p0,ogbn-papers100M,FedAvg,128,42,10000.0,361,validation,0.2599,3.2724,0.2599,3.2724,1083,0.10577058792114258,0.10577058792114258,0.5242187976837158,0.6299893856048584,229.82664680480957,0.5242187976837158,0.6299893856048584,229.82664680480957
nc_papers100m_195trainer_0hop_balanced_local_bs128_800r,20260914_201408_ogbn-papers100M_FedAvg_bs128_seed42_beta10000p0,ogbn-papers100M,FedAvg,128,42,10000.0,362,validation,0.2599,3.2711,0.2599,3.2711,1086,0.10430717468261719,0.10430717468261719,0.5210304260253906,0.6253376007080078,230.45198440551758,0.5210304260253906,0.6253376007080078,230.45198440551758
nc_papers100m_195trainer_0hop_balanced_local_bs128_800r,20260914_201408_ogbn-papers100M_FedAvg_bs128_seed42_beta10000p0,ogbn-papers100M,FedAvg,128,42,10000.0,363,validation,0.26,3.2692,0.26,3.2692,1089,0.1048882007598877,0.1048882007598877,0.517585277557373,0.6224734783172607,231.07445788383484,0.517585277557373,0.6224734783172607,231.07445788383484
nc_papers100m_195trainer_0hop_balanced_local_bs128_800r,20260914_201408_ogbn-papers100M_FedAvg_bs128_seed42_beta10000p0,ogbn-papers100M,FedAvg,128,42,10000.0,364,validation,0.2602,3.2671,0.2602,3.2671,1092,0.10765504837036133,0.10765504837036133,0.5388648509979248,0.6465198993682861,231.72097778320312,0.5388648509979248,0.6465198993682861,231.72097778320312
nc_papers100m_195trainer_0hop_balanced_local_bs128_800r,20260914_201408_ogbn-papers100M_FedAvg_bs128_seed42_beta10000p0,ogbn-papers100M,FedAvg,128,42,10000.0,365,validation,0.2604,3.2655,0.2604,3.2655,1095,0.10527515411376953,0.10527515411376953,0.5337953567504883,0.6390705108642578,232.36004829406738,0.5337953567504883,0.6390705108642578,232.36004829406738
nc_papers100m_195trainer_0hop_balanced_local_bs128_800r,20260914_201408_ogbn-papers100M_FedAvg_bs128_seed42_beta10000p0,ogbn-papers100M,FedAvg,128,42,10000.0,366,validation,0.2607,3.2635,0.2607,3.2635,1098,0.10735249519348145,0.10735249519348145,0.5191974639892578,0.6265499591827393,232.98659825325012,0.5191974639892578,0.6265499591827393,232.98659825325012
nc_papers100m_195trainer_0hop_balanced_local_bs128_800r,20260914_201408_ogbn-papers100M_FedAvg_bs128_seed42_beta10000p0,ogbn-papers100M,FedAvg,128,42,10000.0,367,validation,0.261,3.2615,0.261,3.2615,1101,0.10508036613464355,0.10508036613464355,0.5232841968536377,0.6283645629882812,233.6149628162384,0.5232841968536377,0.6283645629882812,233.6149628162384
nc_papers100m_195trainer_0hop_balanced_local_bs128_800r,20260914_201408_ogbn-papers100M_FedAvg_bs128_seed42_beta10000p0,ogbn-papers100M,FedAvg,128,42,10000.0,368,validation,0.2612,3.2603,0.2612,3.2603,1104,0.10910487174987793,0.10910487174987793,0.520007848739624,0.629112720489502,234.2440755367279,0.520007848739624,0.629112720489502,234.2440755367279
nc_papers100m_195trainer_0hop_balanced_local_bs128_800r,20260914_201408_ogbn-papers100M_FedAvg_bs128_seed42_beta10000p0,ogbn-papers100M,FedAvg,128,42,10000.0,369,validation,0.2612,3.2586,0.2612,3.2586,1107,0.10390567779541016,0.10390567779541016,0.5243327617645264,0.6282384395599365,234.87231397628784,0.5243327617645264,0.6282384395599365,234.87231397628784
nc_papers100m_195trainer_0hop_balanced_local_bs128_800r,20260914_201408_ogbn-papers100M_FedAvg_bs128_seed42_beta10000p0,ogbn-papers100M,FedAvg,128,42,10000.0,370,validation,0.2613,3.2574,0.2613,3.2574,1110,0.10645675659179688,0.10645675659179688,0.5230588912963867,0.6295156478881836,235.50182962417603,0.5230588912963867,0.6295156478881836,235.50182962417603
nc_papers100m_195trainer_0hop_balanced_local_bs128_800r,20260914_201408_ogbn-papers100M_FedAvg_bs128_seed42_beta10000p0,ogbn-papers100M,FedAvg,128,42,10000.0,371,validation,0.2615,3.2557,0.2615,3.2557,1113,0.10845112800598145,0.10845112800598145,0.5153238773345947,0.6237750053405762,236.1256046295166,0.5153238773345947,0.6237750053405762,236.1256046295166
nc_papers100m_195trainer_0hop_balanced_local_bs128_800r,20260914_201408_ogbn-papers100M_FedAvg_bs128_seed42_beta10000p0,ogbn-papers100M,FedAvg,128,42,10000.0,372,validation,0.2616,3.2545,0.2616,3.2545,1116,0.10964417457580566,0.10964417457580566,0.5248467922210693,0.634490966796875,236.76009559631348,0.5248467922210693,0.634490966796875,236.76009559631348
nc_papers100m_195trainer_0hop_balanced_local_bs128_800r,20260914_201408_ogbn-papers100M_FedAvg_bs128_seed42_beta10000p0,ogbn-papers100M,FedAvg,128,42,10000.0,373,validation,0.2617,3.2533,0.2617,3.2533,1119,0.10451006889343262,0.10451006889343262,0.5333883762359619,0.6378984451293945,237.39799404144287,0.5333883762359619,0.6378984451293945,237.39799404144287
nc_papers100m_195trainer_0hop_balanced_local_bs128_800r,20260914_201408_ogbn-papers100M_FedAvg_bs128_seed42_beta10000p0,ogbn-papers100M,FedAvg,128,42,10000.0,374,validation,0.262,3.2518,0.262,3.2518,1122,0.10462617874145508,0.10462617874145508,0.5210380554199219,0.625664234161377,238.02365827560425,0.5210380554199219,0.625664234161377,238.02365827560425
nc_papers100m_195trainer_0hop_balanced_local_bs128_800r,20260914_201408_ogbn-papers100M_FedAvg_bs128_seed42_beta10000p0,ogbn-papers100M,FedAvg,128,42,10000.0,375,validation,0.2623,3.2502,0.2623,3.2502,1125,0.10634803771972656,0.10634803771972656,0.5226385593414307,0.6289865970611572,238.6526448726654,0.5226385593414307,0.6289865970611572,238.6526448726654
nc_papers100m_195trainer_0hop_balanced_local_bs128_800r,20260914_201408_ogbn-papers100M_FedAvg_bs128_seed42_beta10000p0,ogbn-papers100M,FedAvg,128,42,10000.0,376,validation,0.2628,3.2478,0.2628,3.2478,1128,0.10889554023742676,0.10889554023742676,0.534815788269043,0.6437113285064697,239.29635620117188,0.534815788269043,0.6437113285064697,239.29635620117188
nc_papers100m_195trainer_0hop_balanced_local_bs128_800r,20260914_201408_ogbn-papers100M_FedAvg_bs128_seed42_beta10000p0,ogbn-papers100M,FedAvg,128,42,10000.0,377,validation,0.2625,3.246,0.2625,3.246,1131,0.10593485832214355,0.10593485832214355,0.5289039611816406,0.6348388195037842,239.93119502067566,0.5289039611816406,0.6348388195037842,239.93119502067566
nc_papers100m_195trainer_0hop_balanced_local_bs128_800r,20260914_201408_ogbn-papers100M_FedAvg_bs128_seed42_beta10000p0,ogbn-papers100M,FedAvg,128,42,10000.0,378,validation,0.263,3.2446,0.263,3.2446,1134,0.10563778877258301,0.10563778877258301,0.5233731269836426,0.6290109157562256,240.56020593643188,0.5233731269836426,0.6290109157562256,240.56020593643188
nc_papers100m_195trainer_0hop_balanced_local_bs128_800r,20260914_201408_ogbn-papers100M_FedAvg_bs128_seed42_beta10000p0,ogbn-papers100M,FedAvg,128,42,10000.0,379,validation,0.2626,3.2433,0.2626,3.2433,1137,0.1060481071472168,0.1060481071472168,0.5196664333343506,0.6257145404815674,241.18592047691345,0.5196664333343506,0.6257145404815674,241.18592047691345
nc_papers100m_195trainer_0hop_balanced_local_bs128_800r,20260914_201408_ogbn-papers100M_FedAvg_bs128_seed42_beta10000p0,ogbn-papers100M,FedAvg,128,42,10000.0,380,validation,0.2631,3.2419,0.2631,3.2419,1140,0.1060781478881836,0.1060781478881836,0.5287435054779053,0.6348216533660889,241.82074213027954,0.5287435054779053,0.6348216533660889,241.82074213027954
nc_papers100m_195trainer_0hop_balanced_local_bs128_800r,20260914_201408_ogbn-papers100M_FedAvg_bs128_seed42_beta10000p0,ogbn-papers100M,FedAvg,128,42,10000.0,381,validation,0.2633,3.2405,0.2633,3.2405,1143,0.11033797264099121,0.11033797264099121,0.5264358520507812,0.6367738246917725,242.4575159549713,0.5264358520507812,0.6367738246917725,242.4575159549713
nc_papers100m_195trainer_0hop_balanced_local_bs128_800r,20260914_201408_ogbn-papers100M_FedAvg_bs128_seed42_beta10000p0,ogbn-papers100M,FedAvg,128,42,10000.0,382,validation,0.2633,3.2395,0.2633,3.2395,1146,0.10561466217041016,0.10561466217041016,0.5128583908081055,0.6184730529785156,243.07598900794983,0.5128583908081055,0.6184730529785156,243.07598900794983
nc_papers100m_195trainer_0hop_balanced_local_bs128_800r,20260914_201408_ogbn-papers100M_FedAvg_bs128_seed42_beta10000p0,ogbn-papers100M,FedAvg,128,42,10000.0,383,validation,0.2634,3.2381,0.2634,3.2381,1149,0.10543417930603027,0.10543417930603027,0.5180563926696777,0.623490571975708,243.69947957992554,0.5180563926696777,0.623490571975708,243.69947957992554
nc_papers100m_195trainer_0hop_balanced_local_bs128_800r,20260914_201408_ogbn-papers100M_FedAvg_bs128_seed42_beta10000p0,ogbn-papers100M,FedAvg,128,42,10000.0,384,validation,0.2636,3.2361,0.2636,3.2361,1152,0.10622286796569824,0.10622286796569824,0.5223042964935303,0.6285271644592285,244.32800674438477,0.5223042964935303,0.6285271644592285,244.32800674438477
nc_papers100m_195trainer_0hop_balanced_local_bs128_800r,20260914_201408_ogbn-papers100M_FedAvg_bs128_seed42_beta10000p0,ogbn-papers100M,FedAvg,128,42,10000.0,385,validation,0.264,3.2351,0.264,3.2351,1155,0.10539889335632324,0.10539889335632324,0.533280611038208,0.6386795043945312,244.9666862487793,0.533280611038208,0.6386795043945312,244.9666862487793
nc_papers100m_195trainer_0hop_balanced_local_bs128_800r,20260914_201408_ogbn-papers100M_FedAvg_bs128_seed42_beta10000p0,ogbn-papers100M,FedAvg,128,42,10000.0,386,validation,0.2641,3.2331,0.2641,3.2331,1158,0.11026263236999512,0.11026263236999512,0.5201702117919922,0.6304328441619873,245.59711909294128,0.5201702117919922,0.6304328441619873,245.59711909294128
nc_papers100m_195trainer_0hop_balanced_local_bs128_800r,20260914_201408_ogbn-papers100M_FedAvg_bs128_seed42_beta10000p0,ogbn-papers100M,FedAvg,128,42,10000.0,387,validation,0.2638,3.2318,0.2638,3.2318,1161,0.10837006568908691,0.10837006568908691,0.5245802402496338,0.6329503059387207,246.23006939888,0.5245802402496338,0.6329503059387207,246.23006939888
nc_papers100m_195trainer_0hop_balanced_local_bs128_800r,20260914_201408_ogbn-papers100M_FedAvg_bs128_seed42_beta10000p0,ogbn-papers100M,FedAvg,128,42,10000.0,388,validation,0.2643,3.2307,0.2643,3.2307,1164,0.10584354400634766,0.10584354400634766,0.5220150947570801,0.6278586387634277,246.85792803764343,0.5220150947570801,0.6278586387634277,246.85792803764343
nc_papers100m_195trainer_0hop_balanced_local_bs128_800r,20260914_201408_ogbn-papers100M_FedAvg_bs128_seed42_beta10000p0,ogbn-papers100M,FedAvg,128,42,10000.0,389,validation,0.2644,3.2297,0.2644,3.2297,1167,0.10788202285766602,0.10788202285766602,0.5224757194519043,0.6303577423095703,247.488285779953,0.5224757194519043,0.6303577423095703,247.488285779953
nc_papers100m_195trainer_0hop_balanced_local_bs128_800r,20260914_201408_ogbn-papers100M_FedAvg_bs128_seed42_beta10000p0,ogbn-papers100M,FedAvg,128,42,10000.0,390,validation,0.2647,3.2281,0.2647,3.2281,1170,0.10318207740783691,0.10318207740783691,0.5171411037445068,0.6203231811523438,248.10860896110535,0.5171411037445068,0.6203231811523438,248.10860896110535
nc_papers100m_195trainer_0hop_balanced_local_bs128_800r,20260914_201408_ogbn-papers100M_FedAvg_bs128_seed42_beta10000p0,ogbn-papers100M,FedAvg,128,42,10000.0,391,validation,0.2648,3.2267,0.2648,3.2267,1173,0.1075601577758789,0.1075601577758789,0.5641627311706543,0.6717228889465332,248.78033185005188,0.5641627311706543,0.6717228889465332,248.78033185005188
nc_papers100m_195trainer_0hop_balanced_local_bs128_800r,20260914_201408_ogbn-papers100M_FedAvg_bs128_seed42_beta10000p0,ogbn-papers100M,FedAvg,128,42,10000.0,392,validation,0.265,3.2246,0.265,3.2246,1176,0.10548186302185059,0.10548186302185059,0.5245802402496338,0.6300621032714844,249.41039395332336,0.5245802402496338,0.6300621032714844,249.41039395332336
nc_papers100m_195trainer_0hop_balanced_local_bs128_800r,20260914_201408_ogbn-papers100M_FedAvg_bs128_seed42_beta10000p0,ogbn-papers100M,FedAvg,128,42,10000.0,393,validation,0.2651,3.2234,0.2651,3.2234,1179,0.10396885871887207,0.10396885871887207,0.5205490589141846,0.6245179176330566,250.03491187095642,0.5205490589141846,0.6245179176330566,250.03491187095642
nc_papers100m_195trainer_0hop_balanced_local_bs128_800r,20260914_201408_ogbn-papers100M_FedAvg_bs128_seed42_beta10000p0,ogbn-papers100M,FedAvg,128,42,10000.0,394,validation,0.2654,3.222,0.2654,3.222,1182,0.10539054870605469,0.10539054870605469,0.518242359161377,0.6236329078674316,250.65854477882385,0.518242359161377,0.6236329078674316,250.65854477882385
nc_papers100m_195trainer_0hop_balanced_local_bs128_800r,20260914_201408_ogbn-papers100M_FedAvg_bs128_seed42_beta10000p0,ogbn-papers100M,FedAvg,128,42,10000.0,395,validation,0.2658,3.2205,0.2658,3.2205,1185,0.10542082786560059,0.10542082786560059,0.5296633243560791,0.6350841522216797,251.29362893104553,0.5296633243560791,0.6350841522216797,251.29362893104553
nc_papers100m_195trainer_0hop_balanced_local_bs128_800r,20260914_201408_ogbn-papers100M_FedAvg_bs128_seed42_beta10000p0,ogbn-papers100M,FedAvg,128,42,10000.0,396,validation,0.266,3.219,0.266,3.219,1188,0.10625696182250977,0.10625696182250977,0.5231740474700928,0.6294310092926025,251.92305994033813,0.5231740474700928,0.6294310092926025,251.92305994033813
nc_papers100m_195trainer_0hop_balanced_local_bs128_800r,20260914_201408_ogbn-papers100M_FedAvg_bs128_seed42_beta10000p0,ogbn-papers100M,FedAvg,128,42,10000.0,397,validation,0.266,3.2178,0.266,3.2178,1191,0.10618400573730469,0.10618400573730469,0.5185353755950928,0.6247193813323975,252.54777932167053,0.5185353755950928,0.6247193813323975,252.54777932167053
nc_papers100m_195trainer_0hop_balanced_local_bs128_800r,20260914_201408_ogbn-papers100M_FedAvg_bs128_seed42_beta10000p0,ogbn-papers100M,FedAvg,128,42,10000.0,398,validation,0.2662,3.2162,0.2662,3.2162,1194,0.10963273048400879,0.10963273048400879,0.5206704139709473,0.630303144454956,253.1780824661255,0.5206704139709473,0.630303144454956,253.1780824661255
nc_papers100m_195trainer_0hop_balanced_local_bs128_800r,20260914_201408_ogbn-papers100M_FedAvg_bs128_seed42_beta10000p0,ogbn-papers100M,FedAvg,128,42,10000.0,399,validation,0.2663,3.2143,0.2663,3.2143,1197,0.10632777214050293,0.10632777214050293,0.5317840576171875,0.6381118297576904,253.81619429588318,0.5317840576171875,0.6381118297576904,253.81619429588318
nc_papers100m_195trainer_0hop_balanced_local_bs128_800r,20260914_201408_ogbn-papers100M_FedAvg_bs128_seed42_beta10000p0,ogbn-papers100M,FedAvg,128,42,10000.0,400,validation,0.2664,3.2127,0.2664,3.2127,1200,0.10398292541503906,0.10398292541503906,0.5275774002075195,0.6315603256225586,254.44775462150574,0.5275774002075195,0.6315603256225586,254.44775462150574
nc_papers100m_195trainer_0hop_balanced_local_bs128_800r,20260914_201408_ogbn-papers100M_FedAvg_bs128_seed42_beta10000p0,ogbn-papers100M,FedAvg,128,42,10000.0,401,validation,0.2666,3.2112,0.2666,3.2112,1203,0.10550713539123535,0.10550713539123535,0.515200138092041,0.6207072734832764,255.068461894989,0.515200138092041,0.6207072734832764,255.068461894989
nc_papers100m_195trainer_0hop_balanced_local_bs128_800r,20260914_201408_ogbn-papers100M_FedAvg_bs128_seed42_beta10000p0,ogbn-papers100M,FedAvg,128,42,10000.0,402,validation,0.267,3.21,0.267,3.21,1206,0.11185765266418457,0.11185765266418457,0.52018141746521,0.6320390701293945,255.7005009651184,0.52018141746521,0.6320390701293945,255.7005009651184
nc_papers100m_195trainer_0hop_balanced_local_bs128_800r,20260914_201408_ogbn-papers100M_FedAvg_bs128_seed42_beta10000p0,ogbn-papers100M,FedAvg,128,42,10000.0,403,validation,0.2671,3.2088,0.2671,3.2088,1209,0.11308145523071289,0.11308145523071289,0.5248382091522217,0.6379196643829346,256.33842062950134,0.5248382091522217,0.6379196643829346,256.33842062950134
nc_papers100m_195trainer_0hop_balanced_local_bs128_800r,20260914_201408_ogbn-papers100M_FedAvg_bs128_seed42_beta10000p0,ogbn-papers100M,FedAvg,128,42,10000.0,404,validation,0.2674,3.2076,0.2674,3.2076,1212,0.10584092140197754,0.10584092140197754,0.5441856384277344,0.6500265598297119,256.98844718933105,0.5441856384277344,0.6500265598297119,256.98844718933105
nc_papers100m_195trainer_0hop_balanced_local_bs128_800r,20260914_201408_ogbn-papers100M_FedAvg_bs128_seed42_beta10000p0,ogbn-papers100M,FedAvg,128,42,10000.0,405,validation,0.2674,3.206,0.2674,3.206,1215,0.10674428939819336,0.10674428939819336,0.5206754207611084,0.6274197101593018,257.61586689949036,0.5206754207611084,0.6274197101593018,257.61586689949036
nc_papers100m_195trainer_0hop_balanced_local_bs128_800r,20260914_201408_ogbn-papers100M_FedAvg_bs128_seed42_beta10000p0,ogbn-papers100M,FedAvg,128,42,10000.0,406,validation,0.2676,3.2045,0.2676,3.2045,1218,0.10432028770446777,0.10432028770446777,0.5242669582366943,0.6285872459411621,258.2444541454315,0.5242669582366943,0.6285872459411621,258.2444541454315
nc_papers100m_195trainer_0hop_balanced_local_bs128_800r,20260914_201408_ogbn-papers100M_FedAvg_bs128_seed42_beta10000p0,ogbn-papers100M,FedAvg,128,42,10000.0,407,validation,0.2676,3.2036,0.2676,3.2036,1221,0.10914993286132812,0.10914993286132812,0.5342612266540527,0.6434111595153809,258.8878653049469,0.5342612266540527,0.6434111595153809,258.8878653049469
nc_papers100m_195trainer_0hop_balanced_local_bs128_800r,20260914_201408_ogbn-papers100M_FedAvg_bs128_seed42_beta10000p0,ogbn-papers100M,FedAvg,128,42,10000.0,408,validation,0.2678,3.2026,0.2678,3.2026,1224,0.10837554931640625,0.10837554931640625,0.5200364589691162,0.6284120082855225,259.5162773132324,0.5200364589691162,0.6284120082855225,259.5162773132324
nc_papers100m_195trainer_0hop_balanced_local_bs128_800r,20260914_201408_ogbn-papers100M_FedAvg_bs128_seed42_beta10000p0,ogbn-papers100M,FedAvg,128,42,10000.0,409,validation,0.2679,3.201,0.2679,3.201,1227,0.11195755004882812,0.11195755004882812,0.5189974308013916,0.6309549808502197,260.14723229408264,0.5189974308013916,0.6309549808502197,260.14723229408264
nc_papers100m_195trainer_0hop_balanced_local_bs128_800r,20260914_201408_ogbn-papers100M_FedAvg_bs128_seed42_beta10000p0,ogbn-papers100M,FedAvg,128,42,10000.0,410,validation,0.2683,3.1997,0.2683,3.1997,1230,0.1067969799041748,0.1067969799041748,0.5280697345733643,0.6348667144775391,260.7820990085602,0.5280697345733643,0.6348667144775391,260.7820990085602
nc_papers100m_195trainer_0hop_balanced_local_bs128_800r,20260914_201408_ogbn-papers100M_FedAvg_bs128_seed42_beta10000p0,ogbn-papers100M,FedAvg,128,42,10000.0,411,validation,0.2684,3.1985,0.2684,3.1985,1233,0.10487484931945801,0.10487484931945801,0.5265500545501709,0.6314249038696289,261.4135239124298,0.5265500545501709,0.6314249038696289,261.4135239124298
nc_papers100m_195trainer_0hop_balanced_local_bs128_800r,20260914_201408_ogbn-papers100M_FedAvg_bs128_seed42_beta10000p0,ogbn-papers100M,FedAvg,128,42,10000.0,412,validation,0.2684,3.1974,0.2684,3.1974,1236,0.10535073280334473,0.10535073280334473,0.5239708423614502,0.6293215751647949,262.0428454875946,0.5239708423614502,0.6293215751647949,262.0428454875946
nc_papers100m_195trainer_0hop_balanced_local_bs128_800r,20260914_201408_ogbn-papers100M_FedAvg_bs128_seed42_beta10000p0,ogbn-papers100M,FedAvg,128,42,10000.0,413,validation,0.2684,3.1958,0.2684,3.1958,1239,0.10662555694580078,0.10662555694580078,0.5187690258026123,0.6253945827484131,262.668240070343,0.5187690258026123,0.6253945827484131,262.668240070343
nc_papers100m_195trainer_0hop_balanced_local_bs128_800r,20260914_201408_ogbn-papers100M_FedAvg_bs128_seed42_beta10000p0,ogbn-papers100M,FedAvg,128,42,10000.0,414,validation,0.2685,3.1944,0.2685,3.1944,1242,0.1047372817993164,0.1047372817993164,0.5270085334777832,0.6317458152770996,263.2999858856201,0.5270085334777832,0.6317458152770996,263.2999858856201
nc_papers100m_195trainer_0hop_balanced_local_bs128_800r,20260914_201408_ogbn-papers100M_FedAvg_bs128_seed42_beta10000p0,ogbn-papers100M,FedAvg,128,42,10000.0,415,validation,0.2688,3.193,0.2688,3.193,1245,0.10791587829589844,0.10791587829589844,0.5234715938568115,0.63138747215271,263.9313733577728,0.5234715938568115,0.63138747215271,263.9313733577728
nc_papers100m_195trainer_0hop_balanced_local_bs128_800r,20260914_201408_ogbn-papers100M_FedAvg_bs128_seed42_beta10000p0,ogbn-papers100M,FedAvg,128,42,10000.0,416,validation,0.2689,3.1914,0.2689,3.1914,1248,0.10935497283935547,0.10935497283935547,0.5159058570861816,0.6252608299255371,264.55663418769836,0.5159058570861816,0.6252608299255371,264.55663418769836
nc_papers100m_195trainer_0hop_balanced_local_bs128_800r,20260914_201408_ogbn-papers100M_FedAvg_bs128_seed42_beta10000p0,ogbn-papers100M,FedAvg,128,42,10000.0,417,validation,0.2693,3.1902,0.2693,3.1902,1251,0.11034083366394043,0.11034083366394043,0.5328986644744873,0.6432394981384277,265.1998736858368,0.5328986644744873,0.6432394981384277,265.1998736858368
nc_papers100m_195trainer_0hop_balanced_local_bs128_800r,20260914_201408_ogbn-papers100M_FedAvg_bs128_seed42_beta10000p0,ogbn-papers100M,FedAvg,128,42,10000.0,418,validation,0.2695,3.1891,0.2695,3.1891,1254,0.10676693916320801,0.10676693916320801,0.5438945293426514,0.6506614685058594,265.85053515434265,0.5438945293426514,0.6506614685058594,265.85053515434265
nc_papers100m_195trainer_0hop_balanced_local_bs128_800r,20260914_201408_ogbn-papers100M_FedAvg_bs128_seed42_beta10000p0,ogbn-papers100M,FedAvg,128,42,10000.0,419,validation,0.2697,3.1881,0.2697,3.1881,1257,0.10499024391174316,0.10499024391174316,0.5202615261077881,0.6252517700195312,266.4757869243622,0.5202615261077881,0.6252517700195312,266.4757869243622
nc_papers100m_195trainer_0hop_balanced_local_bs128_800r,20260914_201408_ogbn-papers100M_FedAvg_bs128_seed42_beta10000p0,ogbn-papers100M,FedAvg,128,42,10000.0,420,validation,0.2698,3.1864,0.2698,3.1864,1260,0.10644888877868652,0.10644888877868652,0.521273136138916,0.6277220249176025,267.1035089492798,0.521273136138916,0.6277220249176025,267.1035089492798
nc_papers100m_195trainer_0hop_balanced_local_bs128_800r,20260914_201408_ogbn-papers100M_FedAvg_bs128_seed42_beta10000p0,ogbn-papers100M,FedAvg,128,42,10000.0,421,validation,0.2699,3.1849,0.2699,3.1849,1263,0.11093783378601074,0.11093783378601074,0.5160503387451172,0.6269881725311279,267.7304971218109,0.5160503387451172,0.6269881725311279,267.7304971218109
nc_papers100m_195trainer_0hop_balanced_local_bs128_800r,20260914_201408_ogbn-papers100M_FedAvg_bs128_seed42_beta10000p0,ogbn-papers100M,FedAvg,128,42,10000.0,422,validation,0.2701,3.1837,0.2701,3.1837,1266,0.10368800163269043,0.10368800163269043,0.5205378532409668,0.6242258548736572,268.35472297668457,0.5205378532409668,0.6242258548736572,268.35472297668457
nc_papers100m_195trainer_0hop_balanced_local_bs128_800r,20260914_201408_ogbn-papers100M_FedAvg_bs128_seed42_beta10000p0,ogbn-papers100M,FedAvg,128,42,10000.0,423,validation,0.2702,3.1826,0.2702,3.1826,1269,0.10678935050964355,0.10678935050964355,0.5232143402099609,0.6300036907196045,268.9847266674042,0.5232143402099609,0.6300036907196045,268.9847266674042
nc_papers100m_195trainer_0hop_balanced_local_bs128_800r,20260914_201408_ogbn-papers100M_FedAvg_bs128_seed42_beta10000p0,ogbn-papers100M,FedAvg,128,42,10000.0,424,validation,0.2707,3.1813,0.2707,3.1813,1272,0.10521388053894043,0.10521388053894043,0.5212011337280273,0.6264150142669678,269.61114168167114,0.5212011337280273,0.6264150142669678,269.61114168167114
nc_papers100m_195trainer_0hop_balanced_local_bs128_800r,20260914_201408_ogbn-papers100M_FedAvg_bs128_seed42_beta10000p0,ogbn-papers100M,FedAvg,128,42,10000.0,425,validation,0.2707,3.1801,0.2707,3.1801,1275,0.10570454597473145,0.10570454597473145,0.526512622833252,0.6322171688079834,270.2433588504791,0.526512622833252,0.6322171688079834,270.2433588504791
nc_papers100m_195trainer_0hop_balanced_local_bs128_800r,20260914_201408_ogbn-papers100M_FedAvg_bs128_seed42_beta10000p0,ogbn-papers100M,FedAvg,128,42,10000.0,426,validation,0.2705,3.1786,0.2705,3.1786,1278,0.10628795623779297,0.10628795623779297,0.5184988975524902,0.6247868537902832,270.8681457042694,0.5184988975524902,0.6247868537902832,270.8681457042694
nc_papers100m_195trainer_0hop_balanced_local_bs128_800r,20260914_201408_ogbn-papers100M_FedAvg_bs128_seed42_beta10000p0,ogbn-papers100M,FedAvg,128,42,10000.0,427,validation,0.2708,3.1773,0.2708,3.1773,1281,0.10413336753845215,0.10413336753845215,0.5176601409912109,0.6217935085296631,271.4899392127991,0.5176601409912109,0.6217935085296631,271.4899392127991
nc_papers100m_195trainer_0hop_balanced_local_bs128_800r,20260914_201408_ogbn-papers100M_FedAvg_bs128_seed42_beta10000p0,ogbn-papers100M,FedAvg,128,42,10000.0,428,validation,0.271,3.176,0.271,3.176,1284,0.10857462882995605,0.10857462882995605,0.5209627151489258,0.6295373439788818,272.11947655677795,0.5209627151489258,0.6295373439788818,272.11947655677795
nc_papers100m_195trainer_0hop_balanced_local_bs128_800r,20260914_201408_ogbn-papers100M_FedAvg_bs128_seed42_beta10000p0,ogbn-papers100M,FedAvg,128,42,10000.0,429,validation,0.2712,3.1749,0.2712,3.1749,1287,0.10489749908447266,0.10489749908447266,0.5297892093658447,0.6346867084503174,272.75416326522827,0.5297892093658447,0.6346867084503174,272.75416326522827
nc_papers100m_195trainer_0hop_balanced_local_bs128_800r,20260914_201408_ogbn-papers100M_FedAvg_bs128_seed42_beta10000p0,ogbn-papers100M,FedAvg,128,42,10000.0,430,validation,0.2714,3.1735,0.2714,3.1735,1290,0.10969734191894531,0.10969734191894531,0.5134427547454834,0.6231400966644287,273.3773033618927,0.5134427547454834,0.6231400966644287,273.3773033618927
nc_papers100m_195trainer_0hop_balanced_local_bs128_800r,20260914_201408_ogbn-papers100M_FedAvg_bs128_seed42_beta10000p0,ogbn-papers100M,FedAvg,128,42,10000.0,431,validation,0.2715,3.172,0.2715,3.172,1293,0.10791349411010742,0.10791349411010742,0.5693187713623047,0.6772322654724121,274.0545356273651,0.5693187713623047,0.6772322654724121,274.0545356273651
nc_papers100m_195trainer_0hop_balanced_local_bs128_800r,20260914_201408_ogbn-papers100M_FedAvg_bs128_seed42_beta10000p0,ogbn-papers100M,FedAvg,128,42,10000.0,432,validation,0.2715,3.1706,0.2715,3.1706,1296,0.10402250289916992,0.10402250289916992,0.5168018341064453,0.6208243370056152,274.6753599643707,0.5168018341064453,0.6208243370056152,274.6753599643707
nc_papers100m_195trainer_0hop_balanced_local_bs128_800r,20260914_201408_ogbn-papers100M_FedAvg_bs128_seed42_beta10000p0,ogbn-papers100M,FedAvg,128,42,10000.0,433,validation,0.2718,3.1695,0.2718,3.1695,1299,0.10592985153198242,0.10592985153198242,0.5283589363098145,0.6342887878417969,275.3096487522125,0.5283589363098145,0.6342887878417969,275.3096487522125
nc_papers100m_195trainer_0hop_balanced_local_bs128_800r,20260914_201408_ogbn-papers100M_FedAvg_bs128_seed42_beta10000p0,ogbn-papers100M,FedAvg,128,42,10000.0,434,validation,0.2718,3.1676,0.2718,3.1676,1302,0.10604500770568848,0.10604500770568848,0.5224616527557373,0.6285066604614258,275.93815541267395,0.5224616527557373,0.6285066604614258,275.93815541267395
nc_papers100m_195trainer_0hop_balanced_local_bs128_800r,20260914_201408_ogbn-papers100M_FedAvg_bs128_seed42_beta10000p0,ogbn-papers100M,FedAvg,128,42,10000.0,435,validation,0.272,3.1668,0.272,3.1668,1305,0.10628485679626465,0.10628485679626465,0.5158886909484863,0.622173547744751,276.5603289604187,0.5158886909484863,0.622173547744751,276.5603289604187
nc_papers100m_195trainer_0hop_balanced_local_bs128_800r,20260914_201408_ogbn-papers100M_FedAvg_bs128_seed42_beta10000p0,ogbn-papers100M,FedAvg,128,42,10000.0,436,validation,0.2725,3.1657,0.2725,3.1657,1308,0.10833406448364258,0.10833406448364258,0.5255744457244873,0.6339085102081299,277.19423747062683,0.5255744457244873,0.6339085102081299,277.19423747062683
nc_papers100m_195trainer_0hop_balanced_local_bs128_800r,20260914_201408_ogbn-papers100M_FedAvg_bs128_seed42_beta10000p0,ogbn-papers100M,FedAvg,128,42,10000.0,437,validation,0.2725,3.1644,0.2725,3.1644,1311,0.10452580451965332,0.10452580451965332,0.5299687385559082,0.6344945430755615,277.8287320137024,0.5299687385559082,0.6344945430755615,277.8287320137024
nc_papers100m_195trainer_0hop_balanced_local_bs128_800r,20260914_201408_ogbn-papers100M_FedAvg_bs128_seed42_beta10000p0,ogbn-papers100M,FedAvg,128,42,10000.0,438,validation,0.2724,3.163,0.2724,3.163,1314,0.10558462142944336,0.10558462142944336,0.5219509601593018,0.6275355815887451,278.45626759529114,0.5219509601593018,0.6275355815887451,278.45626759529114
nc_papers100m_195trainer_0hop_balanced_local_bs128_800r,20260914_201408_ogbn-papers100M_FedAvg_bs128_seed42_beta10000p0,ogbn-papers100M,FedAvg,128,42,10000.0,439,validation,0.2729,3.1613,0.2729,3.1613,1317,0.10512900352478027,0.10512900352478027,0.5262842178344727,0.6314132213592529,279.0876808166504,0.5262842178344727,0.6314132213592529,279.0876808166504
nc_papers100m_195trainer_0hop_balanced_local_bs128_800r,20260914_201408_ogbn-papers100M_FedAvg_bs128_seed42_beta10000p0,ogbn-papers100M,FedAvg,128,42,10000.0,440,validation,0.2733,3.16,0.2733,3.16,1320,0.10976433753967285,0.10976433753967285,0.527024507522583,0.6367888450622559,279.72446966171265,0.527024507522583,0.6367888450622559,279.72446966171265
nc_papers100m_195trainer_0hop_balanced_local_bs128_800r,20260914_201408_ogbn-papers100M_FedAvg_bs128_seed42_beta10000p0,ogbn-papers100M,FedAvg,128,42,10000.0,441,validation,0.2733,3.1587,0.2733,3.1587,1323,0.10990548133850098,0.10990548133850098,0.5236830711364746,0.6335885524749756,280.3580582141876,0.5236830711364746,0.6335885524749756,280.3580582141876
nc_papers100m_195trainer_0hop_balanced_local_bs128_800r,20260914_201408_ogbn-papers100M_FedAvg_bs128_seed42_beta10000p0,ogbn-papers100M,FedAvg,128,42,10000.0,442,validation,0.2736,3.1577,0.2736,3.1577,1326,0.10357284545898438,0.10357284545898438,0.5090620517730713,0.6126348972320557,280.9706931114197,0.5090620517730713,0.6126348972320557,280.9706931114197
nc_papers100m_195trainer_0hop_balanced_local_bs128_800r,20260914_201408_ogbn-papers100M_FedAvg_bs128_seed42_beta10000p0,ogbn-papers100M,FedAvg,128,42,10000.0,443,validation,0.2738,3.1569,0.2738,3.1569,1329,0.10527443885803223,0.10527443885803223,0.5192968845367432,0.6245713233947754,281.59526443481445,0.5192968845367432,0.6245713233947754,281.59526443481445
nc_papers100m_195trainer_0hop_balanced_local_bs128_800r,20260914_201408_ogbn-papers100M_FedAvg_bs128_seed42_beta10000p0,ogbn-papers100M,FedAvg,128,42,10000.0,444,validation,0.2738,3.1555,0.2738,3.1555,1332,0.10587382316589355,0.10587382316589355,0.5718200206756592,0.6776938438415527,282.272958278656,0.5718200206756592,0.6776938438415527,282.272958278656
nc_papers100m_195trainer_0hop_balanced_local_bs128_800r,20260914_201408_ogbn-papers100M_FedAvg_bs128_seed42_beta10000p0,ogbn-papers100M,FedAvg,128,42,10000.0,445,validation,0.2737,3.1544,0.2737,3.1544,1335,0.10673928260803223,0.10673928260803223,0.5251617431640625,0.6319010257720947,282.9048593044281,0.5251617431640625,0.6319010257720947,282.9048593044281
nc_papers100m_195trainer_0hop_balanced_local_bs128_800r,20260914_201408_ogbn-papers100M_FedAvg_bs128_seed42_beta10000p0,ogbn-papers100M,FedAvg,128,42,10000.0,446,validation,0.2736,3.1536,0.2736,3.1536,1338,0.11093258857727051,0.11093258857727051,0.5135695934295654,0.6245021820068359,283.52936148643494,0.5135695934295654,0.6245021820068359,283.52936148643494
nc_papers100m_195trainer_0hop_balanced_local_bs128_800r,20260914_201408_ogbn-papers100M_FedAvg_bs128_seed42_beta10000p0,ogbn-papers100M,FedAvg,128,42,10000.0,447,validation,0.2741,3.1524,0.2741,3.1524,1341,0.10488772392272949,0.10488772392272949,0.5214419364929199,0.6263296604156494,284.1556911468506,0.5214419364929199,0.6263296604156494,284.1556911468506
nc_papers100m_195trainer_0hop_balanced_local_bs128_800r,20260914_201408_ogbn-papers100M_FedAvg_bs128_seed42_beta10000p0,ogbn-papers100M,FedAvg,128,42,10000.0,448,validation,0.2745,3.1508,0.2745,3.1508,1344,0.10513520240783691,0.10513520240783691,0.5279953479766846,0.6331305503845215,284.7888216972351,0.5279953479766846,0.6331305503845215,284.7888216972351
nc_papers100m_195trainer_0hop_balanced_local_bs128_800r,20260914_201408_ogbn-papers100M_FedAvg_bs128_seed42_beta10000p0,ogbn-papers100M,FedAvg,128,42,10000.0,449,validation,0.2743,3.1493,0.2743,3.1493,1347,0.10581016540527344,0.10581016540527344,0.5332159996032715,0.6390261650085449,285.42784786224365,0.5332159996032715,0.6390261650085449,285.42784786224365
nc_papers100m_195trainer_0hop_balanced_local_bs128_800r,20260914_201408_ogbn-papers100M_FedAvg_bs128_seed42_beta10000p0,ogbn-papers100M,FedAvg,128,42,10000.0,450,validation,0.2745,3.1481,0.2745,3.1481,1350,0.10503196716308594,0.10503196716308594,0.5162835121154785,0.6213154792785645,286.0491633415222,0.5162835121154785,0.6213154792785645,286.0491633415222
nc_papers100m_195trainer_0hop_balanced_local_bs128_800r,20260914_201408_ogbn-papers100M_FedAvg_bs128_seed42_beta10000p0,ogbn-papers100M,FedAvg,128,42,10000.0,451,validation,0.2747,3.1471,0.2747,3.1471,1353,0.10874724388122559,0.10874724388122559,0.5218451023101807,0.6305923461914062,286.6797556877136,0.5218451023101807,0.6305923461914062,286.6797556877136
nc_papers100m_195trainer_0hop_balanced_local_bs128_800r,20260914_201408_ogbn-papers100M_FedAvg_bs128_seed42_beta10000p0,ogbn-papers100M,FedAvg,128,42,10000.0,452,validation,0.275,3.1459,0.275,3.1459,1356,0.10587000846862793,0.10587000846862793,0.5355808734893799,0.6414508819580078,287.32120656967163,0.5355808734893799,0.6414508819580078,287.32120656967163
nc_papers100m_195trainer_0hop_balanced_local_bs128_800r,20260914_201408_ogbn-papers100M_FedAvg_bs128_seed42_beta10000p0,ogbn-papers100M,FedAvg,128,42,10000.0,453,validation,0.275,3.1444,0.275,3.1444,1359,0.10395336151123047,0.10395336151123047,0.5256638526916504,0.6296172142028809,287.9508237838745,0.5256638526916504,0.6296172142028809,287.9508237838745
nc_papers100m_195trainer_0hop_balanced_local_bs128_800r,20260914_201408_ogbn-papers100M_FedAvg_bs128_seed42_beta10000p0,ogbn-papers100M,FedAvg,128,42,10000.0,454,validation,0.2752,3.1435,0.2752,3.1435,1362,0.10897994041442871,0.10897994041442871,0.5149514675140381,0.6239314079284668,288.574755191803,0.5149514675140381,0.6239314079284668,288.574755191803
nc_papers100m_195trainer_0hop_balanced_local_bs128_800r,20260914_201408_ogbn-papers100M_FedAvg_bs128_seed42_beta10000p0,ogbn-papers100M,FedAvg,128,42,10000.0,455,validation,0.2755,3.1417,0.2755,3.1417,1365,0.10605430603027344,0.10605430603027344,0.5291078090667725,0.6351621150970459,289.2099173069,0.5291078090667725,0.6351621150970459,289.2099173069
nc_papers100m_195trainer_0hop_balanced_local_bs128_800r,20260914_201408_ogbn-papers100M_FedAvg_bs128_seed42_beta10000p0,ogbn-papers100M,FedAvg,128,42,10000.0,456,validation,0.2754,3.1401,0.2754,3.1401,1368,0.10653805732727051,0.10653805732727051,0.5300438404083252,0.6365818977355957,289.8464992046356,0.5300438404083252,0.6365818977355957,289.8464992046356
nc_papers100m_195trainer_0hop_balanced_local_bs128_800r,20260914_201408_ogbn-papers100M_FedAvg_bs128_seed42_beta10000p0,ogbn-papers100M,FedAvg,128,42,10000.0,457,validation,0.2759,3.1389,0.2759,3.1389,1371,0.10814285278320312,0.10814285278320312,0.5202677249908447,0.6284105777740479,290.47490978240967,0.5202677249908447,0.6284105777740479,290.47490978240967
nc_papers100m_195trainer_0hop_balanced_local_bs128_800r,20260914_201408_ogbn-papers100M_FedAvg_bs128_seed42_beta10000p0,ogbn-papers100M,FedAvg,128,42,10000.0,458,validation,0.2762,3.1379,0.2762,3.1379,1374,0.1083822250366211,0.1083822250366211,0.5229942798614502,0.6313765048980713,291.10628628730774,0.5229942798614502,0.6313765048980713,291.10628628730774
nc_papers100m_195trainer_0hop_balanced_local_bs128_800r,20260914_201408_ogbn-papers100M_FedAvg_bs128_seed42_beta10000p0,ogbn-papers100M,FedAvg,128,42,10000.0,459,validation,0.2761,3.1371,0.2761,3.1371,1377,0.10460567474365234,0.10460567474365234,0.5314865112304688,0.6360921859741211,291.74237847328186,0.5314865112304688,0.6360921859741211,291.74237847328186
nc_papers100m_195trainer_0hop_balanced_local_bs128_800r,20260914_201408_ogbn-papers100M_FedAvg_bs128_seed42_beta10000p0,ogbn-papers100M,FedAvg,128,42,10000.0,460,validation,0.2765,3.1358,0.2765,3.1358,1380,0.10767555236816406,0.10767555236816406,0.5303106307983398,0.6379861831665039,292.38036465644836,0.5303106307983398,0.6379861831665039,292.38036465644836
nc_papers100m_195trainer_0hop_balanced_local_bs128_800r,20260914_201408_ogbn-papers100M_FedAvg_bs128_seed42_beta10000p0,ogbn-papers100M,FedAvg,128,42,10000.0,461,validation,0.2762,3.1349,0.2762,3.1349,1383,0.10565018653869629,0.10565018653869629,0.515141487121582,0.6207916736602783,293.00115633010864,0.515141487121582,0.6207916736602783,293.00115633010864
nc_papers100m_195trainer_0hop_balanced_local_bs128_800r,20260914_201408_ogbn-papers100M_FedAvg_bs128_seed42_beta10000p0,ogbn-papers100M,FedAvg,128,42,10000.0,462,validation,0.2765,3.1337,0.2765,3.1337,1386,0.10876655578613281,0.10876655578613281,0.5146112442016602,0.623377799987793,293.62453413009644,0.5146112442016602,0.623377799987793,293.62453413009644
nc_papers100m_195trainer_0hop_balanced_local_bs128_800r,20260914_201408_ogbn-papers100M_FedAvg_bs128_seed42_beta10000p0,ogbn-papers100M,FedAvg,128,42,10000.0,463,validation,0.2769,3.1324,0.2769,3.1324,1389,0.10736227035522461,0.10736227035522461,0.5258743762969971,0.6332366466522217,294.25777077674866,0.5258743762969971,0.6332366466522217,294.25777077674866
nc_papers100m_195trainer_0hop_balanced_local_bs128_800r,20260914_201408_ogbn-papers100M_FedAvg_bs128_seed42_beta10000p0,ogbn-papers100M,FedAvg,128,42,10000.0,464,validation,0.2769,3.1315,0.2769,3.1315,1392,0.10591959953308105,0.10591959953308105,0.5260589122772217,0.6319785118103027,294.88974928855896,0.5260589122772217,0.6319785118103027,294.88974928855896
nc_papers100m_195trainer_0hop_balanced_local_bs128_800r,20260914_201408_ogbn-papers100M_FedAvg_bs128_seed42_beta10000p0,ogbn-papers100M,FedAvg,128,42,10000.0,465,validation,0.2771,3.1303,0.2771,3.1303,1395,0.10400819778442383,0.10400819778442383,0.5268745422363281,0.630882740020752,295.5206320285797,0.5268745422363281,0.630882740020752,295.5206320285797
nc_papers100m_195trainer_0hop_balanced_local_bs128_800r,20260914_201408_ogbn-papers100M_FedAvg_bs128_seed42_beta10000p0,ogbn-papers100M,FedAvg,128,42,10000.0,466,validation,0.2774,3.1284,0.2774,3.1284,1398,0.11086606979370117,0.11086606979370117,0.5234484672546387,0.6343145370483398,296.15494656562805,0.5234484672546387,0.6343145370483398,296.15494656562805
nc_papers100m_195trainer_0hop_balanced_local_bs128_800r,20260914_201408_ogbn-papers100M_FedAvg_bs128_seed42_beta10000p0,ogbn-papers100M,FedAvg,128,42,10000.0,467,validation,0.2777,3.1269,0.2777,3.1269,1401,0.10549259185791016,0.10549259185791016,0.537553071975708,0.6430456638336182,296.79799222946167,0.537553071975708,0.6430456638336182,296.79799222946167
nc_papers100m_195trainer_0hop_balanced_local_bs128_800r,20260914_201408_ogbn-papers100M_FedAvg_bs128_seed42_beta10000p0,ogbn-papers100M,FedAvg,128,42,10000.0,468,validation,0.2777,3.1261,0.2777,3.1261,1404,0.1077420711517334,0.1077420711517334,0.5255429744720459,0.6332850456237793,297.43127727508545,0.5255429744720459,0.6332850456237793,297.43127727508545
nc_papers100m_195trainer_0hop_balanced_local_bs128_800r,20260914_201408_ogbn-papers100M_FedAvg_bs128_seed42_beta10000p0,ogbn-papers100M,FedAvg,128,42,10000.0,469,validation,0.278,3.1248,0.278,3.1248,1407,0.10667848587036133,0.10667848587036133,0.5161807537078857,0.6228592395782471,298.0541365146637,0.5161807537078857,0.6228592395782471,298.0541365146637
nc_papers100m_195trainer_0hop_balanced_local_bs128_800r,20260914_201408_ogbn-papers100M_FedAvg_bs128_seed42_beta10000p0,ogbn-papers100M,FedAvg,128,42,10000.0,470,validation,0.2779,3.1239,0.2779,3.1239,1410,0.11017608642578125,0.11017608642578125,0.5135831832885742,0.6237592697143555,298.67789578437805,0.5135831832885742,0.6237592697143555,298.67789578437805
nc_papers100m_195trainer_0hop_balanced_local_bs128_800r,20260914_201408_ogbn-papers100M_FedAvg_bs128_seed42_beta10000p0,ogbn-papers100M,FedAvg,128,42,10000.0,471,validation,0.278,3.123,0.278,3.123,1413,0.10770797729492188,0.10770797729492188,0.573094367980957,0.6808023452758789,299.35869812965393,0.573094367980957,0.6808023452758789,299.35869812965393
nc_papers100m_195trainer_0hop_balanced_local_bs128_800r,20260914_201408_ogbn-papers100M_FedAvg_bs128_seed42_beta10000p0,ogbn-papers100M,FedAvg,128,42,10000.0,472,validation,0.2781,3.1224,0.2781,3.1224,1416,0.10417699813842773,0.10417699813842773,0.5225913524627686,0.6267683506011963,299.9854664802551,0.5225913524627686,0.6267683506011963,299.9854664802551
nc_papers100m_195trainer_0hop_balanced_local_bs128_800r,20260914_201408_ogbn-papers100M_FedAvg_bs128_seed42_beta10000p0,ogbn-papers100M,FedAvg,128,42,10000.0,473,validation,0.2783,3.1215,0.2783,3.1215,1419,0.10522770881652832,0.10522770881652832,0.5229980945587158,0.6282258033752441,300.61369228363037,0.5229980945587158,0.6282258033752441,300.61369228363037
nc_papers100m_195trainer_0hop_balanced_local_bs128_800r,20260914_201408_ogbn-papers100M_FedAvg_bs128_seed42_beta10000p0,ogbn-papers100M,FedAvg,128,42,10000.0,474,validation,0.2782,3.12,0.2782,3.12,1422,0.10970568656921387,0.10970568656921387,0.5167834758758545,0.6264891624450684,301.24018144607544,0.5167834758758545,0.6264891624450684,301.24018144607544
nc_papers100m_195trainer_0hop_balanced_local_bs128_800r,20260914_201408_ogbn-papers100M_FedAvg_bs128_seed42_beta10000p0,ogbn-papers100M,FedAvg,128,42,10000.0,475,validation,0.2785,3.1187,0.2785,3.1187,1425,0.10790443420410156,0.10790443420410156,0.5277564525604248,0.6356608867645264,301.87584233283997,0.5277564525604248,0.6356608867645264,301.87584233283997
nc_papers100m_195trainer_0hop_balanced_local_bs128_800r,20260914_201408_ogbn-papers100M_FedAvg_bs128_seed42_beta10000p0,ogbn-papers100M,FedAvg,128,42,10000.0,476,validation,0.2788,3.1178,0.2788,3.1178,1428,0.10681581497192383,0.10681581497192383,0.5159337520599365,0.6227495670318604,302.4985918998718,0.5159337520599365,0.6227495670318604,302.4985918998718
nc_papers100m_195trainer_0hop_balanced_local_bs128_800r,20260914_201408_ogbn-papers100M_FedAvg_bs128_seed42_beta10000p0,ogbn-papers100M,FedAvg,128,42,10000.0,477,validation,0.279,3.1164,0.279,3.1164,1431,0.10473442077636719,0.10473442077636719,0.5225074291229248,0.627241849899292,303.1258337497711,0.5225074291229248,0.627241849899292,303.1258337497711
nc_papers100m_195trainer_0hop_balanced_local_bs128_800r,20260914_201408_ogbn-papers100M_FedAvg_bs128_seed42_beta10000p0,ogbn-papers100M,FedAvg,128,42,10000.0,478,validation,0.279,3.1154,0.279,3.1154,1434,0.10443544387817383,0.10443544387817383,0.5270287990570068,0.6314642429351807,303.7572979927063,0.5270287990570068,0.6314642429351807,303.7572979927063
nc_papers100m_195trainer_0hop_balanced_local_bs128_800r,20260914_201408_ogbn-papers100M_FedAvg_bs128_seed42_beta10000p0,ogbn-papers100M,FedAvg,128,42,10000.0,479,validation,0.2791,3.1143,0.2791,3.1143,1437,0.10386943817138672,0.10386943817138672,0.5274524688720703,0.631321907043457,304.38861989974976,0.5274524688720703,0.631321907043457,304.38861989974976
nc_papers100m_195trainer_0hop_balanced_local_bs128_800r,20260914_201408_ogbn-papers100M_FedAvg_bs128_seed42_beta10000p0,ogbn-papers100M,FedAvg,128,42,10000.0,480,validation,0.2793,3.1134,0.2793,3.1134,1440,0.10486936569213867,0.10486936569213867,0.5162653923034668,0.6211347579956055,305.00975465774536,0.5162653923034668,0.6211347579956055,305.00975465774536
nc_papers100m_195trainer_0hop_balanced_local_bs128_800r,20260914_201408_ogbn-papers100M_FedAvg_bs128_seed42_beta10000p0,ogbn-papers100M,FedAvg,128,42,10000.0,481,validation,0.2795,3.1121,0.2795,3.1121,1443,0.10540199279785156,0.10540199279785156,0.515740156173706,0.6211421489715576,305.6308968067169,0.515740156173706,0.6211421489715576,305.6308968067169
nc_papers100m_195trainer_0hop_balanced_local_bs128_800r,20260914_201408_ogbn-papers100M_FedAvg_bs128_seed42_beta10000p0,ogbn-papers100M,FedAvg,128,42,10000.0,482,validation,0.2797,3.1108,0.2797,3.1108,1446,0.10465240478515625,0.10465240478515625,0.531327486038208,0.6359798908233643,306.2668766975403,0.531327486038208,0.6359798908233643,306.2668766975403
nc_papers100m_195trainer_0hop_balanced_local_bs128_800r,20260914_201408_ogbn-papers100M_FedAvg_bs128_seed42_beta10000p0,ogbn-papers100M,FedAvg,128,42,10000.0,483,validation,0.2798,3.1095,0.2798,3.1095,1449,0.10655570030212402,0.10655570030212402,0.5197610855102539,0.6263167858123779,306.89319348335266,0.5197610855102539,0.6263167858123779,306.89319348335266
nc_papers100m_195trainer_0hop_balanced_local_bs128_800r,20260914_201408_ogbn-papers100M_FedAvg_bs128_seed42_beta10000p0,ogbn-papers100M,FedAvg,128,42,10000.0,484,validation,0.2801,3.1086,0.2801,3.1086,1452,0.10477805137634277,0.10477805137634277,0.547020673751831,0.6517987251281738,307.54499220848083,0.547020673751831,0.6517987251281738,307.54499220848083
nc_papers100m_195trainer_0hop_balanced_local_bs128_800r,20260914_201408_ogbn-papers100M_FedAvg_bs128_seed42_beta10000p0,ogbn-papers100M,FedAvg,128,42,10000.0,485,validation,0.2803,3.1074,0.2803,3.1074,1455,0.11315536499023438,0.11315536499023438,0.523836612701416,0.6369919776916504,308.1819841861725,0.523836612701416,0.6369919776916504,308.1819841861725
nc_papers100m_195trainer_0hop_balanced_local_bs128_800r,20260914_201408_ogbn-papers100M_FedAvg_bs128_seed42_beta10000p0,ogbn-papers100M,FedAvg,128,42,10000.0,486,validation,0.2803,3.1065,0.2803,3.1065,1458,0.10875344276428223,0.10875344276428223,0.5208642482757568,0.6296176910400391,308.8116018772125,0.5208642482757568,0.6296176910400391,308.8116018772125
nc_papers100m_195trainer_0hop_balanced_local_bs128_800r,20260914_201408_ogbn-papers100M_FedAvg_bs128_seed42_beta10000p0,ogbn-papers100M,FedAvg,128,42,10000.0,487,validation,0.2803,3.1057,0.2803,3.1057,1461,0.10590481758117676,0.10590481758117676,0.5173394680023193,0.6232442855834961,309.434846162796,0.5173394680023193,0.6232442855834961,309.434846162796
nc_papers100m_195trainer_0hop_balanced_local_bs128_800r,20260914_201408_ogbn-papers100M_FedAvg_bs128_seed42_beta10000p0,ogbn-papers100M,FedAvg,128,42,10000.0,488,validation,0.2805,3.1045,0.2805,3.1045,1464,0.10455679893493652,0.10455679893493652,0.5163660049438477,0.6209228038787842,310.0557689666748,0.5163660049438477,0.6209228038787842,310.0557689666748
nc_papers100m_195trainer_0hop_balanced_local_bs128_800r,20260914_201408_ogbn-papers100M_FedAvg_bs128_seed42_beta10000p0,ogbn-papers100M,FedAvg,128,42,10000.0,489,validation,0.2807,3.1038,0.2807,3.1038,1467,0.10467147827148438,0.10467147827148438,0.5277895927429199,0.6324610710144043,310.6882300376892,0.5277895927429199,0.6324610710144043,310.6882300376892
nc_papers100m_195trainer_0hop_balanced_local_bs128_800r,20260914_201408_ogbn-papers100M_FedAvg_bs128_seed42_beta10000p0,ogbn-papers100M,FedAvg,128,42,10000.0,490,validation,0.2808,3.1027,0.2808,3.1027,1470,0.10799765586853027,0.10799765586853027,0.5227553844451904,0.6307530403137207,311.31898307800293,0.5227553844451904,0.6307530403137207,311.31898307800293
nc_papers100m_195trainer_0hop_balanced_local_bs128_800r,20260914_201408_ogbn-papers100M_FedAvg_bs128_seed42_beta10000p0,ogbn-papers100M,FedAvg,128,42,10000.0,491,validation,0.281,3.1012,0.281,3.1012,1473,0.10618376731872559,0.10618376731872559,0.5211973190307617,0.6273810863494873,311.9463641643524,0.5211973190307617,0.6273810863494873,311.9463641643524
nc_papers100m_195trainer_0hop_balanced_local_bs128_800r,20260914_201408_ogbn-papers100M_FedAvg_bs128_seed42_beta10000p0,ogbn-papers100M,FedAvg,128,42,10000.0,492,validation,0.2813,3.0996,0.2813,3.0996,1476,0.10565471649169922,0.10565471649169922,0.5202867984771729,0.6259415149688721,312.5723056793213,0.5202867984771729,0.6259415149688721,312.5723056793213
nc_papers100m_195trainer_0hop_balanced_local_bs128_800r,20260914_201408_ogbn-papers100M_FedAvg_bs128_seed42_beta10000p0,ogbn-papers100M,FedAvg,128,42,10000.0,493,validation,0.2814,3.0983,0.2814,3.0983,1479,0.10616374015808105,0.10616374015808105,0.5282342433929443,0.6343979835510254,313.2067036628723,0.5282342433929443,0.6343979835510254,313.2067036628723
nc_papers100m_195trainer_0hop_balanced_local_bs128_800r,20260914_201408_ogbn-papers100M_FedAvg_bs128_seed42_beta10000p0,ogbn-papers100M,FedAvg,128,42,10000.0,494,validation,0.2814,3.0973,0.2814,3.0973,1482,0.10639500617980957,0.10639500617980957,0.520418643951416,0.6268136501312256,313.83351731300354,0.520418643951416,0.6268136501312256,313.83351731300354
nc_papers100m_195trainer_0hop_balanced_local_bs128_800r,20260914_201408_ogbn-papers100M_FedAvg_bs128_seed42_beta10000p0,ogbn-papers100M,FedAvg,128,42,10000.0,495,validation,0.2817,3.0964,0.2817,3.0964,1485,0.10821342468261719,0.10821342468261719,0.5160024166107178,0.624215841293335,314.4577331542969,0.5160024166107178,0.624215841293335,314.4577331542969
nc_papers100m_195trainer_0hop_balanced_local_bs128_800r,20260914_201408_ogbn-papers100M_FedAvg_bs128_seed42_beta10000p0,ogbn-papers100M,FedAvg,128,42,10000.0,496,validation,0.2819,3.0956,0.2819,3.0956,1488,0.1065514087677002,0.1065514087677002,0.5192914009094238,0.625842809677124,315.083575963974,0.5192914009094238,0.625842809677124,315.083575963974
nc_papers100m_195trainer_0hop_balanced_local_bs128_800r,20260914_201408_ogbn-papers100M_FedAvg_bs128_seed42_beta10000p0,ogbn-papers100M,FedAvg,128,42,10000.0,497,validation,0.2819,3.0944,0.2819,3.0944,1491,0.10642814636230469,0.10642814636230469,0.5353333950042725,0.6417615413665771,315.7253375053406,0.5353333950042725,0.6417615413665771,315.7253375053406
nc_papers100m_195trainer_0hop_balanced_local_bs128_800r,20260914_201408_ogbn-papers100M_FedAvg_bs128_seed42_beta10000p0,ogbn-papers100M,FedAvg,128,42,10000.0,498,validation,0.2822,3.0937,0.2822,3.0937,1494,0.10610055923461914,0.10610055923461914,0.5533416271209717,0.6594421863555908,316.38477969169617,0.5533416271209717,0.6594421863555908,316.38477969169617
nc_papers100m_195trainer_0hop_balanced_local_bs128_800r,20260914_201408_ogbn-papers100M_FedAvg_bs128_seed42_beta10000p0,ogbn-papers100M,FedAvg,128,42,10000.0,499,validation,0.2824,3.0926,0.2824,3.0926,1497,0.10498738288879395,0.10498738288879395,0.5174229145050049,0.6224102973937988,317.00718998908997,0.5174229145050049,0.6224102973937988,317.00718998908997
nc_papers100m_195trainer_0hop_balanced_local_bs128_800r,20260914_201408_ogbn-papers100M_FedAvg_bs128_seed42_beta10000p0,ogbn-papers100M,FedAvg,128,42,10000.0,500,validation,0.2826,3.0912,0.2826,3.0912,1500,0.10723352432250977,0.10723352432250977,0.5225098133087158,0.6297433376312256,317.6369333267212,0.5225098133087158,0.6297433376312256,317.6369333267212
nc_papers100m_195trainer_0hop_balanced_local_bs128_800r,20260914_201408_ogbn-papers100M_FedAvg_bs128_seed42_beta10000p0,ogbn-papers100M,FedAvg,128,42,10000.0,501,validation,0.2826,3.0901,0.2826,3.0901,1503,0.10725808143615723,0.10725808143615723,0.5325672626495361,0.6398253440856934,318.2767586708069,0.5325672626495361,0.6398253440856934,318.2767586708069
nc_papers100m_195trainer_0hop_balanced_local_bs128_800r,20260914_201408_ogbn-papers100M_FedAvg_bs128_seed42_beta10000p0,ogbn-papers100M,FedAvg,128,42,10000.0,502,validation,0.2828,3.0891,0.2828,3.0891,1506,0.10373115539550781,0.10373115539550781,0.5244646072387695,0.6281957626342773,318.90495443344116,0.5244646072387695,0.6281957626342773,318.90495443344116
nc_papers100m_195trainer_0hop_balanced_local_bs128_800r,20260914_201408_ogbn-papers100M_FedAvg_bs128_seed42_beta10000p0,ogbn-papers100M,FedAvg,128,42,10000.0,503,validation,0.2827,3.0879,0.2827,3.0879,1509,0.10551929473876953,0.10551929473876953,0.5137269496917725,0.619246244430542,319.5242006778717,0.5137269496917725,0.619246244430542,319.5242006778717
nc_papers100m_195trainer_0hop_balanced_local_bs128_800r,20260914_201408_ogbn-papers100M_FedAvg_bs128_seed42_beta10000p0,ogbn-papers100M,FedAvg,128,42,10000.0,504,validation,0.283,3.0866,0.283,3.0866,1512,0.11189937591552734,0.11189937591552734,0.5185728073120117,0.6304721832275391,320.15467286109924,0.5185728073120117,0.6304721832275391,320.15467286109924
nc_papers100m_195trainer_0hop_balanced_local_bs128_800r,20260914_201408_ogbn-papers100M_FedAvg_bs128_seed42_beta10000p0,ogbn-papers100M,FedAvg,128,42,10000.0,505,validation,0.2829,3.0856,0.2829,3.0856,1515,0.1078803539276123,0.1078803539276123,0.5256955623626709,0.6335759162902832,320.7882487773895,0.5256955623626709,0.6335759162902832,320.7882487773895
nc_papers100m_195trainer_0hop_balanced_local_bs128_800r,20260914_201408_ogbn-papers100M_FedAvg_bs128_seed42_beta10000p0,ogbn-papers100M,FedAvg,128,42,10000.0,506,validation,0.2831,3.0847,0.2831,3.0847,1518,0.10711193084716797,0.10711193084716797,0.5127823352813721,0.61989426612854,321.40814304351807,0.5127823352813721,0.61989426612854,321.40814304351807
nc_papers100m_195trainer_0hop_balanced_local_bs128_800r,20260914_201408_ogbn-papers100M_FedAvg_bs128_seed42_beta10000p0,ogbn-papers100M,FedAvg,128,42,10000.0,507,validation,0.2834,3.0837,0.2834,3.0837,1521,0.10523772239685059,0.10523772239685059,0.5130171775817871,0.6182548999786377,322.0263979434967,0.5130171775817871,0.6182548999786377,322.0263979434967
nc_papers100m_195trainer_0hop_balanced_local_bs128_800r,20260914_201408_ogbn-papers100M_FedAvg_bs128_seed42_beta10000p0,ogbn-papers100M,FedAvg,128,42,10000.0,508,validation,0.2834,3.0826,0.2834,3.0826,1524,0.10530781745910645,0.10530781745910645,0.5333361625671387,0.6386439800262451,322.66504192352295,0.5333361625671387,0.6386439800262451,322.66504192352295
nc_papers100m_195trainer_0hop_balanced_local_bs128_800r,20260914_201408_ogbn-papers100M_FedAvg_bs128_seed42_beta10000p0,ogbn-papers100M,FedAvg,128,42,10000.0,509,validation,0.2835,3.0818,0.2835,3.0818,1527,0.10440278053283691,0.10440278053283691,0.5273447036743164,0.6317474842071533,323.2967894077301,0.5273447036743164,0.6317474842071533,323.2967894077301
nc_papers100m_195trainer_0hop_balanced_local_bs128_800r,20260914_201408_ogbn-papers100M_FedAvg_bs128_seed42_beta10000p0,ogbn-papers100M,FedAvg,128,42,10000.0,510,validation,0.2838,3.0804,0.2838,3.0804,1530,0.10521483421325684,0.10521483421325684,0.5047938823699951,0.610008716583252,323.90679812431335,0.5047938823699951,0.610008716583252,323.90679812431335
nc_papers100m_195trainer_0hop_balanced_local_bs128_800r,20260914_201408_ogbn-papers100M_FedAvg_bs128_seed42_beta10000p0,ogbn-papers100M,FedAvg,128,42,10000.0,511,validation,0.2842,3.0791,0.2842,3.0791,1533,0.10498404502868652,0.10498404502868652,0.5517041683197021,0.6566882133483887,324.56348633766174,0.5517041683197021,0.6566882133483887,324.56348633766174
nc_papers100m_195trainer_0hop_balanced_local_bs128_800r,20260914_201408_ogbn-papers100M_FedAvg_bs128_seed42_beta10000p0,ogbn-papers100M,FedAvg,128,42,10000.0,512,validation,0.2842,3.0779,0.2842,3.0779,1536,0.10471510887145996,0.10471510887145996,0.5293164253234863,0.6340315341949463,325.1975178718567,0.5293164253234863,0.6340315341949463,325.1975178718567
nc_papers100m_195trainer_0hop_balanced_local_bs128_800r,20260914_201408_ogbn-papers100M_FedAvg_bs128_seed42_beta10000p0,ogbn-papers100M,FedAvg,128,42,10000.0,513,validation,0.2842,3.0771,0.2842,3.0771,1539,0.1043539047241211,0.1043539047241211,0.5257017612457275,0.6300556659698486,325.82757353782654,0.5257017612457275,0.6300556659698486,325.82757353782654
nc_papers100m_195trainer_0hop_balanced_local_bs128_800r,20260914_201408_ogbn-papers100M_FedAvg_bs128_seed42_beta10000p0,ogbn-papers100M,FedAvg,128,42,10000.0,514,validation,0.2847,3.0758,0.2847,3.0758,1542,0.10493159294128418,0.10493159294128418,0.5201034545898438,0.6250350475311279,326.45260858535767,0.5201034545898438,0.6250350475311279,326.45260858535767
nc_papers100m_195trainer_0hop_balanced_local_bs128_800r,20260914_201408_ogbn-papers100M_FedAvg_bs128_seed42_beta10000p0,ogbn-papers100M,FedAvg,128,42,10000.0,515,validation,0.2846,3.0748,0.2846,3.0748,1545,0.1088709831237793,0.1088709831237793,0.5188198089599609,0.6276907920837402,327.0802993774414,0.5188198089599609,0.6276907920837402,327.0802993774414
nc_papers100m_195trainer_0hop_balanced_local_bs128_800r,20260914_201408_ogbn-papers100M_FedAvg_bs128_seed42_beta10000p0,ogbn-papers100M,FedAvg,128,42,10000.0,516,validation,0.2848,3.0741,0.2848,3.0741,1548,0.10519909858703613,0.10519909858703613,0.5273773670196533,0.6325764656066895,327.7128758430481,0.5273773670196533,0.6325764656066895,327.7128758430481
nc_papers100m_195trainer_0hop_balanced_local_bs128_800r,20260914_201408_ogbn-papers100M_FedAvg_bs128_seed42_beta10000p0,ogbn-papers100M,FedAvg,128,42,10000.0,517,validation,0.2848,3.0729,0.2848,3.0729,1551,0.10898280143737793,0.10898280143737793,0.5228559970855713,0.6318387985229492,328.34471464157104,0.5228559970855713,0.6318387985229492,328.34471464157104
nc_papers100m_195trainer_0hop_balanced_local_bs128_800r,20260914_201408_ogbn-papers100M_FedAvg_bs128_seed42_beta10000p0,ogbn-papers100M,FedAvg,128,42,10000.0,518,validation,0.2852,3.0721,0.2852,3.0721,1554,0.10847926139831543,0.10847926139831543,0.5170736312866211,0.6255528926849365,328.970267534256,0.5170736312866211,0.6255528926849365,328.970267534256
nc_papers100m_195trainer_0hop_balanced_local_bs128_800r,20260914_201408_ogbn-papers100M_FedAvg_bs128_seed42_beta10000p0,ogbn-papers100M,FedAvg,128,42,10000.0,519,validation,0.2851,3.0709,0.2851,3.0709,1557,0.10609889030456543,0.10609889030456543,0.5292916297912598,0.6353905200958252,329.6056580543518,0.5292916297912598,0.6353905200958252,329.6056580543518
nc_papers100m_195trainer_0hop_balanced_local_bs128_800r,20260914_201408_ogbn-papers100M_FedAvg_bs128_seed42_beta10000p0,ogbn-papers100M,FedAvg,128,42,10000.0,520,validation,0.2851,3.0698,0.2851,3.0698,1560,0.10542464256286621,0.10542464256286621,0.5306878089904785,0.6361124515533447,330.24177050590515,0.5306878089904785,0.6361124515533447,330.24177050590515
nc_papers100m_195trainer_0hop_balanced_local_bs128_800r,20260914_201408_ogbn-papers100M_FedAvg_bs128_seed42_beta10000p0,ogbn-papers100M,FedAvg,128,42,10000.0,521,validation,0.2852,3.0683,0.2852,3.0683,1563,0.10533499717712402,0.10533499717712402,0.5318453311920166,0.6371803283691406,330.8789508342743,0.5318453311920166,0.6371803283691406,330.8789508342743
nc_papers100m_195trainer_0hop_balanced_local_bs128_800r,20260914_201408_ogbn-papers100M_FedAvg_bs128_seed42_beta10000p0,ogbn-papers100M,FedAvg,128,42,10000.0,522,validation,0.2854,3.0675,0.2854,3.0675,1566,0.10598611831665039,0.10598611831665039,0.5207581520080566,0.626744270324707,331.505695104599,0.5207581520080566,0.626744270324707,331.505695104599
nc_papers100m_195trainer_0hop_balanced_local_bs128_800r,20260914_201408_ogbn-papers100M_FedAvg_bs128_seed42_beta10000p0,ogbn-papers100M,FedAvg,128,42,10000.0,523,validation,0.2857,3.0669,0.2857,3.0669,1569,0.10706543922424316,0.10706543922424316,0.5287292003631592,0.6357946395874023,332.1414897441864,0.5287292003631592,0.6357946395874023,332.1414897441864
nc_papers100m_195trainer_0hop_balanced_local_bs128_800r,20260914_201408_ogbn-papers100M_FedAvg_bs128_seed42_beta10000p0,ogbn-papers100M,FedAvg,128,42,10000.0,524,validation,0.2857,3.066,0.2857,3.066,1572,0.10453367233276367,0.10453367233276367,0.5481104850769043,0.652644157409668,332.79413390159607,0.5481104850769043,0.652644157409668,332.79413390159607
nc_papers100m_195trainer_0hop_balanced_local_bs128_800r,20260914_201408_ogbn-papers100M_FedAvg_bs128_seed42_beta10000p0,ogbn-papers100M,FedAvg,128,42,10000.0,525,validation,0.286,3.0652,0.286,3.0652,1575,0.10721015930175781,0.10721015930175781,0.5242650508880615,0.6314752101898193,333.4256091117859,0.5242650508880615,0.6314752101898193,333.4256091117859
nc_papers100m_195trainer_0hop_balanced_local_bs128_800r,20260914_201408_ogbn-papers100M_FedAvg_bs128_seed42_beta10000p0,ogbn-papers100M,FedAvg,128,42,10000.0,526,validation,0.2863,3.0642,0.2863,3.0642,1578,0.10736083984375,0.10736083984375,0.5209648609161377,0.6283257007598877,334.0539348125458,0.5209648609161377,0.6283257007598877,334.0539348125458
nc_papers100m_195trainer_0hop_balanced_local_bs128_800r,20260914_201408_ogbn-papers100M_FedAvg_bs128_seed42_beta10000p0,ogbn-papers100M,FedAvg,128,42,10000.0,527,validation,0.2861,3.0634,0.2861,3.0634,1581,0.10572576522827148,0.10572576522827148,0.5312514305114746,0.6369771957397461,334.6909120082855,0.5312514305114746,0.6369771957397461,334.6909120082855
nc_papers100m_195trainer_0hop_balanced_local_bs128_800r,20260914_201408_ogbn-papers100M_FedAvg_bs128_seed42_beta10000p0,ogbn-papers100M,FedAvg,128,42,10000.0,528,validation,0.2863,3.0626,0.2863,3.0626,1584,0.10723423957824707,0.10723423957824707,0.5316758155822754,0.6389100551605225,335.32982206344604,0.5316758155822754,0.6389100551605225,335.32982206344604
nc_papers100m_195trainer_0hop_balanced_local_bs128_800r,20260914_201408_ogbn-papers100M_FedAvg_bs128_seed42_beta10000p0,ogbn-papers100M,FedAvg,128,42,10000.0,529,validation,0.2863,3.0615,0.2863,3.0615,1587,0.1073448657989502,0.1073448657989502,0.5279057025909424,0.6352505683898926,335.96507263183594,0.5279057025909424,0.6352505683898926,335.96507263183594
nc_papers100m_195trainer_0hop_balanced_local_bs128_800r,20260914_201408_ogbn-papers100M_FedAvg_bs128_seed42_beta10000p0,ogbn-papers100M,FedAvg,128,42,10000.0,530,validation,0.2866,3.0603,0.2866,3.0603,1590,0.10717391967773438,0.10717391967773438,0.5161120891571045,0.6232860088348389,336.5883586406708,0.5161120891571045,0.6232860088348389,336.5883586406708
nc_papers100m_195trainer_0hop_balanced_local_bs128_800r,20260914_201408_ogbn-papers100M_FedAvg_bs128_seed42_beta10000p0,ogbn-papers100M,FedAvg,128,42,10000.0,531,validation,0.2867,3.059,0.2867,3.059,1593,0.10425615310668945,0.10425615310668945,0.5329647064208984,0.6372208595275879,337.22557950019836,0.5329647064208984,0.6372208595275879,337.22557950019836
nc_papers100m_195trainer_0hop_balanced_local_bs128_800r,20260914_201408_ogbn-papers100M_FedAvg_bs128_seed42_beta10000p0,ogbn-papers100M,FedAvg,128,42,10000.0,532,validation,0.2866,3.0582,0.2866,3.0582,1596,0.10510444641113281,0.10510444641113281,0.5265882015228271,0.63169264793396,337.8572721481323,0.5265882015228271,0.63169264793396,337.8572721481323
nc_papers100m_195trainer_0hop_balanced_local_bs128_800r,20260914_201408_ogbn-papers100M_FedAvg_bs128_seed42_beta10000p0,ogbn-papers100M,FedAvg,128,42,10000.0,533,validation,0.2867,3.0574,0.2867,3.0574,1599,0.1094057559967041,0.1094057559967041,0.5234432220458984,0.6328489780426025,338.4901211261749,0.5234432220458984,0.6328489780426025,338.4901211261749
nc_papers100m_195trainer_0hop_balanced_local_bs128_800r,20260914_201408_ogbn-papers100M_FedAvg_bs128_seed42_beta10000p0,ogbn-papers100M,FedAvg,128,42,10000.0,534,validation,0.2875,3.0566,0.2875,3.0566,1602,0.11428642272949219,0.11428642272949219,0.5246438980102539,0.6389303207397461,339.1290514469147,0.5246438980102539,0.6389303207397461,339.1290514469147
nc_papers100m_195trainer_0hop_balanced_local_bs128_800r,20260914_201408_ogbn-papers100M_FedAvg_bs128_seed42_beta10000p0,ogbn-papers100M,FedAvg,128,42,10000.0,535,validation,0.2874,3.0557,0.2874,3.0557,1605,0.10757732391357422,0.10757732391357422,0.5247397422790527,0.632317066192627,339.7613685131073,0.5247397422790527,0.632317066192627,339.7613685131073
nc_papers100m_195trainer_0hop_balanced_local_bs128_800r,20260914_201408_ogbn-papers100M_FedAvg_bs128_seed42_beta10000p0,ogbn-papers100M,FedAvg,128,42,10000.0,536,validation,0.2874,3.0547,0.2874,3.0547,1608,0.10817790031433105,0.10817790031433105,0.5252318382263184,0.6334097385406494,340.39477825164795,0.5252318382263184,0.6334097385406494,340.39477825164795
nc_papers100m_195trainer_0hop_balanced_local_bs128_800r,20260914_201408_ogbn-papers100M_FedAvg_bs128_seed42_beta10000p0,ogbn-papers100M,FedAvg,128,42,10000.0,537,validation,0.2876,3.0538,0.2876,3.0538,1611,0.10420727729797363,0.10420727729797363,0.5213003158569336,0.6255075931549072,341.02028584480286,0.5213003158569336,0.6255075931549072,341.02028584480286
nc_papers100m_195trainer_0hop_balanced_local_bs128_800r,20260914_201408_ogbn-papers100M_FedAvg_bs128_seed42_beta10000p0,ogbn-papers100M,FedAvg,128,42,10000.0,538,validation,0.2876,3.0534,0.2876,3.0534,1614,0.10510039329528809,0.10510039329528809,0.5414333343505859,0.646533727645874,341.66681957244873,0.5414333343505859,0.646533727645874,341.66681957244873
nc_papers100m_195trainer_0hop_balanced_local_bs128_800r,20260914_201408_ogbn-papers100M_FedAvg_bs128_seed42_beta10000p0,ogbn-papers100M,FedAvg,128,42,10000.0,539,validation,0.2875,3.0521,0.2875,3.0521,1617,0.10480618476867676,0.10480618476867676,0.5274710655212402,0.632277250289917,342.29909682273865,0.5274710655212402,0.632277250289917,342.29909682273865
nc_papers100m_195trainer_0hop_balanced_local_bs128_800r,20260914_201408_ogbn-papers100M_FedAvg_bs128_seed42_beta10000p0,ogbn-papers100M,FedAvg,128,42,10000.0,540,validation,0.288,3.0511,0.288,3.0511,1620,0.10754656791687012,0.10754656791687012,0.524930477142334,0.6324770450592041,342.93157386779785,0.524930477142334,0.6324770450592041,342.93157386779785
nc_papers100m_195trainer_0hop_balanced_local_bs128_800r,20260914_201408_ogbn-papers100M_FedAvg_bs128_seed42_beta10000p0,ogbn-papers100M,FedAvg,128,42,10000.0,541,validation,0.2882,3.0501,0.2882,3.0501,1623,0.10532546043395996,0.10532546043395996,0.518634557723999,0.623960018157959,343.5555338859558,0.518634557723999,0.623960018157959,343.5555338859558
nc_papers100m_195trainer_0hop_balanced_local_bs128_800r,20260914_201408_ogbn-papers100M_FedAvg_bs128_seed42_beta10000p0,ogbn-papers100M,FedAvg,128,42,10000.0,542,validation,0.2883,3.0487,0.2883,3.0487,1626,0.10606956481933594,0.10606956481933594,0.5222511291503906,0.6283206939697266,344.18385457992554,0.5222511291503906,0.6283206939697266,344.18385457992554
nc_papers100m_195trainer_0hop_balanced_local_bs128_800r,20260914_201408_ogbn-papers100M_FedAvg_bs128_seed42_beta10000p0,ogbn-papers100M,FedAvg,128,42,10000.0,543,validation,0.2882,3.0483,0.2882,3.0483,1629,0.10412430763244629,0.10412430763244629,0.5258820056915283,0.6300063133239746,344.8138608932495,0.5258820056915283,0.6300063133239746,344.8138608932495
nc_papers100m_195trainer_0hop_balanced_local_bs128_800r,20260914_201408_ogbn-papers100M_FedAvg_bs128_seed42_beta10000p0,ogbn-papers100M,FedAvg,128,42,10000.0,544,validation,0.2883,3.0474,0.2883,3.0474,1632,0.10681653022766113,0.10681653022766113,0.5189452171325684,0.6257617473602295,345.43962264060974,0.5189452171325684,0.6257617473602295,345.43962264060974
nc_papers100m_195trainer_0hop_balanced_local_bs128_800r,20260914_201408_ogbn-papers100M_FedAvg_bs128_seed42_beta10000p0,ogbn-papers100M,FedAvg,128,42,10000.0,545,validation,0.2886,3.0461,0.2886,3.0461,1635,0.10542750358581543,0.10542750358581543,0.6958770751953125,0.8013045787811279,346.24092721939087,0.6958770751953125,0.8013045787811279,346.24092721939087
nc_papers100m_195trainer_0hop_balanced_local_bs128_800r,20260914_201408_ogbn-papers100M_FedAvg_bs128_seed42_beta10000p0,ogbn-papers100M,FedAvg,128,42,10000.0,546,validation,0.2885,3.0451,0.2885,3.0451,1638,0.10550761222839355,0.10550761222839355,0.5147116184234619,0.6202192306518555,346.8611464500427,0.5147116184234619,0.6202192306518555,346.8611464500427
nc_papers100m_195trainer_0hop_balanced_local_bs128_800r,20260914_201408_ogbn-papers100M_FedAvg_bs128_seed42_beta10000p0,ogbn-papers100M,FedAvg,128,42,10000.0,547,validation,0.2889,3.0437,0.2889,3.0437,1641,0.10450530052185059,0.10450530052185059,0.5211877822875977,0.6256930828094482,347.4868395328522,0.5211877822875977,0.6256930828094482,347.4868395328522
nc_papers100m_195trainer_0hop_balanced_local_bs128_800r,20260914_201408_ogbn-papers100M_FedAvg_bs128_seed42_beta10000p0,ogbn-papers100M,FedAvg,128,42,10000.0,548,validation,0.2891,3.0429,0.2891,3.0429,1644,0.10599637031555176,0.10599637031555176,0.5169661045074463,0.622962474822998,348.10980200767517,0.5169661045074463,0.622962474822998,348.10980200767517
nc_papers100m_195trainer_0hop_balanced_local_bs128_800r,20260914_201408_ogbn-papers100M_FedAvg_bs128_seed42_beta10000p0,ogbn-papers100M,FedAvg,128,42,10000.0,549,validation,0.2894,3.0418,0.2894,3.0418,1647,0.10524392127990723,0.10524392127990723,0.5200841426849365,0.6253280639648438,348.73513007164,0.5200841426849365,0.6253280639648438,348.73513007164
nc_papers100m_195trainer_0hop_balanced_local_bs128_800r,20260914_201408_ogbn-papers100M_FedAvg_bs128_seed42_beta10000p0,ogbn-papers100M,FedAvg,128,42,10000.0,550,validation,0.2895,3.0402,0.2895,3.0402,1650,0.10557794570922852,0.10557794570922852,0.5253317356109619,0.6309096813201904,349.3660397529602,0.5253317356109619,0.6309096813201904,349.3660397529602
nc_papers100m_195trainer_0hop_balanced_local_bs128_800r,20260914_201408_ogbn-papers100M_FedAvg_bs128_seed42_beta10000p0,ogbn-papers100M,FedAvg,128,42,10000.0,551,validation,0.2896,3.0393,0.2896,3.0393,1653,0.10376811027526855,0.10376811027526855,0.5285606384277344,0.6323287487030029,349.9983685016632,0.5285606384277344,0.6323287487030029,349.9983685016632
nc_papers100m_195trainer_0hop_balanced_local_bs128_800r,20260914_201408_ogbn-papers100M_FedAvg_bs128_seed42_beta10000p0,ogbn-papers100M,FedAvg,128,42,10000.0,552,validation,0.2897,3.0388,0.2897,3.0388,1656,0.1051323413848877,0.1051323413848877,0.5103127956390381,0.6154451370239258,350.61381363868713,0.5103127956390381,0.6154451370239258,350.61381363868713
nc_papers100m_195trainer_0hop_balanced_local_bs128_800r,20260914_201408_ogbn-papers100M_FedAvg_bs128_seed42_beta10000p0,ogbn-papers100M,FedAvg,128,42,10000.0,553,validation,0.2898,3.0381,0.2898,3.0381,1659,0.10471796989440918,0.10471796989440918,0.5199553966522217,0.6246733665466309,351.23848700523376,0.5199553966522217,0.6246733665466309,351.23848700523376
nc_papers100m_195trainer_0hop_balanced_local_bs128_800r,20260914_201408_ogbn-papers100M_FedAvg_bs128_seed42_beta10000p0,ogbn-papers100M,FedAvg,128,42,10000.0,554,validation,0.2899,3.0369,0.2899,3.0369,1662,0.1033635139465332,0.1033635139465332,0.5265252590179443,0.6298887729644775,351.86837577819824,0.5265252590179443,0.6298887729644775,351.86837577819824
nc_papers100m_195trainer_0hop_balanced_local_bs128_800r,20260914_201408_ogbn-papers100M_FedAvg_bs128_seed42_beta10000p0,ogbn-papers100M,FedAvg,128,42,10000.0,555,validation,0.2902,3.0362,0.2902,3.0362,1665,0.10899114608764648,0.10899114608764648,0.5120151042938232,0.6210062503814697,352.4893820285797,0.5120151042938232,0.6210062503814697,352.4893820285797
nc_papers100m_195trainer_0hop_balanced_local_bs128_800r,20260914_201408_ogbn-papers100M_FedAvg_bs128_seed42_beta10000p0,ogbn-papers100M,FedAvg,128,42,10000.0,556,validation,0.2903,3.0355,0.2903,3.0355,1668,0.10702657699584961,0.10702657699584961,0.5187525749206543,0.6257791519165039,353.1151611804962,0.5187525749206543,0.6257791519165039,353.1151611804962
nc_papers100m_195trainer_0hop_balanced_local_bs128_800r,20260914_201408_ogbn-papers100M_FedAvg_bs128_seed42_beta10000p0,ogbn-papers100M,FedAvg,128,42,10000.0,557,validation,0.2905,3.0351,0.2905,3.0351,1671,0.10933804512023926,0.10933804512023926,0.5227887630462646,0.6321268081665039,353.7472879886627,0.5227887630462646,0.6321268081665039,353.7472879886627
nc_papers100m_195trainer_0hop_balanced_local_bs128_800r,20260914_201408_ogbn-papers100M_FedAvg_bs128_seed42_beta10000p0,ogbn-papers100M,FedAvg,128,42,10000.0,558,validation,0.2903,3.0342,0.2903,3.0342,1674,0.10315275192260742,0.10315275192260742,0.5198965072631836,0.623049259185791,354.3703372478485,0.5198965072631836,0.623049259185791,354.3703372478485
nc_papers100m_195trainer_0hop_balanced_local_bs128_800r,20260914_201408_ogbn-papers100M_FedAvg_bs128_seed42_beta10000p0,ogbn-papers100M,FedAvg,128,42,10000.0,559,validation,0.2903,3.0328,0.2903,3.0328,1677,0.10514521598815918,0.10514521598815918,0.5180184841156006,0.6231637001037598,354.99350094795227,0.5180184841156006,0.6231637001037598,354.99350094795227
nc_papers100m_195trainer_0hop_balanced_local_bs128_800r,20260914_201408_ogbn-papers100M_FedAvg_bs128_seed42_beta10000p0,ogbn-papers100M,FedAvg,128,42,10000.0,560,validation,0.2906,3.0318,0.2906,3.0318,1680,0.10599136352539062,0.10599136352539062,0.5172169208526611,0.6232082843780518,355.6167092323303,0.5172169208526611,0.6232082843780518,355.6167092323303
nc_papers100m_195trainer_0hop_balanced_local_bs128_800r,20260914_201408_ogbn-papers100M_FedAvg_bs128_seed42_beta10000p0,ogbn-papers100M,FedAvg,128,42,10000.0,561,validation,0.2908,3.0307,0.2908,3.0307,1683,0.11605119705200195,0.11605119705200195,0.5299649238586426,0.6460161209106445,356.26272535324097,0.5299649238586426,0.6460161209106445,356.26272535324097
nc_papers100m_195trainer_0hop_balanced_local_bs128_800r,20260914_201408_ogbn-papers100M_FedAvg_bs128_seed42_beta10000p0,ogbn-papers100M,FedAvg,128,42,10000.0,562,validation,0.2909,3.0297,0.2909,3.0297,1686,0.1044774055480957,0.1044774055480957,0.5271017551422119,0.6315791606903076,356.8943045139313,0.5271017551422119,0.6315791606903076,356.8943045139313
nc_papers100m_195trainer_0hop_balanced_local_bs128_800r,20260914_201408_ogbn-papers100M_FedAvg_bs128_seed42_beta10000p0,ogbn-papers100M,FedAvg,128,42,10000.0,563,validation,0.2914,3.0293,0.2914,3.0293,1689,0.10563182830810547,0.10563182830810547,0.5174899101257324,0.6231217384338379,357.5174262523651,0.5174899101257324,0.6231217384338379,357.5174262523651
nc_papers100m_195trainer_0hop_balanced_local_bs128_800r,20260914_201408_ogbn-papers100M_FedAvg_bs128_seed42_beta10000p0,ogbn-papers100M,FedAvg,128,42,10000.0,564,validation,0.2916,3.0283,0.2916,3.0283,1692,0.10697221755981445,0.10697221755981445,0.5718412399291992,0.6788134574890137,358.1962397098541,0.5718412399291992,0.6788134574890137,358.1962397098541
nc_papers100m_195trainer_0hop_balanced_local_bs128_800r,20260914_201408_ogbn-papers100M_FedAvg_bs128_seed42_beta10000p0,ogbn-papers100M,FedAvg,128,42,10000.0,565,validation,0.2915,3.0278,0.2915,3.0278,1695,0.10424685478210449,0.10424685478210449,0.5378050804138184,0.6420519351959229,358.83829164505005,0.5378050804138184,0.6420519351959229,358.83829164505005
nc_papers100m_195trainer_0hop_balanced_local_bs128_800r,20260914_201408_ogbn-papers100M_FedAvg_bs128_seed42_beta10000p0,ogbn-papers100M,FedAvg,128,42,10000.0,566,validation,0.2916,3.0272,0.2916,3.0272,1698,0.10950398445129395,0.10950398445129395,0.5285601615905762,0.6380641460418701,359.4763557910919,0.5285601615905762,0.6380641460418701,359.4763557910919
nc_papers100m_195trainer_0hop_balanced_local_bs128_800r,20260914_201408_ogbn-papers100M_FedAvg_bs128_seed42_beta10000p0,ogbn-papers100M,FedAvg,128,42,10000.0,567,validation,0.2917,3.0265,0.2917,3.0265,1701,0.10811161994934082,0.10811161994934082,0.5099482536315918,0.6180598735809326,360.09441566467285,0.5099482536315918,0.6180598735809326,360.09441566467285
nc_papers100m_195trainer_0hop_balanced_local_bs128_800r,20260914_201408_ogbn-papers100M_FedAvg_bs128_seed42_beta10000p0,ogbn-papers100M,FedAvg,128,42,10000.0,568,validation,0.2918,3.0256,0.2918,3.0256,1704,0.1049494743347168,0.1049494743347168,0.5242111682891846,0.6291606426239014,360.72357630729675,0.5242111682891846,0.6291606426239014,360.72357630729675
nc_papers100m_195trainer_0hop_balanced_local_bs128_800r,20260914_201408_ogbn-papers100M_FedAvg_bs128_seed42_beta10000p0,ogbn-papers100M,FedAvg,128,42,10000.0,569,validation,0.292,3.0244,0.292,3.0244,1707,0.1054236888885498,0.1054236888885498,0.5398173332214355,0.6452410221099854,361.36881732940674,0.5398173332214355,0.6452410221099854,361.36881732940674
nc_papers100m_195trainer_0hop_balanced_local_bs128_800r,20260914_201408_ogbn-papers100M_FedAvg_bs128_seed42_beta10000p0,ogbn-papers100M,FedAvg,128,42,10000.0,570,validation,0.2922,3.023,0.2922,3.023,1710,0.10384559631347656,0.10384559631347656,0.5233421325683594,0.6271877288818359,361.9960050582886,0.5233421325683594,0.6271877288818359,361.9960050582886
nc_papers100m_195trainer_0hop_balanced_local_bs128_800r,20260914_201408_ogbn-papers100M_FedAvg_bs128_seed42_beta10000p0,ogbn-papers100M,FedAvg,128,42,10000.0,571,validation,0.2925,3.0218,0.2925,3.0218,1713,0.10661959648132324,0.10661959648132324,0.5128262042999268,0.61944580078125,362.6154508590698,0.5128262042999268,0.61944580078125,362.6154508590698
nc_papers100m_195trainer_0hop_balanced_local_bs128_800r,20260914_201408_ogbn-papers100M_FedAvg_bs128_seed42_beta10000p0,ogbn-papers100M,FedAvg,128,42,10000.0,572,validation,0.2926,3.0207,0.2926,3.0207,1716,0.10608625411987305,0.10608625411987305,0.5208640098571777,0.6269502639770508,363.2424011230469,0.5208640098571777,0.6269502639770508,363.2424011230469
nc_papers100m_195trainer_0hop_balanced_local_bs128_800r,20260914_201408_ogbn-papers100M_FedAvg_bs128_seed42_beta10000p0,ogbn-papers100M,FedAvg,128,42,10000.0,573,validation,0.2925,3.0204,0.2925,3.0204,1719,0.10488224029541016,0.10488224029541016,0.5274324417114258,0.6323146820068359,363.8747158050537,0.5274324417114258,0.6323146820068359,363.8747158050537
nc_papers100m_195trainer_0hop_balanced_local_bs128_800r,20260914_201408_ogbn-papers100M_FedAvg_bs128_seed42_beta10000p0,ogbn-papers100M,FedAvg,128,42,10000.0,574,validation,0.2925,3.0202,0.2925,3.0202,1722,0.1043400764465332,0.1043400764465332,0.5230603218078613,0.6274003982543945,364.5021162033081,0.5230603218078613,0.6274003982543945,364.5021162033081
nc_papers100m_195trainer_0hop_balanced_local_bs128_800r,20260914_201408_ogbn-papers100M_FedAvg_bs128_seed42_beta10000p0,ogbn-papers100M,FedAvg,128,42,10000.0,575,validation,0.2928,3.0191,0.2928,3.0191,1725,0.10770559310913086,0.10770559310913086,0.511354923248291,0.6190605163574219,365.1211767196655,0.511354923248291,0.6190605163574219,365.1211767196655
nc_papers100m_195trainer_0hop_balanced_local_bs128_800r,20260914_201408_ogbn-papers100M_FedAvg_bs128_seed42_beta10000p0,ogbn-papers100M,FedAvg,128,42,10000.0,576,validation,0.2928,3.0179,0.2928,3.0179,1728,0.11139249801635742,0.11139249801635742,0.5218708515167236,0.633263349533081,365.7544400691986,0.5218708515167236,0.633263349533081,365.7544400691986
nc_papers100m_195trainer_0hop_balanced_local_bs128_800r,20260914_201408_ogbn-papers100M_FedAvg_bs128_seed42_beta10000p0,ogbn-papers100M,FedAvg,128,42,10000.0,577,validation,0.2932,3.0164,0.2932,3.0164,1731,0.10732126235961914,0.10732126235961914,0.5455281734466553,0.6528494358062744,366.4072895050049,0.5455281734466553,0.6528494358062744,366.4072895050049
nc_papers100m_195trainer_0hop_balanced_local_bs128_800r,20260914_201408_ogbn-papers100M_FedAvg_bs128_seed42_beta10000p0,ogbn-papers100M,FedAvg,128,42,10000.0,578,validation,0.2933,3.0156,0.2933,3.0156,1734,0.10428881645202637,0.10428881645202637,0.5268700122833252,0.6311588287353516,367.03844833374023,0.5268700122833252,0.6311588287353516,367.03844833374023
nc_papers100m_195trainer_0hop_balanced_local_bs128_800r,20260914_201408_ogbn-papers100M_FedAvg_bs128_seed42_beta10000p0,ogbn-papers100M,FedAvg,128,42,10000.0,579,validation,0.2936,3.0149,0.2936,3.0149,1737,0.10456109046936035,0.10456109046936035,0.5087790489196777,0.6133401393890381,367.6517884731293,0.5087790489196777,0.6133401393890381,367.6517884731293
nc_papers100m_195trainer_0hop_balanced_local_bs128_800r,20260914_201408_ogbn-papers100M_FedAvg_bs128_seed42_beta10000p0,ogbn-papers100M,FedAvg,128,42,10000.0,580,validation,0.2936,3.0144,0.2936,3.0144,1740,0.10437393188476562,0.10437393188476562,0.5290300846099854,0.633404016494751,368.285192489624,0.5290300846099854,0.633404016494751,368.285192489624
nc_papers100m_195trainer_0hop_balanced_local_bs128_800r,20260914_201408_ogbn-papers100M_FedAvg_bs128_seed42_beta10000p0,ogbn-papers100M,FedAvg,128,42,10000.0,581,validation,0.294,3.0129,0.294,3.0129,1743,0.10716891288757324,0.10716891288757324,0.5344827175140381,0.6416516304016113,368.92684412002563,0.5344827175140381,0.6416516304016113,368.92684412002563
nc_papers100m_195trainer_0hop_balanced_local_bs128_800r,20260914_201408_ogbn-papers100M_FedAvg_bs128_seed42_beta10000p0,ogbn-papers100M,FedAvg,128,42,10000.0,582,validation,0.2942,3.0116,0.2942,3.0116,1746,0.10832977294921875,0.10832977294921875,0.5221354961395264,0.6304652690887451,369.5573093891144,0.5221354961395264,0.6304652690887451,369.5573093891144
nc_papers100m_195trainer_0hop_balanced_local_bs128_800r,20260914_201408_ogbn-papers100M_FedAvg_bs128_seed42_beta10000p0,ogbn-papers100M,FedAvg,128,42,10000.0,583,validation,0.2943,3.0107,0.2943,3.0107,1749,0.1085660457611084,0.1085660457611084,0.5164680480957031,0.6250340938568115,370.1823434829712,0.5164680480957031,0.6250340938568115,370.1823434829712
nc_papers100m_195trainer_0hop_balanced_local_bs128_800r,20260914_201408_ogbn-papers100M_FedAvg_bs128_seed42_beta10000p0,ogbn-papers100M,FedAvg,128,42,10000.0,584,validation,0.2941,3.0104,0.2941,3.0104,1752,0.1039276123046875,0.1039276123046875,0.5312728881835938,0.6352005004882812,370.8175439834595,0.5312728881835938,0.6352005004882812,370.8175439834595
nc_papers100m_195trainer_0hop_balanced_local_bs128_800r,20260914_201408_ogbn-papers100M_FedAvg_bs128_seed42_beta10000p0,ogbn-papers100M,FedAvg,128,42,10000.0,585,validation,0.2943,3.0097,0.2943,3.0097,1755,0.1056053638458252,0.1056053638458252,0.5328917503356934,0.6384971141815186,371.456041097641,0.5328917503356934,0.6384971141815186,371.456041097641
nc_papers100m_195trainer_0hop_balanced_local_bs128_800r,20260914_201408_ogbn-papers100M_FedAvg_bs128_seed42_beta10000p0,ogbn-papers100M,FedAvg,128,42,10000.0,586,validation,0.2945,3.0089,0.2945,3.0089,1758,0.10588574409484863,0.10588574409484863,0.5133030414581299,0.6191887855529785,372.07522988319397,0.5133030414581299,0.6191887855529785,372.07522988319397
nc_papers100m_195trainer_0hop_balanced_local_bs128_800r,20260914_201408_ogbn-papers100M_FedAvg_bs128_seed42_beta10000p0,ogbn-papers100M,FedAvg,128,42,10000.0,587,validation,0.2949,3.0074,0.2949,3.0074,1761,0.1046442985534668,0.1046442985534668,0.5255570411682129,0.6302013397216797,372.70543122291565,0.5255570411682129,0.6302013397216797,372.70543122291565
nc_papers100m_195trainer_0hop_balanced_local_bs128_800r,20260914_201408_ogbn-papers100M_FedAvg_bs128_seed42_beta10000p0,ogbn-papers100M,FedAvg,128,42,10000.0,588,validation,0.2947,3.0068,0.2947,3.0068,1764,0.10692000389099121,0.10692000389099121,0.534116268157959,0.6410362720489502,373.3464674949646,0.534116268157959,0.6410362720489502,373.3464674949646
nc_papers100m_195trainer_0hop_balanced_local_bs128_800r,20260914_201408_ogbn-papers100M_FedAvg_bs128_seed42_beta10000p0,ogbn-papers100M,FedAvg,128,42,10000.0,589,validation,0.2949,3.0053,0.2949,3.0053,1767,0.10455155372619629,0.10455155372619629,0.5306520462036133,0.6352035999298096,373.9816710948944,0.5306520462036133,0.6352035999298096,373.9816710948944
nc_papers100m_195trainer_0hop_balanced_local_bs128_800r,20260914_201408_ogbn-papers100M_FedAvg_bs128_seed42_beta10000p0,ogbn-papers100M,FedAvg,128,42,10000.0,590,validation,0.2951,3.0043,0.2951,3.0043,1770,0.10591316223144531,0.10591316223144531,0.5228273868560791,0.6287405490875244,374.61041164398193,0.5228273868560791,0.6287405490875244,374.61041164398193
nc_papers100m_195trainer_0hop_balanced_local_bs128_800r,20260914_201408_ogbn-papers100M_FedAvg_bs128_seed42_beta10000p0,ogbn-papers100M,FedAvg,128,42,10000.0,591,validation,0.2955,3.0035,0.2955,3.0035,1773,0.10376119613647461,0.10376119613647461,0.5312862396240234,0.635047435760498,375.24545907974243,0.5312862396240234,0.635047435760498,375.24545907974243
nc_papers100m_195trainer_0hop_balanced_local_bs128_800r,20260914_201408_ogbn-papers100M_FedAvg_bs128_seed42_beta10000p0,ogbn-papers100M,FedAvg,128,42,10000.0,592,validation,0.2953,3.003,0.2953,3.003,1776,0.10692119598388672,0.10692119598388672,0.5337471961975098,0.6406683921813965,375.8861274719238,0.5337471961975098,0.6406683921813965,375.8861274719238
nc_papers100m_195trainer_0hop_balanced_local_bs128_800r,20260914_201408_ogbn-papers100M_FedAvg_bs128_seed42_beta10000p0,ogbn-papers100M,FedAvg,128,42,10000.0,593,validation,0.2954,3.002,0.2954,3.002,1779,0.11230039596557617,0.11230039596557617,0.5262026786804199,0.6385030746459961,376.5246305465698,0.5262026786804199,0.6385030746459961,376.5246305465698
nc_papers100m_195trainer_0hop_balanced_local_bs128_800r,20260914_201408_ogbn-papers100M_FedAvg_bs128_seed42_beta10000p0,ogbn-papers100M,FedAvg,128,42,10000.0,594,validation,0.2958,3.0014,0.2958,3.0014,1782,0.10537314414978027,0.10537314414978027,0.5106813907623291,0.6160545349121094,377.14068508148193,0.5106813907623291,0.6160545349121094,377.14068508148193
nc_papers100m_195trainer_0hop_balanced_local_bs128_800r,20260914_201408_ogbn-papers100M_FedAvg_bs128_seed42_beta10000p0,ogbn-papers100M,FedAvg,128,42,10000.0,595,validation,0.2959,3.0003,0.2959,3.0003,1785,0.10773181915283203,0.10773181915283203,0.5225424766540527,0.6302742958068848,377.7709593772888,0.5225424766540527,0.6302742958068848,377.7709593772888
nc_papers100m_195trainer_0hop_balanced_local_bs128_800r,20260914_201408_ogbn-papers100M_FedAvg_bs128_seed42_beta10000p0,ogbn-papers100M,FedAvg,128,42,10000.0,596,validation,0.296,2.9995,0.296,2.9995,1788,0.10753846168518066,0.10753846168518066,0.5280139446258545,0.6355524063110352,378.40651178359985,0.5280139446258545,0.6355524063110352,378.40651178359985
nc_papers100m_195trainer_0hop_balanced_local_bs128_800r,20260914_201408_ogbn-papers100M_FedAvg_bs128_seed42_beta10000p0,ogbn-papers100M,FedAvg,128,42,10000.0,597,validation,0.2962,2.9989,0.2962,2.9989,1791,0.10534954071044922,0.10534954071044922,0.5184588432312012,0.6238083839416504,379.0303201675415,0.5184588432312012,0.6238083839416504,379.0303201675415
nc_papers100m_195trainer_0hop_balanced_local_bs128_800r,20260914_201408_ogbn-papers100M_FedAvg_bs128_seed42_beta10000p0,ogbn-papers100M,FedAvg,128,42,10000.0,598,validation,0.2959,2.9985,0.2959,2.9985,1794,0.10618877410888672,0.10618877410888672,0.5288732051849365,0.6350619792938232,379.6653821468353,0.5288732051849365,0.6350619792938232,379.6653821468353
nc_papers100m_195trainer_0hop_balanced_local_bs128_800r,20260914_201408_ogbn-papers100M_FedAvg_bs128_seed42_beta10000p0,ogbn-papers100M,FedAvg,128,42,10000.0,599,validation,0.2961,2.9973,0.2961,2.9973,1797,0.10830140113830566,0.10830140113830566,0.5318989753723145,0.6402003765106201,380.30558252334595,0.5318989753723145,0.6402003765106201,380.30558252334595
nc_papers100m_195trainer_0hop_balanced_local_bs128_800r,20260914_201408_ogbn-papers100M_FedAvg_bs128_seed42_beta10000p0,ogbn-papers100M,FedAvg,128,42,10000.0,600,validation,0.2961,2.9966,0.2961,2.9966,1800,0.10887265205383301,0.10887265205383301,0.5298094749450684,0.6386821269989014,380.94426465034485,0.5298094749450684,0.6386821269989014,380.94426465034485
nc_papers100m_195trainer_0hop_balanced_local_bs128_800r,20260914_201408_ogbn-papers100M_FedAvg_bs128_seed42_beta10000p0,ogbn-papers100M,FedAvg,128,42,10000.0,601,validation,0.2962,2.9959,0.2962,2.9959,1803,0.10647368431091309,0.10647368431091309,0.5285303592681885,0.6350040435791016,381.57926869392395,0.5285303592681885,0.6350040435791016,381.57926869392395
nc_papers100m_195trainer_0hop_balanced_local_bs128_800r,20260914_201408_ogbn-papers100M_FedAvg_bs128_seed42_beta10000p0,ogbn-papers100M,FedAvg,128,42,10000.0,602,validation,0.2966,2.9948,0.2966,2.9948,1806,0.1040639877319336,0.1040639877319336,0.5218544006347656,0.6259183883666992,382.20518708229065,0.5218544006347656,0.6259183883666992,382.20518708229065
nc_papers100m_195trainer_0hop_balanced_local_bs128_800r,20260914_201408_ogbn-papers100M_FedAvg_bs128_seed42_beta10000p0,ogbn-papers100M,FedAvg,128,42,10000.0,603,validation,0.2969,2.9937,0.2969,2.9937,1809,0.10290312767028809,0.10290312767028809,0.5276331901550293,0.6305363178253174,382.83572340011597,0.5276331901550293,0.6305363178253174,382.83572340011597
nc_papers100m_195trainer_0hop_balanced_local_bs128_800r,20260914_201408_ogbn-papers100M_FedAvg_bs128_seed42_beta10000p0,ogbn-papers100M,FedAvg,128,42,10000.0,604,validation,0.2968,2.9924,0.2968,2.9924,1812,0.10388016700744629,0.10388016700744629,0.5490825176239014,0.6529626846313477,383.4886860847473,0.5490825176239014,0.6529626846313477,383.4886860847473
nc_papers100m_195trainer_0hop_balanced_local_bs128_800r,20260914_201408_ogbn-papers100M_FedAvg_bs128_seed42_beta10000p0,ogbn-papers100M,FedAvg,128,42,10000.0,605,validation,0.2967,2.9916,0.2967,2.9916,1815,0.10723114013671875,0.10723114013671875,0.528649091720581,0.6358802318572998,384.1245663166046,0.528649091720581,0.6358802318572998,384.1245663166046
nc_papers100m_195trainer_0hop_balanced_local_bs128_800r,20260914_201408_ogbn-papers100M_FedAvg_bs128_seed42_beta10000p0,ogbn-papers100M,FedAvg,128,42,10000.0,606,validation,0.2972,2.9905,0.2972,2.9905,1818,0.1053152084350586,0.1053152084350586,0.5189328193664551,0.6242480278015137,384.7488143444061,0.5189328193664551,0.6242480278015137,384.7488143444061
nc_papers100m_195trainer_0hop_balanced_local_bs128_800r,20260914_201408_ogbn-papers100M_FedAvg_bs128_seed42_beta10000p0,ogbn-papers100M,FedAvg,128,42,10000.0,607,validation,0.2973,2.9899,0.2973,2.9899,1821,0.10529303550720215,0.10529303550720215,0.5301141738891602,0.6354072093963623,385.3842215538025,0.5301141738891602,0.6354072093963623,385.3842215538025
nc_papers100m_195trainer_0hop_balanced_local_bs128_800r,20260914_201408_ogbn-papers100M_FedAvg_bs128_seed42_beta10000p0,ogbn-papers100M,FedAvg,128,42,10000.0,608,validation,0.2975,2.989,0.2975,2.989,1824,0.10459256172180176,0.10459256172180176,0.5279433727264404,0.6325359344482422,386.01675748825073,0.5279433727264404,0.6325359344482422,386.01675748825073
nc_papers100m_195trainer_0hop_balanced_local_bs128_800r,20260914_201408_ogbn-papers100M_FedAvg_bs128_seed42_beta10000p0,ogbn-papers100M,FedAvg,128,42,10000.0,609,validation,0.2976,2.988,0.2976,2.988,1827,0.10343503952026367,0.10343503952026367,0.5246486663818359,0.6280837059020996,386.64484119415283,0.5246486663818359,0.6280837059020996,386.64484119415283
nc_papers100m_195trainer_0hop_balanced_local_bs128_800r,20260914_201408_ogbn-papers100M_FedAvg_bs128_seed42_beta10000p0,ogbn-papers100M,FedAvg,128,42,10000.0,610,validation,0.2979,2.9874,0.2979,2.9874,1830,0.1091008186340332,0.1091008186340332,0.5241975784301758,0.633298397064209,387.27813959121704,0.5241975784301758,0.633298397064209,387.27813959121704
nc_papers100m_195trainer_0hop_balanced_local_bs128_800r,20260914_201408_ogbn-papers100M_FedAvg_bs128_seed42_beta10000p0,ogbn-papers100M,FedAvg,128,42,10000.0,611,validation,0.2978,2.9863,0.2978,2.9863,1833,0.1068563461303711,0.1068563461303711,0.540719747543335,0.647576093673706,387.92571568489075,0.540719747543335,0.647576093673706,387.92571568489075
nc_papers100m_195trainer_0hop_balanced_local_bs128_800r,20260914_201408_ogbn-papers100M_FedAvg_bs128_seed42_beta10000p0,ogbn-papers100M,FedAvg,128,42,10000.0,612,validation,0.298,2.9854,0.298,2.9854,1836,0.10750031471252441,0.10750031471252441,0.5276589393615723,0.6351592540740967,388.56087493896484,0.5276589393615723,0.6351592540740967,388.56087493896484
nc_papers100m_195trainer_0hop_balanced_local_bs128_800r,20260914_201408_ogbn-papers100M_FedAvg_bs128_seed42_beta10000p0,ogbn-papers100M,FedAvg,128,42,10000.0,613,validation,0.2987,2.9846,0.2987,2.9846,1839,0.10391497611999512,0.10391497611999512,0.5286810398101807,0.6325960159301758,389.193470954895,0.5286810398101807,0.6325960159301758,389.193470954895
nc_papers100m_195trainer_0hop_balanced_local_bs128_800r,20260914_201408_ogbn-papers100M_FedAvg_bs128_seed42_beta10000p0,ogbn-papers100M,FedAvg,128,42,10000.0,614,validation,0.2987,2.984,0.2987,2.984,1842,0.11059975624084473,0.11059975624084473,0.5317919254302979,0.6423916816711426,389.83586263656616,0.5317919254302979,0.6423916816711426,389.83586263656616
nc_papers100m_195trainer_0hop_balanced_local_bs128_800r,20260914_201408_ogbn-papers100M_FedAvg_bs128_seed42_beta10000p0,ogbn-papers100M,FedAvg,128,42,10000.0,615,validation,0.2987,2.9834,0.2987,2.9834,1845,0.10655522346496582,0.10655522346496582,0.5298178195953369,0.6363730430603027,390.47223567962646,0.5298178195953369,0.6363730430603027,390.47223567962646
nc_papers100m_195trainer_0hop_balanced_local_bs128_800r,20260914_201408_ogbn-papers100M_FedAvg_bs128_seed42_beta10000p0,ogbn-papers100M,FedAvg,128,42,10000.0,616,validation,0.2986,2.9828,0.2986,2.9828,1848,0.10639619827270508,0.10639619827270508,0.5310091972351074,0.6374053955078125,391.1096410751343,0.5310091972351074,0.6374053955078125,391.1096410751343
nc_papers100m_195trainer_0hop_balanced_local_bs128_800r,20260914_201408_ogbn-papers100M_FedAvg_bs128_seed42_beta10000p0,ogbn-papers100M,FedAvg,128,42,10000.0,617,validation,0.2988,2.9824,0.2988,2.9824,1851,0.10587716102600098,0.10587716102600098,0.5375111103057861,0.6433882713317871,391.75302934646606,0.5375111103057861,0.6433882713317871,391.75302934646606
nc_papers100m_195trainer_0hop_balanced_local_bs128_800r,20260914_201408_ogbn-papers100M_FedAvg_bs128_seed42_beta10000p0,ogbn-papers100M,FedAvg,128,42,10000.0,618,validation,0.299,2.9816,0.299,2.9816,1854,0.10790109634399414,0.10790109634399414,0.5207982063293457,0.6286993026733398,392.3817286491394,0.5207982063293457,0.6286993026733398,392.3817286491394
nc_papers100m_195trainer_0hop_balanced_local_bs128_800r,20260914_201408_ogbn-papers100M_FedAvg_bs128_seed42_beta10000p0,ogbn-papers100M,FedAvg,128,42,10000.0,619,validation,0.299,2.9809,0.299,2.9809,1857,0.1033477783203125,0.1033477783203125,0.519472599029541,0.6228203773498535,393.00454902648926,0.519472599029541,0.6228203773498535,393.00454902648926
nc_papers100m_195trainer_0hop_balanced_local_bs128_800r,20260914_201408_ogbn-papers100M_FedAvg_bs128_seed42_beta10000p0,ogbn-papers100M,FedAvg,128,42,10000.0,620,validation,0.2991,2.98,0.2991,2.98,1860,0.10620498657226562,0.10620498657226562,0.5187091827392578,0.6249141693115234,393.6294631958008,0.5187091827392578,0.6249141693115234,393.6294631958008
nc_papers100m_195trainer_0hop_balanced_local_bs128_800r,20260914_201408_ogbn-papers100M_FedAvg_bs128_seed42_beta10000p0,ogbn-papers100M,FedAvg,128,42,10000.0,621,validation,0.2995,2.9791,0.2995,2.9791,1863,0.10543251037597656,0.10543251037597656,0.5164494514465332,0.6218819618225098,394.2513451576233,0.5164494514465332,0.6218819618225098,394.2513451576233
nc_papers100m_195trainer_0hop_balanced_local_bs128_800r,20260914_201408_ogbn-papers100M_FedAvg_bs128_seed42_beta10000p0,ogbn-papers100M,FedAvg,128,42,10000.0,622,validation,0.2998,2.9779,0.2998,2.9779,1866,0.10472249984741211,0.10472249984741211,0.5302138328552246,0.6349363327026367,394.8862814903259,0.5302138328552246,0.6349363327026367,394.8862814903259
nc_papers100m_195trainer_0hop_balanced_local_bs128_800r,20260914_201408_ogbn-papers100M_FedAvg_bs128_seed42_beta10000p0,ogbn-papers100M,FedAvg,128,42,10000.0,623,validation,0.2998,2.9771,0.2998,2.9771,1869,0.10403633117675781,0.10403633117675781,0.5204465389251709,0.6244828701019287,395.51076436042786,0.5204465389251709,0.6244828701019287,395.51076436042786
nc_papers100m_195trainer_0hop_balanced_local_bs128_800r,20260914_201408_ogbn-papers100M_FedAvg_bs128_seed42_beta10000p0,ogbn-papers100M,FedAvg,128,42,10000.0,624,validation,0.2996,2.9765,0.2996,2.9765,1872,0.1041874885559082,0.1041874885559082,0.52266526222229,0.6268527507781982,396.13761711120605,0.52266526222229,0.6268527507781982,396.13761711120605
nc_papers100m_195trainer_0hop_balanced_local_bs128_800r,20260914_201408_ogbn-papers100M_FedAvg_bs128_seed42_beta10000p0,ogbn-papers100M,FedAvg,128,42,10000.0,625,validation,0.2999,2.9758,0.2999,2.9758,1875,0.10754776000976562,0.10754776000976562,0.5295765399932861,0.6371243000030518,396.7747414112091,0.5295765399932861,0.6371243000030518,396.7747414112091
nc_papers100m_195trainer_0hop_balanced_local_bs128_800r,20260914_201408_ogbn-papers100M_FedAvg_bs128_seed42_beta10000p0,ogbn-papers100M,FedAvg,128,42,10000.0,626,validation,0.3001,2.9751,0.3001,2.9751,1878,0.10484552383422852,0.10484552383422852,0.5382616519927979,0.6431071758270264,397.41784858703613,0.5382616519927979,0.6431071758270264,397.41784858703613
nc_papers100m_195trainer_0hop_balanced_local_bs128_800r,20260914_201408_ogbn-papers100M_FedAvg_bs128_seed42_beta10000p0,ogbn-papers100M,FedAvg,128,42,10000.0,627,validation,0.3001,2.9745,0.3001,2.9745,1881,0.10471820831298828,0.10471820831298828,0.5296871662139893,0.6344053745269775,398.0522539615631,0.5296871662139893,0.6344053745269775,398.0522539615631
nc_papers100m_195trainer_0hop_balanced_local_bs128_800r,20260914_201408_ogbn-papers100M_FedAvg_bs128_seed42_beta10000p0,ogbn-papers100M,FedAvg,128,42,10000.0,628,validation,0.3005,2.9736,0.3005,2.9736,1884,0.10449385643005371,0.10449385643005371,0.5274887084960938,0.6319825649261475,398.68423652648926,0.5274887084960938,0.6319825649261475,398.68423652648926
nc_papers100m_195trainer_0hop_balanced_local_bs128_800r,20260914_201408_ogbn-papers100M_FedAvg_bs128_seed42_beta10000p0,ogbn-papers100M,FedAvg,128,42,10000.0,629,validation,0.3004,2.9724,0.3004,2.9724,1887,0.11370730400085449,0.11370730400085449,0.5361907482147217,0.6498980522155762,399.33413457870483,0.5361907482147217,0.6498980522155762,399.33413457870483
nc_papers100m_195trainer_0hop_balanced_local_bs128_800r,20260914_201408_ogbn-papers100M_FedAvg_bs128_seed42_beta10000p0,ogbn-papers100M,FedAvg,128,42,10000.0,630,validation,0.3003,2.9715,0.3003,2.9715,1890,0.10729432106018066,0.10729432106018066,0.5468361377716064,0.6541304588317871,399.9882650375366,0.5468361377716064,0.6541304588317871,399.9882650375366
nc_papers100m_195trainer_0hop_balanced_local_bs128_800r,20260914_201408_ogbn-papers100M_FedAvg_bs128_seed42_beta10000p0,ogbn-papers100M,FedAvg,128,42,10000.0,631,validation,0.3008,2.9707,0.3008,2.9707,1893,0.10447025299072266,0.10447025299072266,0.5509791374206543,0.655449390411377,400.643714427948,0.5509791374206543,0.655449390411377,400.643714427948
nc_papers100m_195trainer_0hop_balanced_local_bs128_800r,20260914_201408_ogbn-papers100M_FedAvg_bs128_seed42_beta10000p0,ogbn-papers100M,FedAvg,128,42,10000.0,632,validation,0.3008,2.9702,0.3008,2.9702,1896,0.1040506362915039,0.1040506362915039,0.5243873596191406,0.6284379959106445,401.27215242385864,0.5243873596191406,0.6284379959106445,401.27215242385864
nc_papers100m_195trainer_0hop_balanced_local_bs128_800r,20260914_201408_ogbn-papers100M_FedAvg_bs128_seed42_beta10000p0,ogbn-papers100M,FedAvg,128,42,10000.0,633,validation,0.3011,2.9693,0.3011,2.9693,1899,0.10392332077026367,0.10392332077026367,0.5332129001617432,0.6371362209320068,401.90928864479065,0.5332129001617432,0.6371362209320068,401.90928864479065
nc_papers100m_195trainer_0hop_balanced_local_bs128_800r,20260914_201408_ogbn-papers100M_FedAvg_bs128_seed42_beta10000p0,ogbn-papers100M,FedAvg,128,42,10000.0,634,validation,0.3011,2.9687,0.3011,2.9687,1902,0.10637021064758301,0.10637021064758301,0.5407593250274658,0.6471295356750488,402.5564181804657,0.5407593250274658,0.6471295356750488,402.5564181804657
nc_papers100m_195trainer_0hop_balanced_local_bs128_800r,20260914_201408_ogbn-papers100M_FedAvg_bs128_seed42_beta10000p0,ogbn-papers100M,FedAvg,128,42,10000.0,635,validation,0.3012,2.9675,0.3012,2.9675,1905,0.10540914535522461,0.10540914535522461,0.533747673034668,0.6391568183898926,403.1955749988556,0.533747673034668,0.6391568183898926,403.1955749988556
nc_papers100m_195trainer_0hop_balanced_local_bs128_800r,20260914_201408_ogbn-papers100M_FedAvg_bs128_seed42_beta10000p0,ogbn-papers100M,FedAvg,128,42,10000.0,636,validation,0.3014,2.9668,0.3014,2.9668,1908,0.10634064674377441,0.10634064674377441,0.5258841514587402,0.6322247982025146,403.8277997970581,0.5258841514587402,0.6322247982025146,403.8277997970581
nc_papers100m_195trainer_0hop_balanced_local_bs128_800r,20260914_201408_ogbn-papers100M_FedAvg_bs128_seed42_beta10000p0,ogbn-papers100M,FedAvg,128,42,10000.0,637,validation,0.3014,2.9662,0.3014,2.9662,1911,0.11033058166503906,0.11033058166503906,0.5358994007110596,0.6462299823760986,404.4740297794342,0.5358994007110596,0.6462299823760986,404.4740297794342
nc_papers100m_195trainer_0hop_balanced_local_bs128_800r,20260914_201408_ogbn-papers100M_FedAvg_bs128_seed42_beta10000p0,ogbn-papers100M,FedAvg,128,42,10000.0,638,validation,0.3013,2.9656,0.3013,2.9656,1914,0.10481572151184082,0.10481572151184082,0.5502972602844238,0.6551129817962646,405.12914276123047,0.5502972602844238,0.6551129817962646,405.12914276123047
nc_papers100m_195trainer_0hop_balanced_local_bs128_800r,20260914_201408_ogbn-papers100M_FedAvg_bs128_seed42_beta10000p0,ogbn-papers100M,FedAvg,128,42,10000.0,639,validation,0.3014,2.9643,0.3014,2.9643,1917,0.10685992240905762,0.10685992240905762,0.5397000312805176,0.6465599536895752,405.77570271492004,0.5397000312805176,0.6465599536895752,405.77570271492004
nc_papers100m_195trainer_0hop_balanced_local_bs128_800r,20260914_201408_ogbn-papers100M_FedAvg_bs128_seed42_beta10000p0,ogbn-papers100M,FedAvg,128,42,10000.0,640,validation,0.3014,2.9635,0.3014,2.9635,1920,0.10411477088928223,0.10411477088928223,0.5280930995941162,0.6322078704833984,406.40791058540344,0.5280930995941162,0.6322078704833984,406.40791058540344
nc_papers100m_195trainer_0hop_balanced_local_bs128_800r,20260914_201408_ogbn-papers100M_FedAvg_bs128_seed42_beta10000p0,ogbn-papers100M,FedAvg,128,42,10000.0,641,validation,0.3016,2.9631,0.3016,2.9631,1923,0.1052253246307373,0.1052253246307373,0.5365548133850098,0.6417801380157471,407.0496907234192,0.5365548133850098,0.6417801380157471,407.0496907234192
nc_papers100m_195trainer_0hop_balanced_local_bs128_800r,20260914_201408_ogbn-papers100M_FedAvg_bs128_seed42_beta10000p0,ogbn-papers100M,FedAvg,128,42,10000.0,642,validation,0.3018,2.9623,0.3018,2.9623,1926,0.10674214363098145,0.10674214363098145,0.5519804954528809,0.6587226390838623,407.70841336250305,0.5519804954528809,0.6587226390838623,407.70841336250305
nc_papers100m_195trainer_0hop_balanced_local_bs128_800r,20260914_201408_ogbn-papers100M_FedAvg_bs128_seed42_beta10000p0,ogbn-papers100M,FedAvg,128,42,10000.0,643,validation,0.3019,2.9619,0.3019,2.9619,1929,0.11064410209655762,0.11064410209655762,0.5417547225952148,0.6523988246917725,408.3608121871948,0.5417547225952148,0.6523988246917725,408.3608121871948
nc_papers100m_195trainer_0hop_balanced_local_bs128_800r,20260914_201408_ogbn-papers100M_FedAvg_bs128_seed42_beta10000p0,ogbn-papers100M,FedAvg,128,42,10000.0,644,validation,0.3019,2.9611,0.3019,2.9611,1932,0.10495710372924805,0.10495710372924805,0.5516383647918701,0.6565954685211182,409.01740765571594,0.5516383647918701,0.6565954685211182,409.01740765571594
nc_papers100m_195trainer_0hop_balanced_local_bs128_800r,20260914_201408_ogbn-papers100M_FedAvg_bs128_seed42_beta10000p0,ogbn-papers100M,FedAvg,128,42,10000.0,645,validation,0.3021,2.9602,0.3021,2.9602,1935,0.10353589057922363,0.10353589057922363,0.5342774391174316,0.6378133296966553,409.6552209854126,0.5342774391174316,0.6378133296966553,409.6552209854126
nc_papers100m_195trainer_0hop_balanced_local_bs128_800r,20260914_201408_ogbn-papers100M_FedAvg_bs128_seed42_beta10000p0,ogbn-papers100M,FedAvg,128,42,10000.0,646,validation,0.3023,2.9592,0.3023,2.9592,1938,0.10614705085754395,0.10614705085754395,0.5486299991607666,0.6547770500183105,410.3099980354309,0.5486299991607666,0.6547770500183105,410.3099980354309
nc_papers100m_195trainer_0hop_balanced_local_bs128_800r,20260914_201408_ogbn-papers100M_FedAvg_bs128_seed42_beta10000p0,ogbn-papers100M,FedAvg,128,42,10000.0,647,validation,0.3025,2.9585,0.3025,2.9585,1941,0.10529518127441406,0.10529518127441406,0.5465104579925537,0.6518056392669678,410.9618036746979,0.5465104579925537,0.6518056392669678,410.9618036746979
nc_papers100m_195trainer_0hop_balanced_local_bs128_800r,20260914_201408_ogbn-papers100M_FedAvg_bs128_seed42_beta10000p0,ogbn-papers100M,FedAvg,128,42,10000.0,648,validation,0.3023,2.9577,0.3023,2.9577,1944,0.10903358459472656,0.10903358459472656,0.5346105098724365,0.6436440944671631,411.60544776916504,0.5346105098724365,0.6436440944671631,411.60544776916504
nc_papers100m_195trainer_0hop_balanced_local_bs128_800r,20260914_201408_ogbn-papers100M_FedAvg_bs128_seed42_beta10000p0,ogbn-papers100M,FedAvg,128,42,10000.0,649,validation,0.3023,2.957,0.3023,2.957,1947,0.11206889152526855,0.11206889152526855,0.5305414199829102,0.6426103115081787,412.2480580806732,0.5305414199829102,0.6426103115081787,412.2480580806732
nc_papers100m_195trainer_0hop_balanced_local_bs128_800r,20260914_201408_ogbn-papers100M_FedAvg_bs128_seed42_beta10000p0,ogbn-papers100M,FedAvg,128,42,10000.0,650,validation,0.3028,2.9564,0.3028,2.9564,1950,0.10518288612365723,0.10518288612365723,0.543928861618042,0.6491117477416992,412.8971698284149,0.543928861618042,0.6491117477416992,412.8971698284149
nc_papers100m_195trainer_0hop_balanced_local_bs128_800r,20260914_201408_ogbn-papers100M_FedAvg_bs128_seed42_beta10000p0,ogbn-papers100M,FedAvg,128,42,10000.0,651,validation,0.3032,2.9556,0.3032,2.9556,1953,0.10506892204284668,0.10506892204284668,0.5383021831512451,0.6433711051940918,413.540540933609,0.5383021831512451,0.6433711051940918,413.540540933609
nc_papers100m_195trainer_0hop_balanced_local_bs128_800r,20260914_201408_ogbn-papers100M_FedAvg_bs128_seed42_beta10000p0,ogbn-papers100M,FedAvg,128,42,10000.0,652,validation,0.3037,2.9544,0.3037,2.9544,1956,0.10770201683044434,0.10770201683044434,0.5322093963623047,0.639911413192749,414.18045234680176,0.5322093963623047,0.639911413192749,414.18045234680176
nc_papers100m_195trainer_0hop_balanced_local_bs128_800r,20260914_201408_ogbn-papers100M_FedAvg_bs128_seed42_beta10000p0,ogbn-papers100M,FedAvg,128,42,10000.0,653,validation,0.3036,2.9536,0.3036,2.9536,1959,0.1081547737121582,0.1081547737121582,0.527346134185791,0.6355009078979492,414.8159532546997,0.527346134185791,0.6355009078979492,414.8159532546997
nc_papers100m_195trainer_0hop_balanced_local_bs128_800r,20260914_201408_ogbn-papers100M_FedAvg_bs128_seed42_beta10000p0,ogbn-papers100M,FedAvg,128,42,10000.0,654,validation,0.3038,2.9528,0.3038,2.9528,1962,0.10781240463256836,0.10781240463256836,0.536860466003418,0.6446728706359863,415.4606261253357,0.536860466003418,0.6446728706359863,415.4606261253357
nc_papers100m_195trainer_0hop_balanced_local_bs128_800r,20260914_201408_ogbn-papers100M_FedAvg_bs128_seed42_beta10000p0,ogbn-papers100M,FedAvg,128,42,10000.0,655,validation,0.3039,2.9517,0.3039,2.9517,1965,0.10670638084411621,0.10670638084411621,0.5304872989654541,0.6371936798095703,416.09781980514526,0.5304872989654541,0.6371936798095703,416.09781980514526
nc_papers100m_195trainer_0hop_balanced_local_bs128_800r,20260914_201408_ogbn-papers100M_FedAvg_bs128_seed42_beta10000p0,ogbn-papers100M,FedAvg,128,42,10000.0,656,validation,0.3039,2.9515,0.3039,2.9515,1968,0.10834074020385742,0.10834074020385742,0.5328488349914551,0.6411895751953125,416.7390093803406,0.5328488349914551,0.6411895751953125,416.7390093803406
nc_papers100m_195trainer_0hop_balanced_local_bs128_800r,20260914_201408_ogbn-papers100M_FedAvg_bs128_seed42_beta10000p0,ogbn-papers100M,FedAvg,128,42,10000.0,657,validation,0.3038,2.9509,0.3038,2.9509,1971,0.10799884796142578,0.10799884796142578,0.5747594833374023,0.6827583312988281,417.4217677116394,0.5747594833374023,0.6827583312988281,417.4217677116394
nc_papers100m_195trainer_0hop_balanced_local_bs128_800r,20260914_201408_ogbn-papers100M_FedAvg_bs128_seed42_beta10000p0,ogbn-papers100M,FedAvg,128,42,10000.0,658,validation,0.3039,2.9503,0.3039,2.9503,1974,0.1048586368560791,0.1048586368560791,0.5417420864105225,0.6466007232666016,418.068368434906,0.5417420864105225,0.6466007232666016,418.068368434906
nc_papers100m_195trainer_0hop_balanced_local_bs128_800r,20260914_201408_ogbn-papers100M_FedAvg_bs128_seed42_beta10000p0,ogbn-papers100M,FedAvg,128,42,10000.0,659,validation,0.304,2.95,0.304,2.95,1977,0.10711312294006348,0.10711312294006348,0.52610182762146,0.6332149505615234,418.70158338546753,0.52610182762146,0.6332149505615234,418.70158338546753
nc_papers100m_195trainer_0hop_balanced_local_bs128_800r,20260914_201408_ogbn-papers100M_FedAvg_bs128_seed42_beta10000p0,ogbn-papers100M,FedAvg,128,42,10000.0,660,validation,0.3041,2.949,0.3041,2.949,1980,0.10794997215270996,0.10794997215270996,0.525383472442627,0.6333334445953369,419.33491683006287,0.525383472442627,0.6333334445953369,419.33491683006287
nc_papers100m_195trainer_0hop_balanced_local_bs128_800r,20260914_201408_ogbn-papers100M_FedAvg_bs128_seed42_beta10000p0,ogbn-papers100M,FedAvg,128,42,10000.0,661,validation,0.3042,2.9484,0.3042,2.9484,1983,0.10596203804016113,0.10596203804016113,0.5187621116638184,0.6247241497039795,419.95964097976685,0.5187621116638184,0.6247241497039795,419.95964097976685
nc_papers100m_195trainer_0hop_balanced_local_bs128_800r,20260914_201408_ogbn-papers100M_FedAvg_bs128_seed42_beta10000p0,ogbn-papers100M,FedAvg,128,42,10000.0,662,validation,0.3044,2.9481,0.3044,2.9481,1986,0.10552644729614258,0.10552644729614258,0.5347247123718262,0.6402511596679688,420.5998921394348,0.5347247123718262,0.6402511596679688,420.5998921394348
nc_papers100m_195trainer_0hop_balanced_local_bs128_800r,20260914_201408_ogbn-papers100M_FedAvg_bs128_seed42_beta10000p0,ogbn-papers100M,FedAvg,128,42,10000.0,663,validation,0.3043,2.9474,0.3043,2.9474,1989,0.10419559478759766,0.10419559478759766,0.5239152908325195,0.6281108856201172,421.22800302505493,0.5239152908325195,0.6281108856201172,421.22800302505493
nc_papers100m_195trainer_0hop_balanced_local_bs128_800r,20260914_201408_ogbn-papers100M_FedAvg_bs128_seed42_beta10000p0,ogbn-papers100M,FedAvg,128,42,10000.0,664,validation,0.3047,2.946,0.3047,2.946,1992,0.10906529426574707,0.10906529426574707,0.5247273445129395,0.6337926387786865,421.8617956638336,0.5247273445129395,0.6337926387786865,421.8617956638336
nc_papers100m_195trainer_0hop_balanced_local_bs128_800r,20260914_201408_ogbn-papers100M_FedAvg_bs128_seed42_beta10000p0,ogbn-papers100M,FedAvg,128,42,10000.0,665,validation,0.3049,2.945,0.3049,2.945,1995,0.11319947242736816,0.11319947242736816,0.5202088356018066,0.6334083080291748,422.4952039718628,0.5202088356018066,0.6334083080291748,422.4952039718628
nc_papers100m_195trainer_0hop_balanced_local_bs128_800r,20260914_201408_ogbn-papers100M_FedAvg_bs128_seed42_beta10000p0,ogbn-papers100M,FedAvg,128,42,10000.0,666,validation,0.3049,2.9446,0.3049,2.9446,1998,0.10504150390625,0.10504150390625,0.5275266170501709,0.6325681209564209,423.1277720928192,0.5275266170501709,0.6325681209564209,423.1277720928192
nc_papers100m_195trainer_0hop_balanced_local_bs128_800r,20260914_201408_ogbn-papers100M_FedAvg_bs128_seed42_beta10000p0,ogbn-papers100M,FedAvg,128,42,10000.0,667,validation,0.3051,2.9441,0.3051,2.9441,2001,0.10334587097167969,0.10334587097167969,0.5311756134033203,0.634521484375,423.7622935771942,0.5311756134033203,0.634521484375,423.7622935771942
nc_papers100m_195trainer_0hop_balanced_local_bs128_800r,20260914_201408_ogbn-papers100M_FedAvg_bs128_seed42_beta10000p0,ogbn-papers100M,FedAvg,128,42,10000.0,668,validation,0.3054,2.9431,0.3054,2.9431,2004,0.10670924186706543,0.10670924186706543,0.525428295135498,0.6321375370025635,424.3944311141968,0.525428295135498,0.6321375370025635,424.3944311141968
nc_papers100m_195trainer_0hop_balanced_local_bs128_800r,20260914_201408_ogbn-papers100M_FedAvg_bs128_seed42_beta10000p0,ogbn-papers100M,FedAvg,128,42,10000.0,669,validation,0.3054,2.9423,0.3054,2.9423,2007,0.10559964179992676,0.10559964179992676,0.5278828144073486,0.6334824562072754,425.02791357040405,0.5278828144073486,0.6334824562072754,425.02791357040405
nc_papers100m_195trainer_0hop_balanced_local_bs128_800r,20260914_201408_ogbn-papers100M_FedAvg_bs128_seed42_beta10000p0,ogbn-papers100M,FedAvg,128,42,10000.0,670,validation,0.3054,2.9416,0.3054,2.9416,2010,0.1044921875,0.1044921875,0.5811488628387451,0.6856410503387451,425.7135546207428,0.5811488628387451,0.6856410503387451,425.7135546207428
nc_papers100m_195trainer_0hop_balanced_local_bs128_800r,20260914_201408_ogbn-papers100M_FedAvg_bs128_seed42_beta10000p0,ogbn-papers100M,FedAvg,128,42,10000.0,671,validation,0.3055,2.9406,0.3055,2.9406,2013,0.10719609260559082,0.10719609260559082,0.5325062274932861,0.639702320098877,426.3532569408417,0.5325062274932861,0.639702320098877,426.3532569408417
nc_papers100m_195trainer_0hop_balanced_local_bs128_800r,20260914_201408_ogbn-papers100M_FedAvg_bs128_seed42_beta10000p0,ogbn-papers100M,FedAvg,128,42,10000.0,672,validation,0.3054,2.94,0.3054,2.94,2016,0.10295248031616211,0.10295248031616211,0.5165328979492188,0.6194853782653809,426.97274231910706,0.5165328979492188,0.6194853782653809,426.97274231910706
nc_papers100m_195trainer_0hop_balanced_local_bs128_800r,20260914_201408_ogbn-papers100M_FedAvg_bs128_seed42_beta10000p0,ogbn-papers100M,FedAvg,128,42,10000.0,673,validation,0.3057,2.94,0.3057,2.94,2019,0.10565853118896484,0.10565853118896484,0.5245287418365479,0.6301872730255127,427.60292959213257,0.5245287418365479,0.6301872730255127,427.60292959213257
nc_papers100m_195trainer_0hop_balanced_local_bs128_800r,20260914_201408_ogbn-papers100M_FedAvg_bs128_seed42_beta10000p0,ogbn-papers100M,FedAvg,128,42,10000.0,674,validation,0.306,2.9393,0.306,2.9393,2022,0.10472822189331055,0.10472822189331055,0.5297398567199707,0.6344680786132812,428.23739767074585,0.5297398567199707,0.6344680786132812,428.23739767074585
nc_papers100m_195trainer_0hop_balanced_local_bs128_800r,20260914_201408_ogbn-papers100M_FedAvg_bs128_seed42_beta10000p0,ogbn-papers100M,FedAvg,128,42,10000.0,675,validation,0.306,2.939,0.306,2.939,2025,0.10546064376831055,0.10546064376831055,0.5207970142364502,0.6262576580047607,428.8636553287506,0.5207970142364502,0.6262576580047607,428.8636553287506
nc_papers100m_195trainer_0hop_balanced_local_bs128_800r,20260914_201408_ogbn-papers100M_FedAvg_bs128_seed42_beta10000p0,ogbn-papers100M,FedAvg,128,42,10000.0,676,validation,0.3063,2.9378,0.3063,2.9378,2028,0.10554671287536621,0.10554671287536621,0.5282092094421387,0.6337559223175049,429.4974112510681,0.5282092094421387,0.6337559223175049,429.4974112510681
nc_papers100m_195trainer_0hop_balanced_local_bs128_800r,20260914_201408_ogbn-papers100M_FedAvg_bs128_seed42_beta10000p0,ogbn-papers100M,FedAvg,128,42,10000.0,677,validation,0.3065,2.9368,0.3065,2.9368,2031,0.10622859001159668,0.10622859001159668,0.5276389122009277,0.6338675022125244,430.13127875328064,0.5276389122009277,0.6338675022125244,430.13127875328064
nc_papers100m_195trainer_0hop_balanced_local_bs128_800r,20260914_201408_ogbn-papers100M_FedAvg_bs128_seed42_beta10000p0,ogbn-papers100M,FedAvg,128,42,10000.0,678,validation,0.3068,2.9359,0.3068,2.9359,2034,0.10560417175292969,0.10560417175292969,0.5384068489074707,0.6440110206604004,430.77528977394104,0.5384068489074707,0.6440110206604004,430.77528977394104
nc_papers100m_195trainer_0hop_balanced_local_bs128_800r,20260914_201408_ogbn-papers100M_FedAvg_bs128_seed42_beta10000p0,ogbn-papers100M,FedAvg,128,42,10000.0,679,validation,0.3068,2.9355,0.3068,2.9355,2037,0.10702967643737793,0.10702967643737793,0.526033878326416,0.633063554763794,431.40835332870483,0.526033878326416,0.633063554763794,431.40835332870483
nc_papers100m_195trainer_0hop_balanced_local_bs128_800r,20260914_201408_ogbn-papers100M_FedAvg_bs128_seed42_beta10000p0,ogbn-papers100M,FedAvg,128,42,10000.0,680,validation,0.3071,2.9346,0.3071,2.9346,2040,0.1103513240814209,0.1103513240814209,0.5287058353424072,0.6390571594238281,432.04741048812866,0.5287058353424072,0.6390571594238281,432.04741048812866
nc_papers100m_195trainer_0hop_balanced_local_bs128_800r,20260914_201408_ogbn-papers100M_FedAvg_bs128_seed42_beta10000p0,ogbn-papers100M,FedAvg,128,42,10000.0,681,validation,0.307,2.9341,0.307,2.9341,2043,0.10652637481689453,0.10652637481689453,0.5385613441467285,0.645087718963623,432.6924982070923,0.5385613441467285,0.645087718963623,432.6924982070923
nc_papers100m_195trainer_0hop_balanced_local_bs128_800r,20260914_201408_ogbn-papers100M_FedAvg_bs128_seed42_beta10000p0,ogbn-papers100M,FedAvg,128,42,10000.0,682,validation,0.307,2.9333,0.307,2.9333,2046,0.10691094398498535,0.10691094398498535,0.5239925384521484,0.6309034824371338,433.3234016895294,0.5239925384521484,0.6309034824371338,433.3234016895294
nc_papers100m_195trainer_0hop_balanced_local_bs128_800r,20260914_201408_ogbn-papers100M_FedAvg_bs128_seed42_beta10000p0,ogbn-papers100M,FedAvg,128,42,10000.0,683,validation,0.3071,2.9327,0.3071,2.9327,2049,0.1036534309387207,0.1036534309387207,0.5457746982574463,0.649428129196167,433.9728298187256,0.5457746982574463,0.649428129196167,433.9728298187256
nc_papers100m_195trainer_0hop_balanced_local_bs128_800r,20260914_201408_ogbn-papers100M_FedAvg_bs128_seed42_beta10000p0,ogbn-papers100M,FedAvg,128,42,10000.0,684,validation,0.3074,2.9318,0.3074,2.9318,2052,0.10560894012451172,0.10560894012451172,0.5311465263366699,0.6367554664611816,434.60958528518677,0.5311465263366699,0.6367554664611816,434.60958528518677
nc_papers100m_195trainer_0hop_balanced_local_bs128_800r,20260914_201408_ogbn-papers100M_FedAvg_bs128_seed42_beta10000p0,ogbn-papers100M,FedAvg,128,42,10000.0,685,validation,0.3075,2.931,0.3075,2.931,2055,0.10707950592041016,0.10707950592041016,0.5332436561584473,0.6403231620788574,435.2499084472656,0.5332436561584473,0.6403231620788574,435.2499084472656
nc_papers100m_195trainer_0hop_balanced_local_bs128_800r,20260914_201408_ogbn-papers100M_FedAvg_bs128_seed42_beta10000p0,ogbn-papers100M,FedAvg,128,42,10000.0,686,validation,0.3076,2.9302,0.3076,2.9302,2058,0.10576677322387695,0.10576677322387695,0.5255613327026367,0.6313281059265137,435.88123655319214,0.5255613327026367,0.6313281059265137,435.88123655319214
nc_papers100m_195trainer_0hop_balanced_local_bs128_800r,20260914_201408_ogbn-papers100M_FedAvg_bs128_seed42_beta10000p0,ogbn-papers100M,FedAvg,128,42,10000.0,687,validation,0.3075,2.9296,0.3075,2.9296,2061,0.10736703872680664,0.10736703872680664,0.5337660312652588,0.6411330699920654,436.5223696231842,0.5337660312652588,0.6411330699920654,436.5223696231842
nc_papers100m_195trainer_0hop_balanced_local_bs128_800r,20260914_201408_ogbn-papers100M_FedAvg_bs128_seed42_beta10000p0,ogbn-papers100M,FedAvg,128,42,10000.0,688,validation,0.3073,2.9293,0.3073,2.9293,2064,0.1062021255493164,0.1062021255493164,0.5304934978485107,0.6366956233978271,437.15906524658203,0.5304934978485107,0.6366956233978271,437.15906524658203
nc_papers100m_195trainer_0hop_balanced_local_bs128_800r,20260914_201408_ogbn-papers100M_FedAvg_bs128_seed42_beta10000p0,ogbn-papers100M,FedAvg,128,42,10000.0,689,validation,0.3076,2.9279,0.3076,2.9279,2067,0.1040499210357666,0.1040499210357666,0.5285828113555908,0.6326327323913574,437.7916979789734,0.5285828113555908,0.6326327323913574,437.7916979789734
nc_papers100m_195trainer_0hop_balanced_local_bs128_800r,20260914_201408_ogbn-papers100M_FedAvg_bs128_seed42_beta10000p0,ogbn-papers100M,FedAvg,128,42,10000.0,690,validation,0.3078,2.9275,0.3078,2.9275,2070,0.10554838180541992,0.10554838180541992,0.5260837078094482,0.6316320896148682,438.42333006858826,0.5260837078094482,0.6316320896148682,438.42333006858826
nc_papers100m_195trainer_0hop_balanced_local_bs128_800r,20260914_201408_ogbn-papers100M_FedAvg_bs128_seed42_beta10000p0,ogbn-papers100M,FedAvg,128,42,10000.0,691,validation,0.308,2.9268,0.308,2.9268,2073,0.1065216064453125,0.1065216064453125,0.5383405685424805,0.644862174987793,439.06819224357605,0.5383405685424805,0.644862174987793,439.06819224357605
nc_papers100m_195trainer_0hop_balanced_local_bs128_800r,20260914_201408_ogbn-papers100M_FedAvg_bs128_seed42_beta10000p0,ogbn-papers100M,FedAvg,128,42,10000.0,692,validation,0.3082,2.9259,0.3082,2.9259,2076,0.11255216598510742,0.11255216598510742,0.536806583404541,0.6493587493896484,439.7175509929657,0.536806583404541,0.6493587493896484,439.7175509929657
nc_papers100m_195trainer_0hop_balanced_local_bs128_800r,20260914_201408_ogbn-papers100M_FedAvg_bs128_seed42_beta10000p0,ogbn-papers100M,FedAvg,128,42,10000.0,693,validation,0.3082,2.9253,0.3082,2.9253,2079,0.10632157325744629,0.10632157325744629,0.5411534309387207,0.647475004196167,440.36502599716187,0.5411534309387207,0.647475004196167,440.36502599716187
nc_papers100m_195trainer_0hop_balanced_local_bs128_800r,20260914_201408_ogbn-papers100M_FedAvg_bs128_seed42_beta10000p0,ogbn-papers100M,FedAvg,128,42,10000.0,694,validation,0.3086,2.9243,0.3086,2.9243,2082,0.10586929321289062,0.10586929321289062,0.5259253978729248,0.6317946910858154,440.9968206882477,0.5259253978729248,0.6317946910858154,440.9968206882477
nc_papers100m_195trainer_0hop_balanced_local_bs128_800r,20260914_201408_ogbn-papers100M_FedAvg_bs128_seed42_beta10000p0,ogbn-papers100M,FedAvg,128,42,10000.0,695,validation,0.3083,2.924,0.3083,2.924,2085,0.10626769065856934,0.10626769065856934,0.5266602039337158,0.6329278945922852,441.62974858283997,0.5266602039337158,0.6329278945922852,441.62974858283997
nc_papers100m_195trainer_0hop_balanced_local_bs128_800r,20260914_201408_ogbn-papers100M_FedAvg_bs128_seed42_beta10000p0,ogbn-papers100M,FedAvg,128,42,10000.0,696,validation,0.3085,2.9235,0.3085,2.9235,2088,0.1085195541381836,0.1085195541381836,0.5482349395751953,0.6567544937133789,442.28650307655334,0.5482349395751953,0.6567544937133789,442.28650307655334
nc_papers100m_195trainer_0hop_balanced_local_bs128_800r,20260914_201408_ogbn-papers100M_FedAvg_bs128_seed42_beta10000p0,ogbn-papers100M,FedAvg,128,42,10000.0,697,validation,0.3087,2.9225,0.3087,2.9225,2091,0.10855412483215332,0.10855412483215332,0.5324513912200928,0.6410055160522461,442.9275085926056,0.5324513912200928,0.6410055160522461,442.9275085926056
nc_papers100m_195trainer_0hop_balanced_local_bs128_800r,20260914_201408_ogbn-papers100M_FedAvg_bs128_seed42_beta10000p0,ogbn-papers100M,FedAvg,128,42,10000.0,698,validation,0.3091,2.9217,0.3091,2.9217,2094,0.1056060791015625,0.1056060791015625,0.5317831039428711,0.6373891830444336,443.56489777565,0.5317831039428711,0.6373891830444336,443.56489777565
nc_papers100m_195trainer_0hop_balanced_local_bs128_800r,20260914_201408_ogbn-papers100M_FedAvg_bs128_seed42_beta10000p0,ogbn-papers100M,FedAvg,128,42,10000.0,699,validation,0.3094,2.9211,0.3094,2.9211,2097,0.10524892807006836,0.10524892807006836,0.5305600166320801,0.6358089447021484,444.2007067203522,0.5305600166320801,0.6358089447021484,444.2007067203522
nc_papers100m_195trainer_0hop_balanced_local_bs128_800r,20260914_201408_ogbn-papers100M_FedAvg_bs128_seed42_beta10000p0,ogbn-papers100M,FedAvg,128,42,10000.0,700,validation,0.3091,2.9208,0.3091,2.9208,2100,0.10358667373657227,0.10358667373657227,0.5370020866394043,0.6405887603759766,444.84129548072815,0.5370020866394043,0.6405887603759766,444.84129548072815
nc_papers100m_195trainer_0hop_balanced_local_bs128_800r,20260914_201408_ogbn-papers100M_FedAvg_bs128_seed42_beta10000p0,ogbn-papers100M,FedAvg,128,42,10000.0,701,validation,0.3094,2.92,0.3094,2.92,2103,0.1029210090637207,0.1029210090637207,0.535452127456665,0.6383731365203857,445.47966861724854,0.535452127456665,0.6383731365203857,445.47966861724854
nc_papers100m_195trainer_0hop_balanced_local_bs128_800r,20260914_201408_ogbn-papers100M_FedAvg_bs128_seed42_beta10000p0,ogbn-papers100M,FedAvg,128,42,10000.0,702,validation,0.3097,2.9192,0.3097,2.9192,2106,0.10601472854614258,0.10601472854614258,0.5328946113586426,0.6389093399047852,446.1185779571533,0.5328946113586426,0.6389093399047852,446.1185779571533
nc_papers100m_195trainer_0hop_balanced_local_bs128_800r,20260914_201408_ogbn-papers100M_FedAvg_bs128_seed42_beta10000p0,ogbn-papers100M,FedAvg,128,42,10000.0,703,validation,0.3098,2.9182,0.3098,2.9182,2109,0.10443854331970215,0.10443854331970215,0.5282590389251709,0.632697582244873,446.7512755393982,0.5282590389251709,0.632697582244873,446.7512755393982
nc_papers100m_195trainer_0hop_balanced_local_bs128_800r,20260914_201408_ogbn-papers100M_FedAvg_bs128_seed42_beta10000p0,ogbn-papers100M,FedAvg,128,42,10000.0,704,validation,0.3094,2.9182,0.3094,2.9182,2112,0.1063389778137207,0.1063389778137207,0.5490891933441162,0.6554281711578369,447.40670371055603,0.5490891933441162,0.6554281711578369,447.40670371055603
nc_papers100m_195trainer_0hop_balanced_local_bs128_800r,20260914_201408_ogbn-papers100M_FedAvg_bs128_seed42_beta10000p0,ogbn-papers100M,FedAvg,128,42,10000.0,705,validation,0.3098,2.9178,0.3098,2.9178,2115,0.1068415641784668,0.1068415641784668,0.5317800045013428,0.6386215686798096,448.04532527923584,0.5317800045013428,0.6386215686798096,448.04532527923584
nc_papers100m_195trainer_0hop_balanced_local_bs128_800r,20260914_201408_ogbn-papers100M_FedAvg_bs128_seed42_beta10000p0,ogbn-papers100M,FedAvg,128,42,10000.0,706,validation,0.3095,2.9167,0.3095,2.9167,2118,0.1061248779296875,0.1061248779296875,0.5300867557525635,0.636211633682251,448.6815369129181,0.5300867557525635,0.636211633682251,448.6815369129181
nc_papers100m_195trainer_0hop_balanced_local_bs128_800r,20260914_201408_ogbn-papers100M_FedAvg_bs128_seed42_beta10000p0,ogbn-papers100M,FedAvg,128,42,10000.0,707,validation,0.3101,2.9162,0.3101,2.9162,2121,0.10640740394592285,0.10640740394592285,0.534898042678833,0.6413054466247559,449.32284235954285,0.534898042678833,0.6413054466247559,449.32284235954285
nc_papers100m_195trainer_0hop_balanced_local_bs128_800r,20260914_201408_ogbn-papers100M_FedAvg_bs128_seed42_beta10000p0,ogbn-papers100M,FedAvg,128,42,10000.0,708,validation,0.3101,2.9156,0.3101,2.9156,2124,0.11032795906066895,0.11032795906066895,0.5354275703430176,0.6457555294036865,449.96859788894653,0.5354275703430176,0.6457555294036865,449.96859788894653
nc_papers100m_195trainer_0hop_balanced_local_bs128_800r,20260914_201408_ogbn-papers100M_FedAvg_bs128_seed42_beta10000p0,ogbn-papers100M,FedAvg,128,42,10000.0,709,validation,0.3103,2.9144,0.3103,2.9144,2127,0.10572576522827148,0.10572576522827148,0.5435943603515625,0.649320125579834,450.61791801452637,0.5435943603515625,0.649320125579834,450.61791801452637
nc_papers100m_195trainer_0hop_balanced_local_bs128_800r,20260914_201408_ogbn-papers100M_FedAvg_bs128_seed42_beta10000p0,ogbn-papers100M,FedAvg,128,42,10000.0,710,validation,0.3103,2.9135,0.3103,2.9135,2130,0.10555195808410645,0.10555195808410645,0.5414547920227051,0.6470067501068115,451.2649247646332,0.5414547920227051,0.6470067501068115,451.2649247646332
nc_papers100m_195trainer_0hop_balanced_local_bs128_800r,20260914_201408_ogbn-papers100M_FedAvg_bs128_seed42_beta10000p0,ogbn-papers100M,FedAvg,128,42,10000.0,711,validation,0.3102,2.9127,0.3102,2.9127,2133,0.10374832153320312,0.10374832153320312,0.5209810733795166,0.6247293949127197,451.8896541595459,0.5209810733795166,0.6247293949127197,451.8896541595459
nc_papers100m_195trainer_0hop_balanced_local_bs128_800r,20260914_201408_ogbn-papers100M_FedAvg_bs128_seed42_beta10000p0,ogbn-papers100M,FedAvg,128,42,10000.0,712,validation,0.3104,2.9122,0.3104,2.9122,2136,0.10698676109313965,0.10698676109313965,0.5373787879943848,0.6443655490875244,452.5340197086334,0.5373787879943848,0.6443655490875244,452.5340197086334
nc_papers100m_195trainer_0hop_balanced_local_bs128_800r,20260914_201408_ogbn-papers100M_FedAvg_bs128_seed42_beta10000p0,ogbn-papers100M,FedAvg,128,42,10000.0,713,validation,0.3104,2.9114,0.3104,2.9114,2139,0.10519099235534668,0.10519099235534668,0.5295746326446533,0.634765625,453.1687853336334,0.5295746326446533,0.634765625,453.1687853336334
nc_papers100m_195trainer_0hop_balanced_local_bs128_800r,20260914_201408_ogbn-papers100M_FedAvg_bs128_seed42_beta10000p0,ogbn-papers100M,FedAvg,128,42,10000.0,714,validation,0.3108,2.9106,0.3108,2.9106,2142,0.10691332817077637,0.10691332817077637,0.5218396186828613,0.6287529468536377,453.79753828048706,0.5218396186828613,0.6287529468536377,453.79753828048706
nc_papers100m_195trainer_0hop_balanced_local_bs128_800r,20260914_201408_ogbn-papers100M_FedAvg_bs128_seed42_beta10000p0,ogbn-papers100M,FedAvg,128,42,10000.0,715,validation,0.3109,2.9102,0.3109,2.9102,2145,0.10428357124328613,0.10428357124328613,0.5234551429748535,0.6277387142181396,454.4252769947052,0.5234551429748535,0.6277387142181396,454.4252769947052
nc_papers100m_195trainer_0hop_balanced_local_bs128_800r,20260914_201408_ogbn-papers100M_FedAvg_bs128_seed42_beta10000p0,ogbn-papers100M,FedAvg,128,42,10000.0,716,validation,0.311,2.9093,0.311,2.9093,2148,0.10508227348327637,0.10508227348327637,0.5329179763793945,0.6380002498626709,455.06327724456787,0.5329179763793945,0.6380002498626709,455.06327724456787
nc_papers100m_195trainer_0hop_balanced_local_bs128_800r,20260914_201408_ogbn-papers100M_FedAvg_bs128_seed42_beta10000p0,ogbn-papers100M,FedAvg,128,42,10000.0,717,validation,0.3112,2.909,0.3112,2.909,2151,0.10489368438720703,0.10489368438720703,0.5355391502380371,0.6404328346252441,455.7037100791931,0.5355391502380371,0.6404328346252441,455.7037100791931
nc_papers100m_195trainer_0hop_balanced_local_bs128_800r,20260914_201408_ogbn-papers100M_FedAvg_bs128_seed42_beta10000p0,ogbn-papers100M,FedAvg,128,42,10000.0,718,validation,0.3113,2.9085,0.3113,2.9085,2154,0.10571837425231934,0.10571837425231934,0.5194520950317383,0.6251704692840576,456.3288805484772,0.5194520950317383,0.6251704692840576,456.3288805484772
nc_papers100m_195trainer_0hop_balanced_local_bs128_800r,20260914_201408_ogbn-papers100M_FedAvg_bs128_seed42_beta10000p0,ogbn-papers100M,FedAvg,128,42,10000.0,719,validation,0.3112,2.9078,0.3112,2.9078,2157,0.1112213134765625,0.1112213134765625,0.5294685363769531,0.6406898498535156,456.9695703983307,0.5294685363769531,0.6406898498535156,456.9695703983307
nc_papers100m_195trainer_0hop_balanced_local_bs128_800r,20260914_201408_ogbn-papers100M_FedAvg_bs128_seed42_beta10000p0,ogbn-papers100M,FedAvg,128,42,10000.0,720,validation,0.3115,2.9074,0.3115,2.9074,2160,0.10814881324768066,0.10814881324768066,0.5431489944458008,0.6512978076934814,457.62086820602417,0.5431489944458008,0.6512978076934814,457.62086820602417
nc_papers100m_195trainer_0hop_balanced_local_bs128_800r,20260914_201408_ogbn-papers100M_FedAvg_bs128_seed42_beta10000p0,ogbn-papers100M,FedAvg,128,42,10000.0,721,validation,0.3118,2.9066,0.3118,2.9066,2163,0.10523080825805664,0.10523080825805664,0.5341525077819824,0.6393833160400391,458.2602515220642,0.5341525077819824,0.6393833160400391,458.2602515220642
nc_papers100m_195trainer_0hop_balanced_local_bs128_800r,20260914_201408_ogbn-papers100M_FedAvg_bs128_seed42_beta10000p0,ogbn-papers100M,FedAvg,128,42,10000.0,722,validation,0.3116,2.9055,0.3116,2.9055,2166,0.10866641998291016,0.10866641998291016,0.5238754749298096,0.6325418949127197,458.89279341697693,0.5238754749298096,0.6325418949127197,458.89279341697693
nc_papers100m_195trainer_0hop_balanced_local_bs128_800r,20260914_201408_ogbn-papers100M_FedAvg_bs128_seed42_beta10000p0,ogbn-papers100M,FedAvg,128,42,10000.0,723,validation,0.3121,2.9048,0.3121,2.9048,2169,0.10773611068725586,0.10773611068725586,0.5373673439025879,0.6451034545898438,459.5378968715668,0.5373673439025879,0.6451034545898438,459.5378968715668
nc_papers100m_195trainer_0hop_balanced_local_bs128_800r,20260914_201408_ogbn-papers100M_FedAvg_bs128_seed42_beta10000p0,ogbn-papers100M,FedAvg,128,42,10000.0,724,validation,0.3124,2.9036,0.3124,2.9036,2172,0.1090996265411377,0.1090996265411377,0.551520824432373,0.6606204509735107,460.1985173225403,0.551520824432373,0.6606204509735107,460.1985173225403
nc_papers100m_195trainer_0hop_balanced_local_bs128_800r,20260914_201408_ogbn-papers100M_FedAvg_bs128_seed42_beta10000p0,ogbn-papers100M,FedAvg,128,42,10000.0,725,validation,0.3122,2.9034,0.3122,2.9034,2175,0.11036086082458496,0.11036086082458496,0.53946852684021,0.6498293876647949,460.8483467102051,0.53946852684021,0.6498293876647949,460.8483467102051
nc_papers100m_195trainer_0hop_balanced_local_bs128_800r,20260914_201408_ogbn-papers100M_FedAvg_bs128_seed42_beta10000p0,ogbn-papers100M,FedAvg,128,42,10000.0,726,validation,0.3129,2.9023,0.3129,2.9023,2178,0.10548257827758789,0.10548257827758789,0.5309062004089355,0.6363887786865234,461.4847354888916,0.5309062004089355,0.6363887786865234,461.4847354888916
nc_papers100m_195trainer_0hop_balanced_local_bs128_800r,20260914_201408_ogbn-papers100M_FedAvg_bs128_seed42_beta10000p0,ogbn-papers100M,FedAvg,128,42,10000.0,727,validation,0.3126,2.9023,0.3126,2.9023,2181,0.10694146156311035,0.10694146156311035,0.529869794845581,0.6368112564086914,462.1215467453003,0.529869794845581,0.6368112564086914,462.1215467453003
nc_papers100m_195trainer_0hop_balanced_local_bs128_800r,20260914_201408_ogbn-papers100M_FedAvg_bs128_seed42_beta10000p0,ogbn-papers100M,FedAvg,128,42,10000.0,728,validation,0.3127,2.9018,0.3127,2.9018,2184,0.1043710708618164,0.1043710708618164,0.5412976741790771,0.6456687450408936,462.7672154903412,0.5412976741790771,0.6456687450408936,462.7672154903412
nc_papers100m_195trainer_0hop_balanced_local_bs128_800r,20260914_201408_ogbn-papers100M_FedAvg_bs128_seed42_beta10000p0,ogbn-papers100M,FedAvg,128,42,10000.0,729,validation,0.3127,2.9008,0.3127,2.9008,2187,0.10573554039001465,0.10573554039001465,0.5342996120452881,0.6400351524353027,463.4072506427765,0.5342996120452881,0.6400351524353027,463.4072506427765
nc_papers100m_195trainer_0hop_balanced_local_bs128_800r,20260914_201408_ogbn-papers100M_FedAvg_bs128_seed42_beta10000p0,ogbn-papers100M,FedAvg,128,42,10000.0,730,validation,0.3132,2.8996,0.3132,2.8996,2190,0.10814929008483887,0.10814929008483887,0.5246841907501221,0.6328334808349609,464.04008412361145,0.5246841907501221,0.6328334808349609,464.04008412361145
nc_papers100m_195trainer_0hop_balanced_local_bs128_800r,20260914_201408_ogbn-papers100M_FedAvg_bs128_seed42_beta10000p0,ogbn-papers100M,FedAvg,128,42,10000.0,731,validation,0.3134,2.8987,0.3134,2.8987,2193,0.11144638061523438,0.11144638061523438,0.5263535976409912,0.6377999782562256,464.6778841018677,0.5263535976409912,0.6377999782562256,464.6778841018677
nc_papers100m_195trainer_0hop_balanced_local_bs128_800r,20260914_201408_ogbn-papers100M_FedAvg_bs128_seed42_beta10000p0,ogbn-papers100M,FedAvg,128,42,10000.0,732,validation,0.3132,2.8986,0.3132,2.8986,2196,0.1059880256652832,0.1059880256652832,0.5379495620727539,0.6439375877380371,465.3218216896057,0.5379495620727539,0.6439375877380371,465.3218216896057
nc_papers100m_195trainer_0hop_balanced_local_bs128_800r,20260914_201408_ogbn-papers100M_FedAvg_bs128_seed42_beta10000p0,ogbn-papers100M,FedAvg,128,42,10000.0,733,validation,0.3133,2.8976,0.3133,2.8976,2199,0.10682916641235352,0.10682916641235352,0.5263645648956299,0.6331937313079834,465.9550154209137,0.5263645648956299,0.6331937313079834,465.9550154209137
nc_papers100m_195trainer_0hop_balanced_local_bs128_800r,20260914_201408_ogbn-papers100M_FedAvg_bs128_seed42_beta10000p0,ogbn-papers100M,FedAvg,128,42,10000.0,734,validation,0.3134,2.8971,0.3134,2.8971,2202,0.10544252395629883,0.10544252395629883,0.5194981098175049,0.6249406337738037,466.5799560546875,0.5194981098175049,0.6249406337738037,466.5799560546875
nc_papers100m_195trainer_0hop_balanced_local_bs128_800r,20260914_201408_ogbn-papers100M_FedAvg_bs128_seed42_beta10000p0,ogbn-papers100M,FedAvg,128,42,10000.0,735,validation,0.3134,2.8969,0.3134,2.8969,2205,0.10438919067382812,0.10438919067382812,0.5269238948822021,0.6313130855560303,467.21126914024353,0.5269238948822021,0.6313130855560303,467.21126914024353
nc_papers100m_195trainer_0hop_balanced_local_bs128_800r,20260914_201408_ogbn-papers100M_FedAvg_bs128_seed42_beta10000p0,ogbn-papers100M,FedAvg,128,42,10000.0,736,validation,0.3133,2.8965,0.3133,2.8965,2208,0.10826444625854492,0.10826444625854492,0.5695974826812744,0.6778619289398193,467.88913106918335,0.5695974826812744,0.6778619289398193,467.88913106918335
nc_papers100m_195trainer_0hop_balanced_local_bs128_800r,20260914_201408_ogbn-papers100M_FedAvg_bs128_seed42_beta10000p0,ogbn-papers100M,FedAvg,128,42,10000.0,737,validation,0.3136,2.8955,0.3136,2.8955,2211,0.10635900497436523,0.10635900497436523,0.5215804576873779,0.6279394626617432,468.5170705318451,0.5215804576873779,0.6279394626617432,468.5170705318451
nc_papers100m_195trainer_0hop_balanced_local_bs128_800r,20260914_201408_ogbn-papers100M_FedAvg_bs128_seed42_beta10000p0,ogbn-papers100M,FedAvg,128,42,10000.0,738,validation,0.3138,2.895,0.3138,2.895,2214,0.1046609878540039,0.1046609878540039,0.5235064029693604,0.6281673908233643,469.14523792266846,0.5235064029693604,0.6281673908233643,469.14523792266846
nc_papers100m_195trainer_0hop_balanced_local_bs128_800r,20260914_201408_ogbn-papers100M_FedAvg_bs128_seed42_beta10000p0,ogbn-papers100M,FedAvg,128,42,10000.0,739,validation,0.3139,2.8944,0.3139,2.8944,2217,0.10525774955749512,0.10525774955749512,0.5252988338470459,0.630556583404541,469.775794506073,0.5252988338470459,0.630556583404541,469.775794506073
nc_papers100m_195trainer_0hop_balanced_local_bs128_800r,20260914_201408_ogbn-papers100M_FedAvg_bs128_seed42_beta10000p0,ogbn-papers100M,FedAvg,128,42,10000.0,740,validation,0.3138,2.8939,0.3138,2.8939,2220,0.10398125648498535,0.10398125648498535,0.5358707904815674,0.6398520469665527,470.41564655303955,0.5358707904815674,0.6398520469665527,470.41564655303955
nc_papers100m_195trainer_0hop_balanced_local_bs128_800r,20260914_201408_ogbn-papers100M_FedAvg_bs128_seed42_beta10000p0,ogbn-papers100M,FedAvg,128,42,10000.0,741,validation,0.3144,2.8931,0.3144,2.8931,2223,0.10337424278259277,0.10337424278259277,0.5163061618804932,0.6196804046630859,471.03532695770264,0.5163061618804932,0.6196804046630859,471.03532695770264
nc_papers100m_195trainer_0hop_balanced_local_bs128_800r,20260914_201408_ogbn-papers100M_FedAvg_bs128_seed42_beta10000p0,ogbn-papers100M,FedAvg,128,42,10000.0,742,validation,0.3144,2.8927,0.3144,2.8927,2226,0.10462355613708496,0.10462355613708496,0.5218920707702637,0.6265156269073486,471.66184258461,0.5218920707702637,0.6265156269073486,471.66184258461
nc_papers100m_195trainer_0hop_balanced_local_bs128_800r,20260914_201408_ogbn-papers100M_FedAvg_bs128_seed42_beta10000p0,ogbn-papers100M,FedAvg,128,42,10000.0,743,validation,0.3145,2.892,0.3145,2.892,2229,0.10622406005859375,0.10622406005859375,0.5376424789428711,0.6438665390014648,472.30570912361145,0.5376424789428711,0.6438665390014648,472.30570912361145
nc_papers100m_195trainer_0hop_balanced_local_bs128_800r,20260914_201408_ogbn-papers100M_FedAvg_bs128_seed42_beta10000p0,ogbn-papers100M,FedAvg,128,42,10000.0,744,validation,0.3143,2.8919,0.3143,2.8919,2232,0.10536766052246094,0.10536766052246094,0.5434863567352295,0.6488540172576904,472.95456314086914,0.5434863567352295,0.6488540172576904,472.95456314086914
nc_papers100m_195trainer_0hop_balanced_local_bs128_800r,20260914_201408_ogbn-papers100M_FedAvg_bs128_seed42_beta10000p0,ogbn-papers100M,FedAvg,128,42,10000.0,745,validation,0.3144,2.8912,0.3144,2.8912,2235,0.10524678230285645,0.10524678230285645,0.5234835147857666,0.628730297088623,473.58329343795776,0.5234835147857666,0.628730297088623,473.58329343795776
nc_papers100m_195trainer_0hop_balanced_local_bs128_800r,20260914_201408_ogbn-papers100M_FedAvg_bs128_seed42_beta10000p0,ogbn-papers100M,FedAvg,128,42,10000.0,746,validation,0.3146,2.8904,0.3146,2.8904,2238,0.10558819770812988,0.10558819770812988,0.5258610248565674,0.6314492225646973,474.21474266052246,0.5258610248565674,0.6314492225646973,474.21474266052246
nc_papers100m_195trainer_0hop_balanced_local_bs128_800r,20260914_201408_ogbn-papers100M_FedAvg_bs128_seed42_beta10000p0,ogbn-papers100M,FedAvg,128,42,10000.0,747,validation,0.315,2.8894,0.315,2.8894,2241,0.10602164268493652,0.10602164268493652,0.5391683578491211,0.6451900005340576,474.8599326610565,0.5391683578491211,0.6451900005340576,474.8599326610565
nc_papers100m_195trainer_0hop_balanced_local_bs128_800r,20260914_201408_ogbn-papers100M_FedAvg_bs128_seed42_beta10000p0,ogbn-papers100M,FedAvg,128,42,10000.0,748,validation,0.315,2.8888,0.315,2.8888,2244,0.10463356971740723,0.10463356971740723,0.5311317443847656,0.6357653141021729,475.4956979751587,0.5311317443847656,0.6357653141021729,475.4956979751587
nc_papers100m_195trainer_0hop_balanced_local_bs128_800r,20260914_201408_ogbn-papers100M_FedAvg_bs128_seed42_beta10000p0,ogbn-papers100M,FedAvg,128,42,10000.0,749,validation,0.3152,2.888,0.3152,2.888,2247,0.10578322410583496,0.10578322410583496,0.5442304611206055,0.6500136852264404,476.14571166038513,0.5442304611206055,0.6500136852264404,476.14571166038513
nc_papers100m_195trainer_0hop_balanced_local_bs128_800r,20260914_201408_ogbn-papers100M_FedAvg_bs128_seed42_beta10000p0,ogbn-papers100M,FedAvg,128,42,10000.0,750,validation,0.3155,2.8872,0.3155,2.8872,2250,0.10839223861694336,0.10839223861694336,0.5320310592651367,0.6404232978820801,476.7861349582672,0.5320310592651367,0.6404232978820801,476.7861349582672
nc_papers100m_195trainer_0hop_balanced_local_bs128_800r,20260914_201408_ogbn-papers100M_FedAvg_bs128_seed42_beta10000p0,ogbn-papers100M,FedAvg,128,42,10000.0,751,validation,0.3151,2.8868,0.3151,2.8868,2253,0.10399675369262695,0.10399675369262695,0.5359396934509277,0.6399364471435547,477.42607140541077,0.5359396934509277,0.6399364471435547,477.42607140541077
nc_papers100m_195trainer_0hop_balanced_local_bs128_800r,20260914_201408_ogbn-papers100M_FedAvg_bs128_seed42_beta10000p0,ogbn-papers100M,FedAvg,128,42,10000.0,752,validation,0.3153,2.8865,0.3153,2.8865,2256,0.10541796684265137,0.10541796684265137,0.5261058807373047,0.631523847579956,478.0575952529907,0.5261058807373047,0.631523847579956,478.0575952529907
nc_papers100m_195trainer_0hop_balanced_local_bs128_800r,20260914_201408_ogbn-papers100M_FedAvg_bs128_seed42_beta10000p0,ogbn-papers100M,FedAvg,128,42,10000.0,753,validation,0.3152,2.8863,0.3152,2.8863,2259,0.10567021369934082,0.10567021369934082,0.5372960567474365,0.6429662704467773,478.7005615234375,0.5372960567474365,0.6429662704467773,478.7005615234375
nc_papers100m_195trainer_0hop_balanced_local_bs128_800r,20260914_201408_ogbn-papers100M_FedAvg_bs128_seed42_beta10000p0,ogbn-papers100M,FedAvg,128,42,10000.0,754,validation,0.3151,2.8856,0.3151,2.8856,2262,0.11020612716674805,0.11020612716674805,0.5384359359741211,0.6486420631408691,479.34920358657837,0.5384359359741211,0.6486420631408691,479.34920358657837
nc_papers100m_195trainer_0hop_balanced_local_bs128_800r,20260914_201408_ogbn-papers100M_FedAvg_bs128_seed42_beta10000p0,ogbn-papers100M,FedAvg,128,42,10000.0,755,validation,0.3152,2.8848,0.3152,2.8848,2265,0.10467123985290527,0.10467123985290527,0.5359647274017334,0.6406359672546387,479.989839553833,0.5359647274017334,0.6406359672546387,479.989839553833
nc_papers100m_195trainer_0hop_balanced_local_bs128_800r,20260914_201408_ogbn-papers100M_FedAvg_bs128_seed42_beta10000p0,ogbn-papers100M,FedAvg,128,42,10000.0,756,validation,0.3153,2.8841,0.3153,2.8841,2268,0.10555768013000488,0.10555768013000488,0.5288956165313721,0.634453296661377,480.6242928504944,0.5288956165313721,0.634453296661377,480.6242928504944
nc_papers100m_195trainer_0hop_balanced_local_bs128_800r,20260914_201408_ogbn-papers100M_FedAvg_bs128_seed42_beta10000p0,ogbn-papers100M,FedAvg,128,42,10000.0,757,validation,0.3155,2.8834,0.3155,2.8834,2271,0.10529327392578125,0.10529327392578125,0.5374112129211426,0.6427044868469238,481.2669973373413,0.5374112129211426,0.6427044868469238,481.2669973373413
nc_papers100m_195trainer_0hop_balanced_local_bs128_800r,20260914_201408_ogbn-papers100M_FedAvg_bs128_seed42_beta10000p0,ogbn-papers100M,FedAvg,128,42,10000.0,758,validation,0.3157,2.8826,0.3157,2.8826,2274,0.1046597957611084,0.1046597957611084,0.5357139110565186,0.640373706817627,481.90737104415894,0.5357139110565186,0.640373706817627,481.90737104415894
nc_papers100m_195trainer_0hop_balanced_local_bs128_800r,20260914_201408_ogbn-papers100M_FedAvg_bs128_seed42_beta10000p0,ogbn-papers100M,FedAvg,128,42,10000.0,759,validation,0.3158,2.8821,0.3158,2.8821,2277,0.10464191436767578,0.10464191436767578,0.5294437408447266,0.6340856552124023,482.54145669937134,0.5294437408447266,0.6340856552124023,482.54145669937134
nc_papers100m_195trainer_0hop_balanced_local_bs128_800r,20260914_201408_ogbn-papers100M_FedAvg_bs128_seed42_beta10000p0,ogbn-papers100M,FedAvg,128,42,10000.0,760,validation,0.316,2.8818,0.316,2.8818,2280,0.10495424270629883,0.10495424270629883,0.5234544277191162,0.628408670425415,483.16986536979675,0.5234544277191162,0.628408670425415,483.16986536979675
nc_papers100m_195trainer_0hop_balanced_local_bs128_800r,20260914_201408_ogbn-papers100M_FedAvg_bs128_seed42_beta10000p0,ogbn-papers100M,FedAvg,128,42,10000.0,761,validation,0.3162,2.881,0.3162,2.881,2283,0.10318160057067871,0.10318160057067871,0.523615837097168,0.6267974376678467,483.7966628074646,0.523615837097168,0.6267974376678467,483.7966628074646
nc_papers100m_195trainer_0hop_balanced_local_bs128_800r,20260914_201408_ogbn-papers100M_FedAvg_bs128_seed42_beta10000p0,ogbn-papers100M,FedAvg,128,42,10000.0,762,validation,0.3166,2.8804,0.3166,2.8804,2286,0.11243414878845215,0.11243414878845215,0.5460505485534668,0.658484697341919,484.4551475048065,0.5460505485534668,0.658484697341919,484.4551475048065
nc_papers100m_195trainer_0hop_balanced_local_bs128_800r,20260914_201408_ogbn-papers100M_FedAvg_bs128_seed42_beta10000p0,ogbn-papers100M,FedAvg,128,42,10000.0,763,validation,0.3165,2.8796,0.3165,2.8796,2289,0.10444998741149902,0.10444998741149902,0.5319230556488037,0.6363730430603027,485.0915205478668,0.5319230556488037,0.6363730430603027,485.0915205478668
nc_papers100m_195trainer_0hop_balanced_local_bs128_800r,20260914_201408_ogbn-papers100M_FedAvg_bs128_seed42_beta10000p0,ogbn-papers100M,FedAvg,128,42,10000.0,764,validation,0.3165,2.8791,0.3165,2.8791,2292,0.10613179206848145,0.10613179206848145,0.5276365280151367,0.6337683200836182,485.72528886795044,0.5276365280151367,0.6337683200836182,485.72528886795044
nc_papers100m_195trainer_0hop_balanced_local_bs128_800r,20260914_201408_ogbn-papers100M_FedAvg_bs128_seed42_beta10000p0,ogbn-papers100M,FedAvg,128,42,10000.0,765,validation,0.3167,2.8787,0.3167,2.8787,2295,0.10519170761108398,0.10519170761108398,0.5267438888549805,0.6319355964660645,486.3572244644165,0.5267438888549805,0.6319355964660645,486.3572244644165
nc_papers100m_195trainer_0hop_balanced_local_bs128_800r,20260914_201408_ogbn-papers100M_FedAvg_bs128_seed42_beta10000p0,ogbn-papers100M,FedAvg,128,42,10000.0,766,validation,0.317,2.8778,0.317,2.8778,2298,0.10418224334716797,0.10418224334716797,0.5385913848876953,0.6427736282348633,486.99999809265137,0.5385913848876953,0.6427736282348633,486.99999809265137
nc_papers100m_195trainer_0hop_balanced_local_bs128_800r,20260914_201408_ogbn-papers100M_FedAvg_bs128_seed42_beta10000p0,ogbn-papers100M,FedAvg,128,42,10000.0,767,validation,0.317,2.8768,0.317,2.8768,2301,0.10492396354675293,0.10492396354675293,0.5231389999389648,0.6280629634857178,487.6280610561371,0.5231389999389648,0.6280629634857178,487.6280610561371
nc_papers100m_195trainer_0hop_balanced_local_bs128_800r,20260914_201408_ogbn-papers100M_FedAvg_bs128_seed42_beta10000p0,ogbn-papers100M,FedAvg,128,42,10000.0,768,validation,0.3171,2.8767,0.3171,2.8767,2304,0.1069941520690918,0.1069941520690918,0.5264835357666016,0.6334776878356934,488.2615387439728,0.5264835357666016,0.6334776878356934,488.2615387439728
nc_papers100m_195trainer_0hop_balanced_local_bs128_800r,20260914_201408_ogbn-papers100M_FedAvg_bs128_seed42_beta10000p0,ogbn-papers100M,FedAvg,128,42,10000.0,769,validation,0.3168,2.8761,0.3168,2.8761,2307,0.10674619674682617,0.10674619674682617,0.5170345306396484,0.6237807273864746,488.88531947135925,0.5170345306396484,0.6237807273864746,488.88531947135925
nc_papers100m_195trainer_0hop_balanced_local_bs128_800r,20260914_201408_ogbn-papers100M_FedAvg_bs128_seed42_beta10000p0,ogbn-papers100M,FedAvg,128,42,10000.0,770,validation,0.3169,2.8754,0.3169,2.8754,2310,0.10682153701782227,0.10682153701782227,0.539452314376831,0.6462738513946533,489.5315933227539,0.539452314376831,0.6462738513946533,489.5315933227539
nc_papers100m_195trainer_0hop_balanced_local_bs128_800r,20260914_201408_ogbn-papers100M_FedAvg_bs128_seed42_beta10000p0,ogbn-papers100M,FedAvg,128,42,10000.0,771,validation,0.3174,2.8751,0.3174,2.8751,2313,0.1060478687286377,0.1060478687286377,0.540123462677002,0.6461713314056396,490.17776465415955,0.540123462677002,0.6461713314056396,490.17776465415955
nc_papers100m_195trainer_0hop_balanced_local_bs128_800r,20260914_201408_ogbn-papers100M_FedAvg_bs128_seed42_beta10000p0,ogbn-papers100M,FedAvg,128,42,10000.0,772,validation,0.3174,2.8742,0.3174,2.8742,2316,0.10441040992736816,0.10441040992736816,0.5292744636535645,0.6336848735809326,490.8114495277405,0.5292744636535645,0.6336848735809326,490.8114495277405
nc_papers100m_195trainer_0hop_balanced_local_bs128_800r,20260914_201408_ogbn-papers100M_FedAvg_bs128_seed42_beta10000p0,ogbn-papers100M,FedAvg,128,42,10000.0,773,validation,0.3176,2.8737,0.3176,2.8737,2319,0.1058967113494873,0.1058967113494873,0.5271530151367188,0.633049726486206,491.4444992542267,0.5271530151367188,0.633049726486206,491.4444992542267
nc_papers100m_195trainer_0hop_balanced_local_bs128_800r,20260914_201408_ogbn-papers100M_FedAvg_bs128_seed42_beta10000p0,ogbn-papers100M,FedAvg,128,42,10000.0,774,validation,0.3179,2.8732,0.3179,2.8732,2322,0.11422562599182129,0.11422562599182129,0.5396885871887207,0.653914213180542,492.0984134674072,0.5396885871887207,0.653914213180542,492.0984134674072
nc_papers100m_195trainer_0hop_balanced_local_bs128_800r,20260914_201408_ogbn-papers100M_FedAvg_bs128_seed42_beta10000p0,ogbn-papers100M,FedAvg,128,42,10000.0,775,validation,0.3177,2.8729,0.3177,2.8729,2325,0.10605645179748535,0.10605645179748535,0.541334867477417,0.6473913192749023,492.74580478668213,0.541334867477417,0.6473913192749023,492.74580478668213
nc_papers100m_195trainer_0hop_balanced_local_bs128_800r,20260914_201408_ogbn-papers100M_FedAvg_bs128_seed42_beta10000p0,ogbn-papers100M,FedAvg,128,42,10000.0,776,validation,0.3178,2.8723,0.3178,2.8723,2328,0.10509133338928223,0.10509133338928223,0.5318329334259033,0.6369242668151855,493.3827290534973,0.5318329334259033,0.6369242668151855,493.3827290534973
nc_papers100m_195trainer_0hop_balanced_local_bs128_800r,20260914_201408_ogbn-papers100M_FedAvg_bs128_seed42_beta10000p0,ogbn-papers100M,FedAvg,128,42,10000.0,777,validation,0.318,2.8716,0.318,2.8716,2331,0.10922598838806152,0.10922598838806152,0.6939523220062256,0.8031783103942871,494.1859073638916,0.6939523220062256,0.8031783103942871,494.1859073638916
nc_papers100m_195trainer_0hop_balanced_local_bs128_800r,20260914_201408_ogbn-papers100M_FedAvg_bs128_seed42_beta10000p0,ogbn-papers100M,FedAvg,128,42,10000.0,778,validation,0.3178,2.8707,0.3178,2.8707,2334,0.10545063018798828,0.10545063018798828,0.5322849750518799,0.6377356052398682,494.82364296913147,0.5322849750518799,0.6377356052398682,494.82364296913147
nc_papers100m_195trainer_0hop_balanced_local_bs128_800r,20260914_201408_ogbn-papers100M_FedAvg_bs128_seed42_beta10000p0,ogbn-papers100M,FedAvg,128,42,10000.0,779,validation,0.3179,2.8704,0.3179,2.8704,2337,0.10680460929870605,0.10680460929870605,0.5255923271179199,0.632396936416626,495.4560399055481,0.5255923271179199,0.632396936416626,495.4560399055481
nc_papers100m_195trainer_0hop_balanced_local_bs128_800r,20260914_201408_ogbn-papers100M_FedAvg_bs128_seed42_beta10000p0,ogbn-papers100M,FedAvg,128,42,10000.0,780,validation,0.3181,2.87,0.3181,2.87,2340,0.10535264015197754,0.10535264015197754,0.5179634094238281,0.6233160495758057,496.0793559551239,0.5179634094238281,0.6233160495758057,496.0793559551239
nc_papers100m_195trainer_0hop_balanced_local_bs128_800r,20260914_201408_ogbn-papers100M_FedAvg_bs128_seed42_beta10000p0,ogbn-papers100M,FedAvg,128,42,10000.0,781,validation,0.3177,2.8693,0.3177,2.8693,2343,0.10500431060791016,0.10500431060791016,0.5210649967193604,0.6260693073272705,496.7054252624512,0.5210649967193604,0.6260693073272705,496.7054252624512
nc_papers100m_195trainer_0hop_balanced_local_bs128_800r,20260914_201408_ogbn-papers100M_FedAvg_bs128_seed42_beta10000p0,ogbn-papers100M,FedAvg,128,42,10000.0,782,validation,0.318,2.868,0.318,2.868,2346,0.10430383682250977,0.10430383682250977,0.5360805988311768,0.6403844356536865,497.34580969810486,0.5360805988311768,0.6403844356536865,497.34580969810486
nc_papers100m_195trainer_0hop_balanced_local_bs128_800r,20260914_201408_ogbn-papers100M_FedAvg_bs128_seed42_beta10000p0,ogbn-papers100M,FedAvg,128,42,10000.0,783,validation,0.3181,2.868,0.3181,2.868,2349,0.10548973083496094,0.10548973083496094,0.5350024700164795,0.6404922008514404,497.9863018989563,0.5350024700164795,0.6404922008514404,497.9863018989563
nc_papers100m_195trainer_0hop_balanced_local_bs128_800r,20260914_201408_ogbn-papers100M_FedAvg_bs128_seed42_beta10000p0,ogbn-papers100M,FedAvg,128,42,10000.0,784,validation,0.3184,2.8675,0.3184,2.8675,2352,0.10854649543762207,0.10854649543762207,0.5238828659057617,0.6324293613433838,498.6187312602997,0.5238828659057617,0.6324293613433838,498.6187312602997
nc_papers100m_195trainer_0hop_balanced_local_bs128_800r,20260914_201408_ogbn-papers100M_FedAvg_bs128_seed42_beta10000p0,ogbn-papers100M,FedAvg,128,42,10000.0,785,validation,0.3185,2.8665,0.3185,2.8665,2355,0.10498881340026855,0.10498881340026855,0.5184187889099121,0.6234076023101807,499.24213886260986,0.5184187889099121,0.6234076023101807,499.24213886260986
nc_papers100m_195trainer_0hop_balanced_local_bs128_800r,20260914_201408_ogbn-papers100M_FedAvg_bs128_seed42_beta10000p0,ogbn-papers100M,FedAvg,128,42,10000.0,786,validation,0.3188,2.8658,0.3188,2.8658,2358,0.10402965545654297,0.10402965545654297,0.5439541339874268,0.6479837894439697,499.89012265205383,0.5439541339874268,0.6479837894439697,499.89012265205383
nc_papers100m_195trainer_0hop_balanced_local_bs128_800r,20260914_201408_ogbn-papers100M_FedAvg_bs128_seed42_beta10000p0,ogbn-papers100M,FedAvg,128,42,10000.0,787,validation,0.3186,2.8652,0.3186,2.8652,2361,0.1042172908782959,0.1042172908782959,0.5220420360565186,0.6262593269348145,500.51638197898865,0.5220420360565186,0.6262593269348145,500.51638197898865
nc_papers100m_195trainer_0hop_balanced_local_bs128_800r,20260914_201408_ogbn-papers100M_FedAvg_bs128_seed42_beta10000p0,ogbn-papers100M,FedAvg,128,42,10000.0,788,validation,0.3187,2.8647,0.3187,2.8647,2364,0.10655617713928223,0.10655617713928223,0.5238292217254639,0.6303853988647461,501.1467673778534,0.5238292217254639,0.6303853988647461,501.1467673778534
nc_papers100m_195trainer_0hop_balanced_local_bs128_800r,20260914_201408_ogbn-papers100M_FedAvg_bs128_seed42_beta10000p0,ogbn-papers100M,FedAvg,128,42,10000.0,789,validation,0.3191,2.8641,0.3191,2.8641,2367,0.10891056060791016,0.10891056060791016,0.5415351390838623,0.6504456996917725,501.79721307754517,0.5415351390838623,0.6504456996917725,501.79721307754517
nc_papers100m_195trainer_0hop_balanced_local_bs128_800r,20260914_201408_ogbn-papers100M_FedAvg_bs128_seed42_beta10000p0,ogbn-papers100M,FedAvg,128,42,10000.0,790,validation,0.3195,2.8636,0.3195,2.8636,2370,0.10637760162353516,0.10637760162353516,0.5486395359039307,0.6550171375274658,502.45223021507263,0.5486395359039307,0.6550171375274658,502.45223021507263
nc_papers100m_195trainer_0hop_balanced_local_bs128_800r,20260914_201408_ogbn-papers100M_FedAvg_bs128_seed42_beta10000p0,ogbn-papers100M,FedAvg,128,42,10000.0,791,validation,0.3195,2.8625,0.3195,2.8625,2373,0.10496068000793457,0.10496068000793457,0.5334839820861816,0.6384446620941162,503.09067487716675,0.5334839820861816,0.6384446620941162,503.09067487716675
nc_papers100m_195trainer_0hop_balanced_local_bs128_800r,20260914_201408_ogbn-papers100M_FedAvg_bs128_seed42_beta10000p0,ogbn-papers100M,FedAvg,128,42,10000.0,792,validation,0.3194,2.862,0.3194,2.862,2376,0.10770034790039062,0.10770034790039062,0.5190756320953369,0.6267759799957275,503.7174508571625,0.5190756320953369,0.6267759799957275,503.7174508571625
nc_papers100m_195trainer_0hop_balanced_local_bs128_800r,20260914_201408_ogbn-papers100M_FedAvg_bs128_seed42_beta10000p0,ogbn-papers100M,FedAvg,128,42,10000.0,793,validation,0.3195,2.8615,0.3195,2.8615,2379,0.10677289962768555,0.10677289962768555,0.5158329010009766,0.6226058006286621,504.34005665779114,0.5158329010009766,0.6226058006286621,504.34005665779114
nc_papers100m_195trainer_0hop_balanced_local_bs128_800r,20260914_201408_ogbn-papers100M_FedAvg_bs128_seed42_beta10000p0,ogbn-papers100M,FedAvg,128,42,10000.0,794,validation,0.3196,2.8614,0.3196,2.8614,2382,0.10522294044494629,0.10522294044494629,0.5342543125152588,0.6394772529602051,504.97953391075134,0.5342543125152588,0.6394772529602051,504.97953391075134
nc_papers100m_195trainer_0hop_balanced_local_bs128_800r,20260914_201408_ogbn-papers100M_FedAvg_bs128_seed42_beta10000p0,ogbn-papers100M,FedAvg,128,42,10000.0,795,validation,0.3193,2.8605,0.3193,2.8605,2385,0.10747933387756348,0.10747933387756348,0.5285425186157227,0.6360218524932861,505.61555576324463,0.5285425186157227,0.6360218524932861,505.61555576324463
nc_papers100m_195trainer_0hop_balanced_local_bs128_800r,20260914_201408_ogbn-papers100M_FedAvg_bs128_seed42_beta10000p0,ogbn-papers100M,FedAvg,128,42,10000.0,796,validation,0.3195,2.8602,0.3195,2.8602,2388,0.10653543472290039,0.10653543472290039,0.5235066413879395,0.6300420761108398,506.24559783935547,0.5235066413879395,0.6300420761108398,506.24559783935547
nc_papers100m_195trainer_0hop_balanced_local_bs128_800r,20260914_201408_ogbn-papers100M_FedAvg_bs128_seed42_beta10000p0,ogbn-papers100M,FedAvg,128,42,10000.0,797,validation,0.3195,2.8592,0.3195,2.8592,2391,0.10770893096923828,0.10770893096923828,0.5260357856750488,0.6337447166442871,506.87934255599976,0.5260357856750488,0.6337447166442871,506.87934255599976
nc_papers100m_195trainer_0hop_balanced_local_bs128_800r,20260914_201408_ogbn-papers100M_FedAvg_bs128_seed42_beta10000p0,ogbn-papers100M,FedAvg,128,42,10000.0,798,validation,0.3193,2.8589,0.3193,2.8589,2394,0.10558319091796875,0.10558319091796875,0.5316321849822998,0.6372153759002686,507.5165579319,0.5316321849822998,0.6372153759002686,507.5165579319
nc_papers100m_195trainer_0hop_balanced_local_bs128_800r,20260914_201408_ogbn-papers100M_FedAvg_bs128_seed42_beta10000p0,ogbn-papers100M,FedAvg,128,42,10000.0,799,validation,0.3199,2.8583,0.3199,2.8583,2397,0.10538983345031738,0.10538983345031738,0.5273714065551758,0.6327612400054932,508.1493191719055,0.5273714065551758,0.6327612400054932,508.1493191719055
nc_papers100m_195trainer_0hop_balanced_local_bs128_800r,20260914_201408_ogbn-papers100M_FedAvg_bs128_seed42_beta10000p0,ogbn-papers100M,FedAvg,128,42,10000.0,800,validation,0.3197,2.8575,0.3197,2.8575,2400,0.10621142387390137,0.10621142387390137,0.5284559726715088,0.6346673965454102,508.7839865684509,0.5284559726715088,0.6346673965454102,508.7839865684509
