experiment_name,run_id,dataset,method,batch_size,seed,iid_beta,round,evaluation_split,evaluation_acc,evaluation_loss,val_acc,val_loss,local_steps,train_time_sec,training_time_sec,parameter_sync_time_sec,train_sync_time_sec,cumulative_train_sync_time_sec,comm_time_sec,train_comm_time_sec,cum_train_comm_time_sec
nc_papers100m_195trainer_0hop_balanced_local_bs512_800r,20260914_203749_ogbn-papers100M_FedAvg_bs512_seed42_beta10000p0,ogbn-papers100M,FedAvg,512,42,10000.0,1,validation,0.0058,5.1514,0.0058,5.1514,3,0.884904146194458,0.884904146194458,0.5476040840148926,1.4325082302093506,1.4325082302093506,0.5476040840148926,1.4325082302093506,1.4325082302093506
nc_papers100m_195trainer_0hop_balanced_local_bs512_800r,20260914_203749_ogbn-papers100M_FedAvg_bs512_seed42_beta10000p0,ogbn-papers100M,FedAvg,512,42,10000.0,2,validation,0.0076,5.1449,0.0076,5.1449,6,0.12108945846557617,0.12108945846557617,0.5306117534637451,0.6517012119293213,2.084209442138672,0.5306117534637451,0.6517012119293213,2.084209442138672
nc_papers100m_195trainer_0hop_balanced_local_bs512_800r,20260914_203749_ogbn-papers100M_FedAvg_bs512_seed42_beta10000p0,ogbn-papers100M,FedAvg,512,42,10000.0,3,validation,0.0096,5.1387,0.0096,5.1387,9,0.1260671615600586,0.1260671615600586,0.5337402820587158,0.6598074436187744,2.7440168857574463,0.5337402820587158,0.6598074436187744,2.7440168857574463
nc_papers100m_195trainer_0hop_balanced_local_bs512_800r,20260914_203749_ogbn-papers100M_FedAvg_bs512_seed42_beta10000p0,ogbn-papers100M,FedAvg,512,42,10000.0,4,validation,0.0119,5.1323,0.0119,5.1323,12,0.12546181678771973,0.12546181678771973,0.5372297763824463,0.662691593170166,3.4067084789276123,0.5372297763824463,0.662691593170166,3.4067084789276123
nc_papers100m_195trainer_0hop_balanced_local_bs512_800r,20260914_203749_ogbn-papers100M_FedAvg_bs512_seed42_beta10000p0,ogbn-papers100M,FedAvg,512,42,10000.0,5,validation,0.0138,5.1254,0.0138,5.1254,15,0.12144947052001953,0.12144947052001953,0.5250108242034912,0.6464602947235107,4.053168773651123,0.5250108242034912,0.6464602947235107,4.053168773651123
nc_papers100m_195trainer_0hop_balanced_local_bs512_800r,20260914_203749_ogbn-papers100M_FedAvg_bs512_seed42_beta10000p0,ogbn-papers100M,FedAvg,512,42,10000.0,6,validation,0.0162,5.1174,0.0162,5.1174,18,0.12902212142944336,0.12902212142944336,0.5339992046356201,0.6630213260650635,4.7161900997161865,0.5339992046356201,0.6630213260650635,4.7161900997161865
nc_papers100m_195trainer_0hop_balanced_local_bs512_800r,20260914_203749_ogbn-papers100M_FedAvg_bs512_seed42_beta10000p0,ogbn-papers100M,FedAvg,512,42,10000.0,7,validation,0.019,5.1082,0.019,5.1082,21,0.12128615379333496,0.12128615379333496,0.5202188491821289,0.6415050029754639,5.35769510269165,0.5202188491821289,0.6415050029754639,5.35769510269165
nc_papers100m_195trainer_0hop_balanced_local_bs512_800r,20260914_203749_ogbn-papers100M_FedAvg_bs512_seed42_beta10000p0,ogbn-papers100M,FedAvg,512,42,10000.0,8,validation,0.0222,5.0978,0.0222,5.0978,24,0.11584043502807617,0.11584043502807617,0.5270705223083496,0.6429109573364258,6.000606060028076,0.5270705223083496,0.6429109573364258,6.000606060028076
nc_papers100m_195trainer_0hop_balanced_local_bs512_800r,20260914_203749_ogbn-papers100M_FedAvg_bs512_seed42_beta10000p0,ogbn-papers100M,FedAvg,512,42,10000.0,9,validation,0.0259,5.0861,0.0259,5.0861,27,0.11880040168762207,0.11880040168762207,0.5259993076324463,0.6447997093200684,6.6454057693481445,0.5259993076324463,0.6447997093200684,6.6454057693481445
nc_papers100m_195trainer_0hop_balanced_local_bs512_800r,20260914_203749_ogbn-papers100M_FedAvg_bs512_seed42_beta10000p0,ogbn-papers100M,FedAvg,512,42,10000.0,10,validation,0.0294,5.0732,0.0294,5.0732,30,0.11498141288757324,0.11498141288757324,0.5381543636322021,0.6531357765197754,7.29854154586792,0.5381543636322021,0.6531357765197754,7.29854154586792
nc_papers100m_195trainer_0hop_balanced_local_bs512_800r,20260914_203749_ogbn-papers100M_FedAvg_bs512_seed42_beta10000p0,ogbn-papers100M,FedAvg,512,42,10000.0,11,validation,0.0325,5.0595,0.0325,5.0595,33,0.11856889724731445,0.11856889724731445,0.5324916839599609,0.6510605812072754,7.949602127075195,0.5324916839599609,0.6510605812072754,7.949602127075195
nc_papers100m_195trainer_0hop_balanced_local_bs512_800r,20260914_203749_ogbn-papers100M_FedAvg_bs512_seed42_beta10000p0,ogbn-papers100M,FedAvg,512,42,10000.0,12,validation,0.0358,5.045,0.0358,5.045,36,0.12286758422851562,0.12286758422851562,0.5278229713439941,0.6506905555725098,8.600292682647705,0.5278229713439941,0.6506905555725098,8.600292682647705
nc_papers100m_195trainer_0hop_balanced_local_bs512_800r,20260914_203749_ogbn-papers100M_FedAvg_bs512_seed42_beta10000p0,ogbn-papers100M,FedAvg,512,42,10000.0,13,validation,0.0386,5.0298,0.0386,5.0298,39,0.12156295776367188,0.12156295776367188,0.5252904891967773,0.6468534469604492,9.247146129608154,0.5252904891967773,0.6468534469604492,9.247146129608154
nc_papers100m_195trainer_0hop_balanced_local_bs512_800r,20260914_203749_ogbn-papers100M_FedAvg_bs512_seed42_beta10000p0,ogbn-papers100M,FedAvg,512,42,10000.0,14,validation,0.0412,5.0145,0.0412,5.0145,42,0.11681985855102539,0.11681985855102539,0.5221107006072998,0.6389305591583252,9.88607668876648,0.5221107006072998,0.6389305591583252,9.88607668876648
nc_papers100m_195trainer_0hop_balanced_local_bs512_800r,20260914_203749_ogbn-papers100M_FedAvg_bs512_seed42_beta10000p0,ogbn-papers100M,FedAvg,512,42,10000.0,15,validation,0.0433,4.999,0.0433,4.999,45,0.11957645416259766,0.11957645416259766,0.5245082378387451,0.6440846920013428,10.530161380767822,0.5245082378387451,0.6440846920013428,10.530161380767822
nc_papers100m_195trainer_0hop_balanced_local_bs512_800r,20260914_203749_ogbn-papers100M_FedAvg_bs512_seed42_beta10000p0,ogbn-papers100M,FedAvg,512,42,10000.0,16,validation,0.0453,4.9834,0.0453,4.9834,48,0.1231088638305664,0.1231088638305664,0.5330812931060791,0.6561901569366455,11.186351537704468,0.5330812931060791,0.6561901569366455,11.186351537704468
nc_papers100m_195trainer_0hop_balanced_local_bs512_800r,20260914_203749_ogbn-papers100M_FedAvg_bs512_seed42_beta10000p0,ogbn-papers100M,FedAvg,512,42,10000.0,17,validation,0.0472,4.9676,0.0472,4.9676,51,0.11820459365844727,0.11820459365844727,0.5301399230957031,0.6483445167541504,11.834696054458618,0.5301399230957031,0.6483445167541504,11.834696054458618
nc_papers100m_195trainer_0hop_balanced_local_bs512_800r,20260914_203749_ogbn-papers100M_FedAvg_bs512_seed42_beta10000p0,ogbn-papers100M,FedAvg,512,42,10000.0,18,validation,0.0492,4.9519,0.0492,4.9519,54,0.11424875259399414,0.11424875259399414,0.5386600494384766,0.6529088020324707,12.487604856491089,0.5386600494384766,0.6529088020324707,12.487604856491089
nc_papers100m_195trainer_0hop_balanced_local_bs512_800r,20260914_203749_ogbn-papers100M_FedAvg_bs512_seed42_beta10000p0,ogbn-papers100M,FedAvg,512,42,10000.0,19,validation,0.0509,4.9358,0.0509,4.9358,57,0.11274051666259766,0.11274051666259766,0.5184750556945801,0.6312155723571777,13.118820428848267,0.5184750556945801,0.6312155723571777,13.118820428848267
nc_papers100m_195trainer_0hop_balanced_local_bs512_800r,20260914_203749_ogbn-papers100M_FedAvg_bs512_seed42_beta10000p0,ogbn-papers100M,FedAvg,512,42,10000.0,20,validation,0.0529,4.9195,0.0529,4.9195,60,0.11484289169311523,0.11484289169311523,0.5424849987030029,0.6573278903961182,13.776148319244385,0.5424849987030029,0.6573278903961182,13.776148319244385
nc_papers100m_195trainer_0hop_balanced_local_bs512_800r,20260914_203749_ogbn-papers100M_FedAvg_bs512_seed42_beta10000p0,ogbn-papers100M,FedAvg,512,42,10000.0,21,validation,0.0545,4.9031,0.0545,4.9031,63,0.11496186256408691,0.11496186256408691,0.53067946434021,0.6456413269042969,14.421789646148682,0.53067946434021,0.6456413269042969,14.421789646148682
nc_papers100m_195trainer_0hop_balanced_local_bs512_800r,20260914_203749_ogbn-papers100M_FedAvg_bs512_seed42_beta10000p0,ogbn-papers100M,FedAvg,512,42,10000.0,22,validation,0.056,4.8867,0.056,4.8867,66,0.11713552474975586,0.11713552474975586,0.530036449432373,0.6471719741821289,15.06896162033081,0.530036449432373,0.6471719741821289,15.06896162033081
nc_papers100m_195trainer_0hop_balanced_local_bs512_800r,20260914_203749_ogbn-papers100M_FedAvg_bs512_seed42_beta10000p0,ogbn-papers100M,FedAvg,512,42,10000.0,23,validation,0.0578,4.8703,0.0578,4.8703,69,0.11289858818054199,0.11289858818054199,0.5297245979309082,0.6426231861114502,15.71158480644226,0.5297245979309082,0.6426231861114502,15.71158480644226
nc_papers100m_195trainer_0hop_balanced_local_bs512_800r,20260914_203749_ogbn-papers100M_FedAvg_bs512_seed42_beta10000p0,ogbn-papers100M,FedAvg,512,42,10000.0,24,validation,0.0597,4.8539,0.0597,4.8539,72,0.11572837829589844,0.11572837829589844,0.5265326499938965,0.6422610282897949,16.353845834732056,0.5265326499938965,0.6422610282897949,16.353845834732056
nc_papers100m_195trainer_0hop_balanced_local_bs512_800r,20260914_203749_ogbn-papers100M_FedAvg_bs512_seed42_beta10000p0,ogbn-papers100M,FedAvg,512,42,10000.0,25,validation,0.0614,4.8378,0.0614,4.8378,75,0.1153409481048584,0.1153409481048584,0.5183250904083252,0.6336660385131836,16.98751187324524,0.5183250904083252,0.6336660385131836,16.98751187324524
nc_papers100m_195trainer_0hop_balanced_local_bs512_800r,20260914_203749_ogbn-papers100M_FedAvg_bs512_seed42_beta10000p0,ogbn-papers100M,FedAvg,512,42,10000.0,26,validation,0.0632,4.8218,0.0632,4.8218,78,0.1241908073425293,0.1241908073425293,0.5259373188018799,0.6501281261444092,17.63763999938965,0.5259373188018799,0.6501281261444092,17.63763999938965
nc_papers100m_195trainer_0hop_balanced_local_bs512_800r,20260914_203749_ogbn-papers100M_FedAvg_bs512_seed42_beta10000p0,ogbn-papers100M,FedAvg,512,42,10000.0,27,validation,0.0649,4.8061,0.0649,4.8061,81,0.11983180046081543,0.11983180046081543,0.5362846851348877,0.6561164855957031,18.29375648498535,0.5362846851348877,0.6561164855957031,18.29375648498535
nc_papers100m_195trainer_0hop_balanced_local_bs512_800r,20260914_203749_ogbn-papers100M_FedAvg_bs512_seed42_beta10000p0,ogbn-papers100M,FedAvg,512,42,10000.0,28,validation,0.0665,4.7907,0.0665,4.7907,84,0.1139833927154541,0.1139833927154541,0.5122923851013184,0.6262757778167725,18.920032262802124,0.5122923851013184,0.6262757778167725,18.920032262802124
nc_papers100m_195trainer_0hop_balanced_local_bs512_800r,20260914_203749_ogbn-papers100M_FedAvg_bs512_seed42_beta10000p0,ogbn-papers100M,FedAvg,512,42,10000.0,29,validation,0.0682,4.7757,0.0682,4.7757,87,0.11365151405334473,0.11365151405334473,0.5261008739471436,0.6397523880004883,19.559784650802612,0.5261008739471436,0.6397523880004883,19.559784650802612
nc_papers100m_195trainer_0hop_balanced_local_bs512_800r,20260914_203749_ogbn-papers100M_FedAvg_bs512_seed42_beta10000p0,ogbn-papers100M,FedAvg,512,42,10000.0,30,validation,0.0701,4.7609,0.0701,4.7609,90,0.11486935615539551,0.11486935615539551,0.5332422256469727,0.6481115818023682,20.20789623260498,0.5332422256469727,0.6481115818023682,20.20789623260498
nc_papers100m_195trainer_0hop_balanced_local_bs512_800r,20260914_203749_ogbn-papers100M_FedAvg_bs512_seed42_beta10000p0,ogbn-papers100M,FedAvg,512,42,10000.0,31,validation,0.0717,4.7461,0.0717,4.7461,93,0.12213563919067383,0.12213563919067383,0.5228731632232666,0.6450088024139404,20.85290503501892,0.5228731632232666,0.6450088024139404,20.85290503501892
nc_papers100m_195trainer_0hop_balanced_local_bs512_800r,20260914_203749_ogbn-papers100M_FedAvg_bs512_seed42_beta10000p0,ogbn-papers100M,FedAvg,512,42,10000.0,32,validation,0.0731,4.7319,0.0731,4.7319,96,0.1220099925994873,0.1220099925994873,0.5600576400756836,0.6820676326751709,21.534972667694092,0.5600576400756836,0.6820676326751709,21.534972667694092
nc_papers100m_195trainer_0hop_balanced_local_bs512_800r,20260914_203749_ogbn-papers100M_FedAvg_bs512_seed42_beta10000p0,ogbn-papers100M,FedAvg,512,42,10000.0,33,validation,0.0749,4.7178,0.0749,4.7178,99,0.11937212944030762,0.11937212944030762,0.5349240303039551,0.6542961597442627,22.189268827438354,0.5349240303039551,0.6542961597442627,22.189268827438354
nc_papers100m_195trainer_0hop_balanced_local_bs512_800r,20260914_203749_ogbn-papers100M_FedAvg_bs512_seed42_beta10000p0,ogbn-papers100M,FedAvg,512,42,10000.0,34,validation,0.0765,4.7041,0.0765,4.7041,102,0.11287951469421387,0.11287951469421387,0.5295870304107666,0.6424665451049805,22.831735372543335,0.5295870304107666,0.6424665451049805,22.831735372543335
nc_papers100m_195trainer_0hop_balanced_local_bs512_800r,20260914_203749_ogbn-papers100M_FedAvg_bs512_seed42_beta10000p0,ogbn-papers100M,FedAvg,512,42,10000.0,35,validation,0.078,4.6906,0.078,4.6906,105,0.11334729194641113,0.11334729194641113,0.527524471282959,0.6408717632293701,23.472607135772705,0.527524471282959,0.6408717632293701,23.472607135772705
nc_papers100m_195trainer_0hop_balanced_local_bs512_800r,20260914_203749_ogbn-papers100M_FedAvg_bs512_seed42_beta10000p0,ogbn-papers100M,FedAvg,512,42,10000.0,36,validation,0.0797,4.6775,0.0797,4.6775,108,0.12376618385314941,0.12376618385314941,0.5249578952789307,0.6487240791320801,24.121331214904785,0.5249578952789307,0.6487240791320801,24.121331214904785
nc_papers100m_195trainer_0hop_balanced_local_bs512_800r,20260914_203749_ogbn-papers100M_FedAvg_bs512_seed42_beta10000p0,ogbn-papers100M,FedAvg,512,42,10000.0,37,validation,0.0814,4.6645,0.0814,4.6645,111,0.1157379150390625,0.1157379150390625,0.5368614196777344,0.6525993347167969,24.773930549621582,0.5368614196777344,0.6525993347167969,24.773930549621582
nc_papers100m_195trainer_0hop_balanced_local_bs512_800r,20260914_203749_ogbn-papers100M_FedAvg_bs512_seed42_beta10000p0,ogbn-papers100M,FedAvg,512,42,10000.0,38,validation,0.083,4.6516,0.083,4.6516,114,0.11362743377685547,0.11362743377685547,0.518618106842041,0.6322455406188965,25.40617609024048,0.518618106842041,0.6322455406188965,25.40617609024048
nc_papers100m_195trainer_0hop_balanced_local_bs512_800r,20260914_203749_ogbn-papers100M_FedAvg_bs512_seed42_beta10000p0,ogbn-papers100M,FedAvg,512,42,10000.0,39,validation,0.0845,4.6389,0.0845,4.6389,117,0.1150963306427002,0.1150963306427002,0.5207130908966064,0.6358094215393066,26.041985511779785,0.5207130908966064,0.6358094215393066,26.041985511779785
nc_papers100m_195trainer_0hop_balanced_local_bs512_800r,20260914_203749_ogbn-papers100M_FedAvg_bs512_seed42_beta10000p0,ogbn-papers100M,FedAvg,512,42,10000.0,40,validation,0.0858,4.6264,0.0858,4.6264,120,0.11565589904785156,0.11565589904785156,0.5348806381225586,0.6505365371704102,26.692522048950195,0.5348806381225586,0.6505365371704102,26.692522048950195
nc_papers100m_195trainer_0hop_balanced_local_bs512_800r,20260914_203749_ogbn-papers100M_FedAvg_bs512_seed42_beta10000p0,ogbn-papers100M,FedAvg,512,42,10000.0,41,validation,0.0873,4.614,0.0873,4.614,123,0.1144406795501709,0.1144406795501709,0.536386251449585,0.6508269309997559,27.34334897994995,0.536386251449585,0.6508269309997559,27.34334897994995
nc_papers100m_195trainer_0hop_balanced_local_bs512_800r,20260914_203749_ogbn-papers100M_FedAvg_bs512_seed42_beta10000p0,ogbn-papers100M,FedAvg,512,42,10000.0,42,validation,0.0888,4.602,0.0888,4.602,126,0.11765265464782715,0.11765265464782715,0.5198988914489746,0.6375515460968018,27.980900526046753,0.5198988914489746,0.6375515460968018,27.980900526046753
nc_papers100m_195trainer_0hop_balanced_local_bs512_800r,20260914_203749_ogbn-papers100M_FedAvg_bs512_seed42_beta10000p0,ogbn-papers100M,FedAvg,512,42,10000.0,43,validation,0.0903,4.59,0.0903,4.59,129,0.12014436721801758,0.12014436721801758,0.5297098159790039,0.6498541831970215,28.630754709243774,0.5297098159790039,0.6498541831970215,28.630754709243774
nc_papers100m_195trainer_0hop_balanced_local_bs512_800r,20260914_203749_ogbn-papers100M_FedAvg_bs512_seed42_beta10000p0,ogbn-papers100M,FedAvg,512,42,10000.0,44,validation,0.0915,4.5782,0.0915,4.5782,132,0.1145942211151123,0.1145942211151123,0.5307352542877197,0.645329475402832,29.276084184646606,0.5307352542877197,0.645329475402832,29.276084184646606
nc_papers100m_195trainer_0hop_balanced_local_bs512_800r,20260914_203749_ogbn-papers100M_FedAvg_bs512_seed42_beta10000p0,ogbn-papers100M,FedAvg,512,42,10000.0,45,validation,0.0928,4.5666,0.0928,4.5666,135,0.11381649971008301,0.11381649971008301,0.518141508102417,0.6319580078125,29.908042192459106,0.518141508102417,0.6319580078125,29.908042192459106
nc_papers100m_195trainer_0hop_balanced_local_bs512_800r,20260914_203749_ogbn-papers100M_FedAvg_bs512_seed42_beta10000p0,ogbn-papers100M,FedAvg,512,42,10000.0,46,validation,0.0942,4.5551,0.0942,4.5551,138,0.11324262619018555,0.11324262619018555,0.5523912906646729,0.6656339168548584,30.573676109313965,0.5523912906646729,0.6656339168548584,30.573676109313965
nc_papers100m_195trainer_0hop_balanced_local_bs512_800r,20260914_203749_ogbn-papers100M_FedAvg_bs512_seed42_beta10000p0,ogbn-papers100M,FedAvg,512,42,10000.0,47,validation,0.0954,4.5436,0.0954,4.5436,141,0.11612319946289062,0.11612319946289062,0.5365614891052246,0.6526846885681152,31.22636079788208,0.5365614891052246,0.6526846885681152,31.22636079788208
nc_papers100m_195trainer_0hop_balanced_local_bs512_800r,20260914_203749_ogbn-papers100M_FedAvg_bs512_seed42_beta10000p0,ogbn-papers100M,FedAvg,512,42,10000.0,48,validation,0.0967,4.5322,0.0967,4.5322,144,0.11562252044677734,0.11562252044677734,0.5185515880584717,0.634174108505249,31.86053490638733,0.5185515880584717,0.634174108505249,31.86053490638733
nc_papers100m_195trainer_0hop_balanced_local_bs512_800r,20260914_203749_ogbn-papers100M_FedAvg_bs512_seed42_beta10000p0,ogbn-papers100M,FedAvg,512,42,10000.0,49,validation,0.0979,4.5209,0.0979,4.5209,147,0.11665844917297363,0.11665844917297363,0.5218853950500488,0.6385438442230225,32.49907875061035,0.5218853950500488,0.6385438442230225,32.49907875061035
nc_papers100m_195trainer_0hop_balanced_local_bs512_800r,20260914_203749_ogbn-papers100M_FedAvg_bs512_seed42_beta10000p0,ogbn-papers100M,FedAvg,512,42,10000.0,50,validation,0.0993,4.5098,0.0993,4.5098,150,0.11248588562011719,0.11248588562011719,0.5306785106658936,0.6431643962860107,33.14224314689636,0.5306785106658936,0.6431643962860107,33.14224314689636
nc_papers100m_195trainer_0hop_balanced_local_bs512_800r,20260914_203749_ogbn-papers100M_FedAvg_bs512_seed42_beta10000p0,ogbn-papers100M,FedAvg,512,42,10000.0,51,validation,0.1009,4.4988,0.1009,4.4988,153,0.11269807815551758,0.11269807815551758,0.5299396514892578,0.6426377296447754,33.78488087654114,0.5299396514892578,0.6426377296447754,33.78488087654114
nc_papers100m_195trainer_0hop_balanced_local_bs512_800r,20260914_203749_ogbn-papers100M_FedAvg_bs512_seed42_beta10000p0,ogbn-papers100M,FedAvg,512,42,10000.0,52,validation,0.1023,4.4881,0.1023,4.4881,156,0.11622834205627441,0.11622834205627441,0.5177369117736816,0.633965253829956,34.418846130371094,0.5177369117736816,0.633965253829956,34.418846130371094
nc_papers100m_195trainer_0hop_balanced_local_bs512_800r,20260914_203749_ogbn-papers100M_FedAvg_bs512_seed42_beta10000p0,ogbn-papers100M,FedAvg,512,42,10000.0,53,validation,0.1034,4.4773,0.1034,4.4773,159,0.11705398559570312,0.11705398559570312,0.5369617938995361,0.6540157794952393,35.07286190986633,0.5369617938995361,0.6540157794952393,35.07286190986633
nc_papers100m_195trainer_0hop_balanced_local_bs512_800r,20260914_203749_ogbn-papers100M_FedAvg_bs512_seed42_beta10000p0,ogbn-papers100M,FedAvg,512,42,10000.0,54,validation,0.1047,4.4667,0.1047,4.4667,162,0.11662888526916504,0.11662888526916504,0.5307052135467529,0.647334098815918,35.72019600868225,0.5307052135467529,0.647334098815918,35.72019600868225
nc_papers100m_195trainer_0hop_balanced_local_bs512_800r,20260914_203749_ogbn-papers100M_FedAvg_bs512_seed42_beta10000p0,ogbn-papers100M,FedAvg,512,42,10000.0,55,validation,0.1061,4.4562,0.1061,4.4562,165,0.11208581924438477,0.11208581924438477,0.5209438800811768,0.6330296993255615,36.35322570800781,0.5209438800811768,0.6330296993255615,36.35322570800781
nc_papers100m_195trainer_0hop_balanced_local_bs512_800r,20260914_203749_ogbn-papers100M_FedAvg_bs512_seed42_beta10000p0,ogbn-papers100M,FedAvg,512,42,10000.0,56,validation,0.1073,4.4456,0.1073,4.4456,168,0.11053705215454102,0.11053705215454102,0.5336544513702393,0.6441915035247803,36.99741721153259,0.5336544513702393,0.6441915035247803,36.99741721153259
nc_papers100m_195trainer_0hop_balanced_local_bs512_800r,20260914_203749_ogbn-papers100M_FedAvg_bs512_seed42_beta10000p0,ogbn-papers100M,FedAvg,512,42,10000.0,57,validation,0.1087,4.4353,0.1087,4.4353,171,0.11096525192260742,0.11096525192260742,0.5295474529266357,0.6405127048492432,37.637929916381836,0.5295474529266357,0.6405127048492432,37.637929916381836
nc_papers100m_195trainer_0hop_balanced_local_bs512_800r,20260914_203749_ogbn-papers100M_FedAvg_bs512_seed42_beta10000p0,ogbn-papers100M,FedAvg,512,42,10000.0,58,validation,0.11,4.425,0.11,4.425,174,0.11412906646728516,0.11412906646728516,0.5202040672302246,0.6343331336975098,38.272263050079346,0.5202040672302246,0.6343331336975098,38.272263050079346
nc_papers100m_195trainer_0hop_balanced_local_bs512_800r,20260914_203749_ogbn-papers100M_FedAvg_bs512_seed42_beta10000p0,ogbn-papers100M,FedAvg,512,42,10000.0,59,validation,0.1114,4.4149,0.1114,4.4149,177,0.11505246162414551,0.11505246162414551,0.5256097316741943,0.6406621932983398,38.912925243377686,0.5256097316741943,0.6406621932983398,38.912925243377686
nc_papers100m_195trainer_0hop_balanced_local_bs512_800r,20260914_203749_ogbn-papers100M_FedAvg_bs512_seed42_beta10000p0,ogbn-papers100M,FedAvg,512,42,10000.0,60,validation,0.1127,4.4048,0.1127,4.4048,180,0.11594939231872559,0.11594939231872559,0.5504899024963379,0.6664392948150635,39.57936453819275,0.5504899024963379,0.6664392948150635,39.57936453819275
nc_papers100m_195trainer_0hop_balanced_local_bs512_800r,20260914_203749_ogbn-papers100M_FedAvg_bs512_seed42_beta10000p0,ogbn-papers100M,FedAvg,512,42,10000.0,61,validation,0.1142,4.3949,0.1142,4.3949,183,0.1140282154083252,0.1140282154083252,0.5210862159729004,0.6351144313812256,40.214478969573975,0.5210862159729004,0.6351144313812256,40.214478969573975
nc_papers100m_195trainer_0hop_balanced_local_bs512_800r,20260914_203749_ogbn-papers100M_FedAvg_bs512_seed42_beta10000p0,ogbn-papers100M,FedAvg,512,42,10000.0,62,validation,0.1155,4.3852,0.1155,4.3852,186,0.1152946949005127,0.1152946949005127,0.5255842208862305,0.6408789157867432,40.85535788536072,0.5255842208862305,0.6408789157867432,40.85535788536072
nc_papers100m_195trainer_0hop_balanced_local_bs512_800r,20260914_203749_ogbn-papers100M_FedAvg_bs512_seed42_beta10000p0,ogbn-papers100M,FedAvg,512,42,10000.0,63,validation,0.1168,4.3754,0.1168,4.3754,189,0.11174368858337402,0.11174368858337402,0.5300195217132568,0.6417632102966309,41.49712109565735,0.5300195217132568,0.6417632102966309,41.49712109565735
nc_papers100m_195trainer_0hop_balanced_local_bs512_800r,20260914_203749_ogbn-papers100M_FedAvg_bs512_seed42_beta10000p0,ogbn-papers100M,FedAvg,512,42,10000.0,64,validation,0.1181,4.3657,0.1181,4.3657,192,0.11755251884460449,0.11755251884460449,0.5280015468597412,0.6455540657043457,42.142675161361694,0.5280015468597412,0.6455540657043457,42.142675161361694
nc_papers100m_195trainer_0hop_balanced_local_bs512_800r,20260914_203749_ogbn-papers100M_FedAvg_bs512_seed42_beta10000p0,ogbn-papers100M,FedAvg,512,42,10000.0,65,validation,0.1193,4.3562,0.1193,4.3562,195,0.1150214672088623,0.1150214672088623,0.5218017101287842,0.6368231773376465,42.77949833869934,0.5218017101287842,0.6368231773376465,42.77949833869934
nc_papers100m_195trainer_0hop_balanced_local_bs512_800r,20260914_203749_ogbn-papers100M_FedAvg_bs512_seed42_beta10000p0,ogbn-papers100M,FedAvg,512,42,10000.0,66,validation,0.1205,4.3467,0.1205,4.3467,198,0.11694574356079102,0.11694574356079102,0.5330429077148438,0.6499886512756348,43.429486989974976,0.5330429077148438,0.6499886512756348,43.429486989974976
nc_papers100m_195trainer_0hop_balanced_local_bs512_800r,20260914_203749_ogbn-papers100M_FedAvg_bs512_seed42_beta10000p0,ogbn-papers100M,FedAvg,512,42,10000.0,67,validation,0.122,4.3373,0.122,4.3373,201,0.11362004280090332,0.11362004280090332,0.5280642509460449,0.6416842937469482,44.071171283721924,0.5280642509460449,0.6416842937469482,44.071171283721924
nc_papers100m_195trainer_0hop_balanced_local_bs512_800r,20260914_203749_ogbn-papers100M_FedAvg_bs512_seed42_beta10000p0,ogbn-papers100M,FedAvg,512,42,10000.0,68,validation,0.1232,4.328,0.1232,4.328,204,0.11333322525024414,0.11333322525024414,0.5250453948974609,0.6383786201477051,44.70954990386963,0.5250453948974609,0.6383786201477051,44.70954990386963
nc_papers100m_195trainer_0hop_balanced_local_bs512_800r,20260914_203749_ogbn-papers100M_FedAvg_bs512_seed42_beta10000p0,ogbn-papers100M,FedAvg,512,42,10000.0,69,validation,0.1248,4.3186,0.1248,4.3186,207,0.11477184295654297,0.11477184295654297,0.5380454063415527,0.6528172492980957,45.362367153167725,0.5380454063415527,0.6528172492980957,45.362367153167725
nc_papers100m_195trainer_0hop_balanced_local_bs512_800r,20260914_203749_ogbn-papers100M_FedAvg_bs512_seed42_beta10000p0,ogbn-papers100M,FedAvg,512,42,10000.0,70,validation,0.1258,4.3093,0.1258,4.3093,210,0.12023186683654785,0.12023186683654785,0.5291154384613037,0.6493473052978516,46.011714458465576,0.5291154384613037,0.6493473052978516,46.011714458465576
nc_papers100m_195trainer_0hop_balanced_local_bs512_800r,20260914_203749_ogbn-papers100M_FedAvg_bs512_seed42_beta10000p0,ogbn-papers100M,FedAvg,512,42,10000.0,71,validation,0.1272,4.3004,0.1272,4.3004,213,0.11889171600341797,0.11889171600341797,0.5236961841583252,0.6425879001617432,46.65430235862732,0.5236961841583252,0.6425879001617432,46.65430235862732
nc_papers100m_195trainer_0hop_balanced_local_bs512_800r,20260914_203749_ogbn-papers100M_FedAvg_bs512_seed42_beta10000p0,ogbn-papers100M,FedAvg,512,42,10000.0,72,validation,0.1285,4.2915,0.1285,4.2915,216,0.11911845207214355,0.11911845207214355,0.5321850776672363,0.6513035297393799,47.3056058883667,0.5321850776672363,0.6513035297393799,47.3056058883667
nc_papers100m_195trainer_0hop_balanced_local_bs512_800r,20260914_203749_ogbn-papers100M_FedAvg_bs512_seed42_beta10000p0,ogbn-papers100M,FedAvg,512,42,10000.0,73,validation,0.1298,4.2824,0.1298,4.2824,219,0.11352252960205078,0.11352252960205078,0.5256161689758301,0.6391386985778809,47.94474458694458,0.5256161689758301,0.6391386985778809,47.94474458694458
nc_papers100m_195trainer_0hop_balanced_local_bs512_800r,20260914_203749_ogbn-papers100M_FedAvg_bs512_seed42_beta10000p0,ogbn-papers100M,FedAvg,512,42,10000.0,74,validation,0.131,4.2737,0.131,4.2737,222,0.11490058898925781,0.11490058898925781,0.5432698726654053,0.6581704616546631,48.60291504859924,0.5432698726654053,0.6581704616546631,48.60291504859924
nc_papers100m_195trainer_0hop_balanced_local_bs512_800r,20260914_203749_ogbn-papers100M_FedAvg_bs512_seed42_beta10000p0,ogbn-papers100M,FedAvg,512,42,10000.0,75,validation,0.1323,4.2649,0.1323,4.2649,225,0.11846160888671875,0.11846160888671875,0.5257842540740967,0.6442458629608154,49.24716091156006,0.5257842540740967,0.6442458629608154,49.24716091156006
nc_papers100m_195trainer_0hop_balanced_local_bs512_800r,20260914_203749_ogbn-papers100M_FedAvg_bs512_seed42_beta10000p0,ogbn-papers100M,FedAvg,512,42,10000.0,76,validation,0.1334,4.2562,0.1334,4.2562,228,0.12480950355529785,0.12480950355529785,0.5364170074462891,0.6612265110015869,49.908387422561646,0.5364170074462891,0.6612265110015869,49.908387422561646
nc_papers100m_195trainer_0hop_balanced_local_bs512_800r,20260914_203749_ogbn-papers100M_FedAvg_bs512_seed42_beta10000p0,ogbn-papers100M,FedAvg,512,42,10000.0,77,validation,0.1348,4.2477,0.1348,4.2477,231,0.11365938186645508,0.11365938186645508,0.5306265354156494,0.6442859172821045,50.55267333984375,0.5306265354156494,0.6442859172821045,50.55267333984375
nc_papers100m_195trainer_0hop_balanced_local_bs512_800r,20260914_203749_ogbn-papers100M_FedAvg_bs512_seed42_beta10000p0,ogbn-papers100M,FedAvg,512,42,10000.0,78,validation,0.1361,4.2392,0.1361,4.2392,234,0.11547422409057617,0.11547422409057617,0.5258831977844238,0.641357421875,51.19403076171875,0.5258831977844238,0.641357421875,51.19403076171875
nc_papers100m_195trainer_0hop_balanced_local_bs512_800r,20260914_203749_ogbn-papers100M_FedAvg_bs512_seed42_beta10000p0,ogbn-papers100M,FedAvg,512,42,10000.0,79,validation,0.1373,4.2309,0.1373,4.2309,237,0.11363101005554199,0.11363101005554199,0.5325298309326172,0.6461608409881592,51.84019160270691,0.5325298309326172,0.6461608409881592,51.84019160270691
nc_papers100m_195trainer_0hop_balanced_local_bs512_800r,20260914_203749_ogbn-papers100M_FedAvg_bs512_seed42_beta10000p0,ogbn-papers100M,FedAvg,512,42,10000.0,80,validation,0.1387,4.2227,0.1387,4.2227,240,0.11549091339111328,0.11549091339111328,0.5234968662261963,0.6389877796173096,52.47917938232422,0.5234968662261963,0.6389877796173096,52.47917938232422
nc_papers100m_195trainer_0hop_balanced_local_bs512_800r,20260914_203749_ogbn-papers100M_FedAvg_bs512_seed42_beta10000p0,ogbn-papers100M,FedAvg,512,42,10000.0,81,validation,0.1399,4.2145,0.1399,4.2145,243,0.1157073974609375,0.1157073974609375,0.5213418006896973,0.6370491981506348,53.11622858047485,0.5213418006896973,0.6370491981506348,53.11622858047485
nc_papers100m_195trainer_0hop_balanced_local_bs512_800r,20260914_203749_ogbn-papers100M_FedAvg_bs512_seed42_beta10000p0,ogbn-papers100M,FedAvg,512,42,10000.0,82,validation,0.1413,4.2064,0.1413,4.2064,246,0.1284332275390625,0.1284332275390625,0.5225410461425781,0.6509742736816406,53.767202854156494,0.5225410461425781,0.6509742736816406,53.767202854156494
nc_papers100m_195trainer_0hop_balanced_local_bs512_800r,20260914_203749_ogbn-papers100M_FedAvg_bs512_seed42_beta10000p0,ogbn-papers100M,FedAvg,512,42,10000.0,83,validation,0.1424,4.1985,0.1424,4.1985,249,0.11450004577636719,0.11450004577636719,0.5298709869384766,0.6443710327148438,54.41157388687134,0.5298709869384766,0.6443710327148438,54.41157388687134
nc_papers100m_195trainer_0hop_balanced_local_bs512_800r,20260914_203749_ogbn-papers100M_FedAvg_bs512_seed42_beta10000p0,ogbn-papers100M,FedAvg,512,42,10000.0,84,validation,0.1434,4.1907,0.1434,4.1907,252,0.11105227470397949,0.11105227470397949,0.5231990814208984,0.6342513561248779,55.045825242996216,0.5231990814208984,0.6342513561248779,55.045825242996216
nc_papers100m_195trainer_0hop_balanced_local_bs512_800r,20260914_203749_ogbn-papers100M_FedAvg_bs512_seed42_beta10000p0,ogbn-papers100M,FedAvg,512,42,10000.0,85,validation,0.1446,4.1828,0.1446,4.1828,255,0.12101340293884277,0.12101340293884277,0.5276222229003906,0.6486356258392334,55.69446086883545,0.5276222229003906,0.6486356258392334,55.69446086883545
nc_papers100m_195trainer_0hop_balanced_local_bs512_800r,20260914_203749_ogbn-papers100M_FedAvg_bs512_seed42_beta10000p0,ogbn-papers100M,FedAvg,512,42,10000.0,86,validation,0.1457,4.175,0.1457,4.175,258,0.1168527603149414,0.1168527603149414,0.5301852226257324,0.6470379829406738,56.34149885177612,0.5301852226257324,0.6470379829406738,56.34149885177612
nc_papers100m_195trainer_0hop_balanced_local_bs512_800r,20260914_203749_ogbn-papers100M_FedAvg_bs512_seed42_beta10000p0,ogbn-papers100M,FedAvg,512,42,10000.0,87,validation,0.1468,4.1673,0.1468,4.1673,261,0.11871695518493652,0.11871695518493652,0.5228474140167236,0.6415643692016602,56.98306322097778,0.5228474140167236,0.6415643692016602,56.98306322097778
nc_papers100m_195trainer_0hop_balanced_local_bs512_800r,20260914_203749_ogbn-papers100M_FedAvg_bs512_seed42_beta10000p0,ogbn-papers100M,FedAvg,512,42,10000.0,88,validation,0.1479,4.1599,0.1479,4.1599,264,0.11461186408996582,0.11461186408996582,0.545799732208252,0.6604115962982178,57.643474817276,0.545799732208252,0.6604115962982178,57.643474817276
nc_papers100m_195trainer_0hop_balanced_local_bs512_800r,20260914_203749_ogbn-papers100M_FedAvg_bs512_seed42_beta10000p0,ogbn-papers100M,FedAvg,512,42,10000.0,89,validation,0.149,4.1522,0.149,4.1522,267,0.11608004570007324,0.11608004570007324,0.541140079498291,0.6572201251983643,58.300694942474365,0.541140079498291,0.6572201251983643,58.300694942474365
nc_papers100m_195trainer_0hop_balanced_local_bs512_800r,20260914_203749_ogbn-papers100M_FedAvg_bs512_seed42_beta10000p0,ogbn-papers100M,FedAvg,512,42,10000.0,90,validation,0.15,4.1445,0.15,4.1445,270,0.11534571647644043,0.11534571647644043,0.5243163108825684,0.6396620273590088,58.940356969833374,0.5243163108825684,0.6396620273590088,58.940356969833374
nc_papers100m_195trainer_0hop_balanced_local_bs512_800r,20260914_203749_ogbn-papers100M_FedAvg_bs512_seed42_beta10000p0,ogbn-papers100M,FedAvg,512,42,10000.0,91,validation,0.1509,4.1373,0.1509,4.1373,273,0.11473894119262695,0.11473894119262695,0.5186116695404053,0.6333506107330322,59.573707580566406,0.5186116695404053,0.6333506107330322,59.573707580566406
nc_papers100m_195trainer_0hop_balanced_local_bs512_800r,20260914_203749_ogbn-papers100M_FedAvg_bs512_seed42_beta10000p0,ogbn-papers100M,FedAvg,512,42,10000.0,92,validation,0.1522,4.1299,0.1522,4.1299,276,0.12333893775939941,0.12333893775939941,0.5200529098510742,0.6433918476104736,60.21709942817688,0.5200529098510742,0.6433918476104736,60.21709942817688
nc_papers100m_195trainer_0hop_balanced_local_bs512_800r,20260914_203749_ogbn-papers100M_FedAvg_bs512_seed42_beta10000p0,ogbn-papers100M,FedAvg,512,42,10000.0,93,validation,0.1532,4.1227,0.1532,4.1227,279,0.11408209800720215,0.11408209800720215,0.5277879238128662,0.6418700218200684,60.85896944999695,0.5277879238128662,0.6418700218200684,60.85896944999695
nc_papers100m_195trainer_0hop_balanced_local_bs512_800r,20260914_203749_ogbn-papers100M_FedAvg_bs512_seed42_beta10000p0,ogbn-papers100M,FedAvg,512,42,10000.0,94,validation,0.1544,4.1156,0.1544,4.1156,282,0.11246156692504883,0.11246156692504883,0.5173718929290771,0.629833459854126,61.488802909851074,0.5173718929290771,0.629833459854126,61.488802909851074
nc_papers100m_195trainer_0hop_balanced_local_bs512_800r,20260914_203749_ogbn-papers100M_FedAvg_bs512_seed42_beta10000p0,ogbn-papers100M,FedAvg,512,42,10000.0,95,validation,0.1554,4.1087,0.1554,4.1087,285,0.11882543563842773,0.11882543563842773,0.5286648273468018,0.6474902629852295,62.136293172836304,0.5286648273468018,0.6474902629852295,62.136293172836304
nc_papers100m_195trainer_0hop_balanced_local_bs512_800r,20260914_203749_ogbn-papers100M_FedAvg_bs512_seed42_beta10000p0,ogbn-papers100M,FedAvg,512,42,10000.0,96,validation,0.1565,4.1017,0.1565,4.1017,288,0.1175987720489502,0.1175987720489502,0.5257155895233154,0.6433143615722656,62.77960753440857,0.5257155895233154,0.6433143615722656,62.77960753440857
nc_papers100m_195trainer_0hop_balanced_local_bs512_800r,20260914_203749_ogbn-papers100M_FedAvg_bs512_seed42_beta10000p0,ogbn-papers100M,FedAvg,512,42,10000.0,97,validation,0.1575,4.0947,0.1575,4.0947,291,0.11802101135253906,0.11802101135253906,0.5211126804351807,0.6391336917877197,63.41874122619629,0.5211126804351807,0.6391336917877197,63.41874122619629
nc_papers100m_195trainer_0hop_balanced_local_bs512_800r,20260914_203749_ogbn-papers100M_FedAvg_bs512_seed42_beta10000p0,ogbn-papers100M,FedAvg,512,42,10000.0,98,validation,0.1585,4.0875,0.1585,4.0875,294,0.1203925609588623,0.1203925609588623,0.5299761295318604,0.6503686904907227,64.06910991668701,0.5299761295318604,0.6503686904907227,64.06910991668701
nc_papers100m_195trainer_0hop_balanced_local_bs512_800r,20260914_203749_ogbn-papers100M_FedAvg_bs512_seed42_beta10000p0,ogbn-papers100M,FedAvg,512,42,10000.0,99,validation,0.1595,4.0808,0.1595,4.0808,297,0.11331534385681152,0.11331534385681152,0.5351486206054688,0.6484639644622803,64.71757388114929,0.5351486206054688,0.6484639644622803,64.71757388114929
nc_papers100m_195trainer_0hop_balanced_local_bs512_800r,20260914_203749_ogbn-papers100M_FedAvg_bs512_seed42_beta10000p0,ogbn-papers100M,FedAvg,512,42,10000.0,100,validation,0.1603,4.074,0.1603,4.074,300,0.11318016052246094,0.11318016052246094,0.5323567390441895,0.6455368995666504,65.36311078071594,0.5323567390441895,0.6455368995666504,65.36311078071594
nc_papers100m_195trainer_0hop_balanced_local_bs512_800r,20260914_203749_ogbn-papers100M_FedAvg_bs512_seed42_beta10000p0,ogbn-papers100M,FedAvg,512,42,10000.0,101,validation,0.1613,4.0674,0.1613,4.0674,303,0.11590313911437988,0.11590313911437988,0.5296168327331543,0.6455199718475342,66.00863075256348,0.5296168327331543,0.6455199718475342,66.00863075256348
nc_papers100m_195trainer_0hop_balanced_local_bs512_800r,20260914_203749_ogbn-papers100M_FedAvg_bs512_seed42_beta10000p0,ogbn-papers100M,FedAvg,512,42,10000.0,102,validation,0.1623,4.0607,0.1623,4.0607,306,0.11502671241760254,0.11502671241760254,0.5571348667144775,0.6721615791320801,66.68079233169556,0.5571348667144775,0.6721615791320801,66.68079233169556
nc_papers100m_195trainer_0hop_balanced_local_bs512_800r,20260914_203749_ogbn-papers100M_FedAvg_bs512_seed42_beta10000p0,ogbn-papers100M,FedAvg,512,42,10000.0,103,validation,0.1632,4.0541,0.1632,4.0541,309,0.12073183059692383,0.12073183059692383,0.7064135074615479,0.8271453380584717,67.50793766975403,0.7064135074615479,0.8271453380584717,67.50793766975403
nc_papers100m_195trainer_0hop_balanced_local_bs512_800r,20260914_203749_ogbn-papers100M_FedAvg_bs512_seed42_beta10000p0,ogbn-papers100M,FedAvg,512,42,10000.0,104,validation,0.1644,4.0476,0.1644,4.0476,312,0.11287403106689453,0.11287403106689453,0.5257229804992676,0.6385970115661621,68.14653468132019,0.5257229804992676,0.6385970115661621,68.14653468132019
nc_papers100m_195trainer_0hop_balanced_local_bs512_800r,20260914_203749_ogbn-papers100M_FedAvg_bs512_seed42_beta10000p0,ogbn-papers100M,FedAvg,512,42,10000.0,105,validation,0.1653,4.0412,0.1653,4.0412,315,0.11321616172790527,0.11321616172790527,0.5251753330230713,0.6383914947509766,68.78492617607117,0.5251753330230713,0.6383914947509766,68.78492617607117
nc_papers100m_195trainer_0hop_balanced_local_bs512_800r,20260914_203749_ogbn-papers100M_FedAvg_bs512_seed42_beta10000p0,ogbn-papers100M,FedAvg,512,42,10000.0,106,validation,0.1663,4.035,0.1663,4.035,318,0.1158897876739502,0.1158897876739502,0.5426390171051025,0.6585288047790527,69.44345498085022,0.5426390171051025,0.6585288047790527,69.44345498085022
nc_papers100m_195trainer_0hop_balanced_local_bs512_800r,20260914_203749_ogbn-papers100M_FedAvg_bs512_seed42_beta10000p0,ogbn-papers100M,FedAvg,512,42,10000.0,107,validation,0.1672,4.0284,0.1672,4.0284,321,0.11641860008239746,0.11641860008239746,0.5405189990997314,0.6569375991821289,70.10039258003235,0.5405189990997314,0.6569375991821289,70.10039258003235
nc_papers100m_195trainer_0hop_balanced_local_bs512_800r,20260914_203749_ogbn-papers100M_FedAvg_bs512_seed42_beta10000p0,ogbn-papers100M,FedAvg,512,42,10000.0,108,validation,0.168,4.022,0.168,4.022,324,0.11301946640014648,0.11301946640014648,0.5193033218383789,0.6323227882385254,70.73271536827087,0.5193033218383789,0.6323227882385254,70.73271536827087
nc_papers100m_195trainer_0hop_balanced_local_bs512_800r,20260914_203749_ogbn-papers100M_FedAvg_bs512_seed42_beta10000p0,ogbn-papers100M,FedAvg,512,42,10000.0,109,validation,0.1689,4.0157,0.1689,4.0157,327,0.11481761932373047,0.11481761932373047,0.5381641387939453,0.6529817581176758,71.38569712638855,0.5381641387939453,0.6529817581176758,71.38569712638855
nc_papers100m_195trainer_0hop_balanced_local_bs512_800r,20260914_203749_ogbn-papers100M_FedAvg_bs512_seed42_beta10000p0,ogbn-papers100M,FedAvg,512,42,10000.0,110,validation,0.1698,4.0096,0.1698,4.0096,330,0.11420583724975586,0.11420583724975586,0.5423588752746582,0.6565647125244141,72.04226183891296,0.5423588752746582,0.6565647125244141,72.04226183891296
nc_papers100m_195trainer_0hop_balanced_local_bs512_800r,20260914_203749_ogbn-papers100M_FedAvg_bs512_seed42_beta10000p0,ogbn-papers100M,FedAvg,512,42,10000.0,111,validation,0.1709,4.0038,0.1709,4.0038,333,0.11195516586303711,0.11195516586303711,0.5317361354827881,0.6436913013458252,72.68595314025879,0.5317361354827881,0.6436913013458252,72.68595314025879
nc_papers100m_195trainer_0hop_balanced_local_bs512_800r,20260914_203749_ogbn-papers100M_FedAvg_bs512_seed42_beta10000p0,ogbn-papers100M,FedAvg,512,42,10000.0,112,validation,0.1716,3.9977,0.1716,3.9977,336,0.11278247833251953,0.11278247833251953,0.5308287143707275,0.6436111927032471,73.32956433296204,0.5308287143707275,0.6436111927032471,73.32956433296204
nc_papers100m_195trainer_0hop_balanced_local_bs512_800r,20260914_203749_ogbn-papers100M_FedAvg_bs512_seed42_beta10000p0,ogbn-papers100M,FedAvg,512,42,10000.0,113,validation,0.1726,3.9918,0.1726,3.9918,339,0.11482644081115723,0.11482644081115723,0.5406334400177002,0.6554598808288574,73.9850242137909,0.5406334400177002,0.6554598808288574,73.9850242137909
nc_papers100m_195trainer_0hop_balanced_local_bs512_800r,20260914_203749_ogbn-papers100M_FedAvg_bs512_seed42_beta10000p0,ogbn-papers100M,FedAvg,512,42,10000.0,114,validation,0.1733,3.9858,0.1733,3.9858,342,0.1201026439666748,0.1201026439666748,0.5334494113922119,0.6535520553588867,74.63857626914978,0.5334494113922119,0.6535520553588867,74.63857626914978
nc_papers100m_195trainer_0hop_balanced_local_bs512_800r,20260914_203749_ogbn-papers100M_FedAvg_bs512_seed42_beta10000p0,ogbn-papers100M,FedAvg,512,42,10000.0,115,validation,0.1742,3.9801,0.1742,3.9801,345,0.11249017715454102,0.11249017715454102,0.5217702388763428,0.6342604160308838,75.27283668518066,0.5217702388763428,0.6342604160308838,75.27283668518066
nc_papers100m_195trainer_0hop_balanced_local_bs512_800r,20260914_203749_ogbn-papers100M_FedAvg_bs512_seed42_beta10000p0,ogbn-papers100M,FedAvg,512,42,10000.0,116,validation,0.1751,3.9745,0.1751,3.9745,348,0.11403942108154297,0.11403942108154297,0.5830230712890625,0.6970624923706055,75.96989917755127,0.5830230712890625,0.6970624923706055,75.96989917755127
nc_papers100m_195trainer_0hop_balanced_local_bs512_800r,20260914_203749_ogbn-papers100M_FedAvg_bs512_seed42_beta10000p0,ogbn-papers100M,FedAvg,512,42,10000.0,117,validation,0.1759,3.9687,0.1759,3.9687,351,0.11160826683044434,0.11160826683044434,0.539717435836792,0.6513257026672363,76.6212248802185,0.539717435836792,0.6513257026672363,76.6212248802185
nc_papers100m_195trainer_0hop_balanced_local_bs512_800r,20260914_203749_ogbn-papers100M_FedAvg_bs512_seed42_beta10000p0,ogbn-papers100M,FedAvg,512,42,10000.0,118,validation,0.1768,3.963,0.1768,3.963,354,0.11345529556274414,0.11345529556274414,0.5233311653137207,0.6367864608764648,77.25801134109497,0.5233311653137207,0.6367864608764648,77.25801134109497
nc_papers100m_195trainer_0hop_balanced_local_bs512_800r,20260914_203749_ogbn-papers100M_FedAvg_bs512_seed42_beta10000p0,ogbn-papers100M,FedAvg,512,42,10000.0,119,validation,0.1776,3.9574,0.1776,3.9574,357,0.11405277252197266,0.11405277252197266,0.53841233253479,0.6524651050567627,77.91047644615173,0.53841233253479,0.6524651050567627,77.91047644615173
nc_papers100m_195trainer_0hop_balanced_local_bs512_800r,20260914_203749_ogbn-papers100M_FedAvg_bs512_seed42_beta10000p0,ogbn-papers100M,FedAvg,512,42,10000.0,120,validation,0.1785,3.9519,0.1785,3.9519,360,0.11256694793701172,0.11256694793701172,0.5348806381225586,0.6474475860595703,78.5579240322113,0.5348806381225586,0.6474475860595703,78.5579240322113
nc_papers100m_195trainer_0hop_balanced_local_bs512_800r,20260914_203749_ogbn-papers100M_FedAvg_bs512_seed42_beta10000p0,ogbn-papers100M,FedAvg,512,42,10000.0,121,validation,0.1795,3.9465,0.1795,3.9465,363,0.11365532875061035,0.11365532875061035,0.5302550792694092,0.6439104080200195,79.20183444023132,0.5302550792694092,0.6439104080200195,79.20183444023132
nc_papers100m_195trainer_0hop_balanced_local_bs512_800r,20260914_203749_ogbn-papers100M_FedAvg_bs512_seed42_beta10000p0,ogbn-papers100M,FedAvg,512,42,10000.0,122,validation,0.1801,3.9409,0.1801,3.9409,366,0.11142110824584961,0.11142110824584961,0.5284416675567627,0.6398627758026123,79.84169721603394,0.5284416675567627,0.6398627758026123,79.84169721603394
nc_papers100m_195trainer_0hop_balanced_local_bs512_800r,20260914_203749_ogbn-papers100M_FedAvg_bs512_seed42_beta10000p0,ogbn-papers100M,FedAvg,512,42,10000.0,123,validation,0.181,3.9356,0.181,3.9356,369,0.11189913749694824,0.11189913749694824,0.5333333015441895,0.6452324390411377,80.48692965507507,0.5333333015441895,0.6452324390411377,80.48692965507507
nc_papers100m_195trainer_0hop_balanced_local_bs512_800r,20260914_203749_ogbn-papers100M_FedAvg_bs512_seed42_beta10000p0,ogbn-papers100M,FedAvg,512,42,10000.0,124,validation,0.1819,3.9304,0.1819,3.9304,372,0.11845707893371582,0.11845707893371582,0.5247039794921875,0.6431610584259033,81.13009071350098,0.5247039794921875,0.6431610584259033,81.13009071350098
nc_papers100m_195trainer_0hop_balanced_local_bs512_800r,20260914_203749_ogbn-papers100M_FedAvg_bs512_seed42_beta10000p0,ogbn-papers100M,FedAvg,512,42,10000.0,125,validation,0.1826,3.9251,0.1826,3.9251,375,0.11645889282226562,0.11645889282226562,0.5314865112304688,0.6479454040527344,81.77803611755371,0.5314865112304688,0.6479454040527344,81.77803611755371
nc_papers100m_195trainer_0hop_balanced_local_bs512_800r,20260914_203749_ogbn-papers100M_FedAvg_bs512_seed42_beta10000p0,ogbn-papers100M,FedAvg,512,42,10000.0,126,validation,0.1834,3.9198,0.1834,3.9198,378,0.11373496055603027,0.11373496055603027,0.528456449508667,0.6421914100646973,82.42022752761841,0.528456449508667,0.6421914100646973,82.42022752761841
nc_papers100m_195trainer_0hop_balanced_local_bs512_800r,20260914_203749_ogbn-papers100M_FedAvg_bs512_seed42_beta10000p0,ogbn-papers100M,FedAvg,512,42,10000.0,127,validation,0.1843,3.9147,0.1843,3.9147,381,0.11300158500671387,0.11300158500671387,0.5324294567108154,0.6454310417175293,83.06565856933594,0.5324294567108154,0.6454310417175293,83.06565856933594
nc_papers100m_195trainer_0hop_balanced_local_bs512_800r,20260914_203749_ogbn-papers100M_FedAvg_bs512_seed42_beta10000p0,ogbn-papers100M,FedAvg,512,42,10000.0,128,validation,0.1852,3.9094,0.1852,3.9094,384,0.11255240440368652,0.11255240440368652,0.5199110507965088,0.6324634552001953,83.69812202453613,0.5199110507965088,0.6324634552001953,83.69812202453613
nc_papers100m_195trainer_0hop_balanced_local_bs512_800r,20260914_203749_ogbn-papers100M_FedAvg_bs512_seed42_beta10000p0,ogbn-papers100M,FedAvg,512,42,10000.0,129,validation,0.1859,3.9042,0.1859,3.9042,387,0.1147305965423584,0.1147305965423584,0.5366649627685547,0.6513955593109131,84.34951758384705,0.5366649627685547,0.6513955593109131,84.34951758384705
nc_papers100m_195trainer_0hop_balanced_local_bs512_800r,20260914_203749_ogbn-papers100M_FedAvg_bs512_seed42_beta10000p0,ogbn-papers100M,FedAvg,512,42,10000.0,130,validation,0.1868,3.8992,0.1868,3.8992,390,0.11382746696472168,0.11382746696472168,0.5526590347290039,0.6664865016937256,85.01600408554077,0.5526590347290039,0.6664865016937256,85.01600408554077
nc_papers100m_195trainer_0hop_balanced_local_bs512_800r,20260914_203749_ogbn-papers100M_FedAvg_bs512_seed42_beta10000p0,ogbn-papers100M,FedAvg,512,42,10000.0,131,validation,0.1875,3.8939,0.1875,3.8939,393,0.11761736869812012,0.11761736869812012,0.5295195579528809,0.647136926651001,85.66314101219177,0.5295195579528809,0.647136926651001,85.66314101219177
nc_papers100m_195trainer_0hop_balanced_local_bs512_800r,20260914_203749_ogbn-papers100M_FedAvg_bs512_seed42_beta10000p0,ogbn-papers100M,FedAvg,512,42,10000.0,132,validation,0.1882,3.889,0.1882,3.889,396,0.1172935962677002,0.1172935962677002,0.52752685546875,0.6448204517364502,86.30796146392822,0.52752685546875,0.6448204517364502,86.30796146392822
nc_papers100m_195trainer_0hop_balanced_local_bs512_800r,20260914_203749_ogbn-papers100M_FedAvg_bs512_seed42_beta10000p0,ogbn-papers100M,FedAvg,512,42,10000.0,133,validation,0.1887,3.8841,0.1887,3.8841,399,0.11322855949401855,0.11322855949401855,0.5245754718780518,0.6378040313720703,86.9457654953003,0.5245754718780518,0.6378040313720703,86.9457654953003
nc_papers100m_195trainer_0hop_balanced_local_bs512_800r,20260914_203749_ogbn-papers100M_FedAvg_bs512_seed42_beta10000p0,ogbn-papers100M,FedAvg,512,42,10000.0,134,validation,0.1894,3.8793,0.1894,3.8793,402,0.11318635940551758,0.11318635940551758,0.5294256210327148,0.6426119804382324,87.58837747573853,0.5294256210327148,0.6426119804382324,87.58837747573853
nc_papers100m_195trainer_0hop_balanced_local_bs512_800r,20260914_203749_ogbn-papers100M_FedAvg_bs512_seed42_beta10000p0,ogbn-papers100M,FedAvg,512,42,10000.0,135,validation,0.1902,3.8743,0.1902,3.8743,405,0.11501574516296387,0.11501574516296387,0.5214383602142334,0.6364541053771973,88.22483158111572,0.5214383602142334,0.6364541053771973,88.22483158111572
nc_papers100m_195trainer_0hop_balanced_local_bs512_800r,20260914_203749_ogbn-papers100M_FedAvg_bs512_seed42_beta10000p0,ogbn-papers100M,FedAvg,512,42,10000.0,136,validation,0.191,3.8695,0.191,3.8695,408,0.11973762512207031,0.11973762512207031,0.5357584953308105,0.6554961204528809,88.8803277015686,0.5357584953308105,0.6554961204528809,88.8803277015686
nc_papers100m_195trainer_0hop_balanced_local_bs512_800r,20260914_203749_ogbn-papers100M_FedAvg_bs512_seed42_beta10000p0,ogbn-papers100M,FedAvg,512,42,10000.0,137,validation,0.1916,3.8649,0.1916,3.8649,411,0.11643362045288086,0.11643362045288086,0.5249147415161133,0.6413483619689941,89.5216760635376,0.5249147415161133,0.6413483619689941,89.5216760635376
nc_papers100m_195trainer_0hop_balanced_local_bs512_800r,20260914_203749_ogbn-papers100M_FedAvg_bs512_seed42_beta10000p0,ogbn-papers100M,FedAvg,512,42,10000.0,138,validation,0.1924,3.8602,0.1924,3.8602,414,0.11308550834655762,0.11308550834655762,0.522064208984375,0.6351497173309326,90.15682578086853,0.522064208984375,0.6351497173309326,90.15682578086853
nc_papers100m_195trainer_0hop_balanced_local_bs512_800r,20260914_203749_ogbn-papers100M_FedAvg_bs512_seed42_beta10000p0,ogbn-papers100M,FedAvg,512,42,10000.0,139,validation,0.1929,3.8557,0.1929,3.8557,417,0.11529397964477539,0.11529397964477539,0.5305330753326416,0.645827054977417,90.80265283584595,0.5305330753326416,0.645827054977417,90.80265283584595
nc_papers100m_195trainer_0hop_balanced_local_bs512_800r,20260914_203749_ogbn-papers100M_FedAvg_bs512_seed42_beta10000p0,ogbn-papers100M,FedAvg,512,42,10000.0,140,validation,0.1938,3.8509,0.1938,3.8509,420,0.11546182632446289,0.11546182632446289,0.525773286819458,0.6412351131439209,91.44388794898987,0.525773286819458,0.6412351131439209,91.44388794898987
nc_papers100m_195trainer_0hop_balanced_local_bs512_800r,20260914_203749_ogbn-papers100M_FedAvg_bs512_seed42_beta10000p0,ogbn-papers100M,FedAvg,512,42,10000.0,141,validation,0.1943,3.8464,0.1943,3.8464,423,0.11951208114624023,0.11951208114624023,0.5339207649230957,0.6534328460693359,92.0973207950592,0.5339207649230957,0.6534328460693359,92.0973207950592
nc_papers100m_195trainer_0hop_balanced_local_bs512_800r,20260914_203749_ogbn-papers100M_FedAvg_bs512_seed42_beta10000p0,ogbn-papers100M,FedAvg,512,42,10000.0,142,validation,0.1951,3.8417,0.1951,3.8417,426,0.12549161911010742,0.12549161911010742,0.5332655906677246,0.658757209777832,92.75607800483704,0.5332655906677246,0.658757209777832,92.75607800483704
nc_papers100m_195trainer_0hop_balanced_local_bs512_800r,20260914_203749_ogbn-papers100M_FedAvg_bs512_seed42_beta10000p0,ogbn-papers100M,FedAvg,512,42,10000.0,143,validation,0.1957,3.8372,0.1957,3.8372,429,0.11477518081665039,0.11477518081665039,0.5254793167114258,0.6402544975280762,93.39633250236511,0.5254793167114258,0.6402544975280762,93.39633250236511
nc_papers100m_195trainer_0hop_balanced_local_bs512_800r,20260914_203749_ogbn-papers100M_FedAvg_bs512_seed42_beta10000p0,ogbn-papers100M,FedAvg,512,42,10000.0,144,validation,0.1961,3.8327,0.1961,3.8327,432,0.1133565902709961,0.1133565902709961,0.5515196323394775,0.6648762226104736,94.06120872497559,0.5515196323394775,0.6648762226104736,94.06120872497559
nc_papers100m_195trainer_0hop_balanced_local_bs512_800r,20260914_203749_ogbn-papers100M_FedAvg_bs512_seed42_beta10000p0,ogbn-papers100M,FedAvg,512,42,10000.0,145,validation,0.1967,3.8282,0.1967,3.8282,435,0.11624956130981445,0.11624956130981445,0.5197679996490479,0.6360175609588623,94.69722628593445,0.5197679996490479,0.6360175609588623,94.69722628593445
nc_papers100m_195trainer_0hop_balanced_local_bs512_800r,20260914_203749_ogbn-papers100M_FedAvg_bs512_seed42_beta10000p0,ogbn-papers100M,FedAvg,512,42,10000.0,146,validation,0.1974,3.8239,0.1974,3.8239,438,0.11646533012390137,0.11646533012390137,0.5299971103668213,0.6464624404907227,95.34368872642517,0.5299971103668213,0.6464624404907227,95.34368872642517
nc_papers100m_195trainer_0hop_balanced_local_bs512_800r,20260914_203749_ogbn-papers100M_FedAvg_bs512_seed42_beta10000p0,ogbn-papers100M,FedAvg,512,42,10000.0,147,validation,0.1979,3.8195,0.1979,3.8195,441,0.11642122268676758,0.11642122268676758,0.529350996017456,0.6457722187042236,95.9894609451294,0.529350996017456,0.6457722187042236,95.9894609451294
nc_papers100m_195trainer_0hop_balanced_local_bs512_800r,20260914_203749_ogbn-papers100M_FedAvg_bs512_seed42_beta10000p0,ogbn-papers100M,FedAvg,512,42,10000.0,148,validation,0.1985,3.8151,0.1985,3.8151,444,0.11760544776916504,0.11760544776916504,0.525458574295044,0.643064022064209,96.6325249671936,0.525458574295044,0.643064022064209,96.6325249671936
nc_papers100m_195trainer_0hop_balanced_local_bs512_800r,20260914_203749_ogbn-papers100M_FedAvg_bs512_seed42_beta10000p0,ogbn-papers100M,FedAvg,512,42,10000.0,149,validation,0.1991,3.8109,0.1991,3.8109,447,0.11224031448364258,0.11224031448364258,0.527442455291748,0.6396827697753906,97.272207736969,0.527442455291748,0.6396827697753906,97.272207736969
nc_papers100m_195trainer_0hop_balanced_local_bs512_800r,20260914_203749_ogbn-papers100M_FedAvg_bs512_seed42_beta10000p0,ogbn-papers100M,FedAvg,512,42,10000.0,150,validation,0.1998,3.8063,0.1998,3.8063,450,0.1132047176361084,0.1132047176361084,0.5224897861480713,0.6356945037841797,97.90790224075317,0.5224897861480713,0.6356945037841797,97.90790224075317
nc_papers100m_195trainer_0hop_balanced_local_bs512_800r,20260914_203749_ogbn-papers100M_FedAvg_bs512_seed42_beta10000p0,ogbn-papers100M,FedAvg,512,42,10000.0,151,validation,0.2003,3.8022,0.2003,3.8022,453,0.11415243148803711,0.11415243148803711,0.5135610103607178,0.6277134418487549,98.53561568260193,0.5135610103607178,0.6277134418487549,98.53561568260193
nc_papers100m_195trainer_0hop_balanced_local_bs512_800r,20260914_203749_ogbn-papers100M_FedAvg_bs512_seed42_beta10000p0,ogbn-papers100M,FedAvg,512,42,10000.0,152,validation,0.2009,3.7979,0.2009,3.7979,456,0.11598610877990723,0.11598610877990723,0.5458464622497559,0.6618325710296631,99.19744825363159,0.5458464622497559,0.6618325710296631,99.19744825363159
nc_papers100m_195trainer_0hop_balanced_local_bs512_800r,20260914_203749_ogbn-papers100M_FedAvg_bs512_seed42_beta10000p0,ogbn-papers100M,FedAvg,512,42,10000.0,153,validation,0.2014,3.7937,0.2014,3.7937,459,0.11243033409118652,0.11243033409118652,0.5280723571777344,0.6405026912689209,99.83795094490051,0.5280723571777344,0.6405026912689209,99.83795094490051
nc_papers100m_195trainer_0hop_balanced_local_bs512_800r,20260914_203749_ogbn-papers100M_FedAvg_bs512_seed42_beta10000p0,ogbn-papers100M,FedAvg,512,42,10000.0,154,validation,0.202,3.7893,0.202,3.7893,462,0.11063623428344727,0.11063623428344727,0.518240213394165,0.6288764476776123,100.46682739257812,0.518240213394165,0.6288764476776123,100.46682739257812
nc_papers100m_195trainer_0hop_balanced_local_bs512_800r,20260914_203749_ogbn-papers100M_FedAvg_bs512_seed42_beta10000p0,ogbn-papers100M,FedAvg,512,42,10000.0,155,validation,0.2025,3.7852,0.2025,3.7852,465,0.12070250511169434,0.12070250511169434,0.5251941680908203,0.6458966732025146,101.11272406578064,0.5251941680908203,0.6458966732025146,101.11272406578064
nc_papers100m_195trainer_0hop_balanced_local_bs512_800r,20260914_203749_ogbn-papers100M_FedAvg_bs512_seed42_beta10000p0,ogbn-papers100M,FedAvg,512,42,10000.0,156,validation,0.2029,3.7811,0.2029,3.7811,468,0.11519956588745117,0.11519956588745117,0.5262143611907959,0.6414139270782471,101.75413799285889,0.5262143611907959,0.6414139270782471,101.75413799285889
nc_papers100m_195trainer_0hop_balanced_local_bs512_800r,20260914_203749_ogbn-papers100M_FedAvg_bs512_seed42_beta10000p0,ogbn-papers100M,FedAvg,512,42,10000.0,157,validation,0.2035,3.7769,0.2035,3.7769,471,0.11548924446105957,0.11548924446105957,0.5129477977752686,0.6284370422363281,102.38257503509521,0.5129477977752686,0.6284370422363281,102.38257503509521
nc_papers100m_195trainer_0hop_balanced_local_bs512_800r,20260914_203749_ogbn-papers100M_FedAvg_bs512_seed42_beta10000p0,ogbn-papers100M,FedAvg,512,42,10000.0,158,validation,0.204,3.7726,0.204,3.7726,474,0.12064862251281738,0.12064862251281738,0.5586118698120117,0.6792604923248291,103.06183552742004,0.5586118698120117,0.6792604923248291,103.06183552742004
nc_papers100m_195trainer_0hop_balanced_local_bs512_800r,20260914_203749_ogbn-papers100M_FedAvg_bs512_seed42_beta10000p0,ogbn-papers100M,FedAvg,512,42,10000.0,159,validation,0.2046,3.7688,0.2046,3.7688,477,0.11229968070983887,0.11229968070983887,0.5402276515960693,0.6525273323059082,103.71436285972595,0.5402276515960693,0.6525273323059082,103.71436285972595
nc_papers100m_195trainer_0hop_balanced_local_bs512_800r,20260914_203749_ogbn-papers100M_FedAvg_bs512_seed42_beta10000p0,ogbn-papers100M,FedAvg,512,42,10000.0,160,validation,0.2053,3.7648,0.2053,3.7648,480,0.10996222496032715,0.10996222496032715,0.522801399230957,0.6327636241912842,104.34712648391724,0.522801399230957,0.6327636241912842,104.34712648391724
nc_papers100m_195trainer_0hop_balanced_local_bs512_800r,20260914_203749_ogbn-papers100M_FedAvg_bs512_seed42_beta10000p0,ogbn-papers100M,FedAvg,512,42,10000.0,161,validation,0.2056,3.7607,0.2056,3.7607,483,0.11288261413574219,0.11288261413574219,0.5219011306762695,0.6347837448120117,104.98191022872925,0.5219011306762695,0.6347837448120117,104.98191022872925
nc_papers100m_195trainer_0hop_balanced_local_bs512_800r,20260914_203749_ogbn-papers100M_FedAvg_bs512_seed42_beta10000p0,ogbn-papers100M,FedAvg,512,42,10000.0,162,validation,0.206,3.7567,0.206,3.7567,486,0.11609506607055664,0.11609506607055664,0.5332765579223633,0.6493716239929199,105.63128185272217,0.5332765579223633,0.6493716239929199,105.63128185272217
nc_papers100m_195trainer_0hop_balanced_local_bs512_800r,20260914_203749_ogbn-papers100M_FedAvg_bs512_seed42_beta10000p0,ogbn-papers100M,FedAvg,512,42,10000.0,163,validation,0.2068,3.7527,0.2068,3.7527,489,0.11357998847961426,0.11357998847961426,0.5224661827087402,0.6360461711883545,106.26732802391052,0.5224661827087402,0.6360461711883545,106.26732802391052
nc_papers100m_195trainer_0hop_balanced_local_bs512_800r,20260914_203749_ogbn-papers100M_FedAvg_bs512_seed42_beta10000p0,ogbn-papers100M,FedAvg,512,42,10000.0,164,validation,0.2073,3.7487,0.2073,3.7487,492,0.11213254928588867,0.11213254928588867,0.5291862487792969,0.6413187980651855,106.90864682197571,0.5291862487792969,0.6413187980651855,106.90864682197571
nc_papers100m_195trainer_0hop_balanced_local_bs512_800r,20260914_203749_ogbn-papers100M_FedAvg_bs512_seed42_beta10000p0,ogbn-papers100M,FedAvg,512,42,10000.0,165,validation,0.2077,3.7448,0.2077,3.7448,495,0.11246538162231445,0.11246538162231445,0.5312297344207764,0.6436951160430908,107.5523419380188,0.5312297344207764,0.6436951160430908,107.5523419380188
nc_papers100m_195trainer_0hop_balanced_local_bs512_800r,20260914_203749_ogbn-papers100M_FedAvg_bs512_seed42_beta10000p0,ogbn-papers100M,FedAvg,512,42,10000.0,166,validation,0.2083,3.741,0.2083,3.741,498,0.11483049392700195,0.11483049392700195,0.5386574268341064,0.6534879207611084,108.20582985877991,0.5386574268341064,0.6534879207611084,108.20582985877991
nc_papers100m_195trainer_0hop_balanced_local_bs512_800r,20260914_203749_ogbn-papers100M_FedAvg_bs512_seed42_beta10000p0,ogbn-papers100M,FedAvg,512,42,10000.0,167,validation,0.2086,3.7374,0.2086,3.7374,501,0.11141252517700195,0.11141252517700195,0.5240960121154785,0.6355085372924805,108.84133839607239,0.5240960121154785,0.6355085372924805,108.84133839607239
nc_papers100m_195trainer_0hop_balanced_local_bs512_800r,20260914_203749_ogbn-papers100M_FedAvg_bs512_seed42_beta10000p0,ogbn-papers100M,FedAvg,512,42,10000.0,168,validation,0.2095,3.7339,0.2095,3.7339,504,0.11892080307006836,0.11892080307006836,0.5274806022644043,0.6464014053344727,109.48773980140686,0.5274806022644043,0.6464014053344727,109.48773980140686
nc_papers100m_195trainer_0hop_balanced_local_bs512_800r,20260914_203749_ogbn-papers100M_FedAvg_bs512_seed42_beta10000p0,ogbn-papers100M,FedAvg,512,42,10000.0,169,validation,0.21,3.73,0.21,3.73,507,0.11109423637390137,0.11109423637390137,0.5367209911346436,0.6478152275085449,110.1355550289154,0.5367209911346436,0.6478152275085449,110.1355550289154
nc_papers100m_195trainer_0hop_balanced_local_bs512_800r,20260914_203749_ogbn-papers100M_FedAvg_bs512_seed42_beta10000p0,ogbn-papers100M,FedAvg,512,42,10000.0,170,validation,0.2105,3.7262,0.2105,3.7262,510,0.110382080078125,0.110382080078125,0.5203897953033447,0.6307718753814697,110.76632690429688,0.5203897953033447,0.6307718753814697,110.76632690429688
nc_papers100m_195trainer_0hop_balanced_local_bs512_800r,20260914_203749_ogbn-papers100M_FedAvg_bs512_seed42_beta10000p0,ogbn-papers100M,FedAvg,512,42,10000.0,171,validation,0.2109,3.7228,0.2109,3.7228,513,0.1131751537322998,0.1131751537322998,0.5168533325195312,0.630028486251831,111.3963553905487,0.5168533325195312,0.630028486251831,111.3963553905487
nc_papers100m_195trainer_0hop_balanced_local_bs512_800r,20260914_203749_ogbn-papers100M_FedAvg_bs512_seed42_beta10000p0,ogbn-papers100M,FedAvg,512,42,10000.0,172,validation,0.2115,3.7191,0.2115,3.7191,516,0.11306047439575195,0.11306047439575195,0.5593314170837402,0.6723918914794922,112.0687472820282,0.5593314170837402,0.6723918914794922,112.0687472820282
nc_papers100m_195trainer_0hop_balanced_local_bs512_800r,20260914_203749_ogbn-papers100M_FedAvg_bs512_seed42_beta10000p0,ogbn-papers100M,FedAvg,512,42,10000.0,173,validation,0.2118,3.7156,0.2118,3.7156,519,0.11231064796447754,0.11231064796447754,0.5337738990783691,0.6460845470428467,112.71483182907104,0.5337738990783691,0.6460845470428467,112.71483182907104
nc_papers100m_195trainer_0hop_balanced_local_bs512_800r,20260914_203749_ogbn-papers100M_FedAvg_bs512_seed42_beta10000p0,ogbn-papers100M,FedAvg,512,42,10000.0,174,validation,0.2123,3.7119,0.2123,3.7119,522,0.11636471748352051,0.11636471748352051,0.5150847434997559,0.6314494609832764,113.34628129005432,0.5150847434997559,0.6314494609832764,113.34628129005432
nc_papers100m_195trainer_0hop_balanced_local_bs512_800r,20260914_203749_ogbn-papers100M_FedAvg_bs512_seed42_beta10000p0,ogbn-papers100M,FedAvg,512,42,10000.0,175,validation,0.2129,3.7082,0.2129,3.7082,525,0.11310315132141113,0.11310315132141113,0.5360555648803711,0.6491587162017822,113.9954400062561,0.5360555648803711,0.6491587162017822,113.9954400062561
nc_papers100m_195trainer_0hop_balanced_local_bs512_800r,20260914_203749_ogbn-papers100M_FedAvg_bs512_seed42_beta10000p0,ogbn-papers100M,FedAvg,512,42,10000.0,176,validation,0.2131,3.7047,0.2131,3.7047,528,0.11080551147460938,0.11080551147460938,0.5337536334991455,0.6445591449737549,114.63999915122986,0.5337536334991455,0.6445591449737549,114.63999915122986
nc_papers100m_195trainer_0hop_balanced_local_bs512_800r,20260914_203749_ogbn-papers100M_FedAvg_bs512_seed42_beta10000p0,ogbn-papers100M,FedAvg,512,42,10000.0,177,validation,0.2136,3.7014,0.2136,3.7014,531,0.11438131332397461,0.11438131332397461,0.5186023712158203,0.6329836845397949,115.27298283576965,0.5186023712158203,0.6329836845397949,115.27298283576965
nc_papers100m_195trainer_0hop_balanced_local_bs512_800r,20260914_203749_ogbn-papers100M_FedAvg_bs512_seed42_beta10000p0,ogbn-papers100M,FedAvg,512,42,10000.0,178,validation,0.214,3.6978,0.214,3.6978,534,0.11052989959716797,0.11052989959716797,0.5282208919525146,0.6387507915496826,115.91173362731934,0.5282208919525146,0.6387507915496826,115.91173362731934
nc_papers100m_195trainer_0hop_balanced_local_bs512_800r,20260914_203749_ogbn-papers100M_FedAvg_bs512_seed42_beta10000p0,ogbn-papers100M,FedAvg,512,42,10000.0,179,validation,0.2145,3.6941,0.2145,3.6941,537,0.1151432991027832,0.1151432991027832,0.5214812755584717,0.6366245746612549,116.54835820198059,0.5214812755584717,0.6366245746612549,116.54835820198059
nc_papers100m_195trainer_0hop_balanced_local_bs512_800r,20260914_203749_ogbn-papers100M_FedAvg_bs512_seed42_beta10000p0,ogbn-papers100M,FedAvg,512,42,10000.0,180,validation,0.2151,3.6905,0.2151,3.6905,540,0.11507081985473633,0.11507081985473633,0.5193793773651123,0.6344501972198486,117.18280839920044,0.5193793773651123,0.6344501972198486,117.18280839920044
nc_papers100m_195trainer_0hop_balanced_local_bs512_800r,20260914_203749_ogbn-papers100M_FedAvg_bs512_seed42_beta10000p0,ogbn-papers100M,FedAvg,512,42,10000.0,181,validation,0.2152,3.6872,0.2152,3.6872,543,0.12085914611816406,0.12085914611816406,0.5239629745483398,0.6448221206665039,117.82763051986694,0.5239629745483398,0.6448221206665039,117.82763051986694
nc_papers100m_195trainer_0hop_balanced_local_bs512_800r,20260914_203749_ogbn-papers100M_FedAvg_bs512_seed42_beta10000p0,ogbn-papers100M,FedAvg,512,42,10000.0,182,validation,0.216,3.6836,0.216,3.6836,546,0.11248326301574707,0.11248326301574707,0.5361475944519043,0.6486308574676514,118.4762613773346,0.5361475944519043,0.6486308574676514,118.4762613773346
nc_papers100m_195trainer_0hop_balanced_local_bs512_800r,20260914_203749_ogbn-papers100M_FedAvg_bs512_seed42_beta10000p0,ogbn-papers100M,FedAvg,512,42,10000.0,183,validation,0.2162,3.6801,0.2162,3.6801,549,0.10984277725219727,0.10984277725219727,0.5187482833862305,0.6285910606384277,119.10485243797302,0.5187482833862305,0.6285910606384277,119.10485243797302
nc_papers100m_195trainer_0hop_balanced_local_bs512_800r,20260914_203749_ogbn-papers100M_FedAvg_bs512_seed42_beta10000p0,ogbn-papers100M,FedAvg,512,42,10000.0,184,validation,0.2167,3.6769,0.2167,3.6769,552,0.11789679527282715,0.11789679527282715,0.5164830684661865,0.6343798637390137,119.73923230171204,0.5164830684661865,0.6343798637390137,119.73923230171204
nc_papers100m_195trainer_0hop_balanced_local_bs512_800r,20260914_203749_ogbn-papers100M_FedAvg_bs512_seed42_beta10000p0,ogbn-papers100M,FedAvg,512,42,10000.0,185,validation,0.2168,3.6735,0.2168,3.6735,555,0.11702656745910645,0.11702656745910645,0.5377712249755859,0.6547977924346924,120.39403009414673,0.5377712249755859,0.6547977924346924,120.39403009414673
nc_papers100m_195trainer_0hop_balanced_local_bs512_800r,20260914_203749_ogbn-papers100M_FedAvg_bs512_seed42_beta10000p0,ogbn-papers100M,FedAvg,512,42,10000.0,186,validation,0.2173,3.6701,0.2173,3.6701,558,0.11474394798278809,0.11474394798278809,0.5380315780639648,0.6527755260467529,121.04680562019348,0.5380315780639648,0.6527755260467529,121.04680562019348
nc_papers100m_195trainer_0hop_balanced_local_bs512_800r,20260914_203749_ogbn-papers100M_FedAvg_bs512_seed42_beta10000p0,ogbn-papers100M,FedAvg,512,42,10000.0,187,validation,0.2179,3.6668,0.2179,3.6668,561,0.11219668388366699,0.11219668388366699,0.5315754413604736,0.6437721252441406,121.69057774543762,0.5315754413604736,0.6437721252441406,121.69057774543762
nc_papers100m_195trainer_0hop_balanced_local_bs512_800r,20260914_203749_ogbn-papers100M_FedAvg_bs512_seed42_beta10000p0,ogbn-papers100M,FedAvg,512,42,10000.0,188,validation,0.2182,3.6633,0.2182,3.6633,564,0.11074113845825195,0.11074113845825195,0.5271973609924316,0.6379384994506836,122.3285162448883,0.5271973609924316,0.6379384994506836,122.3285162448883
nc_papers100m_195trainer_0hop_balanced_local_bs512_800r,20260914_203749_ogbn-papers100M_FedAvg_bs512_seed42_beta10000p0,ogbn-papers100M,FedAvg,512,42,10000.0,189,validation,0.2186,3.6599,0.2186,3.6599,567,0.11478376388549805,0.11478376388549805,0.5298123359680176,0.6445960998535156,122.97311234474182,0.5298123359680176,0.6445960998535156,122.97311234474182
nc_papers100m_195trainer_0hop_balanced_local_bs512_800r,20260914_203749_ogbn-papers100M_FedAvg_bs512_seed42_beta10000p0,ogbn-papers100M,FedAvg,512,42,10000.0,190,validation,0.2189,3.6568,0.2189,3.6568,570,0.11328983306884766,0.11328983306884766,0.5131008625030518,0.6263906955718994,123.59950304031372,0.5131008625030518,0.6263906955718994,123.59950304031372
nc_papers100m_195trainer_0hop_balanced_local_bs512_800r,20260914_203749_ogbn-papers100M_FedAvg_bs512_seed42_beta10000p0,ogbn-papers100M,FedAvg,512,42,10000.0,191,validation,0.2193,3.6537,0.2193,3.6537,573,0.123992919921875,0.123992919921875,0.5229644775390625,0.6469573974609375,124.24646043777466,0.5229644775390625,0.6469573974609375,124.24646043777466
nc_papers100m_195trainer_0hop_balanced_local_bs512_800r,20260914_203749_ogbn-papers100M_FedAvg_bs512_seed42_beta10000p0,ogbn-papers100M,FedAvg,512,42,10000.0,192,validation,0.2197,3.6503,0.2197,3.6503,576,0.11243915557861328,0.11243915557861328,0.5248169898986816,0.6372561454772949,124.88371658325195,0.5248169898986816,0.6372561454772949,124.88371658325195
nc_papers100m_195trainer_0hop_balanced_local_bs512_800r,20260914_203749_ogbn-papers100M_FedAvg_bs512_seed42_beta10000p0,ogbn-papers100M,FedAvg,512,42,10000.0,193,validation,0.2201,3.6469,0.2201,3.6469,579,0.11390161514282227,0.11390161514282227,0.5253734588623047,0.639275074005127,125.52299165725708,0.5253734588623047,0.639275074005127,125.52299165725708
nc_papers100m_195trainer_0hop_balanced_local_bs512_800r,20260914_203749_ogbn-papers100M_FedAvg_bs512_seed42_beta10000p0,ogbn-papers100M,FedAvg,512,42,10000.0,194,validation,0.2203,3.6436,0.2203,3.6436,582,0.1197967529296875,0.1197967529296875,0.5221014022827148,0.6418981552124023,126.16488981246948,0.5221014022827148,0.6418981552124023,126.16488981246948
nc_papers100m_195trainer_0hop_balanced_local_bs512_800r,20260914_203749_ogbn-papers100M_FedAvg_bs512_seed42_beta10000p0,ogbn-papers100M,FedAvg,512,42,10000.0,195,validation,0.2208,3.6404,0.2208,3.6404,585,0.11463022232055664,0.11463022232055664,0.5285887718200684,0.643218994140625,126.80810880661011,0.5285887718200684,0.643218994140625,126.80810880661011
nc_papers100m_195trainer_0hop_balanced_local_bs512_800r,20260914_203749_ogbn-papers100M_FedAvg_bs512_seed42_beta10000p0,ogbn-papers100M,FedAvg,512,42,10000.0,196,validation,0.2209,3.6372,0.2209,3.6372,588,0.12459683418273926,0.12459683418273926,0.5226130485534668,0.647209882736206,127.45531868934631,0.5226130485534668,0.647209882736206,127.45531868934631
nc_papers100m_195trainer_0hop_balanced_local_bs512_800r,20260914_203749_ogbn-papers100M_FedAvg_bs512_seed42_beta10000p0,ogbn-papers100M,FedAvg,512,42,10000.0,197,validation,0.2214,3.6341,0.2214,3.6341,591,0.11453604698181152,0.11453604698181152,0.5230402946472168,0.6375763416290283,128.09289503097534,0.5230402946472168,0.6375763416290283,128.09289503097534
nc_papers100m_195trainer_0hop_balanced_local_bs512_800r,20260914_203749_ogbn-papers100M_FedAvg_bs512_seed42_beta10000p0,ogbn-papers100M,FedAvg,512,42,10000.0,198,validation,0.2219,3.6309,0.2219,3.6309,594,0.11226010322570801,0.11226010322570801,0.5242202281951904,0.6364803314208984,128.72937536239624,0.5242202281951904,0.6364803314208984,128.72937536239624
nc_papers100m_195trainer_0hop_balanced_local_bs512_800r,20260914_203749_ogbn-papers100M_FedAvg_bs512_seed42_beta10000p0,ogbn-papers100M,FedAvg,512,42,10000.0,199,validation,0.2222,3.6279,0.2222,3.6279,597,0.11233806610107422,0.11233806610107422,0.5233163833618164,0.6356544494628906,129.36502981185913,0.5233163833618164,0.6356544494628906,129.36502981185913
nc_papers100m_195trainer_0hop_balanced_local_bs512_800r,20260914_203749_ogbn-papers100M_FedAvg_bs512_seed42_beta10000p0,ogbn-papers100M,FedAvg,512,42,10000.0,200,validation,0.2225,3.6249,0.2225,3.6249,600,0.11289453506469727,0.11289453506469727,0.5200083255767822,0.6329028606414795,129.9979326725006,0.5200083255767822,0.6329028606414795,129.9979326725006
nc_papers100m_195trainer_0hop_balanced_local_bs512_800r,20260914_203749_ogbn-papers100M_FedAvg_bs512_seed42_beta10000p0,ogbn-papers100M,FedAvg,512,42,10000.0,201,validation,0.223,3.622,0.223,3.622,603,0.11600971221923828,0.11600971221923828,0.593501091003418,0.7095108032226562,130.70744347572327,0.593501091003418,0.7095108032226562,130.70744347572327
nc_papers100m_195trainer_0hop_balanced_local_bs512_800r,20260914_203749_ogbn-papers100M_FedAvg_bs512_seed42_beta10000p0,ogbn-papers100M,FedAvg,512,42,10000.0,202,validation,0.2234,3.6189,0.2234,3.6189,606,0.11501932144165039,0.11501932144165039,0.5277571678161621,0.6427764892578125,131.35021996498108,0.5277571678161621,0.6427764892578125,131.35021996498108
nc_papers100m_195trainer_0hop_balanced_local_bs512_800r,20260914_203749_ogbn-papers100M_FedAvg_bs512_seed42_beta10000p0,ogbn-papers100M,FedAvg,512,42,10000.0,203,validation,0.2236,3.6157,0.2236,3.6157,609,0.11331963539123535,0.11331963539123535,0.5237081050872803,0.6370277404785156,131.9872477054596,0.5237081050872803,0.6370277404785156,131.9872477054596
nc_papers100m_195trainer_0hop_balanced_local_bs512_800r,20260914_203749_ogbn-papers100M_FedAvg_bs512_seed42_beta10000p0,ogbn-papers100M,FedAvg,512,42,10000.0,204,validation,0.2239,3.6125,0.2239,3.6125,612,0.1185297966003418,0.1185297966003418,0.5209705829620361,0.6395003795623779,132.62674808502197,0.5209705829620361,0.6395003795623779,132.62674808502197
nc_papers100m_195trainer_0hop_balanced_local_bs512_800r,20260914_203749_ogbn-papers100M_FedAvg_bs512_seed42_beta10000p0,ogbn-papers100M,FedAvg,512,42,10000.0,205,validation,0.2242,3.6097,0.2242,3.6097,615,0.1170809268951416,0.1170809268951416,0.5262138843536377,0.6432948112487793,133.27004289627075,0.5262138843536377,0.6432948112487793,133.27004289627075
nc_papers100m_195trainer_0hop_balanced_local_bs512_800r,20260914_203749_ogbn-papers100M_FedAvg_bs512_seed42_beta10000p0,ogbn-papers100M,FedAvg,512,42,10000.0,206,validation,0.2247,3.6066,0.2247,3.6066,618,0.11666250228881836,0.11666250228881836,0.5274605751037598,0.6441230773925781,133.91416597366333,0.5274605751037598,0.6441230773925781,133.91416597366333
nc_papers100m_195trainer_0hop_balanced_local_bs512_800r,20260914_203749_ogbn-papers100M_FedAvg_bs512_seed42_beta10000p0,ogbn-papers100M,FedAvg,512,42,10000.0,207,validation,0.225,3.6037,0.225,3.6037,621,0.12852191925048828,0.12852191925048828,0.5225961208343506,0.6511180400848389,134.56528401374817,0.5225961208343506,0.6511180400848389,134.56528401374817
nc_papers100m_195trainer_0hop_balanced_local_bs512_800r,20260914_203749_ogbn-papers100M_FedAvg_bs512_seed42_beta10000p0,ogbn-papers100M,FedAvg,512,42,10000.0,208,validation,0.2255,3.6008,0.2255,3.6008,624,0.11243581771850586,0.11243581771850586,0.5239932537078857,0.6364290714263916,135.20171308517456,0.5239932537078857,0.6364290714263916,135.20171308517456
nc_papers100m_195trainer_0hop_balanced_local_bs512_800r,20260914_203749_ogbn-papers100M_FedAvg_bs512_seed42_beta10000p0,ogbn-papers100M,FedAvg,512,42,10000.0,209,validation,0.2257,3.5981,0.2257,3.5981,627,0.11632513999938965,0.11632513999938965,0.5242090225219727,0.6405341625213623,135.84224724769592,0.5242090225219727,0.6405341625213623,135.84224724769592
nc_papers100m_195trainer_0hop_balanced_local_bs512_800r,20260914_203749_ogbn-papers100M_FedAvg_bs512_seed42_beta10000p0,ogbn-papers100M,FedAvg,512,42,10000.0,210,validation,0.226,3.5951,0.226,3.5951,630,0.1142435073852539,0.1142435073852539,0.5212271213531494,0.6354706287384033,136.47771787643433,0.5212271213531494,0.6354706287384033,136.47771787643433
nc_papers100m_195trainer_0hop_balanced_local_bs512_800r,20260914_203749_ogbn-papers100M_FedAvg_bs512_seed42_beta10000p0,ogbn-papers100M,FedAvg,512,42,10000.0,211,validation,0.2264,3.592,0.2264,3.592,633,0.11532068252563477,0.11532068252563477,0.5341570377349854,0.6494777202606201,137.12719559669495,0.5341570377349854,0.6494777202606201,137.12719559669495
nc_papers100m_195trainer_0hop_balanced_local_bs512_800r,20260914_203749_ogbn-papers100M_FedAvg_bs512_seed42_beta10000p0,ogbn-papers100M,FedAvg,512,42,10000.0,212,validation,0.2268,3.5889,0.2268,3.5889,636,0.12083816528320312,0.12083816528320312,0.5265648365020752,0.6474030017852783,137.77459859848022,0.5265648365020752,0.6474030017852783,137.77459859848022
nc_papers100m_195trainer_0hop_balanced_local_bs512_800r,20260914_203749_ogbn-papers100M_FedAvg_bs512_seed42_beta10000p0,ogbn-papers100M,FedAvg,512,42,10000.0,213,validation,0.2273,3.586,0.2273,3.586,639,0.11712837219238281,0.11712837219238281,0.5231940746307373,0.6403224468231201,138.41492104530334,0.5231940746307373,0.6403224468231201,138.41492104530334
nc_papers100m_195trainer_0hop_balanced_local_bs512_800r,20260914_203749_ogbn-papers100M_FedAvg_bs512_seed42_beta10000p0,ogbn-papers100M,FedAvg,512,42,10000.0,214,validation,0.2276,3.5831,0.2276,3.5831,642,0.11246466636657715,0.11246466636657715,0.5351340770721436,0.6475987434387207,139.06251978874207,0.5351340770721436,0.6475987434387207,139.06251978874207
nc_papers100m_195trainer_0hop_balanced_local_bs512_800r,20260914_203749_ogbn-papers100M_FedAvg_bs512_seed42_beta10000p0,ogbn-papers100M,FedAvg,512,42,10000.0,215,validation,0.2279,3.5803,0.2279,3.5803,645,0.11240983009338379,0.11240983009338379,0.5425300598144531,0.6549398899078369,139.7174596786499,0.5425300598144531,0.6549398899078369,139.7174596786499
nc_papers100m_195trainer_0hop_balanced_local_bs512_800r,20260914_203749_ogbn-papers100M_FedAvg_bs512_seed42_beta10000p0,ogbn-papers100M,FedAvg,512,42,10000.0,216,validation,0.2283,3.5775,0.2283,3.5775,648,0.11578893661499023,0.11578893661499023,0.5193126201629639,0.6351015567779541,140.35256123542786,0.5193126201629639,0.6351015567779541,140.35256123542786
nc_papers100m_195trainer_0hop_balanced_local_bs512_800r,20260914_203749_ogbn-papers100M_FedAvg_bs512_seed42_beta10000p0,ogbn-papers100M,FedAvg,512,42,10000.0,217,validation,0.2286,3.5749,0.2286,3.5749,651,0.12044048309326172,0.12044048309326172,0.5273823738098145,0.6478228569030762,141.00038409233093,0.5273823738098145,0.6478228569030762,141.00038409233093
nc_papers100m_195trainer_0hop_balanced_local_bs512_800r,20260914_203749_ogbn-papers100M_FedAvg_bs512_seed42_beta10000p0,ogbn-papers100M,FedAvg,512,42,10000.0,218,validation,0.229,3.5721,0.229,3.5721,654,0.1134181022644043,0.1134181022644043,0.5258989334106445,0.6393170356750488,141.63970112800598,0.5258989334106445,0.6393170356750488,141.63970112800598
nc_papers100m_195trainer_0hop_balanced_local_bs512_800r,20260914_203749_ogbn-papers100M_FedAvg_bs512_seed42_beta10000p0,ogbn-papers100M,FedAvg,512,42,10000.0,219,validation,0.2292,3.5691,0.2292,3.5691,657,0.11337566375732422,0.11337566375732422,0.5252175331115723,0.6385931968688965,142.27829432487488,0.5252175331115723,0.6385931968688965,142.27829432487488
nc_papers100m_195trainer_0hop_balanced_local_bs512_800r,20260914_203749_ogbn-papers100M_FedAvg_bs512_seed42_beta10000p0,ogbn-papers100M,FedAvg,512,42,10000.0,220,validation,0.2294,3.5661,0.2294,3.5661,660,0.11428070068359375,0.11428070068359375,0.5277926921844482,0.642073392868042,142.92036771774292,0.5277926921844482,0.642073392868042,142.92036771774292
nc_papers100m_195trainer_0hop_balanced_local_bs512_800r,20260914_203749_ogbn-papers100M_FedAvg_bs512_seed42_beta10000p0,ogbn-papers100M,FedAvg,512,42,10000.0,221,validation,0.2295,3.5634,0.2295,3.5634,663,0.11225271224975586,0.11225271224975586,0.5363755226135254,0.6486282348632812,143.5689959526062,0.5363755226135254,0.6486282348632812,143.5689959526062
nc_papers100m_195trainer_0hop_balanced_local_bs512_800r,20260914_203749_ogbn-papers100M_FedAvg_bs512_seed42_beta10000p0,ogbn-papers100M,FedAvg,512,42,10000.0,222,validation,0.23,3.5606,0.23,3.5606,666,0.11345291137695312,0.11345291137695312,0.5270090103149414,0.6404619216918945,144.2094578742981,0.5270090103149414,0.6404619216918945,144.2094578742981
nc_papers100m_195trainer_0hop_balanced_local_bs512_800r,20260914_203749_ogbn-papers100M_FedAvg_bs512_seed42_beta10000p0,ogbn-papers100M,FedAvg,512,42,10000.0,223,validation,0.2302,3.558,0.2302,3.558,669,0.11362385749816895,0.11362385749816895,0.526547908782959,0.6401717662811279,144.84962964057922,0.526547908782959,0.6401717662811279,144.84962964057922
nc_papers100m_195trainer_0hop_balanced_local_bs512_800r,20260914_203749_ogbn-papers100M_FedAvg_bs512_seed42_beta10000p0,ogbn-papers100M,FedAvg,512,42,10000.0,224,validation,0.2307,3.5553,0.2307,3.5553,672,0.11238813400268555,0.11238813400268555,0.5361404418945312,0.6485285758972168,145.49815821647644,0.5361404418945312,0.6485285758972168,145.49815821647644
nc_papers100m_195trainer_0hop_balanced_local_bs512_800r,20260914_203749_ogbn-papers100M_FedAvg_bs512_seed42_beta10000p0,ogbn-papers100M,FedAvg,512,42,10000.0,225,validation,0.2311,3.5526,0.2311,3.5526,675,0.11307048797607422,0.11307048797607422,0.5269675254821777,0.640038013458252,146.1381962299347,0.5269675254821777,0.640038013458252,146.1381962299347
nc_papers100m_195trainer_0hop_balanced_local_bs512_800r,20260914_203749_ogbn-papers100M_FedAvg_bs512_seed42_beta10000p0,ogbn-papers100M,FedAvg,512,42,10000.0,226,validation,0.2313,3.55,0.2313,3.55,678,0.11356163024902344,0.11356163024902344,0.5227851867675781,0.6363468170166016,146.7745430469513,0.5227851867675781,0.6363468170166016,146.7745430469513
nc_papers100m_195trainer_0hop_balanced_local_bs512_800r,20260914_203749_ogbn-papers100M_FedAvg_bs512_seed42_beta10000p0,ogbn-papers100M,FedAvg,512,42,10000.0,227,validation,0.2316,3.5472,0.2316,3.5472,681,0.11330389976501465,0.11330389976501465,0.5296697616577148,0.6429736614227295,147.41751670837402,0.5296697616577148,0.6429736614227295,147.41751670837402
nc_papers100m_195trainer_0hop_balanced_local_bs512_800r,20260914_203749_ogbn-papers100M_FedAvg_bs512_seed42_beta10000p0,ogbn-papers100M,FedAvg,512,42,10000.0,228,validation,0.2317,3.5444,0.2317,3.5444,684,0.11217069625854492,0.11217069625854492,0.5214347839355469,0.6336054801940918,148.05112218856812,0.5214347839355469,0.6336054801940918,148.05112218856812
nc_papers100m_195trainer_0hop_balanced_local_bs512_800r,20260914_203749_ogbn-papers100M_FedAvg_bs512_seed42_beta10000p0,ogbn-papers100M,FedAvg,512,42,10000.0,229,validation,0.2321,3.5415,0.2321,3.5415,687,0.11510181427001953,0.11510181427001953,0.5414702892303467,0.6565721035003662,148.70769429206848,0.5414702892303467,0.6565721035003662,148.70769429206848
nc_papers100m_195trainer_0hop_balanced_local_bs512_800r,20260914_203749_ogbn-papers100M_FedAvg_bs512_seed42_beta10000p0,ogbn-papers100M,FedAvg,512,42,10000.0,230,validation,0.2325,3.5388,0.2325,3.5388,690,0.11736845970153809,0.11736845970153809,0.528801441192627,0.646169900894165,149.35386419296265,0.528801441192627,0.646169900894165,149.35386419296265
nc_papers100m_195trainer_0hop_balanced_local_bs512_800r,20260914_203749_ogbn-papers100M_FedAvg_bs512_seed42_beta10000p0,ogbn-papers100M,FedAvg,512,42,10000.0,231,validation,0.2327,3.5361,0.2327,3.5361,693,0.11185193061828613,0.11185193061828613,0.5353286266326904,0.6471805572509766,150.00104475021362,0.5353286266326904,0.6471805572509766,150.00104475021362
nc_papers100m_195trainer_0hop_balanced_local_bs512_800r,20260914_203749_ogbn-papers100M_FedAvg_bs512_seed42_beta10000p0,ogbn-papers100M,FedAvg,512,42,10000.0,232,validation,0.2329,3.5335,0.2329,3.5335,696,0.11521124839782715,0.11521124839782715,0.5234529972076416,0.6386642456054688,150.6397089958191,0.5234529972076416,0.6386642456054688,150.6397089958191
nc_papers100m_195trainer_0hop_balanced_local_bs512_800r,20260914_203749_ogbn-papers100M_FedAvg_bs512_seed42_beta10000p0,ogbn-papers100M,FedAvg,512,42,10000.0,233,validation,0.2334,3.5309,0.2334,3.5309,699,0.11449694633483887,0.11449694633483887,0.524350643157959,0.6388475894927979,151.2785565853119,0.524350643157959,0.6388475894927979,151.2785565853119
nc_papers100m_195trainer_0hop_balanced_local_bs512_800r,20260914_203749_ogbn-papers100M_FedAvg_bs512_seed42_beta10000p0,ogbn-papers100M,FedAvg,512,42,10000.0,234,validation,0.2335,3.5282,0.2335,3.5282,702,0.11253952980041504,0.11253952980041504,0.5313127040863037,0.6438522338867188,151.9224088191986,0.5313127040863037,0.6438522338867188,151.9224088191986
nc_papers100m_195trainer_0hop_balanced_local_bs512_800r,20260914_203749_ogbn-papers100M_FedAvg_bs512_seed42_beta10000p0,ogbn-papers100M,FedAvg,512,42,10000.0,235,validation,0.2339,3.5258,0.2339,3.5258,705,0.11237430572509766,0.11237430572509766,0.5211436748504639,0.6335179805755615,152.55592679977417,0.5211436748504639,0.6335179805755615,152.55592679977417
nc_papers100m_195trainer_0hop_balanced_local_bs512_800r,20260914_203749_ogbn-papers100M_FedAvg_bs512_seed42_beta10000p0,ogbn-papers100M,FedAvg,512,42,10000.0,236,validation,0.2342,3.5235,0.2342,3.5235,708,0.11517715454101562,0.11517715454101562,0.527907133102417,0.6430842876434326,153.1990110874176,0.527907133102417,0.6430842876434326,153.1990110874176
nc_papers100m_195trainer_0hop_balanced_local_bs512_800r,20260914_203749_ogbn-papers100M_FedAvg_bs512_seed42_beta10000p0,ogbn-papers100M,FedAvg,512,42,10000.0,237,validation,0.2346,3.5207,0.2346,3.5207,711,0.11379241943359375,0.11379241943359375,0.5433464050292969,0.6571388244628906,153.8561499118805,0.5433464050292969,0.6571388244628906,153.8561499118805
nc_papers100m_195trainer_0hop_balanced_local_bs512_800r,20260914_203749_ogbn-papers100M_FedAvg_bs512_seed42_beta10000p0,ogbn-papers100M,FedAvg,512,42,10000.0,238,validation,0.2348,3.5181,0.2348,3.5181,714,0.11324024200439453,0.11324024200439453,0.528515100479126,0.6417553424835205,154.497905254364,0.528515100479126,0.6417553424835205,154.497905254364
nc_papers100m_195trainer_0hop_balanced_local_bs512_800r,20260914_203749_ogbn-papers100M_FedAvg_bs512_seed42_beta10000p0,ogbn-papers100M,FedAvg,512,42,10000.0,239,validation,0.2352,3.5156,0.2352,3.5156,717,0.1130833625793457,0.1130833625793457,0.5133404731750488,0.6264238357543945,155.1243290901184,0.5133404731750488,0.6264238357543945,155.1243290901184
nc_papers100m_195trainer_0hop_balanced_local_bs512_800r,20260914_203749_ogbn-papers100M_FedAvg_bs512_seed42_beta10000p0,ogbn-papers100M,FedAvg,512,42,10000.0,240,validation,0.2354,3.5131,0.2354,3.5131,720,0.11776375770568848,0.11776375770568848,0.534238338470459,0.6520020961761475,155.77633118629456,0.534238338470459,0.6520020961761475,155.77633118629456
nc_papers100m_195trainer_0hop_balanced_local_bs512_800r,20260914_203749_ogbn-papers100M_FedAvg_bs512_seed42_beta10000p0,ogbn-papers100M,FedAvg,512,42,10000.0,241,validation,0.2356,3.5106,0.2356,3.5106,723,0.11505436897277832,0.11505436897277832,0.5311548709869385,0.6462092399597168,156.42254042625427,0.5311548709869385,0.6462092399597168,156.42254042625427
nc_papers100m_195trainer_0hop_balanced_local_bs512_800r,20260914_203749_ogbn-papers100M_FedAvg_bs512_seed42_beta10000p0,ogbn-papers100M,FedAvg,512,42,10000.0,242,validation,0.236,3.508,0.236,3.508,726,0.11361932754516602,0.11361932754516602,0.5211074352264404,0.6347267627716064,157.05726718902588,0.5211074352264404,0.6347267627716064,157.05726718902588
nc_papers100m_195trainer_0hop_balanced_local_bs512_800r,20260914_203749_ogbn-papers100M_FedAvg_bs512_seed42_beta10000p0,ogbn-papers100M,FedAvg,512,42,10000.0,243,validation,0.2362,3.5055,0.2362,3.5055,729,0.1194460391998291,0.1194460391998291,0.5521667003631592,0.6716127395629883,157.72887992858887,0.5521667003631592,0.6716127395629883,157.72887992858887
nc_papers100m_195trainer_0hop_balanced_local_bs512_800r,20260914_203749_ogbn-papers100M_FedAvg_bs512_seed42_beta10000p0,ogbn-papers100M,FedAvg,512,42,10000.0,244,validation,0.2365,3.503,0.2365,3.503,732,0.11282873153686523,0.11282873153686523,0.5370543003082275,0.6498830318450928,158.37876296043396,0.5370543003082275,0.6498830318450928,158.37876296043396
nc_papers100m_195trainer_0hop_balanced_local_bs512_800r,20260914_203749_ogbn-papers100M_FedAvg_bs512_seed42_beta10000p0,ogbn-papers100M,FedAvg,512,42,10000.0,245,validation,0.2367,3.5006,0.2367,3.5006,735,0.11430764198303223,0.11430764198303223,0.5215880870819092,0.6358957290649414,159.0146586894989,0.5215880870819092,0.6358957290649414,159.0146586894989
nc_papers100m_195trainer_0hop_balanced_local_bs512_800r,20260914_203749_ogbn-papers100M_FedAvg_bs512_seed42_beta10000p0,ogbn-papers100M,FedAvg,512,42,10000.0,246,validation,0.2369,3.4982,0.2369,3.4982,738,0.11489439010620117,0.11489439010620117,0.5238430500030518,0.6387374401092529,159.65339612960815,0.5238430500030518,0.6387374401092529,159.65339612960815
nc_papers100m_195trainer_0hop_balanced_local_bs512_800r,20260914_203749_ogbn-papers100M_FedAvg_bs512_seed42_beta10000p0,ogbn-papers100M,FedAvg,512,42,10000.0,247,validation,0.237,3.4955,0.237,3.4955,741,0.11356592178344727,0.11356592178344727,0.5390715599060059,0.6526374816894531,160.3060336112976,0.5390715599060059,0.6526374816894531,160.3060336112976
nc_papers100m_195trainer_0hop_balanced_local_bs512_800r,20260914_203749_ogbn-papers100M_FedAvg_bs512_seed42_beta10000p0,ogbn-papers100M,FedAvg,512,42,10000.0,248,validation,0.2374,3.493,0.2374,3.493,744,0.11102700233459473,0.11102700233459473,0.5280916690826416,0.6391186714172363,160.94515228271484,0.5280916690826416,0.6391186714172363,160.94515228271484
nc_papers100m_195trainer_0hop_balanced_local_bs512_800r,20260914_203749_ogbn-papers100M_FedAvg_bs512_seed42_beta10000p0,ogbn-papers100M,FedAvg,512,42,10000.0,249,validation,0.2376,3.4906,0.2376,3.4906,747,0.11523318290710449,0.11523318290710449,0.5218000411987305,0.637033224105835,161.58218550682068,0.5218000411987305,0.637033224105835,161.58218550682068
nc_papers100m_195trainer_0hop_balanced_local_bs512_800r,20260914_203749_ogbn-papers100M_FedAvg_bs512_seed42_beta10000p0,ogbn-papers100M,FedAvg,512,42,10000.0,250,validation,0.2377,3.4881,0.2377,3.4881,750,0.11506795883178711,0.11506795883178711,0.5447444915771484,0.6598124504089355,162.24199795722961,0.5447444915771484,0.6598124504089355,162.24199795722961
nc_papers100m_195trainer_0hop_balanced_local_bs512_800r,20260914_203749_ogbn-papers100M_FedAvg_bs512_seed42_beta10000p0,ogbn-papers100M,FedAvg,512,42,10000.0,251,validation,0.2381,3.4857,0.2381,3.4857,753,0.11582803726196289,0.11582803726196289,0.5289814472198486,0.6448094844818115,162.88680744171143,0.5289814472198486,0.6448094844818115,162.88680744171143
nc_papers100m_195trainer_0hop_balanced_local_bs512_800r,20260914_203749_ogbn-papers100M_FedAvg_bs512_seed42_beta10000p0,ogbn-papers100M,FedAvg,512,42,10000.0,252,validation,0.2383,3.4833,0.2383,3.4833,756,0.12254476547241211,0.12254476547241211,0.5296580791473389,0.652202844619751,163.53901028633118,0.5296580791473389,0.652202844619751,163.53901028633118
nc_papers100m_195trainer_0hop_balanced_local_bs512_800r,20260914_203749_ogbn-papers100M_FedAvg_bs512_seed42_beta10000p0,ogbn-papers100M,FedAvg,512,42,10000.0,253,validation,0.2386,3.4808,0.2386,3.4808,759,0.1203310489654541,0.1203310489654541,0.5233914852142334,0.6437225341796875,164.18273282051086,0.5233914852142334,0.6437225341796875,164.18273282051086
nc_papers100m_195trainer_0hop_balanced_local_bs512_800r,20260914_203749_ogbn-papers100M_FedAvg_bs512_seed42_beta10000p0,ogbn-papers100M,FedAvg,512,42,10000.0,254,validation,0.2389,3.4783,0.2389,3.4783,762,0.11460161209106445,0.11460161209106445,0.5303239822387695,0.644925594329834,164.8276584148407,0.5303239822387695,0.644925594329834,164.8276584148407
nc_papers100m_195trainer_0hop_balanced_local_bs512_800r,20260914_203749_ogbn-papers100M_FedAvg_bs512_seed42_beta10000p0,ogbn-papers100M,FedAvg,512,42,10000.0,255,validation,0.2392,3.4761,0.2392,3.4761,765,0.11813640594482422,0.11813640594482422,0.5257151126861572,0.6438515186309814,165.47150993347168,0.5257151126861572,0.6438515186309814,165.47150993347168
nc_papers100m_195trainer_0hop_balanced_local_bs512_800r,20260914_203749_ogbn-papers100M_FedAvg_bs512_seed42_beta10000p0,ogbn-papers100M,FedAvg,512,42,10000.0,256,validation,0.2391,3.4736,0.2391,3.4736,768,0.11771821975708008,0.11771821975708008,0.5170960426330566,0.6348142623901367,166.10632419586182,0.5170960426330566,0.6348142623901367,166.10632419586182
nc_papers100m_195trainer_0hop_balanced_local_bs512_800r,20260914_203749_ogbn-papers100M_FedAvg_bs512_seed42_beta10000p0,ogbn-papers100M,FedAvg,512,42,10000.0,257,validation,0.2392,3.4715,0.2392,3.4715,771,0.11278009414672852,0.11278009414672852,0.5742044448852539,0.6869845390319824,166.7933087348938,0.5742044448852539,0.6869845390319824,166.7933087348938
nc_papers100m_195trainer_0hop_balanced_local_bs512_800r,20260914_203749_ogbn-papers100M_FedAvg_bs512_seed42_beta10000p0,ogbn-papers100M,FedAvg,512,42,10000.0,258,validation,0.2397,3.4695,0.2397,3.4695,774,0.11287713050842285,0.11287713050842285,0.5266458988189697,0.6395230293273926,167.4328317642212,0.5266458988189697,0.6395230293273926,167.4328317642212
nc_papers100m_195trainer_0hop_balanced_local_bs512_800r,20260914_203749_ogbn-papers100M_FedAvg_bs512_seed42_beta10000p0,ogbn-papers100M,FedAvg,512,42,10000.0,259,validation,0.2399,3.4669,0.2399,3.4669,777,0.1146693229675293,0.1146693229675293,0.519024133682251,0.6336934566497803,168.06652522087097,0.519024133682251,0.6336934566497803,168.06652522087097
nc_papers100m_195trainer_0hop_balanced_local_bs512_800r,20260914_203749_ogbn-papers100M_FedAvg_bs512_seed42_beta10000p0,ogbn-papers100M,FedAvg,512,42,10000.0,260,validation,0.2401,3.4646,0.2401,3.4646,780,0.12074041366577148,0.12074041366577148,0.5330414772033691,0.6537818908691406,168.7203071117401,0.5330414772033691,0.6537818908691406,168.7203071117401
nc_papers100m_195trainer_0hop_balanced_local_bs512_800r,20260914_203749_ogbn-papers100M_FedAvg_bs512_seed42_beta10000p0,ogbn-papers100M,FedAvg,512,42,10000.0,261,validation,0.2403,3.4622,0.2403,3.4622,783,0.11870145797729492,0.11870145797729492,0.5298478603363037,0.6485493183135986,169.3688564300537,0.5298478603363037,0.6485493183135986,169.3688564300537
nc_papers100m_195trainer_0hop_balanced_local_bs512_800r,20260914_203749_ogbn-papers100M_FedAvg_bs512_seed42_beta10000p0,ogbn-papers100M,FedAvg,512,42,10000.0,262,validation,0.2405,3.4599,0.2405,3.4599,786,0.11254310607910156,0.11254310607910156,0.524691104888916,0.6372342109680176,170.00609064102173,0.524691104888916,0.6372342109680176,170.00609064102173
nc_papers100m_195trainer_0hop_balanced_local_bs512_800r,20260914_203749_ogbn-papers100M_FedAvg_bs512_seed42_beta10000p0,ogbn-papers100M,FedAvg,512,42,10000.0,263,validation,0.2406,3.4574,0.2406,3.4574,789,0.11759305000305176,0.11759305000305176,0.5280132293701172,0.645606279373169,170.6516969203949,0.5280132293701172,0.645606279373169,170.6516969203949
nc_papers100m_195trainer_0hop_balanced_local_bs512_800r,20260914_203749_ogbn-papers100M_FedAvg_bs512_seed42_beta10000p0,ogbn-papers100M,FedAvg,512,42,10000.0,264,validation,0.2407,3.4552,0.2407,3.4552,792,0.11267781257629395,0.11267781257629395,0.5264503955841064,0.6391282081604004,171.2908251285553,0.5264503955841064,0.6391282081604004,171.2908251285553
nc_papers100m_195trainer_0hop_balanced_local_bs512_800r,20260914_203749_ogbn-papers100M_FedAvg_bs512_seed42_beta10000p0,ogbn-papers100M,FedAvg,512,42,10000.0,265,validation,0.2411,3.4528,0.2411,3.4528,795,0.11446428298950195,0.11446428298950195,0.5202231407165527,0.6346874237060547,171.92551255226135,0.5202231407165527,0.6346874237060547,171.92551255226135
nc_papers100m_195trainer_0hop_balanced_local_bs512_800r,20260914_203749_ogbn-papers100M_FedAvg_bs512_seed42_beta10000p0,ogbn-papers100M,FedAvg,512,42,10000.0,266,validation,0.2413,3.4505,0.2413,3.4505,798,0.12122011184692383,0.12122011184692383,0.5217056274414062,0.6429257392883301,172.56843829154968,0.5217056274414062,0.6429257392883301,172.56843829154968
nc_papers100m_195trainer_0hop_balanced_local_bs512_800r,20260914_203749_ogbn-papers100M_FedAvg_bs512_seed42_beta10000p0,ogbn-papers100M,FedAvg,512,42,10000.0,267,validation,0.2416,3.4483,0.2416,3.4483,801,0.11619782447814941,0.11619782447814941,0.524940013885498,0.6411378383636475,173.20957612991333,0.524940013885498,0.6411378383636475,173.20957612991333
nc_papers100m_195trainer_0hop_balanced_local_bs512_800r,20260914_203749_ogbn-papers100M_FedAvg_bs512_seed42_beta10000p0,ogbn-papers100M,FedAvg,512,42,10000.0,268,validation,0.2419,3.4461,0.2419,3.4461,804,0.11223053932189941,0.11223053932189941,0.5226995944976807,0.6349301338195801,173.8445062637329,0.5226995944976807,0.6349301338195801,173.8445062637329
nc_papers100m_195trainer_0hop_balanced_local_bs512_800r,20260914_203749_ogbn-papers100M_FedAvg_bs512_seed42_beta10000p0,ogbn-papers100M,FedAvg,512,42,10000.0,269,validation,0.2419,3.4437,0.2419,3.4437,807,0.1145179271697998,0.1145179271697998,0.5241906642913818,0.6387085914611816,174.4832148551941,0.5241906642913818,0.6387085914611816,174.4832148551941
nc_papers100m_195trainer_0hop_balanced_local_bs512_800r,20260914_203749_ogbn-papers100M_FedAvg_bs512_seed42_beta10000p0,ogbn-papers100M,FedAvg,512,42,10000.0,270,validation,0.242,3.4415,0.242,3.4415,810,0.11356949806213379,0.11356949806213379,0.5284185409545898,0.6419880390167236,175.12520289421082,0.5284185409545898,0.6419880390167236,175.12520289421082
nc_papers100m_195trainer_0hop_balanced_local_bs512_800r,20260914_203749_ogbn-papers100M_FedAvg_bs512_seed42_beta10000p0,ogbn-papers100M,FedAvg,512,42,10000.0,271,validation,0.2423,3.4391,0.2423,3.4391,813,0.11410021781921387,0.11410021781921387,0.5709848403930664,0.6850850582122803,175.8102879524231,0.5709848403930664,0.6850850582122803,175.8102879524231
nc_papers100m_195trainer_0hop_balanced_local_bs512_800r,20260914_203749_ogbn-papers100M_FedAvg_bs512_seed42_beta10000p0,ogbn-papers100M,FedAvg,512,42,10000.0,272,validation,0.2426,3.4368,0.2426,3.4368,816,0.12026381492614746,0.12026381492614746,0.5172595977783203,0.6375234127044678,176.44781136512756,0.5172595977783203,0.6375234127044678,176.44781136512756
nc_papers100m_195trainer_0hop_balanced_local_bs512_800r,20260914_203749_ogbn-papers100M_FedAvg_bs512_seed42_beta10000p0,ogbn-papers100M,FedAvg,512,42,10000.0,273,validation,0.2428,3.4347,0.2428,3.4347,819,0.11142778396606445,0.11142778396606445,0.5343520641326904,0.6457798480987549,177.09359121322632,0.5343520641326904,0.6457798480987549,177.09359121322632
nc_papers100m_195trainer_0hop_balanced_local_bs512_800r,20260914_203749_ogbn-papers100M_FedAvg_bs512_seed42_beta10000p0,ogbn-papers100M,FedAvg,512,42,10000.0,274,validation,0.243,3.4324,0.243,3.4324,822,0.11480259895324707,0.11480259895324707,0.5251047611236572,0.6399073600769043,177.73349857330322,0.5251047611236572,0.6399073600769043,177.73349857330322
nc_papers100m_195trainer_0hop_balanced_local_bs512_800r,20260914_203749_ogbn-papers100M_FedAvg_bs512_seed42_beta10000p0,ogbn-papers100M,FedAvg,512,42,10000.0,275,validation,0.2431,3.4303,0.2431,3.4303,825,0.11421680450439453,0.11421680450439453,0.519585132598877,0.6338019371032715,178.3673005104065,0.519585132598877,0.6338019371032715,178.3673005104065
nc_papers100m_195trainer_0hop_balanced_local_bs512_800r,20260914_203749_ogbn-papers100M_FedAvg_bs512_seed42_beta10000p0,ogbn-papers100M,FedAvg,512,42,10000.0,276,validation,0.2435,3.4283,0.2435,3.4283,828,0.12022280693054199,0.12022280693054199,0.5237603187561035,0.6439831256866455,179.01128363609314,0.5237603187561035,0.6439831256866455,179.01128363609314
nc_papers100m_195trainer_0hop_balanced_local_bs512_800r,20260914_203749_ogbn-papers100M_FedAvg_bs512_seed42_beta10000p0,ogbn-papers100M,FedAvg,512,42,10000.0,277,validation,0.2434,3.4262,0.2434,3.4262,831,0.11807703971862793,0.11807703971862793,0.5207929611206055,0.6388700008392334,179.65015363693237,0.5207929611206055,0.6388700008392334,179.65015363693237
nc_papers100m_195trainer_0hop_balanced_local_bs512_800r,20260914_203749_ogbn-papers100M_FedAvg_bs512_seed42_beta10000p0,ogbn-papers100M,FedAvg,512,42,10000.0,278,validation,0.2438,3.4242,0.2438,3.4242,834,0.11303257942199707,0.11303257942199707,0.5234477519989014,0.6364803314208984,180.28663396835327,0.5234477519989014,0.6364803314208984,180.28663396835327
nc_papers100m_195trainer_0hop_balanced_local_bs512_800r,20260914_203749_ogbn-papers100M_FedAvg_bs512_seed42_beta10000p0,ogbn-papers100M,FedAvg,512,42,10000.0,279,validation,0.2441,3.4221,0.2441,3.4221,837,0.11603784561157227,0.11603784561157227,0.5244159698486328,0.6404538154602051,180.92708778381348,0.5244159698486328,0.6404538154602051,180.92708778381348
nc_papers100m_195trainer_0hop_balanced_local_bs512_800r,20260914_203749_ogbn-papers100M_FedAvg_bs512_seed42_beta10000p0,ogbn-papers100M,FedAvg,512,42,10000.0,280,validation,0.2442,3.4199,0.2442,3.4199,840,0.11352920532226562,0.11352920532226562,0.5260553359985352,0.6395845413208008,181.56667232513428,0.5260553359985352,0.6395845413208008,181.56667232513428
nc_papers100m_195trainer_0hop_balanced_local_bs512_800r,20260914_203749_ogbn-papers100M_FedAvg_bs512_seed42_beta10000p0,ogbn-papers100M,FedAvg,512,42,10000.0,281,validation,0.2446,3.4181,0.2446,3.4181,843,0.11338639259338379,0.11338639259338379,0.532188892364502,0.6455752849578857,182.21224761009216,0.532188892364502,0.6455752849578857,182.21224761009216
nc_papers100m_195trainer_0hop_balanced_local_bs512_800r,20260914_203749_ogbn-papers100M_FedAvg_bs512_seed42_beta10000p0,ogbn-papers100M,FedAvg,512,42,10000.0,282,validation,0.2446,3.4159,0.2446,3.4159,846,0.1165468692779541,0.1165468692779541,0.5251104831695557,0.6416573524475098,182.85390496253967,0.5251104831695557,0.6416573524475098,182.85390496253967
nc_papers100m_195trainer_0hop_balanced_local_bs512_800r,20260914_203749_ogbn-papers100M_FedAvg_bs512_seed42_beta10000p0,ogbn-papers100M,FedAvg,512,42,10000.0,283,validation,0.2446,3.4138,0.2446,3.4138,849,0.11339020729064941,0.11339020729064941,0.5353183746337891,0.6487085819244385,183.5026135444641,0.5353183746337891,0.6487085819244385,183.5026135444641
nc_papers100m_195trainer_0hop_balanced_local_bs512_800r,20260914_203749_ogbn-papers100M_FedAvg_bs512_seed42_beta10000p0,ogbn-papers100M,FedAvg,512,42,10000.0,284,validation,0.2449,3.4115,0.2449,3.4115,852,0.11401247978210449,0.11401247978210449,0.5257465839385986,0.6397590637207031,184.14237260818481,0.5257465839385986,0.6397590637207031,184.14237260818481
nc_papers100m_195trainer_0hop_balanced_local_bs512_800r,20260914_203749_ogbn-papers100M_FedAvg_bs512_seed42_beta10000p0,ogbn-papers100M,FedAvg,512,42,10000.0,285,validation,0.2451,3.4091,0.2451,3.4091,855,0.11185598373413086,0.11185598373413086,0.5625133514404297,0.6743693351745605,184.81674194335938,0.5625133514404297,0.6743693351745605,184.81674194335938
nc_papers100m_195trainer_0hop_balanced_local_bs512_800r,20260914_203749_ogbn-papers100M_FedAvg_bs512_seed42_beta10000p0,ogbn-papers100M,FedAvg,512,42,10000.0,286,validation,0.2454,3.4073,0.2454,3.4073,858,0.11401891708374023,0.11401891708374023,0.5334973335266113,0.6475162506103516,185.46425819396973,0.5334973335266113,0.6475162506103516,185.46425819396973
nc_papers100m_195trainer_0hop_balanced_local_bs512_800r,20260914_203749_ogbn-papers100M_FedAvg_bs512_seed42_beta10000p0,ogbn-papers100M,FedAvg,512,42,10000.0,287,validation,0.2457,3.4051,0.2457,3.4051,861,0.11488509178161621,0.11488509178161621,0.5248980522155762,0.6397831439971924,186.10404133796692,0.5248980522155762,0.6397831439971924,186.10404133796692
nc_papers100m_195trainer_0hop_balanced_local_bs512_800r,20260914_203749_ogbn-papers100M_FedAvg_bs512_seed42_beta10000p0,ogbn-papers100M,FedAvg,512,42,10000.0,288,validation,0.246,3.4031,0.246,3.4031,864,0.11208128929138184,0.11208128929138184,0.5290329456329346,0.6411142349243164,186.74515557289124,0.5290329456329346,0.6411142349243164,186.74515557289124
nc_papers100m_195trainer_0hop_balanced_local_bs512_800r,20260914_203749_ogbn-papers100M_FedAvg_bs512_seed42_beta10000p0,ogbn-papers100M,FedAvg,512,42,10000.0,289,validation,0.2462,3.4009,0.2462,3.4009,867,0.11896848678588867,0.11896848678588867,0.5282814502716064,0.6472499370574951,187.39240550994873,0.5282814502716064,0.6472499370574951,187.39240550994873
nc_papers100m_195trainer_0hop_balanced_local_bs512_800r,20260914_203749_ogbn-papers100M_FedAvg_bs512_seed42_beta10000p0,ogbn-papers100M,FedAvg,512,42,10000.0,290,validation,0.2463,3.3987,0.2463,3.3987,870,0.11297082901000977,0.11297082901000977,0.5347943305969238,0.6477651596069336,188.04017066955566,0.5347943305969238,0.6477651596069336,188.04017066955566
nc_papers100m_195trainer_0hop_balanced_local_bs512_800r,20260914_203749_ogbn-papers100M_FedAvg_bs512_seed42_beta10000p0,ogbn-papers100M,FedAvg,512,42,10000.0,291,validation,0.2468,3.3967,0.2468,3.3967,873,0.1120760440826416,0.1120760440826416,0.5348834991455078,0.6469595432281494,188.6871302127838,0.5348834991455078,0.6469595432281494,188.6871302127838
nc_papers100m_195trainer_0hop_balanced_local_bs512_800r,20260914_203749_ogbn-papers100M_FedAvg_bs512_seed42_beta10000p0,ogbn-papers100M,FedAvg,512,42,10000.0,292,validation,0.247,3.3947,0.247,3.3947,876,0.11217570304870605,0.11217570304870605,0.5289239883422852,0.6410996913909912,189.3282299041748,0.5289239883422852,0.6410996913909912,189.3282299041748
nc_papers100m_195trainer_0hop_balanced_local_bs512_800r,20260914_203749_ogbn-papers100M_FedAvg_bs512_seed42_beta10000p0,ogbn-papers100M,FedAvg,512,42,10000.0,293,validation,0.2471,3.3926,0.2471,3.3926,879,0.11293745040893555,0.11293745040893555,0.5444679260253906,0.6574053764343262,189.98563528060913,0.5444679260253906,0.6574053764343262,189.98563528060913
nc_papers100m_195trainer_0hop_balanced_local_bs512_800r,20260914_203749_ogbn-papers100M_FedAvg_bs512_seed42_beta10000p0,ogbn-papers100M,FedAvg,512,42,10000.0,294,validation,0.2474,3.3906,0.2474,3.3906,882,0.11448788642883301,0.11448788642883301,0.5223996639251709,0.6368875503540039,190.62252283096313,0.5223996639251709,0.6368875503540039,190.62252283096313
nc_papers100m_195trainer_0hop_balanced_local_bs512_800r,20260914_203749_ogbn-papers100M_FedAvg_bs512_seed42_beta10000p0,ogbn-papers100M,FedAvg,512,42,10000.0,295,validation,0.2476,3.3886,0.2476,3.3886,885,0.11322450637817383,0.11322450637817383,0.5236344337463379,0.6368589401245117,191.25938177108765,0.5236344337463379,0.6368589401245117,191.25938177108765
nc_papers100m_195trainer_0hop_balanced_local_bs512_800r,20260914_203749_ogbn-papers100M_FedAvg_bs512_seed42_beta10000p0,ogbn-papers100M,FedAvg,512,42,10000.0,296,validation,0.2477,3.3867,0.2477,3.3867,888,0.11527824401855469,0.11527824401855469,0.5372097492218018,0.6524879932403564,191.911869764328,0.5372097492218018,0.6524879932403564,191.911869764328
nc_papers100m_195trainer_0hop_balanced_local_bs512_800r,20260914_203749_ogbn-papers100M_FedAvg_bs512_seed42_beta10000p0,ogbn-papers100M,FedAvg,512,42,10000.0,297,validation,0.2479,3.3846,0.2479,3.3846,891,0.1126549243927002,0.1126549243927002,0.5242209434509277,0.6368758678436279,192.54874563217163,0.5242209434509277,0.6368758678436279,192.54874563217163
nc_papers100m_195trainer_0hop_balanced_local_bs512_800r,20260914_203749_ogbn-papers100M_FedAvg_bs512_seed42_beta10000p0,ogbn-papers100M,FedAvg,512,42,10000.0,298,validation,0.2481,3.3825,0.2481,3.3825,894,0.11481809616088867,0.11481809616088867,0.5224194526672363,0.637237548828125,193.18598318099976,0.5224194526672363,0.637237548828125,193.18598318099976
nc_papers100m_195trainer_0hop_balanced_local_bs512_800r,20260914_203749_ogbn-papers100M_FedAvg_bs512_seed42_beta10000p0,ogbn-papers100M,FedAvg,512,42,10000.0,299,validation,0.2485,3.3805,0.2485,3.3805,897,0.1150960922241211,0.1150960922241211,0.5523278713226318,0.6674239635467529,193.8534071445465,0.5523278713226318,0.6674239635467529,193.8534071445465
nc_papers100m_195trainer_0hop_balanced_local_bs512_800r,20260914_203749_ogbn-papers100M_FedAvg_bs512_seed42_beta10000p0,ogbn-papers100M,FedAvg,512,42,10000.0,300,validation,0.2487,3.3786,0.2487,3.3786,900,0.11225628852844238,0.11225628852844238,0.529550313949585,0.6418066024780273,194.49521374702454,0.529550313949585,0.6418066024780273,194.49521374702454
nc_papers100m_195trainer_0hop_balanced_local_bs512_800r,20260914_203749_ogbn-papers100M_FedAvg_bs512_seed42_beta10000p0,ogbn-papers100M,FedAvg,512,42,10000.0,301,validation,0.2491,3.3765,0.2491,3.3765,903,0.11260724067687988,0.11260724067687988,0.5197124481201172,0.6323196887969971,195.12753343582153,0.5197124481201172,0.6323196887969971,195.12753343582153
nc_papers100m_195trainer_0hop_balanced_local_bs512_800r,20260914_203749_ogbn-papers100M_FedAvg_bs512_seed42_beta10000p0,ogbn-papers100M,FedAvg,512,42,10000.0,302,validation,0.2492,3.3744,0.2492,3.3744,906,0.11301326751708984,0.11301326751708984,0.5209155082702637,0.6339287757873535,195.7614622116089,0.5209155082702637,0.6339287757873535,195.7614622116089
nc_papers100m_195trainer_0hop_balanced_local_bs512_800r,20260914_203749_ogbn-papers100M_FedAvg_bs512_seed42_beta10000p0,ogbn-papers100M,FedAvg,512,42,10000.0,303,validation,0.2493,3.3724,0.2493,3.3724,909,0.11635732650756836,0.11635732650756836,0.5306921005249023,0.6470494270324707,196.40851163864136,0.5306921005249023,0.6470494270324707,196.40851163864136
nc_papers100m_195trainer_0hop_balanced_local_bs512_800r,20260914_203749_ogbn-papers100M_FedAvg_bs512_seed42_beta10000p0,ogbn-papers100M,FedAvg,512,42,10000.0,304,validation,0.2496,3.3707,0.2496,3.3707,912,0.11520981788635254,0.11520981788635254,0.5276927947998047,0.6429026126861572,197.05141425132751,0.5276927947998047,0.6429026126861572,197.05141425132751
nc_papers100m_195trainer_0hop_balanced_local_bs512_800r,20260914_203749_ogbn-papers100M_FedAvg_bs512_seed42_beta10000p0,ogbn-papers100M,FedAvg,512,42,10000.0,305,validation,0.2498,3.3688,0.2498,3.3688,915,0.11811280250549316,0.11811280250549316,0.5315718650817871,0.6496846675872803,197.7010989189148,0.5315718650817871,0.6496846675872803,197.7010989189148
nc_papers100m_195trainer_0hop_balanced_local_bs512_800r,20260914_203749_ogbn-papers100M_FedAvg_bs512_seed42_beta10000p0,ogbn-papers100M,FedAvg,512,42,10000.0,306,validation,0.2499,3.3671,0.2499,3.3671,918,0.11156654357910156,0.11156654357910156,0.546654224395752,0.6582207679748535,198.35931968688965,0.546654224395752,0.6582207679748535,198.35931968688965
nc_papers100m_195trainer_0hop_balanced_local_bs512_800r,20260914_203749_ogbn-papers100M_FedAvg_bs512_seed42_beta10000p0,ogbn-papers100M,FedAvg,512,42,10000.0,307,validation,0.2501,3.3648,0.2501,3.3648,921,0.11278772354125977,0.11278772354125977,0.5275704860687256,0.6403582096099854,198.99967789649963,0.5275704860687256,0.6403582096099854,198.99967789649963
nc_papers100m_195trainer_0hop_balanced_local_bs512_800r,20260914_203749_ogbn-papers100M_FedAvg_bs512_seed42_beta10000p0,ogbn-papers100M,FedAvg,512,42,10000.0,308,validation,0.2503,3.363,0.2503,3.363,924,0.11333370208740234,0.11333370208740234,0.5266499519348145,0.6399836540222168,199.63966155052185,0.5266499519348145,0.6399836540222168,199.63966155052185
nc_papers100m_195trainer_0hop_balanced_local_bs512_800r,20260914_203749_ogbn-papers100M_FedAvg_bs512_seed42_beta10000p0,ogbn-papers100M,FedAvg,512,42,10000.0,309,validation,0.2505,3.3611,0.2505,3.3611,927,0.11301112174987793,0.11301112174987793,0.5339746475219727,0.6469857692718506,200.2866473197937,0.5339746475219727,0.6469857692718506,200.2866473197937
nc_papers100m_195trainer_0hop_balanced_local_bs512_800r,20260914_203749_ogbn-papers100M_FedAvg_bs512_seed42_beta10000p0,ogbn-papers100M,FedAvg,512,42,10000.0,310,validation,0.2506,3.3592,0.2506,3.3592,930,0.11329245567321777,0.11329245567321777,0.5310757160186768,0.6443681716918945,200.9310154914856,0.5310757160186768,0.6443681716918945,200.9310154914856
nc_papers100m_195trainer_0hop_balanced_local_bs512_800r,20260914_203749_ogbn-papers100M_FedAvg_bs512_seed42_beta10000p0,ogbn-papers100M,FedAvg,512,42,10000.0,311,validation,0.2508,3.3572,0.2508,3.3572,933,0.11716961860656738,0.11716961860656738,0.526644229888916,0.6438138484954834,201.57482933998108,0.526644229888916,0.6438138484954834,201.57482933998108
nc_papers100m_195trainer_0hop_balanced_local_bs512_800r,20260914_203749_ogbn-papers100M_FedAvg_bs512_seed42_beta10000p0,ogbn-papers100M,FedAvg,512,42,10000.0,312,validation,0.251,3.3555,0.251,3.3555,936,0.12037014961242676,0.12037014961242676,0.5187904834747314,0.6391606330871582,202.21398997306824,0.5187904834747314,0.6391606330871582,202.21398997306824
nc_papers100m_195trainer_0hop_balanced_local_bs512_800r,20260914_203749_ogbn-papers100M_FedAvg_bs512_seed42_beta10000p0,ogbn-papers100M,FedAvg,512,42,10000.0,313,validation,0.2511,3.3534,0.2511,3.3534,939,0.11431193351745605,0.11431193351745605,0.5693752765655518,0.6836872100830078,202.89767718315125,0.5693752765655518,0.6836872100830078,202.89767718315125
nc_papers100m_195trainer_0hop_balanced_local_bs512_800r,20260914_203749_ogbn-papers100M_FedAvg_bs512_seed42_beta10000p0,ogbn-papers100M,FedAvg,512,42,10000.0,314,validation,0.2514,3.3515,0.2514,3.3515,942,0.11493206024169922,0.11493206024169922,0.5207514762878418,0.635683536529541,203.5333607196808,0.5207514762878418,0.635683536529541,203.5333607196808
nc_papers100m_195trainer_0hop_balanced_local_bs512_800r,20260914_203749_ogbn-papers100M_FedAvg_bs512_seed42_beta10000p0,ogbn-papers100M,FedAvg,512,42,10000.0,315,validation,0.2516,3.3495,0.2516,3.3495,945,0.1209266185760498,0.1209266185760498,0.5231759548187256,0.6441025733947754,204.17746329307556,0.5231759548187256,0.6441025733947754,204.17746329307556
nc_papers100m_195trainer_0hop_balanced_local_bs512_800r,20260914_203749_ogbn-papers100M_FedAvg_bs512_seed42_beta10000p0,ogbn-papers100M,FedAvg,512,42,10000.0,316,validation,0.2516,3.3477,0.2516,3.3477,948,0.11631560325622559,0.11631560325622559,0.5385055541992188,0.6548211574554443,204.832284450531,0.5385055541992188,0.6548211574554443,204.832284450531
nc_papers100m_195trainer_0hop_balanced_local_bs512_800r,20260914_203749_ogbn-papers100M_FedAvg_bs512_seed42_beta10000p0,ogbn-papers100M,FedAvg,512,42,10000.0,317,validation,0.2521,3.3458,0.2521,3.3458,951,0.11182594299316406,0.11182594299316406,0.5312826633453369,0.643108606338501,205.4753930568695,0.5312826633453369,0.643108606338501,205.4753930568695
nc_papers100m_195trainer_0hop_balanced_local_bs512_800r,20260914_203749_ogbn-papers100M_FedAvg_bs512_seed42_beta10000p0,ogbn-papers100M,FedAvg,512,42,10000.0,318,validation,0.2519,3.344,0.2519,3.344,954,0.11311888694763184,0.11311888694763184,0.5108227729797363,0.6239416599273682,206.09933471679688,0.5108227729797363,0.6239416599273682,206.09933471679688
nc_papers100m_195trainer_0hop_balanced_local_bs512_800r,20260914_203749_ogbn-papers100M_FedAvg_bs512_seed42_beta10000p0,ogbn-papers100M,FedAvg,512,42,10000.0,319,validation,0.2522,3.3424,0.2522,3.3424,957,0.11502933502197266,0.11502933502197266,0.5333623886108398,0.6483917236328125,206.7477264404297,0.5333623886108398,0.6483917236328125,206.7477264404297
nc_papers100m_195trainer_0hop_balanced_local_bs512_800r,20260914_203749_ogbn-papers100M_FedAvg_bs512_seed42_beta10000p0,ogbn-papers100M,FedAvg,512,42,10000.0,320,validation,0.2524,3.3405,0.2524,3.3405,960,0.11276030540466309,0.11276030540466309,0.5306806564331055,0.6434409618377686,207.39116740226746,0.5306806564331055,0.6434409618377686,207.39116740226746
nc_papers100m_195trainer_0hop_balanced_local_bs512_800r,20260914_203749_ogbn-papers100M_FedAvg_bs512_seed42_beta10000p0,ogbn-papers100M,FedAvg,512,42,10000.0,321,validation,0.2526,3.3386,0.2526,3.3386,963,0.11608052253723145,0.11608052253723145,0.7089226245880127,0.8250031471252441,208.2161705493927,0.7089226245880127,0.8250031471252441,208.2161705493927
nc_papers100m_195trainer_0hop_balanced_local_bs512_800r,20260914_203749_ogbn-papers100M_FedAvg_bs512_seed42_beta10000p0,ogbn-papers100M,FedAvg,512,42,10000.0,322,validation,0.2527,3.3368,0.2527,3.3368,966,0.1139676570892334,0.1139676570892334,0.5371098518371582,0.6510775089263916,208.8672480583191,0.5371098518371582,0.6510775089263916,208.8672480583191
nc_papers100m_195trainer_0hop_balanced_local_bs512_800r,20260914_203749_ogbn-papers100M_FedAvg_bs512_seed42_beta10000p0,ogbn-papers100M,FedAvg,512,42,10000.0,323,validation,0.2532,3.3352,0.2532,3.3352,969,0.11343812942504883,0.11343812942504883,0.531238317489624,0.6446764469146729,209.51192450523376,0.531238317489624,0.6446764469146729,209.51192450523376
nc_papers100m_195trainer_0hop_balanced_local_bs512_800r,20260914_203749_ogbn-papers100M_FedAvg_bs512_seed42_beta10000p0,ogbn-papers100M,FedAvg,512,42,10000.0,324,validation,0.2532,3.3332,0.2532,3.3332,972,0.11445999145507812,0.11445999145507812,0.5272641181945801,0.6417241096496582,210.15364861488342,0.5272641181945801,0.6417241096496582,210.15364861488342
nc_papers100m_195trainer_0hop_balanced_local_bs512_800r,20260914_203749_ogbn-papers100M_FedAvg_bs512_seed42_beta10000p0,ogbn-papers100M,FedAvg,512,42,10000.0,325,validation,0.2534,3.3314,0.2534,3.3314,975,0.11362814903259277,0.11362814903259277,0.5189149379730225,0.6325430870056152,210.78619170188904,0.5189149379730225,0.6325430870056152,210.78619170188904
nc_papers100m_195trainer_0hop_balanced_local_bs512_800r,20260914_203749_ogbn-papers100M_FedAvg_bs512_seed42_beta10000p0,ogbn-papers100M,FedAvg,512,42,10000.0,326,validation,0.2537,3.3298,0.2537,3.3298,978,0.11540484428405762,0.11540484428405762,0.5379691123962402,0.6533739566802979,211.43956565856934,0.5379691123962402,0.6533739566802979,211.43956565856934
nc_papers100m_195trainer_0hop_balanced_local_bs512_800r,20260914_203749_ogbn-papers100M_FedAvg_bs512_seed42_beta10000p0,ogbn-papers100M,FedAvg,512,42,10000.0,327,validation,0.2538,3.3278,0.2538,3.3278,981,0.11624622344970703,0.11624622344970703,0.5525712966918945,0.6688175201416016,212.10838317871094,0.5525712966918945,0.6688175201416016,212.10838317871094
nc_papers100m_195trainer_0hop_balanced_local_bs512_800r,20260914_203749_ogbn-papers100M_FedAvg_bs512_seed42_beta10000p0,ogbn-papers100M,FedAvg,512,42,10000.0,328,validation,0.2539,3.3261,0.2539,3.3261,984,0.11326837539672852,0.11326837539672852,0.5202574729919434,0.6335258483886719,212.7419090270996,0.5202574729919434,0.6335258483886719,212.7419090270996
nc_papers100m_195trainer_0hop_balanced_local_bs512_800r,20260914_203749_ogbn-papers100M_FedAvg_bs512_seed42_beta10000p0,ogbn-papers100M,FedAvg,512,42,10000.0,329,validation,0.2539,3.3242,0.2539,3.3242,987,0.11783146858215332,0.11783146858215332,0.5283267498016357,0.6461582183837891,213.3880672454834,0.5283267498016357,0.6461582183837891,213.3880672454834
nc_papers100m_195trainer_0hop_balanced_local_bs512_800r,20260914_203749_ogbn-papers100M_FedAvg_bs512_seed42_beta10000p0,ogbn-papers100M,FedAvg,512,42,10000.0,330,validation,0.2541,3.3223,0.2541,3.3223,990,0.11343646049499512,0.11343646049499512,0.5312869548797607,0.6447234153747559,214.03279066085815,0.5312869548797607,0.6447234153747559,214.03279066085815
nc_papers100m_195trainer_0hop_balanced_local_bs512_800r,20260914_203749_ogbn-papers100M_FedAvg_bs512_seed42_beta10000p0,ogbn-papers100M,FedAvg,512,42,10000.0,331,validation,0.2542,3.3206,0.2542,3.3206,993,0.1189424991607666,0.1189424991607666,0.5219647884368896,0.6409072875976562,214.6736979484558,0.5219647884368896,0.6409072875976562,214.6736979484558
nc_papers100m_195trainer_0hop_balanced_local_bs512_800r,20260914_203749_ogbn-papers100M_FedAvg_bs512_seed42_beta10000p0,ogbn-papers100M,FedAvg,512,42,10000.0,332,validation,0.2546,3.3192,0.2546,3.3192,996,0.11292505264282227,0.11292505264282227,0.5249650478363037,0.637890100479126,215.31158804893494,0.5249650478363037,0.637890100479126,215.31158804893494
nc_papers100m_195trainer_0hop_balanced_local_bs512_800r,20260914_203749_ogbn-papers100M_FedAvg_bs512_seed42_beta10000p0,ogbn-papers100M,FedAvg,512,42,10000.0,333,validation,0.2547,3.3173,0.2547,3.3173,999,0.11388921737670898,0.11388921737670898,0.5333776473999023,0.6472668647766113,215.95885491371155,0.5333776473999023,0.6472668647766113,215.95885491371155
nc_papers100m_195trainer_0hop_balanced_local_bs512_800r,20260914_203749_ogbn-papers100M_FedAvg_bs512_seed42_beta10000p0,ogbn-papers100M,FedAvg,512,42,10000.0,334,validation,0.2549,3.3159,0.2549,3.3159,1002,0.11310482025146484,0.11310482025146484,0.5319092273712158,0.6450140476226807,216.60386896133423,0.5319092273712158,0.6450140476226807,216.60386896133423
nc_papers100m_195trainer_0hop_balanced_local_bs512_800r,20260914_203749_ogbn-papers100M_FedAvg_bs512_seed42_beta10000p0,ogbn-papers100M,FedAvg,512,42,10000.0,335,validation,0.255,3.3142,0.255,3.3142,1005,0.11200094223022461,0.11200094223022461,0.5181798934936523,0.630180835723877,217.2340497970581,0.5181798934936523,0.630180835723877,217.2340497970581
nc_papers100m_195trainer_0hop_balanced_local_bs512_800r,20260914_203749_ogbn-papers100M_FedAvg_bs512_seed42_beta10000p0,ogbn-papers100M,FedAvg,512,42,10000.0,336,validation,0.2552,3.3122,0.2552,3.3122,1008,0.11273813247680664,0.11273813247680664,0.5366959571838379,0.6494340896606445,217.88348388671875,0.5366959571838379,0.6494340896606445,217.88348388671875
nc_papers100m_195trainer_0hop_balanced_local_bs512_800r,20260914_203749_ogbn-papers100M_FedAvg_bs512_seed42_beta10000p0,ogbn-papers100M,FedAvg,512,42,10000.0,337,validation,0.2555,3.3105,0.2555,3.3105,1011,0.11284542083740234,0.11284542083740234,0.5301275253295898,0.6429729461669922,218.52645683288574,0.5301275253295898,0.6429729461669922,218.52645683288574
nc_papers100m_195trainer_0hop_balanced_local_bs512_800r,20260914_203749_ogbn-papers100M_FedAvg_bs512_seed42_beta10000p0,ogbn-papers100M,FedAvg,512,42,10000.0,338,validation,0.2557,3.3085,0.2557,3.3085,1014,0.11912226676940918,0.11912226676940918,0.5257141590118408,0.64483642578125,219.171293258667,0.5257141590118408,0.64483642578125,219.171293258667
nc_papers100m_195trainer_0hop_balanced_local_bs512_800r,20260914_203749_ogbn-papers100M_FedAvg_bs512_seed42_beta10000p0,ogbn-papers100M,FedAvg,512,42,10000.0,339,validation,0.2559,3.3069,0.2559,3.3069,1017,0.1124880313873291,0.1124880313873291,0.5356502532958984,0.6481382846832275,219.81943154335022,0.5356502532958984,0.6481382846832275,219.81943154335022
nc_papers100m_195trainer_0hop_balanced_local_bs512_800r,20260914_203749_ogbn-papers100M_FedAvg_bs512_seed42_beta10000p0,ogbn-papers100M,FedAvg,512,42,10000.0,340,validation,0.256,3.3055,0.256,3.3055,1020,0.11359381675720215,0.11359381675720215,0.5266270637512207,0.6402208805084229,220.45965242385864,0.5266270637512207,0.6402208805084229,220.45965242385864
nc_papers100m_195trainer_0hop_balanced_local_bs512_800r,20260914_203749_ogbn-papers100M_FedAvg_bs512_seed42_beta10000p0,ogbn-papers100M,FedAvg,512,42,10000.0,341,validation,0.2562,3.3034,0.2562,3.3034,1023,0.11526727676391602,0.11526727676391602,0.5749168395996094,0.6901841163635254,221.14983654022217,0.5749168395996094,0.6901841163635254,221.14983654022217
nc_papers100m_195trainer_0hop_balanced_local_bs512_800r,20260914_203749_ogbn-papers100M_FedAvg_bs512_seed42_beta10000p0,ogbn-papers100M,FedAvg,512,42,10000.0,342,validation,0.2563,3.3017,0.2563,3.3017,1026,0.11483287811279297,0.11483287811279297,0.5234150886535645,0.6382479667663574,221.78808450698853,0.5234150886535645,0.6382479667663574,221.78808450698853
nc_papers100m_195trainer_0hop_balanced_local_bs512_800r,20260914_203749_ogbn-papers100M_FedAvg_bs512_seed42_beta10000p0,ogbn-papers100M,FedAvg,512,42,10000.0,343,validation,0.2566,3.2998,0.2566,3.2998,1029,0.12232375144958496,0.12232375144958496,0.5374209880828857,0.6597447395324707,222.447829246521,0.5374209880828857,0.6597447395324707,222.447829246521
nc_papers100m_195trainer_0hop_balanced_local_bs512_800r,20260914_203749_ogbn-papers100M_FedAvg_bs512_seed42_beta10000p0,ogbn-papers100M,FedAvg,512,42,10000.0,344,validation,0.2566,3.2982,0.2566,3.2982,1032,0.11103439331054688,0.11103439331054688,0.5325233936309814,0.6435577869415283,223.09138703346252,0.5325233936309814,0.6435577869415283,223.09138703346252
nc_papers100m_195trainer_0hop_balanced_local_bs512_800r,20260914_203749_ogbn-papers100M_FedAvg_bs512_seed42_beta10000p0,ogbn-papers100M,FedAvg,512,42,10000.0,345,validation,0.2569,3.2966,0.2569,3.2966,1035,0.11326479911804199,0.11326479911804199,0.5217361450195312,0.6350009441375732,223.7263879776001,0.5217361450195312,0.6350009441375732,223.7263879776001
nc_papers100m_195trainer_0hop_balanced_local_bs512_800r,20260914_203749_ogbn-papers100M_FedAvg_bs512_seed42_beta10000p0,ogbn-papers100M,FedAvg,512,42,10000.0,346,validation,0.2571,3.2949,0.2571,3.2949,1038,0.11375951766967773,0.11375951766967773,0.5283257961273193,0.6420853137969971,224.3684732913971,0.5283257961273193,0.6420853137969971,224.3684732913971
nc_papers100m_195trainer_0hop_balanced_local_bs512_800r,20260914_203749_ogbn-papers100M_FedAvg_bs512_seed42_beta10000p0,ogbn-papers100M,FedAvg,512,42,10000.0,347,validation,0.2573,3.293,0.2573,3.293,1041,0.11427140235900879,0.11427140235900879,0.5306036472320557,0.6448750495910645,225.01334834098816,0.5306036472320557,0.6448750495910645,225.01334834098816
nc_papers100m_195trainer_0hop_balanced_local_bs512_800r,20260914_203749_ogbn-papers100M_FedAvg_bs512_seed42_beta10000p0,ogbn-papers100M,FedAvg,512,42,10000.0,348,validation,0.2574,3.2914,0.2574,3.2914,1044,0.11404204368591309,0.11404204368591309,0.5247857570648193,0.6388278007507324,225.6521761417389,0.5247857570648193,0.6388278007507324,225.6521761417389
nc_papers100m_195trainer_0hop_balanced_local_bs512_800r,20260914_203749_ogbn-papers100M_FedAvg_bs512_seed42_beta10000p0,ogbn-papers100M,FedAvg,512,42,10000.0,349,validation,0.2576,3.2901,0.2576,3.2901,1047,0.1112051010131836,0.1112051010131836,0.5400407314300537,0.6512458324432373,226.30342197418213,0.5400407314300537,0.6512458324432373,226.30342197418213
nc_papers100m_195trainer_0hop_balanced_local_bs512_800r,20260914_203749_ogbn-papers100M_FedAvg_bs512_seed42_beta10000p0,ogbn-papers100M,FedAvg,512,42,10000.0,350,validation,0.258,3.2882,0.258,3.2882,1050,0.10995697975158691,0.10995697975158691,0.5194363594055176,0.6293933391571045,226.93281531333923,0.5194363594055176,0.6293933391571045,226.93281531333923
nc_papers100m_195trainer_0hop_balanced_local_bs512_800r,20260914_203749_ogbn-papers100M_FedAvg_bs512_seed42_beta10000p0,ogbn-papers100M,FedAvg,512,42,10000.0,351,validation,0.2581,3.2868,0.2581,3.2868,1053,0.11482000350952148,0.11482000350952148,0.5213658809661865,0.636185884475708,227.56900119781494,0.5213658809661865,0.636185884475708,227.56900119781494
nc_papers100m_195trainer_0hop_balanced_local_bs512_800r,20260914_203749_ogbn-papers100M_FedAvg_bs512_seed42_beta10000p0,ogbn-papers100M,FedAvg,512,42,10000.0,352,validation,0.2582,3.285,0.2582,3.285,1056,0.12014603614807129,0.12014603614807129,0.5252456665039062,0.6453917026519775,228.21439290046692,0.5252456665039062,0.6453917026519775,228.21439290046692
nc_papers100m_195trainer_0hop_balanced_local_bs512_800r,20260914_203749_ogbn-papers100M_FedAvg_bs512_seed42_beta10000p0,ogbn-papers100M,FedAvg,512,42,10000.0,353,validation,0.2585,3.2833,0.2585,3.2833,1059,0.11343193054199219,0.11343193054199219,0.5251255035400391,0.6385574340820312,228.85295033454895,0.5251255035400391,0.6385574340820312,228.85295033454895
nc_papers100m_195trainer_0hop_balanced_local_bs512_800r,20260914_203749_ogbn-papers100M_FedAvg_bs512_seed42_beta10000p0,ogbn-papers100M,FedAvg,512,42,10000.0,354,validation,0.2585,3.2817,0.2585,3.2817,1062,0.11439704895019531,0.11439704895019531,0.5212235450744629,0.6356205940246582,229.4885709285736,0.5212235450744629,0.6356205940246582,229.4885709285736
nc_papers100m_195trainer_0hop_balanced_local_bs512_800r,20260914_203749_ogbn-papers100M_FedAvg_bs512_seed42_beta10000p0,ogbn-papers100M,FedAvg,512,42,10000.0,355,validation,0.2586,3.2802,0.2586,3.2802,1065,0.11446619033813477,0.11446619033813477,0.5349531173706055,0.6494193077087402,230.13799023628235,0.5349531173706055,0.6494193077087402,230.13799023628235
nc_papers100m_195trainer_0hop_balanced_local_bs512_800r,20260914_203749_ogbn-papers100M_FedAvg_bs512_seed42_beta10000p0,ogbn-papers100M,FedAvg,512,42,10000.0,356,validation,0.259,3.2785,0.259,3.2785,1068,0.11380958557128906,0.11380958557128906,0.5257949829101562,0.6396045684814453,230.7775948047638,0.5257949829101562,0.6396045684814453,230.7775948047638
nc_papers100m_195trainer_0hop_balanced_local_bs512_800r,20260914_203749_ogbn-papers100M_FedAvg_bs512_seed42_beta10000p0,ogbn-papers100M,FedAvg,512,42,10000.0,357,validation,0.2592,3.2767,0.2592,3.2767,1071,0.11283016204833984,0.11283016204833984,0.5174317359924316,0.6302618980407715,231.40785670280457,0.5174317359924316,0.6302618980407715,231.40785670280457
nc_papers100m_195trainer_0hop_balanced_local_bs512_800r,20260914_203749_ogbn-papers100M_FedAvg_bs512_seed42_beta10000p0,ogbn-papers100M,FedAvg,512,42,10000.0,358,validation,0.2593,3.2752,0.2593,3.2752,1074,0.11382722854614258,0.11382722854614258,0.5195724964141846,0.6333997249603271,232.0412564277649,0.5195724964141846,0.6333997249603271,232.0412564277649
nc_papers100m_195trainer_0hop_balanced_local_bs512_800r,20260914_203749_ogbn-papers100M_FedAvg_bs512_seed42_beta10000p0,ogbn-papers100M,FedAvg,512,42,10000.0,359,validation,0.2594,3.2736,0.2594,3.2736,1077,0.11567854881286621,0.11567854881286621,0.5348911285400391,0.6505696773529053,232.6918261051178,0.5348911285400391,0.6505696773529053,232.6918261051178
nc_papers100m_195trainer_0hop_balanced_local_bs512_800r,20260914_203749_ogbn-papers100M_FedAvg_bs512_seed42_beta10000p0,ogbn-papers100M,FedAvg,512,42,10000.0,360,validation,0.2595,3.2719,0.2595,3.2719,1080,0.1139068603515625,0.1139068603515625,0.5273075103759766,0.6412143707275391,233.33304047584534,0.5273075103759766,0.6412143707275391,233.33304047584534
nc_papers100m_195trainer_0hop_balanced_local_bs512_800r,20260914_203749_ogbn-papers100M_FedAvg_bs512_seed42_beta10000p0,ogbn-papers100M,FedAvg,512,42,10000.0,361,validation,0.2597,3.2704,0.2597,3.2704,1083,0.11299443244934082,0.11299443244934082,0.5138213634490967,0.6268157958984375,233.95985627174377,0.5138213634490967,0.6268157958984375,233.95985627174377
nc_papers100m_195trainer_0hop_balanced_local_bs512_800r,20260914_203749_ogbn-papers100M_FedAvg_bs512_seed42_beta10000p0,ogbn-papers100M,FedAvg,512,42,10000.0,362,validation,0.2599,3.2686,0.2599,3.2686,1086,0.11081480979919434,0.11081480979919434,0.5365068912506104,0.6473217010498047,234.60717797279358,0.5365068912506104,0.6473217010498047,234.60717797279358
nc_papers100m_195trainer_0hop_balanced_local_bs512_800r,20260914_203749_ogbn-papers100M_FedAvg_bs512_seed42_beta10000p0,ogbn-papers100M,FedAvg,512,42,10000.0,363,validation,0.2598,3.2672,0.2598,3.2672,1089,0.11179709434509277,0.11179709434509277,0.5242409706115723,0.636038064956665,235.24321603775024,0.5242409706115723,0.636038064956665,235.24321603775024
nc_papers100m_195trainer_0hop_balanced_local_bs512_800r,20260914_203749_ogbn-papers100M_FedAvg_bs512_seed42_beta10000p0,ogbn-papers100M,FedAvg,512,42,10000.0,364,validation,0.2604,3.2653,0.2604,3.2653,1092,0.11449503898620605,0.11449503898620605,0.512923002243042,0.627418041229248,235.8706340789795,0.512923002243042,0.627418041229248,235.8706340789795
nc_papers100m_195trainer_0hop_balanced_local_bs512_800r,20260914_203749_ogbn-papers100M_FedAvg_bs512_seed42_beta10000p0,ogbn-papers100M,FedAvg,512,42,10000.0,365,validation,0.2604,3.2637,0.2604,3.2637,1095,0.1163787841796875,0.1163787841796875,0.5265598297119141,0.6429386138916016,236.5135726928711,0.5265598297119141,0.6429386138916016,236.5135726928711
nc_papers100m_195trainer_0hop_balanced_local_bs512_800r,20260914_203749_ogbn-papers100M_FedAvg_bs512_seed42_beta10000p0,ogbn-papers100M,FedAvg,512,42,10000.0,366,validation,0.2606,3.2622,0.2606,3.2622,1098,0.11395955085754395,0.11395955085754395,0.5299928188323975,0.6439523696899414,237.15752506256104,0.5299928188323975,0.6439523696899414,237.15752506256104
nc_papers100m_195trainer_0hop_balanced_local_bs512_800r,20260914_203749_ogbn-papers100M_FedAvg_bs512_seed42_beta10000p0,ogbn-papers100M,FedAvg,512,42,10000.0,367,validation,0.2608,3.261,0.2608,3.261,1101,0.114105224609375,0.114105224609375,0.5107922554016113,0.6248974800109863,237.78242254257202,0.5107922554016113,0.6248974800109863,237.78242254257202
nc_papers100m_195trainer_0hop_balanced_local_bs512_800r,20260914_203749_ogbn-papers100M_FedAvg_bs512_seed42_beta10000p0,ogbn-papers100M,FedAvg,512,42,10000.0,368,validation,0.2609,3.2595,0.2609,3.2595,1104,0.1165170669555664,0.1165170669555664,0.5230123996734619,0.6395294666290283,238.42195200920105,0.5230123996734619,0.6395294666290283,238.42195200920105
nc_papers100m_195trainer_0hop_balanced_local_bs512_800r,20260914_203749_ogbn-papers100M_FedAvg_bs512_seed42_beta10000p0,ogbn-papers100M,FedAvg,512,42,10000.0,369,validation,0.2609,3.2579,0.2609,3.2579,1107,0.11646461486816406,0.11646461486816406,0.5477550029754639,0.6642196178436279,239.08617162704468,0.5477550029754639,0.6642196178436279,239.08617162704468
nc_papers100m_195trainer_0hop_balanced_local_bs512_800r,20260914_203749_ogbn-papers100M_FedAvg_bs512_seed42_beta10000p0,ogbn-papers100M,FedAvg,512,42,10000.0,370,validation,0.2611,3.2563,0.2611,3.2563,1110,0.11594176292419434,0.11594176292419434,0.527585506439209,0.6435272693634033,239.72969889640808,0.527585506439209,0.6435272693634033,239.72969889640808
nc_papers100m_195trainer_0hop_balanced_local_bs512_800r,20260914_203749_ogbn-papers100M_FedAvg_bs512_seed42_beta10000p0,ogbn-papers100M,FedAvg,512,42,10000.0,371,validation,0.2614,3.2546,0.2614,3.2546,1113,0.1169576644897461,0.1169576644897461,0.5232694149017334,0.6402270793914795,240.36992597579956,0.5232694149017334,0.6402270793914795,240.36992597579956
nc_papers100m_195trainer_0hop_balanced_local_bs512_800r,20260914_203749_ogbn-papers100M_FedAvg_bs512_seed42_beta10000p0,ogbn-papers100M,FedAvg,512,42,10000.0,372,validation,0.2617,3.2533,0.2617,3.2533,1116,0.11471033096313477,0.11471033096313477,0.540215015411377,0.6549253463745117,241.02485132217407,0.540215015411377,0.6549253463745117,241.02485132217407
nc_papers100m_195trainer_0hop_balanced_local_bs512_800r,20260914_203749_ogbn-papers100M_FedAvg_bs512_seed42_beta10000p0,ogbn-papers100M,FedAvg,512,42,10000.0,373,validation,0.262,3.2517,0.262,3.2517,1119,0.11225390434265137,0.11225390434265137,0.522120475769043,0.6343743801116943,241.65922570228577,0.522120475769043,0.6343743801116943,241.65922570228577
nc_papers100m_195trainer_0hop_balanced_local_bs512_800r,20260914_203749_ogbn-papers100M_FedAvg_bs512_seed42_beta10000p0,ogbn-papers100M,FedAvg,512,42,10000.0,374,validation,0.2622,3.2501,0.2622,3.2501,1122,0.11600351333618164,0.11600351333618164,0.5144467353820801,0.6304502487182617,242.28967595100403,0.5144467353820801,0.6304502487182617,242.28967595100403
nc_papers100m_195trainer_0hop_balanced_local_bs512_800r,20260914_203749_ogbn-papers100M_FedAvg_bs512_seed42_beta10000p0,ogbn-papers100M,FedAvg,512,42,10000.0,375,validation,0.2623,3.2484,0.2623,3.2484,1125,0.11549019813537598,0.11549019813537598,0.5277314186096191,0.6432216167449951,242.93289756774902,0.5277314186096191,0.6432216167449951,242.93289756774902
nc_papers100m_195trainer_0hop_balanced_local_bs512_800r,20260914_203749_ogbn-papers100M_FedAvg_bs512_seed42_beta10000p0,ogbn-papers100M,FedAvg,512,42,10000.0,376,validation,0.2625,3.247,0.2625,3.247,1128,0.11452507972717285,0.11452507972717285,0.5275130271911621,0.642038106918335,243.57493567466736,0.5275130271911621,0.642038106918335,243.57493567466736
nc_papers100m_195trainer_0hop_balanced_local_bs512_800r,20260914_203749_ogbn-papers100M_FedAvg_bs512_seed42_beta10000p0,ogbn-papers100M,FedAvg,512,42,10000.0,377,validation,0.2626,3.2457,0.2626,3.2457,1131,0.11273670196533203,0.11273670196533203,0.5192556381225586,0.6319923400878906,244.20692801475525,0.5192556381225586,0.6319923400878906,244.20692801475525
nc_papers100m_195trainer_0hop_balanced_local_bs512_800r,20260914_203749_ogbn-papers100M_FedAvg_bs512_seed42_beta10000p0,ogbn-papers100M,FedAvg,512,42,10000.0,378,validation,0.2629,3.244,0.2629,3.244,1134,0.11376142501831055,0.11376142501831055,0.5241572856903076,0.6379187107086182,244.84484672546387,0.5241572856903076,0.6379187107086182,244.84484672546387
nc_papers100m_195trainer_0hop_balanced_local_bs512_800r,20260914_203749_ogbn-papers100M_FedAvg_bs512_seed42_beta10000p0,ogbn-papers100M,FedAvg,512,42,10000.0,379,validation,0.263,3.2427,0.263,3.2427,1137,0.1119227409362793,0.1119227409362793,0.529879093170166,0.6418018341064453,245.4866485595703,0.529879093170166,0.6418018341064453,245.4866485595703
nc_papers100m_195trainer_0hop_balanced_local_bs512_800r,20260914_203749_ogbn-papers100M_FedAvg_bs512_seed42_beta10000p0,ogbn-papers100M,FedAvg,512,42,10000.0,380,validation,0.2632,3.2409,0.2632,3.2409,1140,0.1117866039276123,0.1117866039276123,0.523733377456665,0.6355199813842773,246.1221685409546,0.523733377456665,0.6355199813842773,246.1221685409546
nc_papers100m_195trainer_0hop_balanced_local_bs512_800r,20260914_203749_ogbn-papers100M_FedAvg_bs512_seed42_beta10000p0,ogbn-papers100M,FedAvg,512,42,10000.0,381,validation,0.2631,3.2397,0.2631,3.2397,1143,0.11780953407287598,0.11780953407287598,0.5295929908752441,0.6474025249481201,246.7695710659027,0.5295929908752441,0.6474025249481201,246.7695710659027
nc_papers100m_195trainer_0hop_balanced_local_bs512_800r,20260914_203749_ogbn-papers100M_FedAvg_bs512_seed42_beta10000p0,ogbn-papers100M,FedAvg,512,42,10000.0,382,validation,0.2635,3.238,0.2635,3.238,1146,0.11448860168457031,0.11448860168457031,0.5305478572845459,0.6450364589691162,247.41460752487183,0.5305478572845459,0.6450364589691162,247.41460752487183
nc_papers100m_195trainer_0hop_balanced_local_bs512_800r,20260914_203749_ogbn-papers100M_FedAvg_bs512_seed42_beta10000p0,ogbn-papers100M,FedAvg,512,42,10000.0,383,validation,0.2638,3.2368,0.2638,3.2368,1149,0.11205244064331055,0.11205244064331055,0.5244176387786865,0.6364700794219971,248.05107760429382,0.5244176387786865,0.6364700794219971,248.05107760429382
nc_papers100m_195trainer_0hop_balanced_local_bs512_800r,20260914_203749_ogbn-papers100M_FedAvg_bs512_seed42_beta10000p0,ogbn-papers100M,FedAvg,512,42,10000.0,384,validation,0.2637,3.2353,0.2637,3.2353,1152,0.11692094802856445,0.11692094802856445,0.5505034923553467,0.6674244403839111,248.71850204467773,0.5505034923553467,0.6674244403839111,248.71850204467773
nc_papers100m_195trainer_0hop_balanced_local_bs512_800r,20260914_203749_ogbn-papers100M_FedAvg_bs512_seed42_beta10000p0,ogbn-papers100M,FedAvg,512,42,10000.0,385,validation,0.2639,3.2336,0.2639,3.2336,1155,0.1124413013458252,0.1124413013458252,0.5375580787658691,0.6499993801116943,249.36850142478943,0.5375580787658691,0.6499993801116943,249.36850142478943
nc_papers100m_195trainer_0hop_balanced_local_bs512_800r,20260914_203749_ogbn-papers100M_FedAvg_bs512_seed42_beta10000p0,ogbn-papers100M,FedAvg,512,42,10000.0,386,validation,0.2642,3.2319,0.2642,3.2319,1158,0.11599612236022949,0.11599612236022949,0.5187253952026367,0.6347215175628662,250.0032229423523,0.5187253952026367,0.6347215175628662,250.0032229423523
nc_papers100m_195trainer_0hop_balanced_local_bs512_800r,20260914_203749_ogbn-papers100M_FedAvg_bs512_seed42_beta10000p0,ogbn-papers100M,FedAvg,512,42,10000.0,387,validation,0.2643,3.2306,0.2643,3.2306,1161,0.1152944564819336,0.1152944564819336,0.5269567966461182,0.6422512531280518,250.64547419548035,0.5269567966461182,0.6422512531280518,250.64547419548035
nc_papers100m_195trainer_0hop_balanced_local_bs512_800r,20260914_203749_ogbn-papers100M_FedAvg_bs512_seed42_beta10000p0,ogbn-papers100M,FedAvg,512,42,10000.0,388,validation,0.2644,3.2291,0.2644,3.2291,1164,0.11276531219482422,0.11276531219482422,0.5310871601104736,0.6438524723052979,251.28932666778564,0.5310871601104736,0.6438524723052979,251.28932666778564
nc_papers100m_195trainer_0hop_balanced_local_bs512_800r,20260914_203749_ogbn-papers100M_FedAvg_bs512_seed42_beta10000p0,ogbn-papers100M,FedAvg,512,42,10000.0,389,validation,0.2644,3.2275,0.2644,3.2275,1167,0.11149430274963379,0.11149430274963379,0.5251264572143555,0.6366207599639893,251.92594742774963,0.5251264572143555,0.6366207599639893,251.92594742774963
nc_papers100m_195trainer_0hop_balanced_local_bs512_800r,20260914_203749_ogbn-papers100M_FedAvg_bs512_seed42_beta10000p0,ogbn-papers100M,FedAvg,512,42,10000.0,390,validation,0.2647,3.2264,0.2647,3.2264,1170,0.11202788352966309,0.11202788352966309,0.5158946514129639,0.627922534942627,252.55386996269226,0.5158946514129639,0.627922534942627,252.55386996269226
nc_papers100m_195trainer_0hop_balanced_local_bs512_800r,20260914_203749_ogbn-papers100M_FedAvg_bs512_seed42_beta10000p0,ogbn-papers100M,FedAvg,512,42,10000.0,391,validation,0.2649,3.2249,0.2649,3.2249,1173,0.11899757385253906,0.11899757385253906,0.5237064361572266,0.6427040100097656,253.19657397270203,0.5237064361572266,0.6427040100097656,253.19657397270203
nc_papers100m_195trainer_0hop_balanced_local_bs512_800r,20260914_203749_ogbn-papers100M_FedAvg_bs512_seed42_beta10000p0,ogbn-papers100M,FedAvg,512,42,10000.0,392,validation,0.2651,3.2235,0.2651,3.2235,1176,0.11577272415161133,0.11577272415161133,0.5265457630157471,0.6423184871673584,253.83889245986938,0.5265457630157471,0.6423184871673584,253.83889245986938
nc_papers100m_195trainer_0hop_balanced_local_bs512_800r,20260914_203749_ogbn-papers100M_FedAvg_bs512_seed42_beta10000p0,ogbn-papers100M,FedAvg,512,42,10000.0,393,validation,0.2651,3.2221,0.2651,3.2221,1179,0.11470484733581543,0.11470484733581543,0.5215263366699219,0.6362311840057373,254.47512364387512,0.5215263366699219,0.6362311840057373,254.47512364387512
nc_papers100m_195trainer_0hop_balanced_local_bs512_800r,20260914_203749_ogbn-papers100M_FedAvg_bs512_seed42_beta10000p0,ogbn-papers100M,FedAvg,512,42,10000.0,394,validation,0.2653,3.221,0.2653,3.221,1182,0.12101316452026367,0.12101316452026367,0.5202245712280273,0.641237735748291,255.1163613796234,0.5202245712280273,0.641237735748291,255.1163613796234
nc_papers100m_195trainer_0hop_balanced_local_bs512_800r,20260914_203749_ogbn-papers100M_FedAvg_bs512_seed42_beta10000p0,ogbn-papers100M,FedAvg,512,42,10000.0,395,validation,0.2657,3.2196,0.2657,3.2196,1185,0.11823415756225586,0.11823415756225586,0.5241200923919678,0.6423542499542236,255.75871562957764,0.5241200923919678,0.6423542499542236,255.75871562957764
nc_papers100m_195trainer_0hop_balanced_local_bs512_800r,20260914_203749_ogbn-papers100M_FedAvg_bs512_seed42_beta10000p0,ogbn-papers100M,FedAvg,512,42,10000.0,396,validation,0.2659,3.2178,0.2659,3.2178,1188,0.11257481575012207,0.11257481575012207,0.5206727981567383,0.6332476139068604,256.3919632434845,0.5206727981567383,0.6332476139068604,256.3919632434845
nc_papers100m_195trainer_0hop_balanced_local_bs512_800r,20260914_203749_ogbn-papers100M_FedAvg_bs512_seed42_beta10000p0,ogbn-papers100M,FedAvg,512,42,10000.0,397,validation,0.266,3.2163,0.266,3.2163,1191,0.11863160133361816,0.11863160133361816,0.5302035808563232,0.6488351821899414,257.04079842567444,0.5302035808563232,0.6488351821899414,257.04079842567444
nc_papers100m_195trainer_0hop_balanced_local_bs512_800r,20260914_203749_ogbn-papers100M_FedAvg_bs512_seed42_beta10000p0,ogbn-papers100M,FedAvg,512,42,10000.0,398,validation,0.266,3.2146,0.266,3.2146,1194,0.11216878890991211,0.11216878890991211,0.5456650257110596,0.6578338146209717,257.6986322402954,0.5456650257110596,0.6578338146209717,257.6986322402954
nc_papers100m_195trainer_0hop_balanced_local_bs512_800r,20260914_203749_ogbn-papers100M_FedAvg_bs512_seed42_beta10000p0,ogbn-papers100M,FedAvg,512,42,10000.0,399,validation,0.2664,3.2133,0.2664,3.2133,1197,0.11130285263061523,0.11130285263061523,0.5271131992340088,0.638416051864624,258.33704829216003,0.5271131992340088,0.638416051864624,258.33704829216003
nc_papers100m_195trainer_0hop_balanced_local_bs512_800r,20260914_203749_ogbn-papers100M_FedAvg_bs512_seed42_beta10000p0,ogbn-papers100M,FedAvg,512,42,10000.0,400,validation,0.2665,3.2119,0.2665,3.2119,1200,0.11238551139831543,0.11238551139831543,0.5202755928039551,0.6326611042022705,258.9697093963623,0.5202755928039551,0.6326611042022705,258.9697093963623
nc_papers100m_195trainer_0hop_balanced_local_bs512_800r,20260914_203749_ogbn-papers100M_FedAvg_bs512_seed42_beta10000p0,ogbn-papers100M,FedAvg,512,42,10000.0,401,validation,0.2666,3.2106,0.2666,3.2106,1203,0.11280298233032227,0.11280298233032227,0.5257256031036377,0.63852858543396,259.60823798179626,0.5257256031036377,0.63852858543396,259.60823798179626
nc_papers100m_195trainer_0hop_balanced_local_bs512_800r,20260914_203749_ogbn-papers100M_FedAvg_bs512_seed42_beta10000p0,ogbn-papers100M,FedAvg,512,42,10000.0,402,validation,0.2668,3.2092,0.2668,3.2092,1206,0.11834144592285156,0.11834144592285156,0.5256550312042236,0.6439964771270752,260.25223445892334,0.5256550312042236,0.6439964771270752,260.25223445892334
nc_papers100m_195trainer_0hop_balanced_local_bs512_800r,20260914_203749_ogbn-papers100M_FedAvg_bs512_seed42_beta10000p0,ogbn-papers100M,FedAvg,512,42,10000.0,403,validation,0.2671,3.2078,0.2671,3.2078,1209,0.12168312072753906,0.12168312072753906,0.5218908786773682,0.6435739994049072,260.89580845832825,0.5218908786773682,0.6435739994049072,260.89580845832825
nc_papers100m_195trainer_0hop_balanced_local_bs512_800r,20260914_203749_ogbn-papers100M_FedAvg_bs512_seed42_beta10000p0,ogbn-papers100M,FedAvg,512,42,10000.0,404,validation,0.2673,3.2065,0.2673,3.2065,1212,0.11585831642150879,0.11585831642150879,0.5289278030395508,0.6447861194610596,261.5405945777893,0.5289278030395508,0.6447861194610596,261.5405945777893
nc_papers100m_195trainer_0hop_balanced_local_bs512_800r,20260914_203749_ogbn-papers100M_FedAvg_bs512_seed42_beta10000p0,ogbn-papers100M,FedAvg,512,42,10000.0,405,validation,0.2674,3.2048,0.2674,3.2048,1215,0.11145257949829102,0.11145257949829102,0.5311639308929443,0.6426165103912354,262.18321108818054,0.5311639308929443,0.6426165103912354,262.18321108818054
nc_papers100m_195trainer_0hop_balanced_local_bs512_800r,20260914_203749_ogbn-papers100M_FedAvg_bs512_seed42_beta10000p0,ogbn-papers100M,FedAvg,512,42,10000.0,406,validation,0.2677,3.2035,0.2677,3.2035,1218,0.11389422416687012,0.11389422416687012,0.531646728515625,0.6455409526824951,262.82875204086304,0.531646728515625,0.6455409526824951,262.82875204086304
nc_papers100m_195trainer_0hop_balanced_local_bs512_800r,20260914_203749_ogbn-papers100M_FedAvg_bs512_seed42_beta10000p0,ogbn-papers100M,FedAvg,512,42,10000.0,407,validation,0.2678,3.2023,0.2678,3.2023,1221,0.11917471885681152,0.11917471885681152,0.521491289138794,0.6406660079956055,263.46941804885864,0.521491289138794,0.6406660079956055,263.46941804885864
nc_papers100m_195trainer_0hop_balanced_local_bs512_800r,20260914_203749_ogbn-papers100M_FedAvg_bs512_seed42_beta10000p0,ogbn-papers100M,FedAvg,512,42,10000.0,408,validation,0.2679,3.2007,0.2679,3.2007,1224,0.11316156387329102,0.11316156387329102,0.5239157676696777,0.6370773315429688,264.1064953804016,0.5239157676696777,0.6370773315429688,264.1064953804016
nc_papers100m_195trainer_0hop_balanced_local_bs512_800r,20260914_203749_ogbn-papers100M_FedAvg_bs512_seed42_beta10000p0,ogbn-papers100M,FedAvg,512,42,10000.0,409,validation,0.2681,3.1994,0.2681,3.1994,1227,0.11575913429260254,0.11575913429260254,0.51969313621521,0.6354522705078125,264.7419476509094,0.51969313621521,0.6354522705078125,264.7419476509094
nc_papers100m_195trainer_0hop_balanced_local_bs512_800r,20260914_203749_ogbn-papers100M_FedAvg_bs512_seed42_beta10000p0,ogbn-papers100M,FedAvg,512,42,10000.0,410,validation,0.2683,3.1981,0.2683,3.1981,1230,0.11499667167663574,0.11499667167663574,0.5187227725982666,0.6337194442749023,265.3756670951843,0.5187227725982666,0.6337194442749023,265.3756670951843
nc_papers100m_195trainer_0hop_balanced_local_bs512_800r,20260914_203749_ogbn-papers100M_FedAvg_bs512_seed42_beta10000p0,ogbn-papers100M,FedAvg,512,42,10000.0,411,validation,0.2682,3.1969,0.2682,3.1969,1233,0.11349987983703613,0.11349987983703613,0.5392792224884033,0.6527791023254395,266.02844619750977,0.5392792224884033,0.6527791023254395,266.02844619750977
nc_papers100m_195trainer_0hop_balanced_local_bs512_800r,20260914_203749_ogbn-papers100M_FedAvg_bs512_seed42_beta10000p0,ogbn-papers100M,FedAvg,512,42,10000.0,412,validation,0.2685,3.1957,0.2685,3.1957,1236,0.11276578903198242,0.11276578903198242,0.5564742088317871,0.6692399978637695,266.69768619537354,0.5564742088317871,0.6692399978637695,266.69768619537354
nc_papers100m_195trainer_0hop_balanced_local_bs512_800r,20260914_203749_ogbn-papers100M_FedAvg_bs512_seed42_beta10000p0,ogbn-papers100M,FedAvg,512,42,10000.0,413,validation,0.2686,3.1943,0.2686,3.1943,1239,0.1117100715637207,0.1117100715637207,0.5362057685852051,0.6479158401489258,267.34560203552246,0.5362057685852051,0.6479158401489258,267.34560203552246
nc_papers100m_195trainer_0hop_balanced_local_bs512_800r,20260914_203749_ogbn-papers100M_FedAvg_bs512_seed42_beta10000p0,ogbn-papers100M,FedAvg,512,42,10000.0,414,validation,0.2687,3.193,0.2687,3.193,1242,0.11225008964538574,0.11225008964538574,0.5246865749359131,0.6369366645812988,267.98253870010376,0.5246865749359131,0.6369366645812988,267.98253870010376
nc_papers100m_195trainer_0hop_balanced_local_bs512_800r,20260914_203749_ogbn-papers100M_FedAvg_bs512_seed42_beta10000p0,ogbn-papers100M,FedAvg,512,42,10000.0,415,validation,0.2689,3.1913,0.2689,3.1913,1245,0.11506915092468262,0.11506915092468262,0.5200324058532715,0.6351015567779541,268.6176402568817,0.5200324058532715,0.6351015567779541,268.6176402568817
nc_papers100m_195trainer_0hop_balanced_local_bs512_800r,20260914_203749_ogbn-papers100M_FedAvg_bs512_seed42_beta10000p0,ogbn-papers100M,FedAvg,512,42,10000.0,416,validation,0.2693,3.1899,0.2693,3.1899,1248,0.11549544334411621,0.11549544334411621,0.5193521976470947,0.6348476409912109,269.2524878978729,0.5193521976470947,0.6348476409912109,269.2524878978729
nc_papers100m_195trainer_0hop_balanced_local_bs512_800r,20260914_203749_ogbn-papers100M_FedAvg_bs512_seed42_beta10000p0,ogbn-papers100M,FedAvg,512,42,10000.0,417,validation,0.2693,3.1889,0.2693,3.1889,1251,0.11710906028747559,0.11710906028747559,0.5141768455505371,0.6312859058380127,269.88377380371094,0.5141768455505371,0.6312859058380127,269.88377380371094
nc_papers100m_195trainer_0hop_balanced_local_bs512_800r,20260914_203749_ogbn-papers100M_FedAvg_bs512_seed42_beta10000p0,ogbn-papers100M,FedAvg,512,42,10000.0,418,validation,0.2692,3.1876,0.2692,3.1876,1254,0.11153960227966309,0.11153960227966309,0.5233726501464844,0.6349122524261475,270.5186860561371,0.5233726501464844,0.6349122524261475,270.5186860561371
nc_papers100m_195trainer_0hop_balanced_local_bs512_800r,20260914_203749_ogbn-papers100M_FedAvg_bs512_seed42_beta10000p0,ogbn-papers100M,FedAvg,512,42,10000.0,419,validation,0.2696,3.1863,0.2696,3.1863,1257,0.11342597007751465,0.11342597007751465,0.5205304622650146,0.6339564323425293,271.1526424884796,0.5205304622650146,0.6339564323425293,271.1526424884796
nc_papers100m_195trainer_0hop_balanced_local_bs512_800r,20260914_203749_ogbn-papers100M_FedAvg_bs512_seed42_beta10000p0,ogbn-papers100M,FedAvg,512,42,10000.0,420,validation,0.2699,3.1848,0.2699,3.1848,1260,0.11743545532226562,0.11743545532226562,0.5272150039672852,0.6446504592895508,271.79729294776917,0.5272150039672852,0.6446504592895508,271.79729294776917
nc_papers100m_195trainer_0hop_balanced_local_bs512_800r,20260914_203749_ogbn-papers100M_FedAvg_bs512_seed42_beta10000p0,ogbn-papers100M,FedAvg,512,42,10000.0,421,validation,0.2702,3.1833,0.2702,3.1833,1263,0.11181330680847168,0.11181330680847168,0.5390102863311768,0.6508235931396484,272.4481165409088,0.5390102863311768,0.6508235931396484,272.4481165409088
nc_papers100m_195trainer_0hop_balanced_local_bs512_800r,20260914_203749_ogbn-papers100M_FedAvg_bs512_seed42_beta10000p0,ogbn-papers100M,FedAvg,512,42,10000.0,422,validation,0.2704,3.1819,0.2704,3.1819,1266,0.11724066734313965,0.11724066734313965,0.520803689956665,0.6380443572998047,273.0861608982086,0.520803689956665,0.6380443572998047,273.0861608982086
nc_papers100m_195trainer_0hop_balanced_local_bs512_800r,20260914_203749_ogbn-papers100M_FedAvg_bs512_seed42_beta10000p0,ogbn-papers100M,FedAvg,512,42,10000.0,423,validation,0.2704,3.1805,0.2704,3.1805,1269,0.1114354133605957,0.1114354133605957,0.5175139904022217,0.6289494037628174,273.71511030197144,0.5175139904022217,0.6289494037628174,273.71511030197144
nc_papers100m_195trainer_0hop_balanced_local_bs512_800r,20260914_203749_ogbn-papers100M_FedAvg_bs512_seed42_beta10000p0,ogbn-papers100M,FedAvg,512,42,10000.0,424,validation,0.2704,3.1791,0.2704,3.1791,1272,0.13765311241149902,0.13765311241149902,0.5343508720397949,0.672003984451294,274.38711428642273,0.5343508720397949,0.672003984451294,274.38711428642273
nc_papers100m_195trainer_0hop_balanced_local_bs512_800r,20260914_203749_ogbn-papers100M_FedAvg_bs512_seed42_beta10000p0,ogbn-papers100M,FedAvg,512,42,10000.0,425,validation,0.2709,3.178,0.2709,3.178,1275,0.12579751014709473,0.12579751014709473,0.5275440216064453,0.65334153175354,275.04045581817627,0.5275440216064453,0.65334153175354,275.04045581817627
nc_papers100m_195trainer_0hop_balanced_local_bs512_800r,20260914_203749_ogbn-papers100M_FedAvg_bs512_seed42_beta10000p0,ogbn-papers100M,FedAvg,512,42,10000.0,426,validation,0.2709,3.1766,0.2709,3.1766,1278,0.12063145637512207,0.12063145637512207,0.5687973499298096,0.6894288063049316,275.7298846244812,0.5687973499298096,0.6894288063049316,275.7298846244812
nc_papers100m_195trainer_0hop_balanced_local_bs512_800r,20260914_203749_ogbn-papers100M_FedAvg_bs512_seed42_beta10000p0,ogbn-papers100M,FedAvg,512,42,10000.0,427,validation,0.271,3.1752,0.271,3.1752,1281,0.11845636367797852,0.11845636367797852,0.5144035816192627,0.6328599452972412,276.36274456977844,0.5144035816192627,0.6328599452972412,276.36274456977844
nc_papers100m_195trainer_0hop_balanced_local_bs512_800r,20260914_203749_ogbn-papers100M_FedAvg_bs512_seed42_beta10000p0,ogbn-papers100M,FedAvg,512,42,10000.0,428,validation,0.2712,3.1741,0.2712,3.1741,1284,0.1124565601348877,0.1124565601348877,0.5241482257843018,0.6366047859191895,276.99934935569763,0.5241482257843018,0.6366047859191895,276.99934935569763
nc_papers100m_195trainer_0hop_balanced_local_bs512_800r,20260914_203749_ogbn-papers100M_FedAvg_bs512_seed42_beta10000p0,ogbn-papers100M,FedAvg,512,42,10000.0,429,validation,0.2715,3.1726,0.2715,3.1726,1287,0.11666345596313477,0.11666345596313477,0.5211539268493652,0.6378173828125,277.63716673851013,0.5211539268493652,0.6378173828125,277.63716673851013
nc_papers100m_195trainer_0hop_balanced_local_bs512_800r,20260914_203749_ogbn-papers100M_FedAvg_bs512_seed42_beta10000p0,ogbn-papers100M,FedAvg,512,42,10000.0,430,validation,0.2716,3.171,0.2716,3.171,1290,0.11707639694213867,0.11707639694213867,0.5217654705047607,0.6388418674468994,278.27600860595703,0.5217654705047607,0.6388418674468994,278.27600860595703
nc_papers100m_195trainer_0hop_balanced_local_bs512_800r,20260914_203749_ogbn-papers100M_FedAvg_bs512_seed42_beta10000p0,ogbn-papers100M,FedAvg,512,42,10000.0,431,validation,0.2719,3.1698,0.2719,3.1698,1293,0.11627459526062012,0.11627459526062012,0.5360150337219238,0.652289628982544,278.9282982349396,0.5360150337219238,0.652289628982544,278.9282982349396
nc_papers100m_195trainer_0hop_balanced_local_bs512_800r,20260914_203749_ogbn-papers100M_FedAvg_bs512_seed42_beta10000p0,ogbn-papers100M,FedAvg,512,42,10000.0,432,validation,0.272,3.1683,0.272,3.1683,1296,0.11142611503601074,0.11142611503601074,0.5253934860229492,0.63681960105896,279.56511783599854,0.5253934860229492,0.63681960105896,279.56511783599854
nc_papers100m_195trainer_0hop_balanced_local_bs512_800r,20260914_203749_ogbn-papers100M_FedAvg_bs512_seed42_beta10000p0,ogbn-papers100M,FedAvg,512,42,10000.0,433,validation,0.2723,3.1671,0.2723,3.1671,1299,0.113433837890625,0.113433837890625,0.517026424407959,0.630460262298584,280.1955780982971,0.517026424407959,0.630460262298584,280.1955780982971
nc_papers100m_195trainer_0hop_balanced_local_bs512_800r,20260914_203749_ogbn-papers100M_FedAvg_bs512_seed42_beta10000p0,ogbn-papers100M,FedAvg,512,42,10000.0,434,validation,0.2725,3.1661,0.2725,3.1661,1302,0.11306929588317871,0.11306929588317871,0.5273032188415527,0.6403725147247314,280.83595061302185,0.5273032188415527,0.6403725147247314,280.83595061302185
nc_papers100m_195trainer_0hop_balanced_local_bs512_800r,20260914_203749_ogbn-papers100M_FedAvg_bs512_seed42_beta10000p0,ogbn-papers100M,FedAvg,512,42,10000.0,435,validation,0.2726,3.1647,0.2726,3.1647,1305,0.11496782302856445,0.11496782302856445,0.5233545303344727,0.6383223533630371,281.4742729663849,0.5233545303344727,0.6383223533630371,281.4742729663849
nc_papers100m_195trainer_0hop_balanced_local_bs512_800r,20260914_203749_ogbn-papers100M_FedAvg_bs512_seed42_beta10000p0,ogbn-papers100M,FedAvg,512,42,10000.0,436,validation,0.2728,3.1634,0.2728,3.1634,1308,0.11494088172912598,0.11494088172912598,0.5189957618713379,0.6339366436004639,282.10820960998535,0.5189957618713379,0.6339366436004639,282.10820960998535
nc_papers100m_195trainer_0hop_balanced_local_bs512_800r,20260914_203749_ogbn-papers100M_FedAvg_bs512_seed42_beta10000p0,ogbn-papers100M,FedAvg,512,42,10000.0,437,validation,0.273,3.1624,0.273,3.1624,1311,0.11203551292419434,0.11203551292419434,0.5295612812042236,0.641596794128418,282.74980640411377,0.5295612812042236,0.641596794128418,282.74980640411377
nc_papers100m_195trainer_0hop_balanced_local_bs512_800r,20260914_203749_ogbn-papers100M_FedAvg_bs512_seed42_beta10000p0,ogbn-papers100M,FedAvg,512,42,10000.0,438,validation,0.2729,3.1612,0.2729,3.1612,1314,0.11066079139709473,0.11066079139709473,0.5218954086303711,0.6325562000274658,283.38236260414124,0.5218954086303711,0.6325562000274658,283.38236260414124
nc_papers100m_195trainer_0hop_balanced_local_bs512_800r,20260914_203749_ogbn-papers100M_FedAvg_bs512_seed42_beta10000p0,ogbn-papers100M,FedAvg,512,42,10000.0,439,validation,0.2731,3.1599,0.2731,3.1599,1317,0.11464643478393555,0.11464643478393555,0.5181527137756348,0.6327991485595703,284.0151617527008,0.5181527137756348,0.6327991485595703,284.0151617527008
nc_papers100m_195trainer_0hop_balanced_local_bs512_800r,20260914_203749_ogbn-papers100M_FedAvg_bs512_seed42_beta10000p0,ogbn-papers100M,FedAvg,512,42,10000.0,440,validation,0.2733,3.1589,0.2733,3.1589,1320,0.11813902854919434,0.11813902854919434,0.5600090026855469,0.6781480312347412,284.69330978393555,0.5600090026855469,0.6781480312347412,284.69330978393555
nc_papers100m_195trainer_0hop_balanced_local_bs512_800r,20260914_203749_ogbn-papers100M_FedAvg_bs512_seed42_beta10000p0,ogbn-papers100M,FedAvg,512,42,10000.0,441,validation,0.2734,3.1574,0.2734,3.1574,1323,0.11730098724365234,0.11730098724365234,0.5376369953155518,0.6549379825592041,285.34824776649475,0.5376369953155518,0.6549379825592041,285.34824776649475
nc_papers100m_195trainer_0hop_balanced_local_bs512_800r,20260914_203749_ogbn-papers100M_FedAvg_bs512_seed42_beta10000p0,ogbn-papers100M,FedAvg,512,42,10000.0,442,validation,0.2737,3.1561,0.2737,3.1561,1326,0.11075735092163086,0.11075735092163086,0.5170207023620605,0.6277780532836914,285.97602581977844,0.5170207023620605,0.6277780532836914,285.97602581977844
nc_papers100m_195trainer_0hop_balanced_local_bs512_800r,20260914_203749_ogbn-papers100M_FedAvg_bs512_seed42_beta10000p0,ogbn-papers100M,FedAvg,512,42,10000.0,443,validation,0.2737,3.1546,0.2737,3.1546,1329,0.11194419860839844,0.11194419860839844,0.5225610733032227,0.6345052719116211,286.61053109169006,0.5225610733032227,0.6345052719116211,286.61053109169006
nc_papers100m_195trainer_0hop_balanced_local_bs512_800r,20260914_203749_ogbn-papers100M_FedAvg_bs512_seed42_beta10000p0,ogbn-papers100M,FedAvg,512,42,10000.0,444,validation,0.2741,3.1535,0.2741,3.1535,1332,0.11541748046875,0.11541748046875,0.5317716598510742,0.6471891403198242,287.2577202320099,0.5317716598510742,0.6471891403198242,287.2577202320099
nc_papers100m_195trainer_0hop_balanced_local_bs512_800r,20260914_203749_ogbn-papers100M_FedAvg_bs512_seed42_beta10000p0,ogbn-papers100M,FedAvg,512,42,10000.0,445,validation,0.2741,3.1524,0.2741,3.1524,1335,0.1138145923614502,0.1138145923614502,0.5172147750854492,0.6310293674468994,287.8887495994568,0.5172147750854492,0.6310293674468994,287.8887495994568
nc_papers100m_195trainer_0hop_balanced_local_bs512_800r,20260914_203749_ogbn-papers100M_FedAvg_bs512_seed42_beta10000p0,ogbn-papers100M,FedAvg,512,42,10000.0,446,validation,0.2743,3.1511,0.2743,3.1511,1338,0.12107253074645996,0.12107253074645996,0.5236821174621582,0.6447546482086182,288.5335042476654,0.5236821174621582,0.6447546482086182,288.5335042476654
nc_papers100m_195trainer_0hop_balanced_local_bs512_800r,20260914_203749_ogbn-papers100M_FedAvg_bs512_seed42_beta10000p0,ogbn-papers100M,FedAvg,512,42,10000.0,447,validation,0.2746,3.1499,0.2746,3.1499,1341,0.11362981796264648,0.11362981796264648,0.5315489768981934,0.6451787948608398,289.17868304252625,0.5315489768981934,0.6451787948608398,289.17868304252625
nc_papers100m_195trainer_0hop_balanced_local_bs512_800r,20260914_203749_ogbn-papers100M_FedAvg_bs512_seed42_beta10000p0,ogbn-papers100M,FedAvg,512,42,10000.0,448,validation,0.2746,3.1485,0.2746,3.1485,1344,0.11330413818359375,0.11330413818359375,0.5214781761169434,0.6347823143005371,289.8134653568268,0.5214781761169434,0.6347823143005371,289.8134653568268
nc_papers100m_195trainer_0hop_balanced_local_bs512_800r,20260914_203749_ogbn-papers100M_FedAvg_bs512_seed42_beta10000p0,ogbn-papers100M,FedAvg,512,42,10000.0,449,validation,0.2749,3.1471,0.2749,3.1471,1347,0.11397767066955566,0.11397767066955566,0.5212738513946533,0.635251522064209,290.448716878891,0.5212738513946533,0.635251522064209,290.448716878891
nc_papers100m_195trainer_0hop_balanced_local_bs512_800r,20260914_203749_ogbn-papers100M_FedAvg_bs512_seed42_beta10000p0,ogbn-papers100M,FedAvg,512,42,10000.0,450,validation,0.275,3.1458,0.275,3.1458,1350,0.11544632911682129,0.11544632911682129,0.5374813079833984,0.6529276371002197,291.1016445159912,0.5374813079833984,0.6529276371002197,291.1016445159912
nc_papers100m_195trainer_0hop_balanced_local_bs512_800r,20260914_203749_ogbn-papers100M_FedAvg_bs512_seed42_beta10000p0,ogbn-papers100M,FedAvg,512,42,10000.0,451,validation,0.2751,3.1446,0.2751,3.1446,1353,0.11305665969848633,0.11305665969848633,0.5298717021942139,0.6429283618927002,291.7445728778839,0.5298717021942139,0.6429283618927002,291.7445728778839
nc_papers100m_195trainer_0hop_balanced_local_bs512_800r,20260914_203749_ogbn-papers100M_FedAvg_bs512_seed42_beta10000p0,ogbn-papers100M,FedAvg,512,42,10000.0,452,validation,0.2751,3.1438,0.2751,3.1438,1356,0.11874866485595703,0.11874866485595703,0.5221686363220215,0.6409173011779785,292.3854901790619,0.5221686363220215,0.6409173011779785,292.3854901790619
nc_papers100m_195trainer_0hop_balanced_local_bs512_800r,20260914_203749_ogbn-papers100M_FedAvg_bs512_seed42_beta10000p0,ogbn-papers100M,FedAvg,512,42,10000.0,453,validation,0.2752,3.1426,0.2752,3.1426,1359,0.11984539031982422,0.11984539031982422,0.5272970199584961,0.6471424102783203,293.0326325893402,0.5272970199584961,0.6471424102783203,293.0326325893402
nc_papers100m_195trainer_0hop_balanced_local_bs512_800r,20260914_203749_ogbn-papers100M_FedAvg_bs512_seed42_beta10000p0,ogbn-papers100M,FedAvg,512,42,10000.0,454,validation,0.2753,3.1415,0.2753,3.1415,1362,0.11239123344421387,0.11239123344421387,0.5556900501251221,0.6680812835693359,293.70071387290955,0.5556900501251221,0.6680812835693359,293.70071387290955
nc_papers100m_195trainer_0hop_balanced_local_bs512_800r,20260914_203749_ogbn-papers100M_FedAvg_bs512_seed42_beta10000p0,ogbn-papers100M,FedAvg,512,42,10000.0,455,validation,0.2757,3.1403,0.2757,3.1403,1365,0.1111607551574707,0.1111607551574707,0.5215144157409668,0.6326751708984375,294.333389043808,0.5215144157409668,0.6326751708984375,294.333389043808
nc_papers100m_195trainer_0hop_balanced_local_bs512_800r,20260914_203749_ogbn-papers100M_FedAvg_bs512_seed42_beta10000p0,ogbn-papers100M,FedAvg,512,42,10000.0,456,validation,0.2758,3.1392,0.2758,3.1392,1368,0.11800646781921387,0.11800646781921387,0.5210964679718018,0.6391029357910156,294.972491979599,0.5210964679718018,0.6391029357910156,294.972491979599
nc_papers100m_195trainer_0hop_balanced_local_bs512_800r,20260914_203749_ogbn-papers100M_FedAvg_bs512_seed42_beta10000p0,ogbn-papers100M,FedAvg,512,42,10000.0,457,validation,0.276,3.1377,0.276,3.1377,1371,0.11430883407592773,0.11430883407592773,0.5284349918365479,0.6427438259124756,295.6152358055115,0.5284349918365479,0.6427438259124756,295.6152358055115
nc_papers100m_195trainer_0hop_balanced_local_bs512_800r,20260914_203749_ogbn-papers100M_FedAvg_bs512_seed42_beta10000p0,ogbn-papers100M,FedAvg,512,42,10000.0,458,validation,0.2761,3.1367,0.2761,3.1367,1374,0.11292815208435059,0.11292815208435059,0.5272533893585205,0.6401815414428711,296.25541734695435,0.5272533893585205,0.6401815414428711,296.25541734695435
nc_papers100m_195trainer_0hop_balanced_local_bs512_800r,20260914_203749_ogbn-papers100M_FedAvg_bs512_seed42_beta10000p0,ogbn-papers100M,FedAvg,512,42,10000.0,459,validation,0.2762,3.1358,0.2762,3.1358,1377,0.11107373237609863,0.11107373237609863,0.5233590602874756,0.6344327926635742,296.8898501396179,0.5233590602874756,0.6344327926635742,296.8898501396179
nc_papers100m_195trainer_0hop_balanced_local_bs512_800r,20260914_203749_ogbn-papers100M_FedAvg_bs512_seed42_beta10000p0,ogbn-papers100M,FedAvg,512,42,10000.0,460,validation,0.2764,3.1344,0.2764,3.1344,1380,0.11535239219665527,0.11535239219665527,0.5313246250152588,0.6466770172119141,297.53652715682983,0.5313246250152588,0.6466770172119141,297.53652715682983
nc_papers100m_195trainer_0hop_balanced_local_bs512_800r,20260914_203749_ogbn-papers100M_FedAvg_bs512_seed42_beta10000p0,ogbn-papers100M,FedAvg,512,42,10000.0,461,validation,0.2765,3.1332,0.2765,3.1332,1383,0.11364173889160156,0.11364173889160156,0.5375244617462158,0.6511662006378174,298.18769335746765,0.5375244617462158,0.6511662006378174,298.18769335746765
nc_papers100m_195trainer_0hop_balanced_local_bs512_800r,20260914_203749_ogbn-papers100M_FedAvg_bs512_seed42_beta10000p0,ogbn-papers100M,FedAvg,512,42,10000.0,462,validation,0.2767,3.1319,0.2767,3.1319,1386,0.1119694709777832,0.1119694709777832,0.5253136157989502,0.6372830867767334,298.8249764442444,0.5253136157989502,0.6372830867767334,298.8249764442444
nc_papers100m_195trainer_0hop_balanced_local_bs512_800r,20260914_203749_ogbn-papers100M_FedAvg_bs512_seed42_beta10000p0,ogbn-papers100M,FedAvg,512,42,10000.0,463,validation,0.2769,3.1308,0.2769,3.1308,1389,0.11441397666931152,0.11441397666931152,0.5366635322570801,0.6510775089263916,299.4760539531708,0.5366635322570801,0.6510775089263916,299.4760539531708
nc_papers100m_195trainer_0hop_balanced_local_bs512_800r,20260914_203749_ogbn-papers100M_FedAvg_bs512_seed42_beta10000p0,ogbn-papers100M,FedAvg,512,42,10000.0,464,validation,0.2771,3.1295,0.2771,3.1295,1392,0.11265945434570312,0.11265945434570312,0.5296657085418701,0.6423251628875732,300.11837911605835,0.5296657085418701,0.6423251628875732,300.11837911605835
nc_papers100m_195trainer_0hop_balanced_local_bs512_800r,20260914_203749_ogbn-papers100M_FedAvg_bs512_seed42_beta10000p0,ogbn-papers100M,FedAvg,512,42,10000.0,465,validation,0.2774,3.1284,0.2774,3.1284,1395,0.11306166648864746,0.11306166648864746,0.5233879089355469,0.6364495754241943,300.75482869148254,0.5233879089355469,0.6364495754241943,300.75482869148254
nc_papers100m_195trainer_0hop_balanced_local_bs512_800r,20260914_203749_ogbn-papers100M_FedAvg_bs512_seed42_beta10000p0,ogbn-papers100M,FedAvg,512,42,10000.0,466,validation,0.2775,3.1273,0.2775,3.1273,1398,0.11718630790710449,0.11718630790710449,0.5208866596221924,0.6380729675292969,301.39290165901184,0.5208866596221924,0.6380729675292969,301.39290165901184
nc_papers100m_195trainer_0hop_balanced_local_bs512_800r,20260914_203749_ogbn-papers100M_FedAvg_bs512_seed42_beta10000p0,ogbn-papers100M,FedAvg,512,42,10000.0,467,validation,0.2779,3.1263,0.2779,3.1263,1401,0.11596179008483887,0.11596179008483887,0.5247898101806641,0.6407516002655029,302.03365325927734,0.5247898101806641,0.6407516002655029,302.03365325927734
nc_papers100m_195trainer_0hop_balanced_local_bs512_800r,20260914_203749_ogbn-papers100M_FedAvg_bs512_seed42_beta10000p0,ogbn-papers100M,FedAvg,512,42,10000.0,468,validation,0.2779,3.125,0.2779,3.125,1404,0.11205267906188965,0.11205267906188965,0.5371322631835938,0.6491849422454834,302.6828382015228,0.5371322631835938,0.6491849422454834,302.6828382015228
nc_papers100m_195trainer_0hop_balanced_local_bs512_800r,20260914_203749_ogbn-papers100M_FedAvg_bs512_seed42_beta10000p0,ogbn-papers100M,FedAvg,512,42,10000.0,469,validation,0.278,3.1237,0.278,3.1237,1407,0.11849784851074219,0.11849784851074219,0.5240128040313721,0.6425106525421143,303.32534885406494,0.5240128040313721,0.6425106525421143,303.32534885406494
nc_papers100m_195trainer_0hop_balanced_local_bs512_800r,20260914_203749_ogbn-papers100M_FedAvg_bs512_seed42_beta10000p0,ogbn-papers100M,FedAvg,512,42,10000.0,470,validation,0.278,3.1224,0.278,3.1224,1410,0.11408567428588867,0.11408567428588867,0.522721529006958,0.6368072032928467,303.9621560573578,0.522721529006958,0.6368072032928467,303.9621560573578
nc_papers100m_195trainer_0hop_balanced_local_bs512_800r,20260914_203749_ogbn-papers100M_FedAvg_bs512_seed42_beta10000p0,ogbn-papers100M,FedAvg,512,42,10000.0,471,validation,0.2783,3.1212,0.2783,3.1212,1413,0.11115741729736328,0.11115741729736328,0.5351119041442871,0.6462693214416504,304.60842537879944,0.5351119041442871,0.6462693214416504,304.60842537879944
nc_papers100m_195trainer_0hop_balanced_local_bs512_800r,20260914_203749_ogbn-papers100M_FedAvg_bs512_seed42_beta10000p0,ogbn-papers100M,FedAvg,512,42,10000.0,472,validation,0.2784,3.12,0.2784,3.12,1416,0.11091303825378418,0.11091303825378418,0.5235812664031982,0.6344943046569824,305.2429196834564,0.5235812664031982,0.6344943046569824,305.2429196834564
nc_papers100m_195trainer_0hop_balanced_local_bs512_800r,20260914_203749_ogbn-papers100M_FedAvg_bs512_seed42_beta10000p0,ogbn-papers100M,FedAvg,512,42,10000.0,473,validation,0.2785,3.1191,0.2785,3.1191,1419,0.1157228946685791,0.1157228946685791,0.535973310470581,0.6516962051391602,305.8946158885956,0.535973310470581,0.6516962051391602,305.8946158885956
nc_papers100m_195trainer_0hop_balanced_local_bs512_800r,20260914_203749_ogbn-papers100M_FedAvg_bs512_seed42_beta10000p0,ogbn-papers100M,FedAvg,512,42,10000.0,474,validation,0.2785,3.1182,0.2785,3.1182,1422,0.1158909797668457,0.1158909797668457,0.5241093635559082,0.6400003433227539,306.53461623191833,0.5241093635559082,0.6400003433227539,306.53461623191833
nc_papers100m_195trainer_0hop_balanced_local_bs512_800r,20260914_203749_ogbn-papers100M_FedAvg_bs512_seed42_beta10000p0,ogbn-papers100M,FedAvg,512,42,10000.0,475,validation,0.2786,3.117,0.2786,3.117,1425,0.11387038230895996,0.11387038230895996,0.5236525535583496,0.6375229358673096,307.17213916778564,0.5236525535583496,0.6375229358673096,307.17213916778564
nc_papers100m_195trainer_0hop_balanced_local_bs512_800r,20260914_203749_ogbn-papers100M_FedAvg_bs512_seed42_beta10000p0,ogbn-papers100M,FedAvg,512,42,10000.0,476,validation,0.2788,3.1157,0.2788,3.1157,1428,0.11131501197814941,0.11131501197814941,0.5293698310852051,0.6406848430633545,307.812824010849,0.5293698310852051,0.6406848430633545,307.812824010849
nc_papers100m_195trainer_0hop_balanced_local_bs512_800r,20260914_203749_ogbn-papers100M_FedAvg_bs512_seed42_beta10000p0,ogbn-papers100M,FedAvg,512,42,10000.0,477,validation,0.2791,3.1144,0.2791,3.1144,1431,0.11109161376953125,0.11109161376953125,0.5236659049987793,0.6347575187683105,308.4475815296173,0.5236659049987793,0.6347575187683105,308.4475815296173
nc_papers100m_195trainer_0hop_balanced_local_bs512_800r,20260914_203749_ogbn-papers100M_FedAvg_bs512_seed42_beta10000p0,ogbn-papers100M,FedAvg,512,42,10000.0,478,validation,0.2792,3.1134,0.2792,3.1134,1434,0.11052083969116211,0.11052083969116211,0.5227148532867432,0.6332356929779053,309.0808172225952,0.5227148532867432,0.6332356929779053,309.0808172225952
nc_papers100m_195trainer_0hop_balanced_local_bs512_800r,20260914_203749_ogbn-papers100M_FedAvg_bs512_seed42_beta10000p0,ogbn-papers100M,FedAvg,512,42,10000.0,479,validation,0.2794,3.1126,0.2794,3.1126,1437,0.11290693283081055,0.11290693283081055,0.5334687232971191,0.6463756561279297,309.72719287872314,0.5334687232971191,0.6463756561279297,309.72719287872314
nc_papers100m_195trainer_0hop_balanced_local_bs512_800r,20260914_203749_ogbn-papers100M_FedAvg_bs512_seed42_beta10000p0,ogbn-papers100M,FedAvg,512,42,10000.0,480,validation,0.2796,3.1114,0.2796,3.1114,1440,0.1132059097290039,0.1132059097290039,0.5274510383605957,0.6406569480895996,310.36784982681274,0.5274510383605957,0.6406569480895996,310.36784982681274
nc_papers100m_195trainer_0hop_balanced_local_bs512_800r,20260914_203749_ogbn-papers100M_FedAvg_bs512_seed42_beta10000p0,ogbn-papers100M,FedAvg,512,42,10000.0,481,validation,0.2799,3.1103,0.2799,3.1103,1443,0.11372017860412598,0.11372017860412598,0.5169167518615723,0.6306369304656982,310.99848675727844,0.5169167518615723,0.6306369304656982,310.99848675727844
nc_papers100m_195trainer_0hop_balanced_local_bs512_800r,20260914_203749_ogbn-papers100M_FedAvg_bs512_seed42_beta10000p0,ogbn-papers100M,FedAvg,512,42,10000.0,482,validation,0.2799,3.1091,0.2799,3.1091,1446,0.11460566520690918,0.11460566520690918,0.546804666519165,0.6614103317260742,311.6598970890045,0.546804666519165,0.6614103317260742,311.6598970890045
nc_papers100m_195trainer_0hop_balanced_local_bs512_800r,20260914_203749_ogbn-papers100M_FedAvg_bs512_seed42_beta10000p0,ogbn-papers100M,FedAvg,512,42,10000.0,483,validation,0.28,3.1079,0.28,3.1079,1449,0.11236929893493652,0.11236929893493652,0.5224323272705078,0.6348016262054443,312.29469871520996,0.5224323272705078,0.6348016262054443,312.29469871520996
nc_papers100m_195trainer_0hop_balanced_local_bs512_800r,20260914_203749_ogbn-papers100M_FedAvg_bs512_seed42_beta10000p0,ogbn-papers100M,FedAvg,512,42,10000.0,484,validation,0.2802,3.1069,0.2802,3.1069,1452,0.11376094818115234,0.11376094818115234,0.5096697807312012,0.6234307289123535,312.9181294441223,0.5096697807312012,0.6234307289123535,312.9181294441223
nc_papers100m_195trainer_0hop_balanced_local_bs512_800r,20260914_203749_ogbn-papers100M_FedAvg_bs512_seed42_beta10000p0,ogbn-papers100M,FedAvg,512,42,10000.0,485,validation,0.2803,3.1058,0.2803,3.1058,1455,0.11176919937133789,0.11176919937133789,0.5203738212585449,0.6321430206298828,313.5502724647522,0.5203738212585449,0.6321430206298828,313.5502724647522
nc_papers100m_195trainer_0hop_balanced_local_bs512_800r,20260914_203749_ogbn-papers100M_FedAvg_bs512_seed42_beta10000p0,ogbn-papers100M,FedAvg,512,42,10000.0,486,validation,0.2804,3.1049,0.2804,3.1049,1458,0.11388707160949707,0.11388707160949707,0.5323262214660645,0.6462132930755615,314.19648575782776,0.5323262214660645,0.6462132930755615,314.19648575782776
nc_papers100m_195trainer_0hop_balanced_local_bs512_800r,20260914_203749_ogbn-papers100M_FedAvg_bs512_seed42_beta10000p0,ogbn-papers100M,FedAvg,512,42,10000.0,487,validation,0.2808,3.1037,0.2808,3.1037,1461,0.11107683181762695,0.11107683181762695,0.5211617946624756,0.6322386264801025,314.82872438430786,0.5211617946624756,0.6322386264801025,314.82872438430786
nc_papers100m_195trainer_0hop_balanced_local_bs512_800r,20260914_203749_ogbn-papers100M_FedAvg_bs512_seed42_beta10000p0,ogbn-papers100M,FedAvg,512,42,10000.0,488,validation,0.2809,3.1025,0.2809,3.1025,1464,0.1142885684967041,0.1142885684967041,0.5214612483978271,0.6357498168945312,315.4644742012024,0.5214612483978271,0.6357498168945312,315.4644742012024
nc_papers100m_195trainer_0hop_balanced_local_bs512_800r,20260914_203749_ogbn-papers100M_FedAvg_bs512_seed42_beta10000p0,ogbn-papers100M,FedAvg,512,42,10000.0,489,validation,0.2811,3.1015,0.2811,3.1015,1467,0.11354637145996094,0.11354637145996094,0.5350127220153809,0.6485590934753418,316.11303329467773,0.5350127220153809,0.6485590934753418,316.11303329467773
nc_papers100m_195trainer_0hop_balanced_local_bs512_800r,20260914_203749_ogbn-papers100M_FedAvg_bs512_seed42_beta10000p0,ogbn-papers100M,FedAvg,512,42,10000.0,490,validation,0.2811,3.1005,0.2811,3.1005,1470,0.1128225326538086,0.1128225326538086,0.5280814170837402,0.6409039497375488,316.7539372444153,0.5280814170837402,0.6409039497375488,316.7539372444153
nc_papers100m_195trainer_0hop_balanced_local_bs512_800r,20260914_203749_ogbn-papers100M_FedAvg_bs512_seed42_beta10000p0,ogbn-papers100M,FedAvg,512,42,10000.0,491,validation,0.2813,3.0993,0.2813,3.0993,1473,0.11675620079040527,0.11675620079040527,0.5153870582580566,0.6321432590484619,317.38608050346375,0.5153870582580566,0.6321432590484619,317.38608050346375
nc_papers100m_195trainer_0hop_balanced_local_bs512_800r,20260914_203749_ogbn-papers100M_FedAvg_bs512_seed42_beta10000p0,ogbn-papers100M,FedAvg,512,42,10000.0,492,validation,0.2813,3.0982,0.2813,3.0982,1476,0.11670231819152832,0.11670231819152832,0.5293440818786621,0.6460464000701904,318.03212690353394,0.5293440818786621,0.6460464000701904,318.03212690353394
nc_papers100m_195trainer_0hop_balanced_local_bs512_800r,20260914_203749_ogbn-papers100M_FedAvg_bs512_seed42_beta10000p0,ogbn-papers100M,FedAvg,512,42,10000.0,493,validation,0.2813,3.0971,0.2813,3.0971,1479,0.11204338073730469,0.11204338073730469,0.527651309967041,0.6396946907043457,318.6718215942383,0.527651309967041,0.6396946907043457,318.6718215942383
nc_papers100m_195trainer_0hop_balanced_local_bs512_800r,20260914_203749_ogbn-papers100M_FedAvg_bs512_seed42_beta10000p0,ogbn-papers100M,FedAvg,512,42,10000.0,494,validation,0.2815,3.096,0.2815,3.096,1482,0.11301374435424805,0.11301374435424805,0.5186762809753418,0.6316900253295898,319.30351161956787,0.5186762809753418,0.6316900253295898,319.30351161956787
nc_papers100m_195trainer_0hop_balanced_local_bs512_800r,20260914_203749_ogbn-papers100M_FedAvg_bs512_seed42_beta10000p0,ogbn-papers100M,FedAvg,512,42,10000.0,495,validation,0.2814,3.0946,0.2814,3.0946,1485,0.12095117568969727,0.12095117568969727,0.5197000503540039,0.6406512260437012,319.9441628456116,0.5197000503540039,0.6406512260437012,319.9441628456116
nc_papers100m_195trainer_0hop_balanced_local_bs512_800r,20260914_203749_ogbn-papers100M_FedAvg_bs512_seed42_beta10000p0,ogbn-papers100M,FedAvg,512,42,10000.0,496,validation,0.2817,3.0937,0.2817,3.0937,1488,0.11350870132446289,0.11350870132446289,0.5327048301696777,0.6462135314941406,320.5903763771057,0.5327048301696777,0.6462135314941406,320.5903763771057
nc_papers100m_195trainer_0hop_balanced_local_bs512_800r,20260914_203749_ogbn-papers100M_FedAvg_bs512_seed42_beta10000p0,ogbn-papers100M,FedAvg,512,42,10000.0,497,validation,0.2819,3.0923,0.2819,3.0923,1491,0.11364936828613281,0.11364936828613281,0.5232343673706055,0.6368837356567383,321.22726011276245,0.5232343673706055,0.6368837356567383,321.22726011276245
nc_papers100m_195trainer_0hop_balanced_local_bs512_800r,20260914_203749_ogbn-papers100M_FedAvg_bs512_seed42_beta10000p0,ogbn-papers100M,FedAvg,512,42,10000.0,498,validation,0.2821,3.0914,0.2821,3.0914,1494,0.11231565475463867,0.11231565475463867,0.515460729598999,0.6277763843536377,321.8550364971161,0.515460729598999,0.6277763843536377,321.8550364971161
nc_papers100m_195trainer_0hop_balanced_local_bs512_800r,20260914_203749_ogbn-papers100M_FedAvg_bs512_seed42_beta10000p0,ogbn-papers100M,FedAvg,512,42,10000.0,499,validation,0.2823,3.0901,0.2823,3.0901,1497,0.11243391036987305,0.11243391036987305,0.5290234088897705,0.6414573192596436,322.49649381637573,0.5290234088897705,0.6414573192596436,322.49649381637573
nc_papers100m_195trainer_0hop_balanced_local_bs512_800r,20260914_203749_ogbn-papers100M_FedAvg_bs512_seed42_beta10000p0,ogbn-papers100M,FedAvg,512,42,10000.0,500,validation,0.2826,3.089,0.2826,3.089,1500,0.11393094062805176,0.11393094062805176,0.5167891979217529,0.6307201385498047,323.12721395492554,0.5167891979217529,0.6307201385498047,323.12721395492554
nc_papers100m_195trainer_0hop_balanced_local_bs512_800r,20260914_203749_ogbn-papers100M_FedAvg_bs512_seed42_beta10000p0,ogbn-papers100M,FedAvg,512,42,10000.0,501,validation,0.2828,3.0882,0.2828,3.0882,1503,0.11323070526123047,0.11323070526123047,0.5127134323120117,0.6259441375732422,323.7531580924988,0.5127134323120117,0.6259441375732422,323.7531580924988
nc_papers100m_195trainer_0hop_balanced_local_bs512_800r,20260914_203749_ogbn-papers100M_FedAvg_bs512_seed42_beta10000p0,ogbn-papers100M,FedAvg,512,42,10000.0,502,validation,0.2828,3.0871,0.2828,3.0871,1506,0.11212396621704102,0.11212396621704102,0.5406677722930908,0.6527917385101318,324.4059498310089,0.5406677722930908,0.6527917385101318,324.4059498310089
nc_papers100m_195trainer_0hop_balanced_local_bs512_800r,20260914_203749_ogbn-papers100M_FedAvg_bs512_seed42_beta10000p0,ogbn-papers100M,FedAvg,512,42,10000.0,503,validation,0.2829,3.0862,0.2829,3.0862,1509,0.11174750328063965,0.11174750328063965,0.5252029895782471,0.6369504928588867,325.0429003238678,0.5252029895782471,0.6369504928588867,325.0429003238678
nc_papers100m_195trainer_0hop_balanced_local_bs512_800r,20260914_203749_ogbn-papers100M_FedAvg_bs512_seed42_beta10000p0,ogbn-papers100M,FedAvg,512,42,10000.0,504,validation,0.2832,3.0851,0.2832,3.0851,1512,0.11271405220031738,0.11271405220031738,0.5156729221343994,0.6283869743347168,325.6712872982025,0.5156729221343994,0.6283869743347168,325.6712872982025
nc_papers100m_195trainer_0hop_balanced_local_bs512_800r,20260914_203749_ogbn-papers100M_FedAvg_bs512_seed42_beta10000p0,ogbn-papers100M,FedAvg,512,42,10000.0,505,validation,0.2833,3.0839,0.2833,3.0839,1515,0.1168057918548584,0.1168057918548584,0.5337333679199219,0.6505391597747803,326.3218264579773,0.5337333679199219,0.6505391597747803,326.3218264579773
nc_papers100m_195trainer_0hop_balanced_local_bs512_800r,20260914_203749_ogbn-papers100M_FedAvg_bs512_seed42_beta10000p0,ogbn-papers100M,FedAvg,512,42,10000.0,506,validation,0.2835,3.0828,0.2835,3.0828,1518,0.11441588401794434,0.11441588401794434,0.519813060760498,0.6342289447784424,326.95605540275574,0.519813060760498,0.6342289447784424,326.95605540275574
nc_papers100m_195trainer_0hop_balanced_local_bs512_800r,20260914_203749_ogbn-papers100M_FedAvg_bs512_seed42_beta10000p0,ogbn-papers100M,FedAvg,512,42,10000.0,507,validation,0.2837,3.0819,0.2837,3.0819,1521,0.11636734008789062,0.11636734008789062,0.5184650421142578,0.6348323822021484,327.5908877849579,0.5184650421142578,0.6348323822021484,327.5908877849579
nc_papers100m_195trainer_0hop_balanced_local_bs512_800r,20260914_203749_ogbn-papers100M_FedAvg_bs512_seed42_beta10000p0,ogbn-papers100M,FedAvg,512,42,10000.0,508,validation,0.2836,3.081,0.2836,3.081,1524,0.1123502254486084,0.1123502254486084,0.526515007019043,0.6388652324676514,328.22975301742554,0.526515007019043,0.6388652324676514,328.22975301742554
nc_papers100m_195trainer_0hop_balanced_local_bs512_800r,20260914_203749_ogbn-papers100M_FedAvg_bs512_seed42_beta10000p0,ogbn-papers100M,FedAvg,512,42,10000.0,509,validation,0.2839,3.0799,0.2839,3.0799,1527,0.11236047744750977,0.11236047744750977,0.527294397354126,0.6396548748016357,328.8694078922272,0.527294397354126,0.6396548748016357,328.8694078922272
nc_papers100m_195trainer_0hop_balanced_local_bs512_800r,20260914_203749_ogbn-papers100M_FedAvg_bs512_seed42_beta10000p0,ogbn-papers100M,FedAvg,512,42,10000.0,510,validation,0.2841,3.0788,0.2841,3.0788,1530,0.11278057098388672,0.11278057098388672,0.5253183841705322,0.638098955154419,329.5075068473816,0.5253183841705322,0.638098955154419,329.5075068473816
nc_papers100m_195trainer_0hop_balanced_local_bs512_800r,20260914_203749_ogbn-papers100M_FedAvg_bs512_seed42_beta10000p0,ogbn-papers100M,FedAvg,512,42,10000.0,511,validation,0.2843,3.0777,0.2843,3.0777,1533,0.11597681045532227,0.11597681045532227,0.5364089012145996,0.6523857116699219,330.1598925590515,0.5364089012145996,0.6523857116699219,330.1598925590515
nc_papers100m_195trainer_0hop_balanced_local_bs512_800r,20260914_203749_ogbn-papers100M_FedAvg_bs512_seed42_beta10000p0,ogbn-papers100M,FedAvg,512,42,10000.0,512,validation,0.2844,3.0767,0.2844,3.0767,1536,0.1217191219329834,0.1217191219329834,0.5281252861022949,0.6498444080352783,330.8097369670868,0.5281252861022949,0.6498444080352783,330.8097369670868
nc_papers100m_195trainer_0hop_balanced_local_bs512_800r,20260914_203749_ogbn-papers100M_FedAvg_bs512_seed42_beta10000p0,ogbn-papers100M,FedAvg,512,42,10000.0,513,validation,0.2848,3.0757,0.2848,3.0757,1539,0.11240100860595703,0.11240100860595703,0.5195729732513428,0.6319739818572998,331.4417109489441,0.5195729732513428,0.6319739818572998,331.4417109489441
nc_papers100m_195trainer_0hop_balanced_local_bs512_800r,20260914_203749_ogbn-papers100M_FedAvg_bs512_seed42_beta10000p0,ogbn-papers100M,FedAvg,512,42,10000.0,514,validation,0.2848,3.0747,0.2848,3.0747,1542,0.11389827728271484,0.11389827728271484,0.5156798362731934,0.6295781135559082,332.0712890625,0.5156798362731934,0.6295781135559082,332.0712890625
nc_papers100m_195trainer_0hop_balanced_local_bs512_800r,20260914_203749_ogbn-papers100M_FedAvg_bs512_seed42_beta10000p0,ogbn-papers100M,FedAvg,512,42,10000.0,515,validation,0.2849,3.0732,0.2849,3.0732,1545,0.1117088794708252,0.1117088794708252,0.5243546962738037,0.6360635757446289,332.70735263824463,0.5243546962738037,0.6360635757446289,332.70735263824463
nc_papers100m_195trainer_0hop_balanced_local_bs512_800r,20260914_203749_ogbn-papers100M_FedAvg_bs512_seed42_beta10000p0,ogbn-papers100M,FedAvg,512,42,10000.0,516,validation,0.285,3.0724,0.285,3.0724,1548,0.11231637001037598,0.11231637001037598,0.5191683769226074,0.6314847469329834,333.3388373851776,0.5191683769226074,0.6314847469329834,333.3388373851776
nc_papers100m_195trainer_0hop_balanced_local_bs512_800r,20260914_203749_ogbn-papers100M_FedAvg_bs512_seed42_beta10000p0,ogbn-papers100M,FedAvg,512,42,10000.0,517,validation,0.285,3.0714,0.285,3.0714,1551,0.11399149894714355,0.11399149894714355,0.5189886093139648,0.6329801082611084,333.9718174934387,0.5189886093139648,0.6329801082611084,333.9718174934387
nc_papers100m_195trainer_0hop_balanced_local_bs512_800r,20260914_203749_ogbn-papers100M_FedAvg_bs512_seed42_beta10000p0,ogbn-papers100M,FedAvg,512,42,10000.0,518,validation,0.2853,3.0703,0.2853,3.0703,1554,0.11189031600952148,0.11189031600952148,0.5239994525909424,0.6358897686004639,334.6077072620392,0.5239994525909424,0.6358897686004639,334.6077072620392
nc_papers100m_195trainer_0hop_balanced_local_bs512_800r,20260914_203749_ogbn-papers100M_FedAvg_bs512_seed42_beta10000p0,ogbn-papers100M,FedAvg,512,42,10000.0,519,validation,0.2853,3.0694,0.2853,3.0694,1557,0.11131763458251953,0.11131763458251953,0.5228211879730225,0.634138822555542,335.2418460845947,0.5228211879730225,0.634138822555542,335.2418460845947
nc_papers100m_195trainer_0hop_balanced_local_bs512_800r,20260914_203749_ogbn-papers100M_FedAvg_bs512_seed42_beta10000p0,ogbn-papers100M,FedAvg,512,42,10000.0,520,validation,0.2854,3.0685,0.2854,3.0685,1560,0.11086893081665039,0.11086893081665039,0.5137271881103516,0.624596118927002,335.86644220352173,0.5137271881103516,0.624596118927002,335.86644220352173
nc_papers100m_195trainer_0hop_balanced_local_bs512_800r,20260914_203749_ogbn-papers100M_FedAvg_bs512_seed42_beta10000p0,ogbn-papers100M,FedAvg,512,42,10000.0,521,validation,0.2859,3.0675,0.2859,3.0675,1563,0.10988354682922363,0.10988354682922363,0.525334358215332,0.6352179050445557,336.5016601085663,0.525334358215332,0.6352179050445557,336.5016601085663
nc_papers100m_195trainer_0hop_balanced_local_bs512_800r,20260914_203749_ogbn-papers100M_FedAvg_bs512_seed42_beta10000p0,ogbn-papers100M,FedAvg,512,42,10000.0,522,validation,0.2858,3.0664,0.2858,3.0664,1566,0.11628341674804688,0.11628341674804688,0.5282762050628662,0.6445596218109131,337.1462197303772,0.5282762050628662,0.6445596218109131,337.1462197303772
nc_papers100m_195trainer_0hop_balanced_local_bs512_800r,20260914_203749_ogbn-papers100M_FedAvg_bs512_seed42_beta10000p0,ogbn-papers100M,FedAvg,512,42,10000.0,523,validation,0.2858,3.0654,0.2858,3.0654,1569,0.11405730247497559,0.11405730247497559,0.5191431045532227,0.6332004070281982,337.7794201374054,0.5191431045532227,0.6332004070281982,337.7794201374054
nc_papers100m_195trainer_0hop_balanced_local_bs512_800r,20260914_203749_ogbn-papers100M_FedAvg_bs512_seed42_beta10000p0,ogbn-papers100M,FedAvg,512,42,10000.0,524,validation,0.2859,3.0642,0.2859,3.0642,1572,0.11196112632751465,0.11196112632751465,0.528315544128418,0.6402766704559326,338.4196968078613,0.528315544128418,0.6402766704559326,338.4196968078613
nc_papers100m_195trainer_0hop_balanced_local_bs512_800r,20260914_203749_ogbn-papers100M_FedAvg_bs512_seed42_beta10000p0,ogbn-papers100M,FedAvg,512,42,10000.0,525,validation,0.2861,3.0635,0.2861,3.0635,1575,0.1109628677368164,0.1109628677368164,0.566882848739624,0.6778457164764404,339.09754252433777,0.566882848739624,0.6778457164764404,339.09754252433777
nc_papers100m_195trainer_0hop_balanced_local_bs512_800r,20260914_203749_ogbn-papers100M_FedAvg_bs512_seed42_beta10000p0,ogbn-papers100M,FedAvg,512,42,10000.0,526,validation,0.2864,3.0624,0.2864,3.0624,1578,0.11144757270812988,0.11144757270812988,0.5206053256988525,0.6320528984069824,339.72959542274475,0.5206053256988525,0.6320528984069824,339.72959542274475
nc_papers100m_195trainer_0hop_balanced_local_bs512_800r,20260914_203749_ogbn-papers100M_FedAvg_bs512_seed42_beta10000p0,ogbn-papers100M,FedAvg,512,42,10000.0,527,validation,0.2865,3.0612,0.2865,3.0612,1581,0.11774826049804688,0.11774826049804688,0.5237033367156982,0.6414515972137451,340.3710470199585,0.5237033367156982,0.6414515972137451,340.3710470199585
nc_papers100m_195trainer_0hop_balanced_local_bs512_800r,20260914_203749_ogbn-papers100M_FedAvg_bs512_seed42_beta10000p0,ogbn-papers100M,FedAvg,512,42,10000.0,528,validation,0.2867,3.0601,0.2867,3.0601,1584,0.11683893203735352,0.11683893203735352,0.5213699340820312,0.6382088661193848,341.0092558860779,0.5213699340820312,0.6382088661193848,341.0092558860779
nc_papers100m_195trainer_0hop_balanced_local_bs512_800r,20260914_203749_ogbn-papers100M_FedAvg_bs512_seed42_beta10000p0,ogbn-papers100M,FedAvg,512,42,10000.0,529,validation,0.2869,3.0594,0.2869,3.0594,1587,0.11400508880615234,0.11400508880615234,0.5181150436401367,0.6321201324462891,341.64137601852417,0.5181150436401367,0.6321201324462891,341.64137601852417
nc_papers100m_195trainer_0hop_balanced_local_bs512_800r,20260914_203749_ogbn-papers100M_FedAvg_bs512_seed42_beta10000p0,ogbn-papers100M,FedAvg,512,42,10000.0,530,validation,0.2869,3.0585,0.2869,3.0585,1590,0.11558151245117188,0.11558151245117188,0.5157420635223389,0.6313235759735107,342.2726995944977,0.5157420635223389,0.6313235759735107,342.2726995944977
nc_papers100m_195trainer_0hop_balanced_local_bs512_800r,20260914_203749_ogbn-papers100M_FedAvg_bs512_seed42_beta10000p0,ogbn-papers100M,FedAvg,512,42,10000.0,531,validation,0.2869,3.0575,0.2869,3.0575,1593,0.11135268211364746,0.11135268211364746,0.5336885452270508,0.6450412273406982,342.9177408218384,0.5336885452270508,0.6450412273406982,342.9177408218384
nc_papers100m_195trainer_0hop_balanced_local_bs512_800r,20260914_203749_ogbn-papers100M_FedAvg_bs512_seed42_beta10000p0,ogbn-papers100M,FedAvg,512,42,10000.0,532,validation,0.2873,3.0564,0.2873,3.0564,1596,0.1130514144897461,0.1130514144897461,0.5277302265167236,0.6407816410064697,343.55852246284485,0.5277302265167236,0.6407816410064697,343.55852246284485
nc_papers100m_195trainer_0hop_balanced_local_bs512_800r,20260914_203749_ogbn-papers100M_FedAvg_bs512_seed42_beta10000p0,ogbn-papers100M,FedAvg,512,42,10000.0,533,validation,0.2875,3.0553,0.2875,3.0553,1599,0.11533188819885254,0.11533188819885254,0.5151379108428955,0.630469799041748,344.1889922618866,0.5151379108428955,0.630469799041748,344.1889922618866
nc_papers100m_195trainer_0hop_balanced_local_bs512_800r,20260914_203749_ogbn-papers100M_FedAvg_bs512_seed42_beta10000p0,ogbn-papers100M,FedAvg,512,42,10000.0,534,validation,0.2876,3.0545,0.2876,3.0545,1602,0.11675834655761719,0.11675834655761719,0.5300571918487549,0.6468155384063721,344.83580780029297,0.5300571918487549,0.6468155384063721,344.83580780029297
nc_papers100m_195trainer_0hop_balanced_local_bs512_800r,20260914_203749_ogbn-papers100M_FedAvg_bs512_seed42_beta10000p0,ogbn-papers100M,FedAvg,512,42,10000.0,535,validation,0.2876,3.0534,0.2876,3.0534,1605,0.11653876304626465,0.11653876304626465,0.5210068225860596,0.6375455856323242,345.4733533859253,0.5210068225860596,0.6375455856323242,345.4733533859253
nc_papers100m_195trainer_0hop_balanced_local_bs512_800r,20260914_203749_ogbn-papers100M_FedAvg_bs512_seed42_beta10000p0,ogbn-papers100M,FedAvg,512,42,10000.0,536,validation,0.2877,3.0525,0.2877,3.0525,1608,0.1102302074432373,0.1102302074432373,0.5270869731903076,0.6373171806335449,346.11067056655884,0.5270869731903076,0.6373171806335449,346.11067056655884
nc_papers100m_195trainer_0hop_balanced_local_bs512_800r,20260914_203749_ogbn-papers100M_FedAvg_bs512_seed42_beta10000p0,ogbn-papers100M,FedAvg,512,42,10000.0,537,validation,0.288,3.0517,0.288,3.0517,1611,0.11428475379943848,0.11428475379943848,0.5252344608306885,0.639519214630127,346.75018978118896,0.5252344608306885,0.639519214630127,346.75018978118896
nc_papers100m_195trainer_0hop_balanced_local_bs512_800r,20260914_203749_ogbn-papers100M_FedAvg_bs512_seed42_beta10000p0,ogbn-papers100M,FedAvg,512,42,10000.0,538,validation,0.288,3.0507,0.288,3.0507,1614,0.11476731300354004,0.11476731300354004,0.5220017433166504,0.6367690563201904,347.38695883750916,0.5220017433166504,0.6367690563201904,347.38695883750916
nc_papers100m_195trainer_0hop_balanced_local_bs512_800r,20260914_203749_ogbn-papers100M_FedAvg_bs512_seed42_beta10000p0,ogbn-papers100M,FedAvg,512,42,10000.0,539,validation,0.2883,3.0498,0.2883,3.0498,1617,0.11510205268859863,0.11510205268859863,0.5522632598876953,0.667365312576294,348.05432415008545,0.5522632598876953,0.667365312576294,348.05432415008545
nc_papers100m_195trainer_0hop_balanced_local_bs512_800r,20260914_203749_ogbn-papers100M_FedAvg_bs512_seed42_beta10000p0,ogbn-papers100M,FedAvg,512,42,10000.0,540,validation,0.2886,3.0488,0.2886,3.0488,1620,0.12317180633544922,0.12317180633544922,0.5225896835327148,0.6457614898681641,348.7000856399536,0.5225896835327148,0.6457614898681641,348.7000856399536
nc_papers100m_195trainer_0hop_balanced_local_bs512_800r,20260914_203749_ogbn-papers100M_FedAvg_bs512_seed42_beta10000p0,ogbn-papers100M,FedAvg,512,42,10000.0,541,validation,0.2888,3.0475,0.2888,3.0475,1623,0.1141974925994873,0.1141974925994873,0.5307955741882324,0.6449930667877197,349.34507870674133,0.5307955741882324,0.6449930667877197,349.34507870674133
nc_papers100m_195trainer_0hop_balanced_local_bs512_800r,20260914_203749_ogbn-papers100M_FedAvg_bs512_seed42_beta10000p0,ogbn-papers100M,FedAvg,512,42,10000.0,542,validation,0.289,3.0465,0.289,3.0465,1626,0.11209917068481445,0.11209917068481445,0.5173625946044922,0.6294617652893066,349.97454047203064,0.5173625946044922,0.6294617652893066,349.97454047203064
nc_papers100m_195trainer_0hop_balanced_local_bs512_800r,20260914_203749_ogbn-papers100M_FedAvg_bs512_seed42_beta10000p0,ogbn-papers100M,FedAvg,512,42,10000.0,543,validation,0.2891,3.0456,0.2891,3.0456,1629,0.11437320709228516,0.11437320709228516,0.520836353302002,0.6352095603942871,350.6097500324249,0.520836353302002,0.6352095603942871,350.6097500324249
nc_papers100m_195trainer_0hop_balanced_local_bs512_800r,20260914_203749_ogbn-papers100M_FedAvg_bs512_seed42_beta10000p0,ogbn-papers100M,FedAvg,512,42,10000.0,544,validation,0.289,3.0446,0.289,3.0446,1632,0.11237072944641113,0.11237072944641113,0.5375196933746338,0.6498904228210449,351.259640455246,0.5375196933746338,0.6498904228210449,351.259640455246
nc_papers100m_195trainer_0hop_balanced_local_bs512_800r,20260914_203749_ogbn-papers100M_FedAvg_bs512_seed42_beta10000p0,ogbn-papers100M,FedAvg,512,42,10000.0,545,validation,0.289,3.0437,0.289,3.0437,1635,0.11513519287109375,0.11513519287109375,0.6900348663330078,0.8051700592041016,352.0648105144501,0.6900348663330078,0.8051700592041016,352.0648105144501
nc_papers100m_195trainer_0hop_balanced_local_bs512_800r,20260914_203749_ogbn-papers100M_FedAvg_bs512_seed42_beta10000p0,ogbn-papers100M,FedAvg,512,42,10000.0,546,validation,0.2893,3.0428,0.2893,3.0428,1638,0.11164402961730957,0.11164402961730957,0.5236866474151611,0.6353306770324707,352.70014119148254,0.5236866474151611,0.6353306770324707,352.70014119148254
nc_papers100m_195trainer_0hop_balanced_local_bs512_800r,20260914_203749_ogbn-papers100M_FedAvg_bs512_seed42_beta10000p0,ogbn-papers100M,FedAvg,512,42,10000.0,547,validation,0.2893,3.0419,0.2893,3.0419,1641,0.12197709083557129,0.12197709083557129,0.5299668312072754,0.6519439220428467,353.3520851135254,0.5299668312072754,0.6519439220428467,353.3520851135254
nc_papers100m_195trainer_0hop_balanced_local_bs512_800r,20260914_203749_ogbn-papers100M_FedAvg_bs512_seed42_beta10000p0,ogbn-papers100M,FedAvg,512,42,10000.0,548,validation,0.2896,3.0408,0.2896,3.0408,1644,0.1101374626159668,0.1101374626159668,0.5299854278564453,0.6401228904724121,353.9922080039978,0.5299854278564453,0.6401228904724121,353.9922080039978
nc_papers100m_195trainer_0hop_balanced_local_bs512_800r,20260914_203749_ogbn-papers100M_FedAvg_bs512_seed42_beta10000p0,ogbn-papers100M,FedAvg,512,42,10000.0,549,validation,0.2897,3.04,0.2897,3.04,1647,0.11320614814758301,0.11320614814758301,0.5231642723083496,0.6363704204559326,354.62857842445374,0.5231642723083496,0.6363704204559326,354.62857842445374
nc_papers100m_195trainer_0hop_balanced_local_bs512_800r,20260914_203749_ogbn-papers100M_FedAvg_bs512_seed42_beta10000p0,ogbn-papers100M,FedAvg,512,42,10000.0,550,validation,0.2898,3.0392,0.2898,3.0392,1650,0.11469340324401855,0.11469340324401855,0.5226905345916748,0.6373839378356934,355.26596236228943,0.5226905345916748,0.6373839378356934,355.26596236228943
nc_papers100m_195trainer_0hop_balanced_local_bs512_800r,20260914_203749_ogbn-papers100M_FedAvg_bs512_seed42_beta10000p0,ogbn-papers100M,FedAvg,512,42,10000.0,551,validation,0.2898,3.0383,0.2898,3.0383,1653,0.11382007598876953,0.11382007598876953,0.5392434597015381,0.6530635356903076,355.91902589797974,0.5392434597015381,0.6530635356903076,355.91902589797974
nc_papers100m_195trainer_0hop_balanced_local_bs512_800r,20260914_203749_ogbn-papers100M_FedAvg_bs512_seed42_beta10000p0,ogbn-papers100M,FedAvg,512,42,10000.0,552,validation,0.2897,3.0374,0.2897,3.0374,1656,0.11125326156616211,0.11125326156616211,0.5278136730194092,0.6390669345855713,356.5580928325653,0.5278136730194092,0.6390669345855713,356.5580928325653
nc_papers100m_195trainer_0hop_balanced_local_bs512_800r,20260914_203749_ogbn-papers100M_FedAvg_bs512_seed42_beta10000p0,ogbn-papers100M,FedAvg,512,42,10000.0,553,validation,0.2899,3.0363,0.2899,3.0363,1659,0.11617732048034668,0.11617732048034668,0.55635666847229,0.6725339889526367,357.23062682151794,0.55635666847229,0.6725339889526367,357.23062682151794
nc_papers100m_195trainer_0hop_balanced_local_bs512_800r,20260914_203749_ogbn-papers100M_FedAvg_bs512_seed42_beta10000p0,ogbn-papers100M,FedAvg,512,42,10000.0,554,validation,0.2901,3.0356,0.2901,3.0356,1662,0.11069393157958984,0.11069393157958984,0.526270866394043,0.6369647979736328,357.8675916194916,0.526270866394043,0.6369647979736328,357.8675916194916
nc_papers100m_195trainer_0hop_balanced_local_bs512_800r,20260914_203749_ogbn-papers100M_FedAvg_bs512_seed42_beta10000p0,ogbn-papers100M,FedAvg,512,42,10000.0,555,validation,0.2903,3.0347,0.2903,3.0347,1665,0.11349034309387207,0.11349034309387207,0.5295870304107666,0.6430773735046387,358.5106689929962,0.5295870304107666,0.6430773735046387,358.5106689929962
nc_papers100m_195trainer_0hop_balanced_local_bs512_800r,20260914_203749_ogbn-papers100M_FedAvg_bs512_seed42_beta10000p0,ogbn-papers100M,FedAvg,512,42,10000.0,556,validation,0.2904,3.0337,0.2904,3.0337,1668,0.11284470558166504,0.11284470558166504,0.5262255668640137,0.6390702724456787,359.1497392654419,0.5262255668640137,0.6390702724456787,359.1497392654419
nc_papers100m_195trainer_0hop_balanced_local_bs512_800r,20260914_203749_ogbn-papers100M_FedAvg_bs512_seed42_beta10000p0,ogbn-papers100M,FedAvg,512,42,10000.0,557,validation,0.2906,3.0328,0.2906,3.0328,1671,0.11057424545288086,0.11057424545288086,0.5388391017913818,0.6494133472442627,359.79915261268616,0.5388391017913818,0.6494133472442627,359.79915261268616
nc_papers100m_195trainer_0hop_balanced_local_bs512_800r,20260914_203749_ogbn-papers100M_FedAvg_bs512_seed42_beta10000p0,ogbn-papers100M,FedAvg,512,42,10000.0,558,validation,0.2908,3.0318,0.2908,3.0318,1674,0.11104106903076172,0.11104106903076172,0.5282440185546875,0.6392850875854492,360.4384377002716,0.5282440185546875,0.6392850875854492,360.4384377002716
nc_papers100m_195trainer_0hop_balanced_local_bs512_800r,20260914_203749_ogbn-papers100M_FedAvg_bs512_seed42_beta10000p0,ogbn-papers100M,FedAvg,512,42,10000.0,559,validation,0.2909,3.0307,0.2909,3.0307,1677,0.11275529861450195,0.11275529861450195,0.5162391662597656,0.6289944648742676,361.0674321651459,0.5162391662597656,0.6289944648742676,361.0674321651459
nc_papers100m_195trainer_0hop_balanced_local_bs512_800r,20260914_203749_ogbn-papers100M_FedAvg_bs512_seed42_beta10000p0,ogbn-papers100M,FedAvg,512,42,10000.0,560,validation,0.291,3.0298,0.291,3.0298,1680,0.11761236190795898,0.11761236190795898,0.5270659923553467,0.6446783542633057,361.7121105194092,0.5270659923553467,0.6446783542633057,361.7121105194092
nc_papers100m_195trainer_0hop_balanced_local_bs512_800r,20260914_203749_ogbn-papers100M_FedAvg_bs512_seed42_beta10000p0,ogbn-papers100M,FedAvg,512,42,10000.0,561,validation,0.2913,3.0289,0.2913,3.0289,1683,0.11607480049133301,0.11607480049133301,0.538630485534668,0.654705286026001,362.3668158054352,0.538630485534668,0.654705286026001,362.3668158054352
nc_papers100m_195trainer_0hop_balanced_local_bs512_800r,20260914_203749_ogbn-papers100M_FedAvg_bs512_seed42_beta10000p0,ogbn-papers100M,FedAvg,512,42,10000.0,562,validation,0.291,3.0281,0.291,3.0281,1686,0.11092400550842285,0.11092400550842285,0.5196325778961182,0.630556583404541,362.9973723888397,0.5196325778961182,0.630556583404541,362.9973723888397
nc_papers100m_195trainer_0hop_balanced_local_bs512_800r,20260914_203749_ogbn-papers100M_FedAvg_bs512_seed42_beta10000p0,ogbn-papers100M,FedAvg,512,42,10000.0,563,validation,0.2914,3.0274,0.2914,3.0274,1689,0.1109476089477539,0.1109476089477539,0.5187437534332275,0.6296913623809814,363.6270637512207,0.5187437534332275,0.6296913623809814,363.6270637512207
nc_papers100m_195trainer_0hop_balanced_local_bs512_800r,20260914_203749_ogbn-papers100M_FedAvg_bs512_seed42_beta10000p0,ogbn-papers100M,FedAvg,512,42,10000.0,564,validation,0.2917,3.0263,0.2917,3.0263,1692,0.11311650276184082,0.11311650276184082,0.5373849868774414,0.6505014896392822,364.27756524086,0.5373849868774414,0.6505014896392822,364.27756524086
nc_papers100m_195trainer_0hop_balanced_local_bs512_800r,20260914_203749_ogbn-papers100M_FedAvg_bs512_seed42_beta10000p0,ogbn-papers100M,FedAvg,512,42,10000.0,565,validation,0.2917,3.0254,0.2917,3.0254,1695,0.11168026924133301,0.11168026924133301,0.5347764492034912,0.6464567184448242,364.9240219593048,0.5347764492034912,0.6464567184448242,364.9240219593048
nc_papers100m_195trainer_0hop_balanced_local_bs512_800r,20260914_203749_ogbn-papers100M_FedAvg_bs512_seed42_beta10000p0,ogbn-papers100M,FedAvg,512,42,10000.0,566,validation,0.2918,3.0248,0.2918,3.0248,1698,0.10928869247436523,0.10928869247436523,0.5149624347686768,0.624251127243042,365.54827308654785,0.5149624347686768,0.624251127243042,365.54827308654785
nc_papers100m_195trainer_0hop_balanced_local_bs512_800r,20260914_203749_ogbn-papers100M_FedAvg_bs512_seed42_beta10000p0,ogbn-papers100M,FedAvg,512,42,10000.0,567,validation,0.2922,3.0236,0.2922,3.0236,1701,0.11301279067993164,0.11301279067993164,0.5812950134277344,0.694307804107666,366.2425808906555,0.5812950134277344,0.694307804107666,366.2425808906555
nc_papers100m_195trainer_0hop_balanced_local_bs512_800r,20260914_203749_ogbn-papers100M_FedAvg_bs512_seed42_beta10000p0,ogbn-papers100M,FedAvg,512,42,10000.0,568,validation,0.292,3.0226,0.292,3.0226,1704,0.11153459548950195,0.11153459548950195,0.5300929546356201,0.6416275501251221,366.88420844078064,0.5300929546356201,0.6416275501251221,366.88420844078064
nc_papers100m_195trainer_0hop_balanced_local_bs512_800r,20260914_203749_ogbn-papers100M_FedAvg_bs512_seed42_beta10000p0,ogbn-papers100M,FedAvg,512,42,10000.0,569,validation,0.2923,3.0218,0.2923,3.0218,1707,0.11021971702575684,0.11021971702575684,0.5213265419006348,0.6315462589263916,367.51575469970703,0.5213265419006348,0.6315462589263916,367.51575469970703
nc_papers100m_195trainer_0hop_balanced_local_bs512_800r,20260914_203749_ogbn-papers100M_FedAvg_bs512_seed42_beta10000p0,ogbn-papers100M,FedAvg,512,42,10000.0,570,validation,0.2926,3.0207,0.2926,3.0207,1710,0.11424422264099121,0.11424422264099121,0.5361306667327881,0.6503748893737793,368.1661295890808,0.5361306667327881,0.6503748893737793,368.1661295890808
nc_papers100m_195trainer_0hop_balanced_local_bs512_800r,20260914_203749_ogbn-papers100M_FedAvg_bs512_seed42_beta10000p0,ogbn-papers100M,FedAvg,512,42,10000.0,571,validation,0.2928,3.02,0.2928,3.02,1713,0.11245107650756836,0.11245107650756836,0.540003776550293,0.6524548530578613,368.8185844421387,0.540003776550293,0.6524548530578613,368.8185844421387
nc_papers100m_195trainer_0hop_balanced_local_bs512_800r,20260914_203749_ogbn-papers100M_FedAvg_bs512_seed42_beta10000p0,ogbn-papers100M,FedAvg,512,42,10000.0,572,validation,0.2929,3.019,0.2929,3.019,1716,0.11218380928039551,0.11218380928039551,0.5216183662414551,0.6338021755218506,369.4523866176605,0.5216183662414551,0.6338021755218506,369.4523866176605
nc_papers100m_195trainer_0hop_balanced_local_bs512_800r,20260914_203749_ogbn-papers100M_FedAvg_bs512_seed42_beta10000p0,ogbn-papers100M,FedAvg,512,42,10000.0,573,validation,0.2929,3.0179,0.2929,3.0179,1719,0.1126861572265625,0.1126861572265625,0.5095615386962891,0.6222476959228516,370.0746343135834,0.5095615386962891,0.6222476959228516,370.0746343135834
nc_papers100m_195trainer_0hop_balanced_local_bs512_800r,20260914_203749_ogbn-papers100M_FedAvg_bs512_seed42_beta10000p0,ogbn-papers100M,FedAvg,512,42,10000.0,574,validation,0.293,3.0171,0.293,3.0171,1722,0.11235356330871582,0.11235356330871582,0.5301547050476074,0.6425082683563232,370.7171425819397,0.5301547050476074,0.6425082683563232,370.7171425819397
nc_papers100m_195trainer_0hop_balanced_local_bs512_800r,20260914_203749_ogbn-papers100M_FedAvg_bs512_seed42_beta10000p0,ogbn-papers100M,FedAvg,512,42,10000.0,575,validation,0.293,3.0164,0.293,3.0164,1725,0.11365199089050293,0.11365199089050293,0.5319814682006836,0.6456334590911865,371.3627760410309,0.5319814682006836,0.6456334590911865,371.3627760410309
nc_papers100m_195trainer_0hop_balanced_local_bs512_800r,20260914_203749_ogbn-papers100M_FedAvg_bs512_seed42_beta10000p0,ogbn-papers100M,FedAvg,512,42,10000.0,576,validation,0.2933,3.0154,0.2933,3.0154,1728,0.11375284194946289,0.11375284194946289,0.5264689922332764,0.6402218341827393,372.0029978752136,0.5264689922332764,0.6402218341827393,372.0029978752136
nc_papers100m_195trainer_0hop_balanced_local_bs512_800r,20260914_203749_ogbn-papers100M_FedAvg_bs512_seed42_beta10000p0,ogbn-papers100M,FedAvg,512,42,10000.0,577,validation,0.2935,3.0145,0.2935,3.0145,1731,0.11703777313232422,0.11703777313232422,0.5324475765228271,0.6494853496551514,372.6524832248688,0.5324475765228271,0.6494853496551514,372.6524832248688
nc_papers100m_195trainer_0hop_balanced_local_bs512_800r,20260914_203749_ogbn-papers100M_FedAvg_bs512_seed42_beta10000p0,ogbn-papers100M,FedAvg,512,42,10000.0,578,validation,0.2936,3.0134,0.2936,3.0134,1734,0.11149144172668457,0.11149144172668457,0.5270941257476807,0.6385855674743652,373.29106879234314,0.5270941257476807,0.6385855674743652,373.29106879234314
nc_papers100m_195trainer_0hop_balanced_local_bs512_800r,20260914_203749_ogbn-papers100M_FedAvg_bs512_seed42_beta10000p0,ogbn-papers100M,FedAvg,512,42,10000.0,579,validation,0.2937,3.0124,0.2937,3.0124,1737,0.11193704605102539,0.11193704605102539,0.5222301483154297,0.6341671943664551,373.9252359867096,0.5222301483154297,0.6341671943664551,373.9252359867096
nc_papers100m_195trainer_0hop_balanced_local_bs512_800r,20260914_203749_ogbn-papers100M_FedAvg_bs512_seed42_beta10000p0,ogbn-papers100M,FedAvg,512,42,10000.0,580,validation,0.294,3.0117,0.294,3.0117,1740,0.11061382293701172,0.11061382293701172,0.5395922660827637,0.6502060890197754,374.57544207572937,0.5395922660827637,0.6502060890197754,374.57544207572937
nc_papers100m_195trainer_0hop_balanced_local_bs512_800r,20260914_203749_ogbn-papers100M_FedAvg_bs512_seed42_beta10000p0,ogbn-papers100M,FedAvg,512,42,10000.0,581,validation,0.2941,3.0109,0.2941,3.0109,1743,0.11175322532653809,0.11175322532653809,0.549389123916626,0.6611423492431641,375.23658442497253,0.549389123916626,0.6611423492431641,375.23658442497253
nc_papers100m_195trainer_0hop_balanced_local_bs512_800r,20260914_203749_ogbn-papers100M_FedAvg_bs512_seed42_beta10000p0,ogbn-papers100M,FedAvg,512,42,10000.0,582,validation,0.2944,3.0099,0.2944,3.0099,1746,0.11294174194335938,0.11294174194335938,0.5267367362976074,0.6396784782409668,375.8762629032135,0.5267367362976074,0.6396784782409668,375.8762629032135
nc_papers100m_195trainer_0hop_balanced_local_bs512_800r,20260914_203749_ogbn-papers100M_FedAvg_bs512_seed42_beta10000p0,ogbn-papers100M,FedAvg,512,42,10000.0,583,validation,0.2945,3.0091,0.2945,3.0091,1749,0.1153709888458252,0.1153709888458252,0.5185365676879883,0.6339075565338135,376.5101704597473,0.5185365676879883,0.6339075565338135,376.5101704597473
nc_papers100m_195trainer_0hop_balanced_local_bs512_800r,20260914_203749_ogbn-papers100M_FedAvg_bs512_seed42_beta10000p0,ogbn-papers100M,FedAvg,512,42,10000.0,584,validation,0.2946,3.0084,0.2946,3.0084,1752,0.11158227920532227,0.11158227920532227,0.5287461280822754,0.6403284072875977,377.1504988670349,0.5287461280822754,0.6403284072875977,377.1504988670349
nc_papers100m_195trainer_0hop_balanced_local_bs512_800r,20260914_203749_ogbn-papers100M_FedAvg_bs512_seed42_beta10000p0,ogbn-papers100M,FedAvg,512,42,10000.0,585,validation,0.2948,3.0077,0.2948,3.0077,1755,0.11207365989685059,0.11207365989685059,0.5277369022369385,0.6398105621337891,377.7903094291687,0.5277369022369385,0.6398105621337891,377.7903094291687
nc_papers100m_195trainer_0hop_balanced_local_bs512_800r,20260914_203749_ogbn-papers100M_FedAvg_bs512_seed42_beta10000p0,ogbn-papers100M,FedAvg,512,42,10000.0,586,validation,0.2951,3.0068,0.2951,3.0068,1758,0.11675596237182617,0.11675596237182617,0.5273396968841553,0.6440956592559814,378.4344050884247,0.5273396968841553,0.6440956592559814,378.4344050884247
nc_papers100m_195trainer_0hop_balanced_local_bs512_800r,20260914_203749_ogbn-papers100M_FedAvg_bs512_seed42_beta10000p0,ogbn-papers100M,FedAvg,512,42,10000.0,587,validation,0.2953,3.0059,0.2953,3.0059,1761,0.11555767059326172,0.11555767059326172,0.525540828704834,0.6410984992980957,379.0755035877228,0.525540828704834,0.6410984992980957,379.0755035877228
nc_papers100m_195trainer_0hop_balanced_local_bs512_800r,20260914_203749_ogbn-papers100M_FedAvg_bs512_seed42_beta10000p0,ogbn-papers100M,FedAvg,512,42,10000.0,588,validation,0.2951,3.005,0.2951,3.005,1764,0.11694979667663574,0.11694979667663574,0.5266733169555664,0.6436231136322021,379.719126701355,0.5266733169555664,0.6436231136322021,379.719126701355
nc_papers100m_195trainer_0hop_balanced_local_bs512_800r,20260914_203749_ogbn-papers100M_FedAvg_bs512_seed42_beta10000p0,ogbn-papers100M,FedAvg,512,42,10000.0,589,validation,0.2956,3.004,0.2956,3.004,1767,0.1115732192993164,0.1115732192993164,0.5184166431427002,0.6299898624420166,380.349116563797,0.5184166431427002,0.6299898624420166,380.349116563797
nc_papers100m_195trainer_0hop_balanced_local_bs512_800r,20260914_203749_ogbn-papers100M_FedAvg_bs512_seed42_beta10000p0,ogbn-papers100M,FedAvg,512,42,10000.0,590,validation,0.2956,3.0031,0.2956,3.0031,1770,0.11130332946777344,0.11130332946777344,0.5316243171691895,0.6429276466369629,380.99204421043396,0.5316243171691895,0.6429276466369629,380.99204421043396
nc_papers100m_195trainer_0hop_balanced_local_bs512_800r,20260914_203749_ogbn-papers100M_FedAvg_bs512_seed42_beta10000p0,ogbn-papers100M,FedAvg,512,42,10000.0,591,validation,0.2957,3.0023,0.2957,3.0023,1773,0.11199641227722168,0.11199641227722168,0.5354278087615967,0.6474242210388184,381.6394684314728,0.5354278087615967,0.6474242210388184,381.6394684314728
nc_papers100m_195trainer_0hop_balanced_local_bs512_800r,20260914_203749_ogbn-papers100M_FedAvg_bs512_seed42_beta10000p0,ogbn-papers100M,FedAvg,512,42,10000.0,592,validation,0.2959,3.0016,0.2959,3.0016,1776,0.12179827690124512,0.12179827690124512,0.5236284732818604,0.6454267501831055,382.2848951816559,0.5236284732818604,0.6454267501831055,382.2848951816559
nc_papers100m_195trainer_0hop_balanced_local_bs512_800r,20260914_203749_ogbn-papers100M_FedAvg_bs512_seed42_beta10000p0,ogbn-papers100M,FedAvg,512,42,10000.0,593,validation,0.296,3.0007,0.296,3.0007,1779,0.11448073387145996,0.11448073387145996,0.5279979705810547,0.6424787044525146,382.9273738861084,0.5279979705810547,0.6424787044525146,382.9273738861084
nc_papers100m_195trainer_0hop_balanced_local_bs512_800r,20260914_203749_ogbn-papers100M_FedAvg_bs512_seed42_beta10000p0,ogbn-papers100M,FedAvg,512,42,10000.0,594,validation,0.2961,2.9998,0.2961,2.9998,1782,0.11431550979614258,0.11431550979614258,0.5262880325317383,0.6406035423278809,383.5679774284363,0.5262880325317383,0.6406035423278809,383.5679774284363
nc_papers100m_195trainer_0hop_balanced_local_bs512_800r,20260914_203749_ogbn-papers100M_FedAvg_bs512_seed42_beta10000p0,ogbn-papers100M,FedAvg,512,42,10000.0,595,validation,0.2961,2.9989,0.2961,2.9989,1785,0.11326766014099121,0.11326766014099121,0.538804292678833,0.6520719528198242,384.2200493812561,0.538804292678833,0.6520719528198242,384.2200493812561
nc_papers100m_195trainer_0hop_balanced_local_bs512_800r,20260914_203749_ogbn-papers100M_FedAvg_bs512_seed42_beta10000p0,ogbn-papers100M,FedAvg,512,42,10000.0,596,validation,0.2962,2.9979,0.2962,2.9979,1788,0.1127619743347168,0.1127619743347168,0.5364766120910645,0.6492385864257812,384.8692879676819,0.5364766120910645,0.6492385864257812,384.8692879676819
nc_papers100m_195trainer_0hop_balanced_local_bs512_800r,20260914_203749_ogbn-papers100M_FedAvg_bs512_seed42_beta10000p0,ogbn-papers100M,FedAvg,512,42,10000.0,597,validation,0.2964,2.997,0.2964,2.997,1791,0.1131591796875,0.1131591796875,0.5245876312255859,0.6377468109130859,385.50703477859497,0.5245876312255859,0.6377468109130859,385.50703477859497
nc_papers100m_195trainer_0hop_balanced_local_bs512_800r,20260914_203749_ogbn-papers100M_FedAvg_bs512_seed42_beta10000p0,ogbn-papers100M,FedAvg,512,42,10000.0,598,validation,0.2964,2.9964,0.2964,2.9964,1794,0.1141364574432373,0.1141364574432373,0.5201590061187744,0.6342954635620117,386.141330242157,0.5201590061187744,0.6342954635620117,386.141330242157
nc_papers100m_195trainer_0hop_balanced_local_bs512_800r,20260914_203749_ogbn-papers100M_FedAvg_bs512_seed42_beta10000p0,ogbn-papers100M,FedAvg,512,42,10000.0,599,validation,0.2966,2.9956,0.2966,2.9956,1797,0.11596226692199707,0.11596226692199707,0.5185599327087402,0.6345221996307373,386.7758524417877,0.5185599327087402,0.6345221996307373,386.7758524417877
nc_papers100m_195trainer_0hop_balanced_local_bs512_800r,20260914_203749_ogbn-papers100M_FedAvg_bs512_seed42_beta10000p0,ogbn-papers100M,FedAvg,512,42,10000.0,600,validation,0.297,2.9949,0.297,2.9949,1800,0.11763310432434082,0.11763310432434082,0.5174500942230225,0.6350831985473633,387.4109356403351,0.5174500942230225,0.6350831985473633,387.4109356403351
nc_papers100m_195trainer_0hop_balanced_local_bs512_800r,20260914_203749_ogbn-papers100M_FedAvg_bs512_seed42_beta10000p0,ogbn-papers100M,FedAvg,512,42,10000.0,601,validation,0.2972,2.9943,0.2972,2.9943,1803,0.11068987846374512,0.11068987846374512,0.5226123332977295,0.6333022117614746,388.04423785209656,0.5226123332977295,0.6333022117614746,388.04423785209656
nc_papers100m_195trainer_0hop_balanced_local_bs512_800r,20260914_203749_ogbn-papers100M_FedAvg_bs512_seed42_beta10000p0,ogbn-papers100M,FedAvg,512,42,10000.0,602,validation,0.2972,2.9936,0.2972,2.9936,1806,0.11316227912902832,0.11316227912902832,0.521186113357544,0.6343483924865723,388.67858624458313,0.521186113357544,0.6343483924865723,388.67858624458313
nc_papers100m_195trainer_0hop_balanced_local_bs512_800r,20260914_203749_ogbn-papers100M_FedAvg_bs512_seed42_beta10000p0,ogbn-papers100M,FedAvg,512,42,10000.0,603,validation,0.2972,2.9927,0.2972,2.9927,1809,0.1131124496459961,0.1131124496459961,0.53017258644104,0.6432850360870361,389.32187128067017,0.53017258644104,0.6432850360870361,389.32187128067017
nc_papers100m_195trainer_0hop_balanced_local_bs512_800r,20260914_203749_ogbn-papers100M_FedAvg_bs512_seed42_beta10000p0,ogbn-papers100M,FedAvg,512,42,10000.0,604,validation,0.2973,2.9919,0.2973,2.9919,1812,0.11290645599365234,0.11290645599365234,0.520047664642334,0.6329541206359863,389.95482540130615,0.520047664642334,0.6329541206359863,389.95482540130615
nc_papers100m_195trainer_0hop_balanced_local_bs512_800r,20260914_203749_ogbn-papers100M_FedAvg_bs512_seed42_beta10000p0,ogbn-papers100M,FedAvg,512,42,10000.0,605,validation,0.2974,2.991,0.2974,2.991,1815,0.11537504196166992,0.11537504196166992,0.5221428871154785,0.6375179290771484,390.5923433303833,0.5221428871154785,0.6375179290771484,390.5923433303833
nc_papers100m_195trainer_0hop_balanced_local_bs512_800r,20260914_203749_ogbn-papers100M_FedAvg_bs512_seed42_beta10000p0,ogbn-papers100M,FedAvg,512,42,10000.0,606,validation,0.2977,2.9901,0.2977,2.9901,1818,0.11119341850280762,0.11119341850280762,0.5307571887969971,0.6419506072998047,391.2342939376831,0.5307571887969971,0.6419506072998047,391.2342939376831
nc_papers100m_195trainer_0hop_balanced_local_bs512_800r,20260914_203749_ogbn-papers100M_FedAvg_bs512_seed42_beta10000p0,ogbn-papers100M,FedAvg,512,42,10000.0,607,validation,0.2978,2.989,0.2978,2.989,1821,0.11277294158935547,0.11277294158935547,0.5177271366119385,0.630500078201294,391.8647940158844,0.5177271366119385,0.630500078201294,391.8647940158844
nc_papers100m_195trainer_0hop_balanced_local_bs512_800r,20260914_203749_ogbn-papers100M_FedAvg_bs512_seed42_beta10000p0,ogbn-papers100M,FedAvg,512,42,10000.0,608,validation,0.2979,2.9881,0.2979,2.9881,1824,0.11212801933288574,0.11212801933288574,0.51224684715271,0.6243748664855957,392.48916888237,0.51224684715271,0.6243748664855957,392.48916888237
nc_papers100m_195trainer_0hop_balanced_local_bs512_800r,20260914_203749_ogbn-papers100M_FedAvg_bs512_seed42_beta10000p0,ogbn-papers100M,FedAvg,512,42,10000.0,609,validation,0.298,2.9874,0.298,2.9874,1827,0.11372709274291992,0.11372709274291992,0.534698486328125,0.6484255790710449,393.13759446144104,0.534698486328125,0.6484255790710449,393.13759446144104
nc_papers100m_195trainer_0hop_balanced_local_bs512_800r,20260914_203749_ogbn-papers100M_FedAvg_bs512_seed42_beta10000p0,ogbn-papers100M,FedAvg,512,42,10000.0,610,validation,0.2982,2.9867,0.2982,2.9867,1830,0.11362743377685547,0.11362743377685547,0.5456497669219971,0.6592772006988525,393.7968716621399,0.5456497669219971,0.6592772006988525,393.7968716621399
nc_papers100m_195trainer_0hop_balanced_local_bs512_800r,20260914_203749_ogbn-papers100M_FedAvg_bs512_seed42_beta10000p0,ogbn-papers100M,FedAvg,512,42,10000.0,611,validation,0.2984,2.9858,0.2984,2.9858,1833,0.11109709739685059,0.11109709739685059,0.5198664665222168,0.6309635639190674,394.42783522605896,0.5198664665222168,0.6309635639190674,394.42783522605896
nc_papers100m_195trainer_0hop_balanced_local_bs512_800r,20260914_203749_ogbn-papers100M_FedAvg_bs512_seed42_beta10000p0,ogbn-papers100M,FedAvg,512,42,10000.0,612,validation,0.2983,2.9848,0.2983,2.9848,1836,0.11892342567443848,0.11892342567443848,0.5267441272735596,0.645667552947998,395.07350277900696,0.5267441272735596,0.645667552947998,395.07350277900696
nc_papers100m_195trainer_0hop_balanced_local_bs512_800r,20260914_203749_ogbn-papers100M_FedAvg_bs512_seed42_beta10000p0,ogbn-papers100M,FedAvg,512,42,10000.0,613,validation,0.2986,2.984,0.2986,2.984,1839,0.11206436157226562,0.11206436157226562,0.5247359275817871,0.6368002891540527,395.710303068161,0.5247359275817871,0.6368002891540527,395.710303068161
nc_papers100m_195trainer_0hop_balanced_local_bs512_800r,20260914_203749_ogbn-papers100M_FedAvg_bs512_seed42_beta10000p0,ogbn-papers100M,FedAvg,512,42,10000.0,614,validation,0.2986,2.9832,0.2986,2.9832,1842,0.11025786399841309,0.11025786399841309,0.5142133235931396,0.6244711875915527,396.33477425575256,0.5142133235931396,0.6244711875915527,396.33477425575256
nc_papers100m_195trainer_0hop_balanced_local_bs512_800r,20260914_203749_ogbn-papers100M_FedAvg_bs512_seed42_beta10000p0,ogbn-papers100M,FedAvg,512,42,10000.0,615,validation,0.2989,2.9823,0.2989,2.9823,1845,0.11693930625915527,0.11693930625915527,0.5169124603271484,0.6338517665863037,396.96862602233887,0.5169124603271484,0.6338517665863037,396.96862602233887
nc_papers100m_195trainer_0hop_balanced_local_bs512_800r,20260914_203749_ogbn-papers100M_FedAvg_bs512_seed42_beta10000p0,ogbn-papers100M,FedAvg,512,42,10000.0,616,validation,0.2989,2.9815,0.2989,2.9815,1848,0.11322021484375,0.11322021484375,0.527263879776001,0.640484094619751,397.6091101169586,0.527263879776001,0.640484094619751,397.6091101169586
nc_papers100m_195trainer_0hop_balanced_local_bs512_800r,20260914_203749_ogbn-papers100M_FedAvg_bs512_seed42_beta10000p0,ogbn-papers100M,FedAvg,512,42,10000.0,617,validation,0.2991,2.9804,0.2991,2.9804,1851,0.11150121688842773,0.11150121688842773,0.5090444087982178,0.6205456256866455,398.22965574264526,0.5090444087982178,0.6205456256866455,398.22965574264526
nc_papers100m_195trainer_0hop_balanced_local_bs512_800r,20260914_203749_ogbn-papers100M_FedAvg_bs512_seed42_beta10000p0,ogbn-papers100M,FedAvg,512,42,10000.0,618,validation,0.2992,2.9797,0.2992,2.9797,1854,0.11345648765563965,0.11345648765563965,0.5233731269836426,0.6368296146392822,398.86648535728455,0.5233731269836426,0.6368296146392822,398.86648535728455
nc_papers100m_195trainer_0hop_balanced_local_bs512_800r,20260914_203749_ogbn-papers100M_FedAvg_bs512_seed42_beta10000p0,ogbn-papers100M,FedAvg,512,42,10000.0,619,validation,0.2993,2.9789,0.2993,2.9789,1857,0.11043810844421387,0.11043810844421387,0.5310695171356201,0.641507625579834,399.5079929828644,0.5310695171356201,0.641507625579834,399.5079929828644
nc_papers100m_195trainer_0hop_balanced_local_bs512_800r,20260914_203749_ogbn-papers100M_FedAvg_bs512_seed42_beta10000p0,ogbn-papers100M,FedAvg,512,42,10000.0,620,validation,0.2994,2.9782,0.2994,2.9782,1860,0.11223196983337402,0.11223196983337402,0.5140206813812256,0.6262526512145996,400.134245634079,0.5140206813812256,0.6262526512145996,400.134245634079
nc_papers100m_195trainer_0hop_balanced_local_bs512_800r,20260914_203749_ogbn-papers100M_FedAvg_bs512_seed42_beta10000p0,ogbn-papers100M,FedAvg,512,42,10000.0,621,validation,0.2995,2.9775,0.2995,2.9775,1863,0.11238241195678711,0.11238241195678711,0.5234088897705078,0.6357913017272949,400.7700369358063,0.5234088897705078,0.6357913017272949,400.7700369358063
nc_papers100m_195trainer_0hop_balanced_local_bs512_800r,20260914_203749_ogbn-papers100M_FedAvg_bs512_seed42_beta10000p0,ogbn-papers100M,FedAvg,512,42,10000.0,622,validation,0.2996,2.9765,0.2996,2.9765,1866,0.1117091178894043,0.1117091178894043,0.5363790988922119,0.6480882167816162,401.4181251525879,0.5363790988922119,0.6480882167816162,401.4181251525879
nc_papers100m_195trainer_0hop_balanced_local_bs512_800r,20260914_203749_ogbn-papers100M_FedAvg_bs512_seed42_beta10000p0,ogbn-papers100M,FedAvg,512,42,10000.0,623,validation,0.2998,2.9757,0.2998,2.9757,1869,0.11040329933166504,0.11040329933166504,0.5214483737945557,0.6318516731262207,402.0499768257141,0.5214483737945557,0.6318516731262207,402.0499768257141
nc_papers100m_195trainer_0hop_balanced_local_bs512_800r,20260914_203749_ogbn-papers100M_FedAvg_bs512_seed42_beta10000p0,ogbn-papers100M,FedAvg,512,42,10000.0,624,validation,0.3002,2.9752,0.3002,2.9752,1872,0.11222124099731445,0.11222124099731445,0.5505239963531494,0.6627452373504639,402.7127220630646,0.5505239963531494,0.6627452373504639,402.7127220630646
nc_papers100m_195trainer_0hop_balanced_local_bs512_800r,20260914_203749_ogbn-papers100M_FedAvg_bs512_seed42_beta10000p0,ogbn-papers100M,FedAvg,512,42,10000.0,625,validation,0.3002,2.9743,0.3002,2.9743,1875,0.11368012428283691,0.11368012428283691,0.5291504859924316,0.6428306102752686,403.35555267333984,0.5291504859924316,0.6428306102752686,403.35555267333984
nc_papers100m_195trainer_0hop_balanced_local_bs512_800r,20260914_203749_ogbn-papers100M_FedAvg_bs512_seed42_beta10000p0,ogbn-papers100M,FedAvg,512,42,10000.0,626,validation,0.3003,2.9736,0.3003,2.9736,1878,0.11394262313842773,0.11394262313842773,0.5161972045898438,0.6301398277282715,403.9856925010681,0.5161972045898438,0.6301398277282715,403.9856925010681
nc_papers100m_195trainer_0hop_balanced_local_bs512_800r,20260914_203749_ogbn-papers100M_FedAvg_bs512_seed42_beta10000p0,ogbn-papers100M,FedAvg,512,42,10000.0,627,validation,0.3005,2.9726,0.3005,2.9726,1881,0.11218142509460449,0.11218142509460449,0.5083127021789551,0.6204941272735596,404.6061866283417,0.5083127021789551,0.6204941272735596,404.6061866283417
nc_papers100m_195trainer_0hop_balanced_local_bs512_800r,20260914_203749_ogbn-papers100M_FedAvg_bs512_seed42_beta10000p0,ogbn-papers100M,FedAvg,512,42,10000.0,628,validation,0.3006,2.972,0.3006,2.972,1884,0.11087942123413086,0.11087942123413086,0.5238463878631592,0.63472580909729,405.24091243743896,0.5238463878631592,0.63472580909729,405.24091243743896
nc_papers100m_195trainer_0hop_balanced_local_bs512_800r,20260914_203749_ogbn-papers100M_FedAvg_bs512_seed42_beta10000p0,ogbn-papers100M,FedAvg,512,42,10000.0,629,validation,0.3007,2.9711,0.3007,2.9711,1887,0.11130475997924805,0.11130475997924805,0.5223872661590576,0.6336920261383057,405.87460446357727,0.5223872661590576,0.6336920261383057,405.87460446357727
nc_papers100m_195trainer_0hop_balanced_local_bs512_800r,20260914_203749_ogbn-papers100M_FedAvg_bs512_seed42_beta10000p0,ogbn-papers100M,FedAvg,512,42,10000.0,630,validation,0.3006,2.9705,0.3006,2.9705,1890,0.1129908561706543,0.1129908561706543,0.5119423866271973,0.6249332427978516,406.4995377063751,0.5119423866271973,0.6249332427978516,406.4995377063751
nc_papers100m_195trainer_0hop_balanced_local_bs512_800r,20260914_203749_ogbn-papers100M_FedAvg_bs512_seed42_beta10000p0,ogbn-papers100M,FedAvg,512,42,10000.0,631,validation,0.3008,2.9697,0.3008,2.9697,1893,0.11292552947998047,0.11292552947998047,0.5164928436279297,0.6294183731079102,407.12895607948303,0.5164928436279297,0.6294183731079102,407.12895607948303
nc_papers100m_195trainer_0hop_balanced_local_bs512_800r,20260914_203749_ogbn-papers100M_FedAvg_bs512_seed42_beta10000p0,ogbn-papers100M,FedAvg,512,42,10000.0,632,validation,0.3011,2.9687,0.3011,2.9687,1896,0.11316823959350586,0.11316823959350586,0.5292754173278809,0.6424436569213867,407.7713997364044,0.5292754173278809,0.6424436569213867,407.7713997364044
nc_papers100m_195trainer_0hop_balanced_local_bs512_800r,20260914_203749_ogbn-papers100M_FedAvg_bs512_seed42_beta10000p0,ogbn-papers100M,FedAvg,512,42,10000.0,633,validation,0.3013,2.9679,0.3013,2.9679,1899,0.1138005256652832,0.1138005256652832,0.5075325965881348,0.621333122253418,408.39273285865784,0.5075325965881348,0.621333122253418,408.39273285865784
nc_papers100m_195trainer_0hop_balanced_local_bs512_800r,20260914_203749_ogbn-papers100M_FedAvg_bs512_seed42_beta10000p0,ogbn-papers100M,FedAvg,512,42,10000.0,634,validation,0.3014,2.9672,0.3014,2.9672,1902,0.11360669136047363,0.11360669136047363,0.5087954998016357,0.6224021911621094,409.01513504981995,0.5087954998016357,0.6224021911621094,409.01513504981995
nc_papers100m_195trainer_0hop_balanced_local_bs512_800r,20260914_203749_ogbn-papers100M_FedAvg_bs512_seed42_beta10000p0,ogbn-papers100M,FedAvg,512,42,10000.0,635,validation,0.3015,2.9663,0.3015,2.9663,1905,0.11543512344360352,0.11543512344360352,0.5340371131896973,0.6494722366333008,409.66460728645325,0.5340371131896973,0.6494722366333008,409.66460728645325
nc_papers100m_195trainer_0hop_balanced_local_bs512_800r,20260914_203749_ogbn-papers100M_FedAvg_bs512_seed42_beta10000p0,ogbn-papers100M,FedAvg,512,42,10000.0,636,validation,0.3014,2.9657,0.3014,2.9657,1908,0.11170768737792969,0.11170768737792969,0.5162842273712158,0.6279919147491455,410.2925992012024,0.5162842273712158,0.6279919147491455,410.2925992012024
nc_papers100m_195trainer_0hop_balanced_local_bs512_800r,20260914_203749_ogbn-papers100M_FedAvg_bs512_seed42_beta10000p0,ogbn-papers100M,FedAvg,512,42,10000.0,637,validation,0.3016,2.9649,0.3016,2.9649,1911,0.1133432388305664,0.1133432388305664,0.514021635055542,0.6273648738861084,410.9199640750885,0.514021635055542,0.6273648738861084,410.9199640750885
nc_papers100m_195trainer_0hop_balanced_local_bs512_800r,20260914_203749_ogbn-papers100M_FedAvg_bs512_seed42_beta10000p0,ogbn-papers100M,FedAvg,512,42,10000.0,638,validation,0.3018,2.964,0.3018,2.964,1914,0.11389994621276855,0.11389994621276855,0.5720601081848145,0.685960054397583,411.6059241294861,0.5720601081848145,0.685960054397583,411.6059241294861
nc_papers100m_195trainer_0hop_balanced_local_bs512_800r,20260914_203749_ogbn-papers100M_FedAvg_bs512_seed42_beta10000p0,ogbn-papers100M,FedAvg,512,42,10000.0,639,validation,0.302,2.9634,0.302,2.9634,1917,0.11282157897949219,0.11282157897949219,0.5259840488433838,0.638805627822876,412.24472975730896,0.5259840488433838,0.638805627822876,412.24472975730896
nc_papers100m_195trainer_0hop_balanced_local_bs512_800r,20260914_203749_ogbn-papers100M_FedAvg_bs512_seed42_beta10000p0,ogbn-papers100M,FedAvg,512,42,10000.0,640,validation,0.3021,2.9625,0.3021,2.9625,1920,0.11275768280029297,0.11275768280029297,0.5149068832397461,0.6276645660400391,412.872394323349,0.5149068832397461,0.6276645660400391,412.872394323349
nc_papers100m_195trainer_0hop_balanced_local_bs512_800r,20260914_203749_ogbn-papers100M_FedAvg_bs512_seed42_beta10000p0,ogbn-papers100M,FedAvg,512,42,10000.0,641,validation,0.3024,2.9618,0.3024,2.9618,1923,0.11632299423217773,0.11632299423217773,0.5179576873779297,0.6342806816101074,413.5066750049591,0.5179576873779297,0.6342806816101074,413.5066750049591
nc_papers100m_195trainer_0hop_balanced_local_bs512_800r,20260914_203749_ogbn-papers100M_FedAvg_bs512_seed42_beta10000p0,ogbn-papers100M,FedAvg,512,42,10000.0,642,validation,0.3024,2.961,0.3024,2.961,1926,0.11293244361877441,0.11293244361877441,0.5250670909881592,0.6379995346069336,414.14467453956604,0.5250670909881592,0.6379995346069336,414.14467453956604
nc_papers100m_195trainer_0hop_balanced_local_bs512_800r,20260914_203749_ogbn-papers100M_FedAvg_bs512_seed42_beta10000p0,ogbn-papers100M,FedAvg,512,42,10000.0,643,validation,0.3024,2.9602,0.3024,2.9602,1929,0.11268353462219238,0.11268353462219238,0.515681266784668,0.6283648014068604,414.7730393409729,0.515681266784668,0.6283648014068604,414.7730393409729
nc_papers100m_195trainer_0hop_balanced_local_bs512_800r,20260914_203749_ogbn-papers100M_FedAvg_bs512_seed42_beta10000p0,ogbn-papers100M,FedAvg,512,42,10000.0,644,validation,0.3025,2.9595,0.3025,2.9595,1932,0.11509871482849121,0.11509871482849121,0.5194265842437744,0.6345252990722656,415.40756464004517,0.5194265842437744,0.6345252990722656,415.40756464004517
nc_papers100m_195trainer_0hop_balanced_local_bs512_800r,20260914_203749_ogbn-papers100M_FedAvg_bs512_seed42_beta10000p0,ogbn-papers100M,FedAvg,512,42,10000.0,645,validation,0.3028,2.9584,0.3028,2.9584,1935,0.11426401138305664,0.11426401138305664,0.5228092670440674,0.637073278427124,416.0446379184723,0.5228092670440674,0.637073278427124,416.0446379184723
nc_papers100m_195trainer_0hop_balanced_local_bs512_800r,20260914_203749_ogbn-papers100M_FedAvg_bs512_seed42_beta10000p0,ogbn-papers100M,FedAvg,512,42,10000.0,646,validation,0.303,2.9575,0.303,2.9575,1938,0.11305069923400879,0.11305069923400879,0.5148274898529053,0.6278781890869141,416.6725161075592,0.5148274898529053,0.6278781890869141,416.6725161075592
nc_papers100m_195trainer_0hop_balanced_local_bs512_800r,20260914_203749_ogbn-papers100M_FedAvg_bs512_seed42_beta10000p0,ogbn-papers100M,FedAvg,512,42,10000.0,647,validation,0.3032,2.9571,0.3032,2.9571,1941,0.11772871017456055,0.11772871017456055,0.5171723365783691,0.6349010467529297,417.30741715431213,0.5171723365783691,0.6349010467529297,417.30741715431213
nc_papers100m_195trainer_0hop_balanced_local_bs512_800r,20260914_203749_ogbn-papers100M_FedAvg_bs512_seed42_beta10000p0,ogbn-papers100M,FedAvg,512,42,10000.0,648,validation,0.3032,2.9563,0.3032,2.9563,1944,0.11694216728210449,0.11694216728210449,0.5318484306335449,0.6487905979156494,417.9562077522278,0.5318484306335449,0.6487905979156494,417.9562077522278
nc_papers100m_195trainer_0hop_balanced_local_bs512_800r,20260914_203749_ogbn-papers100M_FedAvg_bs512_seed42_beta10000p0,ogbn-papers100M,FedAvg,512,42,10000.0,649,validation,0.3032,2.9553,0.3032,2.9553,1947,0.11428952217102051,0.11428952217102051,0.5168313980102539,0.6311209201812744,418.58732867240906,0.5168313980102539,0.6311209201812744,418.58732867240906
nc_papers100m_195trainer_0hop_balanced_local_bs512_800r,20260914_203749_ogbn-papers100M_FedAvg_bs512_seed42_beta10000p0,ogbn-papers100M,FedAvg,512,42,10000.0,650,validation,0.3035,2.9546,0.3035,2.9546,1950,0.11415457725524902,0.11415457725524902,0.5132999420166016,0.6274545192718506,419.2147831916809,0.5132999420166016,0.6274545192718506,419.2147831916809
nc_papers100m_195trainer_0hop_balanced_local_bs512_800r,20260914_203749_ogbn-papers100M_FedAvg_bs512_seed42_beta10000p0,ogbn-papers100M,FedAvg,512,42,10000.0,651,validation,0.3036,2.9539,0.3036,2.9539,1953,0.11240768432617188,0.11240768432617188,0.5251717567443848,0.6375794410705566,419.85236263275146,0.5251717567443848,0.6375794410705566,419.85236263275146
nc_papers100m_195trainer_0hop_balanced_local_bs512_800r,20260914_203749_ogbn-papers100M_FedAvg_bs512_seed42_beta10000p0,ogbn-papers100M,FedAvg,512,42,10000.0,652,validation,0.3038,2.9532,0.3038,2.9532,1956,0.11200499534606934,0.11200499534606934,0.5453546047210693,0.6573596000671387,420.5097222328186,0.5453546047210693,0.6573596000671387,420.5097222328186
nc_papers100m_195trainer_0hop_balanced_local_bs512_800r,20260914_203749_ogbn-papers100M_FedAvg_bs512_seed42_beta10000p0,ogbn-papers100M,FedAvg,512,42,10000.0,653,validation,0.3038,2.9527,0.3038,2.9527,1959,0.11368656158447266,0.11368656158447266,0.5187695026397705,0.6324560642242432,421.14217829704285,0.5187695026397705,0.6324560642242432,421.14217829704285
nc_papers100m_195trainer_0hop_balanced_local_bs512_800r,20260914_203749_ogbn-papers100M_FedAvg_bs512_seed42_beta10000p0,ogbn-papers100M,FedAvg,512,42,10000.0,654,validation,0.304,2.9519,0.304,2.9519,1962,0.11303544044494629,0.11303544044494629,0.5211336612701416,0.6341691017150879,421.77634739875793,0.5211336612701416,0.6341691017150879,421.77634739875793
nc_papers100m_195trainer_0hop_balanced_local_bs512_800r,20260914_203749_ogbn-papers100M_FedAvg_bs512_seed42_beta10000p0,ogbn-papers100M,FedAvg,512,42,10000.0,655,validation,0.3041,2.9512,0.3041,2.9512,1965,0.11110329627990723,0.11110329627990723,0.516746997833252,0.6278502941131592,422.4041976928711,0.516746997833252,0.6278502941131592,422.4041976928711
nc_papers100m_195trainer_0hop_balanced_local_bs512_800r,20260914_203749_ogbn-papers100M_FedAvg_bs512_seed42_beta10000p0,ogbn-papers100M,FedAvg,512,42,10000.0,656,validation,0.3043,2.9504,0.3043,2.9504,1968,0.110931396484375,0.110931396484375,0.5150916576385498,0.6260230541229248,423.030220746994,0.5150916576385498,0.6260230541229248,423.030220746994
nc_papers100m_195trainer_0hop_balanced_local_bs512_800r,20260914_203749_ogbn-papers100M_FedAvg_bs512_seed42_beta10000p0,ogbn-papers100M,FedAvg,512,42,10000.0,657,validation,0.3044,2.9495,0.3044,2.9495,1971,0.11099958419799805,0.11099958419799805,0.5274312496185303,0.6384308338165283,423.66865158081055,0.5274312496185303,0.6384308338165283,423.66865158081055
nc_papers100m_195trainer_0hop_balanced_local_bs512_800r,20260914_203749_ogbn-papers100M_FedAvg_bs512_seed42_beta10000p0,ogbn-papers100M,FedAvg,512,42,10000.0,658,validation,0.3044,2.949,0.3044,2.949,1974,0.11793351173400879,0.11793351173400879,0.5184824466705322,0.636415958404541,424.3050675392151,0.5184824466705322,0.636415958404541,424.3050675392151
nc_papers100m_195trainer_0hop_balanced_local_bs512_800r,20260914_203749_ogbn-papers100M_FedAvg_bs512_seed42_beta10000p0,ogbn-papers100M,FedAvg,512,42,10000.0,659,validation,0.3045,2.9482,0.3045,2.9482,1977,0.11542129516601562,0.11542129516601562,0.5146024227142334,0.630023717880249,424.93509125709534,0.5146024227142334,0.630023717880249,424.93509125709534
nc_papers100m_195trainer_0hop_balanced_local_bs512_800r,20260914_203749_ogbn-papers100M_FedAvg_bs512_seed42_beta10000p0,ogbn-papers100M,FedAvg,512,42,10000.0,660,validation,0.3045,2.9474,0.3045,2.9474,1980,0.1157529354095459,0.1157529354095459,0.5335819721221924,0.6493349075317383,425.5844261646271,0.5335819721221924,0.6493349075317383,425.5844261646271
nc_papers100m_195trainer_0hop_balanced_local_bs512_800r,20260914_203749_ogbn-papers100M_FedAvg_bs512_seed42_beta10000p0,ogbn-papers100M,FedAvg,512,42,10000.0,661,validation,0.3049,2.9464,0.3049,2.9464,1983,0.11416077613830566,0.11416077613830566,0.5266010761260986,0.6407618522644043,426.2251880168915,0.5266010761260986,0.6407618522644043,426.2251880168915
nc_papers100m_195trainer_0hop_balanced_local_bs512_800r,20260914_203749_ogbn-papers100M_FedAvg_bs512_seed42_beta10000p0,ogbn-papers100M,FedAvg,512,42,10000.0,662,validation,0.3051,2.946,0.3051,2.946,1986,0.11426901817321777,0.11426901817321777,0.512598991394043,0.6268680095672607,426.85205602645874,0.512598991394043,0.6268680095672607,426.85205602645874
nc_papers100m_195trainer_0hop_balanced_local_bs512_800r,20260914_203749_ogbn-papers100M_FedAvg_bs512_seed42_beta10000p0,ogbn-papers100M,FedAvg,512,42,10000.0,663,validation,0.305,2.9454,0.305,2.9454,1989,0.11746668815612793,0.11746668815612793,0.5150620937347412,0.6325287818908691,427.4845848083496,0.5150620937347412,0.6325287818908691,427.4845848083496
nc_papers100m_195trainer_0hop_balanced_local_bs512_800r,20260914_203749_ogbn-papers100M_FedAvg_bs512_seed42_beta10000p0,ogbn-papers100M,FedAvg,512,42,10000.0,664,validation,0.3051,2.9445,0.3051,2.9445,1992,0.11469459533691406,0.11469459533691406,0.5217981338500977,0.6364927291870117,428.1210775375366,0.5217981338500977,0.6364927291870117,428.1210775375366
nc_papers100m_195trainer_0hop_balanced_local_bs512_800r,20260914_203749_ogbn-papers100M_FedAvg_bs512_seed42_beta10000p0,ogbn-papers100M,FedAvg,512,42,10000.0,665,validation,0.3052,2.9439,0.3052,2.9439,1995,0.11628866195678711,0.11628866195678711,0.518207311630249,0.6344959735870361,428.75557351112366,0.518207311630249,0.6344959735870361,428.75557351112366
nc_papers100m_195trainer_0hop_balanced_local_bs512_800r,20260914_203749_ogbn-papers100M_FedAvg_bs512_seed42_beta10000p0,ogbn-papers100M,FedAvg,512,42,10000.0,666,validation,0.3053,2.9431,0.3053,2.9431,1998,0.1164546012878418,0.1164546012878418,0.5283761024475098,0.6448307037353516,429.400404214859,0.5283761024475098,0.6448307037353516,429.400404214859
nc_papers100m_195trainer_0hop_balanced_local_bs512_800r,20260914_203749_ogbn-papers100M_FedAvg_bs512_seed42_beta10000p0,ogbn-papers100M,FedAvg,512,42,10000.0,667,validation,0.3056,2.9424,0.3056,2.9424,2001,0.11574697494506836,0.11574697494506836,0.5341861248016357,0.6499330997467041,430.0503373146057,0.5341861248016357,0.6499330997467041,430.0503373146057
nc_papers100m_195trainer_0hop_balanced_local_bs512_800r,20260914_203749_ogbn-papers100M_FedAvg_bs512_seed42_beta10000p0,ogbn-papers100M,FedAvg,512,42,10000.0,668,validation,0.3058,2.9418,0.3058,2.9418,2004,0.1115274429321289,0.1115274429321289,0.5173170566558838,0.6288444995880127,430.6791818141937,0.5173170566558838,0.6288444995880127,430.6791818141937
nc_papers100m_195trainer_0hop_balanced_local_bs512_800r,20260914_203749_ogbn-papers100M_FedAvg_bs512_seed42_beta10000p0,ogbn-papers100M,FedAvg,512,42,10000.0,669,validation,0.3059,2.9412,0.3059,2.9412,2007,0.11171650886535645,0.11171650886535645,0.5190010070800781,0.6307175159454346,431.30989933013916,0.5190010070800781,0.6307175159454346,431.30989933013916
nc_papers100m_195trainer_0hop_balanced_local_bs512_800r,20260914_203749_ogbn-papers100M_FedAvg_bs512_seed42_beta10000p0,ogbn-papers100M,FedAvg,512,42,10000.0,670,validation,0.3059,2.9404,0.3059,2.9404,2010,0.11351490020751953,0.11351490020751953,0.5332522392272949,0.6467671394348145,431.956666469574,0.5332522392272949,0.6467671394348145,431.956666469574
nc_papers100m_195trainer_0hop_balanced_local_bs512_800r,20260914_203749_ogbn-papers100M_FedAvg_bs512_seed42_beta10000p0,ogbn-papers100M,FedAvg,512,42,10000.0,671,validation,0.306,2.9394,0.306,2.9394,2013,0.11489582061767578,0.11489582061767578,0.5146288871765137,0.6295247077941895,432.58619117736816,0.5146288871765137,0.6295247077941895,432.58619117736816
nc_papers100m_195trainer_0hop_balanced_local_bs512_800r,20260914_203749_ogbn-papers100M_FedAvg_bs512_seed42_beta10000p0,ogbn-papers100M,FedAvg,512,42,10000.0,672,validation,0.306,2.9387,0.306,2.9387,2016,0.11685895919799805,0.11685895919799805,0.517258882522583,0.634117841720581,433.22030901908875,0.517258882522583,0.634117841720581,433.22030901908875
nc_papers100m_195trainer_0hop_balanced_local_bs512_800r,20260914_203749_ogbn-papers100M_FedAvg_bs512_seed42_beta10000p0,ogbn-papers100M,FedAvg,512,42,10000.0,673,validation,0.3061,2.9379,0.3061,2.9379,2019,0.11185026168823242,0.11185026168823242,0.5206971168518066,0.6325473785400391,433.8528563976288,0.5206971168518066,0.6325473785400391,433.8528563976288
nc_papers100m_195trainer_0hop_balanced_local_bs512_800r,20260914_203749_ogbn-papers100M_FedAvg_bs512_seed42_beta10000p0,ogbn-papers100M,FedAvg,512,42,10000.0,674,validation,0.3061,2.9371,0.3061,2.9371,2022,0.1130533218383789,0.1130533218383789,0.5212152004241943,0.6342685222625732,434.48712491989136,0.5212152004241943,0.6342685222625732,434.48712491989136
nc_papers100m_195trainer_0hop_balanced_local_bs512_800r,20260914_203749_ogbn-papers100M_FedAvg_bs512_seed42_beta10000p0,ogbn-papers100M,FedAvg,512,42,10000.0,675,validation,0.3065,2.9364,0.3065,2.9364,2025,0.1129763126373291,0.1129763126373291,0.521054744720459,0.6340310573577881,435.12115597724915,0.521054744720459,0.6340310573577881,435.12115597724915
nc_papers100m_195trainer_0hop_balanced_local_bs512_800r,20260914_203749_ogbn-papers100M_FedAvg_bs512_seed42_beta10000p0,ogbn-papers100M,FedAvg,512,42,10000.0,676,validation,0.3063,2.9358,0.3063,2.9358,2028,0.11261630058288574,0.11261630058288574,0.5138216018676758,0.6264379024505615,435.7475938796997,0.5138216018676758,0.6264379024505615,435.7475938796997
nc_papers100m_195trainer_0hop_balanced_local_bs512_800r,20260914_203749_ogbn-papers100M_FedAvg_bs512_seed42_beta10000p0,ogbn-papers100M,FedAvg,512,42,10000.0,677,validation,0.3064,2.9351,0.3064,2.9351,2031,0.1123802661895752,0.1123802661895752,0.5144684314727783,0.6268486976623535,436.37444257736206,0.5144684314727783,0.6268486976623535,436.37444257736206
nc_papers100m_195trainer_0hop_balanced_local_bs512_800r,20260914_203749_ogbn-papers100M_FedAvg_bs512_seed42_beta10000p0,ogbn-papers100M,FedAvg,512,42,10000.0,678,validation,0.3067,2.9343,0.3067,2.9343,2034,0.11217474937438965,0.11217474937438965,0.5171682834625244,0.6293430328369141,437.003785610199,0.5171682834625244,0.6293430328369141,437.003785610199
nc_papers100m_195trainer_0hop_balanced_local_bs512_800r,20260914_203749_ogbn-papers100M_FedAvg_bs512_seed42_beta10000p0,ogbn-papers100M,FedAvg,512,42,10000.0,679,validation,0.3068,2.9335,0.3068,2.9335,2037,0.11047196388244629,0.11047196388244629,0.5268113613128662,0.6372833251953125,437.6410689353943,0.5268113613128662,0.6372833251953125,437.6410689353943
nc_papers100m_195trainer_0hop_balanced_local_bs512_800r,20260914_203749_ogbn-papers100M_FedAvg_bs512_seed42_beta10000p0,ogbn-papers100M,FedAvg,512,42,10000.0,680,validation,0.3069,2.9328,0.3069,2.9328,2040,0.10990571975708008,0.10990571975708008,0.5144591331481934,0.6243648529052734,438.26543378829956,0.5144591331481934,0.6243648529052734,438.26543378829956
nc_papers100m_195trainer_0hop_balanced_local_bs512_800r,20260914_203749_ogbn-papers100M_FedAvg_bs512_seed42_beta10000p0,ogbn-papers100M,FedAvg,512,42,10000.0,681,validation,0.3071,2.932,0.3071,2.932,2043,0.11214447021484375,0.11214447021484375,0.5320367813110352,0.6441812515258789,438.90961503982544,0.5320367813110352,0.6441812515258789,438.90961503982544
nc_papers100m_195trainer_0hop_balanced_local_bs512_800r,20260914_203749_ogbn-papers100M_FedAvg_bs512_seed42_beta10000p0,ogbn-papers100M,FedAvg,512,42,10000.0,682,validation,0.3072,2.9312,0.3072,2.9312,2046,0.11518073081970215,0.11518073081970215,0.5145800113677979,0.6297607421875,439.53937578201294,0.5145800113677979,0.6297607421875,439.53937578201294
nc_papers100m_195trainer_0hop_balanced_local_bs512_800r,20260914_203749_ogbn-papers100M_FedAvg_bs512_seed42_beta10000p0,ogbn-papers100M,FedAvg,512,42,10000.0,683,validation,0.3074,2.9307,0.3074,2.9307,2049,0.11054205894470215,0.11054205894470215,0.5224571228027344,0.6329991817474365,440.1723749637604,0.5224571228027344,0.6329991817474365,440.1723749637604
nc_papers100m_195trainer_0hop_balanced_local_bs512_800r,20260914_203749_ogbn-papers100M_FedAvg_bs512_seed42_beta10000p0,ogbn-papers100M,FedAvg,512,42,10000.0,684,validation,0.3075,2.9299,0.3075,2.9299,2052,0.11080527305603027,0.11080527305603027,0.5157780647277832,0.6265833377838135,440.7989583015442,0.5157780647277832,0.6265833377838135,440.7989583015442
nc_papers100m_195trainer_0hop_balanced_local_bs512_800r,20260914_203749_ogbn-papers100M_FedAvg_bs512_seed42_beta10000p0,ogbn-papers100M,FedAvg,512,42,10000.0,685,validation,0.3076,2.929,0.3076,2.929,2055,0.11165308952331543,0.11165308952331543,0.5149617195129395,0.6266148090362549,441.42557311058044,0.5149617195129395,0.6266148090362549,441.42557311058044
nc_papers100m_195trainer_0hop_balanced_local_bs512_800r,20260914_203749_ogbn-papers100M_FedAvg_bs512_seed42_beta10000p0,ogbn-papers100M,FedAvg,512,42,10000.0,686,validation,0.3076,2.9284,0.3076,2.9284,2058,0.11415791511535645,0.11415791511535645,0.5257253646850586,0.639883279800415,442.06545639038086,0.5257253646850586,0.639883279800415,442.06545639038086
nc_papers100m_195trainer_0hop_balanced_local_bs512_800r,20260914_203749_ogbn-papers100M_FedAvg_bs512_seed42_beta10000p0,ogbn-papers100M,FedAvg,512,42,10000.0,687,validation,0.3079,2.9278,0.3079,2.9278,2061,0.11024975776672363,0.11024975776672363,0.5113255977630615,0.6215753555297852,442.68703174591064,0.5113255977630615,0.6215753555297852,442.68703174591064
nc_papers100m_195trainer_0hop_balanced_local_bs512_800r,20260914_203749_ogbn-papers100M_FedAvg_bs512_seed42_beta10000p0,ogbn-papers100M,FedAvg,512,42,10000.0,688,validation,0.3081,2.9271,0.3081,2.9271,2064,0.11204075813293457,0.11204075813293457,0.5166521072387695,0.6286928653717041,443.31572461128235,0.5166521072387695,0.6286928653717041,443.31572461128235
nc_papers100m_195trainer_0hop_balanced_local_bs512_800r,20260914_203749_ogbn-papers100M_FedAvg_bs512_seed42_beta10000p0,ogbn-papers100M,FedAvg,512,42,10000.0,689,validation,0.3081,2.9263,0.3081,2.9263,2067,0.11155033111572266,0.11155033111572266,0.5198864936828613,0.631436824798584,443.94716143608093,0.5198864936828613,0.631436824798584,443.94716143608093
nc_papers100m_195trainer_0hop_balanced_local_bs512_800r,20260914_203749_ogbn-papers100M_FedAvg_bs512_seed42_beta10000p0,ogbn-papers100M,FedAvg,512,42,10000.0,690,validation,0.3082,2.9257,0.3082,2.9257,2070,0.11618256568908691,0.11618256568908691,0.5103397369384766,0.6265223026275635,444.5736837387085,0.5103397369384766,0.6265223026275635,444.5736837387085
nc_papers100m_195trainer_0hop_balanced_local_bs512_800r,20260914_203749_ogbn-papers100M_FedAvg_bs512_seed42_beta10000p0,ogbn-papers100M,FedAvg,512,42,10000.0,691,validation,0.3081,2.9251,0.3081,2.9251,2073,0.11251449584960938,0.11251449584960938,0.5164244174957275,0.6289389133453369,445.20262265205383,0.5164244174957275,0.6289389133453369,445.20262265205383
nc_papers100m_195trainer_0hop_balanced_local_bs512_800r,20260914_203749_ogbn-papers100M_FedAvg_bs512_seed42_beta10000p0,ogbn-papers100M,FedAvg,512,42,10000.0,692,validation,0.3083,2.9241,0.3083,2.9241,2076,0.11131739616394043,0.11131739616394043,0.5312356948852539,0.6425530910491943,445.845175743103,0.5312356948852539,0.6425530910491943,445.845175743103
nc_papers100m_195trainer_0hop_balanced_local_bs512_800r,20260914_203749_ogbn-papers100M_FedAvg_bs512_seed42_beta10000p0,ogbn-papers100M,FedAvg,512,42,10000.0,693,validation,0.3085,2.9234,0.3085,2.9234,2079,0.11173009872436523,0.11173009872436523,0.5253303050994873,0.6370604038238525,446.4822361469269,0.5253303050994873,0.6370604038238525,446.4822361469269
nc_papers100m_195trainer_0hop_balanced_local_bs512_800r,20260914_203749_ogbn-papers100M_FedAvg_bs512_seed42_beta10000p0,ogbn-papers100M,FedAvg,512,42,10000.0,694,validation,0.3088,2.9228,0.3088,2.9228,2082,0.11148834228515625,0.11148834228515625,0.5161631107330322,0.6276514530181885,447.10988759994507,0.5161631107330322,0.6276514530181885,447.10988759994507
nc_papers100m_195trainer_0hop_balanced_local_bs512_800r,20260914_203749_ogbn-papers100M_FedAvg_bs512_seed42_beta10000p0,ogbn-papers100M,FedAvg,512,42,10000.0,695,validation,0.3088,2.9218,0.3088,2.9218,2085,0.11257624626159668,0.11257624626159668,0.5485432147979736,0.6611194610595703,447.77100706100464,0.5485432147979736,0.6611194610595703,447.77100706100464
nc_papers100m_195trainer_0hop_balanced_local_bs512_800r,20260914_203749_ogbn-papers100M_FedAvg_bs512_seed42_beta10000p0,ogbn-papers100M,FedAvg,512,42,10000.0,696,validation,0.309,2.921,0.309,2.921,2088,0.11295700073242188,0.11295700073242188,0.5195491313934326,0.6325061321258545,448.4035131931305,0.5195491313934326,0.6325061321258545,448.4035131931305
nc_papers100m_195trainer_0hop_balanced_local_bs512_800r,20260914_203749_ogbn-papers100M_FedAvg_bs512_seed42_beta10000p0,ogbn-papers100M,FedAvg,512,42,10000.0,697,validation,0.3089,2.9206,0.3089,2.9206,2091,0.11318302154541016,0.11318302154541016,0.5076487064361572,0.6208317279815674,449.02434492111206,0.5076487064361572,0.6208317279815674,449.02434492111206
nc_papers100m_195trainer_0hop_balanced_local_bs512_800r,20260914_203749_ogbn-papers100M_FedAvg_bs512_seed42_beta10000p0,ogbn-papers100M,FedAvg,512,42,10000.0,698,validation,0.3089,2.9201,0.3089,2.9201,2094,0.11285066604614258,0.11285066604614258,0.5317869186401367,0.6446375846862793,449.66898250579834,0.5317869186401367,0.6446375846862793,449.66898250579834
nc_papers100m_195trainer_0hop_balanced_local_bs512_800r,20260914_203749_ogbn-papers100M_FedAvg_bs512_seed42_beta10000p0,ogbn-papers100M,FedAvg,512,42,10000.0,699,validation,0.3091,2.9197,0.3091,2.9197,2097,0.11091327667236328,0.11091327667236328,0.5266580581665039,0.6375713348388672,450.3065538406372,0.5266580581665039,0.6375713348388672,450.3065538406372
nc_papers100m_195trainer_0hop_balanced_local_bs512_800r,20260914_203749_ogbn-papers100M_FedAvg_bs512_seed42_beta10000p0,ogbn-papers100M,FedAvg,512,42,10000.0,700,validation,0.3094,2.919,0.3094,2.919,2100,0.11266183853149414,0.11266183853149414,0.5152480602264404,0.6279098987579346,450.93446373939514,0.5152480602264404,0.6279098987579346,450.93446373939514
nc_papers100m_195trainer_0hop_balanced_local_bs512_800r,20260914_203749_ogbn-papers100M_FedAvg_bs512_seed42_beta10000p0,ogbn-papers100M,FedAvg,512,42,10000.0,701,validation,0.3095,2.918,0.3095,2.918,2103,0.1165318489074707,0.1165318489074707,0.5122795104980469,0.6288113594055176,451.56327509880066,0.5122795104980469,0.6288113594055176,451.56327509880066
nc_papers100m_195trainer_0hop_balanced_local_bs512_800r,20260914_203749_ogbn-papers100M_FedAvg_bs512_seed42_beta10000p0,ogbn-papers100M,FedAvg,512,42,10000.0,702,validation,0.3095,2.9172,0.3095,2.9172,2106,0.11244773864746094,0.11244773864746094,0.5202457904815674,0.6326935291290283,452.1959686279297,0.5202457904815674,0.6326935291290283,452.1959686279297
nc_papers100m_195trainer_0hop_balanced_local_bs512_800r,20260914_203749_ogbn-papers100M_FedAvg_bs512_seed42_beta10000p0,ogbn-papers100M,FedAvg,512,42,10000.0,703,validation,0.3095,2.9165,0.3095,2.9165,2109,0.1193244457244873,0.1193244457244873,0.5194718837738037,0.638796329498291,452.834764957428,0.5194718837738037,0.638796329498291,452.834764957428
nc_papers100m_195trainer_0hop_balanced_local_bs512_800r,20260914_203749_ogbn-papers100M_FedAvg_bs512_seed42_beta10000p0,ogbn-papers100M,FedAvg,512,42,10000.0,704,validation,0.3095,2.916,0.3095,2.916,2112,0.11277008056640625,0.11277008056640625,0.5161664485931396,0.6289365291595459,453.4637014865875,0.5161664485931396,0.6289365291595459,453.4637014865875
nc_papers100m_195trainer_0hop_balanced_local_bs512_800r,20260914_203749_ogbn-papers100M_FedAvg_bs512_seed42_beta10000p0,ogbn-papers100M,FedAvg,512,42,10000.0,705,validation,0.3096,2.9155,0.3096,2.9155,2115,0.11254286766052246,0.11254286766052246,0.5237636566162109,0.6363065242767334,454.10000801086426,0.5237636566162109,0.6363065242767334,454.10000801086426
nc_papers100m_195trainer_0hop_balanced_local_bs512_800r,20260914_203749_ogbn-papers100M_FedAvg_bs512_seed42_beta10000p0,ogbn-papers100M,FedAvg,512,42,10000.0,706,validation,0.3097,2.9148,0.3097,2.9148,2118,0.1117246150970459,0.1117246150970459,0.5180990695953369,0.6298236846923828,454.72983169555664,0.5180990695953369,0.6298236846923828,454.72983169555664
nc_papers100m_195trainer_0hop_balanced_local_bs512_800r,20260914_203749_ogbn-papers100M_FedAvg_bs512_seed42_beta10000p0,ogbn-papers100M,FedAvg,512,42,10000.0,707,validation,0.3099,2.9142,0.3099,2.9142,2121,0.11058473587036133,0.11058473587036133,0.5070986747741699,0.6176834106445312,455.3475151062012,0.5070986747741699,0.6176834106445312,455.3475151062012
nc_papers100m_195trainer_0hop_balanced_local_bs512_800r,20260914_203749_ogbn-papers100M_FedAvg_bs512_seed42_beta10000p0,ogbn-papers100M,FedAvg,512,42,10000.0,708,validation,0.3101,2.9134,0.3101,2.9134,2124,0.11404085159301758,0.11404085159301758,0.5259842872619629,0.6400251388549805,455.98754024505615,0.5259842872619629,0.6400251388549805,455.98754024505615
nc_papers100m_195trainer_0hop_balanced_local_bs512_800r,20260914_203749_ogbn-papers100M_FedAvg_bs512_seed42_beta10000p0,ogbn-papers100M,FedAvg,512,42,10000.0,709,validation,0.3105,2.9128,0.3105,2.9128,2127,0.11118197441101074,0.11118197441101074,0.5196316242218018,0.6308135986328125,456.61835384368896,0.5196316242218018,0.6308135986328125,456.61835384368896
nc_papers100m_195trainer_0hop_balanced_local_bs512_800r,20260914_203749_ogbn-papers100M_FedAvg_bs512_seed42_beta10000p0,ogbn-papers100M,FedAvg,512,42,10000.0,710,validation,0.3104,2.9121,0.3104,2.9121,2130,0.11022067070007324,0.11022067070007324,0.5371208190917969,0.6473414897918701,457.26569533348083,0.5371208190917969,0.6473414897918701,457.26569533348083
nc_papers100m_195trainer_0hop_balanced_local_bs512_800r,20260914_203749_ogbn-papers100M_FedAvg_bs512_seed42_beta10000p0,ogbn-papers100M,FedAvg,512,42,10000.0,711,validation,0.3105,2.9115,0.3105,2.9115,2133,0.11304759979248047,0.11304759979248047,0.5273561477661133,0.6404037475585938,457.90609908103943,0.5273561477661133,0.6404037475585938,457.90609908103943
nc_papers100m_195trainer_0hop_balanced_local_bs512_800r,20260914_203749_ogbn-papers100M_FedAvg_bs512_seed42_beta10000p0,ogbn-papers100M,FedAvg,512,42,10000.0,712,validation,0.3104,2.9111,0.3104,2.9111,2136,0.11529970169067383,0.11529970169067383,0.5205843448638916,0.6358840465545654,458.541983127594,0.5205843448638916,0.6358840465545654,458.541983127594
nc_papers100m_195trainer_0hop_balanced_local_bs512_800r,20260914_203749_ogbn-papers100M_FedAvg_bs512_seed42_beta10000p0,ogbn-papers100M,FedAvg,512,42,10000.0,713,validation,0.3106,2.9101,0.3106,2.9101,2139,0.11359238624572754,0.11359238624572754,0.5182404518127441,0.6318328380584717,459.17381596565247,0.5182404518127441,0.6318328380584717,459.17381596565247
nc_papers100m_195trainer_0hop_balanced_local_bs512_800r,20260914_203749_ogbn-papers100M_FedAvg_bs512_seed42_beta10000p0,ogbn-papers100M,FedAvg,512,42,10000.0,714,validation,0.3108,2.9094,0.3108,2.9094,2142,0.11356210708618164,0.11356210708618164,0.5328145027160645,0.6463766098022461,459.8201925754547,0.5328145027160645,0.6463766098022461,459.8201925754547
nc_papers100m_195trainer_0hop_balanced_local_bs512_800r,20260914_203749_ogbn-papers100M_FedAvg_bs512_seed42_beta10000p0,ogbn-papers100M,FedAvg,512,42,10000.0,715,validation,0.311,2.9087,0.311,2.9087,2145,0.11448884010314941,0.11448884010314941,0.5184998512268066,0.632988691329956,460.45318126678467,0.5184998512268066,0.632988691329956,460.45318126678467
nc_papers100m_195trainer_0hop_balanced_local_bs512_800r,20260914_203749_ogbn-papers100M_FedAvg_bs512_seed42_beta10000p0,ogbn-papers100M,FedAvg,512,42,10000.0,716,validation,0.311,2.9079,0.311,2.9079,2148,0.11131858825683594,0.11131858825683594,0.5210626125335693,0.6323812007904053,461.0855624675751,0.5210626125335693,0.6323812007904053,461.0855624675751
nc_papers100m_195trainer_0hop_balanced_local_bs512_800r,20260914_203749_ogbn-papers100M_FedAvg_bs512_seed42_beta10000p0,ogbn-papers100M,FedAvg,512,42,10000.0,717,validation,0.3112,2.9073,0.3112,2.9073,2151,0.11040234565734863,0.11040234565734863,0.5285851955413818,0.6389875411987305,461.7245500087738,0.5285851955413818,0.6389875411987305,461.7245500087738
nc_papers100m_195trainer_0hop_balanced_local_bs512_800r,20260914_203749_ogbn-papers100M_FedAvg_bs512_seed42_beta10000p0,ogbn-papers100M,FedAvg,512,42,10000.0,718,validation,0.3114,2.9067,0.3114,2.9067,2154,0.11240291595458984,0.11240291595458984,0.5266056060791016,0.6390085220336914,462.3635585308075,0.5266056060791016,0.6390085220336914,462.3635585308075
nc_papers100m_195trainer_0hop_balanced_local_bs512_800r,20260914_203749_ogbn-papers100M_FedAvg_bs512_seed42_beta10000p0,ogbn-papers100M,FedAvg,512,42,10000.0,719,validation,0.3113,2.906,0.3113,2.906,2157,0.1151123046875,0.1151123046875,0.5203766822814941,0.6354889869689941,462.9990475177765,0.5203766822814941,0.6354889869689941,462.9990475177765
nc_papers100m_195trainer_0hop_balanced_local_bs512_800r,20260914_203749_ogbn-papers100M_FedAvg_bs512_seed42_beta10000p0,ogbn-papers100M,FedAvg,512,42,10000.0,720,validation,0.3117,2.9053,0.3117,2.9053,2160,0.12183189392089844,0.12183189392089844,0.519010066986084,0.6408419609069824,463.6398894786835,0.519010066986084,0.6408419609069824,463.6398894786835
nc_papers100m_195trainer_0hop_balanced_local_bs512_800r,20260914_203749_ogbn-papers100M_FedAvg_bs512_seed42_beta10000p0,ogbn-papers100M,FedAvg,512,42,10000.0,721,validation,0.3117,2.9048,0.3117,2.9048,2163,0.11259603500366211,0.11259603500366211,0.5261776447296143,0.6387736797332764,464.27866315841675,0.5261776447296143,0.6387736797332764,464.27866315841675
nc_papers100m_195trainer_0hop_balanced_local_bs512_800r,20260914_203749_ogbn-papers100M_FedAvg_bs512_seed42_beta10000p0,ogbn-papers100M,FedAvg,512,42,10000.0,722,validation,0.312,2.9042,0.312,2.9042,2166,0.11194634437561035,0.11194634437561035,0.5152420997619629,0.6271884441375732,464.9058516025543,0.5152420997619629,0.6271884441375732,464.9058516025543
nc_papers100m_195trainer_0hop_balanced_local_bs512_800r,20260914_203749_ogbn-papers100M_FedAvg_bs512_seed42_beta10000p0,ogbn-papers100M,FedAvg,512,42,10000.0,723,validation,0.3122,2.9032,0.3122,2.9032,2169,0.1143636703491211,0.1143636703491211,0.5246925354003906,0.6390562057495117,465.54490780830383,0.5246925354003906,0.6390562057495117,465.54490780830383
nc_papers100m_195trainer_0hop_balanced_local_bs512_800r,20260914_203749_ogbn-papers100M_FedAvg_bs512_seed42_beta10000p0,ogbn-papers100M,FedAvg,512,42,10000.0,724,validation,0.3121,2.9027,0.3121,2.9027,2172,0.11467957496643066,0.11467957496643066,0.5472269058227539,0.6619064807891846,466.206814289093,0.5472269058227539,0.6619064807891846,466.206814289093
nc_papers100m_195trainer_0hop_balanced_local_bs512_800r,20260914_203749_ogbn-papers100M_FedAvg_bs512_seed42_beta10000p0,ogbn-papers100M,FedAvg,512,42,10000.0,725,validation,0.3122,2.9021,0.3122,2.9021,2175,0.11698222160339355,0.11698222160339355,0.522676944732666,0.6396591663360596,466.8464734554291,0.522676944732666,0.6396591663360596,466.8464734554291
nc_papers100m_195trainer_0hop_balanced_local_bs512_800r,20260914_203749_ogbn-papers100M_FedAvg_bs512_seed42_beta10000p0,ogbn-papers100M,FedAvg,512,42,10000.0,726,validation,0.3122,2.9013,0.3122,2.9013,2178,0.11126112937927246,0.11126112937927246,0.5184116363525391,0.6296727657318115,467.4761462211609,0.5184116363525391,0.6296727657318115,467.4761462211609
nc_papers100m_195trainer_0hop_balanced_local_bs512_800r,20260914_203749_ogbn-papers100M_FedAvg_bs512_seed42_beta10000p0,ogbn-papers100M,FedAvg,512,42,10000.0,727,validation,0.3126,2.9007,0.3126,2.9007,2181,0.11136627197265625,0.11136627197265625,0.5189194679260254,0.6302857398986816,468.10643196105957,0.5189194679260254,0.6302857398986816,468.10643196105957
nc_papers100m_195trainer_0hop_balanced_local_bs512_800r,20260914_203749_ogbn-papers100M_FedAvg_bs512_seed42_beta10000p0,ogbn-papers100M,FedAvg,512,42,10000.0,728,validation,0.3125,2.9001,0.3125,2.9001,2184,0.11300802230834961,0.11300802230834961,0.5154385566711426,0.6284465789794922,468.73487854003906,0.5154385566711426,0.6284465789794922,468.73487854003906
nc_papers100m_195trainer_0hop_balanced_local_bs512_800r,20260914_203749_ogbn-papers100M_FedAvg_bs512_seed42_beta10000p0,ogbn-papers100M,FedAvg,512,42,10000.0,729,validation,0.3124,2.8992,0.3124,2.8992,2187,0.11679315567016602,0.11679315567016602,0.5147707462310791,0.6315639019012451,469.3664424419403,0.5147707462310791,0.6315639019012451,469.3664424419403
nc_papers100m_195trainer_0hop_balanced_local_bs512_800r,20260914_203749_ogbn-papers100M_FedAvg_bs512_seed42_beta10000p0,ogbn-papers100M,FedAvg,512,42,10000.0,730,validation,0.3128,2.8986,0.3128,2.8986,2190,0.11618709564208984,0.11618709564208984,0.522472620010376,0.6386597156524658,470.0051021575928,0.522472620010376,0.6386597156524658,470.0051021575928
nc_papers100m_195trainer_0hop_balanced_local_bs512_800r,20260914_203749_ogbn-papers100M_FedAvg_bs512_seed42_beta10000p0,ogbn-papers100M,FedAvg,512,42,10000.0,731,validation,0.313,2.8981,0.313,2.8981,2193,0.11321640014648438,0.11321640014648438,0.5258684158325195,0.6390848159790039,470.6441869735718,0.5258684158325195,0.6390848159790039,470.6441869735718
nc_papers100m_195trainer_0hop_balanced_local_bs512_800r,20260914_203749_ogbn-papers100M_FedAvg_bs512_seed42_beta10000p0,ogbn-papers100M,FedAvg,512,42,10000.0,732,validation,0.3129,2.8976,0.3129,2.8976,2196,0.11159992218017578,0.11159992218017578,0.5218164920806885,0.6334164142608643,471.27760338783264,0.5218164920806885,0.6334164142608643,471.27760338783264
nc_papers100m_195trainer_0hop_balanced_local_bs512_800r,20260914_203749_ogbn-papers100M_FedAvg_bs512_seed42_beta10000p0,ogbn-papers100M,FedAvg,512,42,10000.0,733,validation,0.3132,2.8968,0.3132,2.8968,2199,0.11375808715820312,0.11375808715820312,0.5218570232391357,0.6356151103973389,471.91321849823,0.5218570232391357,0.6356151103973389,471.91321849823
nc_papers100m_195trainer_0hop_balanced_local_bs512_800r,20260914_203749_ogbn-papers100M_FedAvg_bs512_seed42_beta10000p0,ogbn-papers100M,FedAvg,512,42,10000.0,734,validation,0.3131,2.8962,0.3131,2.8962,2202,0.11153030395507812,0.11153030395507812,0.520465612411499,0.6319959163665771,472.54521441459656,0.520465612411499,0.6319959163665771,472.54521441459656
nc_papers100m_195trainer_0hop_balanced_local_bs512_800r,20260914_203749_ogbn-papers100M_FedAvg_bs512_seed42_beta10000p0,ogbn-papers100M,FedAvg,512,42,10000.0,735,validation,0.3133,2.8957,0.3133,2.8957,2205,0.1118464469909668,0.1118464469909668,0.5199909210205078,0.6318373680114746,473.17705178260803,0.5199909210205078,0.6318373680114746,473.17705178260803
nc_papers100m_195trainer_0hop_balanced_local_bs512_800r,20260914_203749_ogbn-papers100M_FedAvg_bs512_seed42_beta10000p0,ogbn-papers100M,FedAvg,512,42,10000.0,736,validation,0.3136,2.8952,0.3136,2.8952,2208,0.11667847633361816,0.11667847633361816,0.519005537033081,0.6356840133666992,473.81273579597473,0.519005537033081,0.6356840133666992,473.81273579597473
nc_papers100m_195trainer_0hop_balanced_local_bs512_800r,20260914_203749_ogbn-papers100M_FedAvg_bs512_seed42_beta10000p0,ogbn-papers100M,FedAvg,512,42,10000.0,737,validation,0.3136,2.8946,0.3136,2.8946,2211,0.11029624938964844,0.11029624938964844,0.5196664333343506,0.629962682723999,474.44269847869873,0.5196664333343506,0.629962682723999,474.44269847869873
nc_papers100m_195trainer_0hop_balanced_local_bs512_800r,20260914_203749_ogbn-papers100M_FedAvg_bs512_seed42_beta10000p0,ogbn-papers100M,FedAvg,512,42,10000.0,738,validation,0.3137,2.8944,0.3137,2.8944,2214,0.11037611961364746,0.11037611961364746,0.5584464073181152,0.6688225269317627,475.1115210056305,0.5584464073181152,0.6688225269317627,475.1115210056305
nc_papers100m_195trainer_0hop_balanced_local_bs512_800r,20260914_203749_ogbn-papers100M_FedAvg_bs512_seed42_beta10000p0,ogbn-papers100M,FedAvg,512,42,10000.0,739,validation,0.3138,2.8935,0.3138,2.8935,2217,0.11571550369262695,0.11571550369262695,0.5139200687408447,0.6296355724334717,475.74115657806396,0.5139200687408447,0.6296355724334717,475.74115657806396
nc_papers100m_195trainer_0hop_balanced_local_bs512_800r,20260914_203749_ogbn-papers100M_FedAvg_bs512_seed42_beta10000p0,ogbn-papers100M,FedAvg,512,42,10000.0,740,validation,0.3137,2.8925,0.3137,2.8925,2220,0.1096959114074707,0.1096959114074707,0.5239651203155518,0.6336610317230225,476.374817609787,0.5239651203155518,0.6336610317230225,476.374817609787
nc_papers100m_195trainer_0hop_balanced_local_bs512_800r,20260914_203749_ogbn-papers100M_FedAvg_bs512_seed42_beta10000p0,ogbn-papers100M,FedAvg,512,42,10000.0,741,validation,0.3141,2.892,0.3141,2.892,2223,0.11017012596130371,0.11017012596130371,0.5177781581878662,0.6279482841491699,477.00276589393616,0.5177781581878662,0.6279482841491699,477.00276589393616
nc_papers100m_195trainer_0hop_balanced_local_bs512_800r,20260914_203749_ogbn-papers100M_FedAvg_bs512_seed42_beta10000p0,ogbn-papers100M,FedAvg,512,42,10000.0,742,validation,0.3143,2.8915,0.3143,2.8915,2226,0.11084938049316406,0.11084938049316406,0.5205550193786621,0.6314043998718262,477.634170293808,0.5205550193786621,0.6314043998718262,477.634170293808
nc_papers100m_195trainer_0hop_balanced_local_bs512_800r,20260914_203749_ogbn-papers100M_FedAvg_bs512_seed42_beta10000p0,ogbn-papers100M,FedAvg,512,42,10000.0,743,validation,0.3145,2.8909,0.3145,2.8909,2229,0.11339831352233887,0.11339831352233887,0.5251350402832031,0.638533353805542,478.2727036476135,0.5251350402832031,0.638533353805542,478.2727036476135
nc_papers100m_195trainer_0hop_balanced_local_bs512_800r,20260914_203749_ogbn-papers100M_FedAvg_bs512_seed42_beta10000p0,ogbn-papers100M,FedAvg,512,42,10000.0,744,validation,0.3146,2.8901,0.3146,2.8901,2232,0.1107487678527832,0.1107487678527832,0.5207335948944092,0.6314823627471924,478.9041860103607,0.5207335948944092,0.6314823627471924,478.9041860103607
nc_papers100m_195trainer_0hop_balanced_local_bs512_800r,20260914_203749_ogbn-papers100M_FedAvg_bs512_seed42_beta10000p0,ogbn-papers100M,FedAvg,512,42,10000.0,745,validation,0.3145,2.8896,0.3145,2.8896,2235,0.11105751991271973,0.11105751991271973,0.5100245475769043,0.621082067489624,479.52526807785034,0.5100245475769043,0.621082067489624,479.52526807785034
nc_papers100m_195trainer_0hop_balanced_local_bs512_800r,20260914_203749_ogbn-papers100M_FedAvg_bs512_seed42_beta10000p0,ogbn-papers100M,FedAvg,512,42,10000.0,746,validation,0.3148,2.889,0.3148,2.889,2238,0.11199355125427246,0.11199355125427246,0.5339272022247314,0.6459207534790039,480.17118883132935,0.5339272022247314,0.6459207534790039,480.17118883132935
nc_papers100m_195trainer_0hop_balanced_local_bs512_800r,20260914_203749_ogbn-papers100M_FedAvg_bs512_seed42_beta10000p0,ogbn-papers100M,FedAvg,512,42,10000.0,747,validation,0.3147,2.8883,0.3147,2.8883,2241,0.11159920692443848,0.11159920692443848,0.5251433849334717,0.6367425918579102,480.80793142318726,0.5251433849334717,0.6367425918579102,480.80793142318726
nc_papers100m_195trainer_0hop_balanced_local_bs512_800r,20260914_203749_ogbn-papers100M_FedAvg_bs512_seed42_beta10000p0,ogbn-papers100M,FedAvg,512,42,10000.0,748,validation,0.3149,2.8876,0.3149,2.8876,2244,0.10904598236083984,0.10904598236083984,0.5192770957946777,0.6283230781555176,481.4362545013428,0.5192770957946777,0.6283230781555176,481.4362545013428
nc_papers100m_195trainer_0hop_balanced_local_bs512_800r,20260914_203749_ogbn-papers100M_FedAvg_bs512_seed42_beta10000p0,ogbn-papers100M,FedAvg,512,42,10000.0,749,validation,0.3149,2.8869,0.3149,2.8869,2247,0.10983705520629883,0.10983705520629883,0.519878625869751,0.6297156810760498,482.0659701824188,0.519878625869751,0.6297156810760498,482.0659701824188
nc_papers100m_195trainer_0hop_balanced_local_bs512_800r,20260914_203749_ogbn-papers100M_FedAvg_bs512_seed42_beta10000p0,ogbn-papers100M,FedAvg,512,42,10000.0,750,validation,0.3153,2.8862,0.3153,2.8862,2250,0.10965991020202637,0.10965991020202637,0.5196759700775146,0.629335880279541,482.69530606269836,0.5196759700775146,0.629335880279541,482.69530606269836
nc_papers100m_195trainer_0hop_balanced_local_bs512_800r,20260914_203749_ogbn-papers100M_FedAvg_bs512_seed42_beta10000p0,ogbn-papers100M,FedAvg,512,42,10000.0,751,validation,0.3152,2.8858,0.3152,2.8858,2253,0.11019015312194824,0.11019015312194824,0.5161693096160889,0.6263594627380371,483.3216655254364,0.5161693096160889,0.6263594627380371,483.3216655254364
nc_papers100m_195trainer_0hop_balanced_local_bs512_800r,20260914_203749_ogbn-papers100M_FedAvg_bs512_seed42_beta10000p0,ogbn-papers100M,FedAvg,512,42,10000.0,752,validation,0.3158,2.8848,0.3158,2.8848,2256,0.11493682861328125,0.11493682861328125,0.5520102977752686,0.6669471263885498,483.98861265182495,0.5520102977752686,0.6669471263885498,483.98861265182495
nc_papers100m_195trainer_0hop_balanced_local_bs512_800r,20260914_203749_ogbn-papers100M_FedAvg_bs512_seed42_beta10000p0,ogbn-papers100M,FedAvg,512,42,10000.0,753,validation,0.3158,2.8841,0.3158,2.8841,2259,0.11098909378051758,0.11098909378051758,0.5285468101501465,0.6395359039306641,484.6281485557556,0.5285468101501465,0.6395359039306641,484.6281485557556
nc_papers100m_195trainer_0hop_balanced_local_bs512_800r,20260914_203749_ogbn-papers100M_FedAvg_bs512_seed42_beta10000p0,ogbn-papers100M,FedAvg,512,42,10000.0,754,validation,0.3157,2.8837,0.3157,2.8837,2262,0.11078453063964844,0.11078453063964844,0.5125348567962646,0.6233193874359131,485.2514679431915,0.5125348567962646,0.6233193874359131,485.2514679431915
nc_papers100m_195trainer_0hop_balanced_local_bs512_800r,20260914_203749_ogbn-papers100M_FedAvg_bs512_seed42_beta10000p0,ogbn-papers100M,FedAvg,512,42,10000.0,755,validation,0.316,2.883,0.316,2.883,2265,0.11315679550170898,0.11315679550170898,0.524651050567627,0.6378078460693359,485.88927578926086,0.524651050567627,0.6378078460693359,485.88927578926086
nc_papers100m_195trainer_0hop_balanced_local_bs512_800r,20260914_203749_ogbn-papers100M_FedAvg_bs512_seed42_beta10000p0,ogbn-papers100M,FedAvg,512,42,10000.0,756,validation,0.316,2.8822,0.316,2.8822,2268,0.10988116264343262,0.10988116264343262,0.524324893951416,0.6342060565948486,486.5234818458557,0.524324893951416,0.6342060565948486,486.5234818458557
nc_papers100m_195trainer_0hop_balanced_local_bs512_800r,20260914_203749_ogbn-papers100M_FedAvg_bs512_seed42_beta10000p0,ogbn-papers100M,FedAvg,512,42,10000.0,757,validation,0.3161,2.8816,0.3161,2.8816,2271,0.11120963096618652,0.11120963096618652,0.5098056793212891,0.6210153102874756,487.1444971561432,0.5098056793212891,0.6210153102874756,487.1444971561432
nc_papers100m_195trainer_0hop_balanced_local_bs512_800r,20260914_203749_ogbn-papers100M_FedAvg_bs512_seed42_beta10000p0,ogbn-papers100M,FedAvg,512,42,10000.0,758,validation,0.3162,2.8811,0.3162,2.8811,2274,0.11322307586669922,0.11322307586669922,0.5164148807525635,0.6296379566192627,487.77413511276245,0.5164148807525635,0.6296379566192627,487.77413511276245
nc_papers100m_195trainer_0hop_balanced_local_bs512_800r,20260914_203749_ogbn-papers100M_FedAvg_bs512_seed42_beta10000p0,ogbn-papers100M,FedAvg,512,42,10000.0,759,validation,0.3159,2.8805,0.3159,2.8805,2277,0.11092376708984375,0.11092376708984375,0.5207414627075195,0.6316652297973633,488.4058003425598,0.5207414627075195,0.6316652297973633,488.4058003425598
nc_papers100m_195trainer_0hop_balanced_local_bs512_800r,20260914_203749_ogbn-papers100M_FedAvg_bs512_seed42_beta10000p0,ogbn-papers100M,FedAvg,512,42,10000.0,760,validation,0.3159,2.88,0.3159,2.88,2280,0.1137075424194336,0.1137075424194336,0.5125846862792969,0.6262922286987305,489.03209257125854,0.5125846862792969,0.6262922286987305,489.03209257125854
nc_papers100m_195trainer_0hop_balanced_local_bs512_800r,20260914_203749_ogbn-papers100M_FedAvg_bs512_seed42_beta10000p0,ogbn-papers100M,FedAvg,512,42,10000.0,761,validation,0.3159,2.8796,0.3159,2.8796,2283,0.1115872859954834,0.1115872859954834,0.5207042694091797,0.6322915554046631,489.6643841266632,0.5207042694091797,0.6322915554046631,489.6643841266632
nc_papers100m_195trainer_0hop_balanced_local_bs512_800r,20260914_203749_ogbn-papers100M_FedAvg_bs512_seed42_beta10000p0,ogbn-papers100M,FedAvg,512,42,10000.0,762,validation,0.3162,2.8788,0.3162,2.8788,2286,0.11194992065429688,0.11194992065429688,0.5306899547576904,0.6426398754119873,490.3070240020752,0.5306899547576904,0.6426398754119873,490.3070240020752
nc_papers100m_195trainer_0hop_balanced_local_bs512_800r,20260914_203749_ogbn-papers100M_FedAvg_bs512_seed42_beta10000p0,ogbn-papers100M,FedAvg,512,42,10000.0,763,validation,0.3165,2.8782,0.3165,2.8782,2289,0.11266732215881348,0.11266732215881348,0.5307629108428955,0.643430233001709,490.9504542350769,0.5307629108428955,0.643430233001709,490.9504542350769
nc_papers100m_195trainer_0hop_balanced_local_bs512_800r,20260914_203749_ogbn-papers100M_FedAvg_bs512_seed42_beta10000p0,ogbn-papers100M,FedAvg,512,42,10000.0,764,validation,0.3165,2.8775,0.3165,2.8775,2292,0.11046266555786133,0.11046266555786133,0.51424241065979,0.6247050762176514,491.57515931129456,0.51424241065979,0.6247050762176514,491.57515931129456
nc_papers100m_195trainer_0hop_balanced_local_bs512_800r,20260914_203749_ogbn-papers100M_FedAvg_bs512_seed42_beta10000p0,ogbn-papers100M,FedAvg,512,42,10000.0,765,validation,0.3165,2.8772,0.3165,2.8772,2295,0.11097550392150879,0.11097550392150879,0.5208137035369873,0.6317892074584961,492.20694851875305,0.5208137035369873,0.6317892074584961,492.20694851875305
nc_papers100m_195trainer_0hop_balanced_local_bs512_800r,20260914_203749_ogbn-papers100M_FedAvg_bs512_seed42_beta10000p0,ogbn-papers100M,FedAvg,512,42,10000.0,766,validation,0.3165,2.8762,0.3165,2.8762,2298,0.11242389678955078,0.11242389678955078,0.5308928489685059,0.6433167457580566,492.8502652645111,0.5308928489685059,0.6433167457580566,492.8502652645111
nc_papers100m_195trainer_0hop_balanced_local_bs512_800r,20260914_203749_ogbn-papers100M_FedAvg_bs512_seed42_beta10000p0,ogbn-papers100M,FedAvg,512,42,10000.0,767,validation,0.3166,2.8757,0.3166,2.8757,2301,0.11243867874145508,0.11243867874145508,0.5244572162628174,0.6368958950042725,493.4871611595154,0.5244572162628174,0.6368958950042725,493.4871611595154
nc_papers100m_195trainer_0hop_balanced_local_bs512_800r,20260914_203749_ogbn-papers100M_FedAvg_bs512_seed42_beta10000p0,ogbn-papers100M,FedAvg,512,42,10000.0,768,validation,0.3168,2.8752,0.3168,2.8752,2304,0.11337018013000488,0.11337018013000488,0.5208768844604492,0.6342470645904541,494.12140822410583,0.5208768844604492,0.6342470645904541,494.12140822410583
nc_papers100m_195trainer_0hop_balanced_local_bs512_800r,20260914_203749_ogbn-papers100M_FedAvg_bs512_seed42_beta10000p0,ogbn-papers100M,FedAvg,512,42,10000.0,769,validation,0.3169,2.8747,0.3169,2.8747,2307,0.11322808265686035,0.11322808265686035,0.5206787586212158,0.6339068412780762,494.7553150653839,0.5206787586212158,0.6339068412780762,494.7553150653839
nc_papers100m_195trainer_0hop_balanced_local_bs512_800r,20260914_203749_ogbn-papers100M_FedAvg_bs512_seed42_beta10000p0,ogbn-papers100M,FedAvg,512,42,10000.0,770,validation,0.3171,2.8742,0.3171,2.8742,2310,0.11043190956115723,0.11043190956115723,0.5162365436553955,0.6266684532165527,495.38198351860046,0.5162365436553955,0.6266684532165527,495.38198351860046
nc_papers100m_195trainer_0hop_balanced_local_bs512_800r,20260914_203749_ogbn-papers100M_FedAvg_bs512_seed42_beta10000p0,ogbn-papers100M,FedAvg,512,42,10000.0,771,validation,0.317,2.8734,0.317,2.8734,2313,0.1174616813659668,0.1174616813659668,0.5141475200653076,0.6316092014312744,496.01359272003174,0.5141475200653076,0.6316092014312744,496.01359272003174
nc_papers100m_195trainer_0hop_balanced_local_bs512_800r,20260914_203749_ogbn-papers100M_FedAvg_bs512_seed42_beta10000p0,ogbn-papers100M,FedAvg,512,42,10000.0,772,validation,0.3173,2.8728,0.3173,2.8728,2316,0.11146712303161621,0.11146712303161621,0.5198676586151123,0.6313347816467285,496.64492750167847,0.5198676586151123,0.6313347816467285,496.64492750167847
nc_papers100m_195trainer_0hop_balanced_local_bs512_800r,20260914_203749_ogbn-papers100M_FedAvg_bs512_seed42_beta10000p0,ogbn-papers100M,FedAvg,512,42,10000.0,773,validation,0.3173,2.8722,0.3173,2.8722,2319,0.1151115894317627,0.1151115894317627,0.509723424911499,0.6248350143432617,497.26976251602173,0.509723424911499,0.6248350143432617,497.26976251602173
nc_papers100m_195trainer_0hop_balanced_local_bs512_800r,20260914_203749_ogbn-papers100M_FedAvg_bs512_seed42_beta10000p0,ogbn-papers100M,FedAvg,512,42,10000.0,774,validation,0.3174,2.8716,0.3174,2.8716,2322,0.11771941184997559,0.11771941184997559,0.516740083694458,0.6344594955444336,497.90422201156616,0.516740083694458,0.6344594955444336,497.90422201156616
nc_papers100m_195trainer_0hop_balanced_local_bs512_800r,20260914_203749_ogbn-papers100M_FedAvg_bs512_seed42_beta10000p0,ogbn-papers100M,FedAvg,512,42,10000.0,775,validation,0.3175,2.8712,0.3175,2.8712,2325,0.11214852333068848,0.11214852333068848,0.5263688564300537,0.6385173797607422,498.5427393913269,0.5263688564300537,0.6385173797607422,498.5427393913269
nc_papers100m_195trainer_0hop_balanced_local_bs512_800r,20260914_203749_ogbn-papers100M_FedAvg_bs512_seed42_beta10000p0,ogbn-papers100M,FedAvg,512,42,10000.0,776,validation,0.3177,2.8707,0.3177,2.8707,2328,0.11158084869384766,0.11158084869384766,0.5206944942474365,0.6322753429412842,499.1750147342682,0.5206944942474365,0.6322753429412842,499.1750147342682
nc_papers100m_195trainer_0hop_balanced_local_bs512_800r,20260914_203749_ogbn-papers100M_FedAvg_bs512_seed42_beta10000p0,ogbn-papers100M,FedAvg,512,42,10000.0,777,validation,0.3179,2.8699,0.3179,2.8699,2331,0.11446595191955566,0.11446595191955566,0.6736435890197754,0.788109540939331,499.9631242752075,0.6736435890197754,0.788109540939331,499.9631242752075
nc_papers100m_195trainer_0hop_balanced_local_bs512_800r,20260914_203749_ogbn-papers100M_FedAvg_bs512_seed42_beta10000p0,ogbn-papers100M,FedAvg,512,42,10000.0,778,validation,0.318,2.8693,0.318,2.8693,2334,0.11412334442138672,0.11412334442138672,0.5337469577789307,0.6478703022003174,500.61099457740784,0.5337469577789307,0.6478703022003174,500.61099457740784
nc_papers100m_195trainer_0hop_balanced_local_bs512_800r,20260914_203749_ogbn-papers100M_FedAvg_bs512_seed42_beta10000p0,ogbn-papers100M,FedAvg,512,42,10000.0,779,validation,0.3178,2.8689,0.3178,2.8689,2337,0.11133813858032227,0.11133813858032227,0.532750129699707,0.6440882682800293,501.25508284568787,0.532750129699707,0.6440882682800293,501.25508284568787
nc_papers100m_195trainer_0hop_balanced_local_bs512_800r,20260914_203749_ogbn-papers100M_FedAvg_bs512_seed42_beta10000p0,ogbn-papers100M,FedAvg,512,42,10000.0,780,validation,0.3181,2.8683,0.3181,2.8683,2340,0.11120772361755371,0.11120772361755371,0.526695728302002,0.6379034519195557,501.8929862976074,0.526695728302002,0.6379034519195557,501.8929862976074
nc_papers100m_195trainer_0hop_balanced_local_bs512_800r,20260914_203749_ogbn-papers100M_FedAvg_bs512_seed42_beta10000p0,ogbn-papers100M,FedAvg,512,42,10000.0,781,validation,0.318,2.8678,0.318,2.8678,2343,0.11701512336730957,0.11701512336730957,0.5379543304443359,0.6549694538116455,502.54795575141907,0.5379543304443359,0.6549694538116455,502.54795575141907
nc_papers100m_195trainer_0hop_balanced_local_bs512_800r,20260914_203749_ogbn-papers100M_FedAvg_bs512_seed42_beta10000p0,ogbn-papers100M,FedAvg,512,42,10000.0,782,validation,0.3182,2.8672,0.3182,2.8672,2346,0.11075115203857422,0.11075115203857422,0.5255575180053711,0.6363086700439453,503.184264421463,0.5255575180053711,0.6363086700439453,503.184264421463
nc_papers100m_195trainer_0hop_balanced_local_bs512_800r,20260914_203749_ogbn-papers100M_FedAvg_bs512_seed42_beta10000p0,ogbn-papers100M,FedAvg,512,42,10000.0,783,validation,0.3183,2.8667,0.3183,2.8667,2349,0.11463642120361328,0.11463642120361328,0.5242459774017334,0.6388823986053467,503.82314682006836,0.5242459774017334,0.6388823986053467,503.82314682006836
nc_papers100m_195trainer_0hop_balanced_local_bs512_800r,20260914_203749_ogbn-papers100M_FedAvg_bs512_seed42_beta10000p0,ogbn-papers100M,FedAvg,512,42,10000.0,784,validation,0.3185,2.8658,0.3185,2.8658,2352,0.11461138725280762,0.11461138725280762,0.521146297454834,0.6357576847076416,504.458904504776,0.521146297454834,0.6357576847076416,504.458904504776
nc_papers100m_195trainer_0hop_balanced_local_bs512_800r,20260914_203749_ogbn-papers100M_FedAvg_bs512_seed42_beta10000p0,ogbn-papers100M,FedAvg,512,42,10000.0,785,validation,0.3185,2.865,0.3185,2.865,2355,0.11654996871948242,0.11654996871948242,0.5282955169677734,0.6448454856872559,505.10374999046326,0.5282955169677734,0.6448454856872559,505.10374999046326
nc_papers100m_195trainer_0hop_balanced_local_bs512_800r,20260914_203749_ogbn-papers100M_FedAvg_bs512_seed42_beta10000p0,ogbn-papers100M,FedAvg,512,42,10000.0,786,validation,0.3185,2.8645,0.3185,2.8645,2358,0.11116695404052734,0.11116695404052734,0.5207929611206055,0.6319599151611328,505.7357099056244,0.5207929611206055,0.6319599151611328,505.7357099056244
nc_papers100m_195trainer_0hop_balanced_local_bs512_800r,20260914_203749_ogbn-papers100M_FedAvg_bs512_seed42_beta10000p0,ogbn-papers100M,FedAvg,512,42,10000.0,787,validation,0.3187,2.864,0.3187,2.864,2361,0.11074638366699219,0.11074638366699219,0.5183930397033691,0.6291394233703613,506.36484932899475,0.5183930397033691,0.6291394233703613,506.36484932899475
nc_papers100m_195trainer_0hop_balanced_local_bs512_800r,20260914_203749_ogbn-papers100M_FedAvg_bs512_seed42_beta10000p0,ogbn-papers100M,FedAvg,512,42,10000.0,788,validation,0.3189,2.8634,0.3189,2.8634,2364,0.11205506324768066,0.11205506324768066,0.5349581241607666,0.6470131874084473,507.0118625164032,0.5349581241607666,0.6470131874084473,507.0118625164032
nc_papers100m_195trainer_0hop_balanced_local_bs512_800r,20260914_203749_ogbn-papers100M_FedAvg_bs512_seed42_beta10000p0,ogbn-papers100M,FedAvg,512,42,10000.0,789,validation,0.319,2.8625,0.319,2.8625,2367,0.11192727088928223,0.11192727088928223,0.5316264629364014,0.6435537338256836,507.6554162502289,0.5316264629364014,0.6435537338256836,507.6554162502289
nc_papers100m_195trainer_0hop_balanced_local_bs512_800r,20260914_203749_ogbn-papers100M_FedAvg_bs512_seed42_beta10000p0,ogbn-papers100M,FedAvg,512,42,10000.0,790,validation,0.3191,2.862,0.3191,2.862,2370,0.11241555213928223,0.11241555213928223,0.5195567607879639,0.6319723129272461,508.2873885631561,0.5195567607879639,0.6319723129272461,508.2873885631561
nc_papers100m_195trainer_0hop_balanced_local_bs512_800r,20260914_203749_ogbn-papers100M_FedAvg_bs512_seed42_beta10000p0,ogbn-papers100M,FedAvg,512,42,10000.0,791,validation,0.3189,2.8616,0.3189,2.8616,2373,0.11217832565307617,0.11217832565307617,0.5317611694335938,0.6439394950866699,508.9313280582428,0.5317611694335938,0.6439394950866699,508.9313280582428
nc_papers100m_195trainer_0hop_balanced_local_bs512_800r,20260914_203749_ogbn-papers100M_FedAvg_bs512_seed42_beta10000p0,ogbn-papers100M,FedAvg,512,42,10000.0,792,validation,0.3191,2.8608,0.3191,2.8608,2376,0.11285924911499023,0.11285924911499023,0.5271608829498291,0.6400201320648193,509.5713481903076,0.5271608829498291,0.6400201320648193,509.5713481903076
nc_papers100m_195trainer_0hop_balanced_local_bs512_800r,20260914_203749_ogbn-papers100M_FedAvg_bs512_seed42_beta10000p0,ogbn-papers100M,FedAvg,512,42,10000.0,793,validation,0.3193,2.8603,0.3193,2.8603,2379,0.11125707626342773,0.11125707626342773,0.5178830623626709,0.6291401386260986,510.2004883289337,0.5178830623626709,0.6291401386260986,510.2004883289337
nc_papers100m_195trainer_0hop_balanced_local_bs512_800r,20260914_203749_ogbn-papers100M_FedAvg_bs512_seed42_beta10000p0,ogbn-papers100M,FedAvg,512,42,10000.0,794,validation,0.3193,2.8597,0.3193,2.8597,2382,0.11676716804504395,0.11676716804504395,0.5208601951599121,0.637627363204956,510.8381156921387,0.5208601951599121,0.637627363204956,510.8381156921387
nc_papers100m_195trainer_0hop_balanced_local_bs512_800r,20260914_203749_ogbn-papers100M_FedAvg_bs512_seed42_beta10000p0,ogbn-papers100M,FedAvg,512,42,10000.0,795,validation,0.3193,2.8593,0.3193,2.8593,2385,0.12167954444885254,0.12167954444885254,0.5423846244812012,0.6640641689300537,511.5021798610687,0.5423846244812012,0.6640641689300537,511.5021798610687
nc_papers100m_195trainer_0hop_balanced_local_bs512_800r,20260914_203749_ogbn-papers100M_FedAvg_bs512_seed42_beta10000p0,ogbn-papers100M,FedAvg,512,42,10000.0,796,validation,0.3195,2.8586,0.3195,2.8586,2388,0.11580920219421387,0.11580920219421387,0.5239295959472656,0.6397387981414795,512.1419186592102,0.5239295959472656,0.6397387981414795,512.1419186592102
nc_papers100m_195trainer_0hop_balanced_local_bs512_800r,20260914_203749_ogbn-papers100M_FedAvg_bs512_seed42_beta10000p0,ogbn-papers100M,FedAvg,512,42,10000.0,797,validation,0.3197,2.8581,0.3197,2.8581,2391,0.11580920219421387,0.11580920219421387,0.5266330242156982,0.6424422264099121,512.7843608856201,0.5266330242156982,0.6424422264099121,512.7843608856201
nc_papers100m_195trainer_0hop_balanced_local_bs512_800r,20260914_203749_ogbn-papers100M_FedAvg_bs512_seed42_beta10000p0,ogbn-papers100M,FedAvg,512,42,10000.0,798,validation,0.3199,2.8572,0.3199,2.8572,2394,0.11027026176452637,0.11027026176452637,0.5202522277832031,0.6305224895477295,513.4148833751678,0.5202522277832031,0.6305224895477295,513.4148833751678
nc_papers100m_195trainer_0hop_balanced_local_bs512_800r,20260914_203749_ogbn-papers100M_FedAvg_bs512_seed42_beta10000p0,ogbn-papers100M,FedAvg,512,42,10000.0,799,validation,0.3197,2.8566,0.3197,2.8566,2397,0.11071252822875977,0.11071252822875977,0.5156848430633545,0.6263973712921143,514.04128074646,0.5156848430633545,0.6263973712921143,514.04128074646
nc_papers100m_195trainer_0hop_balanced_local_bs512_800r,20260914_203749_ogbn-papers100M_FedAvg_bs512_seed42_beta10000p0,ogbn-papers100M,FedAvg,512,42,10000.0,800,validation,0.3197,2.8563,0.3197,2.8563,2400,0.11166644096374512,0.11166644096374512,0.5224733352661133,0.6341397762298584,514.6754205226898,0.5224733352661133,0.6341397762298584,514.6754205226898
