experiment_name,run_id,dataset,method,batch_size,seed,iid_beta,round,evaluation_split,evaluation_acc,evaluation_loss,val_acc,val_loss,local_steps,train_time_sec,training_time_sec,parameter_sync_time_sec,train_sync_time_sec,cumulative_train_sync_time_sec,comm_time_sec,train_comm_time_sec,cum_train_comm_time_sec
nc_papers100m_195trainer_0hop_balanced_local_bs4096_800r,20260914_212747_ogbn-papers100M_FedAvg_bs4096_seed42_beta10000p0,ogbn-papers100M,FedAvg,4096,42,10000.0,1,validation,0.0058,5.1514,0.0058,5.1514,3,0.911034345626831,0.911034345626831,0.527592658996582,1.438627004623413,1.438627004623413,0.527592658996582,1.438627004623413,1.438627004623413
nc_papers100m_195trainer_0hop_balanced_local_bs4096_800r,20260914_212747_ogbn-papers100M_FedAvg_bs4096_seed42_beta10000p0,ogbn-papers100M,FedAvg,4096,42,10000.0,2,validation,0.0075,5.1449,0.0075,5.1449,6,0.20566010475158691,0.20566010475158691,0.5349941253662109,0.7406542301177979,2.179281234741211,0.5349941253662109,0.7406542301177979,2.179281234741211
nc_papers100m_195trainer_0hop_balanced_local_bs4096_800r,20260914_212747_ogbn-papers100M_FedAvg_bs4096_seed42_beta10000p0,ogbn-papers100M,FedAvg,4096,42,10000.0,3,validation,0.0096,5.1388,0.0096,5.1388,9,0.203871488571167,0.203871488571167,0.5348238945007324,0.7386953830718994,2.9179766178131104,0.5348238945007324,0.7386953830718994,2.9179766178131104
nc_papers100m_195trainer_0hop_balanced_local_bs4096_800r,20260914_212747_ogbn-papers100M_FedAvg_bs4096_seed42_beta10000p0,ogbn-papers100M,FedAvg,4096,42,10000.0,4,validation,0.0119,5.1325,0.0119,5.1325,12,0.2023022174835205,0.2023022174835205,0.5278301239013672,0.7301323413848877,3.648108959197998,0.5278301239013672,0.7301323413848877,3.648108959197998
nc_papers100m_195trainer_0hop_balanced_local_bs4096_800r,20260914_212747_ogbn-papers100M_FedAvg_bs4096_seed42_beta10000p0,ogbn-papers100M,FedAvg,4096,42,10000.0,5,validation,0.0138,5.1256,0.0138,5.1256,15,0.20302677154541016,0.20302677154541016,0.5250110626220703,0.7280378341674805,4.3761467933654785,0.5250110626220703,0.7280378341674805,4.3761467933654785
nc_papers100m_195trainer_0hop_balanced_local_bs4096_800r,20260914_212747_ogbn-papers100M_FedAvg_bs4096_seed42_beta10000p0,ogbn-papers100M,FedAvg,4096,42,10000.0,6,validation,0.0163,5.1176,0.0163,5.1176,18,0.20503997802734375,0.20503997802734375,0.5268368721008301,0.7318768501281738,5.108023643493652,0.5268368721008301,0.7318768501281738,5.108023643493652
nc_papers100m_195trainer_0hop_balanced_local_bs4096_800r,20260914_212747_ogbn-papers100M_FedAvg_bs4096_seed42_beta10000p0,ogbn-papers100M,FedAvg,4096,42,10000.0,7,validation,0.019,5.1085,0.019,5.1085,21,0.205427885055542,0.205427885055542,0.5538694858551025,0.7592973709106445,5.867321014404297,0.5538694858551025,0.7592973709106445,5.867321014404297
nc_papers100m_195trainer_0hop_balanced_local_bs4096_800r,20260914_212747_ogbn-papers100M_FedAvg_bs4096_seed42_beta10000p0,ogbn-papers100M,FedAvg,4096,42,10000.0,8,validation,0.0223,5.0982,0.0223,5.0982,24,0.20123052597045898,0.20123052597045898,0.5397262573242188,0.7409567832946777,6.608277797698975,0.5397262573242188,0.7409567832946777,6.608277797698975
nc_papers100m_195trainer_0hop_balanced_local_bs4096_800r,20260914_212747_ogbn-papers100M_FedAvg_bs4096_seed42_beta10000p0,ogbn-papers100M,FedAvg,4096,42,10000.0,9,validation,0.026,5.0865,0.026,5.0865,27,0.20391535758972168,0.20391535758972168,0.5289785861968994,0.7328939437866211,7.341171741485596,0.5289785861968994,0.7328939437866211,7.341171741485596
nc_papers100m_195trainer_0hop_balanced_local_bs4096_800r,20260914_212747_ogbn-papers100M_FedAvg_bs4096_seed42_beta10000p0,ogbn-papers100M,FedAvg,4096,42,10000.0,10,validation,0.0294,5.0737,0.0294,5.0737,30,0.2021021842956543,0.2021021842956543,0.5246150493621826,0.7267172336578369,8.067888975143433,0.5246150493621826,0.7267172336578369,8.067888975143433
nc_papers100m_195trainer_0hop_balanced_local_bs4096_800r,20260914_212747_ogbn-papers100M_FedAvg_bs4096_seed42_beta10000p0,ogbn-papers100M,FedAvg,4096,42,10000.0,11,validation,0.0325,5.06,0.0325,5.06,33,0.20940899848937988,0.20940899848937988,0.5206410884857178,0.7300500869750977,8.79793906211853,0.5206410884857178,0.7300500869750977,8.79793906211853
nc_papers100m_195trainer_0hop_balanced_local_bs4096_800r,20260914_212747_ogbn-papers100M_FedAvg_bs4096_seed42_beta10000p0,ogbn-papers100M,FedAvg,4096,42,10000.0,12,validation,0.0359,5.0455,0.0359,5.0455,36,0.20278120040893555,0.20278120040893555,0.5379800796508789,0.7407612800598145,9.538700342178345,0.5379800796508789,0.7407612800598145,9.538700342178345
nc_papers100m_195trainer_0hop_balanced_local_bs4096_800r,20260914_212747_ogbn-papers100M_FedAvg_bs4096_seed42_beta10000p0,ogbn-papers100M,FedAvg,4096,42,10000.0,13,validation,0.0388,5.0304,0.0388,5.0304,39,0.20242714881896973,0.20242714881896973,0.5351440906524658,0.7375712394714355,10.27627158164978,0.5351440906524658,0.7375712394714355,10.27627158164978
nc_papers100m_195trainer_0hop_balanced_local_bs4096_800r,20260914_212747_ogbn-papers100M_FedAvg_bs4096_seed42_beta10000p0,ogbn-papers100M,FedAvg,4096,42,10000.0,14,validation,0.0412,5.0151,0.0412,5.0151,42,0.20244526863098145,0.20244526863098145,0.5244991779327393,0.7269444465637207,11.003216028213501,0.5244991779327393,0.7269444465637207,11.003216028213501
nc_papers100m_195trainer_0hop_balanced_local_bs4096_800r,20260914_212747_ogbn-papers100M_FedAvg_bs4096_seed42_beta10000p0,ogbn-papers100M,FedAvg,4096,42,10000.0,15,validation,0.0433,4.9996,0.0433,4.9996,45,0.20567560195922852,0.20567560195922852,0.5255916118621826,0.7312672138214111,11.734483242034912,0.5255916118621826,0.7312672138214111,11.734483242034912
nc_papers100m_195trainer_0hop_balanced_local_bs4096_800r,20260914_212747_ogbn-papers100M_FedAvg_bs4096_seed42_beta10000p0,ogbn-papers100M,FedAvg,4096,42,10000.0,16,validation,0.0454,4.984,0.0454,4.984,48,0.20939850807189941,0.20939850807189941,0.5412743091583252,0.7506728172302246,12.485156059265137,0.5412743091583252,0.7506728172302246,12.485156059265137
nc_papers100m_195trainer_0hop_balanced_local_bs4096_800r,20260914_212747_ogbn-papers100M_FedAvg_bs4096_seed42_beta10000p0,ogbn-papers100M,FedAvg,4096,42,10000.0,17,validation,0.0473,4.9683,0.0473,4.9683,51,0.2046825885772705,0.2046825885772705,0.5305249691009521,0.7352075576782227,13.22036361694336,0.5305249691009521,0.7352075576782227,13.22036361694336
nc_papers100m_195trainer_0hop_balanced_local_bs4096_800r,20260914_212747_ogbn-papers100M_FedAvg_bs4096_seed42_beta10000p0,ogbn-papers100M,FedAvg,4096,42,10000.0,18,validation,0.0492,4.9525,0.0492,4.9525,54,0.201796293258667,0.201796293258667,0.5221314430236816,0.7239277362823486,13.944291353225708,0.5221314430236816,0.7239277362823486,13.944291353225708
nc_papers100m_195trainer_0hop_balanced_local_bs4096_800r,20260914_212747_ogbn-papers100M_FedAvg_bs4096_seed42_beta10000p0,ogbn-papers100M,FedAvg,4096,42,10000.0,19,validation,0.0508,4.9365,0.0508,4.9365,57,0.20270490646362305,0.20270490646362305,0.532428503036499,0.7351334095001221,14.67942476272583,0.532428503036499,0.7351334095001221,14.67942476272583
nc_papers100m_195trainer_0hop_balanced_local_bs4096_800r,20260914_212747_ogbn-papers100M_FedAvg_bs4096_seed42_beta10000p0,ogbn-papers100M,FedAvg,4096,42,10000.0,20,validation,0.0528,4.9203,0.0528,4.9203,60,0.20625901222229004,0.20625901222229004,0.5513064861297607,0.7575654983520508,15.43699026107788,0.5513064861297607,0.7575654983520508,15.43699026107788
nc_papers100m_195trainer_0hop_balanced_local_bs4096_800r,20260914_212747_ogbn-papers100M_FedAvg_bs4096_seed42_beta10000p0,ogbn-papers100M,FedAvg,4096,42,10000.0,21,validation,0.0543,4.9039,0.0543,4.9039,63,0.20658040046691895,0.20658040046691895,0.5361287593841553,0.7427091598510742,16.179699420928955,0.5361287593841553,0.7427091598510742,16.179699420928955
nc_papers100m_195trainer_0hop_balanced_local_bs4096_800r,20260914_212747_ogbn-papers100M_FedAvg_bs4096_seed42_beta10000p0,ogbn-papers100M,FedAvg,4096,42,10000.0,22,validation,0.0561,4.8875,0.0561,4.8875,66,0.20329499244689941,0.20329499244689941,0.529287576675415,0.7325825691223145,16.91228199005127,0.529287576675415,0.7325825691223145,16.91228199005127
nc_papers100m_195trainer_0hop_balanced_local_bs4096_800r,20260914_212747_ogbn-papers100M_FedAvg_bs4096_seed42_beta10000p0,ogbn-papers100M,FedAvg,4096,42,10000.0,23,validation,0.0577,4.8711,0.0577,4.8711,69,0.20257878303527832,0.20257878303527832,0.5229575634002686,0.7255363464355469,17.637818336486816,0.5229575634002686,0.7255363464355469,17.637818336486816
nc_papers100m_195trainer_0hop_balanced_local_bs4096_800r,20260914_212747_ogbn-papers100M_FedAvg_bs4096_seed42_beta10000p0,ogbn-papers100M,FedAvg,4096,42,10000.0,24,validation,0.0595,4.8547,0.0595,4.8547,72,0.20738720893859863,0.20738720893859863,0.5280699729919434,0.735457181930542,18.37327551841736,0.5280699729919434,0.735457181930542,18.37327551841736
nc_papers100m_195trainer_0hop_balanced_local_bs4096_800r,20260914_212747_ogbn-papers100M_FedAvg_bs4096_seed42_beta10000p0,ogbn-papers100M,FedAvg,4096,42,10000.0,25,validation,0.0614,4.8385,0.0614,4.8385,75,0.203843355178833,0.203843355178833,0.5355937480926514,0.7394371032714844,19.112712621688843,0.5355937480926514,0.7394371032714844,19.112712621688843
nc_papers100m_195trainer_0hop_balanced_local_bs4096_800r,20260914_212747_ogbn-papers100M_FedAvg_bs4096_seed42_beta10000p0,ogbn-papers100M,FedAvg,4096,42,10000.0,26,validation,0.063,4.8226,0.063,4.8226,78,0.20740175247192383,0.20740175247192383,0.515761137008667,0.7231628894805908,19.835875511169434,0.515761137008667,0.7231628894805908,19.835875511169434
nc_papers100m_195trainer_0hop_balanced_local_bs4096_800r,20260914_212747_ogbn-papers100M_FedAvg_bs4096_seed42_beta10000p0,ogbn-papers100M,FedAvg,4096,42,10000.0,27,validation,0.0648,4.8068,0.0648,4.8068,81,0.20550107955932617,0.20550107955932617,0.5217053890228271,0.7272064685821533,20.563081979751587,0.5217053890228271,0.7272064685821533,20.563081979751587
nc_papers100m_195trainer_0hop_balanced_local_bs4096_800r,20260914_212747_ogbn-papers100M_FedAvg_bs4096_seed42_beta10000p0,ogbn-papers100M,FedAvg,4096,42,10000.0,28,validation,0.0664,4.7914,0.0664,4.7914,84,0.20200324058532715,0.20200324058532715,0.5155806541442871,0.7175838947296143,21.2806658744812,0.5155806541442871,0.7175838947296143,21.2806658744812
nc_papers100m_195trainer_0hop_balanced_local_bs4096_800r,20260914_212747_ogbn-papers100M_FedAvg_bs4096_seed42_beta10000p0,ogbn-papers100M,FedAvg,4096,42,10000.0,29,validation,0.068,4.7762,0.068,4.7762,87,0.20150446891784668,0.20150446891784668,0.5339553356170654,0.7354598045349121,22.016125679016113,0.5339553356170654,0.7354598045349121,22.016125679016113
nc_papers100m_195trainer_0hop_balanced_local_bs4096_800r,20260914_212747_ogbn-papers100M_FedAvg_bs4096_seed42_beta10000p0,ogbn-papers100M,FedAvg,4096,42,10000.0,30,validation,0.0699,4.7613,0.0699,4.7613,90,0.20128560066223145,0.20128560066223145,0.520134687423706,0.7214202880859375,22.73754596710205,0.520134687423706,0.7214202880859375,22.73754596710205
nc_papers100m_195trainer_0hop_balanced_local_bs4096_800r,20260914_212747_ogbn-papers100M_FedAvg_bs4096_seed42_beta10000p0,ogbn-papers100M,FedAvg,4096,42,10000.0,31,validation,0.0716,4.7467,0.0716,4.7467,93,0.20389199256896973,0.20389199256896973,0.5254089832305908,0.7293009757995605,23.46684694290161,0.5254089832305908,0.7293009757995605,23.46684694290161
nc_papers100m_195trainer_0hop_balanced_local_bs4096_800r,20260914_212747_ogbn-papers100M_FedAvg_bs4096_seed42_beta10000p0,ogbn-papers100M,FedAvg,4096,42,10000.0,32,validation,0.0733,4.7324,0.0733,4.7324,96,0.20527386665344238,0.20527386665344238,0.5404348373413086,0.745708703994751,24.212555646896362,0.5404348373413086,0.745708703994751,24.212555646896362
nc_papers100m_195trainer_0hop_balanced_local_bs4096_800r,20260914_212747_ogbn-papers100M_FedAvg_bs4096_seed42_beta10000p0,ogbn-papers100M,FedAvg,4096,42,10000.0,33,validation,0.0749,4.7184,0.0749,4.7184,99,0.20474529266357422,0.20474529266357422,0.5286788940429688,0.733424186706543,24.945979833602905,0.5286788940429688,0.733424186706543,24.945979833602905
nc_papers100m_195trainer_0hop_balanced_local_bs4096_800r,20260914_212747_ogbn-papers100M_FedAvg_bs4096_seed42_beta10000p0,ogbn-papers100M,FedAvg,4096,42,10000.0,34,validation,0.0764,4.7046,0.0764,4.7046,102,0.19890642166137695,0.19890642166137695,0.5201704502105713,0.7190768718719482,25.665056705474854,0.5201704502105713,0.7190768718719482,25.665056705474854
nc_papers100m_195trainer_0hop_balanced_local_bs4096_800r,20260914_212747_ogbn-papers100M_FedAvg_bs4096_seed42_beta10000p0,ogbn-papers100M,FedAvg,4096,42,10000.0,35,validation,0.078,4.691,0.078,4.691,105,0.20325922966003418,0.20325922966003418,0.5204982757568359,0.7237575054168701,26.388814210891724,0.5204982757568359,0.7237575054168701,26.388814210891724
nc_papers100m_195trainer_0hop_balanced_local_bs4096_800r,20260914_212747_ogbn-papers100M_FedAvg_bs4096_seed42_beta10000p0,ogbn-papers100M,FedAvg,4096,42,10000.0,36,validation,0.0795,4.6777,0.0795,4.6777,108,0.20399260520935059,0.20399260520935059,0.5065829753875732,0.7105755805969238,27.099389791488647,0.5065829753875732,0.7105755805969238,27.099389791488647
nc_papers100m_195trainer_0hop_balanced_local_bs4096_800r,20260914_212747_ogbn-papers100M_FedAvg_bs4096_seed42_beta10000p0,ogbn-papers100M,FedAvg,4096,42,10000.0,37,validation,0.0813,4.6647,0.0813,4.6647,111,0.206146240234375,0.206146240234375,0.5212948322296143,0.7274410724639893,27.826830863952637,0.5212948322296143,0.7274410724639893,27.826830863952637
nc_papers100m_195trainer_0hop_balanced_local_bs4096_800r,20260914_212747_ogbn-papers100M_FedAvg_bs4096_seed42_beta10000p0,ogbn-papers100M,FedAvg,4096,42,10000.0,38,validation,0.0829,4.6518,0.0829,4.6518,114,0.2017531394958496,0.2017531394958496,0.5220112800598145,0.7237644195556641,28.5505952835083,0.5220112800598145,0.7237644195556641,28.5505952835083
nc_papers100m_195trainer_0hop_balanced_local_bs4096_800r,20260914_212747_ogbn-papers100M_FedAvg_bs4096_seed42_beta10000p0,ogbn-papers100M,FedAvg,4096,42,10000.0,39,validation,0.0843,4.6391,0.0843,4.6391,117,0.19930624961853027,0.19930624961853027,0.5218110084533691,0.7211172580718994,29.2717125415802,0.5218110084533691,0.7211172580718994,29.2717125415802
nc_papers100m_195trainer_0hop_balanced_local_bs4096_800r,20260914_212747_ogbn-papers100M_FedAvg_bs4096_seed42_beta10000p0,ogbn-papers100M,FedAvg,4096,42,10000.0,40,validation,0.0859,4.6265,0.0859,4.6265,120,0.20111989974975586,0.20111989974975586,0.5135681629180908,0.7146880626678467,29.986400604248047,0.5135681629180908,0.7146880626678467,29.986400604248047
nc_papers100m_195trainer_0hop_balanced_local_bs4096_800r,20260914_212747_ogbn-papers100M_FedAvg_bs4096_seed42_beta10000p0,ogbn-papers100M,FedAvg,4096,42,10000.0,41,validation,0.0872,4.6142,0.0872,4.6142,123,0.2081162929534912,0.2081162929534912,0.5148718357086182,0.7229881286621094,30.709388732910156,0.5148718357086182,0.7229881286621094,30.709388732910156
nc_papers100m_195trainer_0hop_balanced_local_bs4096_800r,20260914_212747_ogbn-papers100M_FedAvg_bs4096_seed42_beta10000p0,ogbn-papers100M,FedAvg,4096,42,10000.0,42,validation,0.0888,4.602,0.0888,4.602,126,0.2018747329711914,0.2018747329711914,0.5240936279296875,0.7259683609008789,31.435357093811035,0.5240936279296875,0.7259683609008789,31.435357093811035
nc_papers100m_195trainer_0hop_balanced_local_bs4096_800r,20260914_212747_ogbn-papers100M_FedAvg_bs4096_seed42_beta10000p0,ogbn-papers100M,FedAvg,4096,42,10000.0,43,validation,0.0902,4.59,0.0902,4.59,129,0.20064377784729004,0.20064377784729004,0.5229494571685791,0.7235932350158691,32.158950328826904,0.5229494571685791,0.7235932350158691,32.158950328826904
nc_papers100m_195trainer_0hop_balanced_local_bs4096_800r,20260914_212747_ogbn-papers100M_FedAvg_bs4096_seed42_beta10000p0,ogbn-papers100M,FedAvg,4096,42,10000.0,44,validation,0.0915,4.5781,0.0915,4.5781,132,0.19951391220092773,0.19951391220092773,0.5131585597991943,0.7126724720001221,32.871622800827026,0.5131585597991943,0.7126724720001221,32.871622800827026
nc_papers100m_195trainer_0hop_balanced_local_bs4096_800r,20260914_212747_ogbn-papers100M_FedAvg_bs4096_seed42_beta10000p0,ogbn-papers100M,FedAvg,4096,42,10000.0,45,validation,0.0928,4.5664,0.0928,4.5664,135,0.20355463027954102,0.20355463027954102,0.5395047664642334,0.7430593967437744,33.6146821975708,0.5395047664642334,0.7430593967437744,33.6146821975708
nc_papers100m_195trainer_0hop_balanced_local_bs4096_800r,20260914_212747_ogbn-papers100M_FedAvg_bs4096_seed42_beta10000p0,ogbn-papers100M,FedAvg,4096,42,10000.0,46,validation,0.0942,4.5548,0.0942,4.5548,138,0.20347094535827637,0.20347094535827637,0.5285305976867676,0.732001543045044,34.346683740615845,0.5285305976867676,0.732001543045044,34.346683740615845
nc_papers100m_195trainer_0hop_balanced_local_bs4096_800r,20260914_212747_ogbn-papers100M_FedAvg_bs4096_seed42_beta10000p0,ogbn-papers100M,FedAvg,4096,42,10000.0,47,validation,0.0955,4.5433,0.0955,4.5433,141,0.20070147514343262,0.20070147514343262,0.5220134258270264,0.722714900970459,35.069398641586304,0.5220134258270264,0.722714900970459,35.069398641586304
nc_papers100m_195trainer_0hop_balanced_local_bs4096_800r,20260914_212747_ogbn-papers100M_FedAvg_bs4096_seed42_beta10000p0,ogbn-papers100M,FedAvg,4096,42,10000.0,48,validation,0.0966,4.532,0.0966,4.532,144,0.20324158668518066,0.20324158668518066,0.5143470764160156,0.7175886631011963,35.7869873046875,0.5143470764160156,0.7175886631011963,35.7869873046875
nc_papers100m_195trainer_0hop_balanced_local_bs4096_800r,20260914_212747_ogbn-papers100M_FedAvg_bs4096_seed42_beta10000p0,ogbn-papers100M,FedAvg,4096,42,10000.0,49,validation,0.098,4.5207,0.098,4.5207,147,0.20481300354003906,0.20481300354003906,0.5221118927001953,0.7269248962402344,36.513912200927734,0.5221118927001953,0.7269248962402344,36.513912200927734
nc_papers100m_195trainer_0hop_balanced_local_bs4096_800r,20260914_212747_ogbn-papers100M_FedAvg_bs4096_seed42_beta10000p0,ogbn-papers100M,FedAvg,4096,42,10000.0,50,validation,0.0993,4.5096,0.0993,4.5096,150,0.20361685752868652,0.20361685752868652,0.5225729942321777,0.7261898517608643,37.2401020526886,0.5225729942321777,0.7261898517608643,37.2401020526886
nc_papers100m_195trainer_0hop_balanced_local_bs4096_800r,20260914_212747_ogbn-papers100M_FedAvg_bs4096_seed42_beta10000p0,ogbn-papers100M,FedAvg,4096,42,10000.0,51,validation,0.1007,4.4986,0.1007,4.4986,153,0.20024991035461426,0.20024991035461426,0.528221845626831,0.7284717559814453,37.968573808670044,0.528221845626831,0.7284717559814453,37.968573808670044
nc_papers100m_195trainer_0hop_balanced_local_bs4096_800r,20260914_212747_ogbn-papers100M_FedAvg_bs4096_seed42_beta10000p0,ogbn-papers100M,FedAvg,4096,42,10000.0,52,validation,0.1022,4.4877,0.1022,4.4877,156,0.19962286949157715,0.19962286949157715,0.5219054222106934,0.7215282917022705,38.690102100372314,0.5219054222106934,0.7215282917022705,38.690102100372314
nc_papers100m_195trainer_0hop_balanced_local_bs4096_800r,20260914_212747_ogbn-papers100M_FedAvg_bs4096_seed42_beta10000p0,ogbn-papers100M,FedAvg,4096,42,10000.0,53,validation,0.1035,4.4769,0.1035,4.4769,159,0.2011411190032959,0.2011411190032959,0.5141744613647461,0.715315580368042,39.405417680740356,0.5141744613647461,0.715315580368042,39.405417680740356
nc_papers100m_195trainer_0hop_balanced_local_bs4096_800r,20260914_212747_ogbn-papers100M_FedAvg_bs4096_seed42_beta10000p0,ogbn-papers100M,FedAvg,4096,42,10000.0,54,validation,0.1047,4.4662,0.1047,4.4662,162,0.20175433158874512,0.20175433158874512,0.5211806297302246,0.7229349613189697,40.128352642059326,0.5211806297302246,0.7229349613189697,40.128352642059326
nc_papers100m_195trainer_0hop_balanced_local_bs4096_800r,20260914_212747_ogbn-papers100M_FedAvg_bs4096_seed42_beta10000p0,ogbn-papers100M,FedAvg,4096,42,10000.0,55,validation,0.106,4.4556,0.106,4.4556,165,0.20166707038879395,0.20166707038879395,0.5283727645874023,0.7300398349761963,40.85839247703552,0.5283727645874023,0.7300398349761963,40.85839247703552
nc_papers100m_195trainer_0hop_balanced_local_bs4096_800r,20260914_212747_ogbn-papers100M_FedAvg_bs4096_seed42_beta10000p0,ogbn-papers100M,FedAvg,4096,42,10000.0,56,validation,0.1073,4.4452,0.1073,4.4452,168,0.20024514198303223,0.20024514198303223,0.5232193470001221,0.7234644889831543,41.58185696601868,0.5232193470001221,0.7234644889831543,41.58185696601868
nc_papers100m_195trainer_0hop_balanced_local_bs4096_800r,20260914_212747_ogbn-papers100M_FedAvg_bs4096_seed42_beta10000p0,ogbn-papers100M,FedAvg,4096,42,10000.0,57,validation,0.1087,4.4348,0.1087,4.4348,171,0.20029544830322266,0.20029544830322266,0.5229697227478027,0.7232651710510254,42.3051221370697,0.5229697227478027,0.7232651710510254,42.3051221370697
nc_papers100m_195trainer_0hop_balanced_local_bs4096_800r,20260914_212747_ogbn-papers100M_FedAvg_bs4096_seed42_beta10000p0,ogbn-papers100M,FedAvg,4096,42,10000.0,58,validation,0.11,4.4245,0.11,4.4245,174,0.20110821723937988,0.20110821723937988,0.5405240058898926,0.7416322231292725,43.046754360198975,0.5405240058898926,0.7416322231292725,43.046754360198975
nc_papers100m_195trainer_0hop_balanced_local_bs4096_800r,20260914_212747_ogbn-papers100M_FedAvg_bs4096_seed42_beta10000p0,ogbn-papers100M,FedAvg,4096,42,10000.0,59,validation,0.1114,4.4143,0.1114,4.4143,177,0.20507550239562988,0.20507550239562988,0.5235931873321533,0.7286686897277832,43.77542304992676,0.5235931873321533,0.7286686897277832,43.77542304992676
nc_papers100m_195trainer_0hop_balanced_local_bs4096_800r,20260914_212747_ogbn-papers100M_FedAvg_bs4096_seed42_beta10000p0,ogbn-papers100M,FedAvg,4096,42,10000.0,60,validation,0.1129,4.4042,0.1129,4.4042,180,0.20316767692565918,0.20316767692565918,0.5228991508483887,0.7260668277740479,44.501489877700806,0.5228991508483887,0.7260668277740479,44.501489877700806
nc_papers100m_195trainer_0hop_balanced_local_bs4096_800r,20260914_212747_ogbn-papers100M_FedAvg_bs4096_seed42_beta10000p0,ogbn-papers100M,FedAvg,4096,42,10000.0,61,validation,0.1142,4.3942,0.1142,4.3942,183,0.20063233375549316,0.20063233375549316,0.5260012149810791,0.7266335487365723,45.22812342643738,0.5260012149810791,0.7266335487365723,45.22812342643738
nc_papers100m_195trainer_0hop_balanced_local_bs4096_800r,20260914_212747_ogbn-papers100M_FedAvg_bs4096_seed42_beta10000p0,ogbn-papers100M,FedAvg,4096,42,10000.0,62,validation,0.1156,4.3843,0.1156,4.3843,186,0.20755577087402344,0.20755577087402344,0.5281987190246582,0.7357544898986816,45.96387791633606,0.5281987190246582,0.7357544898986816,45.96387791633606
nc_papers100m_195trainer_0hop_balanced_local_bs4096_800r,20260914_212747_ogbn-papers100M_FedAvg_bs4096_seed42_beta10000p0,ogbn-papers100M,FedAvg,4096,42,10000.0,63,validation,0.1168,4.3745,0.1168,4.3745,189,0.20123839378356934,0.20123839378356934,0.5310370922088623,0.7322754859924316,46.69615340232849,0.5310370922088623,0.7322754859924316,46.69615340232849
nc_papers100m_195trainer_0hop_balanced_local_bs4096_800r,20260914_212747_ogbn-papers100M_FedAvg_bs4096_seed42_beta10000p0,ogbn-papers100M,FedAvg,4096,42,10000.0,64,validation,0.1181,4.3648,0.1181,4.3648,192,0.20366907119750977,0.20366907119750977,0.5249466896057129,0.7286157608032227,47.424769163131714,0.5249466896057129,0.7286157608032227,47.424769163131714
nc_papers100m_195trainer_0hop_balanced_local_bs4096_800r,20260914_212747_ogbn-papers100M_FedAvg_bs4096_seed42_beta10000p0,ogbn-papers100M,FedAvg,4096,42,10000.0,65,validation,0.1193,4.3551,0.1193,4.3551,195,0.20392990112304688,0.20392990112304688,0.5309276580810547,0.7348575592041016,48.159626722335815,0.5309276580810547,0.7348575592041016,48.159626722335815
nc_papers100m_195trainer_0hop_balanced_local_bs4096_800r,20260914_212747_ogbn-papers100M_FedAvg_bs4096_seed42_beta10000p0,ogbn-papers100M,FedAvg,4096,42,10000.0,66,validation,0.1206,4.3456,0.1206,4.3456,198,0.20343613624572754,0.20343613624572754,0.5463318824768066,0.7497680187225342,48.90939474105835,0.5463318824768066,0.7497680187225342,48.90939474105835
nc_papers100m_195trainer_0hop_balanced_local_bs4096_800r,20260914_212747_ogbn-papers100M_FedAvg_bs4096_seed42_beta10000p0,ogbn-papers100M,FedAvg,4096,42,10000.0,67,validation,0.1221,4.3362,0.1221,4.3362,201,0.20106911659240723,0.20106911659240723,0.5411059856414795,0.7421751022338867,49.651569843292236,0.5411059856414795,0.7421751022338867,49.651569843292236
nc_papers100m_195trainer_0hop_balanced_local_bs4096_800r,20260914_212747_ogbn-papers100M_FedAvg_bs4096_seed42_beta10000p0,ogbn-papers100M,FedAvg,4096,42,10000.0,68,validation,0.1233,4.3269,0.1233,4.3269,204,0.2008225917816162,0.2008225917816162,0.541633129119873,0.7424557209014893,50.394025564193726,0.541633129119873,0.7424557209014893,50.394025564193726
nc_papers100m_195trainer_0hop_balanced_local_bs4096_800r,20260914_212747_ogbn-papers100M_FedAvg_bs4096_seed42_beta10000p0,ogbn-papers100M,FedAvg,4096,42,10000.0,69,validation,0.1246,4.3176,0.1246,4.3176,207,0.20254302024841309,0.20254302024841309,0.5296690464019775,0.7322120666503906,51.126237630844116,0.5296690464019775,0.7322120666503906,51.126237630844116
nc_papers100m_195trainer_0hop_balanced_local_bs4096_800r,20260914_212747_ogbn-papers100M_FedAvg_bs4096_seed42_beta10000p0,ogbn-papers100M,FedAvg,4096,42,10000.0,70,validation,0.1257,4.3085,0.1257,4.3085,210,0.20714187622070312,0.20714187622070312,0.5226759910583496,0.7298178672790527,51.85605549812317,0.5226759910583496,0.7298178672790527,51.85605549812317
nc_papers100m_195trainer_0hop_balanced_local_bs4096_800r,20260914_212747_ogbn-papers100M_FedAvg_bs4096_seed42_beta10000p0,ogbn-papers100M,FedAvg,4096,42,10000.0,71,validation,0.127,4.2994,0.127,4.2994,213,0.2083139419555664,0.2083139419555664,0.5415542125701904,0.7498681545257568,52.605923652648926,0.5415542125701904,0.7498681545257568,52.605923652648926
nc_papers100m_195trainer_0hop_balanced_local_bs4096_800r,20260914_212747_ogbn-papers100M_FedAvg_bs4096_seed42_beta10000p0,ogbn-papers100M,FedAvg,4096,42,10000.0,72,validation,0.1284,4.2904,0.1284,4.2904,216,0.19837307929992676,0.19837307929992676,0.522374153137207,0.7207472324371338,53.32667088508606,0.522374153137207,0.7207472324371338,53.32667088508606
nc_papers100m_195trainer_0hop_balanced_local_bs4096_800r,20260914_212747_ogbn-papers100M_FedAvg_bs4096_seed42_beta10000p0,ogbn-papers100M,FedAvg,4096,42,10000.0,73,validation,0.1296,4.2815,0.1296,4.2815,219,0.19836735725402832,0.19836735725402832,0.5202295780181885,0.7185969352722168,54.045267820358276,0.5202295780181885,0.7185969352722168,54.045267820358276
nc_papers100m_195trainer_0hop_balanced_local_bs4096_800r,20260914_212747_ogbn-papers100M_FedAvg_bs4096_seed42_beta10000p0,ogbn-papers100M,FedAvg,4096,42,10000.0,74,validation,0.1309,4.2727,0.1309,4.2727,222,0.20064902305603027,0.20064902305603027,0.5226726531982422,0.7233216762542725,54.76858949661255,0.5226726531982422,0.7233216762542725,54.76858949661255
nc_papers100m_195trainer_0hop_balanced_local_bs4096_800r,20260914_212747_ogbn-papers100M_FedAvg_bs4096_seed42_beta10000p0,ogbn-papers100M,FedAvg,4096,42,10000.0,75,validation,0.132,4.264,0.132,4.264,225,0.2055675983428955,0.2055675983428955,0.5365710258483887,0.7421386241912842,55.51072812080383,0.5365710258483887,0.7421386241912842,55.51072812080383
nc_papers100m_195trainer_0hop_balanced_local_bs4096_800r,20260914_212747_ogbn-papers100M_FedAvg_bs4096_seed42_beta10000p0,ogbn-papers100M,FedAvg,4096,42,10000.0,76,validation,0.1335,4.2554,0.1335,4.2554,228,0.21066021919250488,0.21066021919250488,0.541240930557251,0.7519011497497559,56.26262927055359,0.541240930557251,0.7519011497497559,56.26262927055359
nc_papers100m_195trainer_0hop_balanced_local_bs4096_800r,20260914_212747_ogbn-papers100M_FedAvg_bs4096_seed42_beta10000p0,ogbn-papers100M,FedAvg,4096,42,10000.0,77,validation,0.1349,4.2468,0.1349,4.2468,231,0.20187592506408691,0.20187592506408691,0.5349874496459961,0.736863374710083,56.99949264526367,0.5349874496459961,0.736863374710083,56.99949264526367
nc_papers100m_195trainer_0hop_balanced_local_bs4096_800r,20260914_212747_ogbn-papers100M_FedAvg_bs4096_seed42_beta10000p0,ogbn-papers100M,FedAvg,4096,42,10000.0,78,validation,0.136,4.2383,0.136,4.2383,234,0.2012193202972412,0.2012193202972412,0.518075704574585,0.7192950248718262,57.7187876701355,0.518075704574585,0.7192950248718262,57.7187876701355
nc_papers100m_195trainer_0hop_balanced_local_bs4096_800r,20260914_212747_ogbn-papers100M_FedAvg_bs4096_seed42_beta10000p0,ogbn-papers100M,FedAvg,4096,42,10000.0,79,validation,0.1373,4.2299,0.1373,4.2299,237,0.2048184871673584,0.2048184871673584,0.5230085849761963,0.7278270721435547,58.44661474227905,0.5230085849761963,0.7278270721435547,58.44661474227905
nc_papers100m_195trainer_0hop_balanced_local_bs4096_800r,20260914_212747_ogbn-papers100M_FedAvg_bs4096_seed42_beta10000p0,ogbn-papers100M,FedAvg,4096,42,10000.0,80,validation,0.1386,4.2217,0.1386,4.2217,240,0.20755553245544434,0.20755553245544434,0.5338537693023682,0.7414093017578125,59.188024044036865,0.5338537693023682,0.7414093017578125,59.188024044036865
nc_papers100m_195trainer_0hop_balanced_local_bs4096_800r,20260914_212747_ogbn-papers100M_FedAvg_bs4096_seed42_beta10000p0,ogbn-papers100M,FedAvg,4096,42,10000.0,81,validation,0.1398,4.2135,0.1398,4.2135,243,0.2075347900390625,0.2075347900390625,0.5272042751312256,0.7347390651702881,59.92276310920715,0.5272042751312256,0.7347390651702881,59.92276310920715
nc_papers100m_195trainer_0hop_balanced_local_bs4096_800r,20260914_212747_ogbn-papers100M_FedAvg_bs4096_seed42_beta10000p0,ogbn-papers100M,FedAvg,4096,42,10000.0,82,validation,0.1411,4.2054,0.1411,4.2054,246,0.2090284824371338,0.2090284824371338,0.5228898525238037,0.7319183349609375,60.65468144416809,0.5228898525238037,0.7319183349609375,60.65468144416809
nc_papers100m_195trainer_0hop_balanced_local_bs4096_800r,20260914_212747_ogbn-papers100M_FedAvg_bs4096_seed42_beta10000p0,ogbn-papers100M,FedAvg,4096,42,10000.0,83,validation,0.1421,4.1973,0.1421,4.1973,249,0.20241212844848633,0.20241212844848633,0.5249218940734863,0.7273340225219727,61.38201546669006,0.5249218940734863,0.7273340225219727,61.38201546669006
nc_papers100m_195trainer_0hop_balanced_local_bs4096_800r,20260914_212747_ogbn-papers100M_FedAvg_bs4096_seed42_beta10000p0,ogbn-papers100M,FedAvg,4096,42,10000.0,84,validation,0.1433,4.1894,0.1433,4.1894,252,0.2027587890625,0.2027587890625,0.5411117076873779,0.7438704967498779,62.12588596343994,0.5411117076873779,0.7438704967498779,62.12588596343994
nc_papers100m_195trainer_0hop_balanced_local_bs4096_800r,20260914_212747_ogbn-papers100M_FedAvg_bs4096_seed42_beta10000p0,ogbn-papers100M,FedAvg,4096,42,10000.0,85,validation,0.1446,4.1815,0.1446,4.1815,255,0.20275378227233887,0.20275378227233887,0.5332882404327393,0.7360420227050781,62.86192798614502,0.5332882404327393,0.7360420227050781,62.86192798614502
nc_papers100m_195trainer_0hop_balanced_local_bs4096_800r,20260914_212747_ogbn-papers100M_FedAvg_bs4096_seed42_beta10000p0,ogbn-papers100M,FedAvg,4096,42,10000.0,86,validation,0.1458,4.1737,0.1458,4.1737,258,0.21187186241149902,0.21187186241149902,0.5246162414550781,0.7364881038665771,63.5984160900116,0.5246162414550781,0.7364881038665771,63.5984160900116
nc_papers100m_195trainer_0hop_balanced_local_bs4096_800r,20260914_212747_ogbn-papers100M_FedAvg_bs4096_seed42_beta10000p0,ogbn-papers100M,FedAvg,4096,42,10000.0,87,validation,0.1468,4.166,0.1468,4.166,261,0.20654869079589844,0.20654869079589844,0.53505539894104,0.7416040897369385,64.34002017974854,0.53505539894104,0.7416040897369385,64.34002017974854
nc_papers100m_195trainer_0hop_balanced_local_bs4096_800r,20260914_212747_ogbn-papers100M_FedAvg_bs4096_seed42_beta10000p0,ogbn-papers100M,FedAvg,4096,42,10000.0,88,validation,0.148,4.1584,0.148,4.1584,264,0.202195405960083,0.202195405960083,0.5372366905212402,0.7394320964813232,65.07945227622986,0.5372366905212402,0.7394320964813232,65.07945227622986
nc_papers100m_195trainer_0hop_balanced_local_bs4096_800r,20260914_212747_ogbn-papers100M_FedAvg_bs4096_seed42_beta10000p0,ogbn-papers100M,FedAvg,4096,42,10000.0,89,validation,0.1491,4.1508,0.1491,4.1508,267,0.20149540901184082,0.20149540901184082,0.5387942790985107,0.7402896881103516,65.81974196434021,0.5387942790985107,0.7402896881103516,65.81974196434021
nc_papers100m_195trainer_0hop_balanced_local_bs4096_800r,20260914_212747_ogbn-papers100M_FedAvg_bs4096_seed42_beta10000p0,ogbn-papers100M,FedAvg,4096,42,10000.0,90,validation,0.15,4.1433,0.15,4.1433,270,0.20512175559997559,0.20512175559997559,0.52606201171875,0.7311837673187256,66.55092573165894,0.52606201171875,0.7311837673187256,66.55092573165894
nc_papers100m_195trainer_0hop_balanced_local_bs4096_800r,20260914_212747_ogbn-papers100M_FedAvg_bs4096_seed42_beta10000p0,ogbn-papers100M,FedAvg,4096,42,10000.0,91,validation,0.1511,4.1359,0.1511,4.1359,273,0.2045879364013672,0.2045879364013672,0.516167163848877,0.7207551002502441,67.27168083190918,0.516167163848877,0.7207551002502441,67.27168083190918
nc_papers100m_195trainer_0hop_balanced_local_bs4096_800r,20260914_212747_ogbn-papers100M_FedAvg_bs4096_seed42_beta10000p0,ogbn-papers100M,FedAvg,4096,42,10000.0,92,validation,0.1524,4.1286,0.1524,4.1286,276,0.20397353172302246,0.20397353172302246,0.5163218975067139,0.7202954292297363,67.99197626113892,0.5163218975067139,0.7202954292297363,67.99197626113892
nc_papers100m_195trainer_0hop_balanced_local_bs4096_800r,20260914_212747_ogbn-papers100M_FedAvg_bs4096_seed42_beta10000p0,ogbn-papers100M,FedAvg,4096,42,10000.0,93,validation,0.1534,4.1213,0.1534,4.1213,279,0.20116853713989258,0.20116853713989258,0.5268263816833496,0.7279949188232422,68.71997117996216,0.5268263816833496,0.7279949188232422,68.71997117996216
nc_papers100m_195trainer_0hop_balanced_local_bs4096_800r,20260914_212747_ogbn-papers100M_FedAvg_bs4096_seed42_beta10000p0,ogbn-papers100M,FedAvg,4096,42,10000.0,94,validation,0.1548,4.114,0.1548,4.114,282,0.20189476013183594,0.20189476013183594,0.5238838195800781,0.7257785797119141,69.44574975967407,0.5238838195800781,0.7257785797119141,69.44574975967407
nc_papers100m_195trainer_0hop_balanced_local_bs4096_800r,20260914_212747_ogbn-papers100M_FedAvg_bs4096_seed42_beta10000p0,ogbn-papers100M,FedAvg,4096,42,10000.0,95,validation,0.1558,4.1069,0.1558,4.1069,285,0.20314741134643555,0.20314741134643555,0.5128393173217773,0.7159867286682129,70.16173648834229,0.5128393173217773,0.7159867286682129,70.16173648834229
nc_papers100m_195trainer_0hop_balanced_local_bs4096_800r,20260914_212747_ogbn-papers100M_FedAvg_bs4096_seed42_beta10000p0,ogbn-papers100M,FedAvg,4096,42,10000.0,96,validation,0.1568,4.0998,0.1568,4.0998,288,0.20492339134216309,0.20492339134216309,0.5302684307098389,0.735191822052002,70.89692831039429,0.5302684307098389,0.735191822052002,70.89692831039429
nc_papers100m_195trainer_0hop_balanced_local_bs4096_800r,20260914_212747_ogbn-papers100M_FedAvg_bs4096_seed42_beta10000p0,ogbn-papers100M,FedAvg,4096,42,10000.0,97,validation,0.1578,4.0929,0.1578,4.0929,291,0.20577645301818848,0.20577645301818848,0.5326173305511475,0.7383937835693359,71.63532209396362,0.5326173305511475,0.7383937835693359,71.63532209396362
nc_papers100m_195trainer_0hop_balanced_local_bs4096_800r,20260914_212747_ogbn-papers100M_FedAvg_bs4096_seed42_beta10000p0,ogbn-papers100M,FedAvg,4096,42,10000.0,98,validation,0.1589,4.086,0.1589,4.086,294,0.19965457916259766,0.19965457916259766,0.5239865779876709,0.7236411571502686,72.35896325111389,0.5239865779876709,0.7236411571502686,72.35896325111389
nc_papers100m_195trainer_0hop_balanced_local_bs4096_800r,20260914_212747_ogbn-papers100M_FedAvg_bs4096_seed42_beta10000p0,ogbn-papers100M,FedAvg,4096,42,10000.0,99,validation,0.1598,4.0791,0.1598,4.0791,297,0.19851160049438477,0.19851160049438477,0.5177097320556641,0.7162213325500488,73.07518458366394,0.5177097320556641,0.7162213325500488,73.07518458366394
nc_papers100m_195trainer_0hop_balanced_local_bs4096_800r,20260914_212747_ogbn-papers100M_FedAvg_bs4096_seed42_beta10000p0,ogbn-papers100M,FedAvg,4096,42,10000.0,100,validation,0.1607,4.0723,0.1607,4.0723,300,0.19669055938720703,0.19669055938720703,0.5193028450012207,0.7159934043884277,73.79117798805237,0.5193028450012207,0.7159934043884277,73.79117798805237
nc_papers100m_195trainer_0hop_balanced_local_bs4096_800r,20260914_212747_ogbn-papers100M_FedAvg_bs4096_seed42_beta10000p0,ogbn-papers100M,FedAvg,4096,42,10000.0,101,validation,0.1616,4.0657,0.1616,4.0657,303,0.2081129550933838,0.2081129550933838,0.5215928554534912,0.729705810546875,74.52088379859924,0.5215928554534912,0.729705810546875,74.52088379859924
nc_papers100m_195trainer_0hop_balanced_local_bs4096_800r,20260914_212747_ogbn-papers100M_FedAvg_bs4096_seed42_beta10000p0,ogbn-papers100M,FedAvg,4096,42,10000.0,102,validation,0.1625,4.059,0.1625,4.059,306,0.2027747631072998,0.2027747631072998,0.5245065689086914,0.7272813320159912,75.24816513061523,0.5245065689086914,0.7272813320159912,75.24816513061523
nc_papers100m_195trainer_0hop_balanced_local_bs4096_800r,20260914_212747_ogbn-papers100M_FedAvg_bs4096_seed42_beta10000p0,ogbn-papers100M,FedAvg,4096,42,10000.0,103,validation,0.1635,4.0525,0.1635,4.0525,309,0.20220375061035156,0.20220375061035156,0.6884522438049316,0.8906559944152832,76.13882112503052,0.6884522438049316,0.8906559944152832,76.13882112503052
nc_papers100m_195trainer_0hop_balanced_local_bs4096_800r,20260914_212747_ogbn-papers100M_FedAvg_bs4096_seed42_beta10000p0,ogbn-papers100M,FedAvg,4096,42,10000.0,104,validation,0.1643,4.046,0.1643,4.046,312,0.198134183883667,0.198134183883667,0.5084571838378906,0.7065913677215576,76.84541249275208,0.5084571838378906,0.7065913677215576,76.84541249275208
nc_papers100m_195trainer_0hop_balanced_local_bs4096_800r,20260914_212747_ogbn-papers100M_FedAvg_bs4096_seed42_beta10000p0,ogbn-papers100M,FedAvg,4096,42,10000.0,105,validation,0.1654,4.0396,0.1654,4.0396,315,0.19731521606445312,0.19731521606445312,0.5080595016479492,0.7053747177124023,77.55078721046448,0.5080595016479492,0.7053747177124023,77.55078721046448
nc_papers100m_195trainer_0hop_balanced_local_bs4096_800r,20260914_212747_ogbn-papers100M_FedAvg_bs4096_seed42_beta10000p0,ogbn-papers100M,FedAvg,4096,42,10000.0,106,validation,0.1665,4.0332,0.1665,4.0332,318,0.20072007179260254,0.20072007179260254,0.5310633182525635,0.731783390045166,78.28257060050964,0.5310633182525635,0.731783390045166,78.28257060050964
nc_papers100m_195trainer_0hop_balanced_local_bs4096_800r,20260914_212747_ogbn-papers100M_FedAvg_bs4096_seed42_beta10000p0,ogbn-papers100M,FedAvg,4096,42,10000.0,107,validation,0.1673,4.0269,0.1673,4.0269,321,0.20171833038330078,0.20171833038330078,0.5214710235595703,0.7231893539428711,79.00575995445251,0.5214710235595703,0.7231893539428711,79.00575995445251
nc_papers100m_195trainer_0hop_balanced_local_bs4096_800r,20260914_212747_ogbn-papers100M_FedAvg_bs4096_seed42_beta10000p0,ogbn-papers100M,FedAvg,4096,42,10000.0,108,validation,0.1681,4.0207,0.1681,4.0207,324,0.20226526260375977,0.20226526260375977,0.511627197265625,0.7138924598693848,79.7196524143219,0.511627197265625,0.7138924598693848,79.7196524143219
nc_papers100m_195trainer_0hop_balanced_local_bs4096_800r,20260914_212747_ogbn-papers100M_FedAvg_bs4096_seed42_beta10000p0,ogbn-papers100M,FedAvg,4096,42,10000.0,109,validation,0.169,4.0145,0.169,4.0145,327,0.20140981674194336,0.20140981674194336,0.5432758331298828,0.7446856498718262,80.46433806419373,0.5432758331298828,0.7446856498718262,80.46433806419373
nc_papers100m_195trainer_0hop_balanced_local_bs4096_800r,20260914_212747_ogbn-papers100M_FedAvg_bs4096_seed42_beta10000p0,ogbn-papers100M,FedAvg,4096,42,10000.0,110,validation,0.17,4.0084,0.17,4.0084,330,0.19824481010437012,0.19824481010437012,0.5323450565338135,0.7305898666381836,81.19492793083191,0.5323450565338135,0.7305898666381836,81.19492793083191
nc_papers100m_195trainer_0hop_balanced_local_bs4096_800r,20260914_212747_ogbn-papers100M_FedAvg_bs4096_seed42_beta10000p0,ogbn-papers100M,FedAvg,4096,42,10000.0,111,validation,0.1709,4.0024,0.1709,4.0024,333,0.20040225982666016,0.20040225982666016,0.5282256603240967,0.7286279201507568,81.92355585098267,0.5282256603240967,0.7286279201507568,81.92355585098267
nc_papers100m_195trainer_0hop_balanced_local_bs4096_800r,20260914_212747_ogbn-papers100M_FedAvg_bs4096_seed42_beta10000p0,ogbn-papers100M,FedAvg,4096,42,10000.0,112,validation,0.1718,3.9964,0.1718,3.9964,336,0.20124554634094238,0.20124554634094238,0.5162167549133301,0.7174623012542725,82.64101815223694,0.5162167549133301,0.7174623012542725,82.64101815223694
nc_papers100m_195trainer_0hop_balanced_local_bs4096_800r,20260914_212747_ogbn-papers100M_FedAvg_bs4096_seed42_beta10000p0,ogbn-papers100M,FedAvg,4096,42,10000.0,113,validation,0.1728,3.9904,0.1728,3.9904,339,0.2018580436706543,0.2018580436706543,0.5133898258209229,0.7152478694915771,83.35626602172852,0.5133898258209229,0.7152478694915771,83.35626602172852
nc_papers100m_195trainer_0hop_balanced_local_bs4096_800r,20260914_212747_ogbn-papers100M_FedAvg_bs4096_seed42_beta10000p0,ogbn-papers100M,FedAvg,4096,42,10000.0,114,validation,0.1736,3.9846,0.1736,3.9846,342,0.20461320877075195,0.20461320877075195,0.5100488662719727,0.7146620750427246,84.07092809677124,0.5100488662719727,0.7146620750427246,84.07092809677124
nc_papers100m_195trainer_0hop_balanced_local_bs4096_800r,20260914_212747_ogbn-papers100M_FedAvg_bs4096_seed42_beta10000p0,ogbn-papers100M,FedAvg,4096,42,10000.0,115,validation,0.1743,3.9787,0.1743,3.9787,345,0.20085930824279785,0.20085930824279785,0.5224390029907227,0.7232983112335205,84.79422640800476,0.5224390029907227,0.7232983112335205,84.79422640800476
nc_papers100m_195trainer_0hop_balanced_local_bs4096_800r,20260914_212747_ogbn-papers100M_FedAvg_bs4096_seed42_beta10000p0,ogbn-papers100M,FedAvg,4096,42,10000.0,116,validation,0.1752,3.973,0.1752,3.973,348,0.20049619674682617,0.20049619674682617,0.521665096282959,0.7221612930297852,85.51638770103455,0.521665096282959,0.7221612930297852,85.51638770103455
nc_papers100m_195trainer_0hop_balanced_local_bs4096_800r,20260914_212747_ogbn-papers100M_FedAvg_bs4096_seed42_beta10000p0,ogbn-papers100M,FedAvg,4096,42,10000.0,117,validation,0.1761,3.9672,0.1761,3.9672,351,0.20148730278015137,0.20148730278015137,0.5118277072906494,0.7133150100708008,86.22970271110535,0.5118277072906494,0.7133150100708008,86.22970271110535
nc_papers100m_195trainer_0hop_balanced_local_bs4096_800r,20260914_212747_ogbn-papers100M_FedAvg_bs4096_seed42_beta10000p0,ogbn-papers100M,FedAvg,4096,42,10000.0,118,validation,0.177,3.9615,0.177,3.9615,354,0.20303797721862793,0.20303797721862793,0.5162906646728516,0.7193286418914795,86.94903135299683,0.5162906646728516,0.7193286418914795,86.94903135299683
nc_papers100m_195trainer_0hop_balanced_local_bs4096_800r,20260914_212747_ogbn-papers100M_FedAvg_bs4096_seed42_beta10000p0,ogbn-papers100M,FedAvg,4096,42,10000.0,119,validation,0.1778,3.9559,0.1778,3.9559,357,0.20354175567626953,0.20354175567626953,0.5279512405395508,0.7314929962158203,87.68052434921265,0.5279512405395508,0.7314929962158203,87.68052434921265
nc_papers100m_195trainer_0hop_balanced_local_bs4096_800r,20260914_212747_ogbn-papers100M_FedAvg_bs4096_seed42_beta10000p0,ogbn-papers100M,FedAvg,4096,42,10000.0,120,validation,0.1786,3.9504,0.1786,3.9504,360,0.2015247344970703,0.2015247344970703,0.519014835357666,0.7205395698547363,88.40106391906738,0.519014835357666,0.7205395698547363,88.40106391906738
nc_papers100m_195trainer_0hop_balanced_local_bs4096_800r,20260914_212747_ogbn-papers100M_FedAvg_bs4096_seed42_beta10000p0,ogbn-papers100M,FedAvg,4096,42,10000.0,121,validation,0.1795,3.9449,0.1795,3.9449,363,0.20018815994262695,0.20018815994262695,0.5092551708221436,0.7094433307647705,89.11050724983215,0.5092551708221436,0.7094433307647705,89.11050724983215
nc_papers100m_195trainer_0hop_balanced_local_bs4096_800r,20260914_212747_ogbn-papers100M_FedAvg_bs4096_seed42_beta10000p0,ogbn-papers100M,FedAvg,4096,42,10000.0,122,validation,0.1803,3.9394,0.1803,3.9394,366,0.20591092109680176,0.20591092109680176,0.5333905220031738,0.7393014430999756,89.84980869293213,0.5333905220031738,0.7393014430999756,89.84980869293213
nc_papers100m_195trainer_0hop_balanced_local_bs4096_800r,20260914_212747_ogbn-papers100M_FedAvg_bs4096_seed42_beta10000p0,ogbn-papers100M,FedAvg,4096,42,10000.0,123,validation,0.1811,3.934,0.1811,3.934,369,0.20134329795837402,0.20134329795837402,0.5179078578948975,0.7192511558532715,90.5690598487854,0.5179078578948975,0.7192511558532715,90.5690598487854
nc_papers100m_195trainer_0hop_balanced_local_bs4096_800r,20260914_212747_ogbn-papers100M_FedAvg_bs4096_seed42_beta10000p0,ogbn-papers100M,FedAvg,4096,42,10000.0,124,validation,0.182,3.9286,0.182,3.9286,372,0.20122718811035156,0.20122718811035156,0.5294554233551025,0.7306826114654541,91.29974246025085,0.5294554233551025,0.7306826114654541,91.29974246025085
nc_papers100m_195trainer_0hop_balanced_local_bs4096_800r,20260914_212747_ogbn-papers100M_FedAvg_bs4096_seed42_beta10000p0,ogbn-papers100M,FedAvg,4096,42,10000.0,125,validation,0.1827,3.9233,0.1827,3.9233,375,0.20395326614379883,0.20395326614379883,0.5172224044799805,0.7211756706237793,92.02091813087463,0.5172224044799805,0.7211756706237793,92.02091813087463
nc_papers100m_195trainer_0hop_balanced_local_bs4096_800r,20260914_212747_ogbn-papers100M_FedAvg_bs4096_seed42_beta10000p0,ogbn-papers100M,FedAvg,4096,42,10000.0,126,validation,0.1835,3.9181,0.1835,3.9181,378,0.20307111740112305,0.20307111740112305,0.5100483894348145,0.7131195068359375,92.73403763771057,0.5100483894348145,0.7131195068359375,92.73403763771057
nc_papers100m_195trainer_0hop_balanced_local_bs4096_800r,20260914_212747_ogbn-papers100M_FedAvg_bs4096_seed42_beta10000p0,ogbn-papers100M,FedAvg,4096,42,10000.0,127,validation,0.1843,3.9129,0.1843,3.9129,381,0.20137596130371094,0.20137596130371094,0.5237460136413574,0.7251219749450684,93.45915961265564,0.5237460136413574,0.7251219749450684,93.45915961265564
nc_papers100m_195trainer_0hop_balanced_local_bs4096_800r,20260914_212747_ogbn-papers100M_FedAvg_bs4096_seed42_beta10000p0,ogbn-papers100M,FedAvg,4096,42,10000.0,128,validation,0.1851,3.9077,0.1851,3.9077,384,0.20053362846374512,0.20053362846374512,0.5156252384185791,0.7161588668823242,94.17531847953796,0.5156252384185791,0.7161588668823242,94.17531847953796
nc_papers100m_195trainer_0hop_balanced_local_bs4096_800r,20260914_212747_ogbn-papers100M_FedAvg_bs4096_seed42_beta10000p0,ogbn-papers100M,FedAvg,4096,42,10000.0,129,validation,0.1859,3.9027,0.1859,3.9027,387,0.2021787166595459,0.2021787166595459,0.514110803604126,0.7162895202636719,94.89160799980164,0.514110803604126,0.7162895202636719,94.89160799980164
nc_papers100m_195trainer_0hop_balanced_local_bs4096_800r,20260914_212747_ogbn-papers100M_FedAvg_bs4096_seed42_beta10000p0,ogbn-papers100M,FedAvg,4096,42,10000.0,130,validation,0.1866,3.8976,0.1866,3.8976,390,0.21061015129089355,0.21061015129089355,0.521306037902832,0.7319161891937256,95.62352418899536,0.521306037902832,0.7319161891937256,95.62352418899536
nc_papers100m_195trainer_0hop_balanced_local_bs4096_800r,20260914_212747_ogbn-papers100M_FedAvg_bs4096_seed42_beta10000p0,ogbn-papers100M,FedAvg,4096,42,10000.0,131,validation,0.1874,3.8926,0.1874,3.8926,393,0.203704833984375,0.203704833984375,0.5186126232147217,0.7223174571990967,96.34584164619446,0.5186126232147217,0.7223174571990967,96.34584164619446
nc_papers100m_195trainer_0hop_balanced_local_bs4096_800r,20260914_212747_ogbn-papers100M_FedAvg_bs4096_seed42_beta10000p0,ogbn-papers100M,FedAvg,4096,42,10000.0,132,validation,0.1882,3.8876,0.1882,3.8876,396,0.20027756690979004,0.20027756690979004,0.526238203048706,0.7265157699584961,97.07235741615295,0.526238203048706,0.7265157699584961,97.07235741615295
nc_papers100m_195trainer_0hop_balanced_local_bs4096_800r,20260914_212747_ogbn-papers100M_FedAvg_bs4096_seed42_beta10000p0,ogbn-papers100M,FedAvg,4096,42,10000.0,133,validation,0.1888,3.8826,0.1888,3.8826,399,0.20086407661437988,0.20086407661437988,0.5133984088897705,0.7142624855041504,97.7866199016571,0.5133984088897705,0.7142624855041504,97.7866199016571
nc_papers100m_195trainer_0hop_balanced_local_bs4096_800r,20260914_212747_ogbn-papers100M_FedAvg_bs4096_seed42_beta10000p0,ogbn-papers100M,FedAvg,4096,42,10000.0,134,validation,0.1896,3.8777,0.1896,3.8777,402,0.20285367965698242,0.20285367965698242,0.5105984210968018,0.7134521007537842,98.50007200241089,0.5105984210968018,0.7134521007537842,98.50007200241089
nc_papers100m_195trainer_0hop_balanced_local_bs4096_800r,20260914_212747_ogbn-papers100M_FedAvg_bs4096_seed42_beta10000p0,ogbn-papers100M,FedAvg,4096,42,10000.0,135,validation,0.1903,3.8729,0.1903,3.8729,405,0.2030348777770996,0.2030348777770996,0.5454156398773193,0.748450517654419,99.24852252006531,0.5454156398773193,0.748450517654419,99.24852252006531
nc_papers100m_195trainer_0hop_balanced_local_bs4096_800r,20260914_212747_ogbn-papers100M_FedAvg_bs4096_seed42_beta10000p0,ogbn-papers100M,FedAvg,4096,42,10000.0,136,validation,0.191,3.8681,0.191,3.8681,408,0.20383691787719727,0.20383691787719727,0.5218932628631592,0.7257301807403564,99.97425270080566,0.5218932628631592,0.7257301807403564,99.97425270080566
nc_papers100m_195trainer_0hop_balanced_local_bs4096_800r,20260914_212747_ogbn-papers100M_FedAvg_bs4096_seed42_beta10000p0,ogbn-papers100M,FedAvg,4096,42,10000.0,137,validation,0.1917,3.8633,0.1917,3.8633,411,0.20094084739685059,0.20094084739685059,0.5232484340667725,0.724189281463623,100.69844198226929,0.5232484340667725,0.724189281463623,100.69844198226929
nc_papers100m_195trainer_0hop_balanced_local_bs4096_800r,20260914_212747_ogbn-papers100M_FedAvg_bs4096_seed42_beta10000p0,ogbn-papers100M,FedAvg,4096,42,10000.0,138,validation,0.1925,3.8586,0.1925,3.8586,414,0.20001888275146484,0.20001888275146484,0.5175271034240723,0.7175459861755371,101.41598796844482,0.5175271034240723,0.7175459861755371,101.41598796844482
nc_papers100m_195trainer_0hop_balanced_local_bs4096_800r,20260914_212747_ogbn-papers100M_FedAvg_bs4096_seed42_beta10000p0,ogbn-papers100M,FedAvg,4096,42,10000.0,139,validation,0.1933,3.8539,0.1933,3.8539,417,0.20252585411071777,0.20252585411071777,0.5304672718048096,0.7329931259155273,102.14898109436035,0.5304672718048096,0.7329931259155273,102.14898109436035
nc_papers100m_195trainer_0hop_balanced_local_bs4096_800r,20260914_212747_ogbn-papers100M_FedAvg_bs4096_seed42_beta10000p0,ogbn-papers100M,FedAvg,4096,42,10000.0,140,validation,0.194,3.8493,0.194,3.8493,420,0.20225262641906738,0.20225262641906738,0.5243418216705322,0.7265944480895996,102.87557554244995,0.5243418216705322,0.7265944480895996,102.87557554244995
nc_papers100m_195trainer_0hop_balanced_local_bs4096_800r,20260914_212747_ogbn-papers100M_FedAvg_bs4096_seed42_beta10000p0,ogbn-papers100M,FedAvg,4096,42,10000.0,141,validation,0.1946,3.8447,0.1946,3.8447,423,0.20489716529846191,0.20489716529846191,0.5289363861083984,0.7338335514068604,103.60940909385681,0.5289363861083984,0.7338335514068604,103.60940909385681
nc_papers100m_195trainer_0hop_balanced_local_bs4096_800r,20260914_212747_ogbn-papers100M_FedAvg_bs4096_seed42_beta10000p0,ogbn-papers100M,FedAvg,4096,42,10000.0,142,validation,0.1952,3.8401,0.1952,3.8401,426,0.20163917541503906,0.20163917541503906,0.5435872077941895,0.7452263832092285,104.35463547706604,0.5435872077941895,0.7452263832092285,104.35463547706604
nc_papers100m_195trainer_0hop_balanced_local_bs4096_800r,20260914_212747_ogbn-papers100M_FedAvg_bs4096_seed42_beta10000p0,ogbn-papers100M,FedAvg,4096,42,10000.0,143,validation,0.1958,3.8356,0.1958,3.8356,429,0.20223331451416016,0.20223331451416016,0.5246355533599854,0.7268688678741455,105.08150434494019,0.5246355533599854,0.7268688678741455,105.08150434494019
nc_papers100m_195trainer_0hop_balanced_local_bs4096_800r,20260914_212747_ogbn-papers100M_FedAvg_bs4096_seed42_beta10000p0,ogbn-papers100M,FedAvg,4096,42,10000.0,144,validation,0.1964,3.8311,0.1964,3.8311,432,0.19724607467651367,0.19724607467651367,0.518502950668335,0.7157490253448486,105.79725337028503,0.518502950668335,0.7157490253448486,105.79725337028503
nc_papers100m_195trainer_0hop_balanced_local_bs4096_800r,20260914_212747_ogbn-papers100M_FedAvg_bs4096_seed42_beta10000p0,ogbn-papers100M,FedAvg,4096,42,10000.0,145,validation,0.197,3.8266,0.197,3.8266,435,0.19956064224243164,0.19956064224243164,0.5266873836517334,0.726248025894165,106.5235013961792,0.5266873836517334,0.726248025894165,106.5235013961792
nc_papers100m_195trainer_0hop_balanced_local_bs4096_800r,20260914_212747_ogbn-papers100M_FedAvg_bs4096_seed42_beta10000p0,ogbn-papers100M,FedAvg,4096,42,10000.0,146,validation,0.1976,3.8222,0.1976,3.8222,438,0.20242929458618164,0.20242929458618164,0.5230417251586914,0.725471019744873,107.24897241592407,0.5230417251586914,0.725471019744873,107.24897241592407
nc_papers100m_195trainer_0hop_balanced_local_bs4096_800r,20260914_212747_ogbn-papers100M_FedAvg_bs4096_seed42_beta10000p0,ogbn-papers100M,FedAvg,4096,42,10000.0,147,validation,0.1983,3.8178,0.1983,3.8178,441,0.2073652744293213,0.2073652744293213,0.5168321132659912,0.7241973876953125,107.97316980361938,0.5168321132659912,0.7241973876953125,107.97316980361938
nc_papers100m_195trainer_0hop_balanced_local_bs4096_800r,20260914_212747_ogbn-papers100M_FedAvg_bs4096_seed42_beta10000p0,ogbn-papers100M,FedAvg,4096,42,10000.0,148,validation,0.1986,3.8134,0.1986,3.8134,444,0.20331478118896484,0.20331478118896484,0.5629510879516602,0.766265869140625,108.73943567276001,0.5629510879516602,0.766265869140625,108.73943567276001
nc_papers100m_195trainer_0hop_balanced_local_bs4096_800r,20260914_212747_ogbn-papers100M_FedAvg_bs4096_seed42_beta10000p0,ogbn-papers100M,FedAvg,4096,42,10000.0,149,validation,0.1993,3.809,0.1993,3.809,447,0.19704174995422363,0.19704174995422363,0.5169341564178467,0.7139759063720703,109.45341157913208,0.5169341564178467,0.7139759063720703,109.45341157913208
nc_papers100m_195trainer_0hop_balanced_local_bs4096_800r,20260914_212747_ogbn-papers100M_FedAvg_bs4096_seed42_beta10000p0,ogbn-papers100M,FedAvg,4096,42,10000.0,150,validation,0.1999,3.8048,0.1999,3.8048,450,0.19652223587036133,0.19652223587036133,0.5179660320281982,0.7144882678985596,110.16789984703064,0.5179660320281982,0.7144882678985596,110.16789984703064
nc_papers100m_195trainer_0hop_balanced_local_bs4096_800r,20260914_212747_ogbn-papers100M_FedAvg_bs4096_seed42_beta10000p0,ogbn-papers100M,FedAvg,4096,42,10000.0,151,validation,0.2004,3.8005,0.2004,3.8005,453,0.20769000053405762,0.20769000053405762,0.5212514400482178,0.7289414405822754,110.89684128761292,0.5212514400482178,0.7289414405822754,110.89684128761292
nc_papers100m_195trainer_0hop_balanced_local_bs4096_800r,20260914_212747_ogbn-papers100M_FedAvg_bs4096_seed42_beta10000p0,ogbn-papers100M,FedAvg,4096,42,10000.0,152,validation,0.201,3.7963,0.201,3.7963,456,0.20227694511413574,0.20227694511413574,0.5250515937805176,0.7273285388946533,111.62416982650757,0.5250515937805176,0.7273285388946533,111.62416982650757
nc_papers100m_195trainer_0hop_balanced_local_bs4096_800r,20260914_212747_ogbn-papers100M_FedAvg_bs4096_seed42_beta10000p0,ogbn-papers100M,FedAvg,4096,42,10000.0,153,validation,0.2016,3.7921,0.2016,3.7921,459,0.1997089385986328,0.1997089385986328,0.5249240398406982,0.724632978439331,112.3488028049469,0.5249240398406982,0.724632978439331,112.3488028049469
nc_papers100m_195trainer_0hop_balanced_local_bs4096_800r,20260914_212747_ogbn-papers100M_FedAvg_bs4096_seed42_beta10000p0,ogbn-papers100M,FedAvg,4096,42,10000.0,154,validation,0.2021,3.7879,0.2021,3.7879,462,0.19662880897521973,0.19662880897521973,0.5114536285400391,0.7080824375152588,113.05688524246216,0.5114536285400391,0.7080824375152588,113.05688524246216
nc_papers100m_195trainer_0hop_balanced_local_bs4096_800r,20260914_212747_ogbn-papers100M_FedAvg_bs4096_seed42_beta10000p0,ogbn-papers100M,FedAvg,4096,42,10000.0,155,validation,0.2028,3.7838,0.2028,3.7838,465,0.20224261283874512,0.20224261283874512,0.5178797245025635,0.7201223373413086,113.77700757980347,0.5178797245025635,0.7201223373413086,113.77700757980347
nc_papers100m_195trainer_0hop_balanced_local_bs4096_800r,20260914_212747_ogbn-papers100M_FedAvg_bs4096_seed42_beta10000p0,ogbn-papers100M,FedAvg,4096,42,10000.0,156,validation,0.2033,3.7797,0.2033,3.7797,468,0.20347213745117188,0.20347213745117188,0.5297431945800781,0.73321533203125,114.51022291183472,0.5297431945800781,0.73321533203125,114.51022291183472
nc_papers100m_195trainer_0hop_balanced_local_bs4096_800r,20260914_212747_ogbn-papers100M_FedAvg_bs4096_seed42_beta10000p0,ogbn-papers100M,FedAvg,4096,42,10000.0,157,validation,0.2038,3.7756,0.2038,3.7756,471,0.20163416862487793,0.20163416862487793,0.5248184204101562,0.7264525890350342,115.23667550086975,0.5248184204101562,0.7264525890350342,115.23667550086975
nc_papers100m_195trainer_0hop_balanced_local_bs4096_800r,20260914_212747_ogbn-papers100M_FedAvg_bs4096_seed42_beta10000p0,ogbn-papers100M,FedAvg,4096,42,10000.0,158,validation,0.2043,3.7715,0.2043,3.7715,474,0.19926810264587402,0.19926810264587402,0.5248456001281738,0.7241137027740479,115.9607892036438,0.5248456001281738,0.7241137027740479,115.9607892036438
nc_papers100m_195trainer_0hop_balanced_local_bs4096_800r,20260914_212747_ogbn-papers100M_FedAvg_bs4096_seed42_beta10000p0,ogbn-papers100M,FedAvg,4096,42,10000.0,159,validation,0.2047,3.7676,0.2047,3.7676,477,0.20120000839233398,0.20120000839233398,0.5293762683868408,0.7305762767791748,116.69136548042297,0.5293762683868408,0.7305762767791748,116.69136548042297
nc_papers100m_195trainer_0hop_balanced_local_bs4096_800r,20260914_212747_ogbn-papers100M_FedAvg_bs4096_seed42_beta10000p0,ogbn-papers100M,FedAvg,4096,42,10000.0,160,validation,0.2053,3.7636,0.2053,3.7636,480,0.1967179775238037,0.1967179775238037,0.5360610485076904,0.7327790260314941,117.42414450645447,0.5360610485076904,0.7327790260314941,117.42414450645447
nc_papers100m_195trainer_0hop_balanced_local_bs4096_800r,20260914_212747_ogbn-papers100M_FedAvg_bs4096_seed42_beta10000p0,ogbn-papers100M,FedAvg,4096,42,10000.0,161,validation,0.2059,3.7596,0.2059,3.7596,483,0.1995229721069336,0.1995229721069336,0.581535816192627,0.7810587882995605,118.20520329475403,0.581535816192627,0.7810587882995605,118.20520329475403
nc_papers100m_195trainer_0hop_balanced_local_bs4096_800r,20260914_212747_ogbn-papers100M_FedAvg_bs4096_seed42_beta10000p0,ogbn-papers100M,FedAvg,4096,42,10000.0,162,validation,0.2064,3.7556,0.2064,3.7556,486,0.202836275100708,0.202836275100708,0.5178606510162354,0.7206969261169434,118.92590022087097,0.5178606510162354,0.7206969261169434,118.92590022087097
nc_papers100m_195trainer_0hop_balanced_local_bs4096_800r,20260914_212747_ogbn-papers100M_FedAvg_bs4096_seed42_beta10000p0,ogbn-papers100M,FedAvg,4096,42,10000.0,163,validation,0.2069,3.7517,0.2069,3.7517,489,0.20133209228515625,0.20133209228515625,0.522693395614624,0.7240254878997803,119.64992570877075,0.522693395614624,0.7240254878997803,119.64992570877075
nc_papers100m_195trainer_0hop_balanced_local_bs4096_800r,20260914_212747_ogbn-papers100M_FedAvg_bs4096_seed42_beta10000p0,ogbn-papers100M,FedAvg,4096,42,10000.0,164,validation,0.2073,3.7479,0.2073,3.7479,492,0.19898486137390137,0.19898486137390137,0.534001350402832,0.7329862117767334,120.38291192054749,0.534001350402832,0.7329862117767334,120.38291192054749
nc_papers100m_195trainer_0hop_balanced_local_bs4096_800r,20260914_212747_ogbn-papers100M_FedAvg_bs4096_seed42_beta10000p0,ogbn-papers100M,FedAvg,4096,42,10000.0,165,validation,0.2077,3.744,0.2077,3.744,495,0.19806194305419922,0.19806194305419922,0.5407471656799316,0.7388091087341309,121.12172102928162,0.5407471656799316,0.7388091087341309,121.12172102928162
nc_papers100m_195trainer_0hop_balanced_local_bs4096_800r,20260914_212747_ogbn-papers100M_FedAvg_bs4096_seed42_beta10000p0,ogbn-papers100M,FedAvg,4096,42,10000.0,166,validation,0.2082,3.7403,0.2082,3.7403,498,0.2009570598602295,0.2009570598602295,0.525399923324585,0.7263569831848145,121.84807801246643,0.525399923324585,0.7263569831848145,121.84807801246643
nc_papers100m_195trainer_0hop_balanced_local_bs4096_800r,20260914_212747_ogbn-papers100M_FedAvg_bs4096_seed42_beta10000p0,ogbn-papers100M,FedAvg,4096,42,10000.0,167,validation,0.2088,3.7364,0.2088,3.7364,501,0.20303654670715332,0.20303654670715332,0.5196788311004639,0.7227153778076172,122.57079339027405,0.5196788311004639,0.7227153778076172,122.57079339027405
nc_papers100m_195trainer_0hop_balanced_local_bs4096_800r,20260914_212747_ogbn-papers100M_FedAvg_bs4096_seed42_beta10000p0,ogbn-papers100M,FedAvg,4096,42,10000.0,168,validation,0.2095,3.7326,0.2095,3.7326,504,0.2057971954345703,0.2057971954345703,0.5316765308380127,0.737473726272583,123.30826711654663,0.5316765308380127,0.737473726272583,123.30826711654663
nc_papers100m_195trainer_0hop_balanced_local_bs4096_800r,20260914_212747_ogbn-papers100M_FedAvg_bs4096_seed42_beta10000p0,ogbn-papers100M,FedAvg,4096,42,10000.0,169,validation,0.21,3.7289,0.21,3.7289,507,0.2064652442932129,0.2064652442932129,0.5357775688171387,0.7422428131103516,124.05050992965698,0.5357775688171387,0.7422428131103516,124.05050992965698
nc_papers100m_195trainer_0hop_balanced_local_bs4096_800r,20260914_212747_ogbn-papers100M_FedAvg_bs4096_seed42_beta10000p0,ogbn-papers100M,FedAvg,4096,42,10000.0,170,validation,0.2105,3.7251,0.2105,3.7251,510,0.19797539710998535,0.19797539710998535,0.525460958480835,0.7234363555908203,124.7739462852478,0.525460958480835,0.7234363555908203,124.7739462852478
nc_papers100m_195trainer_0hop_balanced_local_bs4096_800r,20260914_212747_ogbn-papers100M_FedAvg_bs4096_seed42_beta10000p0,ogbn-papers100M,FedAvg,4096,42,10000.0,171,validation,0.211,3.7214,0.211,3.7214,513,0.20082688331604004,0.20082688331604004,0.5216720104217529,0.722498893737793,125.4964451789856,0.5216720104217529,0.722498893737793,125.4964451789856
nc_papers100m_195trainer_0hop_balanced_local_bs4096_800r,20260914_212747_ogbn-papers100M_FedAvg_bs4096_seed42_beta10000p0,ogbn-papers100M,FedAvg,4096,42,10000.0,172,validation,0.2116,3.7177,0.2116,3.7177,516,0.20072031021118164,0.20072031021118164,0.5190877914428711,0.7198081016540527,126.21625328063965,0.5190877914428711,0.7198081016540527,126.21625328063965
nc_papers100m_195trainer_0hop_balanced_local_bs4096_800r,20260914_212747_ogbn-papers100M_FedAvg_bs4096_seed42_beta10000p0,ogbn-papers100M,FedAvg,4096,42,10000.0,173,validation,0.212,3.7141,0.212,3.7141,519,0.20230770111083984,0.20230770111083984,0.5323066711425781,0.734614372253418,126.95086765289307,0.5323066711425781,0.734614372253418,126.95086765289307
nc_papers100m_195trainer_0hop_balanced_local_bs4096_800r,20260914_212747_ogbn-papers100M_FedAvg_bs4096_seed42_beta10000p0,ogbn-papers100M,FedAvg,4096,42,10000.0,174,validation,0.2125,3.7105,0.2125,3.7105,522,0.2004857063293457,0.2004857063293457,0.5485849380493164,0.7490706443786621,127.69993829727173,0.5485849380493164,0.7490706443786621,127.69993829727173
nc_papers100m_195trainer_0hop_balanced_local_bs4096_800r,20260914_212747_ogbn-papers100M_FedAvg_bs4096_seed42_beta10000p0,ogbn-papers100M,FedAvg,4096,42,10000.0,175,validation,0.213,3.707,0.213,3.707,525,0.20031976699829102,0.20031976699829102,0.5329978466033936,0.7333176136016846,128.4332559108734,0.5329978466033936,0.7333176136016846,128.4332559108734
nc_papers100m_195trainer_0hop_balanced_local_bs4096_800r,20260914_212747_ogbn-papers100M_FedAvg_bs4096_seed42_beta10000p0,ogbn-papers100M,FedAvg,4096,42,10000.0,176,validation,0.2134,3.7033,0.2134,3.7033,528,0.20007848739624023,0.20007848739624023,0.5123550891876221,0.7124335765838623,129.14568948745728,0.5123550891876221,0.7124335765838623,129.14568948745728
nc_papers100m_195trainer_0hop_balanced_local_bs4096_800r,20260914_212747_ogbn-papers100M_FedAvg_bs4096_seed42_beta10000p0,ogbn-papers100M,FedAvg,4096,42,10000.0,177,validation,0.2138,3.6997,0.2138,3.6997,531,0.2029860019683838,0.2029860019683838,0.5195655822753906,0.7225515842437744,129.86824107170105,0.5195655822753906,0.7225515842437744,129.86824107170105
nc_papers100m_195trainer_0hop_balanced_local_bs4096_800r,20260914_212747_ogbn-papers100M_FedAvg_bs4096_seed42_beta10000p0,ogbn-papers100M,FedAvg,4096,42,10000.0,178,validation,0.2143,3.6962,0.2143,3.6962,534,0.2027590274810791,0.2027590274810791,0.5335860252380371,0.7363450527191162,130.60458612442017,0.5335860252380371,0.7363450527191162,130.60458612442017
nc_papers100m_195trainer_0hop_balanced_local_bs4096_800r,20260914_212747_ogbn-papers100M_FedAvg_bs4096_seed42_beta10000p0,ogbn-papers100M,FedAvg,4096,42,10000.0,179,validation,0.2149,3.6926,0.2149,3.6926,537,0.20175695419311523,0.20175695419311523,0.5245122909545898,0.7262692451477051,131.33085536956787,0.5245122909545898,0.7262692451477051,131.33085536956787
nc_papers100m_195trainer_0hop_balanced_local_bs4096_800r,20260914_212747_ogbn-papers100M_FedAvg_bs4096_seed42_beta10000p0,ogbn-papers100M,FedAvg,4096,42,10000.0,180,validation,0.2152,3.6891,0.2152,3.6891,540,0.202009916305542,0.202009916305542,0.5090951919555664,0.7111051082611084,132.04196047782898,0.5090951919555664,0.7111051082611084,132.04196047782898
nc_papers100m_195trainer_0hop_balanced_local_bs4096_800r,20260914_212747_ogbn-papers100M_FedAvg_bs4096_seed42_beta10000p0,ogbn-papers100M,FedAvg,4096,42,10000.0,181,validation,0.2157,3.6857,0.2157,3.6857,543,0.20703959465026855,0.20703959465026855,0.5210223197937012,0.7280619144439697,132.77002239227295,0.5210223197937012,0.7280619144439697,132.77002239227295
nc_papers100m_195trainer_0hop_balanced_local_bs4096_800r,20260914_212747_ogbn-papers100M_FedAvg_bs4096_seed42_beta10000p0,ogbn-papers100M,FedAvg,4096,42,10000.0,182,validation,0.2161,3.6822,0.2161,3.6822,546,0.20162582397460938,0.20162582397460938,0.5269651412963867,0.7285909652709961,133.49861335754395,0.5269651412963867,0.7285909652709961,133.49861335754395
nc_papers100m_195trainer_0hop_balanced_local_bs4096_800r,20260914_212747_ogbn-papers100M_FedAvg_bs4096_seed42_beta10000p0,ogbn-papers100M,FedAvg,4096,42,10000.0,183,validation,0.2165,3.6788,0.2165,3.6788,549,0.2012026309967041,0.2012026309967041,0.5141754150390625,0.7153780460357666,134.2139914035797,0.5141754150390625,0.7153780460357666,134.2139914035797
nc_papers100m_195trainer_0hop_balanced_local_bs4096_800r,20260914_212747_ogbn-papers100M_FedAvg_bs4096_seed42_beta10000p0,ogbn-papers100M,FedAvg,4096,42,10000.0,184,validation,0.2167,3.6754,0.2167,3.6754,552,0.201768159866333,0.201768159866333,0.5163998603820801,0.7181680202484131,134.93215942382812,0.5163998603820801,0.7181680202484131,134.93215942382812
nc_papers100m_195trainer_0hop_balanced_local_bs4096_800r,20260914_212747_ogbn-papers100M_FedAvg_bs4096_seed42_beta10000p0,ogbn-papers100M,FedAvg,4096,42,10000.0,185,validation,0.2171,3.672,0.2171,3.672,555,0.20275568962097168,0.20275568962097168,0.5174860954284668,0.7202417850494385,135.65240120887756,0.5174860954284668,0.7202417850494385,135.65240120887756
nc_papers100m_195trainer_0hop_balanced_local_bs4096_800r,20260914_212747_ogbn-papers100M_FedAvg_bs4096_seed42_beta10000p0,ogbn-papers100M,FedAvg,4096,42,10000.0,186,validation,0.2175,3.6686,0.2175,3.6686,558,0.20213627815246582,0.20213627815246582,0.5367450714111328,0.7388813495635986,136.39128255844116,0.5367450714111328,0.7388813495635986,136.39128255844116
nc_papers100m_195trainer_0hop_balanced_local_bs4096_800r,20260914_212747_ogbn-papers100M_FedAvg_bs4096_seed42_beta10000p0,ogbn-papers100M,FedAvg,4096,42,10000.0,187,validation,0.218,3.6653,0.218,3.6653,561,0.2013249397277832,0.2013249397277832,0.5333824157714844,0.7347073554992676,137.12598991394043,0.5333824157714844,0.7347073554992676,137.12598991394043
nc_papers100m_195trainer_0hop_balanced_local_bs4096_800r,20260914_212747_ogbn-papers100M_FedAvg_bs4096_seed42_beta10000p0,ogbn-papers100M,FedAvg,4096,42,10000.0,188,validation,0.2182,3.662,0.2182,3.662,564,0.19953274726867676,0.19953274726867676,0.5137014389038086,0.7132341861724854,137.83922410011292,0.5137014389038086,0.7132341861724854,137.83922410011292
nc_papers100m_195trainer_0hop_balanced_local_bs4096_800r,20260914_212747_ogbn-papers100M_FedAvg_bs4096_seed42_beta10000p0,ogbn-papers100M,FedAvg,4096,42,10000.0,189,validation,0.2186,3.6586,0.2186,3.6586,567,0.20402026176452637,0.20402026176452637,0.5154721736907959,0.7194924354553223,138.55871653556824,0.5154721736907959,0.7194924354553223,138.55871653556824
nc_papers100m_195trainer_0hop_balanced_local_bs4096_800r,20260914_212747_ogbn-papers100M_FedAvg_bs4096_seed42_beta10000p0,ogbn-papers100M,FedAvg,4096,42,10000.0,190,validation,0.219,3.6554,0.219,3.6554,570,0.20342421531677246,0.20342421531677246,0.5321662425994873,0.7355904579162598,139.2943069934845,0.5321662425994873,0.7355904579162598,139.2943069934845
nc_papers100m_195trainer_0hop_balanced_local_bs4096_800r,20260914_212747_ogbn-papers100M_FedAvg_bs4096_seed42_beta10000p0,ogbn-papers100M,FedAvg,4096,42,10000.0,191,validation,0.2195,3.6521,0.2195,3.6521,573,0.2030622959136963,0.2030622959136963,0.5282671451568604,0.7313294410705566,140.02563643455505,0.5282671451568604,0.7313294410705566,140.02563643455505
nc_papers100m_195trainer_0hop_balanced_local_bs4096_800r,20260914_212747_ogbn-papers100M_FedAvg_bs4096_seed42_beta10000p0,ogbn-papers100M,FedAvg,4096,42,10000.0,192,validation,0.2198,3.6488,0.2198,3.6488,576,0.20000982284545898,0.20000982284545898,0.5194251537322998,0.7194349765777588,140.7450714111328,0.5194251537322998,0.7194349765777588,140.7450714111328
nc_papers100m_195trainer_0hop_balanced_local_bs4096_800r,20260914_212747_ogbn-papers100M_FedAvg_bs4096_seed42_beta10000p0,ogbn-papers100M,FedAvg,4096,42,10000.0,193,validation,0.2202,3.6456,0.2202,3.6456,579,0.199920654296875,0.199920654296875,0.5188941955566406,0.7188148498535156,141.46388626098633,0.5188941955566406,0.7188148498535156,141.46388626098633
nc_papers100m_195trainer_0hop_balanced_local_bs4096_800r,20260914_212747_ogbn-papers100M_FedAvg_bs4096_seed42_beta10000p0,ogbn-papers100M,FedAvg,4096,42,10000.0,194,validation,0.2207,3.6424,0.2207,3.6424,582,0.20064115524291992,0.20064115524291992,0.5230555534362793,0.7236967086791992,142.18758296966553,0.5230555534362793,0.7236967086791992,142.18758296966553
nc_papers100m_195trainer_0hop_balanced_local_bs4096_800r,20260914_212747_ogbn-papers100M_FedAvg_bs4096_seed42_beta10000p0,ogbn-papers100M,FedAvg,4096,42,10000.0,195,validation,0.221,3.6392,0.221,3.6392,585,0.20365571975708008,0.20365571975708008,0.5156161785125732,0.7192718982696533,142.90685486793518,0.5156161785125732,0.7192718982696533,142.90685486793518
nc_papers100m_195trainer_0hop_balanced_local_bs4096_800r,20260914_212747_ogbn-papers100M_FedAvg_bs4096_seed42_beta10000p0,ogbn-papers100M,FedAvg,4096,42,10000.0,196,validation,0.2213,3.636,0.2213,3.636,588,0.20300889015197754,0.20300889015197754,0.5171236991882324,0.72013258934021,143.6269874572754,0.5171236991882324,0.72013258934021,143.6269874572754
nc_papers100m_195trainer_0hop_balanced_local_bs4096_800r,20260914_212747_ogbn-papers100M_FedAvg_bs4096_seed42_beta10000p0,ogbn-papers100M,FedAvg,4096,42,10000.0,197,validation,0.2216,3.6328,0.2216,3.6328,591,0.20059871673583984,0.20059871673583984,0.5134975910186768,0.7140963077545166,144.3410837650299,0.5134975910186768,0.7140963077545166,144.3410837650299
nc_papers100m_195trainer_0hop_balanced_local_bs4096_800r,20260914_212747_ogbn-papers100M_FedAvg_bs4096_seed42_beta10000p0,ogbn-papers100M,FedAvg,4096,42,10000.0,198,validation,0.222,3.6297,0.222,3.6297,594,0.19930052757263184,0.19930052757263184,0.5163233280181885,0.7156238555908203,145.05670762062073,0.5163233280181885,0.7156238555908203,145.05670762062073
nc_papers100m_195trainer_0hop_balanced_local_bs4096_800r,20260914_212747_ogbn-papers100M_FedAvg_bs4096_seed42_beta10000p0,ogbn-papers100M,FedAvg,4096,42,10000.0,199,validation,0.2222,3.6265,0.2222,3.6265,597,0.20002079010009766,0.20002079010009766,0.5318949222564697,0.7319157123565674,145.7886233329773,0.5318949222564697,0.7319157123565674,145.7886233329773
nc_papers100m_195trainer_0hop_balanced_local_bs4096_800r,20260914_212747_ogbn-papers100M_FedAvg_bs4096_seed42_beta10000p0,ogbn-papers100M,FedAvg,4096,42,10000.0,200,validation,0.2226,3.6234,0.2226,3.6234,600,0.20264554023742676,0.20264554023742676,0.5251741409301758,0.7278196811676025,146.5164430141449,0.5251741409301758,0.7278196811676025,146.5164430141449
nc_papers100m_195trainer_0hop_balanced_local_bs4096_800r,20260914_212747_ogbn-papers100M_FedAvg_bs4096_seed42_beta10000p0,ogbn-papers100M,FedAvg,4096,42,10000.0,201,validation,0.2229,3.6203,0.2229,3.6203,603,0.20685315132141113,0.20685315132141113,0.5178718566894531,0.7247250080108643,147.24116802215576,0.5178718566894531,0.7247250080108643,147.24116802215576
nc_papers100m_195trainer_0hop_balanced_local_bs4096_800r,20260914_212747_ogbn-papers100M_FedAvg_bs4096_seed42_beta10000p0,ogbn-papers100M,FedAvg,4096,42,10000.0,202,validation,0.2233,3.6173,0.2233,3.6173,606,0.20365238189697266,0.20365238189697266,0.5222933292388916,0.7259457111358643,147.96711373329163,0.5222933292388916,0.7259457111358643,147.96711373329163
nc_papers100m_195trainer_0hop_balanced_local_bs4096_800r,20260914_212747_ogbn-papers100M_FedAvg_bs4096_seed42_beta10000p0,ogbn-papers100M,FedAvg,4096,42,10000.0,203,validation,0.2237,3.6143,0.2237,3.6143,609,0.19727683067321777,0.19727683067321777,0.5283145904541016,0.7255914211273193,148.69270515441895,0.5283145904541016,0.7255914211273193,148.69270515441895
nc_papers100m_195trainer_0hop_balanced_local_bs4096_800r,20260914_212747_ogbn-papers100M_FedAvg_bs4096_seed42_beta10000p0,ogbn-papers100M,FedAvg,4096,42,10000.0,204,validation,0.2242,3.6112,0.2242,3.6112,612,0.20007705688476562,0.20007705688476562,0.5297918319702148,0.7298688888549805,149.42257404327393,0.5297918319702148,0.7298688888549805,149.42257404327393
nc_papers100m_195trainer_0hop_balanced_local_bs4096_800r,20260914_212747_ogbn-papers100M_FedAvg_bs4096_seed42_beta10000p0,ogbn-papers100M,FedAvg,4096,42,10000.0,205,validation,0.2245,3.6082,0.2245,3.6082,615,0.20168256759643555,0.20168256759643555,0.5215368270874023,0.7232193946838379,150.14579343795776,0.5215368270874023,0.7232193946838379,150.14579343795776
nc_papers100m_195trainer_0hop_balanced_local_bs4096_800r,20260914_212747_ogbn-papers100M_FedAvg_bs4096_seed42_beta10000p0,ogbn-papers100M,FedAvg,4096,42,10000.0,206,validation,0.2249,3.6052,0.2249,3.6052,618,0.2040860652923584,0.2040860652923584,0.5247864723205566,0.728872537612915,150.87466597557068,0.5247864723205566,0.728872537612915,150.87466597557068
nc_papers100m_195trainer_0hop_balanced_local_bs4096_800r,20260914_212747_ogbn-papers100M_FedAvg_bs4096_seed42_beta10000p0,ogbn-papers100M,FedAvg,4096,42,10000.0,207,validation,0.2251,3.6022,0.2251,3.6022,621,0.2055366039276123,0.2055366039276123,0.5307013988494873,0.7362380027770996,151.61090397834778,0.5307013988494873,0.7362380027770996,151.61090397834778
nc_papers100m_195trainer_0hop_balanced_local_bs4096_800r,20260914_212747_ogbn-papers100M_FedAvg_bs4096_seed42_beta10000p0,ogbn-papers100M,FedAvg,4096,42,10000.0,208,validation,0.2255,3.5993,0.2255,3.5993,624,0.19812607765197754,0.19812607765197754,0.5260477066040039,0.7241737842559814,152.33507776260376,0.5260477066040039,0.7241737842559814,152.33507776260376
nc_papers100m_195trainer_0hop_balanced_local_bs4096_800r,20260914_212747_ogbn-papers100M_FedAvg_bs4096_seed42_beta10000p0,ogbn-papers100M,FedAvg,4096,42,10000.0,209,validation,0.2259,3.5963,0.2259,3.5963,627,0.19843316078186035,0.19843316078186035,0.5260913372039795,0.7245244979858398,153.0596022605896,0.5260913372039795,0.7245244979858398,153.0596022605896
nc_papers100m_195trainer_0hop_balanced_local_bs4096_800r,20260914_212747_ogbn-papers100M_FedAvg_bs4096_seed42_beta10000p0,ogbn-papers100M,FedAvg,4096,42,10000.0,210,validation,0.2262,3.5933,0.2262,3.5933,630,0.20309686660766602,0.20309686660766602,0.5185000896453857,0.7215969562530518,153.78119921684265,0.5185000896453857,0.7215969562530518,153.78119921684265
nc_papers100m_195trainer_0hop_balanced_local_bs4096_800r,20260914_212747_ogbn-papers100M_FedAvg_bs4096_seed42_beta10000p0,ogbn-papers100M,FedAvg,4096,42,10000.0,211,validation,0.2266,3.5904,0.2266,3.5904,633,0.2023758888244629,0.2023758888244629,0.5319299697875977,0.7343058586120605,154.5155050754547,0.5319299697875977,0.7343058586120605,154.5155050754547
nc_papers100m_195trainer_0hop_balanced_local_bs4096_800r,20260914_212747_ogbn-papers100M_FedAvg_bs4096_seed42_beta10000p0,ogbn-papers100M,FedAvg,4096,42,10000.0,212,validation,0.227,3.5875,0.227,3.5875,636,0.20128941535949707,0.20128941535949707,0.5405759811401367,0.7418653964996338,155.25737047195435,0.5405759811401367,0.7418653964996338,155.25737047195435
nc_papers100m_195trainer_0hop_balanced_local_bs4096_800r,20260914_212747_ogbn-papers100M_FedAvg_bs4096_seed42_beta10000p0,ogbn-papers100M,FedAvg,4096,42,10000.0,213,validation,0.2273,3.5846,0.2273,3.5846,639,0.201585054397583,0.201585054397583,0.51997971534729,0.721564769744873,155.97893524169922,0.51997971534729,0.721564769744873,155.97893524169922
nc_papers100m_195trainer_0hop_balanced_local_bs4096_800r,20260914_212747_ogbn-papers100M_FedAvg_bs4096_seed42_beta10000p0,ogbn-papers100M,FedAvg,4096,42,10000.0,214,validation,0.2277,3.5816,0.2277,3.5816,642,0.19832777976989746,0.19832777976989746,0.5330233573913574,0.7313511371612549,156.71028637886047,0.5330233573913574,0.7313511371612549,156.71028637886047
nc_papers100m_195trainer_0hop_balanced_local_bs4096_800r,20260914_212747_ogbn-papers100M_FedAvg_bs4096_seed42_beta10000p0,ogbn-papers100M,FedAvg,4096,42,10000.0,215,validation,0.228,3.5787,0.228,3.5787,645,0.19700241088867188,0.19700241088867188,0.5307953357696533,0.7277977466583252,157.4380841255188,0.5307953357696533,0.7277977466583252,157.4380841255188
nc_papers100m_195trainer_0hop_balanced_local_bs4096_800r,20260914_212747_ogbn-papers100M_FedAvg_bs4096_seed42_beta10000p0,ogbn-papers100M,FedAvg,4096,42,10000.0,216,validation,0.2284,3.5759,0.2284,3.5759,648,0.20203685760498047,0.20203685760498047,0.5312018394470215,0.733238697052002,158.1713228225708,0.5312018394470215,0.733238697052002,158.1713228225708
nc_papers100m_195trainer_0hop_balanced_local_bs4096_800r,20260914_212747_ogbn-papers100M_FedAvg_bs4096_seed42_beta10000p0,ogbn-papers100M,FedAvg,4096,42,10000.0,217,validation,0.2288,3.5731,0.2288,3.5731,651,0.20215797424316406,0.20215797424316406,0.5200669765472412,0.7222249507904053,158.8935477733612,0.5200669765472412,0.7222249507904053,158.8935477733612
nc_papers100m_195trainer_0hop_balanced_local_bs4096_800r,20260914_212747_ogbn-papers100M_FedAvg_bs4096_seed42_beta10000p0,ogbn-papers100M,FedAvg,4096,42,10000.0,218,validation,0.2291,3.5703,0.2291,3.5703,654,0.20055341720581055,0.20055341720581055,0.5222487449645996,0.7228021621704102,159.61634993553162,0.5222487449645996,0.7228021621704102,159.61634993553162
nc_papers100m_195trainer_0hop_balanced_local_bs4096_800r,20260914_212747_ogbn-papers100M_FedAvg_bs4096_seed42_beta10000p0,ogbn-papers100M,FedAvg,4096,42,10000.0,219,validation,0.2293,3.5674,0.2293,3.5674,657,0.19792413711547852,0.19792413711547852,0.5369713306427002,0.7348954677581787,160.3512454032898,0.5369713306427002,0.7348954677581787,160.3512454032898
nc_papers100m_195trainer_0hop_balanced_local_bs4096_800r,20260914_212747_ogbn-papers100M_FedAvg_bs4096_seed42_beta10000p0,ogbn-papers100M,FedAvg,4096,42,10000.0,220,validation,0.2296,3.5647,0.2296,3.5647,660,0.1985766887664795,0.1985766887664795,0.5275051593780518,0.7260818481445312,161.07732725143433,0.5275051593780518,0.7260818481445312,161.07732725143433
nc_papers100m_195trainer_0hop_balanced_local_bs4096_800r,20260914_212747_ogbn-papers100M_FedAvg_bs4096_seed42_beta10000p0,ogbn-papers100M,FedAvg,4096,42,10000.0,221,validation,0.2299,3.5619,0.2299,3.5619,663,0.200484037399292,0.200484037399292,0.5341999530792236,0.7346839904785156,161.81201124191284,0.5341999530792236,0.7346839904785156,161.81201124191284
nc_papers100m_195trainer_0hop_balanced_local_bs4096_800r,20260914_212747_ogbn-papers100M_FedAvg_bs4096_seed42_beta10000p0,ogbn-papers100M,FedAvg,4096,42,10000.0,222,validation,0.2302,3.5591,0.2302,3.5591,666,0.2014026641845703,0.2014026641845703,0.5153539180755615,0.7167565822601318,162.52876782417297,0.5153539180755615,0.7167565822601318,162.52876782417297
nc_papers100m_195trainer_0hop_balanced_local_bs4096_800r,20260914_212747_ogbn-papers100M_FedAvg_bs4096_seed42_beta10000p0,ogbn-papers100M,FedAvg,4096,42,10000.0,223,validation,0.2305,3.5564,0.2305,3.5564,669,0.2033858299255371,0.2033858299255371,0.5186920166015625,0.7220778465270996,163.25084567070007,0.5186920166015625,0.7220778465270996,163.25084567070007
nc_papers100m_195trainer_0hop_balanced_local_bs4096_800r,20260914_212747_ogbn-papers100M_FedAvg_bs4096_seed42_beta10000p0,ogbn-papers100M,FedAvg,4096,42,10000.0,224,validation,0.2308,3.5536,0.2308,3.5536,672,0.1988978385925293,0.1988978385925293,0.5287699699401855,0.7276678085327148,163.9785134792328,0.5287699699401855,0.7276678085327148,163.9785134792328
nc_papers100m_195trainer_0hop_balanced_local_bs4096_800r,20260914_212747_ogbn-papers100M_FedAvg_bs4096_seed42_beta10000p0,ogbn-papers100M,FedAvg,4096,42,10000.0,225,validation,0.2311,3.5508,0.2311,3.5508,675,0.1982135772705078,0.1982135772705078,0.5535576343536377,0.7517712116241455,164.73028469085693,0.5535576343536377,0.7517712116241455,164.73028469085693
nc_papers100m_195trainer_0hop_balanced_local_bs4096_800r,20260914_212747_ogbn-papers100M_FedAvg_bs4096_seed42_beta10000p0,ogbn-papers100M,FedAvg,4096,42,10000.0,226,validation,0.2314,3.5481,0.2314,3.5481,678,0.20111584663391113,0.20111584663391113,0.5215070247650146,0.7226228713989258,165.45290756225586,0.5215070247650146,0.7226228713989258,165.45290756225586
nc_papers100m_195trainer_0hop_balanced_local_bs4096_800r,20260914_212747_ogbn-papers100M_FedAvg_bs4096_seed42_beta10000p0,ogbn-papers100M,FedAvg,4096,42,10000.0,227,validation,0.2318,3.5455,0.2318,3.5455,681,0.2051982879638672,0.2051982879638672,0.5236339569091797,0.7288322448730469,166.1817398071289,0.5236339569091797,0.7288322448730469,166.1817398071289
nc_papers100m_195trainer_0hop_balanced_local_bs4096_800r,20260914_212747_ogbn-papers100M_FedAvg_bs4096_seed42_beta10000p0,ogbn-papers100M,FedAvg,4096,42,10000.0,228,validation,0.2319,3.5427,0.2319,3.5427,684,0.20177888870239258,0.20177888870239258,0.5211734771728516,0.7229523658752441,166.90469217300415,0.5211734771728516,0.7229523658752441,166.90469217300415
nc_papers100m_195trainer_0hop_balanced_local_bs4096_800r,20260914_212747_ogbn-papers100M_FedAvg_bs4096_seed42_beta10000p0,ogbn-papers100M,FedAvg,4096,42,10000.0,229,validation,0.2323,3.54,0.2323,3.54,687,0.20104122161865234,0.20104122161865234,0.5228054523468018,0.7238466739654541,167.6285388469696,0.5228054523468018,0.7238466739654541,167.6285388469696
nc_papers100m_195trainer_0hop_balanced_local_bs4096_800r,20260914_212747_ogbn-papers100M_FedAvg_bs4096_seed42_beta10000p0,ogbn-papers100M,FedAvg,4096,42,10000.0,230,validation,0.2325,3.5373,0.2325,3.5373,690,0.19779062271118164,0.19779062271118164,0.510545015335083,0.7083356380462646,168.33687448501587,0.510545015335083,0.7083356380462646,168.33687448501587
nc_papers100m_195trainer_0hop_balanced_local_bs4096_800r,20260914_212747_ogbn-papers100M_FedAvg_bs4096_seed42_beta10000p0,ogbn-papers100M,FedAvg,4096,42,10000.0,231,validation,0.2327,3.5347,0.2327,3.5347,693,0.20784640312194824,0.20784640312194824,0.5128002166748047,0.7206466197967529,169.05752110481262,0.5128002166748047,0.7206466197967529,169.05752110481262
nc_papers100m_195trainer_0hop_balanced_local_bs4096_800r,20260914_212747_ogbn-papers100M_FedAvg_bs4096_seed42_beta10000p0,ogbn-papers100M,FedAvg,4096,42,10000.0,232,validation,0.2331,3.5321,0.2331,3.5321,696,0.201765775680542,0.201765775680542,0.5244410037994385,0.7262067794799805,169.7837278842926,0.5244410037994385,0.7262067794799805,169.7837278842926
nc_papers100m_195trainer_0hop_balanced_local_bs4096_800r,20260914_212747_ogbn-papers100M_FedAvg_bs4096_seed42_beta10000p0,ogbn-papers100M,FedAvg,4096,42,10000.0,233,validation,0.2334,3.5294,0.2334,3.5294,699,0.20155692100524902,0.20155692100524902,0.5211670398712158,0.7227239608764648,170.50645184516907,0.5211670398712158,0.7227239608764648,170.50645184516907
nc_papers100m_195trainer_0hop_balanced_local_bs4096_800r,20260914_212747_ogbn-papers100M_FedAvg_bs4096_seed42_beta10000p0,ogbn-papers100M,FedAvg,4096,42,10000.0,234,validation,0.2337,3.5268,0.2337,3.5268,702,0.20064520835876465,0.20064520835876465,0.5207622051239014,0.721407413482666,171.22785925865173,0.5207622051239014,0.721407413482666,171.22785925865173
nc_papers100m_195trainer_0hop_balanced_local_bs4096_800r,20260914_212747_ogbn-papers100M_FedAvg_bs4096_seed42_beta10000p0,ogbn-papers100M,FedAvg,4096,42,10000.0,235,validation,0.234,3.5242,0.234,3.5242,705,0.20122313499450684,0.20122313499450684,0.5244777202606201,0.725700855255127,171.95356011390686,0.5244777202606201,0.725700855255127,171.95356011390686
nc_papers100m_195trainer_0hop_balanced_local_bs4096_800r,20260914_212747_ogbn-papers100M_FedAvg_bs4096_seed42_beta10000p0,ogbn-papers100M,FedAvg,4096,42,10000.0,236,validation,0.2343,3.5217,0.2343,3.5217,708,0.20028138160705566,0.20028138160705566,0.5276007652282715,0.7278821468353271,172.6814422607422,0.5276007652282715,0.7278821468353271,172.6814422607422
nc_papers100m_195trainer_0hop_balanced_local_bs4096_800r,20260914_212747_ogbn-papers100M_FedAvg_bs4096_seed42_beta10000p0,ogbn-papers100M,FedAvg,4096,42,10000.0,237,validation,0.2346,3.5191,0.2346,3.5191,711,0.20205998420715332,0.20205998420715332,0.5258493423461914,0.7279093265533447,173.40935158729553,0.5258493423461914,0.7279093265533447,173.40935158729553
nc_papers100m_195trainer_0hop_balanced_local_bs4096_800r,20260914_212747_ogbn-papers100M_FedAvg_bs4096_seed42_beta10000p0,ogbn-papers100M,FedAvg,4096,42,10000.0,238,validation,0.2349,3.5165,0.2349,3.5165,714,0.2007005214691162,0.2007005214691162,0.545616626739502,0.7463171482086182,174.15566873550415,0.545616626739502,0.7463171482086182,174.15566873550415
nc_papers100m_195trainer_0hop_balanced_local_bs4096_800r,20260914_212747_ogbn-papers100M_FedAvg_bs4096_seed42_beta10000p0,ogbn-papers100M,FedAvg,4096,42,10000.0,239,validation,0.235,3.514,0.235,3.514,717,0.20421791076660156,0.20421791076660156,0.519291877746582,0.7235097885131836,174.87917852401733,0.519291877746582,0.7235097885131836,174.87917852401733
nc_papers100m_195trainer_0hop_balanced_local_bs4096_800r,20260914_212747_ogbn-papers100M_FedAvg_bs4096_seed42_beta10000p0,ogbn-papers100M,FedAvg,4096,42,10000.0,240,validation,0.2353,3.5114,0.2353,3.5114,720,0.20134663581848145,0.20134663581848145,0.5302410125732422,0.7315876483917236,175.61076617240906,0.5302410125732422,0.7315876483917236,175.61076617240906
nc_papers100m_195trainer_0hop_balanced_local_bs4096_800r,20260914_212747_ogbn-papers100M_FedAvg_bs4096_seed42_beta10000p0,ogbn-papers100M,FedAvg,4096,42,10000.0,241,validation,0.2356,3.5088,0.2356,3.5088,723,0.19893097877502441,0.19893097877502441,0.5254745483398438,0.7244055271148682,176.33517169952393,0.5254745483398438,0.7244055271148682,176.33517169952393
nc_papers100m_195trainer_0hop_balanced_local_bs4096_800r,20260914_212747_ogbn-papers100M_FedAvg_bs4096_seed42_beta10000p0,ogbn-papers100M,FedAvg,4096,42,10000.0,242,validation,0.2359,3.5063,0.2359,3.5063,726,0.20075654983520508,0.20075654983520508,0.5394468307495117,0.7402033805847168,177.07537508010864,0.5394468307495117,0.7402033805847168,177.07537508010864
nc_papers100m_195trainer_0hop_balanced_local_bs4096_800r,20260914_212747_ogbn-papers100M_FedAvg_bs4096_seed42_beta10000p0,ogbn-papers100M,FedAvg,4096,42,10000.0,243,validation,0.2362,3.5038,0.2362,3.5038,729,0.20137977600097656,0.20137977600097656,0.5122566223144531,0.7136363983154297,177.78901147842407,0.5122566223144531,0.7136363983154297,177.78901147842407
nc_papers100m_195trainer_0hop_balanced_local_bs4096_800r,20260914_212747_ogbn-papers100M_FedAvg_bs4096_seed42_beta10000p0,ogbn-papers100M,FedAvg,4096,42,10000.0,244,validation,0.2365,3.5014,0.2365,3.5014,732,0.20451712608337402,0.20451712608337402,0.5160577297210693,0.7205748558044434,178.50958633422852,0.5160577297210693,0.7205748558044434,178.50958633422852
nc_papers100m_195trainer_0hop_balanced_local_bs4096_800r,20260914_212747_ogbn-papers100M_FedAvg_bs4096_seed42_beta10000p0,ogbn-papers100M,FedAvg,4096,42,10000.0,245,validation,0.2367,3.4989,0.2367,3.4989,735,0.20340204238891602,0.20340204238891602,0.5312702655792236,0.7346723079681396,179.24425864219666,0.5312702655792236,0.7346723079681396,179.24425864219666
nc_papers100m_195trainer_0hop_balanced_local_bs4096_800r,20260914_212747_ogbn-papers100M_FedAvg_bs4096_seed42_beta10000p0,ogbn-papers100M,FedAvg,4096,42,10000.0,246,validation,0.2371,3.4964,0.2371,3.4964,738,0.2004709243774414,0.2004709243774414,0.5149319171905518,0.7154028415679932,179.95966148376465,0.5149319171905518,0.7154028415679932,179.95966148376465
nc_papers100m_195trainer_0hop_balanced_local_bs4096_800r,20260914_212747_ogbn-papers100M_FedAvg_bs4096_seed42_beta10000p0,ogbn-papers100M,FedAvg,4096,42,10000.0,247,validation,0.2373,3.4939,0.2373,3.4939,741,0.20076632499694824,0.20076632499694824,0.514150857925415,0.7149171829223633,180.674578666687,0.514150857925415,0.7149171829223633,180.674578666687
nc_papers100m_195trainer_0hop_balanced_local_bs4096_800r,20260914_212747_ogbn-papers100M_FedAvg_bs4096_seed42_beta10000p0,ogbn-papers100M,FedAvg,4096,42,10000.0,248,validation,0.2374,3.4915,0.2374,3.4915,744,0.2015068531036377,0.2015068531036377,0.5287964344024658,0.7303032875061035,181.40488195419312,0.5287964344024658,0.7303032875061035,181.40488195419312
nc_papers100m_195trainer_0hop_balanced_local_bs4096_800r,20260914_212747_ogbn-papers100M_FedAvg_bs4096_seed42_beta10000p0,ogbn-papers100M,FedAvg,4096,42,10000.0,249,validation,0.2376,3.4891,0.2376,3.4891,747,0.20107030868530273,0.20107030868530273,0.5273475646972656,0.7284178733825684,182.13329982757568,0.5273475646972656,0.7284178733825684,182.13329982757568
nc_papers100m_195trainer_0hop_balanced_local_bs4096_800r,20260914_212747_ogbn-papers100M_FedAvg_bs4096_seed42_beta10000p0,ogbn-papers100M,FedAvg,4096,42,10000.0,250,validation,0.238,3.4866,0.238,3.4866,750,0.20395708084106445,0.20395708084106445,0.530778169631958,0.7347352504730225,182.8680350780487,0.530778169631958,0.7347352504730225,182.8680350780487
nc_papers100m_195trainer_0hop_balanced_local_bs4096_800r,20260914_212747_ogbn-papers100M_FedAvg_bs4096_seed42_beta10000p0,ogbn-papers100M,FedAvg,4096,42,10000.0,251,validation,0.2382,3.4842,0.2382,3.4842,753,0.20459961891174316,0.20459961891174316,0.5586526393890381,0.7632522583007812,183.6312873363495,0.5586526393890381,0.7632522583007812,183.6312873363495
nc_papers100m_195trainer_0hop_balanced_local_bs4096_800r,20260914_212747_ogbn-papers100M_FedAvg_bs4096_seed42_beta10000p0,ogbn-papers100M,FedAvg,4096,42,10000.0,252,validation,0.2383,3.4818,0.2383,3.4818,756,0.205888032913208,0.205888032913208,0.5120046138763428,0.7178926467895508,184.34917998313904,0.5120046138763428,0.7178926467895508,184.34917998313904
nc_papers100m_195trainer_0hop_balanced_local_bs4096_800r,20260914_212747_ogbn-papers100M_FedAvg_bs4096_seed42_beta10000p0,ogbn-papers100M,FedAvg,4096,42,10000.0,253,validation,0.2386,3.4794,0.2386,3.4794,759,0.20133686065673828,0.20133686065673828,0.5216004848480225,0.7229373455047607,185.0721173286438,0.5216004848480225,0.7229373455047607,185.0721173286438
nc_papers100m_195trainer_0hop_balanced_local_bs4096_800r,20260914_212747_ogbn-papers100M_FedAvg_bs4096_seed42_beta10000p0,ogbn-papers100M,FedAvg,4096,42,10000.0,254,validation,0.2388,3.477,0.2388,3.477,762,0.19989562034606934,0.19989562034606934,0.5225841999053955,0.7224798202514648,185.79459714889526,0.5225841999053955,0.7224798202514648,185.79459714889526
nc_papers100m_195trainer_0hop_balanced_local_bs4096_800r,20260914_212747_ogbn-papers100M_FedAvg_bs4096_seed42_beta10000p0,ogbn-papers100M,FedAvg,4096,42,10000.0,255,validation,0.2391,3.4746,0.2391,3.4746,765,0.20223784446716309,0.20223784446716309,0.5268754959106445,0.7291133403778076,186.52371048927307,0.5268754959106445,0.7291133403778076,186.52371048927307
nc_papers100m_195trainer_0hop_balanced_local_bs4096_800r,20260914_212747_ogbn-papers100M_FedAvg_bs4096_seed42_beta10000p0,ogbn-papers100M,FedAvg,4096,42,10000.0,256,validation,0.2393,3.4722,0.2393,3.4722,768,0.20654582977294922,0.20654582977294922,0.5208542346954346,0.7274000644683838,187.25111055374146,0.5208542346954346,0.7274000644683838,187.25111055374146
nc_papers100m_195trainer_0hop_balanced_local_bs4096_800r,20260914_212747_ogbn-papers100M_FedAvg_bs4096_seed42_beta10000p0,ogbn-papers100M,FedAvg,4096,42,10000.0,257,validation,0.2396,3.4699,0.2396,3.4699,771,0.20111751556396484,0.20111751556396484,0.5224483013153076,0.7235658168792725,187.97467637062073,0.5224483013153076,0.7235658168792725,187.97467637062073
nc_papers100m_195trainer_0hop_balanced_local_bs4096_800r,20260914_212747_ogbn-papers100M_FedAvg_bs4096_seed42_beta10000p0,ogbn-papers100M,FedAvg,4096,42,10000.0,258,validation,0.2398,3.4675,0.2398,3.4675,774,0.20098352432250977,0.20098352432250977,0.5243704319000244,0.7253539562225342,188.70003032684326,0.5243704319000244,0.7253539562225342,188.70003032684326
nc_papers100m_195trainer_0hop_balanced_local_bs4096_800r,20260914_212747_ogbn-papers100M_FedAvg_bs4096_seed42_beta10000p0,ogbn-papers100M,FedAvg,4096,42,10000.0,259,validation,0.2399,3.4652,0.2399,3.4652,777,0.2004101276397705,0.2004101276397705,0.5149474143981934,0.7153575420379639,189.41538786888123,0.5149474143981934,0.7153575420379639,189.41538786888123
nc_papers100m_195trainer_0hop_balanced_local_bs4096_800r,20260914_212747_ogbn-papers100M_FedAvg_bs4096_seed42_beta10000p0,ogbn-papers100M,FedAvg,4096,42,10000.0,260,validation,0.2402,3.4628,0.2402,3.4628,780,0.2020399570465088,0.2020399570465088,0.520172119140625,0.7222120761871338,190.13759994506836,0.520172119140625,0.7222120761871338,190.13759994506836
nc_papers100m_195trainer_0hop_balanced_local_bs4096_800r,20260914_212747_ogbn-papers100M_FedAvg_bs4096_seed42_beta10000p0,ogbn-papers100M,FedAvg,4096,42,10000.0,261,validation,0.2404,3.4605,0.2404,3.4605,783,0.20943951606750488,0.20943951606750488,0.5184919834136963,0.7279314994812012,190.86553144454956,0.5184919834136963,0.7279314994812012,190.86553144454956
nc_papers100m_195trainer_0hop_balanced_local_bs4096_800r,20260914_212747_ogbn-papers100M_FedAvg_bs4096_seed42_beta10000p0,ogbn-papers100M,FedAvg,4096,42,10000.0,262,validation,0.2406,3.4582,0.2406,3.4582,786,0.19899654388427734,0.19899654388427734,0.5202429294586182,0.7192394733428955,191.58477091789246,0.5202429294586182,0.7192394733428955,191.58477091789246
nc_papers100m_195trainer_0hop_balanced_local_bs4096_800r,20260914_212747_ogbn-papers100M_FedAvg_bs4096_seed42_beta10000p0,ogbn-papers100M,FedAvg,4096,42,10000.0,263,validation,0.2407,3.4559,0.2407,3.4559,789,0.19768667221069336,0.19768667221069336,0.5268456935882568,0.7245323657989502,192.3093032836914,0.5268456935882568,0.7245323657989502,192.3093032836914
nc_papers100m_195trainer_0hop_balanced_local_bs4096_800r,20260914_212747_ogbn-papers100M_FedAvg_bs4096_seed42_beta10000p0,ogbn-papers100M,FedAvg,4096,42,10000.0,264,validation,0.2408,3.4536,0.2408,3.4536,792,0.19929885864257812,0.19929885864257812,0.5535538196563721,0.7528526782989502,193.06215596199036,0.5535538196563721,0.7528526782989502,193.06215596199036
nc_papers100m_195trainer_0hop_balanced_local_bs4096_800r,20260914_212747_ogbn-papers100M_FedAvg_bs4096_seed42_beta10000p0,ogbn-papers100M,FedAvg,4096,42,10000.0,265,validation,0.2411,3.4514,0.2411,3.4514,795,0.20222759246826172,0.20222759246826172,0.5156970024108887,0.7179245948791504,193.7800805568695,0.5156970024108887,0.7179245948791504,193.7800805568695
nc_papers100m_195trainer_0hop_balanced_local_bs4096_800r,20260914_212747_ogbn-papers100M_FedAvg_bs4096_seed42_beta10000p0,ogbn-papers100M,FedAvg,4096,42,10000.0,266,validation,0.2413,3.4491,0.2413,3.4491,798,0.20217299461364746,0.20217299461364746,0.5316572189331055,0.7338302135467529,194.51391077041626,0.5316572189331055,0.7338302135467529,194.51391077041626
nc_papers100m_195trainer_0hop_balanced_local_bs4096_800r,20260914_212747_ogbn-papers100M_FedAvg_bs4096_seed42_beta10000p0,ogbn-papers100M,FedAvg,4096,42,10000.0,267,validation,0.2415,3.4468,0.2415,3.4468,801,0.20170879364013672,0.20170879364013672,0.5267932415008545,0.7285020351409912,195.24241280555725,0.5267932415008545,0.7285020351409912,195.24241280555725
nc_papers100m_195trainer_0hop_balanced_local_bs4096_800r,20260914_212747_ogbn-papers100M_FedAvg_bs4096_seed42_beta10000p0,ogbn-papers100M,FedAvg,4096,42,10000.0,268,validation,0.2418,3.4446,0.2418,3.4446,804,0.1978776454925537,0.1978776454925537,0.5146207809448242,0.7124984264373779,195.95491123199463,0.5146207809448242,0.7124984264373779,195.95491123199463
nc_papers100m_195trainer_0hop_balanced_local_bs4096_800r,20260914_212747_ogbn-papers100M_FedAvg_bs4096_seed42_beta10000p0,ogbn-papers100M,FedAvg,4096,42,10000.0,269,validation,0.2419,3.4424,0.2419,3.4424,807,0.20222854614257812,0.20222854614257812,0.5184903144836426,0.7207188606262207,196.67563009262085,0.5184903144836426,0.7207188606262207,196.67563009262085
nc_papers100m_195trainer_0hop_balanced_local_bs4096_800r,20260914_212747_ogbn-papers100M_FedAvg_bs4096_seed42_beta10000p0,ogbn-papers100M,FedAvg,4096,42,10000.0,270,validation,0.2422,3.4401,0.2422,3.4401,810,0.19973206520080566,0.19973206520080566,0.5331542491912842,0.7328863143920898,197.40851640701294,0.5331542491912842,0.7328863143920898,197.40851640701294
nc_papers100m_195trainer_0hop_balanced_local_bs4096_800r,20260914_212747_ogbn-papers100M_FedAvg_bs4096_seed42_beta10000p0,ogbn-papers100M,FedAvg,4096,42,10000.0,271,validation,0.2425,3.4379,0.2425,3.4379,813,0.20109796524047852,0.20109796524047852,0.5262284278869629,0.7273263931274414,198.13584280014038,0.5262284278869629,0.7273263931274414,198.13584280014038
nc_papers100m_195trainer_0hop_balanced_local_bs4096_800r,20260914_212747_ogbn-papers100M_FedAvg_bs4096_seed42_beta10000p0,ogbn-papers100M,FedAvg,4096,42,10000.0,272,validation,0.2427,3.4356,0.2427,3.4356,816,0.20234394073486328,0.20234394073486328,0.5137336254119873,0.7160775661468506,198.85192036628723,0.5137336254119873,0.7160775661468506,198.85192036628723
nc_papers100m_195trainer_0hop_balanced_local_bs4096_800r,20260914_212747_ogbn-papers100M_FedAvg_bs4096_seed42_beta10000p0,ogbn-papers100M,FedAvg,4096,42,10000.0,273,validation,0.243,3.4334,0.243,3.4334,819,0.1989607810974121,0.1989607810974121,0.5211880207061768,0.7201488018035889,199.57206916809082,0.5211880207061768,0.7201488018035889,199.57206916809082
nc_papers100m_195trainer_0hop_balanced_local_bs4096_800r,20260914_212747_ogbn-papers100M_FedAvg_bs4096_seed42_beta10000p0,ogbn-papers100M,FedAvg,4096,42,10000.0,274,validation,0.2431,3.4311,0.2431,3.4311,822,0.19837260246276855,0.19837260246276855,0.5316739082336426,0.7300465106964111,200.30211567878723,0.5316739082336426,0.7300465106964111,200.30211567878723
nc_papers100m_195trainer_0hop_balanced_local_bs4096_800r,20260914_212747_ogbn-papers100M_FedAvg_bs4096_seed42_beta10000p0,ogbn-papers100M,FedAvg,4096,42,10000.0,275,validation,0.2433,3.429,0.2433,3.429,825,0.20163989067077637,0.20163989067077637,0.5164587497711182,0.7180986404418945,201.02021431922913,0.5164587497711182,0.7180986404418945,201.02021431922913
nc_papers100m_195trainer_0hop_balanced_local_bs4096_800r,20260914_212747_ogbn-papers100M_FedAvg_bs4096_seed42_beta10000p0,ogbn-papers100M,FedAvg,4096,42,10000.0,276,validation,0.2435,3.4268,0.2435,3.4268,828,0.2024977207183838,0.2024977207183838,0.517143726348877,0.7196414470672607,201.7398557662964,0.517143726348877,0.7196414470672607,201.7398557662964
nc_papers100m_195trainer_0hop_balanced_local_bs4096_800r,20260914_212747_ogbn-papers100M_FedAvg_bs4096_seed42_beta10000p0,ogbn-papers100M,FedAvg,4096,42,10000.0,277,validation,0.2437,3.4247,0.2437,3.4247,831,0.202744722366333,0.202744722366333,0.5462436676025391,0.7489883899688721,202.48884415626526,0.5462436676025391,0.7489883899688721,202.48884415626526
nc_papers100m_195trainer_0hop_balanced_local_bs4096_800r,20260914_212747_ogbn-papers100M_FedAvg_bs4096_seed42_beta10000p0,ogbn-papers100M,FedAvg,4096,42,10000.0,278,validation,0.244,3.4225,0.244,3.4225,834,0.2008352279663086,0.2008352279663086,0.5295169353485107,0.7303521633148193,203.21919631958008,0.5295169353485107,0.7303521633148193,203.21919631958008
nc_papers100m_195trainer_0hop_balanced_local_bs4096_800r,20260914_212747_ogbn-papers100M_FedAvg_bs4096_seed42_beta10000p0,ogbn-papers100M,FedAvg,4096,42,10000.0,279,validation,0.2443,3.4203,0.2443,3.4203,837,0.19971776008605957,0.19971776008605957,0.5219385623931885,0.721656322479248,203.94085264205933,0.5219385623931885,0.721656322479248,203.94085264205933
nc_papers100m_195trainer_0hop_balanced_local_bs4096_800r,20260914_212747_ogbn-papers100M_FedAvg_bs4096_seed42_beta10000p0,ogbn-papers100M,FedAvg,4096,42,10000.0,280,validation,0.2445,3.4182,0.2445,3.4182,840,0.19735360145568848,0.19735360145568848,0.51759934425354,0.7149529457092285,204.65580558776855,0.51759934425354,0.7149529457092285,204.65580558776855
nc_papers100m_195trainer_0hop_balanced_local_bs4096_800r,20260914_212747_ogbn-papers100M_FedAvg_bs4096_seed42_beta10000p0,ogbn-papers100M,FedAvg,4096,42,10000.0,281,validation,0.2447,3.4161,0.2447,3.4161,843,0.1985912322998047,0.1985912322998047,0.5243504047393799,0.7229416370391846,205.37874722480774,0.5243504047393799,0.7229416370391846,205.37874722480774
nc_papers100m_195trainer_0hop_balanced_local_bs4096_800r,20260914_212747_ogbn-papers100M_FedAvg_bs4096_seed42_beta10000p0,ogbn-papers100M,FedAvg,4096,42,10000.0,282,validation,0.2448,3.414,0.2448,3.414,846,0.2048182487487793,0.2048182487487793,0.5184328556060791,0.7232511043548584,206.1019983291626,0.5184328556060791,0.7232511043548584,206.1019983291626
nc_papers100m_195trainer_0hop_balanced_local_bs4096_800r,20260914_212747_ogbn-papers100M_FedAvg_bs4096_seed42_beta10000p0,ogbn-papers100M,FedAvg,4096,42,10000.0,283,validation,0.245,3.4118,0.245,3.4118,849,0.19849514961242676,0.19849514961242676,0.5273005962371826,0.7257957458496094,206.8277940750122,0.5273005962371826,0.7257957458496094,206.8277940750122
nc_papers100m_195trainer_0hop_balanced_local_bs4096_800r,20260914_212747_ogbn-papers100M_FedAvg_bs4096_seed42_beta10000p0,ogbn-papers100M,FedAvg,4096,42,10000.0,284,validation,0.2451,3.4098,0.2451,3.4098,852,0.19675970077514648,0.19675970077514648,0.5258362293243408,0.7225959300994873,207.5503900051117,0.5258362293243408,0.7225959300994873,207.5503900051117
nc_papers100m_195trainer_0hop_balanced_local_bs4096_800r,20260914_212747_ogbn-papers100M_FedAvg_bs4096_seed42_beta10000p0,ogbn-papers100M,FedAvg,4096,42,10000.0,285,validation,0.2454,3.4077,0.2454,3.4077,855,0.19715380668640137,0.19715380668640137,0.5143988132476807,0.711552619934082,208.26194262504578,0.5143988132476807,0.711552619934082,208.26194262504578
nc_papers100m_195trainer_0hop_balanced_local_bs4096_800r,20260914_212747_ogbn-papers100M_FedAvg_bs4096_seed42_beta10000p0,ogbn-papers100M,FedAvg,4096,42,10000.0,286,validation,0.2456,3.4055,0.2456,3.4055,858,0.19784116744995117,0.19784116744995117,0.5319278240203857,0.7297689914703369,208.9917116165161,0.5319278240203857,0.7297689914703369,208.9917116165161
nc_papers100m_195trainer_0hop_balanced_local_bs4096_800r,20260914_212747_ogbn-papers100M_FedAvg_bs4096_seed42_beta10000p0,ogbn-papers100M,FedAvg,4096,42,10000.0,287,validation,0.2457,3.4035,0.2457,3.4035,861,0.20700740814208984,0.20700740814208984,0.5293734073638916,0.7363808155059814,209.7280924320221,0.5293734073638916,0.7363808155059814,209.7280924320221
nc_papers100m_195trainer_0hop_balanced_local_bs4096_800r,20260914_212747_ogbn-papers100M_FedAvg_bs4096_seed42_beta10000p0,ogbn-papers100M,FedAvg,4096,42,10000.0,288,validation,0.246,3.4014,0.246,3.4014,864,0.2006855010986328,0.2006855010986328,0.5146572589874268,0.7153427600860596,210.44343519210815,0.5146572589874268,0.7153427600860596,210.44343519210815
nc_papers100m_195trainer_0hop_balanced_local_bs4096_800r,20260914_212747_ogbn-papers100M_FedAvg_bs4096_seed42_beta10000p0,ogbn-papers100M,FedAvg,4096,42,10000.0,289,validation,0.2462,3.3993,0.2462,3.3993,867,0.20024967193603516,0.20024967193603516,0.5197148323059082,0.7199645042419434,211.1633996963501,0.5197148323059082,0.7199645042419434,211.1633996963501
nc_papers100m_195trainer_0hop_balanced_local_bs4096_800r,20260914_212747_ogbn-papers100M_FedAvg_bs4096_seed42_beta10000p0,ogbn-papers100M,FedAvg,4096,42,10000.0,290,validation,0.2463,3.3972,0.2463,3.3972,870,0.20231318473815918,0.20231318473815918,0.5384864807128906,0.7407996654510498,211.90419936180115,0.5384864807128906,0.7407996654510498,211.90419936180115
nc_papers100m_195trainer_0hop_balanced_local_bs4096_800r,20260914_212747_ogbn-papers100M_FedAvg_bs4096_seed42_beta10000p0,ogbn-papers100M,FedAvg,4096,42,10000.0,291,validation,0.2466,3.3952,0.2466,3.3952,873,0.20079398155212402,0.20079398155212402,0.5299408435821533,0.7307348251342773,212.63493418693542,0.5299408435821533,0.7307348251342773,212.63493418693542
nc_papers100m_195trainer_0hop_balanced_local_bs4096_800r,20260914_212747_ogbn-papers100M_FedAvg_bs4096_seed42_beta10000p0,ogbn-papers100M,FedAvg,4096,42,10000.0,292,validation,0.2468,3.3931,0.2468,3.3931,876,0.2008817195892334,0.2008817195892334,0.5150864124298096,0.715968132019043,213.35090231895447,0.5150864124298096,0.715968132019043,213.35090231895447
nc_papers100m_195trainer_0hop_balanced_local_bs4096_800r,20260914_212747_ogbn-papers100M_FedAvg_bs4096_seed42_beta10000p0,ogbn-papers100M,FedAvg,4096,42,10000.0,293,validation,0.247,3.3911,0.247,3.3911,879,0.20279979705810547,0.20279979705810547,0.5085556507110596,0.711355447769165,214.06225776672363,0.5085556507110596,0.711355447769165,214.06225776672363
nc_papers100m_195trainer_0hop_balanced_local_bs4096_800r,20260914_212747_ogbn-papers100M_FedAvg_bs4096_seed42_beta10000p0,ogbn-papers100M,FedAvg,4096,42,10000.0,294,validation,0.2473,3.3891,0.2473,3.3891,882,0.20374155044555664,0.20374155044555664,0.5259201526641846,0.7296617031097412,214.79191946983337,0.5259201526641846,0.7296617031097412,214.79191946983337
nc_papers100m_195trainer_0hop_balanced_local_bs4096_800r,20260914_212747_ogbn-papers100M_FedAvg_bs4096_seed42_beta10000p0,ogbn-papers100M,FedAvg,4096,42,10000.0,295,validation,0.2476,3.3871,0.2476,3.3871,885,0.19855785369873047,0.19855785369873047,0.5232923030853271,0.7218501567840576,215.51376962661743,0.5232923030853271,0.7218501567840576,215.51376962661743
nc_papers100m_195trainer_0hop_balanced_local_bs4096_800r,20260914_212747_ogbn-papers100M_FedAvg_bs4096_seed42_beta10000p0,ogbn-papers100M,FedAvg,4096,42,10000.0,296,validation,0.2479,3.385,0.2479,3.385,888,0.2000560760498047,0.2000560760498047,0.5290167331695557,0.7290728092193604,216.2428424358368,0.5290167331695557,0.7290728092193604,216.2428424358368
nc_papers100m_195trainer_0hop_balanced_local_bs4096_800r,20260914_212747_ogbn-papers100M_FedAvg_bs4096_seed42_beta10000p0,ogbn-papers100M,FedAvg,4096,42,10000.0,297,validation,0.248,3.383,0.248,3.383,891,0.20072579383850098,0.20072579383850098,0.5265774726867676,0.7273032665252686,216.97014570236206,0.5265774726867676,0.7273032665252686,216.97014570236206
nc_papers100m_195trainer_0hop_balanced_local_bs4096_800r,20260914_212747_ogbn-papers100M_FedAvg_bs4096_seed42_beta10000p0,ogbn-papers100M,FedAvg,4096,42,10000.0,298,validation,0.2481,3.3811,0.2481,3.3811,894,0.2059011459350586,0.2059011459350586,0.515557050704956,0.7214581966400146,217.69160389900208,0.515557050704956,0.7214581966400146,217.69160389900208
nc_papers100m_195trainer_0hop_balanced_local_bs4096_800r,20260914_212747_ogbn-papers100M_FedAvg_bs4096_seed42_beta10000p0,ogbn-papers100M,FedAvg,4096,42,10000.0,299,validation,0.2484,3.379,0.2484,3.379,897,0.2030935287475586,0.2030935287475586,0.521996021270752,0.7250895500183105,218.41669344902039,0.521996021270752,0.7250895500183105,218.41669344902039
nc_papers100m_195trainer_0hop_balanced_local_bs4096_800r,20260914_212747_ogbn-papers100M_FedAvg_bs4096_seed42_beta10000p0,ogbn-papers100M,FedAvg,4096,42,10000.0,300,validation,0.2486,3.3771,0.2486,3.3771,900,0.2021634578704834,0.2021634578704834,0.521557092666626,0.7237205505371094,219.1404139995575,0.521557092666626,0.7237205505371094,219.1404139995575
nc_papers100m_195trainer_0hop_balanced_local_bs4096_800r,20260914_212747_ogbn-papers100M_FedAvg_bs4096_seed42_beta10000p0,ogbn-papers100M,FedAvg,4096,42,10000.0,301,validation,0.2489,3.3751,0.2489,3.3751,903,0.1982269287109375,0.1982269287109375,0.514564037322998,0.7127909660339355,219.85320496559143,0.514564037322998,0.7127909660339355,219.85320496559143
nc_papers100m_195trainer_0hop_balanced_local_bs4096_800r,20260914_212747_ogbn-papers100M_FedAvg_bs4096_seed42_beta10000p0,ogbn-papers100M,FedAvg,4096,42,10000.0,302,validation,0.2491,3.3731,0.2491,3.3731,906,0.19915461540222168,0.19915461540222168,0.5329670906066895,0.7321217060089111,220.58532667160034,0.5329670906066895,0.7321217060089111,220.58532667160034
nc_papers100m_195trainer_0hop_balanced_local_bs4096_800r,20260914_212747_ogbn-papers100M_FedAvg_bs4096_seed42_beta10000p0,ogbn-papers100M,FedAvg,4096,42,10000.0,303,validation,0.2492,3.3712,0.2492,3.3712,909,0.199920654296875,0.199920654296875,0.5483617782592773,0.7482824325561523,221.3336091041565,0.5483617782592773,0.7482824325561523,221.3336091041565
nc_papers100m_195trainer_0hop_balanced_local_bs4096_800r,20260914_212747_ogbn-papers100M_FedAvg_bs4096_seed42_beta10000p0,ogbn-papers100M,FedAvg,4096,42,10000.0,304,validation,0.2494,3.3692,0.2494,3.3692,912,0.20056653022766113,0.20056653022766113,0.5271742343902588,0.7277407646179199,222.0613498687744,0.5271742343902588,0.7277407646179199,222.0613498687744
nc_papers100m_195trainer_0hop_balanced_local_bs4096_800r,20260914_212747_ogbn-papers100M_FedAvg_bs4096_seed42_beta10000p0,ogbn-papers100M,FedAvg,4096,42,10000.0,305,validation,0.2496,3.3673,0.2496,3.3673,915,0.20153260231018066,0.20153260231018066,0.5339212417602539,0.7354538440704346,222.79680371284485,0.5339212417602539,0.7354538440704346,222.79680371284485
nc_papers100m_195trainer_0hop_balanced_local_bs4096_800r,20260914_212747_ogbn-papers100M_FedAvg_bs4096_seed42_beta10000p0,ogbn-papers100M,FedAvg,4096,42,10000.0,306,validation,0.2498,3.3653,0.2498,3.3653,918,0.2004990577697754,0.2004990577697754,0.5244159698486328,0.7249150276184082,223.52171874046326,0.5244159698486328,0.7249150276184082,223.52171874046326
nc_papers100m_195trainer_0hop_balanced_local_bs4096_800r,20260914_212747_ogbn-papers100M_FedAvg_bs4096_seed42_beta10000p0,ogbn-papers100M,FedAvg,4096,42,10000.0,307,validation,0.2501,3.3634,0.2501,3.3634,921,0.19954633712768555,0.19954633712768555,0.5381269454956055,0.737673282623291,224.25939202308655,0.5381269454956055,0.737673282623291,224.25939202308655
nc_papers100m_195trainer_0hop_balanced_local_bs4096_800r,20260914_212747_ogbn-papers100M_FedAvg_bs4096_seed42_beta10000p0,ogbn-papers100M,FedAvg,4096,42,10000.0,308,validation,0.2503,3.3615,0.2503,3.3615,924,0.20015835762023926,0.20015835762023926,0.5314455032348633,0.7316038608551025,224.99099588394165,0.5314455032348633,0.7316038608551025,224.99099588394165
nc_papers100m_195trainer_0hop_balanced_local_bs4096_800r,20260914_212747_ogbn-papers100M_FedAvg_bs4096_seed42_beta10000p0,ogbn-papers100M,FedAvg,4096,42,10000.0,309,validation,0.2505,3.3596,0.2505,3.3596,927,0.1999661922454834,0.1999661922454834,0.5203592777252197,0.7203254699707031,225.71132135391235,0.5203592777252197,0.7203254699707031,225.71132135391235
nc_papers100m_195trainer_0hop_balanced_local_bs4096_800r,20260914_212747_ogbn-papers100M_FedAvg_bs4096_seed42_beta10000p0,ogbn-papers100M,FedAvg,4096,42,10000.0,310,validation,0.2506,3.3577,0.2506,3.3577,930,0.2024528980255127,0.2024528980255127,0.5160701274871826,0.7185230255126953,226.42984437942505,0.5160701274871826,0.7185230255126953,226.42984437942505
nc_papers100m_195trainer_0hop_balanced_local_bs4096_800r,20260914_212747_ogbn-papers100M_FedAvg_bs4096_seed42_beta10000p0,ogbn-papers100M,FedAvg,4096,42,10000.0,311,validation,0.2507,3.3557,0.2507,3.3557,933,0.20687150955200195,0.20687150955200195,0.5202419757843018,0.7271134853363037,227.15695786476135,0.5202419757843018,0.7271134853363037,227.15695786476135
nc_papers100m_195trainer_0hop_balanced_local_bs4096_800r,20260914_212747_ogbn-papers100M_FedAvg_bs4096_seed42_beta10000p0,ogbn-papers100M,FedAvg,4096,42,10000.0,312,validation,0.2509,3.3539,0.2509,3.3539,936,0.2003321647644043,0.2003321647644043,0.5245847702026367,0.724916934967041,227.8818747997284,0.5245847702026367,0.724916934967041,227.8818747997284
nc_papers100m_195trainer_0hop_balanced_local_bs4096_800r,20260914_212747_ogbn-papers100M_FedAvg_bs4096_seed42_beta10000p0,ogbn-papers100M,FedAvg,4096,42,10000.0,313,validation,0.251,3.352,0.251,3.352,939,0.19997668266296387,0.19997668266296387,0.5225739479064941,0.722550630569458,228.60442543029785,0.5225739479064941,0.722550630569458,228.60442543029785
nc_papers100m_195trainer_0hop_balanced_local_bs4096_800r,20260914_212747_ogbn-papers100M_FedAvg_bs4096_seed42_beta10000p0,ogbn-papers100M,FedAvg,4096,42,10000.0,314,validation,0.2512,3.3501,0.2512,3.3501,942,0.2002885341644287,0.2002885341644287,0.5096380710601807,0.7099266052246094,229.31435203552246,0.5096380710601807,0.7099266052246094,229.31435203552246
nc_papers100m_195trainer_0hop_balanced_local_bs4096_800r,20260914_212747_ogbn-papers100M_FedAvg_bs4096_seed42_beta10000p0,ogbn-papers100M,FedAvg,4096,42,10000.0,315,validation,0.2516,3.3483,0.2516,3.3483,945,0.21026086807250977,0.21026086807250977,0.5273752212524414,0.7376360893249512,230.0519881248474,0.5273752212524414,0.7376360893249512,230.0519881248474
nc_papers100m_195trainer_0hop_balanced_local_bs4096_800r,20260914_212747_ogbn-papers100M_FedAvg_bs4096_seed42_beta10000p0,ogbn-papers100M,FedAvg,4096,42,10000.0,316,validation,0.2517,3.3464,0.2517,3.3464,948,0.20299053192138672,0.20299053192138672,0.53232741355896,0.7353179454803467,230.78730607032776,0.53232741355896,0.7353179454803467,230.78730607032776
nc_papers100m_195trainer_0hop_balanced_local_bs4096_800r,20260914_212747_ogbn-papers100M_FedAvg_bs4096_seed42_beta10000p0,ogbn-papers100M,FedAvg,4096,42,10000.0,317,validation,0.2519,3.3446,0.2519,3.3446,951,0.20064687728881836,0.20064687728881836,0.5215249061584473,0.7221717834472656,231.50947785377502,0.5215249061584473,0.7221717834472656,231.50947785377502
nc_papers100m_195trainer_0hop_balanced_local_bs4096_800r,20260914_212747_ogbn-papers100M_FedAvg_bs4096_seed42_beta10000p0,ogbn-papers100M,FedAvg,4096,42,10000.0,318,validation,0.252,3.3427,0.252,3.3427,954,0.200239896774292,0.200239896774292,0.5104455947875977,0.7106854915618896,232.2201633453369,0.5104455947875977,0.7106854915618896,232.2201633453369
nc_papers100m_195trainer_0hop_balanced_local_bs4096_800r,20260914_212747_ogbn-papers100M_FedAvg_bs4096_seed42_beta10000p0,ogbn-papers100M,FedAvg,4096,42,10000.0,319,validation,0.2523,3.3409,0.2523,3.3409,957,0.2038407325744629,0.2038407325744629,0.5202794075012207,0.7241201400756836,232.9442834854126,0.5202794075012207,0.7241201400756836,232.9442834854126
nc_papers100m_195trainer_0hop_balanced_local_bs4096_800r,20260914_212747_ogbn-papers100M_FedAvg_bs4096_seed42_beta10000p0,ogbn-papers100M,FedAvg,4096,42,10000.0,320,validation,0.2526,3.339,0.2526,3.339,960,0.20209312438964844,0.20209312438964844,0.5341074466705322,0.7362005710601807,233.68048405647278,0.5341074466705322,0.7362005710601807,233.68048405647278
nc_papers100m_195trainer_0hop_balanced_local_bs4096_800r,20260914_212747_ogbn-papers100M_FedAvg_bs4096_seed42_beta10000p0,ogbn-papers100M,FedAvg,4096,42,10000.0,321,validation,0.2527,3.3371,0.2527,3.3371,963,0.2062852382659912,0.2062852382659912,0.7102785110473633,0.9165637493133545,234.59704780578613,0.7102785110473633,0.9165637493133545,234.59704780578613
nc_papers100m_195trainer_0hop_balanced_local_bs4096_800r,20260914_212747_ogbn-papers100M_FedAvg_bs4096_seed42_beta10000p0,ogbn-papers100M,FedAvg,4096,42,10000.0,322,validation,0.2529,3.3353,0.2529,3.3353,966,0.19884061813354492,0.19884061813354492,0.5238070487976074,0.7226476669311523,235.31969547271729,0.5238070487976074,0.7226476669311523,235.31969547271729
nc_papers100m_195trainer_0hop_balanced_local_bs4096_800r,20260914_212747_ogbn-papers100M_FedAvg_bs4096_seed42_beta10000p0,ogbn-papers100M,FedAvg,4096,42,10000.0,323,validation,0.2531,3.3335,0.2531,3.3335,969,0.1981956958770752,0.1981956958770752,0.5226829051971436,0.7208786010742188,236.0405740737915,0.5226829051971436,0.7208786010742188,236.0405740737915
nc_papers100m_195trainer_0hop_balanced_local_bs4096_800r,20260914_212747_ogbn-papers100M_FedAvg_bs4096_seed42_beta10000p0,ogbn-papers100M,FedAvg,4096,42,10000.0,324,validation,0.2533,3.3317,0.2533,3.3317,972,0.20223021507263184,0.20223021507263184,0.5172164440155029,0.7194466590881348,236.76002073287964,0.5172164440155029,0.7194466590881348,236.76002073287964
nc_papers100m_195trainer_0hop_balanced_local_bs4096_800r,20260914_212747_ogbn-papers100M_FedAvg_bs4096_seed42_beta10000p0,ogbn-papers100M,FedAvg,4096,42,10000.0,325,validation,0.2534,3.3298,0.2534,3.3298,975,0.20061731338500977,0.20061731338500977,0.5293364524841309,0.7299537658691406,237.48997449874878,0.5293364524841309,0.7299537658691406,237.48997449874878
nc_papers100m_195trainer_0hop_balanced_local_bs4096_800r,20260914_212747_ogbn-papers100M_FedAvg_bs4096_seed42_beta10000p0,ogbn-papers100M,FedAvg,4096,42,10000.0,326,validation,0.2536,3.328,0.2536,3.328,978,0.2011106014251709,0.2011106014251709,0.5298652648925781,0.730975866317749,238.22095036506653,0.5298652648925781,0.730975866317749,238.22095036506653
nc_papers100m_195trainer_0hop_balanced_local_bs4096_800r,20260914_212747_ogbn-papers100M_FedAvg_bs4096_seed42_beta10000p0,ogbn-papers100M,FedAvg,4096,42,10000.0,327,validation,0.2538,3.3262,0.2538,3.3262,981,0.20192432403564453,0.20192432403564453,0.5149674415588379,0.7168917655944824,238.937842130661,0.5149674415588379,0.7168917655944824,238.937842130661
nc_papers100m_195trainer_0hop_balanced_local_bs4096_800r,20260914_212747_ogbn-papers100M_FedAvg_bs4096_seed42_beta10000p0,ogbn-papers100M,FedAvg,4096,42,10000.0,328,validation,0.254,3.3245,0.254,3.3245,984,0.2032470703125,0.2032470703125,0.5285220146179199,0.7317690849304199,239.66961121559143,0.5285220146179199,0.7317690849304199,239.66961121559143
nc_papers100m_195trainer_0hop_balanced_local_bs4096_800r,20260914_212747_ogbn-papers100M_FedAvg_bs4096_seed42_beta10000p0,ogbn-papers100M,FedAvg,4096,42,10000.0,329,validation,0.2542,3.3227,0.2542,3.3227,987,0.19710707664489746,0.19710707664489746,0.5311193466186523,0.7282264232635498,240.39783763885498,0.5311193466186523,0.7282264232635498,240.39783763885498
nc_papers100m_195trainer_0hop_balanced_local_bs4096_800r,20260914_212747_ogbn-papers100M_FedAvg_bs4096_seed42_beta10000p0,ogbn-papers100M,FedAvg,4096,42,10000.0,330,validation,0.2544,3.3209,0.2544,3.3209,990,0.19940590858459473,0.19940590858459473,0.5274689197540283,0.726874828338623,241.1247124671936,0.5274689197540283,0.726874828338623,241.1247124671936
nc_papers100m_195trainer_0hop_balanced_local_bs4096_800r,20260914_212747_ogbn-papers100M_FedAvg_bs4096_seed42_beta10000p0,ogbn-papers100M,FedAvg,4096,42,10000.0,331,validation,0.2547,3.3191,0.2547,3.3191,993,0.20096039772033691,0.20096039772033691,0.5207343101501465,0.7216947078704834,241.8464071750641,0.5207343101501465,0.7216947078704834,241.8464071750641
nc_papers100m_195trainer_0hop_balanced_local_bs4096_800r,20260914_212747_ogbn-papers100M_FedAvg_bs4096_seed42_beta10000p0,ogbn-papers100M,FedAvg,4096,42,10000.0,332,validation,0.2547,3.3174,0.2547,3.3174,996,0.20122075080871582,0.20122075080871582,0.537024736404419,0.7382454872131348,242.58465266227722,0.537024736404419,0.7382454872131348,242.58465266227722
nc_papers100m_195trainer_0hop_balanced_local_bs4096_800r,20260914_212747_ogbn-papers100M_FedAvg_bs4096_seed42_beta10000p0,ogbn-papers100M,FedAvg,4096,42,10000.0,333,validation,0.2549,3.3157,0.2549,3.3157,999,0.19794368743896484,0.19794368743896484,0.5204620361328125,0.7184057235717773,243.303058385849,0.5204620361328125,0.7184057235717773,243.303058385849
nc_papers100m_195trainer_0hop_balanced_local_bs4096_800r,20260914_212747_ogbn-papers100M_FedAvg_bs4096_seed42_beta10000p0,ogbn-papers100M,FedAvg,4096,42,10000.0,334,validation,0.2551,3.3139,0.2551,3.3139,1002,0.1976149082183838,0.1976149082183838,0.5345921516418457,0.7322070598602295,244.03526544570923,0.5345921516418457,0.7322070598602295,244.03526544570923
nc_papers100m_195trainer_0hop_balanced_local_bs4096_800r,20260914_212747_ogbn-papers100M_FedAvg_bs4096_seed42_beta10000p0,ogbn-papers100M,FedAvg,4096,42,10000.0,335,validation,0.2552,3.3121,0.2552,3.3121,1005,0.19885921478271484,0.19885921478271484,0.5240514278411865,0.7229106426239014,244.75817608833313,0.5240514278411865,0.7229106426239014,244.75817608833313
nc_papers100m_195trainer_0hop_balanced_local_bs4096_800r,20260914_212747_ogbn-papers100M_FedAvg_bs4096_seed42_beta10000p0,ogbn-papers100M,FedAvg,4096,42,10000.0,336,validation,0.2555,3.3104,0.2555,3.3104,1008,0.20337939262390137,0.20337939262390137,0.5111410617828369,0.7145204544067383,245.47269654273987,0.5111410617828369,0.7145204544067383,245.47269654273987
nc_papers100m_195trainer_0hop_balanced_local_bs4096_800r,20260914_212747_ogbn-papers100M_FedAvg_bs4096_seed42_beta10000p0,ogbn-papers100M,FedAvg,4096,42,10000.0,337,validation,0.2556,3.3087,0.2556,3.3087,1011,0.20148921012878418,0.20148921012878418,0.5267539024353027,0.7282431125640869,246.20093965530396,0.5267539024353027,0.7282431125640869,246.20093965530396
nc_papers100m_195trainer_0hop_balanced_local_bs4096_800r,20260914_212747_ogbn-papers100M_FedAvg_bs4096_seed42_beta10000p0,ogbn-papers100M,FedAvg,4096,42,10000.0,338,validation,0.2558,3.3069,0.2558,3.3069,1014,0.20177388191223145,0.20177388191223145,0.531714916229248,0.7334887981414795,246.93442845344543,0.531714916229248,0.7334887981414795,246.93442845344543
nc_papers100m_195trainer_0hop_balanced_local_bs4096_800r,20260914_212747_ogbn-papers100M_FedAvg_bs4096_seed42_beta10000p0,ogbn-papers100M,FedAvg,4096,42,10000.0,339,validation,0.2559,3.3052,0.2559,3.3052,1017,0.19874787330627441,0.19874787330627441,0.5204341411590576,0.719182014465332,247.65361046791077,0.5204341411590576,0.719182014465332,247.65361046791077
nc_papers100m_195trainer_0hop_balanced_local_bs4096_800r,20260914_212747_ogbn-papers100M_FedAvg_bs4096_seed42_beta10000p0,ogbn-papers100M,FedAvg,4096,42,10000.0,340,validation,0.2562,3.3035,0.2562,3.3035,1020,0.1985936164855957,0.1985936164855957,0.5287847518920898,0.7273783683776855,248.38098883628845,0.5287847518920898,0.7273783683776855,248.38098883628845
nc_papers100m_195trainer_0hop_balanced_local_bs4096_800r,20260914_212747_ogbn-papers100M_FedAvg_bs4096_seed42_beta10000p0,ogbn-papers100M,FedAvg,4096,42,10000.0,341,validation,0.2563,3.3018,0.2563,3.3018,1023,0.1995227336883545,0.1995227336883545,0.5454862117767334,0.7450089454650879,249.12599778175354,0.5454862117767334,0.7450089454650879,249.12599778175354
nc_papers100m_195trainer_0hop_balanced_local_bs4096_800r,20260914_212747_ogbn-papers100M_FedAvg_bs4096_seed42_beta10000p0,ogbn-papers100M,FedAvg,4096,42,10000.0,342,validation,0.2565,3.3001,0.2565,3.3001,1026,0.19872117042541504,0.19872117042541504,0.5197839736938477,0.7185051441192627,249.8445029258728,0.5197839736938477,0.7185051441192627,249.8445029258728
nc_papers100m_195trainer_0hop_balanced_local_bs4096_800r,20260914_212747_ogbn-papers100M_FedAvg_bs4096_seed42_beta10000p0,ogbn-papers100M,FedAvg,4096,42,10000.0,343,validation,0.2568,3.2984,0.2568,3.2984,1029,0.19892096519470215,0.19892096519470215,0.5228664875030518,0.7217874526977539,250.56629037857056,0.5228664875030518,0.7217874526977539,250.56629037857056
nc_papers100m_195trainer_0hop_balanced_local_bs4096_800r,20260914_212747_ogbn-papers100M_FedAvg_bs4096_seed42_beta10000p0,ogbn-papers100M,FedAvg,4096,42,10000.0,344,validation,0.257,3.2967,0.257,3.2967,1032,0.2018718719482422,0.2018718719482422,0.5146529674530029,0.7165248394012451,251.2828152179718,0.5146529674530029,0.7165248394012451,251.2828152179718
nc_papers100m_195trainer_0hop_balanced_local_bs4096_800r,20260914_212747_ogbn-papers100M_FedAvg_bs4096_seed42_beta10000p0,ogbn-papers100M,FedAvg,4096,42,10000.0,345,validation,0.2572,3.2951,0.2572,3.2951,1035,0.20041728019714355,0.20041728019714355,0.5251250267028809,0.7255423069000244,252.00835752487183,0.5251250267028809,0.7255423069000244,252.00835752487183
nc_papers100m_195trainer_0hop_balanced_local_bs4096_800r,20260914_212747_ogbn-papers100M_FedAvg_bs4096_seed42_beta10000p0,ogbn-papers100M,FedAvg,4096,42,10000.0,346,validation,0.2574,3.2933,0.2574,3.2933,1038,0.19669866561889648,0.19669866561889648,0.5242252349853516,0.720923900604248,252.72928142547607,0.5242252349853516,0.720923900604248,252.72928142547607
nc_papers100m_195trainer_0hop_balanced_local_bs4096_800r,20260914_212747_ogbn-papers100M_FedAvg_bs4096_seed42_beta10000p0,ogbn-papers100M,FedAvg,4096,42,10000.0,347,validation,0.2575,3.2917,0.2575,3.2917,1041,0.19871068000793457,0.19871068000793457,0.5144543647766113,0.7131650447845459,253.44244647026062,0.5144543647766113,0.7131650447845459,253.44244647026062
nc_papers100m_195trainer_0hop_balanced_local_bs4096_800r,20260914_212747_ogbn-papers100M_FedAvg_bs4096_seed42_beta10000p0,ogbn-papers100M,FedAvg,4096,42,10000.0,348,validation,0.2576,3.2901,0.2576,3.2901,1044,0.19714069366455078,0.19714069366455078,0.5214359760284424,0.7185766696929932,254.1610231399536,0.5214359760284424,0.7185766696929932,254.1610231399536
nc_papers100m_195trainer_0hop_balanced_local_bs4096_800r,20260914_212747_ogbn-papers100M_FedAvg_bs4096_seed42_beta10000p0,ogbn-papers100M,FedAvg,4096,42,10000.0,349,validation,0.2578,3.2884,0.2578,3.2884,1047,0.19729018211364746,0.19729018211364746,0.5217041969299316,0.7189943790435791,254.8800175189972,0.5217041969299316,0.7189943790435791,254.8800175189972
nc_papers100m_195trainer_0hop_balanced_local_bs4096_800r,20260914_212747_ogbn-papers100M_FedAvg_bs4096_seed42_beta10000p0,ogbn-papers100M,FedAvg,4096,42,10000.0,350,validation,0.2579,3.2867,0.2579,3.2867,1050,0.19753456115722656,0.19753456115722656,0.515556812286377,0.7130913734436035,255.5931088924408,0.515556812286377,0.7130913734436035,255.5931088924408
nc_papers100m_195trainer_0hop_balanced_local_bs4096_800r,20260914_212747_ogbn-papers100M_FedAvg_bs4096_seed42_beta10000p0,ogbn-papers100M,FedAvg,4096,42,10000.0,351,validation,0.2581,3.2851,0.2581,3.2851,1053,0.19766950607299805,0.19766950607299805,0.52243971824646,0.720109224319458,256.31321811676025,0.52243971824646,0.720109224319458,256.31321811676025
nc_papers100m_195trainer_0hop_balanced_local_bs4096_800r,20260914_212747_ogbn-papers100M_FedAvg_bs4096_seed42_beta10000p0,ogbn-papers100M,FedAvg,4096,42,10000.0,352,validation,0.2583,3.2834,0.2583,3.2834,1056,0.1981830596923828,0.1981830596923828,0.5215349197387695,0.7197179794311523,257.0329360961914,0.5215349197387695,0.7197179794311523,257.0329360961914
nc_papers100m_195trainer_0hop_balanced_local_bs4096_800r,20260914_212747_ogbn-papers100M_FedAvg_bs4096_seed42_beta10000p0,ogbn-papers100M,FedAvg,4096,42,10000.0,353,validation,0.2584,3.2818,0.2584,3.2818,1059,0.2022383213043213,0.2022383213043213,0.5145301818847656,0.7167685031890869,257.7497045993805,0.5145301818847656,0.7167685031890869,257.7497045993805
nc_papers100m_195trainer_0hop_balanced_local_bs4096_800r,20260914_212747_ogbn-papers100M_FedAvg_bs4096_seed42_beta10000p0,ogbn-papers100M,FedAvg,4096,42,10000.0,354,validation,0.2587,3.2801,0.2587,3.2801,1062,0.1979842185974121,0.1979842185974121,0.5773916244506836,0.7753758430480957,258.5250804424286,0.5773916244506836,0.7753758430480957,258.5250804424286
nc_papers100m_195trainer_0hop_balanced_local_bs4096_800r,20260914_212747_ogbn-papers100M_FedAvg_bs4096_seed42_beta10000p0,ogbn-papers100M,FedAvg,4096,42,10000.0,355,validation,0.2589,3.2785,0.2589,3.2785,1065,0.19811511039733887,0.19811511039733887,0.511732816696167,0.7098479270935059,259.2349283695221,0.511732816696167,0.7098479270935059,259.2349283695221
nc_papers100m_195trainer_0hop_balanced_local_bs4096_800r,20260914_212747_ogbn-papers100M_FedAvg_bs4096_seed42_beta10000p0,ogbn-papers100M,FedAvg,4096,42,10000.0,356,validation,0.259,3.2769,0.259,3.2769,1068,0.1976304054260254,0.1976304054260254,0.5119633674621582,0.7095937728881836,259.9445221424103,0.5119633674621582,0.7095937728881836,259.9445221424103
nc_papers100m_195trainer_0hop_balanced_local_bs4096_800r,20260914_212747_ogbn-papers100M_FedAvg_bs4096_seed42_beta10000p0,ogbn-papers100M,FedAvg,4096,42,10000.0,357,validation,0.2592,3.2753,0.2592,3.2753,1071,0.2011706829071045,0.2011706829071045,0.5245425701141357,0.7257132530212402,260.6702353954315,0.5245425701141357,0.7257132530212402,260.6702353954315
nc_papers100m_195trainer_0hop_balanced_local_bs4096_800r,20260914_212747_ogbn-papers100M_FedAvg_bs4096_seed42_beta10000p0,ogbn-papers100M,FedAvg,4096,42,10000.0,358,validation,0.2594,3.2737,0.2594,3.2737,1074,0.198516845703125,0.198516845703125,0.527538537979126,0.726055383682251,261.39629077911377,0.527538537979126,0.726055383682251,261.39629077911377
nc_papers100m_195trainer_0hop_balanced_local_bs4096_800r,20260914_212747_ogbn-papers100M_FedAvg_bs4096_seed42_beta10000p0,ogbn-papers100M,FedAvg,4096,42,10000.0,359,validation,0.2596,3.2721,0.2596,3.2721,1077,0.19755125045776367,0.19755125045776367,0.5153374671936035,0.7128887176513672,262.10917949676514,0.5153374671936035,0.7128887176513672,262.10917949676514
nc_papers100m_195trainer_0hop_balanced_local_bs4096_800r,20260914_212747_ogbn-papers100M_FedAvg_bs4096_seed42_beta10000p0,ogbn-papers100M,FedAvg,4096,42,10000.0,360,validation,0.2597,3.2704,0.2597,3.2704,1080,0.19835233688354492,0.19835233688354492,0.5179269313812256,0.7162792682647705,262.8254587650299,0.5179269313812256,0.7162792682647705,262.8254587650299
nc_papers100m_195trainer_0hop_balanced_local_bs4096_800r,20260914_212747_ogbn-papers100M_FedAvg_bs4096_seed42_beta10000p0,ogbn-papers100M,FedAvg,4096,42,10000.0,361,validation,0.2598,3.2689,0.2598,3.2689,1083,0.19626855850219727,0.19626855850219727,0.5222320556640625,0.7185006141662598,263.54395937919617,0.5222320556640625,0.7185006141662598,263.54395937919617
nc_papers100m_195trainer_0hop_balanced_local_bs4096_800r,20260914_212747_ogbn-papers100M_FedAvg_bs4096_seed42_beta10000p0,ogbn-papers100M,FedAvg,4096,42,10000.0,362,validation,0.26,3.2673,0.26,3.2673,1086,0.19676947593688965,0.19676947593688965,0.5245256423950195,0.7212951183319092,264.2652544975281,0.5245256423950195,0.7212951183319092,264.2652544975281
nc_papers100m_195trainer_0hop_balanced_local_bs4096_800r,20260914_212747_ogbn-papers100M_FedAvg_bs4096_seed42_beta10000p0,ogbn-papers100M,FedAvg,4096,42,10000.0,363,validation,0.2602,3.2656,0.2602,3.2656,1089,0.19753527641296387,0.19753527641296387,0.5189263820648193,0.7164616584777832,264.98171615600586,0.5189263820648193,0.7164616584777832,264.98171615600586
nc_papers100m_195trainer_0hop_balanced_local_bs4096_800r,20260914_212747_ogbn-papers100M_FedAvg_bs4096_seed42_beta10000p0,ogbn-papers100M,FedAvg,4096,42,10000.0,364,validation,0.2602,3.2641,0.2602,3.2641,1092,0.1973116397857666,0.1973116397857666,0.5168466567993164,0.714158296585083,265.69587445259094,0.5168466567993164,0.714158296585083,265.69587445259094
nc_papers100m_195trainer_0hop_balanced_local_bs4096_800r,20260914_212747_ogbn-papers100M_FedAvg_bs4096_seed42_beta10000p0,ogbn-papers100M,FedAvg,4096,42,10000.0,365,validation,0.2603,3.2626,0.2603,3.2626,1095,0.2017378807067871,0.2017378807067871,0.5134963989257812,0.7152342796325684,266.4111087322235,0.5134963989257812,0.7152342796325684,266.4111087322235
nc_papers100m_195trainer_0hop_balanced_local_bs4096_800r,20260914_212747_ogbn-papers100M_FedAvg_bs4096_seed42_beta10000p0,ogbn-papers100M,FedAvg,4096,42,10000.0,366,validation,0.2605,3.261,0.2605,3.261,1098,0.19915056228637695,0.19915056228637695,0.5295050144195557,0.7286555767059326,267.13976430892944,0.5295050144195557,0.7286555767059326,267.13976430892944
nc_papers100m_195trainer_0hop_balanced_local_bs4096_800r,20260914_212747_ogbn-papers100M_FedAvg_bs4096_seed42_beta10000p0,ogbn-papers100M,FedAvg,4096,42,10000.0,367,validation,0.2608,3.2594,0.2608,3.2594,1101,0.19806551933288574,0.19806551933288574,0.5541958808898926,0.7522614002227783,267.8920257091522,0.5541958808898926,0.7522614002227783,267.8920257091522
nc_papers100m_195trainer_0hop_balanced_local_bs4096_800r,20260914_212747_ogbn-papers100M_FedAvg_bs4096_seed42_beta10000p0,ogbn-papers100M,FedAvg,4096,42,10000.0,368,validation,0.2609,3.2578,0.2609,3.2578,1104,0.19619202613830566,0.19619202613830566,0.5087482929229736,0.7049403190612793,268.5969660282135,0.5087482929229736,0.7049403190612793,268.5969660282135
nc_papers100m_195trainer_0hop_balanced_local_bs4096_800r,20260914_212747_ogbn-papers100M_FedAvg_bs4096_seed42_beta10000p0,ogbn-papers100M,FedAvg,4096,42,10000.0,369,validation,0.261,3.2562,0.261,3.2562,1107,0.19975733757019043,0.19975733757019043,0.5192127227783203,0.7189700603485107,269.315936088562,0.5192127227783203,0.7189700603485107,269.315936088562
nc_papers100m_195trainer_0hop_balanced_local_bs4096_800r,20260914_212747_ogbn-papers100M_FedAvg_bs4096_seed42_beta10000p0,ogbn-papers100M,FedAvg,4096,42,10000.0,370,validation,0.2612,3.2547,0.2612,3.2547,1110,0.2003028392791748,0.2003028392791748,0.5291662216186523,0.7294690608978271,270.04540514945984,0.5291662216186523,0.7294690608978271,270.04540514945984
nc_papers100m_195trainer_0hop_balanced_local_bs4096_800r,20260914_212747_ogbn-papers100M_FedAvg_bs4096_seed42_beta10000p0,ogbn-papers100M,FedAvg,4096,42,10000.0,371,validation,0.2614,3.2532,0.2614,3.2532,1113,0.19901037216186523,0.19901037216186523,0.5216884613037109,0.7206988334655762,270.7661039829254,0.5216884613037109,0.7206988334655762,270.7661039829254
nc_papers100m_195trainer_0hop_balanced_local_bs4096_800r,20260914_212747_ogbn-papers100M_FedAvg_bs4096_seed42_beta10000p0,ogbn-papers100M,FedAvg,4096,42,10000.0,372,validation,0.2616,3.2516,0.2616,3.2516,1116,0.19801545143127441,0.19801545143127441,0.5298700332641602,0.7278854846954346,271.49398946762085,0.5298700332641602,0.7278854846954346,271.49398946762085
nc_papers100m_195trainer_0hop_balanced_local_bs4096_800r,20260914_212747_ogbn-papers100M_FedAvg_bs4096_seed42_beta10000p0,ogbn-papers100M,FedAvg,4096,42,10000.0,373,validation,0.2618,3.2501,0.2618,3.2501,1119,0.19719243049621582,0.19719243049621582,0.5145511627197266,0.7117435932159424,272.2057330608368,0.5145511627197266,0.7117435932159424,272.2057330608368
nc_papers100m_195trainer_0hop_balanced_local_bs4096_800r,20260914_212747_ogbn-papers100M_FedAvg_bs4096_seed42_beta10000p0,ogbn-papers100M,FedAvg,4096,42,10000.0,374,validation,0.262,3.2486,0.262,3.2486,1122,0.20209693908691406,0.20209693908691406,0.5286307334899902,0.7307276725769043,272.9364607334137,0.5286307334899902,0.7307276725769043,272.9364607334137
nc_papers100m_195trainer_0hop_balanced_local_bs4096_800r,20260914_212747_ogbn-papers100M_FedAvg_bs4096_seed42_beta10000p0,ogbn-papers100M,FedAvg,4096,42,10000.0,375,validation,0.2623,3.247,0.2623,3.247,1125,0.20267391204833984,0.20267391204833984,0.5328869819641113,0.7355608940124512,273.67202162742615,0.5328869819641113,0.7355608940124512,273.67202162742615
nc_papers100m_195trainer_0hop_balanced_local_bs4096_800r,20260914_212747_ogbn-papers100M_FedAvg_bs4096_seed42_beta10000p0,ogbn-papers100M,FedAvg,4096,42,10000.0,376,validation,0.2625,3.2455,0.2625,3.2455,1128,0.20086884498596191,0.20086884498596191,0.5190110206604004,0.7198798656463623,274.3919014930725,0.5190110206604004,0.7198798656463623,274.3919014930725
nc_papers100m_195trainer_0hop_balanced_local_bs4096_800r,20260914_212747_ogbn-papers100M_FedAvg_bs4096_seed42_beta10000p0,ogbn-papers100M,FedAvg,4096,42,10000.0,377,validation,0.2627,3.2441,0.2627,3.2441,1131,0.1996002197265625,0.1996002197265625,0.5154051780700684,0.7150053977966309,275.10690689086914,0.5154051780700684,0.7150053977966309,275.10690689086914
nc_papers100m_195trainer_0hop_balanced_local_bs4096_800r,20260914_212747_ogbn-papers100M_FedAvg_bs4096_seed42_beta10000p0,ogbn-papers100M,FedAvg,4096,42,10000.0,378,validation,0.2629,3.2425,0.2629,3.2425,1134,0.1980578899383545,0.1980578899383545,0.515683650970459,0.7137415409088135,275.82064843177795,0.515683650970459,0.7137415409088135,275.82064843177795
nc_papers100m_195trainer_0hop_balanced_local_bs4096_800r,20260914_212747_ogbn-papers100M_FedAvg_bs4096_seed42_beta10000p0,ogbn-papers100M,FedAvg,4096,42,10000.0,379,validation,0.263,3.241,0.263,3.241,1137,0.19911956787109375,0.19911956787109375,0.5235505104064941,0.7226700782775879,276.54331851005554,0.5235505104064941,0.7226700782775879,276.54331851005554
nc_papers100m_195trainer_0hop_balanced_local_bs4096_800r,20260914_212747_ogbn-papers100M_FedAvg_bs4096_seed42_beta10000p0,ogbn-papers100M,FedAvg,4096,42,10000.0,380,validation,0.2634,3.2395,0.2634,3.2395,1140,0.19890093803405762,0.19890093803405762,0.5465250015258789,0.7454259395599365,277.2887444496155,0.5465250015258789,0.7454259395599365,277.2887444496155
nc_papers100m_195trainer_0hop_balanced_local_bs4096_800r,20260914_212747_ogbn-papers100M_FedAvg_bs4096_seed42_beta10000p0,ogbn-papers100M,FedAvg,4096,42,10000.0,381,validation,0.2635,3.238,0.2635,3.238,1143,0.2005150318145752,0.2005150318145752,0.5189511775970459,0.7194662094116211,278.0082106590271,0.5189511775970459,0.7194662094116211,278.0082106590271
nc_papers100m_195trainer_0hop_balanced_local_bs4096_800r,20260914_212747_ogbn-papers100M_FedAvg_bs4096_seed42_beta10000p0,ogbn-papers100M,FedAvg,4096,42,10000.0,382,validation,0.2637,3.2365,0.2637,3.2365,1146,0.20344328880310059,0.20344328880310059,0.5149292945861816,0.7183725833892822,278.7265832424164,0.5149292945861816,0.7183725833892822,278.7265832424164
nc_papers100m_195trainer_0hop_balanced_local_bs4096_800r,20260914_212747_ogbn-papers100M_FedAvg_bs4096_seed42_beta10000p0,ogbn-papers100M,FedAvg,4096,42,10000.0,383,validation,0.2638,3.2349,0.2638,3.2349,1149,0.19755911827087402,0.19755911827087402,0.5270674228668213,0.7246265411376953,279.4512097835541,0.5270674228668213,0.7246265411376953,279.4512097835541
nc_papers100m_195trainer_0hop_balanced_local_bs4096_800r,20260914_212747_ogbn-papers100M_FedAvg_bs4096_seed42_beta10000p0,ogbn-papers100M,FedAvg,4096,42,10000.0,384,validation,0.264,3.2335,0.264,3.2335,1152,0.19717907905578613,0.19717907905578613,0.5245640277862549,0.721743106842041,280.1729528903961,0.5245640277862549,0.721743106842041,280.1729528903961
nc_papers100m_195trainer_0hop_balanced_local_bs4096_800r,20260914_212747_ogbn-papers100M_FedAvg_bs4096_seed42_beta10000p0,ogbn-papers100M,FedAvg,4096,42,10000.0,385,validation,0.2642,3.232,0.2642,3.232,1155,0.1999044418334961,0.1999044418334961,0.5106427669525146,0.7105472087860107,280.88350009918213,0.5106427669525146,0.7105472087860107,280.88350009918213
nc_papers100m_195trainer_0hop_balanced_local_bs4096_800r,20260914_212747_ogbn-papers100M_FedAvg_bs4096_seed42_beta10000p0,ogbn-papers100M,FedAvg,4096,42,10000.0,386,validation,0.2643,3.2305,0.2643,3.2305,1158,0.20724177360534668,0.20724177360534668,0.5230650901794434,0.73030686378479,281.6138069629669,0.5230650901794434,0.73030686378479,281.6138069629669
nc_papers100m_195trainer_0hop_balanced_local_bs4096_800r,20260914_212747_ogbn-papers100M_FedAvg_bs4096_seed42_beta10000p0,ogbn-papers100M,FedAvg,4096,42,10000.0,387,validation,0.2645,3.2291,0.2645,3.2291,1161,0.20162081718444824,0.20162081718444824,0.526482343673706,0.7281031608581543,282.3419101238251,0.526482343673706,0.7281031608581543,282.3419101238251
nc_papers100m_195trainer_0hop_balanced_local_bs4096_800r,20260914_212747_ogbn-papers100M_FedAvg_bs4096_seed42_beta10000p0,ogbn-papers100M,FedAvg,4096,42,10000.0,388,validation,0.2646,3.2276,0.2646,3.2276,1164,0.19962668418884277,0.19962668418884277,0.5228497982025146,0.7224764823913574,283.06438660621643,0.5228497982025146,0.7224764823913574,283.06438660621643
nc_papers100m_195trainer_0hop_balanced_local_bs4096_800r,20260914_212747_ogbn-papers100M_FedAvg_bs4096_seed42_beta10000p0,ogbn-papers100M,FedAvg,4096,42,10000.0,389,validation,0.2647,3.2261,0.2647,3.2261,1167,0.19685673713684082,0.19685673713684082,0.5192453861236572,0.716102123260498,283.78048872947693,0.5192453861236572,0.716102123260498,283.78048872947693
nc_papers100m_195trainer_0hop_balanced_local_bs4096_800r,20260914_212747_ogbn-papers100M_FedAvg_bs4096_seed42_beta10000p0,ogbn-papers100M,FedAvg,4096,42,10000.0,390,validation,0.2648,3.2247,0.2648,3.2247,1170,0.20332956314086914,0.20332956314086914,0.5174846649169922,0.7208142280578613,284.5013029575348,0.5174846649169922,0.7208142280578613,284.5013029575348
nc_papers100m_195trainer_0hop_balanced_local_bs4096_800r,20260914_212747_ogbn-papers100M_FedAvg_bs4096_seed42_beta10000p0,ogbn-papers100M,FedAvg,4096,42,10000.0,391,validation,0.265,3.2232,0.265,3.2232,1173,0.2011570930480957,0.2011570930480957,0.5226819515228271,0.7238390445709229,285.2251420021057,0.5226819515228271,0.7238390445709229,285.2251420021057
nc_papers100m_195trainer_0hop_balanced_local_bs4096_800r,20260914_212747_ogbn-papers100M_FedAvg_bs4096_seed42_beta10000p0,ogbn-papers100M,FedAvg,4096,42,10000.0,392,validation,0.2651,3.2218,0.2651,3.2218,1176,0.20387959480285645,0.20387959480285645,0.5240085124969482,0.7278881072998047,285.9530301094055,0.5240085124969482,0.7278881072998047,285.9530301094055
nc_papers100m_195trainer_0hop_balanced_local_bs4096_800r,20260914_212747_ogbn-papers100M_FedAvg_bs4096_seed42_beta10000p0,ogbn-papers100M,FedAvg,4096,42,10000.0,393,validation,0.2653,3.2203,0.2653,3.2203,1179,0.1978604793548584,0.1978604793548584,0.5324013233184814,0.7302618026733398,286.68329191207886,0.5324013233184814,0.7302618026733398,286.68329191207886
nc_papers100m_195trainer_0hop_balanced_local_bs4096_800r,20260914_212747_ogbn-papers100M_FedAvg_bs4096_seed42_beta10000p0,ogbn-papers100M,FedAvg,4096,42,10000.0,394,validation,0.2655,3.2189,0.2655,3.2189,1182,0.1975853443145752,0.1975853443145752,0.5183658599853516,0.7159512042999268,287.3992431163788,0.5183658599853516,0.7159512042999268,287.3992431163788
nc_papers100m_195trainer_0hop_balanced_local_bs4096_800r,20260914_212747_ogbn-papers100M_FedAvg_bs4096_seed42_beta10000p0,ogbn-papers100M,FedAvg,4096,42,10000.0,395,validation,0.2657,3.2175,0.2657,3.2175,1185,0.19974064826965332,0.19974064826965332,0.5181930065155029,0.7179336547851562,288.11717677116394,0.5181930065155029,0.7179336547851562,288.11717677116394
nc_papers100m_195trainer_0hop_balanced_local_bs4096_800r,20260914_212747_ogbn-papers100M_FedAvg_bs4096_seed42_beta10000p0,ogbn-papers100M,FedAvg,4096,42,10000.0,396,validation,0.2659,3.216,0.2659,3.216,1188,0.20020604133605957,0.20020604133605957,0.5292267799377441,0.7294328212738037,288.84660959243774,0.5292267799377441,0.7294328212738037,288.84660959243774
nc_papers100m_195trainer_0hop_balanced_local_bs4096_800r,20260914_212747_ogbn-papers100M_FedAvg_bs4096_seed42_beta10000p0,ogbn-papers100M,FedAvg,4096,42,10000.0,397,validation,0.266,3.2146,0.266,3.2146,1191,0.20248031616210938,0.20248031616210938,0.5278706550598145,0.7303509712219238,289.57696056365967,0.5278706550598145,0.7303509712219238,289.57696056365967
nc_papers100m_195trainer_0hop_balanced_local_bs4096_800r,20260914_212747_ogbn-papers100M_FedAvg_bs4096_seed42_beta10000p0,ogbn-papers100M,FedAvg,4096,42,10000.0,398,validation,0.2663,3.2132,0.2663,3.2132,1194,0.2000882625579834,0.2000882625579834,0.5066494941711426,0.706737756729126,290.2836983203888,0.5066494941711426,0.706737756729126,290.2836983203888
nc_papers100m_195trainer_0hop_balanced_local_bs4096_800r,20260914_212747_ogbn-papers100M_FedAvg_bs4096_seed42_beta10000p0,ogbn-papers100M,FedAvg,4096,42,10000.0,399,validation,0.2665,3.2117,0.2665,3.2117,1197,0.1991884708404541,0.1991884708404541,0.5267074108123779,0.725895881652832,291.0095942020416,0.5267074108123779,0.725895881652832,291.0095942020416
nc_papers100m_195trainer_0hop_balanced_local_bs4096_800r,20260914_212747_ogbn-papers100M_FedAvg_bs4096_seed42_beta10000p0,ogbn-papers100M,FedAvg,4096,42,10000.0,400,validation,0.2666,3.2103,0.2666,3.2103,1200,0.19937753677368164,0.19937753677368164,0.5221748352050781,0.7215523719787598,291.7311465740204,0.5221748352050781,0.7215523719787598,291.7311465740204
nc_papers100m_195trainer_0hop_balanced_local_bs4096_800r,20260914_212747_ogbn-papers100M_FedAvg_bs4096_seed42_beta10000p0,ogbn-papers100M,FedAvg,4096,42,10000.0,401,validation,0.2667,3.2089,0.2667,3.2089,1203,0.20108461380004883,0.20108461380004883,0.5311994552612305,0.7322840690612793,292.46343064308167,0.5311994552612305,0.7322840690612793,292.46343064308167
nc_papers100m_195trainer_0hop_balanced_local_bs4096_800r,20260914_212747_ogbn-papers100M_FedAvg_bs4096_seed42_beta10000p0,ogbn-papers100M,FedAvg,4096,42,10000.0,402,validation,0.2669,3.2075,0.2669,3.2075,1206,0.20158696174621582,0.20158696174621582,0.5143120288848877,0.7158989906311035,293.17932963371277,0.5143120288848877,0.7158989906311035,293.17932963371277
nc_papers100m_195trainer_0hop_balanced_local_bs4096_800r,20260914_212747_ogbn-papers100M_FedAvg_bs4096_seed42_beta10000p0,ogbn-papers100M,FedAvg,4096,42,10000.0,403,validation,0.2672,3.2061,0.2672,3.2061,1209,0.20356512069702148,0.20356512069702148,0.5177199840545654,0.7212851047515869,293.90061473846436,0.5177199840545654,0.7212851047515869,293.90061473846436
nc_papers100m_195trainer_0hop_balanced_local_bs4096_800r,20260914_212747_ogbn-papers100M_FedAvg_bs4096_seed42_beta10000p0,ogbn-papers100M,FedAvg,4096,42,10000.0,404,validation,0.2675,3.2047,0.2675,3.2047,1212,0.20025014877319336,0.20025014877319336,0.5204224586486816,0.720672607421875,294.62128734588623,0.5204224586486816,0.720672607421875,294.62128734588623
nc_papers100m_195trainer_0hop_balanced_local_bs4096_800r,20260914_212747_ogbn-papers100M_FedAvg_bs4096_seed42_beta10000p0,ogbn-papers100M,FedAvg,4096,42,10000.0,405,validation,0.2676,3.2034,0.2676,3.2034,1215,0.1994798183441162,0.1994798183441162,0.5232086181640625,0.7226884365081787,295.3439757823944,0.5232086181640625,0.7226884365081787,295.3439757823944
nc_papers100m_195trainer_0hop_balanced_local_bs4096_800r,20260914_212747_ogbn-papers100M_FedAvg_bs4096_seed42_beta10000p0,ogbn-papers100M,FedAvg,4096,42,10000.0,406,validation,0.2678,3.202,0.2678,3.202,1218,0.19931554794311523,0.19931554794311523,0.5626509189605713,0.7619664669036865,296.1059422492981,0.5626509189605713,0.7619664669036865,296.1059422492981
nc_papers100m_195trainer_0hop_balanced_local_bs4096_800r,20260914_212747_ogbn-papers100M_FedAvg_bs4096_seed42_beta10000p0,ogbn-papers100M,FedAvg,4096,42,10000.0,407,validation,0.268,3.2006,0.268,3.2006,1221,0.2017214298248291,0.2017214298248291,0.5490047931671143,0.7507262229919434,296.85666847229004,0.5490047931671143,0.7507262229919434,296.85666847229004
nc_papers100m_195trainer_0hop_balanced_local_bs4096_800r,20260914_212747_ogbn-papers100M_FedAvg_bs4096_seed42_beta10000p0,ogbn-papers100M,FedAvg,4096,42,10000.0,408,validation,0.2682,3.1992,0.2682,3.1992,1224,0.19932293891906738,0.19932293891906738,0.5204794406890869,0.7198023796081543,297.5764708518982,0.5204794406890869,0.7198023796081543,297.5764708518982
nc_papers100m_195trainer_0hop_balanced_local_bs4096_800r,20260914_212747_ogbn-papers100M_FedAvg_bs4096_seed42_beta10000p0,ogbn-papers100M,FedAvg,4096,42,10000.0,409,validation,0.2684,3.1978,0.2684,3.1978,1227,0.20096039772033691,0.20096039772033691,0.5273711681365967,0.7283315658569336,298.3048024177551,0.5273711681365967,0.7283315658569336,298.3048024177551
nc_papers100m_195trainer_0hop_balanced_local_bs4096_800r,20260914_212747_ogbn-papers100M_FedAvg_bs4096_seed42_beta10000p0,ogbn-papers100M,FedAvg,4096,42,10000.0,410,validation,0.2685,3.1964,0.2685,3.1964,1230,0.19811201095581055,0.19811201095581055,0.5158522129058838,0.7139642238616943,299.0187666416168,0.5158522129058838,0.7139642238616943,299.0187666416168
nc_papers100m_195trainer_0hop_balanced_local_bs4096_800r,20260914_212747_ogbn-papers100M_FedAvg_bs4096_seed42_beta10000p0,ogbn-papers100M,FedAvg,4096,42,10000.0,411,validation,0.2687,3.1951,0.2687,3.1951,1233,0.20400381088256836,0.20400381088256836,0.5138401985168457,0.7178440093994141,299.73661065101624,0.5138401985168457,0.7178440093994141,299.73661065101624
nc_papers100m_195trainer_0hop_balanced_local_bs4096_800r,20260914_212747_ogbn-papers100M_FedAvg_bs4096_seed42_beta10000p0,ogbn-papers100M,FedAvg,4096,42,10000.0,412,validation,0.2689,3.1937,0.2689,3.1937,1236,0.1969006061553955,0.1969006061553955,0.5273129940032959,0.7242136001586914,300.4608242511749,0.5273129940032959,0.7242136001586914,300.4608242511749
nc_papers100m_195trainer_0hop_balanced_local_bs4096_800r,20260914_212747_ogbn-papers100M_FedAvg_bs4096_seed42_beta10000p0,ogbn-papers100M,FedAvg,4096,42,10000.0,413,validation,0.2691,3.1924,0.2691,3.1924,1239,0.19709253311157227,0.19709253311157227,0.5190234184265137,0.7161159515380859,301.176940202713,0.5190234184265137,0.7161159515380859,301.176940202713
nc_papers100m_195trainer_0hop_balanced_local_bs4096_800r,20260914_212747_ogbn-papers100M_FedAvg_bs4096_seed42_beta10000p0,ogbn-papers100M,FedAvg,4096,42,10000.0,414,validation,0.2692,3.1911,0.2692,3.1911,1242,0.19777941703796387,0.19777941703796387,0.5190136432647705,0.7167930603027344,301.89373326301575,0.5190136432647705,0.7167930603027344,301.89373326301575
nc_papers100m_195trainer_0hop_balanced_local_bs4096_800r,20260914_212747_ogbn-papers100M_FedAvg_bs4096_seed42_beta10000p0,ogbn-papers100M,FedAvg,4096,42,10000.0,415,validation,0.2694,3.1897,0.2694,3.1897,1245,0.2019367218017578,0.2019367218017578,0.5236668586730957,0.7256035804748535,302.6193368434906,0.5236668586730957,0.7256035804748535,302.6193368434906
nc_papers100m_195trainer_0hop_balanced_local_bs4096_800r,20260914_212747_ogbn-papers100M_FedAvg_bs4096_seed42_beta10000p0,ogbn-papers100M,FedAvg,4096,42,10000.0,416,validation,0.2696,3.1884,0.2696,3.1884,1248,0.19680571556091309,0.19680571556091309,0.5186376571655273,0.7154433727264404,303.33478021621704,0.5186376571655273,0.7154433727264404,303.33478021621704
nc_papers100m_195trainer_0hop_balanced_local_bs4096_800r,20260914_212747_ogbn-papers100M_FedAvg_bs4096_seed42_beta10000p0,ogbn-papers100M,FedAvg,4096,42,10000.0,417,validation,0.2698,3.1871,0.2698,3.1871,1251,0.19693660736083984,0.19693660736083984,0.5199699401855469,0.7169065475463867,304.0516867637634,0.5199699401855469,0.7169065475463867,304.0516867637634
nc_papers100m_195trainer_0hop_balanced_local_bs4096_800r,20260914_212747_ogbn-papers100M_FedAvg_bs4096_seed42_beta10000p0,ogbn-papers100M,FedAvg,4096,42,10000.0,418,validation,0.2699,3.1857,0.2699,3.1857,1254,0.19750690460205078,0.19750690460205078,0.5191388130187988,0.7166457176208496,304.7683324813843,0.5191388130187988,0.7166457176208496,304.7683324813843
nc_papers100m_195trainer_0hop_balanced_local_bs4096_800r,20260914_212747_ogbn-papers100M_FedAvg_bs4096_seed42_beta10000p0,ogbn-papers100M,FedAvg,4096,42,10000.0,419,validation,0.2701,3.1843,0.2701,3.1843,1257,0.20452141761779785,0.20452141761779785,0.5348622798919678,0.7393836975097656,305.50771617889404,0.5348622798919678,0.7393836975097656,305.50771617889404
nc_papers100m_195trainer_0hop_balanced_local_bs4096_800r,20260914_212747_ogbn-papers100M_FedAvg_bs4096_seed42_beta10000p0,ogbn-papers100M,FedAvg,4096,42,10000.0,420,validation,0.2703,3.183,0.2703,3.183,1260,0.197800874710083,0.197800874710083,0.5249042510986328,0.7227051258087158,306.23042130470276,0.5249042510986328,0.7227051258087158,306.23042130470276
nc_papers100m_195trainer_0hop_balanced_local_bs4096_800r,20260914_212747_ogbn-papers100M_FedAvg_bs4096_seed42_beta10000p0,ogbn-papers100M,FedAvg,4096,42,10000.0,421,validation,0.2704,3.1816,0.2704,3.1816,1263,0.19993829727172852,0.19993829727172852,0.5222306251525879,0.7221689224243164,306.9525902271271,0.5222306251525879,0.7221689224243164,306.9525902271271
nc_papers100m_195trainer_0hop_balanced_local_bs4096_800r,20260914_212747_ogbn-papers100M_FedAvg_bs4096_seed42_beta10000p0,ogbn-papers100M,FedAvg,4096,42,10000.0,422,validation,0.2706,3.1803,0.2706,3.1803,1266,0.1978747844696045,0.1978747844696045,0.5175440311431885,0.715418815612793,307.66800904273987,0.5175440311431885,0.715418815612793,307.66800904273987
nc_papers100m_195trainer_0hop_balanced_local_bs4096_800r,20260914_212747_ogbn-papers100M_FedAvg_bs4096_seed42_beta10000p0,ogbn-papers100M,FedAvg,4096,42,10000.0,423,validation,0.2708,3.179,0.2708,3.179,1269,0.19776248931884766,0.19776248931884766,0.5317275524139404,0.7294900417327881,308.39749908447266,0.5317275524139404,0.7294900417327881,308.39749908447266
nc_papers100m_195trainer_0hop_balanced_local_bs4096_800r,20260914_212747_ogbn-papers100M_FedAvg_bs4096_seed42_beta10000p0,ogbn-papers100M,FedAvg,4096,42,10000.0,424,validation,0.2709,3.1776,0.2709,3.1776,1272,0.19726133346557617,0.19726133346557617,0.5346221923828125,0.7318835258483887,309.12938261032104,0.5346221923828125,0.7318835258483887,309.12938261032104
nc_papers100m_195trainer_0hop_balanced_local_bs4096_800r,20260914_212747_ogbn-papers100M_FedAvg_bs4096_seed42_beta10000p0,ogbn-papers100M,FedAvg,4096,42,10000.0,425,validation,0.271,3.1763,0.271,3.1763,1275,0.19864201545715332,0.19864201545715332,0.5240213871002197,0.722663402557373,309.8520460128784,0.5240213871002197,0.722663402557373,309.8520460128784
nc_papers100m_195trainer_0hop_balanced_local_bs4096_800r,20260914_212747_ogbn-papers100M_FedAvg_bs4096_seed42_beta10000p0,ogbn-papers100M,FedAvg,4096,42,10000.0,426,validation,0.2712,3.175,0.2712,3.175,1278,0.19835662841796875,0.19835662841796875,0.519442081451416,0.7177987098693848,310.5698447227478,0.519442081451416,0.7177987098693848,310.5698447227478
nc_papers100m_195trainer_0hop_balanced_local_bs4096_800r,20260914_212747_ogbn-papers100M_FedAvg_bs4096_seed42_beta10000p0,ogbn-papers100M,FedAvg,4096,42,10000.0,427,validation,0.2713,3.1737,0.2713,3.1737,1281,0.19707775115966797,0.19707775115966797,0.5273962020874023,0.7244739532470703,311.2943186759949,0.5273962020874023,0.7244739532470703,311.2943186759949
nc_papers100m_195trainer_0hop_balanced_local_bs4096_800r,20260914_212747_ogbn-papers100M_FedAvg_bs4096_seed42_beta10000p0,ogbn-papers100M,FedAvg,4096,42,10000.0,428,validation,0.2714,3.1725,0.2714,3.1725,1284,0.19633817672729492,0.19633817672729492,0.5243368148803711,0.720674991607666,312.01499366760254,0.5243368148803711,0.720674991607666,312.01499366760254
nc_papers100m_195trainer_0hop_balanced_local_bs4096_800r,20260914_212747_ogbn-papers100M_FedAvg_bs4096_seed42_beta10000p0,ogbn-papers100M,FedAvg,4096,42,10000.0,429,validation,0.2717,3.1712,0.2717,3.1712,1287,0.19629216194152832,0.19629216194152832,0.5253398418426514,0.7216320037841797,312.7366256713867,0.5253398418426514,0.7216320037841797,312.7366256713867
nc_papers100m_195trainer_0hop_balanced_local_bs4096_800r,20260914_212747_ogbn-papers100M_FedAvg_bs4096_seed42_beta10000p0,ogbn-papers100M,FedAvg,4096,42,10000.0,430,validation,0.2718,3.1699,0.2718,3.1699,1290,0.2002882957458496,0.2002882957458496,0.519965410232544,0.7202537059783936,313.4568793773651,0.519965410232544,0.7202537059783936,313.4568793773651
nc_papers100m_195trainer_0hop_balanced_local_bs4096_800r,20260914_212747_ogbn-papers100M_FedAvg_bs4096_seed42_beta10000p0,ogbn-papers100M,FedAvg,4096,42,10000.0,431,validation,0.272,3.1686,0.272,3.1686,1293,0.19994139671325684,0.19994139671325684,0.5192592144012451,0.719200611114502,314.1760799884796,0.5192592144012451,0.719200611114502,314.1760799884796
nc_papers100m_195trainer_0hop_balanced_local_bs4096_800r,20260914_212747_ogbn-papers100M_FedAvg_bs4096_seed42_beta10000p0,ogbn-papers100M,FedAvg,4096,42,10000.0,432,validation,0.2722,3.1673,0.2722,3.1673,1296,0.20263338088989258,0.20263338088989258,0.5295424461364746,0.7321758270263672,314.908255815506,0.5295424461364746,0.7321758270263672,314.908255815506
nc_papers100m_195trainer_0hop_balanced_local_bs4096_800r,20260914_212747_ogbn-papers100M_FedAvg_bs4096_seed42_beta10000p0,ogbn-papers100M,FedAvg,4096,42,10000.0,433,validation,0.2723,3.1661,0.2723,3.1661,1299,0.1965961456298828,0.1965961456298828,0.5246942043304443,0.7212903499603271,315.6295461654663,0.5246942043304443,0.7212903499603271,315.6295461654663
nc_papers100m_195trainer_0hop_balanced_local_bs4096_800r,20260914_212747_ogbn-papers100M_FedAvg_bs4096_seed42_beta10000p0,ogbn-papers100M,FedAvg,4096,42,10000.0,434,validation,0.2725,3.1647,0.2725,3.1647,1302,0.19706225395202637,0.19706225395202637,0.5130438804626465,0.7101061344146729,316.339652299881,0.5130438804626465,0.7101061344146729,316.339652299881
nc_papers100m_195trainer_0hop_balanced_local_bs4096_800r,20260914_212747_ogbn-papers100M_FedAvg_bs4096_seed42_beta10000p0,ogbn-papers100M,FedAvg,4096,42,10000.0,435,validation,0.2727,3.1635,0.2727,3.1635,1305,0.2001500129699707,0.2001500129699707,0.5164251327514648,0.7165751457214355,317.0562274456024,0.5164251327514648,0.7165751457214355,317.0562274456024
nc_papers100m_195trainer_0hop_balanced_local_bs4096_800r,20260914_212747_ogbn-papers100M_FedAvg_bs4096_seed42_beta10000p0,ogbn-papers100M,FedAvg,4096,42,10000.0,436,validation,0.2729,3.1622,0.2729,3.1622,1308,0.20499181747436523,0.20499181747436523,0.5246880054473877,0.7296798229217529,317.78590726852417,0.5246880054473877,0.7296798229217529,317.78590726852417
nc_papers100m_195trainer_0hop_balanced_local_bs4096_800r,20260914_212747_ogbn-papers100M_FedAvg_bs4096_seed42_beta10000p0,ogbn-papers100M,FedAvg,4096,42,10000.0,437,validation,0.273,3.1609,0.273,3.1609,1311,0.19770455360412598,0.19770455360412598,0.5288417339324951,0.7265462875366211,318.5124535560608,0.5288417339324951,0.7265462875366211,318.5124535560608
nc_papers100m_195trainer_0hop_balanced_local_bs4096_800r,20260914_212747_ogbn-papers100M_FedAvg_bs4096_seed42_beta10000p0,ogbn-papers100M,FedAvg,4096,42,10000.0,438,validation,0.2732,3.1598,0.2732,3.1598,1314,0.19660639762878418,0.19660639762878418,0.5183932781219482,0.7149996757507324,319.2274532318115,0.5183932781219482,0.7149996757507324,319.2274532318115
nc_papers100m_195trainer_0hop_balanced_local_bs4096_800r,20260914_212747_ogbn-papers100M_FedAvg_bs4096_seed42_beta10000p0,ogbn-papers100M,FedAvg,4096,42,10000.0,439,validation,0.2733,3.1585,0.2733,3.1585,1317,0.1975722312927246,0.1975722312927246,0.5208876132965088,0.7184598445892334,319.94591307640076,0.5208876132965088,0.7184598445892334,319.94591307640076
nc_papers100m_195trainer_0hop_balanced_local_bs4096_800r,20260914_212747_ogbn-papers100M_FedAvg_bs4096_seed42_beta10000p0,ogbn-papers100M,FedAvg,4096,42,10000.0,440,validation,0.2735,3.1572,0.2735,3.1572,1320,0.20390725135803223,0.20390725135803223,0.5187399387359619,0.7226471900939941,320.66856026649475,0.5187399387359619,0.7226471900939941,320.66856026649475
nc_papers100m_195trainer_0hop_balanced_local_bs4096_800r,20260914_212747_ogbn-papers100M_FedAvg_bs4096_seed42_beta10000p0,ogbn-papers100M,FedAvg,4096,42,10000.0,441,validation,0.2737,3.1559,0.2737,3.1559,1323,0.20099949836730957,0.20099949836730957,0.5417735576629639,0.7427730560302734,321.411333322525,0.5417735576629639,0.7427730560302734,321.411333322525
nc_papers100m_195trainer_0hop_balanced_local_bs4096_800r,20260914_212747_ogbn-papers100M_FedAvg_bs4096_seed42_beta10000p0,ogbn-papers100M,FedAvg,4096,42,10000.0,442,validation,0.2738,3.1547,0.2738,3.1547,1326,0.19787812232971191,0.19787812232971191,0.5307745933532715,0.7286527156829834,322.139986038208,0.5307745933532715,0.7286527156829834,322.139986038208
nc_papers100m_195trainer_0hop_balanced_local_bs4096_800r,20260914_212747_ogbn-papers100M_FedAvg_bs4096_seed42_beta10000p0,ogbn-papers100M,FedAvg,4096,42,10000.0,443,validation,0.2739,3.1534,0.2739,3.1534,1329,0.19669127464294434,0.19669127464294434,0.5204558372497559,0.7171471118927002,322.8571331501007,0.5204558372497559,0.7171471118927002,322.8571331501007
nc_papers100m_195trainer_0hop_balanced_local_bs4096_800r,20260914_212747_ogbn-papers100M_FedAvg_bs4096_seed42_beta10000p0,ogbn-papers100M,FedAvg,4096,42,10000.0,444,validation,0.2742,3.1522,0.2742,3.1522,1332,0.20010876655578613,0.20010876655578613,0.5325453281402588,0.7326540946960449,323.58978724479675,0.5325453281402588,0.7326540946960449,323.58978724479675
nc_papers100m_195trainer_0hop_balanced_local_bs4096_800r,20260914_212747_ogbn-papers100M_FedAvg_bs4096_seed42_beta10000p0,ogbn-papers100M,FedAvg,4096,42,10000.0,445,validation,0.2743,3.151,0.2743,3.151,1335,0.19971847534179688,0.19971847534179688,0.5404174327850342,0.740135908126831,324.3299231529236,0.5404174327850342,0.740135908126831,324.3299231529236
nc_papers100m_195trainer_0hop_balanced_local_bs4096_800r,20260914_212747_ogbn-papers100M_FedAvg_bs4096_seed42_beta10000p0,ogbn-papers100M,FedAvg,4096,42,10000.0,446,validation,0.2745,3.1498,0.2745,3.1498,1338,0.20272350311279297,0.20272350311279297,0.5240874290466309,0.7268109321594238,325.056734085083,0.5240874290466309,0.7268109321594238,325.056734085083
nc_papers100m_195trainer_0hop_balanced_local_bs4096_800r,20260914_212747_ogbn-papers100M_FedAvg_bs4096_seed42_beta10000p0,ogbn-papers100M,FedAvg,4096,42,10000.0,447,validation,0.2746,3.1486,0.2746,3.1486,1341,0.20006155967712402,0.20006155967712402,0.5163445472717285,0.7164061069488525,325.77314019203186,0.5163445472717285,0.7164061069488525,325.77314019203186
nc_papers100m_195trainer_0hop_balanced_local_bs4096_800r,20260914_212747_ogbn-papers100M_FedAvg_bs4096_seed42_beta10000p0,ogbn-papers100M,FedAvg,4096,42,10000.0,448,validation,0.2748,3.1474,0.2748,3.1474,1344,0.2026500701904297,0.2026500701904297,0.5214097499847412,0.7240598201751709,326.49720001220703,0.5214097499847412,0.7240598201751709,326.49720001220703
nc_papers100m_195trainer_0hop_balanced_local_bs4096_800r,20260914_212747_ogbn-papers100M_FedAvg_bs4096_seed42_beta10000p0,ogbn-papers100M,FedAvg,4096,42,10000.0,449,validation,0.2748,3.1461,0.2748,3.1461,1347,0.1969470977783203,0.1969470977783203,0.5431172847747803,0.7400643825531006,327.23726439476013,0.5431172847747803,0.7400643825531006,327.23726439476013
nc_papers100m_195trainer_0hop_balanced_local_bs4096_800r,20260914_212747_ogbn-papers100M_FedAvg_bs4096_seed42_beta10000p0,ogbn-papers100M,FedAvg,4096,42,10000.0,450,validation,0.2751,3.1449,0.2751,3.1449,1350,0.19970440864562988,0.19970440864562988,0.5216977596282959,0.7214021682739258,327.95866656303406,0.5216977596282959,0.7214021682739258,327.95866656303406
nc_papers100m_195trainer_0hop_balanced_local_bs4096_800r,20260914_212747_ogbn-papers100M_FedAvg_bs4096_seed42_beta10000p0,ogbn-papers100M,FedAvg,4096,42,10000.0,451,validation,0.2752,3.1436,0.2752,3.1436,1353,0.20091009140014648,0.20091009140014648,0.5205020904541016,0.721412181854248,328.6800787448883,0.5205020904541016,0.721412181854248,328.6800787448883
nc_papers100m_195trainer_0hop_balanced_local_bs4096_800r,20260914_212747_ogbn-papers100M_FedAvg_bs4096_seed42_beta10000p0,ogbn-papers100M,FedAvg,4096,42,10000.0,452,validation,0.2753,3.1424,0.2753,3.1424,1356,0.20091009140014648,0.20091009140014648,0.5263381004333496,0.7272481918334961,329.4073269367218,0.5263381004333496,0.7272481918334961,329.4073269367218
nc_papers100m_195trainer_0hop_balanced_local_bs4096_800r,20260914_212747_ogbn-papers100M_FedAvg_bs4096_seed42_beta10000p0,ogbn-papers100M,FedAvg,4096,42,10000.0,453,validation,0.2755,3.1412,0.2755,3.1412,1359,0.2031383514404297,0.2031383514404297,0.5264434814453125,0.7295818328857422,330.13690876960754,0.5264434814453125,0.7295818328857422,330.13690876960754
nc_papers100m_195trainer_0hop_balanced_local_bs4096_800r,20260914_212747_ogbn-papers100M_FedAvg_bs4096_seed42_beta10000p0,ogbn-papers100M,FedAvg,4096,42,10000.0,454,validation,0.2757,3.14,0.2757,3.14,1362,0.19685888290405273,0.19685888290405273,0.5393228530883789,0.7361817359924316,330.8730905056,0.5393228530883789,0.7361817359924316,330.8730905056
nc_papers100m_195trainer_0hop_balanced_local_bs4096_800r,20260914_212747_ogbn-papers100M_FedAvg_bs4096_seed42_beta10000p0,ogbn-papers100M,FedAvg,4096,42,10000.0,455,validation,0.2759,3.1388,0.2759,3.1388,1365,0.1991724967956543,0.1991724967956543,0.5235342979431152,0.7227067947387695,331.59579730033875,0.5235342979431152,0.7227067947387695,331.59579730033875
nc_papers100m_195trainer_0hop_balanced_local_bs4096_800r,20260914_212747_ogbn-papers100M_FedAvg_bs4096_seed42_beta10000p0,ogbn-papers100M,FedAvg,4096,42,10000.0,456,validation,0.276,3.1376,0.276,3.1376,1368,0.20247530937194824,0.20247530937194824,0.5160298347473145,0.7185051441192627,332.314302444458,0.5160298347473145,0.7185051441192627,332.314302444458
nc_papers100m_195trainer_0hop_balanced_local_bs4096_800r,20260914_212747_ogbn-papers100M_FedAvg_bs4096_seed42_beta10000p0,ogbn-papers100M,FedAvg,4096,42,10000.0,457,validation,0.2761,3.1365,0.2761,3.1365,1371,0.20363283157348633,0.20363283157348633,0.5321359634399414,0.7357687950134277,333.05007123947144,0.5321359634399414,0.7357687950134277,333.05007123947144
nc_papers100m_195trainer_0hop_balanced_local_bs4096_800r,20260914_212747_ogbn-papers100M_FedAvg_bs4096_seed42_beta10000p0,ogbn-papers100M,FedAvg,4096,42,10000.0,458,validation,0.2763,3.1352,0.2763,3.1352,1374,0.20030689239501953,0.20030689239501953,0.5285801887512207,0.7288870811462402,333.7789583206177,0.5285801887512207,0.7288870811462402,333.7789583206177
nc_papers100m_195trainer_0hop_balanced_local_bs4096_800r,20260914_212747_ogbn-papers100M_FedAvg_bs4096_seed42_beta10000p0,ogbn-papers100M,FedAvg,4096,42,10000.0,459,validation,0.2766,3.134,0.2766,3.134,1377,0.19864535331726074,0.19864535331726074,0.5262095928192139,0.7248549461364746,334.50381326675415,0.5262095928192139,0.7248549461364746,334.50381326675415
nc_papers100m_195trainer_0hop_balanced_local_bs4096_800r,20260914_212747_ogbn-papers100M_FedAvg_bs4096_seed42_beta10000p0,ogbn-papers100M,FedAvg,4096,42,10000.0,460,validation,0.2767,3.1329,0.2767,3.1329,1380,0.2000434398651123,0.2000434398651123,0.5218899250030518,0.7219333648681641,335.2257466316223,0.5218899250030518,0.7219333648681641,335.2257466316223
nc_papers100m_195trainer_0hop_balanced_local_bs4096_800r,20260914_212747_ogbn-papers100M_FedAvg_bs4096_seed42_beta10000p0,ogbn-papers100M,FedAvg,4096,42,10000.0,461,validation,0.277,3.1317,0.277,3.1317,1383,0.20715117454528809,0.20715117454528809,0.5185492038726807,0.7257003784179688,335.9514470100403,0.5185492038726807,0.7257003784179688,335.9514470100403
nc_papers100m_195trainer_0hop_balanced_local_bs4096_800r,20260914_212747_ogbn-papers100M_FedAvg_bs4096_seed42_beta10000p0,ogbn-papers100M,FedAvg,4096,42,10000.0,462,validation,0.2771,3.1305,0.2771,3.1305,1386,0.20161151885986328,0.20161151885986328,0.528907299041748,0.7305188179016113,336.6819658279419,0.528907299041748,0.7305188179016113,336.6819658279419
nc_papers100m_195trainer_0hop_balanced_local_bs4096_800r,20260914_212747_ogbn-papers100M_FedAvg_bs4096_seed42_beta10000p0,ogbn-papers100M,FedAvg,4096,42,10000.0,463,validation,0.2772,3.1293,0.2772,3.1293,1389,0.20062518119812012,0.20062518119812012,0.520829439163208,0.7214546203613281,337.4034204483032,0.520829439163208,0.7214546203613281,337.4034204483032
nc_papers100m_195trainer_0hop_balanced_local_bs4096_800r,20260914_212747_ogbn-papers100M_FedAvg_bs4096_seed42_beta10000p0,ogbn-papers100M,FedAvg,4096,42,10000.0,464,validation,0.2774,3.1281,0.2774,3.1281,1392,0.20090103149414062,0.20090103149414062,0.5176434516906738,0.7185444831848145,338.12196493148804,0.5176434516906738,0.7185444831848145,338.12196493148804
nc_papers100m_195trainer_0hop_balanced_local_bs4096_800r,20260914_212747_ogbn-papers100M_FedAvg_bs4096_seed42_beta10000p0,ogbn-papers100M,FedAvg,4096,42,10000.0,465,validation,0.2776,3.1269,0.2776,3.1269,1395,0.20372271537780762,0.20372271537780762,0.5207386016845703,0.7244613170623779,338.8464262485504,0.5207386016845703,0.7244613170623779,338.8464262485504
nc_papers100m_195trainer_0hop_balanced_local_bs4096_800r,20260914_212747_ogbn-papers100M_FedAvg_bs4096_seed42_beta10000p0,ogbn-papers100M,FedAvg,4096,42,10000.0,466,validation,0.2777,3.1258,0.2777,3.1258,1398,0.20134782791137695,0.20134782791137695,0.5293920040130615,0.7307398319244385,339.57716608047485,0.5293920040130615,0.7307398319244385,339.57716608047485
nc_papers100m_195trainer_0hop_balanced_local_bs4096_800r,20260914_212747_ogbn-papers100M_FedAvg_bs4096_seed42_beta10000p0,ogbn-papers100M,FedAvg,4096,42,10000.0,467,validation,0.2778,3.1246,0.2778,3.1246,1401,0.20162034034729004,0.20162034034729004,0.5219888687133789,0.723609209060669,340.3007752895355,0.5219888687133789,0.723609209060669,340.3007752895355
nc_papers100m_195trainer_0hop_balanced_local_bs4096_800r,20260914_212747_ogbn-papers100M_FedAvg_bs4096_seed42_beta10000p0,ogbn-papers100M,FedAvg,4096,42,10000.0,468,validation,0.2778,3.1234,0.2778,3.1234,1404,0.20255541801452637,0.20255541801452637,0.5057685375213623,0.7083239555358887,341.0090992450714,0.5057685375213623,0.7083239555358887,341.0090992450714
nc_papers100m_195trainer_0hop_balanced_local_bs4096_800r,20260914_212747_ogbn-papers100M_FedAvg_bs4096_seed42_beta10000p0,ogbn-papers100M,FedAvg,4096,42,10000.0,469,validation,0.278,3.1223,0.278,3.1223,1407,0.2056570053100586,0.2056570053100586,0.5134460926055908,0.7191030979156494,341.72820234298706,0.5134460926055908,0.7191030979156494,341.72820234298706
nc_papers100m_195trainer_0hop_balanced_local_bs4096_800r,20260914_212747_ogbn-papers100M_FedAvg_bs4096_seed42_beta10000p0,ogbn-papers100M,FedAvg,4096,42,10000.0,470,validation,0.2781,3.1211,0.2781,3.1211,1410,0.19817852973937988,0.19817852973937988,0.5423595905303955,0.7405381202697754,342.46874046325684,0.5423595905303955,0.7405381202697754,342.46874046325684
nc_papers100m_195trainer_0hop_balanced_local_bs4096_800r,20260914_212747_ogbn-papers100M_FedAvg_bs4096_seed42_beta10000p0,ogbn-papers100M,FedAvg,4096,42,10000.0,471,validation,0.2784,3.12,0.2784,3.12,1413,0.19720768928527832,0.19720768928527832,0.5231640338897705,0.7203717231750488,343.1891121864319,0.5231640338897705,0.7203717231750488,343.1891121864319
nc_papers100m_195trainer_0hop_balanced_local_bs4096_800r,20260914_212747_ogbn-papers100M_FedAvg_bs4096_seed42_beta10000p0,ogbn-papers100M,FedAvg,4096,42,10000.0,472,validation,0.2786,3.1188,0.2786,3.1188,1416,0.19900059700012207,0.19900059700012207,0.5268435478210449,0.725844144821167,343.91495633125305,0.5268435478210449,0.725844144821167,343.91495633125305
nc_papers100m_195trainer_0hop_balanced_local_bs4096_800r,20260914_212747_ogbn-papers100M_FedAvg_bs4096_seed42_beta10000p0,ogbn-papers100M,FedAvg,4096,42,10000.0,473,validation,0.2787,3.1176,0.2787,3.1176,1419,0.19807100296020508,0.19807100296020508,0.5229966640472412,0.7210676670074463,344.6360239982605,0.5229966640472412,0.7210676670074463,344.6360239982605
nc_papers100m_195trainer_0hop_balanced_local_bs4096_800r,20260914_212747_ogbn-papers100M_FedAvg_bs4096_seed42_beta10000p0,ogbn-papers100M,FedAvg,4096,42,10000.0,474,validation,0.2789,3.1164,0.2789,3.1164,1422,0.20134758949279785,0.20134758949279785,0.5200405120849609,0.7213881015777588,345.35741209983826,0.5200405120849609,0.7213881015777588,345.35741209983826
nc_papers100m_195trainer_0hop_balanced_local_bs4096_800r,20260914_212747_ogbn-papers100M_FedAvg_bs4096_seed42_beta10000p0,ogbn-papers100M,FedAvg,4096,42,10000.0,475,validation,0.2791,3.1153,0.2791,3.1153,1425,0.20116734504699707,0.20116734504699707,0.5369751453399658,0.7381424903869629,346.0955545902252,0.5369751453399658,0.7381424903869629,346.0955545902252
nc_papers100m_195trainer_0hop_balanced_local_bs4096_800r,20260914_212747_ogbn-papers100M_FedAvg_bs4096_seed42_beta10000p0,ogbn-papers100M,FedAvg,4096,42,10000.0,476,validation,0.2793,3.1141,0.2793,3.1141,1428,0.19649434089660645,0.19649434089660645,0.516735315322876,0.7132296562194824,346.8087842464447,0.516735315322876,0.7132296562194824,346.8087842464447
nc_papers100m_195trainer_0hop_balanced_local_bs4096_800r,20260914_212747_ogbn-papers100M_FedAvg_bs4096_seed42_beta10000p0,ogbn-papers100M,FedAvg,4096,42,10000.0,477,validation,0.2795,3.113,0.2795,3.113,1431,0.19707226753234863,0.19707226753234863,0.5203452110290527,0.7174174785614014,347.5262017250061,0.5203452110290527,0.7174174785614014,347.5262017250061
nc_papers100m_195trainer_0hop_balanced_local_bs4096_800r,20260914_212747_ogbn-papers100M_FedAvg_bs4096_seed42_beta10000p0,ogbn-papers100M,FedAvg,4096,42,10000.0,478,validation,0.2796,3.1119,0.2796,3.1119,1434,0.197967529296875,0.197967529296875,0.5286900997161865,0.7266576290130615,348.25285935401917,0.5286900997161865,0.7266576290130615,348.25285935401917
nc_papers100m_195trainer_0hop_balanced_local_bs4096_800r,20260914_212747_ogbn-papers100M_FedAvg_bs4096_seed42_beta10000p0,ogbn-papers100M,FedAvg,4096,42,10000.0,479,validation,0.2798,3.1108,0.2798,3.1108,1437,0.1965348720550537,0.1965348720550537,0.520972490310669,0.7175073623657227,348.9703667163849,0.520972490310669,0.7175073623657227,348.9703667163849
nc_papers100m_195trainer_0hop_balanced_local_bs4096_800r,20260914_212747_ogbn-papers100M_FedAvg_bs4096_seed42_beta10000p0,ogbn-papers100M,FedAvg,4096,42,10000.0,480,validation,0.2801,3.1095,0.2801,3.1095,1440,0.19829034805297852,0.19829034805297852,0.51534104347229,0.7136313915252686,349.68399810791016,0.51534104347229,0.7136313915252686,349.68399810791016
nc_papers100m_195trainer_0hop_balanced_local_bs4096_800r,20260914_212747_ogbn-papers100M_FedAvg_bs4096_seed42_beta10000p0,ogbn-papers100M,FedAvg,4096,42,10000.0,481,validation,0.2802,3.1085,0.2802,3.1085,1443,0.195997953414917,0.195997953414917,0.5235469341278076,0.7195448875427246,350.4035429954529,0.5235469341278076,0.7195448875427246,350.4035429954529
nc_papers100m_195trainer_0hop_balanced_local_bs4096_800r,20260914_212747_ogbn-papers100M_FedAvg_bs4096_seed42_beta10000p0,ogbn-papers100M,FedAvg,4096,42,10000.0,482,validation,0.2803,3.1075,0.2803,3.1075,1446,0.19847488403320312,0.19847488403320312,0.5271170139312744,0.7255918979644775,351.12913489341736,0.5271170139312744,0.7255918979644775,351.12913489341736
nc_papers100m_195trainer_0hop_balanced_local_bs4096_800r,20260914_212747_ogbn-papers100M_FedAvg_bs4096_seed42_beta10000p0,ogbn-papers100M,FedAvg,4096,42,10000.0,483,validation,0.2805,3.1063,0.2805,3.1063,1449,0.19889450073242188,0.19889450073242188,0.5484135150909424,0.7473080158233643,351.8764429092407,0.5484135150909424,0.7473080158233643,351.8764429092407
nc_papers100m_195trainer_0hop_balanced_local_bs4096_800r,20260914_212747_ogbn-papers100M_FedAvg_bs4096_seed42_beta10000p0,ogbn-papers100M,FedAvg,4096,42,10000.0,484,validation,0.2806,3.1052,0.2806,3.1052,1452,0.196868896484375,0.196868896484375,0.5295813083648682,0.7264502048492432,352.60289311408997,0.5295813083648682,0.7264502048492432,352.60289311408997
nc_papers100m_195trainer_0hop_balanced_local_bs4096_800r,20260914_212747_ogbn-papers100M_FedAvg_bs4096_seed42_beta10000p0,ogbn-papers100M,FedAvg,4096,42,10000.0,485,validation,0.2807,3.104,0.2807,3.104,1455,0.19801688194274902,0.19801688194274902,0.5198712348937988,0.7178881168365479,353.3207812309265,0.5198712348937988,0.7178881168365479,353.3207812309265
nc_papers100m_195trainer_0hop_balanced_local_bs4096_800r,20260914_212747_ogbn-papers100M_FedAvg_bs4096_seed42_beta10000p0,ogbn-papers100M,FedAvg,4096,42,10000.0,486,validation,0.2809,3.1029,0.2809,3.1029,1458,0.20054006576538086,0.20054006576538086,0.5197350978851318,0.7202751636505127,354.041056394577,0.5197350978851318,0.7202751636505127,354.041056394577
nc_papers100m_195trainer_0hop_balanced_local_bs4096_800r,20260914_212747_ogbn-papers100M_FedAvg_bs4096_seed42_beta10000p0,ogbn-papers100M,FedAvg,4096,42,10000.0,487,validation,0.281,3.1019,0.281,3.1019,1461,0.19655990600585938,0.19655990600585938,0.5165255069732666,0.713085412979126,354.75414180755615,0.5165255069732666,0.713085412979126,354.75414180755615
nc_papers100m_195trainer_0hop_balanced_local_bs4096_800r,20260914_212747_ogbn-papers100M_FedAvg_bs4096_seed42_beta10000p0,ogbn-papers100M,FedAvg,4096,42,10000.0,488,validation,0.2812,3.1008,0.2812,3.1008,1464,0.1959223747253418,0.1959223747253418,0.5164344310760498,0.7123568058013916,355.46649861335754,0.5164344310760498,0.7123568058013916,355.46649861335754
nc_papers100m_195trainer_0hop_balanced_local_bs4096_800r,20260914_212747_ogbn-papers100M_FedAvg_bs4096_seed42_beta10000p0,ogbn-papers100M,FedAvg,4096,42,10000.0,489,validation,0.2814,3.0998,0.2814,3.0998,1467,0.19657564163208008,0.19657564163208008,0.5134153366088867,0.7099909782409668,356.1764895915985,0.5134153366088867,0.7099909782409668,356.1764895915985
nc_papers100m_195trainer_0hop_balanced_local_bs4096_800r,20260914_212747_ogbn-papers100M_FedAvg_bs4096_seed42_beta10000p0,ogbn-papers100M,FedAvg,4096,42,10000.0,490,validation,0.2816,3.0987,0.2816,3.0987,1470,0.20387029647827148,0.20387029647827148,0.5197770595550537,0.7236473560333252,356.90013694763184,0.5197770595550537,0.7236473560333252,356.90013694763184
nc_papers100m_195trainer_0hop_balanced_local_bs4096_800r,20260914_212747_ogbn-papers100M_FedAvg_bs4096_seed42_beta10000p0,ogbn-papers100M,FedAvg,4096,42,10000.0,491,validation,0.2817,3.0976,0.2817,3.0976,1473,0.1981363296508789,0.1981363296508789,0.5334374904632568,0.7315738201141357,357.631710767746,0.5334374904632568,0.7315738201141357,357.631710767746
nc_papers100m_195trainer_0hop_balanced_local_bs4096_800r,20260914_212747_ogbn-papers100M_FedAvg_bs4096_seed42_beta10000p0,ogbn-papers100M,FedAvg,4096,42,10000.0,492,validation,0.2818,3.0966,0.2818,3.0966,1476,0.19677472114562988,0.19677472114562988,0.5230822563171387,0.7198569774627686,358.35156774520874,0.5230822563171387,0.7198569774627686,358.35156774520874
nc_papers100m_195trainer_0hop_balanced_local_bs4096_800r,20260914_212747_ogbn-papers100M_FedAvg_bs4096_seed42_beta10000p0,ogbn-papers100M,FedAvg,4096,42,10000.0,493,validation,0.282,3.0955,0.282,3.0955,1479,0.1963365077972412,0.1963365077972412,0.5154895782470703,0.7118260860443115,359.06339383125305,0.5154895782470703,0.7118260860443115,359.06339383125305
nc_papers100m_195trainer_0hop_balanced_local_bs4096_800r,20260914_212747_ogbn-papers100M_FedAvg_bs4096_seed42_beta10000p0,ogbn-papers100M,FedAvg,4096,42,10000.0,494,validation,0.2821,3.0943,0.2821,3.0943,1482,0.19801855087280273,0.19801855087280273,0.5301539897918701,0.7281725406646729,359.7915663719177,0.5301539897918701,0.7281725406646729,359.7915663719177
nc_papers100m_195trainer_0hop_balanced_local_bs4096_800r,20260914_212747_ogbn-papers100M_FedAvg_bs4096_seed42_beta10000p0,ogbn-papers100M,FedAvg,4096,42,10000.0,495,validation,0.2822,3.0932,0.2822,3.0932,1485,0.20115280151367188,0.20115280151367188,0.5257954597473145,0.7269482612609863,360.5185146331787,0.5257954597473145,0.7269482612609863,360.5185146331787
nc_papers100m_195trainer_0hop_balanced_local_bs4096_800r,20260914_212747_ogbn-papers100M_FedAvg_bs4096_seed42_beta10000p0,ogbn-papers100M,FedAvg,4096,42,10000.0,496,validation,0.2824,3.0922,0.2824,3.0922,1488,0.20298409461975098,0.20298409461975098,0.543118953704834,0.746103048324585,361.2646176815033,0.543118953704834,0.746103048324585,361.2646176815033
nc_papers100m_195trainer_0hop_balanced_local_bs4096_800r,20260914_212747_ogbn-papers100M_FedAvg_bs4096_seed42_beta10000p0,ogbn-papers100M,FedAvg,4096,42,10000.0,497,validation,0.2826,3.0911,0.2826,3.0911,1491,0.1985642910003662,0.1985642910003662,0.5251741409301758,0.723738431930542,361.98835611343384,0.5251741409301758,0.723738431930542,361.98835611343384
nc_papers100m_195trainer_0hop_balanced_local_bs4096_800r,20260914_212747_ogbn-papers100M_FedAvg_bs4096_seed42_beta10000p0,ogbn-papers100M,FedAvg,4096,42,10000.0,498,validation,0.2827,3.0901,0.2827,3.0901,1494,0.20127058029174805,0.20127058029174805,0.5170800685882568,0.7183506488800049,362.70670676231384,0.5170800685882568,0.7183506488800049,362.70670676231384
nc_papers100m_195trainer_0hop_balanced_local_bs4096_800r,20260914_212747_ogbn-papers100M_FedAvg_bs4096_seed42_beta10000p0,ogbn-papers100M,FedAvg,4096,42,10000.0,499,validation,0.2827,3.089,0.2827,3.089,1497,0.19793105125427246,0.19793105125427246,0.5242950916290283,0.7222261428833008,363.42893290519714,0.5242950916290283,0.7222261428833008,363.42893290519714
nc_papers100m_195trainer_0hop_balanced_local_bs4096_800r,20260914_212747_ogbn-papers100M_FedAvg_bs4096_seed42_beta10000p0,ogbn-papers100M,FedAvg,4096,42,10000.0,500,validation,0.2829,3.0879,0.2829,3.0879,1500,0.20083117485046387,0.20083117485046387,0.5253632068634033,0.7261943817138672,364.155127286911,0.5253632068634033,0.7261943817138672,364.155127286911
nc_papers100m_195trainer_0hop_balanced_local_bs4096_800r,20260914_212747_ogbn-papers100M_FedAvg_bs4096_seed42_beta10000p0,ogbn-papers100M,FedAvg,4096,42,10000.0,501,validation,0.2832,3.0868,0.2832,3.0868,1503,0.20121979713439941,0.20121979713439941,0.5249037742614746,0.726123571395874,364.8812508583069,0.5249037742614746,0.726123571395874,364.8812508583069
nc_papers100m_195trainer_0hop_balanced_local_bs4096_800r,20260914_212747_ogbn-papers100M_FedAvg_bs4096_seed42_beta10000p0,ogbn-papers100M,FedAvg,4096,42,10000.0,502,validation,0.2832,3.0857,0.2832,3.0857,1506,0.19786357879638672,0.19786357879638672,0.5176894664764404,0.7155530452728271,365.5968039035797,0.5176894664764404,0.7155530452728271,365.5968039035797
nc_papers100m_195trainer_0hop_balanced_local_bs4096_800r,20260914_212747_ogbn-papers100M_FedAvg_bs4096_seed42_beta10000p0,ogbn-papers100M,FedAvg,4096,42,10000.0,503,validation,0.2833,3.0847,0.2833,3.0847,1509,0.19791626930236816,0.19791626930236816,0.5160257816314697,0.7139420509338379,366.31074595451355,0.5160257816314697,0.7139420509338379,366.31074595451355
nc_papers100m_195trainer_0hop_balanced_local_bs4096_800r,20260914_212747_ogbn-papers100M_FedAvg_bs4096_seed42_beta10000p0,ogbn-papers100M,FedAvg,4096,42,10000.0,504,validation,0.2835,3.0836,0.2835,3.0836,1512,0.1988842487335205,0.1988842487335205,0.5278384685516357,0.7267227172851562,367.0374686717987,0.5278384685516357,0.7267227172851562,367.0374686717987
nc_papers100m_195trainer_0hop_balanced_local_bs4096_800r,20260914_212747_ogbn-papers100M_FedAvg_bs4096_seed42_beta10000p0,ogbn-papers100M,FedAvg,4096,42,10000.0,505,validation,0.2836,3.0826,0.2836,3.0826,1515,0.20260024070739746,0.20260024070739746,0.5134148597717285,0.716015100479126,367.75348377227783,0.5134148597717285,0.716015100479126,367.75348377227783
nc_papers100m_195trainer_0hop_balanced_local_bs4096_800r,20260914_212747_ogbn-papers100M_FedAvg_bs4096_seed42_beta10000p0,ogbn-papers100M,FedAvg,4096,42,10000.0,506,validation,0.2838,3.0815,0.2838,3.0815,1518,0.20276904106140137,0.20276904106140137,0.5183157920837402,0.7210848331451416,368.474568605423,0.5183157920837402,0.7210848331451416,368.474568605423
nc_papers100m_195trainer_0hop_balanced_local_bs4096_800r,20260914_212747_ogbn-papers100M_FedAvg_bs4096_seed42_beta10000p0,ogbn-papers100M,FedAvg,4096,42,10000.0,507,validation,0.2839,3.0805,0.2839,3.0805,1521,0.20135927200317383,0.20135927200317383,0.5407383441925049,0.7420976161956787,369.21666622161865,0.5407383441925049,0.7420976161956787,369.21666622161865
nc_papers100m_195trainer_0hop_balanced_local_bs4096_800r,20260914_212747_ogbn-papers100M_FedAvg_bs4096_seed42_beta10000p0,ogbn-papers100M,FedAvg,4096,42,10000.0,508,validation,0.2842,3.0794,0.2842,3.0794,1524,0.19899225234985352,0.19899225234985352,0.5214946269989014,0.7204868793487549,369.9371531009674,0.5214946269989014,0.7204868793487549,369.9371531009674
nc_papers100m_195trainer_0hop_balanced_local_bs4096_800r,20260914_212747_ogbn-papers100M_FedAvg_bs4096_seed42_beta10000p0,ogbn-papers100M,FedAvg,4096,42,10000.0,509,validation,0.2843,3.0784,0.2843,3.0784,1527,0.19880127906799316,0.19880127906799316,0.5367934703826904,0.7355947494506836,370.6727478504181,0.5367934703826904,0.7355947494506836,370.6727478504181
nc_papers100m_195trainer_0hop_balanced_local_bs4096_800r,20260914_212747_ogbn-papers100M_FedAvg_bs4096_seed42_beta10000p0,ogbn-papers100M,FedAvg,4096,42,10000.0,510,validation,0.2844,3.0773,0.2844,3.0773,1530,0.20033001899719238,0.20033001899719238,0.5232892036437988,0.7236192226409912,371.3963670730591,0.5232892036437988,0.7236192226409912,371.3963670730591
nc_papers100m_195trainer_0hop_balanced_local_bs4096_800r,20260914_212747_ogbn-papers100M_FedAvg_bs4096_seed42_beta10000p0,ogbn-papers100M,FedAvg,4096,42,10000.0,511,validation,0.2847,3.0763,0.2847,3.0763,1533,0.2064039707183838,0.2064039707183838,0.5172488689422607,0.7236528396606445,372.1200199127197,0.5172488689422607,0.7236528396606445,372.1200199127197
nc_papers100m_195trainer_0hop_balanced_local_bs4096_800r,20260914_212747_ogbn-papers100M_FedAvg_bs4096_seed42_beta10000p0,ogbn-papers100M,FedAvg,4096,42,10000.0,512,validation,0.2847,3.0752,0.2847,3.0752,1536,0.1997361183166504,0.1997361183166504,0.5212130546569824,0.7209491729736328,372.84096908569336,0.5212130546569824,0.7209491729736328,372.84096908569336
nc_papers100m_195trainer_0hop_balanced_local_bs4096_800r,20260914_212747_ogbn-papers100M_FedAvg_bs4096_seed42_beta10000p0,ogbn-papers100M,FedAvg,4096,42,10000.0,513,validation,0.2848,3.0742,0.2848,3.0742,1539,0.20139145851135254,0.20139145851135254,0.5219078063964844,0.7232992649078369,373.5642683506012,0.5219078063964844,0.7232992649078369,373.5642683506012
nc_papers100m_195trainer_0hop_balanced_local_bs4096_800r,20260914_212747_ogbn-papers100M_FedAvg_bs4096_seed42_beta10000p0,ogbn-papers100M,FedAvg,4096,42,10000.0,514,validation,0.2849,3.0732,0.2849,3.0732,1542,0.1994922161102295,0.1994922161102295,0.5247347354888916,0.7242269515991211,374.2884953022003,0.5247347354888916,0.7242269515991211,374.2884953022003
nc_papers100m_195trainer_0hop_balanced_local_bs4096_800r,20260914_212747_ogbn-papers100M_FedAvg_bs4096_seed42_beta10000p0,ogbn-papers100M,FedAvg,4096,42,10000.0,515,validation,0.285,3.0722,0.285,3.0722,1545,0.2038133144378662,0.2038133144378662,0.5148043632507324,0.7186176776885986,375.0071129798889,0.5148043632507324,0.7186176776885986,375.0071129798889
nc_papers100m_195trainer_0hop_balanced_local_bs4096_800r,20260914_212747_ogbn-papers100M_FedAvg_bs4096_seed42_beta10000p0,ogbn-papers100M,FedAvg,4096,42,10000.0,516,validation,0.2852,3.0712,0.2852,3.0712,1548,0.2017960548400879,0.2017960548400879,0.5231409072875977,0.7249369621276855,375.7320499420166,0.5231409072875977,0.7249369621276855,375.7320499420166
nc_papers100m_195trainer_0hop_balanced_local_bs4096_800r,20260914_212747_ogbn-papers100M_FedAvg_bs4096_seed42_beta10000p0,ogbn-papers100M,FedAvg,4096,42,10000.0,517,validation,0.2852,3.0702,0.2852,3.0702,1551,0.20131969451904297,0.20131969451904297,0.5216045379638672,0.7229242324829102,376.4549741744995,0.5216045379638672,0.7229242324829102,376.4549741744995
nc_papers100m_195trainer_0hop_balanced_local_bs4096_800r,20260914_212747_ogbn-papers100M_FedAvg_bs4096_seed42_beta10000p0,ogbn-papers100M,FedAvg,4096,42,10000.0,518,validation,0.2855,3.0692,0.2855,3.0692,1554,0.20027732849121094,0.20027732849121094,0.5236611366271973,0.7239384651184082,377.1789126396179,0.5236611366271973,0.7239384651184082,377.1789126396179
nc_papers100m_195trainer_0hop_balanced_local_bs4096_800r,20260914_212747_ogbn-papers100M_FedAvg_bs4096_seed42_beta10000p0,ogbn-papers100M,FedAvg,4096,42,10000.0,519,validation,0.2857,3.0682,0.2857,3.0682,1557,0.2037348747253418,0.2037348747253418,0.5266549587249756,0.7303898334503174,377.90930247306824,0.5266549587249756,0.7303898334503174,377.90930247306824
nc_papers100m_195trainer_0hop_balanced_local_bs4096_800r,20260914_212747_ogbn-papers100M_FedAvg_bs4096_seed42_beta10000p0,ogbn-papers100M,FedAvg,4096,42,10000.0,520,validation,0.2857,3.0671,0.2857,3.0671,1560,0.20000958442687988,0.20000958442687988,0.5416083335876465,0.7416179180145264,378.65092039108276,0.5416083335876465,0.7416179180145264,378.65092039108276
nc_papers100m_195trainer_0hop_balanced_local_bs4096_800r,20260914_212747_ogbn-papers100M_FedAvg_bs4096_seed42_beta10000p0,ogbn-papers100M,FedAvg,4096,42,10000.0,521,validation,0.2859,3.0661,0.2859,3.0661,1563,0.20024585723876953,0.20024585723876953,0.5254895687103271,0.7257354259490967,379.37665581703186,0.5254895687103271,0.7257354259490967,379.37665581703186
nc_papers100m_195trainer_0hop_balanced_local_bs4096_800r,20260914_212747_ogbn-papers100M_FedAvg_bs4096_seed42_beta10000p0,ogbn-papers100M,FedAvg,4096,42,10000.0,522,validation,0.2859,3.0651,0.2859,3.0651,1566,0.20000743865966797,0.20000743865966797,0.5386126041412354,0.7386200428009033,380.11527585983276,0.5386126041412354,0.7386200428009033,380.11527585983276
nc_papers100m_195trainer_0hop_balanced_local_bs4096_800r,20260914_212747_ogbn-papers100M_FedAvg_bs4096_seed42_beta10000p0,ogbn-papers100M,FedAvg,4096,42,10000.0,523,validation,0.2861,3.0641,0.2861,3.0641,1569,0.2015550136566162,0.2015550136566162,0.5232632160186768,0.724818229675293,380.84009408950806,0.5232632160186768,0.724818229675293,380.84009408950806
nc_papers100m_195trainer_0hop_balanced_local_bs4096_800r,20260914_212747_ogbn-papers100M_FedAvg_bs4096_seed42_beta10000p0,ogbn-papers100M,FedAvg,4096,42,10000.0,524,validation,0.2862,3.0631,0.2862,3.0631,1572,0.20059823989868164,0.20059823989868164,0.5291612148284912,0.7297594547271729,381.56985354423523,0.5291612148284912,0.7297594547271729,381.56985354423523
nc_papers100m_195trainer_0hop_balanced_local_bs4096_800r,20260914_212747_ogbn-papers100M_FedAvg_bs4096_seed42_beta10000p0,ogbn-papers100M,FedAvg,4096,42,10000.0,525,validation,0.2863,3.0621,0.2863,3.0621,1575,0.19948983192443848,0.19948983192443848,0.5262947082519531,0.7257845401763916,382.2956380844116,0.5262947082519531,0.7257845401763916,382.2956380844116
nc_papers100m_195trainer_0hop_balanced_local_bs4096_800r,20260914_212747_ogbn-papers100M_FedAvg_bs4096_seed42_beta10000p0,ogbn-papers100M,FedAvg,4096,42,10000.0,526,validation,0.2864,3.0611,0.2864,3.0611,1578,0.2005002498626709,0.2005002498626709,0.5090987682342529,0.7095990180969238,383.00523710250854,0.5090987682342529,0.7095990180969238,383.00523710250854
nc_papers100m_195trainer_0hop_balanced_local_bs4096_800r,20260914_212747_ogbn-papers100M_FedAvg_bs4096_seed42_beta10000p0,ogbn-papers100M,FedAvg,4096,42,10000.0,527,validation,0.2865,3.0601,0.2865,3.0601,1581,0.20660662651062012,0.20660662651062012,0.5158090591430664,0.7224156856536865,383.72765278816223,0.5158090591430664,0.7224156856536865,383.72765278816223
nc_papers100m_195trainer_0hop_balanced_local_bs4096_800r,20260914_212747_ogbn-papers100M_FedAvg_bs4096_seed42_beta10000p0,ogbn-papers100M,FedAvg,4096,42,10000.0,528,validation,0.2868,3.0591,0.2868,3.0591,1584,0.2019054889678955,0.2019054889678955,0.5312204360961914,0.7331259250640869,384.4607787132263,0.5312204360961914,0.7331259250640869,384.4607787132263
nc_papers100m_195trainer_0hop_balanced_local_bs4096_800r,20260914_212747_ogbn-papers100M_FedAvg_bs4096_seed42_beta10000p0,ogbn-papers100M,FedAvg,4096,42,10000.0,529,validation,0.2869,3.0581,0.2869,3.0581,1587,0.20291876792907715,0.20291876792907715,0.5335121154785156,0.7364308834075928,385.1972095966339,0.5335121154785156,0.7364308834075928,385.1972095966339
nc_papers100m_195trainer_0hop_balanced_local_bs4096_800r,20260914_212747_ogbn-papers100M_FedAvg_bs4096_seed42_beta10000p0,ogbn-papers100M,FedAvg,4096,42,10000.0,530,validation,0.2871,3.0571,0.2871,3.0571,1590,0.20085883140563965,0.20085883140563965,0.5235631465911865,0.7244219779968262,385.92163157463074,0.5235631465911865,0.7244219779968262,385.92163157463074
nc_papers100m_195trainer_0hop_balanced_local_bs4096_800r,20260914_212747_ogbn-papers100M_FedAvg_bs4096_seed42_beta10000p0,ogbn-papers100M,FedAvg,4096,42,10000.0,531,validation,0.2873,3.0562,0.2873,3.0562,1593,0.20398879051208496,0.20398879051208496,0.5178961753845215,0.7218849658966064,386.64351654052734,0.5178961753845215,0.7218849658966064,386.64351654052734
nc_papers100m_195trainer_0hop_balanced_local_bs4096_800r,20260914_212747_ogbn-papers100M_FedAvg_bs4096_seed42_beta10000p0,ogbn-papers100M,FedAvg,4096,42,10000.0,532,validation,0.2874,3.0552,0.2874,3.0552,1596,0.20534706115722656,0.20534706115722656,0.5246982574462891,0.7300453186035156,387.37356185913086,0.5246982574462891,0.7300453186035156,387.37356185913086
nc_papers100m_195trainer_0hop_balanced_local_bs4096_800r,20260914_212747_ogbn-papers100M_FedAvg_bs4096_seed42_beta10000p0,ogbn-papers100M,FedAvg,4096,42,10000.0,533,validation,0.2875,3.0542,0.2875,3.0542,1599,0.2019672393798828,0.2019672393798828,0.5337080955505371,0.7356753349304199,388.1092371940613,0.5337080955505371,0.7356753349304199,388.1092371940613
nc_papers100m_195trainer_0hop_balanced_local_bs4096_800r,20260914_212747_ogbn-papers100M_FedAvg_bs4096_seed42_beta10000p0,ogbn-papers100M,FedAvg,4096,42,10000.0,534,validation,0.2876,3.0532,0.2876,3.0532,1602,0.20415234565734863,0.20415234565734863,0.5316181182861328,0.7357704639434814,388.84500765800476,0.5316181182861328,0.7357704639434814,388.84500765800476
nc_papers100m_195trainer_0hop_balanced_local_bs4096_800r,20260914_212747_ogbn-papers100M_FedAvg_bs4096_seed42_beta10000p0,ogbn-papers100M,FedAvg,4096,42,10000.0,535,validation,0.2876,3.0522,0.2876,3.0522,1605,0.19936919212341309,0.19936919212341309,0.5322103500366211,0.7315795421600342,389.5765872001648,0.5322103500366211,0.7315795421600342,389.5765872001648
nc_papers100m_195trainer_0hop_balanced_local_bs4096_800r,20260914_212747_ogbn-papers100M_FedAvg_bs4096_seed42_beta10000p0,ogbn-papers100M,FedAvg,4096,42,10000.0,536,validation,0.2878,3.0513,0.2878,3.0513,1608,0.20362281799316406,0.20362281799316406,0.5219235420227051,0.7255463600158691,390.30213356018066,0.5219235420227051,0.7255463600158691,390.30213356018066
nc_papers100m_195trainer_0hop_balanced_local_bs4096_800r,20260914_212747_ogbn-papers100M_FedAvg_bs4096_seed42_beta10000p0,ogbn-papers100M,FedAvg,4096,42,10000.0,537,validation,0.288,3.0503,0.288,3.0503,1611,0.19839835166931152,0.19839835166931152,0.5307190418243408,0.7291173934936523,391.0312509536743,0.5307190418243408,0.7291173934936523,391.0312509536743
nc_papers100m_195trainer_0hop_balanced_local_bs4096_800r,20260914_212747_ogbn-papers100M_FedAvg_bs4096_seed42_beta10000p0,ogbn-papers100M,FedAvg,4096,42,10000.0,538,validation,0.2881,3.0493,0.2881,3.0493,1614,0.19935154914855957,0.19935154914855957,0.5253572463989258,0.7247087955474854,391.7559597492218,0.5253572463989258,0.7247087955474854,391.7559597492218
nc_papers100m_195trainer_0hop_balanced_local_bs4096_800r,20260914_212747_ogbn-papers100M_FedAvg_bs4096_seed42_beta10000p0,ogbn-papers100M,FedAvg,4096,42,10000.0,539,validation,0.2883,3.0484,0.2883,3.0484,1617,0.20139336585998535,0.20139336585998535,0.5251832008361816,0.726576566696167,392.48253631591797,0.5251832008361816,0.726576566696167,392.48253631591797
nc_papers100m_195trainer_0hop_balanced_local_bs4096_800r,20260914_212747_ogbn-papers100M_FedAvg_bs4096_seed42_beta10000p0,ogbn-papers100M,FedAvg,4096,42,10000.0,540,validation,0.2885,3.0474,0.2885,3.0474,1620,0.2079634666442871,0.2079634666442871,0.5173559188842773,0.7253193855285645,393.20785570144653,0.5173559188842773,0.7253193855285645,393.20785570144653
nc_papers100m_195trainer_0hop_balanced_local_bs4096_800r,20260914_212747_ogbn-papers100M_FedAvg_bs4096_seed42_beta10000p0,ogbn-papers100M,FedAvg,4096,42,10000.0,541,validation,0.2885,3.0464,0.2885,3.0464,1623,0.19554901123046875,0.19554901123046875,0.5206353664398193,0.7161843776702881,393.9240400791168,0.5206353664398193,0.7161843776702881,393.9240400791168
nc_papers100m_195trainer_0hop_balanced_local_bs4096_800r,20260914_212747_ogbn-papers100M_FedAvg_bs4096_seed42_beta10000p0,ogbn-papers100M,FedAvg,4096,42,10000.0,542,validation,0.2887,3.0455,0.2887,3.0455,1626,0.1968832015991211,0.1968832015991211,0.5305538177490234,0.7274370193481445,394.65147709846497,0.5305538177490234,0.7274370193481445,394.65147709846497
nc_papers100m_195trainer_0hop_balanced_local_bs4096_800r,20260914_212747_ogbn-papers100M_FedAvg_bs4096_seed42_beta10000p0,ogbn-papers100M,FedAvg,4096,42,10000.0,543,validation,0.2888,3.0445,0.2888,3.0445,1629,0.197113037109375,0.197113037109375,0.5245862007141113,0.7216992378234863,395.37317633628845,0.5245862007141113,0.7216992378234863,395.37317633628845
nc_papers100m_195trainer_0hop_balanced_local_bs4096_800r,20260914_212747_ogbn-papers100M_FedAvg_bs4096_seed42_beta10000p0,ogbn-papers100M,FedAvg,4096,42,10000.0,544,validation,0.289,3.0435,0.289,3.0435,1632,0.20279526710510254,0.20279526710510254,0.5195538997650146,0.7223491668701172,396.09552550315857,0.5195538997650146,0.7223491668701172,396.09552550315857
nc_papers100m_195trainer_0hop_balanced_local_bs4096_800r,20260914_212747_ogbn-papers100M_FedAvg_bs4096_seed42_beta10000p0,ogbn-papers100M,FedAvg,4096,42,10000.0,545,validation,0.2891,3.0426,0.2891,3.0426,1635,0.19820690155029297,0.19820690155029297,0.7004249095916748,0.8986318111419678,396.99415731430054,0.7004249095916748,0.8986318111419678,396.99415731430054
nc_papers100m_195trainer_0hop_balanced_local_bs4096_800r,20260914_212747_ogbn-papers100M_FedAvg_bs4096_seed42_beta10000p0,ogbn-papers100M,FedAvg,4096,42,10000.0,546,validation,0.2893,3.0416,0.2893,3.0416,1638,0.19588112831115723,0.19588112831115723,0.5372211933135986,0.7331023216247559,397.7272596359253,0.5372211933135986,0.7331023216247559,397.7272596359253
nc_papers100m_195trainer_0hop_balanced_local_bs4096_800r,20260914_212747_ogbn-papers100M_FedAvg_bs4096_seed42_beta10000p0,ogbn-papers100M,FedAvg,4096,42,10000.0,547,validation,0.2894,3.0407,0.2894,3.0407,1641,0.19604063034057617,0.19604063034057617,0.5302174091339111,0.7262580394744873,398.4535176753998,0.5302174091339111,0.7262580394744873,398.4535176753998
nc_papers100m_195trainer_0hop_balanced_local_bs4096_800r,20260914_212747_ogbn-papers100M_FedAvg_bs4096_seed42_beta10000p0,ogbn-papers100M,FedAvg,4096,42,10000.0,548,validation,0.2896,3.0397,0.2896,3.0397,1644,0.19652032852172852,0.19652032852172852,0.5368311405181885,0.733351469039917,399.1868691444397,0.5368311405181885,0.733351469039917,399.1868691444397
nc_papers100m_195trainer_0hop_balanced_local_bs4096_800r,20260914_212747_ogbn-papers100M_FedAvg_bs4096_seed42_beta10000p0,ogbn-papers100M,FedAvg,4096,42,10000.0,549,validation,0.2896,3.0388,0.2896,3.0388,1647,0.20058798789978027,0.20058798789978027,0.5315952301025391,0.7321832180023193,399.919052362442,0.5315952301025391,0.7321832180023193,399.919052362442
nc_papers100m_195trainer_0hop_balanced_local_bs4096_800r,20260914_212747_ogbn-papers100M_FedAvg_bs4096_seed42_beta10000p0,ogbn-papers100M,FedAvg,4096,42,10000.0,550,validation,0.2899,3.0378,0.2899,3.0378,1650,0.19904541969299316,0.19904541969299316,0.5284614562988281,0.7275068759918213,400.64655923843384,0.5284614562988281,0.7275068759918213,400.64655923843384
nc_papers100m_195trainer_0hop_balanced_local_bs4096_800r,20260914_212747_ogbn-papers100M_FedAvg_bs4096_seed42_beta10000p0,ogbn-papers100M,FedAvg,4096,42,10000.0,551,validation,0.29,3.0369,0.29,3.0369,1653,0.19632530212402344,0.19632530212402344,0.5285897254943848,0.7249150276184082,401.37147426605225,0.5285897254943848,0.7249150276184082,401.37147426605225
nc_papers100m_195trainer_0hop_balanced_local_bs4096_800r,20260914_212747_ogbn-papers100M_FedAvg_bs4096_seed42_beta10000p0,ogbn-papers100M,FedAvg,4096,42,10000.0,552,validation,0.2901,3.036,0.2901,3.036,1656,0.1966860294342041,0.1966860294342041,0.5219216346740723,0.7186076641082764,402.0900819301605,0.5219216346740723,0.7186076641082764,402.0900819301605
nc_papers100m_195trainer_0hop_balanced_local_bs4096_800r,20260914_212747_ogbn-papers100M_FedAvg_bs4096_seed42_beta10000p0,ogbn-papers100M,FedAvg,4096,42,10000.0,553,validation,0.2902,3.035,0.2902,3.035,1659,0.19968605041503906,0.19968605041503906,0.5247349739074707,0.7244210243225098,402.81450295448303,0.5247349739074707,0.7244210243225098,402.81450295448303
nc_papers100m_195trainer_0hop_balanced_local_bs4096_800r,20260914_212747_ogbn-papers100M_FedAvg_bs4096_seed42_beta10000p0,ogbn-papers100M,FedAvg,4096,42,10000.0,554,validation,0.2904,3.0341,0.2904,3.0341,1662,0.1967313289642334,0.1967313289642334,0.5255715847015381,0.7223029136657715,403.5368058681488,0.5255715847015381,0.7223029136657715,403.5368058681488
nc_papers100m_195trainer_0hop_balanced_local_bs4096_800r,20260914_212747_ogbn-papers100M_FedAvg_bs4096_seed42_beta10000p0,ogbn-papers100M,FedAvg,4096,42,10000.0,555,validation,0.2905,3.0332,0.2905,3.0332,1665,0.1983335018157959,0.1983335018157959,0.5273721218109131,0.725705623626709,404.2625114917755,0.5273721218109131,0.725705623626709,404.2625114917755
nc_papers100m_195trainer_0hop_balanced_local_bs4096_800r,20260914_212747_ogbn-papers100M_FedAvg_bs4096_seed42_beta10000p0,ogbn-papers100M,FedAvg,4096,42,10000.0,556,validation,0.2907,3.0322,0.2907,3.0322,1668,0.20057940483093262,0.20057940483093262,0.5234830379486084,0.724062442779541,404.98657393455505,0.5234830379486084,0.724062442779541,404.98657393455505
nc_papers100m_195trainer_0hop_balanced_local_bs4096_800r,20260914_212747_ogbn-papers100M_FedAvg_bs4096_seed42_beta10000p0,ogbn-papers100M,FedAvg,4096,42,10000.0,557,validation,0.2909,3.0313,0.2909,3.0313,1671,0.19669294357299805,0.19669294357299805,0.5279920101165771,0.7246849536895752,405.71125888824463,0.5279920101165771,0.7246849536895752,405.71125888824463
nc_papers100m_195trainer_0hop_balanced_local_bs4096_800r,20260914_212747_ogbn-papers100M_FedAvg_bs4096_seed42_beta10000p0,ogbn-papers100M,FedAvg,4096,42,10000.0,558,validation,0.291,3.0304,0.291,3.0304,1674,0.19706296920776367,0.19706296920776367,0.5330080986022949,0.7300710678100586,406.4413299560547,0.5330080986022949,0.7300710678100586,406.4413299560547
nc_papers100m_195trainer_0hop_balanced_local_bs4096_800r,20260914_212747_ogbn-papers100M_FedAvg_bs4096_seed42_beta10000p0,ogbn-papers100M,FedAvg,4096,42,10000.0,559,validation,0.2912,3.0294,0.2912,3.0294,1677,0.19662928581237793,0.19662928581237793,0.5303206443786621,0.72694993019104,407.1682798862457,0.5303206443786621,0.72694993019104,407.1682798862457
nc_papers100m_195trainer_0hop_balanced_local_bs4096_800r,20260914_212747_ogbn-papers100M_FedAvg_bs4096_seed42_beta10000p0,ogbn-papers100M,FedAvg,4096,42,10000.0,560,validation,0.2913,3.0285,0.2913,3.0285,1680,0.1993856430053711,0.1993856430053711,0.5302863121032715,0.7296719551086426,407.89795184135437,0.5302863121032715,0.7296719551086426,407.89795184135437
nc_papers100m_195trainer_0hop_balanced_local_bs4096_800r,20260914_212747_ogbn-papers100M_FedAvg_bs4096_seed42_beta10000p0,ogbn-papers100M,FedAvg,4096,42,10000.0,561,validation,0.2915,3.0276,0.2915,3.0276,1683,0.20136499404907227,0.20136499404907227,0.5117354393005371,0.7131004333496094,408.611052274704,0.5117354393005371,0.7131004333496094,408.611052274704
nc_papers100m_195trainer_0hop_balanced_local_bs4096_800r,20260914_212747_ogbn-papers100M_FedAvg_bs4096_seed42_beta10000p0,ogbn-papers100M,FedAvg,4096,42,10000.0,562,validation,0.2916,3.0267,0.2916,3.0267,1686,0.19806694984436035,0.19806694984436035,0.5283918380737305,0.7264587879180908,409.33751106262207,0.5283918380737305,0.7264587879180908,409.33751106262207
nc_papers100m_195trainer_0hop_balanced_local_bs4096_800r,20260914_212747_ogbn-papers100M_FedAvg_bs4096_seed42_beta10000p0,ogbn-papers100M,FedAvg,4096,42,10000.0,563,validation,0.2916,3.0258,0.2916,3.0258,1689,0.19767236709594727,0.19767236709594727,0.5317895412445068,0.7294619083404541,410.0669729709625,0.5317895412445068,0.7294619083404541,410.0669729709625
nc_papers100m_195trainer_0hop_balanced_local_bs4096_800r,20260914_212747_ogbn-papers100M_FedAvg_bs4096_seed42_beta10000p0,ogbn-papers100M,FedAvg,4096,42,10000.0,564,validation,0.2918,3.0248,0.2918,3.0248,1692,0.1989002227783203,0.1989002227783203,0.518927812576294,0.7178280353546143,410.78480100631714,0.518927812576294,0.7178280353546143,410.78480100631714
nc_papers100m_195trainer_0hop_balanced_local_bs4096_800r,20260914_212747_ogbn-papers100M_FedAvg_bs4096_seed42_beta10000p0,ogbn-papers100M,FedAvg,4096,42,10000.0,565,validation,0.292,3.0239,0.292,3.0239,1695,0.20088458061218262,0.20088458061218262,0.5254979133605957,0.7263824939727783,411.5111835002899,0.5254979133605957,0.7263824939727783,411.5111835002899
nc_papers100m_195trainer_0hop_balanced_local_bs4096_800r,20260914_212747_ogbn-papers100M_FedAvg_bs4096_seed42_beta10000p0,ogbn-papers100M,FedAvg,4096,42,10000.0,566,validation,0.2921,3.023,0.2921,3.023,1698,0.20458269119262695,0.20458269119262695,0.5279545783996582,0.7325372695922852,412.2437207698822,0.5279545783996582,0.7325372695922852,412.2437207698822
nc_papers100m_195trainer_0hop_balanced_local_bs4096_800r,20260914_212747_ogbn-papers100M_FedAvg_bs4096_seed42_beta10000p0,ogbn-papers100M,FedAvg,4096,42,10000.0,567,validation,0.2923,3.0221,0.2923,3.0221,1701,0.19935917854309082,0.19935917854309082,0.5295324325561523,0.7288916110992432,412.97261238098145,0.5295324325561523,0.7288916110992432,412.97261238098145
nc_papers100m_195trainer_0hop_balanced_local_bs4096_800r,20260914_212747_ogbn-papers100M_FedAvg_bs4096_seed42_beta10000p0,ogbn-papers100M,FedAvg,4096,42,10000.0,568,validation,0.2925,3.0212,0.2925,3.0212,1704,0.19774484634399414,0.19774484634399414,0.5153310298919678,0.7130758762359619,413.6856882572174,0.5153310298919678,0.7130758762359619,413.6856882572174
nc_papers100m_195trainer_0hop_balanced_local_bs4096_800r,20260914_212747_ogbn-papers100M_FedAvg_bs4096_seed42_beta10000p0,ogbn-papers100M,FedAvg,4096,42,10000.0,569,validation,0.2926,3.0203,0.2926,3.0203,1707,0.19902253150939941,0.19902253150939941,0.5210213661193848,0.7200438976287842,414.4057321548462,0.5210213661193848,0.7200438976287842,414.4057321548462
nc_papers100m_195trainer_0hop_balanced_local_bs4096_800r,20260914_212747_ogbn-papers100M_FedAvg_bs4096_seed42_beta10000p0,ogbn-papers100M,FedAvg,4096,42,10000.0,570,validation,0.2927,3.0194,0.2927,3.0194,1710,0.20496439933776855,0.20496439933776855,0.5231609344482422,0.7281253337860107,415.1338574886322,0.5231609344482422,0.7281253337860107,415.1338574886322
nc_papers100m_195trainer_0hop_balanced_local_bs4096_800r,20260914_212747_ogbn-papers100M_FedAvg_bs4096_seed42_beta10000p0,ogbn-papers100M,FedAvg,4096,42,10000.0,571,validation,0.2929,3.0185,0.2929,3.0185,1713,0.20212125778198242,0.20212125778198242,0.5299451351165771,0.7320663928985596,415.86592388153076,0.5299451351165771,0.7320663928985596,415.86592388153076
nc_papers100m_195trainer_0hop_balanced_local_bs4096_800r,20260914_212747_ogbn-papers100M_FedAvg_bs4096_seed42_beta10000p0,ogbn-papers100M,FedAvg,4096,42,10000.0,572,validation,0.2931,3.0176,0.2931,3.0176,1716,0.20085835456848145,0.20085835456848145,0.5250616073608398,0.7259199619293213,416.5918438434601,0.5250616073608398,0.7259199619293213,416.5918438434601
nc_papers100m_195trainer_0hop_balanced_local_bs4096_800r,20260914_212747_ogbn-papers100M_FedAvg_bs4096_seed42_beta10000p0,ogbn-papers100M,FedAvg,4096,42,10000.0,573,validation,0.2931,3.0167,0.2931,3.0167,1719,0.1982426643371582,0.1982426643371582,0.5425057411193848,0.740748405456543,417.3325922489166,0.5425057411193848,0.740748405456543,417.3325922489166
nc_papers100m_195trainer_0hop_balanced_local_bs4096_800r,20260914_212747_ogbn-papers100M_FedAvg_bs4096_seed42_beta10000p0,ogbn-papers100M,FedAvg,4096,42,10000.0,574,validation,0.2932,3.0158,0.2932,3.0158,1722,0.20092344284057617,0.20092344284057617,0.527005672454834,0.7279291152954102,418.06052136421204,0.527005672454834,0.7279291152954102,418.06052136421204
nc_papers100m_195trainer_0hop_balanced_local_bs4096_800r,20260914_212747_ogbn-papers100M_FedAvg_bs4096_seed42_beta10000p0,ogbn-papers100M,FedAvg,4096,42,10000.0,575,validation,0.2934,3.0149,0.2934,3.0149,1725,0.2001345157623291,0.2001345157623291,0.5276339054107666,0.7277684211730957,418.78828978538513,0.5276339054107666,0.7277684211730957,418.78828978538513
nc_papers100m_195trainer_0hop_balanced_local_bs4096_800r,20260914_212747_ogbn-papers100M_FedAvg_bs4096_seed42_beta10000p0,ogbn-papers100M,FedAvg,4096,42,10000.0,576,validation,0.2936,3.014,0.2936,3.014,1728,0.20120501518249512,0.20120501518249512,0.52329421043396,0.7244992256164551,419.5127890110016,0.52329421043396,0.7244992256164551,419.5127890110016
nc_papers100m_195trainer_0hop_balanced_local_bs4096_800r,20260914_212747_ogbn-papers100M_FedAvg_bs4096_seed42_beta10000p0,ogbn-papers100M,FedAvg,4096,42,10000.0,577,validation,0.2938,3.0131,0.2938,3.0131,1731,0.2009131908416748,0.2009131908416748,0.518763542175293,0.7196767330169678,420.23246574401855,0.518763542175293,0.7196767330169678,420.23246574401855
nc_papers100m_195trainer_0hop_balanced_local_bs4096_800r,20260914_212747_ogbn-papers100M_FedAvg_bs4096_seed42_beta10000p0,ogbn-papers100M,FedAvg,4096,42,10000.0,578,validation,0.2939,3.0123,0.2939,3.0123,1734,0.20021462440490723,0.20021462440490723,0.5205118656158447,0.720726490020752,420.9531922340393,0.5205118656158447,0.720726490020752,420.9531922340393
nc_papers100m_195trainer_0hop_balanced_local_bs4096_800r,20260914_212747_ogbn-papers100M_FedAvg_bs4096_seed42_beta10000p0,ogbn-papers100M,FedAvg,4096,42,10000.0,579,validation,0.2942,3.0114,0.2942,3.0114,1737,0.19648146629333496,0.19648146629333496,0.5306921005249023,0.7271735668182373,421.68036580085754,0.5306921005249023,0.7271735668182373,421.68036580085754
nc_papers100m_195trainer_0hop_balanced_local_bs4096_800r,20260914_212747_ogbn-papers100M_FedAvg_bs4096_seed42_beta10000p0,ogbn-papers100M,FedAvg,4096,42,10000.0,580,validation,0.2943,3.0105,0.2943,3.0105,1740,0.19900202751159668,0.19900202751159668,0.5298929214477539,0.7288949489593506,422.4092607498169,0.5298929214477539,0.7288949489593506,422.4092607498169
nc_papers100m_195trainer_0hop_balanced_local_bs4096_800r,20260914_212747_ogbn-papers100M_FedAvg_bs4096_seed42_beta10000p0,ogbn-papers100M,FedAvg,4096,42,10000.0,581,validation,0.2943,3.0096,0.2943,3.0096,1743,0.19901037216186523,0.19901037216186523,0.5132584571838379,0.7122688293457031,423.1215295791626,0.5132584571838379,0.7122688293457031,423.1215295791626
nc_papers100m_195trainer_0hop_balanced_local_bs4096_800r,20260914_212747_ogbn-papers100M_FedAvg_bs4096_seed42_beta10000p0,ogbn-papers100M,FedAvg,4096,42,10000.0,582,validation,0.2946,3.0087,0.2946,3.0087,1746,0.20109844207763672,0.20109844207763672,0.5211575031280518,0.7222559452056885,423.8437855243683,0.5211575031280518,0.7222559452056885,423.8437855243683
nc_papers100m_195trainer_0hop_balanced_local_bs4096_800r,20260914_212747_ogbn-papers100M_FedAvg_bs4096_seed42_beta10000p0,ogbn-papers100M,FedAvg,4096,42,10000.0,583,validation,0.2947,3.0078,0.2947,3.0078,1749,0.19815468788146973,0.19815468788146973,0.5309813022613525,0.7291359901428223,424.5729215145111,0.5309813022613525,0.7291359901428223,424.5729215145111
nc_papers100m_195trainer_0hop_balanced_local_bs4096_800r,20260914_212747_ogbn-papers100M_FedAvg_bs4096_seed42_beta10000p0,ogbn-papers100M,FedAvg,4096,42,10000.0,584,validation,0.2948,3.0069,0.2948,3.0069,1752,0.19860339164733887,0.19860339164733887,0.5176632404327393,0.7162666320800781,425.2891881465912,0.5176632404327393,0.7162666320800781,425.2891881465912
nc_papers100m_195trainer_0hop_balanced_local_bs4096_800r,20260914_212747_ogbn-papers100M_FedAvg_bs4096_seed42_beta10000p0,ogbn-papers100M,FedAvg,4096,42,10000.0,585,validation,0.295,3.0061,0.295,3.0061,1755,0.19964981079101562,0.19964981079101562,0.515800952911377,0.7154507637023926,426.0046389102936,0.515800952911377,0.7154507637023926,426.0046389102936
nc_papers100m_195trainer_0hop_balanced_local_bs4096_800r,20260914_212747_ogbn-papers100M_FedAvg_bs4096_seed42_beta10000p0,ogbn-papers100M,FedAvg,4096,42,10000.0,586,validation,0.2951,3.0052,0.2951,3.0052,1758,0.20189595222473145,0.20189595222473145,0.5336410999298096,0.735537052154541,426.7401759624481,0.5336410999298096,0.735537052154541,426.7401759624481
nc_papers100m_195trainer_0hop_balanced_local_bs4096_800r,20260914_212747_ogbn-papers100M_FedAvg_bs4096_seed42_beta10000p0,ogbn-papers100M,FedAvg,4096,42,10000.0,587,validation,0.2952,3.0044,0.2952,3.0044,1761,0.1998119354248047,0.1998119354248047,0.5200066566467285,0.7198185920715332,427.45999455451965,0.5200066566467285,0.7198185920715332,427.45999455451965
nc_papers100m_195trainer_0hop_balanced_local_bs4096_800r,20260914_212747_ogbn-papers100M_FedAvg_bs4096_seed42_beta10000p0,ogbn-papers100M,FedAvg,4096,42,10000.0,588,validation,0.2953,3.0035,0.2953,3.0035,1764,0.20102643966674805,0.20102643966674805,0.5149369239807129,0.7159633636474609,428.1759579181671,0.5149369239807129,0.7159633636474609,428.1759579181671
nc_papers100m_195trainer_0hop_balanced_local_bs4096_800r,20260914_212747_ogbn-papers100M_FedAvg_bs4096_seed42_beta10000p0,ogbn-papers100M,FedAvg,4096,42,10000.0,589,validation,0.2955,3.0027,0.2955,3.0027,1767,0.20084500312805176,0.20084500312805176,0.5129058361053467,0.7137508392333984,428.8897087574005,0.5129058361053467,0.7137508392333984,428.8897087574005
nc_papers100m_195trainer_0hop_balanced_local_bs4096_800r,20260914_212747_ogbn-papers100M_FedAvg_bs4096_seed42_beta10000p0,ogbn-papers100M,FedAvg,4096,42,10000.0,590,validation,0.2957,3.0018,0.2957,3.0018,1770,0.1994016170501709,0.1994016170501709,0.5100631713867188,0.7094647884368896,429.5991735458374,0.5100631713867188,0.7094647884368896,429.5991735458374
nc_papers100m_195trainer_0hop_balanced_local_bs4096_800r,20260914_212747_ogbn-papers100M_FedAvg_bs4096_seed42_beta10000p0,ogbn-papers100M,FedAvg,4096,42,10000.0,591,validation,0.2959,3.0009,0.2959,3.0009,1773,0.2053062915802002,0.2053062915802002,0.5140149593353271,0.7193212509155273,430.31849479675293,0.5140149593353271,0.7193212509155273,430.31849479675293
nc_papers100m_195trainer_0hop_balanced_local_bs4096_800r,20260914_212747_ogbn-papers100M_FedAvg_bs4096_seed42_beta10000p0,ogbn-papers100M,FedAvg,4096,42,10000.0,592,validation,0.296,3.0001,0.296,3.0001,1776,0.20018482208251953,0.20018482208251953,0.5274984836578369,0.7276833057403564,431.0461781024933,0.5274984836578369,0.7276833057403564,431.0461781024933
nc_papers100m_195trainer_0hop_balanced_local_bs4096_800r,20260914_212747_ogbn-papers100M_FedAvg_bs4096_seed42_beta10000p0,ogbn-papers100M,FedAvg,4096,42,10000.0,593,validation,0.2961,2.9992,0.2961,2.9992,1779,0.20032358169555664,0.20032358169555664,0.5230796337127686,0.7234032154083252,431.7695813179016,0.5230796337127686,0.7234032154083252,431.7695813179016
nc_papers100m_195trainer_0hop_balanced_local_bs4096_800r,20260914_212747_ogbn-papers100M_FedAvg_bs4096_seed42_beta10000p0,ogbn-papers100M,FedAvg,4096,42,10000.0,594,validation,0.2963,2.9984,0.2963,2.9984,1782,0.201707124710083,0.201707124710083,0.5136058330535889,0.7153129577636719,432.4848942756653,0.5136058330535889,0.7153129577636719,432.4848942756653
nc_papers100m_195trainer_0hop_balanced_local_bs4096_800r,20260914_212747_ogbn-papers100M_FedAvg_bs4096_seed42_beta10000p0,ogbn-papers100M,FedAvg,4096,42,10000.0,595,validation,0.2964,2.9975,0.2964,2.9975,1785,0.20379161834716797,0.20379161834716797,0.5255002975463867,0.7292919158935547,433.21418619155884,0.5255002975463867,0.7292919158935547,433.21418619155884
nc_papers100m_195trainer_0hop_balanced_local_bs4096_800r,20260914_212747_ogbn-papers100M_FedAvg_bs4096_seed42_beta10000p0,ogbn-papers100M,FedAvg,4096,42,10000.0,596,validation,0.2966,2.9967,0.2966,2.9967,1788,0.20011520385742188,0.20011520385742188,0.5337591171264648,0.7338743209838867,433.9480605125427,0.5337591171264648,0.7338743209838867,433.9480605125427
nc_papers100m_195trainer_0hop_balanced_local_bs4096_800r,20260914_212747_ogbn-papers100M_FedAvg_bs4096_seed42_beta10000p0,ogbn-papers100M,FedAvg,4096,42,10000.0,597,validation,0.2967,2.9958,0.2967,2.9958,1791,0.1987912654876709,0.1987912654876709,0.5211291313171387,0.7199203968048096,434.66798090934753,0.5211291313171387,0.7199203968048096,434.66798090934753
nc_papers100m_195trainer_0hop_balanced_local_bs4096_800r,20260914_212747_ogbn-papers100M_FedAvg_bs4096_seed42_beta10000p0,ogbn-papers100M,FedAvg,4096,42,10000.0,598,validation,0.2969,2.995,0.2969,2.995,1794,0.1992969512939453,0.1992969512939453,0.5226535797119141,0.7219505310058594,435.3899314403534,0.5226535797119141,0.7219505310058594,435.3899314403534
nc_papers100m_195trainer_0hop_balanced_local_bs4096_800r,20260914_212747_ogbn-papers100M_FedAvg_bs4096_seed42_beta10000p0,ogbn-papers100M,FedAvg,4096,42,10000.0,599,validation,0.2969,2.9941,0.2969,2.9941,1797,0.20551013946533203,0.20551013946533203,0.5335521697998047,0.7390623092651367,436.12899374961853,0.5335521697998047,0.7390623092651367,436.12899374961853
nc_papers100m_195trainer_0hop_balanced_local_bs4096_800r,20260914_212747_ogbn-papers100M_FedAvg_bs4096_seed42_beta10000p0,ogbn-papers100M,FedAvg,4096,42,10000.0,600,validation,0.2971,2.9933,0.2971,2.9933,1800,0.20049595832824707,0.20049595832824707,0.5319919586181641,0.7324879169464111,436.86148166656494,0.5319919586181641,0.7324879169464111,436.86148166656494
nc_papers100m_195trainer_0hop_balanced_local_bs4096_800r,20260914_212747_ogbn-papers100M_FedAvg_bs4096_seed42_beta10000p0,ogbn-papers100M,FedAvg,4096,42,10000.0,601,validation,0.2972,2.9924,0.2972,2.9924,1803,0.19646143913269043,0.19646143913269043,0.5269548892974854,0.7234163284301758,437.5848979949951,0.5269548892974854,0.7234163284301758,437.5848979949951
nc_papers100m_195trainer_0hop_balanced_local_bs4096_800r,20260914_212747_ogbn-papers100M_FedAvg_bs4096_seed42_beta10000p0,ogbn-papers100M,FedAvg,4096,42,10000.0,602,validation,0.2973,2.9916,0.2973,2.9916,1806,0.19687533378601074,0.19687533378601074,0.5205464363098145,0.7174217700958252,438.30231976509094,0.5205464363098145,0.7174217700958252,438.30231976509094
nc_papers100m_195trainer_0hop_balanced_local_bs4096_800r,20260914_212747_ogbn-papers100M_FedAvg_bs4096_seed42_beta10000p0,ogbn-papers100M,FedAvg,4096,42,10000.0,603,validation,0.2974,2.9907,0.2974,2.9907,1809,0.20201587677001953,0.20201587677001953,0.5177228450775146,0.7197387218475342,439.0220584869385,0.5177228450775146,0.7197387218475342,439.0220584869385
nc_papers100m_195trainer_0hop_balanced_local_bs4096_800r,20260914_212747_ogbn-papers100M_FedAvg_bs4096_seed42_beta10000p0,ogbn-papers100M,FedAvg,4096,42,10000.0,604,validation,0.2975,2.9899,0.2975,2.9899,1812,0.1987309455871582,0.1987309455871582,0.5196671485900879,0.7183980941772461,439.7404565811157,0.5196671485900879,0.7183980941772461,439.7404565811157
nc_papers100m_195trainer_0hop_balanced_local_bs4096_800r,20260914_212747_ogbn-papers100M_FedAvg_bs4096_seed42_beta10000p0,ogbn-papers100M,FedAvg,4096,42,10000.0,605,validation,0.2978,2.9891,0.2978,2.9891,1815,0.20092082023620605,0.20092082023620605,0.5221652984619141,0.7230861186981201,440.46354269981384,0.5221652984619141,0.7230861186981201,440.46354269981384
nc_papers100m_195trainer_0hop_balanced_local_bs4096_800r,20260914_212747_ogbn-papers100M_FedAvg_bs4096_seed42_beta10000p0,ogbn-papers100M,FedAvg,4096,42,10000.0,606,validation,0.298,2.9883,0.298,2.9883,1818,0.19754552841186523,0.19754552841186523,0.51702880859375,0.7145743370056152,441.17811703681946,0.51702880859375,0.7145743370056152,441.17811703681946
nc_papers100m_195trainer_0hop_balanced_local_bs4096_800r,20260914_212747_ogbn-papers100M_FedAvg_bs4096_seed42_beta10000p0,ogbn-papers100M,FedAvg,4096,42,10000.0,607,validation,0.2981,2.9875,0.2981,2.9875,1821,0.19759035110473633,0.19759035110473633,0.5319991111755371,0.7295894622802734,441.90770649909973,0.5319991111755371,0.7295894622802734,441.90770649909973
nc_papers100m_195trainer_0hop_balanced_local_bs4096_800r,20260914_212747_ogbn-papers100M_FedAvg_bs4096_seed42_beta10000p0,ogbn-papers100M,FedAvg,4096,42,10000.0,608,validation,0.2982,2.9867,0.2982,2.9867,1824,0.19813776016235352,0.19813776016235352,0.5296363830566406,0.7277741432189941,442.6354806423187,0.5296363830566406,0.7277741432189941,442.6354806423187
nc_papers100m_195trainer_0hop_balanced_local_bs4096_800r,20260914_212747_ogbn-papers100M_FedAvg_bs4096_seed42_beta10000p0,ogbn-papers100M,FedAvg,4096,42,10000.0,609,validation,0.2982,2.9859,0.2982,2.9859,1827,0.19634342193603516,0.19634342193603516,0.5241825580596924,0.7205259799957275,443.35600662231445,0.5241825580596924,0.7205259799957275,443.35600662231445
nc_papers100m_195trainer_0hop_balanced_local_bs4096_800r,20260914_212747_ogbn-papers100M_FedAvg_bs4096_seed42_beta10000p0,ogbn-papers100M,FedAvg,4096,42,10000.0,610,validation,0.2984,2.9851,0.2984,2.9851,1830,0.19909024238586426,0.19909024238586426,0.5193827152252197,0.718472957611084,444.07447957992554,0.5193827152252197,0.718472957611084,444.07447957992554
nc_papers100m_195trainer_0hop_balanced_local_bs4096_800r,20260914_212747_ogbn-papers100M_FedAvg_bs4096_seed42_beta10000p0,ogbn-papers100M,FedAvg,4096,42,10000.0,611,validation,0.2985,2.9843,0.2985,2.9843,1833,0.1959526538848877,0.1959526538848877,0.5181267261505127,0.7140793800354004,444.78855895996094,0.5181267261505127,0.7140793800354004,444.78855895996094
nc_papers100m_195trainer_0hop_balanced_local_bs4096_800r,20260914_212747_ogbn-papers100M_FedAvg_bs4096_seed42_beta10000p0,ogbn-papers100M,FedAvg,4096,42,10000.0,612,validation,0.2987,2.9835,0.2987,2.9835,1836,0.19717693328857422,0.19717693328857422,0.5577583312988281,0.7549352645874023,445.54349422454834,0.5577583312988281,0.7549352645874023,445.54349422454834
nc_papers100m_195trainer_0hop_balanced_local_bs4096_800r,20260914_212747_ogbn-papers100M_FedAvg_bs4096_seed42_beta10000p0,ogbn-papers100M,FedAvg,4096,42,10000.0,613,validation,0.2987,2.9826,0.2987,2.9826,1839,0.19679021835327148,0.19679021835327148,0.5286870002746582,0.7254772186279297,446.26897144317627,0.5286870002746582,0.7254772186279297,446.26897144317627
nc_papers100m_195trainer_0hop_balanced_local_bs4096_800r,20260914_212747_ogbn-papers100M_FedAvg_bs4096_seed42_beta10000p0,ogbn-papers100M,FedAvg,4096,42,10000.0,614,validation,0.2988,2.9818,0.2988,2.9818,1842,0.1990814208984375,0.1990814208984375,0.517819881439209,0.7169013023376465,446.9858727455139,0.517819881439209,0.7169013023376465,446.9858727455139
nc_papers100m_195trainer_0hop_balanced_local_bs4096_800r,20260914_212747_ogbn-papers100M_FedAvg_bs4096_seed42_beta10000p0,ogbn-papers100M,FedAvg,4096,42,10000.0,615,validation,0.2991,2.9809,0.2991,2.9809,1845,0.2007589340209961,0.2007589340209961,0.511683464050293,0.7124423980712891,447.6983151435852,0.511683464050293,0.7124423980712891,447.6983151435852
nc_papers100m_195trainer_0hop_balanced_local_bs4096_800r,20260914_212747_ogbn-papers100M_FedAvg_bs4096_seed42_beta10000p0,ogbn-papers100M,FedAvg,4096,42,10000.0,616,validation,0.2992,2.9802,0.2992,2.9802,1848,0.20017433166503906,0.20017433166503906,0.5237770080566406,0.7239513397216797,448.4222664833069,0.5237770080566406,0.7239513397216797,448.4222664833069
nc_papers100m_195trainer_0hop_balanced_local_bs4096_800r,20260914_212747_ogbn-papers100M_FedAvg_bs4096_seed42_beta10000p0,ogbn-papers100M,FedAvg,4096,42,10000.0,617,validation,0.2993,2.9793,0.2993,2.9793,1851,0.19620871543884277,0.19620871543884277,0.5176045894622803,0.713813304901123,449.136079788208,0.5176045894622803,0.713813304901123,449.136079788208
nc_papers100m_195trainer_0hop_balanced_local_bs4096_800r,20260914_212747_ogbn-papers100M_FedAvg_bs4096_seed42_beta10000p0,ogbn-papers100M,FedAvg,4096,42,10000.0,618,validation,0.2997,2.9785,0.2997,2.9785,1854,0.19679951667785645,0.19679951667785645,0.5174083709716797,0.7142078876495361,449.85028767585754,0.5174083709716797,0.7142078876495361,449.85028767585754
nc_papers100m_195trainer_0hop_balanced_local_bs4096_800r,20260914_212747_ogbn-papers100M_FedAvg_bs4096_seed42_beta10000p0,ogbn-papers100M,FedAvg,4096,42,10000.0,619,validation,0.2997,2.9777,0.2997,2.9777,1857,0.19800376892089844,0.19800376892089844,0.5199887752532959,0.7179925441741943,450.56828022003174,0.5199887752532959,0.7179925441741943,450.56828022003174
nc_papers100m_195trainer_0hop_balanced_local_bs4096_800r,20260914_212747_ogbn-papers100M_FedAvg_bs4096_seed42_beta10000p0,ogbn-papers100M,FedAvg,4096,42,10000.0,620,validation,0.2998,2.9769,0.2998,2.9769,1860,0.19920945167541504,0.19920945167541504,0.5335204601287842,0.7327299118041992,451.30101013183594,0.5335204601287842,0.7327299118041992,451.30101013183594
nc_papers100m_195trainer_0hop_balanced_local_bs4096_800r,20260914_212747_ogbn-papers100M_FedAvg_bs4096_seed42_beta10000p0,ogbn-papers100M,FedAvg,4096,42,10000.0,621,validation,0.2999,2.9761,0.2999,2.9761,1863,0.20089030265808105,0.20089030265808105,0.5287621021270752,0.7296524047851562,452.0306625366211,0.5287621021270752,0.7296524047851562,452.0306625366211
nc_papers100m_195trainer_0hop_balanced_local_bs4096_800r,20260914_212747_ogbn-papers100M_FedAvg_bs4096_seed42_beta10000p0,ogbn-papers100M,FedAvg,4096,42,10000.0,622,validation,0.3001,2.9753,0.3001,2.9753,1866,0.19788670539855957,0.19788670539855957,0.519909143447876,0.7177958488464355,452.74845838546753,0.519909143447876,0.7177958488464355,452.74845838546753
nc_papers100m_195trainer_0hop_balanced_local_bs4096_800r,20260914_212747_ogbn-papers100M_FedAvg_bs4096_seed42_beta10000p0,ogbn-papers100M,FedAvg,4096,42,10000.0,623,validation,0.3003,2.9745,0.3003,2.9745,1869,0.1977224349975586,0.1977224349975586,0.5200130939483643,0.7177355289459229,453.46619391441345,0.5200130939483643,0.7177355289459229,453.46619391441345
nc_papers100m_195trainer_0hop_balanced_local_bs4096_800r,20260914_212747_ogbn-papers100M_FedAvg_bs4096_seed42_beta10000p0,ogbn-papers100M,FedAvg,4096,42,10000.0,624,validation,0.3004,2.9737,0.3004,2.9737,1872,0.19817638397216797,0.19817638397216797,0.5272557735443115,0.7254321575164795,454.19162607192993,0.5272557735443115,0.7254321575164795,454.19162607192993
nc_papers100m_195trainer_0hop_balanced_local_bs4096_800r,20260914_212747_ogbn-papers100M_FedAvg_bs4096_seed42_beta10000p0,ogbn-papers100M,FedAvg,4096,42,10000.0,625,validation,0.3005,2.9729,0.3005,2.9729,1875,0.1979079246520996,0.1979079246520996,0.5663986206054688,0.7643065452575684,454.9559326171875,0.5663986206054688,0.7643065452575684,454.9559326171875
nc_papers100m_195trainer_0hop_balanced_local_bs4096_800r,20260914_212747_ogbn-papers100M_FedAvg_bs4096_seed42_beta10000p0,ogbn-papers100M,FedAvg,4096,42,10000.0,626,validation,0.3006,2.9721,0.3006,2.9721,1878,0.20090842247009277,0.20090842247009277,0.5206747055053711,0.7215831279754639,455.67751574516296,0.5206747055053711,0.7215831279754639,455.67751574516296
nc_papers100m_195trainer_0hop_balanced_local_bs4096_800r,20260914_212747_ogbn-papers100M_FedAvg_bs4096_seed42_beta10000p0,ogbn-papers100M,FedAvg,4096,42,10000.0,627,validation,0.3007,2.9713,0.3007,2.9713,1881,0.20006132125854492,0.20006132125854492,0.5180022716522217,0.7180635929107666,456.39557933807373,0.5180022716522217,0.7180635929107666,456.39557933807373
nc_papers100m_195trainer_0hop_balanced_local_bs4096_800r,20260914_212747_ogbn-papers100M_FedAvg_bs4096_seed42_beta10000p0,ogbn-papers100M,FedAvg,4096,42,10000.0,628,validation,0.3008,2.9705,0.3008,2.9705,1884,0.20216679573059082,0.20216679573059082,0.5138406753540039,0.7160074710845947,457.1115868091583,0.5138406753540039,0.7160074710845947,457.1115868091583
nc_papers100m_195trainer_0hop_balanced_local_bs4096_800r,20260914_212747_ogbn-papers100M_FedAvg_bs4096_seed42_beta10000p0,ogbn-papers100M,FedAvg,4096,42,10000.0,629,validation,0.3009,2.9697,0.3009,2.9697,1887,0.19710540771484375,0.19710540771484375,0.5203256607055664,0.7174310684204102,457.82901787757874,0.5203256607055664,0.7174310684204102,457.82901787757874
nc_papers100m_195trainer_0hop_balanced_local_bs4096_800r,20260914_212747_ogbn-papers100M_FedAvg_bs4096_seed42_beta10000p0,ogbn-papers100M,FedAvg,4096,42,10000.0,630,validation,0.3011,2.9689,0.3011,2.9689,1890,0.19905471801757812,0.19905471801757812,0.5361099243164062,0.7351646423339844,458.5641825199127,0.5361099243164062,0.7351646423339844,458.5641825199127
nc_papers100m_195trainer_0hop_balanced_local_bs4096_800r,20260914_212747_ogbn-papers100M_FedAvg_bs4096_seed42_beta10000p0,ogbn-papers100M,FedAvg,4096,42,10000.0,631,validation,0.3012,2.9681,0.3012,2.9681,1893,0.20562171936035156,0.20562171936035156,0.5176167488098145,0.723238468170166,459.2874209880829,0.5176167488098145,0.723238468170166,459.2874209880829
nc_papers100m_195trainer_0hop_balanced_local_bs4096_800r,20260914_212747_ogbn-papers100M_FedAvg_bs4096_seed42_beta10000p0,ogbn-papers100M,FedAvg,4096,42,10000.0,632,validation,0.3013,2.9673,0.3013,2.9673,1896,0.20147490501403809,0.20147490501403809,0.5267863273620605,0.7282612323760986,460.015682220459,0.5267863273620605,0.7282612323760986,460.015682220459
nc_papers100m_195trainer_0hop_balanced_local_bs4096_800r,20260914_212747_ogbn-papers100M_FedAvg_bs4096_seed42_beta10000p0,ogbn-papers100M,FedAvg,4096,42,10000.0,633,validation,0.3014,2.9666,0.3014,2.9666,1899,0.1984555721282959,0.1984555721282959,0.5284299850463867,0.7268855571746826,460.74256777763367,0.5284299850463867,0.7268855571746826,460.74256777763367
nc_papers100m_195trainer_0hop_balanced_local_bs4096_800r,20260914_212747_ogbn-papers100M_FedAvg_bs4096_seed42_beta10000p0,ogbn-papers100M,FedAvg,4096,42,10000.0,634,validation,0.3016,2.9658,0.3016,2.9658,1902,0.1969902515411377,0.1969902515411377,0.5254697799682617,0.7224600315093994,461.46502780914307,0.5254697799682617,0.7224600315093994,461.46502780914307
nc_papers100m_195trainer_0hop_balanced_local_bs4096_800r,20260914_212747_ogbn-papers100M_FedAvg_bs4096_seed42_beta10000p0,ogbn-papers100M,FedAvg,4096,42,10000.0,635,validation,0.3016,2.965,0.3016,2.965,1905,0.19916081428527832,0.19916081428527832,0.5167663097381592,0.7159271240234375,462.1809549331665,0.5167663097381592,0.7159271240234375,462.1809549331665
nc_papers100m_195trainer_0hop_balanced_local_bs4096_800r,20260914_212747_ogbn-papers100M_FedAvg_bs4096_seed42_beta10000p0,ogbn-papers100M,FedAvg,4096,42,10000.0,636,validation,0.3018,2.9642,0.3018,2.9642,1908,0.20470738410949707,0.20470738410949707,0.5232703685760498,0.7279777526855469,462.90893268585205,0.5232703685760498,0.7279777526855469,462.90893268585205
nc_papers100m_195trainer_0hop_balanced_local_bs4096_800r,20260914_212747_ogbn-papers100M_FedAvg_bs4096_seed42_beta10000p0,ogbn-papers100M,FedAvg,4096,42,10000.0,637,validation,0.302,2.9634,0.302,2.9634,1911,0.20135164260864258,0.20135164260864258,0.5338726043701172,0.7352242469787598,463.6441569328308,0.5338726043701172,0.7352242469787598,463.6441569328308
nc_papers100m_195trainer_0hop_balanced_local_bs4096_800r,20260914_212747_ogbn-papers100M_FedAvg_bs4096_seed42_beta10000p0,ogbn-papers100M,FedAvg,4096,42,10000.0,638,validation,0.3021,2.9627,0.3021,2.9627,1914,0.20027899742126465,0.20027899742126465,0.5427320003509521,0.7430109977722168,464.387167930603,0.5427320003509521,0.7430109977722168,464.387167930603
nc_papers100m_195trainer_0hop_balanced_local_bs4096_800r,20260914_212747_ogbn-papers100M_FedAvg_bs4096_seed42_beta10000p0,ogbn-papers100M,FedAvg,4096,42,10000.0,639,validation,0.3023,2.9619,0.3023,2.9619,1917,0.19789624214172363,0.19789624214172363,0.5182335376739502,0.7161297798156738,465.1032977104187,0.5182335376739502,0.7161297798156738,465.1032977104187
nc_papers100m_195trainer_0hop_balanced_local_bs4096_800r,20260914_212747_ogbn-papers100M_FedAvg_bs4096_seed42_beta10000p0,ogbn-papers100M,FedAvg,4096,42,10000.0,640,validation,0.3023,2.9612,0.3023,2.9612,1920,0.19840741157531738,0.19840741157531738,0.523932933807373,0.7223403453826904,465.8256380558014,0.523932933807373,0.7223403453826904,465.8256380558014
nc_papers100m_195trainer_0hop_balanced_local_bs4096_800r,20260914_212747_ogbn-papers100M_FedAvg_bs4096_seed42_beta10000p0,ogbn-papers100M,FedAvg,4096,42,10000.0,641,validation,0.3024,2.9604,0.3024,2.9604,1923,0.20363163948059082,0.20363163948059082,0.5181028842926025,0.7217345237731934,466.5473725795746,0.5181028842926025,0.7217345237731934,466.5473725795746
nc_papers100m_195trainer_0hop_balanced_local_bs4096_800r,20260914_212747_ogbn-papers100M_FedAvg_bs4096_seed42_beta10000p0,ogbn-papers100M,FedAvg,4096,42,10000.0,642,validation,0.3026,2.9596,0.3026,2.9596,1926,0.1994795799255371,0.1994795799255371,0.5279319286346436,0.7274115085601807,467.27478408813477,0.5279319286346436,0.7274115085601807,467.27478408813477
nc_papers100m_195trainer_0hop_balanced_local_bs4096_800r,20260914_212747_ogbn-papers100M_FedAvg_bs4096_seed42_beta10000p0,ogbn-papers100M,FedAvg,4096,42,10000.0,643,validation,0.3028,2.9589,0.3028,2.9589,1929,0.1985149383544922,0.1985149383544922,0.5275123119354248,0.726027250289917,468.0008113384247,0.5275123119354248,0.726027250289917,468.0008113384247
nc_papers100m_195trainer_0hop_balanced_local_bs4096_800r,20260914_212747_ogbn-papers100M_FedAvg_bs4096_seed42_beta10000p0,ogbn-papers100M,FedAvg,4096,42,10000.0,644,validation,0.303,2.9581,0.303,2.9581,1932,0.19791102409362793,0.19791102409362793,0.5119271278381348,0.7098381519317627,468.71064949035645,0.5119271278381348,0.7098381519317627,468.71064949035645
nc_papers100m_195trainer_0hop_balanced_local_bs4096_800r,20260914_212747_ogbn-papers100M_FedAvg_bs4096_seed42_beta10000p0,ogbn-papers100M,FedAvg,4096,42,10000.0,645,validation,0.303,2.9573,0.303,2.9573,1935,0.20229125022888184,0.20229125022888184,0.5271451473236084,0.7294363975524902,469.44008588790894,0.5271451473236084,0.7294363975524902,469.44008588790894
nc_papers100m_195trainer_0hop_balanced_local_bs4096_800r,20260914_212747_ogbn-papers100M_FedAvg_bs4096_seed42_beta10000p0,ogbn-papers100M,FedAvg,4096,42,10000.0,646,validation,0.3031,2.9566,0.3031,2.9566,1938,0.20118260383605957,0.20118260383605957,0.5196573734283447,0.7208399772644043,470.16092586517334,0.5196573734283447,0.7208399772644043,470.16092586517334
nc_papers100m_195trainer_0hop_balanced_local_bs4096_800r,20260914_212747_ogbn-papers100M_FedAvg_bs4096_seed42_beta10000p0,ogbn-papers100M,FedAvg,4096,42,10000.0,647,validation,0.3032,2.9557,0.3032,2.9557,1941,0.200361967086792,0.200361967086792,0.5227620601654053,0.7231240272521973,470.88404989242554,0.5227620601654053,0.7231240272521973,470.88404989242554
nc_papers100m_195trainer_0hop_balanced_local_bs4096_800r,20260914_212747_ogbn-papers100M_FedAvg_bs4096_seed42_beta10000p0,ogbn-papers100M,FedAvg,4096,42,10000.0,648,validation,0.3033,2.955,0.3033,2.955,1944,0.20226407051086426,0.20226407051086426,0.5213673114776611,0.7236313819885254,471.60768127441406,0.5213673114776611,0.7236313819885254,471.60768127441406
nc_papers100m_195trainer_0hop_balanced_local_bs4096_800r,20260914_212747_ogbn-papers100M_FedAvg_bs4096_seed42_beta10000p0,ogbn-papers100M,FedAvg,4096,42,10000.0,649,validation,0.3034,2.9542,0.3034,2.9542,1947,0.20108819007873535,0.20108819007873535,0.5326082706451416,0.733696460723877,472.34137773513794,0.5326082706451416,0.733696460723877,472.34137773513794
nc_papers100m_195trainer_0hop_balanced_local_bs4096_800r,20260914_212747_ogbn-papers100M_FedAvg_bs4096_seed42_beta10000p0,ogbn-papers100M,FedAvg,4096,42,10000.0,650,validation,0.3036,2.9535,0.3036,2.9535,1950,0.20172810554504395,0.20172810554504395,0.5379540920257568,0.7396821975708008,473.08105993270874,0.5379540920257568,0.7396821975708008,473.08105993270874
nc_papers100m_195trainer_0hop_balanced_local_bs4096_800r,20260914_212747_ogbn-papers100M_FedAvg_bs4096_seed42_beta10000p0,ogbn-papers100M,FedAvg,4096,42,10000.0,651,validation,0.3036,2.9528,0.3036,2.9528,1953,0.19918417930603027,0.19918417930603027,0.5565712451934814,0.7557554244995117,473.83681535720825,0.5565712451934814,0.7557554244995117,473.83681535720825
nc_papers100m_195trainer_0hop_balanced_local_bs4096_800r,20260914_212747_ogbn-papers100M_FedAvg_bs4096_seed42_beta10000p0,ogbn-papers100M,FedAvg,4096,42,10000.0,652,validation,0.3038,2.9521,0.3038,2.9521,1956,0.19907236099243164,0.19907236099243164,0.5171074867248535,0.7161798477172852,474.55299520492554,0.5171074867248535,0.7161798477172852,474.55299520492554
nc_papers100m_195trainer_0hop_balanced_local_bs4096_800r,20260914_212747_ogbn-papers100M_FedAvg_bs4096_seed42_beta10000p0,ogbn-papers100M,FedAvg,4096,42,10000.0,653,validation,0.3039,2.9513,0.3039,2.9513,1959,0.2059793472290039,0.2059793472290039,0.5233230590820312,0.7293024063110352,475.2822976112366,0.5233230590820312,0.7293024063110352,475.2822976112366
nc_papers100m_195trainer_0hop_balanced_local_bs4096_800r,20260914_212747_ogbn-papers100M_FedAvg_bs4096_seed42_beta10000p0,ogbn-papers100M,FedAvg,4096,42,10000.0,654,validation,0.304,2.9505,0.304,2.9505,1962,0.20146465301513672,0.20146465301513672,0.5358960628509521,0.7373607158660889,476.01965832710266,0.5358960628509521,0.7373607158660889,476.01965832710266
nc_papers100m_195trainer_0hop_balanced_local_bs4096_800r,20260914_212747_ogbn-papers100M_FedAvg_bs4096_seed42_beta10000p0,ogbn-papers100M,FedAvg,4096,42,10000.0,655,validation,0.3041,2.9498,0.3041,2.9498,1965,0.2005939483642578,0.2005939483642578,0.5219855308532715,0.7225794792175293,476.7422378063202,0.5219855308532715,0.7225794792175293,476.7422378063202
nc_papers100m_195trainer_0hop_balanced_local_bs4096_800r,20260914_212747_ogbn-papers100M_FedAvg_bs4096_seed42_beta10000p0,ogbn-papers100M,FedAvg,4096,42,10000.0,656,validation,0.3042,2.9491,0.3042,2.9491,1968,0.199937105178833,0.199937105178833,0.5258779525756836,0.7258150577545166,477.4680528640747,0.5258779525756836,0.7258150577545166,477.4680528640747
nc_papers100m_195trainer_0hop_balanced_local_bs4096_800r,20260914_212747_ogbn-papers100M_FedAvg_bs4096_seed42_beta10000p0,ogbn-papers100M,FedAvg,4096,42,10000.0,657,validation,0.3044,2.9484,0.3044,2.9484,1971,0.20536375045776367,0.20536375045776367,0.5290606021881104,0.734424352645874,478.2024772167206,0.5290606021881104,0.734424352645874,478.2024772167206
nc_papers100m_195trainer_0hop_balanced_local_bs4096_800r,20260914_212747_ogbn-papers100M_FedAvg_bs4096_seed42_beta10000p0,ogbn-papers100M,FedAvg,4096,42,10000.0,658,validation,0.3044,2.9476,0.3044,2.9476,1974,0.20039653778076172,0.20039653778076172,0.5339438915252686,0.7343404293060303,478.9368176460266,0.5339438915252686,0.7343404293060303,478.9368176460266
nc_papers100m_195trainer_0hop_balanced_local_bs4096_800r,20260914_212747_ogbn-papers100M_FedAvg_bs4096_seed42_beta10000p0,ogbn-papers100M,FedAvg,4096,42,10000.0,659,validation,0.3047,2.947,0.3047,2.947,1977,0.20362281799316406,0.20362281799316406,0.5329582691192627,0.7365810871124268,479.67339873313904,0.5329582691192627,0.7365810871124268,479.67339873313904
nc_papers100m_195trainer_0hop_balanced_local_bs4096_800r,20260914_212747_ogbn-papers100M_FedAvg_bs4096_seed42_beta10000p0,ogbn-papers100M,FedAvg,4096,42,10000.0,660,validation,0.3048,2.9462,0.3048,2.9462,1980,0.2004859447479248,0.2004859447479248,0.523514986038208,0.7240009307861328,480.39739966392517,0.523514986038208,0.7240009307861328,480.39739966392517
nc_papers100m_195trainer_0hop_balanced_local_bs4096_800r,20260914_212747_ogbn-papers100M_FedAvg_bs4096_seed42_beta10000p0,ogbn-papers100M,FedAvg,4096,42,10000.0,661,validation,0.3049,2.9454,0.3049,2.9454,1983,0.1993424892425537,0.1993424892425537,0.5201444625854492,0.7194869518280029,481.1168866157532,0.5201444625854492,0.7194869518280029,481.1168866157532
nc_papers100m_195trainer_0hop_balanced_local_bs4096_800r,20260914_212747_ogbn-papers100M_FedAvg_bs4096_seed42_beta10000p0,ogbn-papers100M,FedAvg,4096,42,10000.0,662,validation,0.305,2.9447,0.305,2.9447,1986,0.20505595207214355,0.20505595207214355,0.5242559909820557,0.7293119430541992,481.8461985588074,0.5242559909820557,0.7293119430541992,481.8461985588074
nc_papers100m_195trainer_0hop_balanced_local_bs4096_800r,20260914_212747_ogbn-papers100M_FedAvg_bs4096_seed42_beta10000p0,ogbn-papers100M,FedAvg,4096,42,10000.0,663,validation,0.3051,2.944,0.3051,2.944,1989,0.20207834243774414,0.20207834243774414,0.5342655181884766,0.7363438606262207,482.5825424194336,0.5342655181884766,0.7363438606262207,482.5825424194336
nc_papers100m_195trainer_0hop_balanced_local_bs4096_800r,20260914_212747_ogbn-papers100M_FedAvg_bs4096_seed42_beta10000p0,ogbn-papers100M,FedAvg,4096,42,10000.0,664,validation,0.3051,2.9432,0.3051,2.9432,1992,0.20218682289123535,0.20218682289123535,0.5299491882324219,0.7321360111236572,483.31467843055725,0.5299491882324219,0.7321360111236572,483.31467843055725
nc_papers100m_195trainer_0hop_balanced_local_bs4096_800r,20260914_212747_ogbn-papers100M_FedAvg_bs4096_seed42_beta10000p0,ogbn-papers100M,FedAvg,4096,42,10000.0,665,validation,0.3052,2.9425,0.3052,2.9425,1995,0.20347857475280762,0.20347857475280762,0.5175414085388184,0.721019983291626,484.0356984138489,0.5175414085388184,0.721019983291626,484.0356984138489
nc_papers100m_195trainer_0hop_balanced_local_bs4096_800r,20260914_212747_ogbn-papers100M_FedAvg_bs4096_seed42_beta10000p0,ogbn-papers100M,FedAvg,4096,42,10000.0,666,validation,0.3054,2.9417,0.3054,2.9417,1998,0.20074152946472168,0.20074152946472168,0.5178937911987305,0.7186353206634521,484.75433373451233,0.5178937911987305,0.7186353206634521,484.75433373451233
nc_papers100m_195trainer_0hop_balanced_local_bs4096_800r,20260914_212747_ogbn-papers100M_FedAvg_bs4096_seed42_beta10000p0,ogbn-papers100M,FedAvg,4096,42,10000.0,667,validation,0.3055,2.941,0.3055,2.941,2001,0.1962132453918457,0.1962132453918457,0.534142017364502,0.7303552627563477,485.4846889972687,0.534142017364502,0.7303552627563477,485.4846889972687
nc_papers100m_195trainer_0hop_balanced_local_bs4096_800r,20260914_212747_ogbn-papers100M_FedAvg_bs4096_seed42_beta10000p0,ogbn-papers100M,FedAvg,4096,42,10000.0,668,validation,0.3056,2.9402,0.3056,2.9402,2004,0.19642972946166992,0.19642972946166992,0.5266809463500977,0.7231106758117676,486.20779967308044,0.5266809463500977,0.7231106758117676,486.20779967308044
nc_papers100m_195trainer_0hop_balanced_local_bs4096_800r,20260914_212747_ogbn-papers100M_FedAvg_bs4096_seed42_beta10000p0,ogbn-papers100M,FedAvg,4096,42,10000.0,669,validation,0.3057,2.9395,0.3057,2.9395,2007,0.19753336906433105,0.19753336906433105,0.5172979831695557,0.7148313522338867,486.92263102531433,0.5172979831695557,0.7148313522338867,486.92263102531433
nc_papers100m_195trainer_0hop_balanced_local_bs4096_800r,20260914_212747_ogbn-papers100M_FedAvg_bs4096_seed42_beta10000p0,ogbn-papers100M,FedAvg,4096,42,10000.0,670,validation,0.3058,2.9389,0.3058,2.9389,2010,0.20602917671203613,0.20602917671203613,0.5184109210968018,0.7244400978088379,487.64707112312317,0.5184109210968018,0.7244400978088379,487.64707112312317
nc_papers100m_195trainer_0hop_balanced_local_bs4096_800r,20260914_212747_ogbn-papers100M_FedAvg_bs4096_seed42_beta10000p0,ogbn-papers100M,FedAvg,4096,42,10000.0,671,validation,0.3059,2.9381,0.3059,2.9381,2013,0.19865083694458008,0.19865083694458008,0.5481176376342773,0.7467684745788574,488.393839597702,0.5481176376342773,0.7467684745788574,488.393839597702
nc_papers100m_195trainer_0hop_balanced_local_bs4096_800r,20260914_212747_ogbn-papers100M_FedAvg_bs4096_seed42_beta10000p0,ogbn-papers100M,FedAvg,4096,42,10000.0,672,validation,0.3061,2.9373,0.3061,2.9373,2016,0.19740843772888184,0.19740843772888184,0.5256938934326172,0.723102331161499,489.1169419288635,0.5256938934326172,0.723102331161499,489.1169419288635
nc_papers100m_195trainer_0hop_balanced_local_bs4096_800r,20260914_212747_ogbn-papers100M_FedAvg_bs4096_seed42_beta10000p0,ogbn-papers100M,FedAvg,4096,42,10000.0,673,validation,0.3062,2.9366,0.3062,2.9366,2019,0.19687581062316895,0.19687581062316895,0.5203235149383545,0.7171993255615234,489.83414125442505,0.5203235149383545,0.7171993255615234,489.83414125442505
nc_papers100m_195trainer_0hop_balanced_local_bs4096_800r,20260914_212747_ogbn-papers100M_FedAvg_bs4096_seed42_beta10000p0,ogbn-papers100M,FedAvg,4096,42,10000.0,674,validation,0.3064,2.9359,0.3064,2.9359,2022,0.20300960540771484,0.20300960540771484,0.5235745906829834,0.7265841960906982,490.56072545051575,0.5235745906829834,0.7265841960906982,490.56072545051575
nc_papers100m_195trainer_0hop_balanced_local_bs4096_800r,20260914_212747_ogbn-papers100M_FedAvg_bs4096_seed42_beta10000p0,ogbn-papers100M,FedAvg,4096,42,10000.0,675,validation,0.3064,2.9352,0.3064,2.9352,2025,0.20068740844726562,0.20068740844726562,0.5254206657409668,0.7261080741882324,491.286833524704,0.5254206657409668,0.7261080741882324,491.286833524704
nc_papers100m_195trainer_0hop_balanced_local_bs4096_800r,20260914_212747_ogbn-papers100M_FedAvg_bs4096_seed42_beta10000p0,ogbn-papers100M,FedAvg,4096,42,10000.0,676,validation,0.3067,2.9344,0.3067,2.9344,2028,0.19966578483581543,0.19966578483581543,0.5408334732055664,0.7404992580413818,492.02733278274536,0.5408334732055664,0.7404992580413818,492.02733278274536
nc_papers100m_195trainer_0hop_balanced_local_bs4096_800r,20260914_212747_ogbn-papers100M_FedAvg_bs4096_seed42_beta10000p0,ogbn-papers100M,FedAvg,4096,42,10000.0,677,validation,0.3067,2.9337,0.3067,2.9337,2031,0.1965935230255127,0.1965935230255127,0.5263710021972656,0.7229645252227783,492.75029730796814,0.5263710021972656,0.7229645252227783,492.75029730796814
nc_papers100m_195trainer_0hop_balanced_local_bs4096_800r,20260914_212747_ogbn-papers100M_FedAvg_bs4096_seed42_beta10000p0,ogbn-papers100M,FedAvg,4096,42,10000.0,678,validation,0.3068,2.933,0.3068,2.933,2034,0.1992173194885254,0.1992173194885254,0.5233583450317383,0.7225756645202637,493.4728729724884,0.5233583450317383,0.7225756645202637,493.4728729724884
nc_papers100m_195trainer_0hop_balanced_local_bs4096_800r,20260914_212747_ogbn-papers100M_FedAvg_bs4096_seed42_beta10000p0,ogbn-papers100M,FedAvg,4096,42,10000.0,679,validation,0.3069,2.9322,0.3069,2.9322,2037,0.1979527473449707,0.1979527473449707,0.5250205993652344,0.7229733467102051,494.1958463191986,0.5250205993652344,0.7229733467102051,494.1958463191986
nc_papers100m_195trainer_0hop_balanced_local_bs4096_800r,20260914_212747_ogbn-papers100M_FedAvg_bs4096_seed42_beta10000p0,ogbn-papers100M,FedAvg,4096,42,10000.0,680,validation,0.307,2.9315,0.307,2.9315,2040,0.19917511940002441,0.19917511940002441,0.5228497982025146,0.7220249176025391,494.91787123680115,0.5228497982025146,0.7220249176025391,494.91787123680115
nc_papers100m_195trainer_0hop_balanced_local_bs4096_800r,20260914_212747_ogbn-papers100M_FedAvg_bs4096_seed42_beta10000p0,ogbn-papers100M,FedAvg,4096,42,10000.0,681,validation,0.3071,2.9308,0.3071,2.9308,2043,0.19951415061950684,0.19951415061950684,0.5294885635375977,0.7290027141571045,495.64687395095825,0.5294885635375977,0.7290027141571045,495.64687395095825
nc_papers100m_195trainer_0hop_balanced_local_bs4096_800r,20260914_212747_ogbn-papers100M_FedAvg_bs4096_seed42_beta10000p0,ogbn-papers100M,FedAvg,4096,42,10000.0,682,validation,0.3071,2.9302,0.3071,2.9302,2046,0.1970365047454834,0.1970365047454834,0.5147724151611328,0.7118089199066162,496.35868287086487,0.5147724151611328,0.7118089199066162,496.35868287086487
nc_papers100m_195trainer_0hop_balanced_local_bs4096_800r,20260914_212747_ogbn-papers100M_FedAvg_bs4096_seed42_beta10000p0,ogbn-papers100M,FedAvg,4096,42,10000.0,683,validation,0.3074,2.9295,0.3074,2.9295,2049,0.20108723640441895,0.20108723640441895,0.5305616855621338,0.7316489219665527,497.0903317928314,0.5305616855621338,0.7316489219665527,497.0903317928314
nc_papers100m_195trainer_0hop_balanced_local_bs4096_800r,20260914_212747_ogbn-papers100M_FedAvg_bs4096_seed42_beta10000p0,ogbn-papers100M,FedAvg,4096,42,10000.0,684,validation,0.3073,2.9288,0.3073,2.9288,2052,0.1985783576965332,0.1985783576965332,0.5370321273803711,0.7356104850769043,497.8259422779083,0.5370321273803711,0.7356104850769043,497.8259422779083
nc_papers100m_195trainer_0hop_balanced_local_bs4096_800r,20260914_212747_ogbn-papers100M_FedAvg_bs4096_seed42_beta10000p0,ogbn-papers100M,FedAvg,4096,42,10000.0,685,validation,0.3076,2.9281,0.3076,2.9281,2055,0.19992971420288086,0.19992971420288086,0.5179445743560791,0.71787428855896,498.5438165664673,0.5179445743560791,0.71787428855896,498.5438165664673
nc_papers100m_195trainer_0hop_balanced_local_bs4096_800r,20260914_212747_ogbn-papers100M_FedAvg_bs4096_seed42_beta10000p0,ogbn-papers100M,FedAvg,4096,42,10000.0,686,validation,0.3077,2.9274,0.3077,2.9274,2058,0.20044898986816406,0.20044898986816406,0.5105719566345215,0.7110209465026855,499.25483751296997,0.5105719566345215,0.7110209465026855,499.25483751296997
nc_papers100m_195trainer_0hop_balanced_local_bs4096_800r,20260914_212747_ogbn-papers100M_FedAvg_bs4096_seed42_beta10000p0,ogbn-papers100M,FedAvg,4096,42,10000.0,687,validation,0.3078,2.9267,0.3078,2.9267,2061,0.20224952697753906,0.20224952697753906,0.524219274520874,0.7264688014984131,499.9813063144684,0.524219274520874,0.7264688014984131,499.9813063144684
nc_papers100m_195trainer_0hop_balanced_local_bs4096_800r,20260914_212747_ogbn-papers100M_FedAvg_bs4096_seed42_beta10000p0,ogbn-papers100M,FedAvg,4096,42,10000.0,688,validation,0.3078,2.926,0.3078,2.926,2064,0.19742488861083984,0.19742488861083984,0.5396170616149902,0.7370419502258301,500.7183482646942,0.5396170616149902,0.7370419502258301,500.7183482646942
nc_papers100m_195trainer_0hop_balanced_local_bs4096_800r,20260914_212747_ogbn-papers100M_FedAvg_bs4096_seed42_beta10000p0,ogbn-papers100M,FedAvg,4096,42,10000.0,689,validation,0.308,2.9253,0.308,2.9253,2067,0.20093464851379395,0.20093464851379395,0.5240981578826904,0.7250328063964844,501.4433810710907,0.5240981578826904,0.7250328063964844,501.4433810710907
nc_papers100m_195trainer_0hop_balanced_local_bs4096_800r,20260914_212747_ogbn-papers100M_FedAvg_bs4096_seed42_beta10000p0,ogbn-papers100M,FedAvg,4096,42,10000.0,690,validation,0.3082,2.9246,0.3082,2.9246,2070,0.19845914840698242,0.19845914840698242,0.5154790878295898,0.7139382362365723,502.15731930732727,0.5154790878295898,0.7139382362365723,502.15731930732727
nc_papers100m_195trainer_0hop_balanced_local_bs4096_800r,20260914_212747_ogbn-papers100M_FedAvg_bs4096_seed42_beta10000p0,ogbn-papers100M,FedAvg,4096,42,10000.0,691,validation,0.3083,2.9239,0.3083,2.9239,2073,0.2076268196105957,0.2076268196105957,0.5244171619415283,0.732043981552124,502.8893632888794,0.5244171619415283,0.732043981552124,502.8893632888794
nc_papers100m_195trainer_0hop_balanced_local_bs4096_800r,20260914_212747_ogbn-papers100M_FedAvg_bs4096_seed42_beta10000p0,ogbn-papers100M,FedAvg,4096,42,10000.0,692,validation,0.3084,2.9232,0.3084,2.9232,2076,0.2006087303161621,0.2006087303161621,0.5261828899383545,0.7267916202545166,503.6161549091339,0.5261828899383545,0.7267916202545166,503.6161549091339
nc_papers100m_195trainer_0hop_balanced_local_bs4096_800r,20260914_212747_ogbn-papers100M_FedAvg_bs4096_seed42_beta10000p0,ogbn-papers100M,FedAvg,4096,42,10000.0,693,validation,0.3085,2.9225,0.3085,2.9225,2079,0.19617080688476562,0.19617080688476562,0.5237126350402832,0.7198834419250488,504.33603835105896,0.5237126350402832,0.7198834419250488,504.33603835105896
nc_papers100m_195trainer_0hop_balanced_local_bs4096_800r,20260914_212747_ogbn-papers100M_FedAvg_bs4096_seed42_beta10000p0,ogbn-papers100M,FedAvg,4096,42,10000.0,694,validation,0.3086,2.9218,0.3086,2.9218,2082,0.1977217197418213,0.1977217197418213,0.514197826385498,0.7119195461273193,505.0479578971863,0.514197826385498,0.7119195461273193,505.0479578971863
nc_papers100m_195trainer_0hop_balanced_local_bs4096_800r,20260914_212747_ogbn-papers100M_FedAvg_bs4096_seed42_beta10000p0,ogbn-papers100M,FedAvg,4096,42,10000.0,695,validation,0.3088,2.9211,0.3088,2.9211,2085,0.20508170127868652,0.20508170127868652,0.5278871059417725,0.732968807220459,505.78092670440674,0.5278871059417725,0.732968807220459,505.78092670440674
nc_papers100m_195trainer_0hop_balanced_local_bs4096_800r,20260914_212747_ogbn-papers100M_FedAvg_bs4096_seed42_beta10000p0,ogbn-papers100M,FedAvg,4096,42,10000.0,696,validation,0.3088,2.9204,0.3088,2.9204,2088,0.20934319496154785,0.20934319496154785,0.5304763317108154,0.7398195266723633,506.5207462310791,0.5304763317108154,0.7398195266723633,506.5207462310791
nc_papers100m_195trainer_0hop_balanced_local_bs4096_800r,20260914_212747_ogbn-papers100M_FedAvg_bs4096_seed42_beta10000p0,ogbn-papers100M,FedAvg,4096,42,10000.0,697,validation,0.309,2.9197,0.309,2.9197,2091,0.20025634765625,0.20025634765625,0.603508472442627,0.803764820098877,507.324511051178,0.603508472442627,0.803764820098877,507.324511051178
nc_papers100m_195trainer_0hop_balanced_local_bs4096_800r,20260914_212747_ogbn-papers100M_FedAvg_bs4096_seed42_beta10000p0,ogbn-papers100M,FedAvg,4096,42,10000.0,698,validation,0.3092,2.919,0.3092,2.919,2094,0.19881129264831543,0.19881129264831543,0.5232479572296143,0.7220592498779297,508.0465703010559,0.5232479572296143,0.7220592498779297,508.0465703010559
nc_papers100m_195trainer_0hop_balanced_local_bs4096_800r,20260914_212747_ogbn-papers100M_FedAvg_bs4096_seed42_beta10000p0,ogbn-papers100M,FedAvg,4096,42,10000.0,699,validation,0.3092,2.9183,0.3092,2.9183,2097,0.1987617015838623,0.1987617015838623,0.5279052257537842,0.7266669273376465,508.77323722839355,0.5279052257537842,0.7266669273376465,508.77323722839355
nc_papers100m_195trainer_0hop_balanced_local_bs4096_800r,20260914_212747_ogbn-papers100M_FedAvg_bs4096_seed42_beta10000p0,ogbn-papers100M,FedAvg,4096,42,10000.0,700,validation,0.3094,2.9177,0.3094,2.9177,2100,0.19765329360961914,0.19765329360961914,0.5289490222930908,0.72660231590271,509.49983954429626,0.5289490222930908,0.72660231590271,509.49983954429626
nc_papers100m_195trainer_0hop_balanced_local_bs4096_800r,20260914_212747_ogbn-papers100M_FedAvg_bs4096_seed42_beta10000p0,ogbn-papers100M,FedAvg,4096,42,10000.0,701,validation,0.3095,2.917,0.3095,2.917,2103,0.20125627517700195,0.20125627517700195,0.5229096412658691,0.7241659164428711,510.22400546073914,0.5229096412658691,0.7241659164428711,510.22400546073914
nc_papers100m_195trainer_0hop_balanced_local_bs4096_800r,20260914_212747_ogbn-papers100M_FedAvg_bs4096_seed42_beta10000p0,ogbn-papers100M,FedAvg,4096,42,10000.0,702,validation,0.3097,2.9163,0.3097,2.9163,2106,0.20044183731079102,0.20044183731079102,0.5575015544891357,0.7579433917999268,510.98194885253906,0.5575015544891357,0.7579433917999268,510.98194885253906
nc_papers100m_195trainer_0hop_balanced_local_bs4096_800r,20260914_212747_ogbn-papers100M_FedAvg_bs4096_seed42_beta10000p0,ogbn-papers100M,FedAvg,4096,42,10000.0,703,validation,0.3098,2.9156,0.3098,2.9156,2109,0.2001354694366455,0.2001354694366455,0.5194497108459473,0.7195851802825928,511.70153403282166,0.5194497108459473,0.7195851802825928,511.70153403282166
nc_papers100m_195trainer_0hop_balanced_local_bs4096_800r,20260914_212747_ogbn-papers100M_FedAvg_bs4096_seed42_beta10000p0,ogbn-papers100M,FedAvg,4096,42,10000.0,704,validation,0.31,2.915,0.31,2.915,2112,0.20144104957580566,0.20144104957580566,0.513648509979248,0.7150895595550537,512.4166235923767,0.513648509979248,0.7150895595550537,512.4166235923767
nc_papers100m_195trainer_0hop_balanced_local_bs4096_800r,20260914_212747_ogbn-papers100M_FedAvg_bs4096_seed42_beta10000p0,ogbn-papers100M,FedAvg,4096,42,10000.0,705,validation,0.3101,2.9143,0.3101,2.9143,2115,0.19737744331359863,0.19737744331359863,0.5261542797088623,0.7235317230224609,513.1401553153992,0.5261542797088623,0.7235317230224609,513.1401553153992
nc_papers100m_195trainer_0hop_balanced_local_bs4096_800r,20260914_212747_ogbn-papers100M_FedAvg_bs4096_seed42_beta10000p0,ogbn-papers100M,FedAvg,4096,42,10000.0,706,validation,0.3102,2.9136,0.3102,2.9136,2118,0.2003464698791504,0.2003464698791504,0.5217413902282715,0.7220878601074219,513.8622431755066,0.5217413902282715,0.7220878601074219,513.8622431755066
nc_papers100m_195trainer_0hop_balanced_local_bs4096_800r,20260914_212747_ogbn-papers100M_FedAvg_bs4096_seed42_beta10000p0,ogbn-papers100M,FedAvg,4096,42,10000.0,707,validation,0.3103,2.9129,0.3103,2.9129,2121,0.20000314712524414,0.20000314712524414,0.511310338973999,0.7113134860992432,514.5735566616058,0.511310338973999,0.7113134860992432,514.5735566616058
nc_papers100m_195trainer_0hop_balanced_local_bs4096_800r,20260914_212747_ogbn-papers100M_FedAvg_bs4096_seed42_beta10000p0,ogbn-papers100M,FedAvg,4096,42,10000.0,708,validation,0.3103,2.9122,0.3103,2.9122,2124,0.20202875137329102,0.20202875137329102,0.5211517810821533,0.7231805324554443,515.2967371940613,0.5211517810821533,0.7231805324554443,515.2967371940613
nc_papers100m_195trainer_0hop_balanced_local_bs4096_800r,20260914_212747_ogbn-papers100M_FedAvg_bs4096_seed42_beta10000p0,ogbn-papers100M,FedAvg,4096,42,10000.0,709,validation,0.3105,2.9116,0.3105,2.9116,2127,0.20070505142211914,0.20070505142211914,0.5315244197845459,0.732229471206665,516.028966665268,0.5315244197845459,0.732229471206665,516.028966665268
nc_papers100m_195trainer_0hop_balanced_local_bs4096_800r,20260914_212747_ogbn-papers100M_FedAvg_bs4096_seed42_beta10000p0,ogbn-papers100M,FedAvg,4096,42,10000.0,710,validation,0.3107,2.9109,0.3107,2.9109,2130,0.19852161407470703,0.19852161407470703,0.5149295330047607,0.7134511470794678,516.7424178123474,0.5149295330047607,0.7134511470794678,516.7424178123474
nc_papers100m_195trainer_0hop_balanced_local_bs4096_800r,20260914_212747_ogbn-papers100M_FedAvg_bs4096_seed42_beta10000p0,ogbn-papers100M,FedAvg,4096,42,10000.0,711,validation,0.3108,2.9102,0.3108,2.9102,2133,0.19880986213684082,0.19880986213684082,0.5303575992584229,0.7291674613952637,517.4715852737427,0.5303575992584229,0.7291674613952637,517.4715852737427
nc_papers100m_195trainer_0hop_balanced_local_bs4096_800r,20260914_212747_ogbn-papers100M_FedAvg_bs4096_seed42_beta10000p0,ogbn-papers100M,FedAvg,4096,42,10000.0,712,validation,0.3108,2.9096,0.3108,2.9096,2136,0.20525074005126953,0.20525074005126953,0.5243017673492432,0.7295525074005127,518.2011377811432,0.5243017673492432,0.7295525074005127,518.2011377811432
nc_papers100m_195trainer_0hop_balanced_local_bs4096_800r,20260914_212747_ogbn-papers100M_FedAvg_bs4096_seed42_beta10000p0,ogbn-papers100M,FedAvg,4096,42,10000.0,713,validation,0.311,2.9088,0.311,2.9088,2139,0.20065021514892578,0.20065021514892578,0.5175857543945312,0.718235969543457,518.9193737506866,0.5175857543945312,0.718235969543457,518.9193737506866
nc_papers100m_195trainer_0hop_balanced_local_bs4096_800r,20260914_212747_ogbn-papers100M_FedAvg_bs4096_seed42_beta10000p0,ogbn-papers100M,FedAvg,4096,42,10000.0,714,validation,0.3111,2.9082,0.3111,2.9082,2142,0.20192718505859375,0.20192718505859375,0.5160064697265625,0.7179336547851562,519.6373074054718,0.5160064697265625,0.7179336547851562,519.6373074054718
nc_papers100m_195trainer_0hop_balanced_local_bs4096_800r,20260914_212747_ogbn-papers100M_FedAvg_bs4096_seed42_beta10000p0,ogbn-papers100M,FedAvg,4096,42,10000.0,715,validation,0.3112,2.9076,0.3112,2.9076,2145,0.19942688941955566,0.19942688941955566,0.557037353515625,0.7564642429351807,520.393771648407,0.557037353515625,0.7564642429351807,520.393771648407
nc_papers100m_195trainer_0hop_balanced_local_bs4096_800r,20260914_212747_ogbn-papers100M_FedAvg_bs4096_seed42_beta10000p0,ogbn-papers100M,FedAvg,4096,42,10000.0,716,validation,0.3112,2.907,0.3112,2.907,2148,0.20297813415527344,0.20297813415527344,0.527937650680542,0.7309157848358154,521.1246874332428,0.527937650680542,0.7309157848358154,521.1246874332428
nc_papers100m_195trainer_0hop_balanced_local_bs4096_800r,20260914_212747_ogbn-papers100M_FedAvg_bs4096_seed42_beta10000p0,ogbn-papers100M,FedAvg,4096,42,10000.0,717,validation,0.3114,2.9063,0.3114,2.9063,2151,0.20012497901916504,0.20012497901916504,0.5246660709381104,0.7247910499572754,521.8494784832001,0.5246660709381104,0.7247910499572754,521.8494784832001
nc_papers100m_195trainer_0hop_balanced_local_bs4096_800r,20260914_212747_ogbn-papers100M_FedAvg_bs4096_seed42_beta10000p0,ogbn-papers100M,FedAvg,4096,42,10000.0,718,validation,0.3113,2.9056,0.3113,2.9056,2154,0.20180702209472656,0.20180702209472656,0.5250182151794434,0.7268252372741699,522.5763037204742,0.5250182151794434,0.7268252372741699,522.5763037204742
nc_papers100m_195trainer_0hop_balanced_local_bs4096_800r,20260914_212747_ogbn-papers100M_FedAvg_bs4096_seed42_beta10000p0,ogbn-papers100M,FedAvg,4096,42,10000.0,719,validation,0.3116,2.905,0.3116,2.905,2157,0.2042992115020752,0.2042992115020752,0.5219061374664307,0.7262053489685059,523.3025090694427,0.5219061374664307,0.7262053489685059,523.3025090694427
nc_papers100m_195trainer_0hop_balanced_local_bs4096_800r,20260914_212747_ogbn-papers100M_FedAvg_bs4096_seed42_beta10000p0,ogbn-papers100M,FedAvg,4096,42,10000.0,720,validation,0.3118,2.9043,0.3118,2.9043,2160,0.1999373435974121,0.1999373435974121,0.5189797878265381,0.7189171314239502,524.0214262008667,0.5189797878265381,0.7189171314239502,524.0214262008667
nc_papers100m_195trainer_0hop_balanced_local_bs4096_800r,20260914_212747_ogbn-papers100M_FedAvg_bs4096_seed42_beta10000p0,ogbn-papers100M,FedAvg,4096,42,10000.0,721,validation,0.3119,2.9037,0.3119,2.9037,2163,0.2039506435394287,0.2039506435394287,0.5174944400787354,0.7214450836181641,524.7428712844849,0.5174944400787354,0.7214450836181641,524.7428712844849
nc_papers100m_195trainer_0hop_balanced_local_bs4096_800r,20260914_212747_ogbn-papers100M_FedAvg_bs4096_seed42_beta10000p0,ogbn-papers100M,FedAvg,4096,42,10000.0,722,validation,0.312,2.903,0.312,2.903,2166,0.19957542419433594,0.19957542419433594,0.5311098098754883,0.7306852340698242,525.4735565185547,0.5311098098754883,0.7306852340698242,525.4735565185547
nc_papers100m_195trainer_0hop_balanced_local_bs4096_800r,20260914_212747_ogbn-papers100M_FedAvg_bs4096_seed42_beta10000p0,ogbn-papers100M,FedAvg,4096,42,10000.0,723,validation,0.3121,2.9024,0.3121,2.9024,2169,0.20003867149353027,0.20003867149353027,0.5207817554473877,0.720820426940918,526.1943769454956,0.5207817554473877,0.720820426940918,526.1943769454956
nc_papers100m_195trainer_0hop_balanced_local_bs4096_800r,20260914_212747_ogbn-papers100M_FedAvg_bs4096_seed42_beta10000p0,ogbn-papers100M,FedAvg,4096,42,10000.0,724,validation,0.3122,2.9017,0.3122,2.9017,2172,0.2036755084991455,0.2036755084991455,0.5183157920837402,0.7219913005828857,526.9163682460785,0.5183157920837402,0.7219913005828857,526.9163682460785
nc_papers100m_195trainer_0hop_balanced_local_bs4096_800r,20260914_212747_ogbn-papers100M_FedAvg_bs4096_seed42_beta10000p0,ogbn-papers100M,FedAvg,4096,42,10000.0,725,validation,0.3124,2.901,0.3124,2.901,2175,0.20793795585632324,0.20793795585632324,0.521052360534668,0.7289903163909912,527.6453585624695,0.521052360534668,0.7289903163909912,527.6453585624695
nc_papers100m_195trainer_0hop_balanced_local_bs4096_800r,20260914_212747_ogbn-papers100M_FedAvg_bs4096_seed42_beta10000p0,ogbn-papers100M,FedAvg,4096,42,10000.0,726,validation,0.3125,2.9003,0.3125,2.9003,2178,0.19971799850463867,0.19971799850463867,0.5292694568634033,0.728987455368042,528.3743460178375,0.5292694568634033,0.728987455368042,528.3743460178375
nc_papers100m_195trainer_0hop_balanced_local_bs4096_800r,20260914_212747_ogbn-papers100M_FedAvg_bs4096_seed42_beta10000p0,ogbn-papers100M,FedAvg,4096,42,10000.0,727,validation,0.3126,2.8996,0.3126,2.8996,2181,0.20035934448242188,0.20035934448242188,0.537045955657959,0.7374053001403809,529.1117513179779,0.537045955657959,0.7374053001403809,529.1117513179779
nc_papers100m_195trainer_0hop_balanced_local_bs4096_800r,20260914_212747_ogbn-papers100M_FedAvg_bs4096_seed42_beta10000p0,ogbn-papers100M,FedAvg,4096,42,10000.0,728,validation,0.3127,2.899,0.3127,2.899,2184,0.20053720474243164,0.20053720474243164,0.5402843952178955,0.7408215999603271,529.8525729179382,0.5402843952178955,0.7408215999603271,529.8525729179382
nc_papers100m_195trainer_0hop_balanced_local_bs4096_800r,20260914_212747_ogbn-papers100M_FedAvg_bs4096_seed42_beta10000p0,ogbn-papers100M,FedAvg,4096,42,10000.0,729,validation,0.3128,2.8983,0.3128,2.8983,2187,0.2071666717529297,0.2071666717529297,0.5250670909881592,0.7322337627410889,530.5848066806793,0.5250670909881592,0.7322337627410889,530.5848066806793
nc_papers100m_195trainer_0hop_balanced_local_bs4096_800r,20260914_212747_ogbn-papers100M_FedAvg_bs4096_seed42_beta10000p0,ogbn-papers100M,FedAvg,4096,42,10000.0,730,validation,0.3129,2.8977,0.3129,2.8977,2190,0.20359134674072266,0.20359134674072266,0.5287940502166748,0.7323853969573975,531.3171920776367,0.5287940502166748,0.7323853969573975,531.3171920776367
nc_papers100m_195trainer_0hop_balanced_local_bs4096_800r,20260914_212747_ogbn-papers100M_FedAvg_bs4096_seed42_beta10000p0,ogbn-papers100M,FedAvg,4096,42,10000.0,731,validation,0.3131,2.8971,0.3131,2.8971,2193,0.19988512992858887,0.19988512992858887,0.5241892337799072,0.7240743637084961,532.0412664413452,0.5241892337799072,0.7240743637084961,532.0412664413452
nc_papers100m_195trainer_0hop_balanced_local_bs4096_800r,20260914_212747_ogbn-papers100M_FedAvg_bs4096_seed42_beta10000p0,ogbn-papers100M,FedAvg,4096,42,10000.0,732,validation,0.3133,2.8965,0.3133,2.8965,2196,0.19702911376953125,0.19702911376953125,0.5243289470672607,0.721358060836792,532.762624502182,0.5243289470672607,0.721358060836792,532.762624502182
nc_papers100m_195trainer_0hop_balanced_local_bs4096_800r,20260914_212747_ogbn-papers100M_FedAvg_bs4096_seed42_beta10000p0,ogbn-papers100M,FedAvg,4096,42,10000.0,733,validation,0.3134,2.8958,0.3134,2.8958,2199,0.20227789878845215,0.20227789878845215,0.5206217765808105,0.7228996753692627,533.4855241775513,0.5206217765808105,0.7228996753692627,533.4855241775513
nc_papers100m_195trainer_0hop_balanced_local_bs4096_800r,20260914_212747_ogbn-papers100M_FedAvg_bs4096_seed42_beta10000p0,ogbn-papers100M,FedAvg,4096,42,10000.0,734,validation,0.3134,2.8952,0.3134,2.8952,2202,0.19927215576171875,0.19927215576171875,0.5260915756225586,0.7253637313842773,534.2108879089355,0.5260915756225586,0.7253637313842773,534.2108879089355
nc_papers100m_195trainer_0hop_balanced_local_bs4096_800r,20260914_212747_ogbn-papers100M_FedAvg_bs4096_seed42_beta10000p0,ogbn-papers100M,FedAvg,4096,42,10000.0,735,validation,0.3136,2.8945,0.3136,2.8945,2205,0.19856572151184082,0.19856572151184082,0.5245623588562012,0.723128080368042,534.9340159893036,0.5245623588562012,0.723128080368042,534.9340159893036
nc_papers100m_195trainer_0hop_balanced_local_bs4096_800r,20260914_212747_ogbn-papers100M_FedAvg_bs4096_seed42_beta10000p0,ogbn-papers100M,FedAvg,4096,42,10000.0,736,validation,0.3136,2.8939,0.3136,2.8939,2208,0.19869661331176758,0.19869661331176758,0.5226962566375732,0.7213928699493408,535.6554088592529,0.5226962566375732,0.7213928699493408,535.6554088592529
nc_papers100m_195trainer_0hop_balanced_local_bs4096_800r,20260914_212747_ogbn-papers100M_FedAvg_bs4096_seed42_beta10000p0,ogbn-papers100M,FedAvg,4096,42,10000.0,737,validation,0.3137,2.8933,0.3137,2.8933,2211,0.20271658897399902,0.20271658897399902,0.5259816646575928,0.7286982536315918,536.3841071128845,0.5259816646575928,0.7286982536315918,536.3841071128845
nc_papers100m_195trainer_0hop_balanced_local_bs4096_800r,20260914_212747_ogbn-papers100M_FedAvg_bs4096_seed42_beta10000p0,ogbn-papers100M,FedAvg,4096,42,10000.0,738,validation,0.314,2.8926,0.314,2.8926,2214,0.1975538730621338,0.1975538730621338,0.5254364013671875,0.7229902744293213,537.1070973873138,0.5254364013671875,0.7229902744293213,537.1070973873138
nc_papers100m_195trainer_0hop_balanced_local_bs4096_800r,20260914_212747_ogbn-papers100M_FedAvg_bs4096_seed42_beta10000p0,ogbn-papers100M,FedAvg,4096,42,10000.0,739,validation,0.314,2.892,0.314,2.892,2217,0.19642257690429688,0.19642257690429688,0.5326533317565918,0.7290759086608887,537.8361732959747,0.5326533317565918,0.7290759086608887,537.8361732959747
nc_papers100m_195trainer_0hop_balanced_local_bs4096_800r,20260914_212747_ogbn-papers100M_FedAvg_bs4096_seed42_beta10000p0,ogbn-papers100M,FedAvg,4096,42,10000.0,740,validation,0.3141,2.8913,0.3141,2.8913,2220,0.19640898704528809,0.19640898704528809,0.5222458839416504,0.7186548709869385,538.5548281669617,0.5222458839416504,0.7186548709869385,538.5548281669617
nc_papers100m_195trainer_0hop_balanced_local_bs4096_800r,20260914_212747_ogbn-papers100M_FedAvg_bs4096_seed42_beta10000p0,ogbn-papers100M,FedAvg,4096,42,10000.0,741,validation,0.3143,2.8907,0.3143,2.8907,2223,0.19608497619628906,0.19608497619628906,0.5564420223236084,0.7525269985198975,539.3073551654816,0.5564420223236084,0.7525269985198975,539.3073551654816
nc_papers100m_195trainer_0hop_balanced_local_bs4096_800r,20260914_212747_ogbn-papers100M_FedAvg_bs4096_seed42_beta10000p0,ogbn-papers100M,FedAvg,4096,42,10000.0,742,validation,0.3143,2.8901,0.3143,2.8901,2226,0.20191597938537598,0.20191597938537598,0.5175249576568604,0.7194409370422363,540.0267961025238,0.5175249576568604,0.7194409370422363,540.0267961025238
nc_papers100m_195trainer_0hop_balanced_local_bs4096_800r,20260914_212747_ogbn-papers100M_FedAvg_bs4096_seed42_beta10000p0,ogbn-papers100M,FedAvg,4096,42,10000.0,743,validation,0.3145,2.8894,0.3145,2.8894,2229,0.19699406623840332,0.19699406623840332,0.5185537338256836,0.7155478000640869,540.7423439025879,0.5185537338256836,0.7155478000640869,540.7423439025879
nc_papers100m_195trainer_0hop_balanced_local_bs4096_800r,20260914_212747_ogbn-papers100M_FedAvg_bs4096_seed42_beta10000p0,ogbn-papers100M,FedAvg,4096,42,10000.0,744,validation,0.3147,2.8888,0.3147,2.8888,2232,0.19634366035461426,0.19634366035461426,0.5316939353942871,0.7280375957489014,541.4703814983368,0.5316939353942871,0.7280375957489014,541.4703814983368
nc_papers100m_195trainer_0hop_balanced_local_bs4096_800r,20260914_212747_ogbn-papers100M_FedAvg_bs4096_seed42_beta10000p0,ogbn-papers100M,FedAvg,4096,42,10000.0,745,validation,0.3147,2.8882,0.3147,2.8882,2235,0.19849634170532227,0.19849634170532227,0.525714635848999,0.7242109775543213,542.1945924758911,0.525714635848999,0.7242109775543213,542.1945924758911
nc_papers100m_195trainer_0hop_balanced_local_bs4096_800r,20260914_212747_ogbn-papers100M_FedAvg_bs4096_seed42_beta10000p0,ogbn-papers100M,FedAvg,4096,42,10000.0,746,validation,0.3149,2.8876,0.3149,2.8876,2238,0.19921445846557617,0.19921445846557617,0.5299925804138184,0.7292070388793945,542.9237995147705,0.5299925804138184,0.7292070388793945,542.9237995147705
nc_papers100m_195trainer_0hop_balanced_local_bs4096_800r,20260914_212747_ogbn-papers100M_FedAvg_bs4096_seed42_beta10000p0,ogbn-papers100M,FedAvg,4096,42,10000.0,747,validation,0.315,2.887,0.315,2.887,2241,0.19706034660339355,0.19706034660339355,0.5366251468658447,0.7336854934692383,543.6574850082397,0.5366251468658447,0.7336854934692383,543.6574850082397
nc_papers100m_195trainer_0hop_balanced_local_bs4096_800r,20260914_212747_ogbn-papers100M_FedAvg_bs4096_seed42_beta10000p0,ogbn-papers100M,FedAvg,4096,42,10000.0,748,validation,0.315,2.8862,0.315,2.8862,2244,0.19681024551391602,0.19681024551391602,0.5231063365936279,0.719916582107544,544.3774015903473,0.5231063365936279,0.719916582107544,544.3774015903473
nc_papers100m_195trainer_0hop_balanced_local_bs4096_800r,20260914_212747_ogbn-papers100M_FedAvg_bs4096_seed42_beta10000p0,ogbn-papers100M,FedAvg,4096,42,10000.0,749,validation,0.3153,2.8856,0.3153,2.8856,2247,0.19800233840942383,0.19800233840942383,0.5178337097167969,0.7158360481262207,545.0932376384735,0.5178337097167969,0.7158360481262207,545.0932376384735
nc_papers100m_195trainer_0hop_balanced_local_bs4096_800r,20260914_212747_ogbn-papers100M_FedAvg_bs4096_seed42_beta10000p0,ogbn-papers100M,FedAvg,4096,42,10000.0,750,validation,0.3154,2.8851,0.3154,2.8851,2250,0.200300931930542,0.200300931930542,0.5266525745391846,0.7269535064697266,545.8201911449432,0.5266525745391846,0.7269535064697266,545.8201911449432
nc_papers100m_195trainer_0hop_balanced_local_bs4096_800r,20260914_212747_ogbn-papers100M_FedAvg_bs4096_seed42_beta10000p0,ogbn-papers100M,FedAvg,4096,42,10000.0,751,validation,0.3155,2.8844,0.3155,2.8844,2253,0.19684433937072754,0.19684433937072754,0.532745361328125,0.7295897006988525,546.5497808456421,0.532745361328125,0.7295897006988525,546.5497808456421
nc_papers100m_195trainer_0hop_balanced_local_bs4096_800r,20260914_212747_ogbn-papers100M_FedAvg_bs4096_seed42_beta10000p0,ogbn-papers100M,FedAvg,4096,42,10000.0,752,validation,0.3155,2.8838,0.3155,2.8838,2256,0.19715189933776855,0.19715189933776855,0.5282049179077148,0.7253568172454834,547.2751376628876,0.5282049179077148,0.7253568172454834,547.2751376628876
nc_papers100m_195trainer_0hop_balanced_local_bs4096_800r,20260914_212747_ogbn-papers100M_FedAvg_bs4096_seed42_beta10000p0,ogbn-papers100M,FedAvg,4096,42,10000.0,753,validation,0.3157,2.8833,0.3157,2.8833,2259,0.1964724063873291,0.1964724063873291,0.5216045379638672,0.7180769443511963,547.9932146072388,0.5216045379638672,0.7180769443511963,547.9932146072388
nc_papers100m_195trainer_0hop_balanced_local_bs4096_800r,20260914_212747_ogbn-papers100M_FedAvg_bs4096_seed42_beta10000p0,ogbn-papers100M,FedAvg,4096,42,10000.0,754,validation,0.3157,2.8827,0.3157,2.8827,2262,0.20061731338500977,0.20061731338500977,0.5370786190032959,0.7376959323883057,548.7309105396271,0.5370786190032959,0.7376959323883057,548.7309105396271
nc_papers100m_195trainer_0hop_balanced_local_bs4096_800r,20260914_212747_ogbn-papers100M_FedAvg_bs4096_seed42_beta10000p0,ogbn-papers100M,FedAvg,4096,42,10000.0,755,validation,0.3159,2.882,0.3159,2.882,2265,0.1964435577392578,0.1964435577392578,0.5269718170166016,0.7234153747558594,549.4543259143829,0.5269718170166016,0.7234153747558594,549.4543259143829
nc_papers100m_195trainer_0hop_balanced_local_bs4096_800r,20260914_212747_ogbn-papers100M_FedAvg_bs4096_seed42_beta10000p0,ogbn-papers100M,FedAvg,4096,42,10000.0,756,validation,0.316,2.8814,0.316,2.8814,2268,0.19764351844787598,0.19764351844787598,0.5267333984375,0.724376916885376,550.1787028312683,0.5267333984375,0.724376916885376,550.1787028312683
nc_papers100m_195trainer_0hop_balanced_local_bs4096_800r,20260914_212747_ogbn-papers100M_FedAvg_bs4096_seed42_beta10000p0,ogbn-papers100M,FedAvg,4096,42,10000.0,757,validation,0.3161,2.8808,0.3161,2.8808,2271,0.19661450386047363,0.19661450386047363,0.5103981494903564,0.7070126533508301,550.8857154846191,0.5103981494903564,0.7070126533508301,550.8857154846191
nc_papers100m_195trainer_0hop_balanced_local_bs4096_800r,20260914_212747_ogbn-papers100M_FedAvg_bs4096_seed42_beta10000p0,ogbn-papers100M,FedAvg,4096,42,10000.0,758,validation,0.3161,2.8802,0.3161,2.8802,2274,0.20206427574157715,0.20206427574157715,0.5245084762573242,0.7265727519989014,551.612288236618,0.5245084762573242,0.7265727519989014,551.612288236618
nc_papers100m_195trainer_0hop_balanced_local_bs4096_800r,20260914_212747_ogbn-papers100M_FedAvg_bs4096_seed42_beta10000p0,ogbn-papers100M,FedAvg,4096,42,10000.0,759,validation,0.3162,2.8796,0.3162,2.8796,2277,0.19584107398986816,0.19584107398986816,0.5243520736694336,0.7201931476593018,552.3324813842773,0.5243520736694336,0.7201931476593018,552.3324813842773
nc_papers100m_195trainer_0hop_balanced_local_bs4096_800r,20260914_212747_ogbn-papers100M_FedAvg_bs4096_seed42_beta10000p0,ogbn-papers100M,FedAvg,4096,42,10000.0,760,validation,0.3163,2.879,0.3163,2.879,2280,0.19631338119506836,0.19631338119506836,0.5150957107543945,0.7114090919494629,553.0438904762268,0.5150957107543945,0.7114090919494629,553.0438904762268
nc_papers100m_195trainer_0hop_balanced_local_bs4096_800r,20260914_212747_ogbn-papers100M_FedAvg_bs4096_seed42_beta10000p0,ogbn-papers100M,FedAvg,4096,42,10000.0,761,validation,0.3163,2.8784,0.3163,2.8784,2283,0.19669580459594727,0.19669580459594727,0.5277988910675049,0.7244946956634521,553.7683851718903,0.5277988910675049,0.7244946956634521,553.7683851718903
nc_papers100m_195trainer_0hop_balanced_local_bs4096_800r,20260914_212747_ogbn-papers100M_FedAvg_bs4096_seed42_beta10000p0,ogbn-papers100M,FedAvg,4096,42,10000.0,762,validation,0.3165,2.8778,0.3165,2.8778,2286,0.20023751258850098,0.20023751258850098,0.5266251564025879,0.7268626689910889,554.4952478408813,0.5266251564025879,0.7268626689910889,554.4952478408813
nc_papers100m_195trainer_0hop_balanced_local_bs4096_800r,20260914_212747_ogbn-papers100M_FedAvg_bs4096_seed42_beta10000p0,ogbn-papers100M,FedAvg,4096,42,10000.0,763,validation,0.3165,2.8772,0.3165,2.8772,2289,0.19675636291503906,0.19675636291503906,0.5276539325714111,0.7244102954864502,555.2196581363678,0.5276539325714111,0.7244102954864502,555.2196581363678
nc_papers100m_195trainer_0hop_balanced_local_bs4096_800r,20260914_212747_ogbn-papers100M_FedAvg_bs4096_seed42_beta10000p0,ogbn-papers100M,FedAvg,4096,42,10000.0,764,validation,0.3167,2.8766,0.3167,2.8766,2292,0.19870877265930176,0.19870877265930176,0.5193932056427002,0.718101978302002,555.9377601146698,0.5193932056427002,0.718101978302002,555.9377601146698
nc_papers100m_195trainer_0hop_balanced_local_bs4096_800r,20260914_212747_ogbn-papers100M_FedAvg_bs4096_seed42_beta10000p0,ogbn-papers100M,FedAvg,4096,42,10000.0,765,validation,0.3167,2.8759,0.3167,2.8759,2295,0.1971147060394287,0.1971147060394287,0.5188226699829102,0.7159373760223389,556.6536974906921,0.5188226699829102,0.7159373760223389,556.6536974906921
nc_papers100m_195trainer_0hop_balanced_local_bs4096_800r,20260914_212747_ogbn-papers100M_FedAvg_bs4096_seed42_beta10000p0,ogbn-papers100M,FedAvg,4096,42,10000.0,766,validation,0.3167,2.8754,0.3167,2.8754,2298,0.20245003700256348,0.20245003700256348,0.5175433158874512,0.7199933528900146,557.3736908435822,0.5175433158874512,0.7199933528900146,557.3736908435822
nc_papers100m_195trainer_0hop_balanced_local_bs4096_800r,20260914_212747_ogbn-papers100M_FedAvg_bs4096_seed42_beta10000p0,ogbn-papers100M,FedAvg,4096,42,10000.0,767,validation,0.3168,2.8747,0.3168,2.8747,2301,0.19628500938415527,0.19628500938415527,0.5480563640594482,0.7443413734436035,558.1180322170258,0.5480563640594482,0.7443413734436035,558.1180322170258
nc_papers100m_195trainer_0hop_balanced_local_bs4096_800r,20260914_212747_ogbn-papers100M_FedAvg_bs4096_seed42_beta10000p0,ogbn-papers100M,FedAvg,4096,42,10000.0,768,validation,0.3169,2.8741,0.3169,2.8741,2304,0.1974480152130127,0.1974480152130127,0.522892951965332,0.7203409671783447,558.8383731842041,0.522892951965332,0.7203409671783447,558.8383731842041
nc_papers100m_195trainer_0hop_balanced_local_bs4096_800r,20260914_212747_ogbn-papers100M_FedAvg_bs4096_seed42_beta10000p0,ogbn-papers100M,FedAvg,4096,42,10000.0,769,validation,0.3169,2.8734,0.3169,2.8734,2307,0.19879722595214844,0.19879722595214844,0.521047830581665,0.7198450565338135,559.5582182407379,0.521047830581665,0.7198450565338135,559.5582182407379
nc_papers100m_195trainer_0hop_balanced_local_bs4096_800r,20260914_212747_ogbn-papers100M_FedAvg_bs4096_seed42_beta10000p0,ogbn-papers100M,FedAvg,4096,42,10000.0,770,validation,0.3172,2.8729,0.3172,2.8729,2310,0.19856500625610352,0.19856500625610352,0.5222094058990479,0.7207744121551514,560.2789926528931,0.5222094058990479,0.7207744121551514,560.2789926528931
nc_papers100m_195trainer_0hop_balanced_local_bs4096_800r,20260914_212747_ogbn-papers100M_FedAvg_bs4096_seed42_beta10000p0,ogbn-papers100M,FedAvg,4096,42,10000.0,771,validation,0.3172,2.8723,0.3172,2.8723,2313,0.20393896102905273,0.20393896102905273,0.5228636264801025,0.7268025875091553,561.0057952404022,0.5228636264801025,0.7268025875091553,561.0057952404022
nc_papers100m_195trainer_0hop_balanced_local_bs4096_800r,20260914_212747_ogbn-papers100M_FedAvg_bs4096_seed42_beta10000p0,ogbn-papers100M,FedAvg,4096,42,10000.0,772,validation,0.3174,2.8717,0.3174,2.8717,2316,0.1967911720275879,0.1967911720275879,0.5189831256866455,0.7157742977142334,561.7215695381165,0.5189831256866455,0.7157742977142334,561.7215695381165
nc_papers100m_195trainer_0hop_balanced_local_bs4096_800r,20260914_212747_ogbn-papers100M_FedAvg_bs4096_seed42_beta10000p0,ogbn-papers100M,FedAvg,4096,42,10000.0,773,validation,0.3175,2.871,0.3175,2.871,2319,0.19782114028930664,0.19782114028930664,0.5154831409454346,0.7133042812347412,562.4348738193512,0.5154831409454346,0.7133042812347412,562.4348738193512
nc_papers100m_195trainer_0hop_balanced_local_bs4096_800r,20260914_212747_ogbn-papers100M_FedAvg_bs4096_seed42_beta10000p0,ogbn-papers100M,FedAvg,4096,42,10000.0,774,validation,0.3175,2.8704,0.3175,2.8704,2322,0.19830012321472168,0.19830012321472168,0.521111249923706,0.7194113731384277,563.1542851924896,0.521111249923706,0.7194113731384277,563.1542851924896
nc_papers100m_195trainer_0hop_balanced_local_bs4096_800r,20260914_212747_ogbn-papers100M_FedAvg_bs4096_seed42_beta10000p0,ogbn-papers100M,FedAvg,4096,42,10000.0,775,validation,0.3176,2.8699,0.3176,2.8699,2325,0.19763445854187012,0.19763445854187012,0.5262367725372314,0.7238712310791016,563.8781564235687,0.5262367725372314,0.7238712310791016,563.8781564235687
nc_papers100m_195trainer_0hop_balanced_local_bs4096_800r,20260914_212747_ogbn-papers100M_FedAvg_bs4096_seed42_beta10000p0,ogbn-papers100M,FedAvg,4096,42,10000.0,776,validation,0.3177,2.8693,0.3177,2.8693,2328,0.1970984935760498,0.1970984935760498,0.5171537399291992,0.714252233505249,564.592408657074,0.5171537399291992,0.714252233505249,564.592408657074
nc_papers100m_195trainer_0hop_balanced_local_bs4096_800r,20260914_212747_ogbn-papers100M_FedAvg_bs4096_seed42_beta10000p0,ogbn-papers100M,FedAvg,4096,42,10000.0,777,validation,0.3178,2.8687,0.3178,2.8687,2331,0.19675445556640625,0.19675445556640625,0.7052063941955566,0.9019608497619629,565.4943695068359,0.7052063941955566,0.9019608497619629,565.4943695068359
nc_papers100m_195trainer_0hop_balanced_local_bs4096_800r,20260914_212747_ogbn-papers100M_FedAvg_bs4096_seed42_beta10000p0,ogbn-papers100M,FedAvg,4096,42,10000.0,778,validation,0.3178,2.8681,0.3178,2.8681,2334,0.197906494140625,0.197906494140625,0.5094006061553955,0.7073071002960205,566.201676607132,0.5094006061553955,0.7073071002960205,566.201676607132
nc_papers100m_195trainer_0hop_balanced_local_bs4096_800r,20260914_212747_ogbn-papers100M_FedAvg_bs4096_seed42_beta10000p0,ogbn-papers100M,FedAvg,4096,42,10000.0,779,validation,0.318,2.8675,0.318,2.8675,2337,0.20461726188659668,0.20461726188659668,0.524735689163208,0.7293529510498047,566.9310295581818,0.524735689163208,0.7293529510498047,566.9310295581818
nc_papers100m_195trainer_0hop_balanced_local_bs4096_800r,20260914_212747_ogbn-papers100M_FedAvg_bs4096_seed42_beta10000p0,ogbn-papers100M,FedAvg,4096,42,10000.0,780,validation,0.3181,2.8669,0.3181,2.8669,2340,0.199021577835083,0.199021577835083,0.541722297668457,0.74074387550354,567.6717734336853,0.541722297668457,0.74074387550354,567.6717734336853
nc_papers100m_195trainer_0hop_balanced_local_bs4096_800r,20260914_212747_ogbn-papers100M_FedAvg_bs4096_seed42_beta10000p0,ogbn-papers100M,FedAvg,4096,42,10000.0,781,validation,0.3182,2.8663,0.3182,2.8663,2343,0.19714999198913574,0.19714999198913574,0.5269474983215332,0.724097490310669,568.395870923996,0.5269474983215332,0.724097490310669,568.395870923996
nc_papers100m_195trainer_0hop_balanced_local_bs4096_800r,20260914_212747_ogbn-papers100M_FedAvg_bs4096_seed42_beta10000p0,ogbn-papers100M,FedAvg,4096,42,10000.0,782,validation,0.3183,2.8657,0.3183,2.8657,2346,0.19747543334960938,0.19747543334960938,0.513221263885498,0.7106966972351074,569.1065676212311,0.513221263885498,0.7106966972351074,569.1065676212311
nc_papers100m_195trainer_0hop_balanced_local_bs4096_800r,20260914_212747_ogbn-papers100M_FedAvg_bs4096_seed42_beta10000p0,ogbn-papers100M,FedAvg,4096,42,10000.0,783,validation,0.3184,2.8651,0.3184,2.8651,2349,0.19807910919189453,0.19807910919189453,0.5188941955566406,0.7169733047485352,569.8235409259796,0.5188941955566406,0.7169733047485352,569.8235409259796
nc_papers100m_195trainer_0hop_balanced_local_bs4096_800r,20260914_212747_ogbn-papers100M_FedAvg_bs4096_seed42_beta10000p0,ogbn-papers100M,FedAvg,4096,42,10000.0,784,validation,0.3186,2.8645,0.3186,2.8645,2352,0.1996135711669922,0.1996135711669922,0.5312025547027588,0.730816125869751,570.5543570518494,0.5312025547027588,0.730816125869751,570.5543570518494
nc_papers100m_195trainer_0hop_balanced_local_bs4096_800r,20260914_212747_ogbn-papers100M_FedAvg_bs4096_seed42_beta10000p0,ogbn-papers100M,FedAvg,4096,42,10000.0,785,validation,0.3187,2.864,0.3187,2.864,2355,0.20161199569702148,0.20161199569702148,0.5329387187957764,0.7345507144927979,571.2889077663422,0.5329387187957764,0.7345507144927979,571.2889077663422
nc_papers100m_195trainer_0hop_balanced_local_bs4096_800r,20260914_212747_ogbn-papers100M_FedAvg_bs4096_seed42_beta10000p0,ogbn-papers100M,FedAvg,4096,42,10000.0,786,validation,0.3187,2.8634,0.3187,2.8634,2358,0.19818949699401855,0.19818949699401855,0.5211827754974365,0.7193722724914551,572.0082800388336,0.5211827754974365,0.7193722724914551,572.0082800388336
nc_papers100m_195trainer_0hop_balanced_local_bs4096_800r,20260914_212747_ogbn-papers100M_FedAvg_bs4096_seed42_beta10000p0,ogbn-papers100M,FedAvg,4096,42,10000.0,787,validation,0.3188,2.8628,0.3188,2.8628,2361,0.19852161407470703,0.19852161407470703,0.534672737121582,0.7331943511962891,572.7414743900299,0.534672737121582,0.7331943511962891,572.7414743900299
nc_papers100m_195trainer_0hop_balanced_local_bs4096_800r,20260914_212747_ogbn-papers100M_FedAvg_bs4096_seed42_beta10000p0,ogbn-papers100M,FedAvg,4096,42,10000.0,788,validation,0.3189,2.8622,0.3189,2.8622,2364,0.2005481719970703,0.2005481719970703,0.5248124599456787,0.725360631942749,573.4668350219727,0.5248124599456787,0.725360631942749,573.4668350219727
nc_papers100m_195trainer_0hop_balanced_local_bs4096_800r,20260914_212747_ogbn-papers100M_FedAvg_bs4096_seed42_beta10000p0,ogbn-papers100M,FedAvg,4096,42,10000.0,789,validation,0.3189,2.8616,0.3189,2.8616,2367,0.19909262657165527,0.19909262657165527,0.5195715427398682,0.7186641693115234,574.1854991912842,0.5195715427398682,0.7186641693115234,574.1854991912842
nc_papers100m_195trainer_0hop_balanced_local_bs4096_800r,20260914_212747_ogbn-papers100M_FedAvg_bs4096_seed42_beta10000p0,ogbn-papers100M,FedAvg,4096,42,10000.0,790,validation,0.319,2.8611,0.319,2.8611,2370,0.20188212394714355,0.20188212394714355,0.523705244064331,0.7255873680114746,574.9110865592957,0.523705244064331,0.7255873680114746,574.9110865592957
nc_papers100m_195trainer_0hop_balanced_local_bs4096_800r,20260914_212747_ogbn-papers100M_FedAvg_bs4096_seed42_beta10000p0,ogbn-papers100M,FedAvg,4096,42,10000.0,791,validation,0.3191,2.8605,0.3191,2.8605,2373,0.19896221160888672,0.19896221160888672,0.5258274078369141,0.7247896194458008,575.6358761787415,0.5258274078369141,0.7247896194458008,575.6358761787415
nc_papers100m_195trainer_0hop_balanced_local_bs4096_800r,20260914_212747_ogbn-papers100M_FedAvg_bs4096_seed42_beta10000p0,ogbn-papers100M,FedAvg,4096,42,10000.0,792,validation,0.3193,2.86,0.3193,2.86,2376,0.20279741287231445,0.20279741287231445,0.547924280166626,0.7507216930389404,576.3865978717804,0.547924280166626,0.7507216930389404,576.3865978717804
nc_papers100m_195trainer_0hop_balanced_local_bs4096_800r,20260914_212747_ogbn-papers100M_FedAvg_bs4096_seed42_beta10000p0,ogbn-papers100M,FedAvg,4096,42,10000.0,793,validation,0.3195,2.8594,0.3195,2.8594,2379,0.19802618026733398,0.19802618026733398,0.528735876083374,0.726762056350708,577.1133599281311,0.528735876083374,0.726762056350708,577.1133599281311
nc_papers100m_195trainer_0hop_balanced_local_bs4096_800r,20260914_212747_ogbn-papers100M_FedAvg_bs4096_seed42_beta10000p0,ogbn-papers100M,FedAvg,4096,42,10000.0,794,validation,0.3195,2.8588,0.3195,2.8588,2382,0.2003324031829834,0.2003324031829834,0.5258429050445557,0.7261753082275391,577.8395352363586,0.5258429050445557,0.7261753082275391,577.8395352363586
nc_papers100m_195trainer_0hop_balanced_local_bs4096_800r,20260914_212747_ogbn-papers100M_FedAvg_bs4096_seed42_beta10000p0,ogbn-papers100M,FedAvg,4096,42,10000.0,795,validation,0.3197,2.8582,0.3197,2.8582,2385,0.20132708549499512,0.20132708549499512,0.5158512592315674,0.7171783447265625,578.5567135810852,0.5158512592315674,0.7171783447265625,578.5567135810852
nc_papers100m_195trainer_0hop_balanced_local_bs4096_800r,20260914_212747_ogbn-papers100M_FedAvg_bs4096_seed42_beta10000p0,ogbn-papers100M,FedAvg,4096,42,10000.0,796,validation,0.3197,2.8576,0.3197,2.8576,2388,0.20476007461547852,0.20476007461547852,0.5787105560302734,0.783470630645752,579.340184211731,0.5787105560302734,0.783470630645752,579.340184211731
nc_papers100m_195trainer_0hop_balanced_local_bs4096_800r,20260914_212747_ogbn-papers100M_FedAvg_bs4096_seed42_beta10000p0,ogbn-papers100M,FedAvg,4096,42,10000.0,797,validation,0.3199,2.8569,0.3199,2.8569,2391,0.19816207885742188,0.19816207885742188,0.534106969833374,0.7322690486907959,580.0724532604218,0.534106969833374,0.7322690486907959,580.0724532604218
nc_papers100m_195trainer_0hop_balanced_local_bs4096_800r,20260914_212747_ogbn-papers100M_FedAvg_bs4096_seed42_beta10000p0,ogbn-papers100M,FedAvg,4096,42,10000.0,798,validation,0.32,2.8563,0.32,2.8563,2394,0.19691801071166992,0.19691801071166992,0.5322463512420654,0.7291643619537354,580.8016176223755,0.5322463512420654,0.7291643619537354,580.8016176223755
nc_papers100m_195trainer_0hop_balanced_local_bs4096_800r,20260914_212747_ogbn-papers100M_FedAvg_bs4096_seed42_beta10000p0,ogbn-papers100M,FedAvg,4096,42,10000.0,799,validation,0.3201,2.8558,0.3201,2.8558,2397,0.1986386775970459,0.1986386775970459,0.5127556324005127,0.7113943099975586,581.513011932373,0.5127556324005127,0.7113943099975586,581.513011932373
nc_papers100m_195trainer_0hop_balanced_local_bs4096_800r,20260914_212747_ogbn-papers100M_FedAvg_bs4096_seed42_beta10000p0,ogbn-papers100M,FedAvg,4096,42,10000.0,800,validation,0.3202,2.8553,0.3202,2.8553,2400,0.1983482837677002,0.1983482837677002,0.5228252410888672,0.7211735248565674,582.2341854572296,0.5228252410888672,0.7211735248565674,582.2341854572296
