2026/09/14 20:49:15.580, 0, GPU-0bdcb407-7b87-b47c-6abb-da4f71d4ac1a, Tesla T4, 0, 0, 0, 15360, 9.64, 27
2026/09/14 20:49:16.596, 0, GPU-0bdcb407-7b87-b47c-6abb-da4f71d4ac1a, Tesla T4, 0, 0, 0, 15360, 10.14, 26
2026/09/14 20:49:17.609, 0, GPU-0bdcb407-7b87-b47c-6abb-da4f71d4ac1a, Tesla T4, 0, 0, 0, 15360, 9.84, 26
2026/09/14 20:49:18.621, 0, GPU-0bdcb407-7b87-b47c-6abb-da4f71d4ac1a, Tesla T4, 0, 0, 0, 15360, 9.84, 26
2026/09/14 20:49:19.634, 0, GPU-0bdcb407-7b87-b47c-6abb-da4f71d4ac1a, Tesla T4, 0, 0, 0, 15360, 9.84, 27
2026/09/14 20:49:20.646, 0, GPU-0bdcb407-7b87-b47c-6abb-da4f71d4ac1a, Tesla T4, 0, 0, 0, 15360, 9.64, 26
2026/09/14 20:49:21.658, 0, GPU-0bdcb407-7b87-b47c-6abb-da4f71d4ac1a, Tesla T4, 0, 0, 0, 15360, 10.33, 26
2026/09/14 20:49:22.670, 0, GPU-0bdcb407-7b87-b47c-6abb-da4f71d4ac1a, Tesla T4, 0, 0, 0, 15360, 9.34, 26
2026/09/14 20:49:23.682, 0, GPU-0bdcb407-7b87-b47c-6abb-da4f71d4ac1a, Tesla T4, 0, 0, 0, 15360, 9.34, 26
2026/09/14 20:49:24.695, 0, GPU-0bdcb407-7b87-b47c-6abb-da4f71d4ac1a, Tesla T4, 0, 0, 0, 15360, 9.54, 26
2026/09/14 20:49:25.707, 0, GPU-0bdcb407-7b87-b47c-6abb-da4f71d4ac1a, Tesla T4, 0, 0, 0, 15360, 9.54, 26
2026/09/14 20:49:26.719, 0, GPU-0bdcb407-7b87-b47c-6abb-da4f71d4ac1a, Tesla T4, 0, 0, 0, 15360, 9.64, 26
2026/09/14 20:49:27.731, 0, GPU-0bdcb407-7b87-b47c-6abb-da4f71d4ac1a, Tesla T4, 0, 0, 0, 15360, 9.44, 26
2026/09/14 20:49:28.744, 0, GPU-0bdcb407-7b87-b47c-6abb-da4f71d4ac1a, Tesla T4, 0, 0, 0, 15360, 9.54, 26
2026/09/14 20:49:29.757, 0, GPU-0bdcb407-7b87-b47c-6abb-da4f71d4ac1a, Tesla T4, 0, 0, 0, 15360, 9.54, 26
2026/09/14 20:49:30.769, 0, GPU-0bdcb407-7b87-b47c-6abb-da4f71d4ac1a, Tesla T4, 0, 0, 0, 15360, 10.62, 26
2026/09/14 20:49:31.784, 0, GPU-0bdcb407-7b87-b47c-6abb-da4f71d4ac1a, Tesla T4, 0, 0, 0, 15360, 9.34, 26
2026/09/14 20:49:32.796, 0, GPU-0bdcb407-7b87-b47c-6abb-da4f71d4ac1a, Tesla T4, 0, 0, 0, 15360, 9.34, 26
2026/09/14 20:49:33.809, 0, GPU-0bdcb407-7b87-b47c-6abb-da4f71d4ac1a, Tesla T4, 0, 0, 3, 15360, 11.52, 26
2026/09/14 20:49:34.822, 0, GPU-0bdcb407-7b87-b47c-6abb-da4f71d4ac1a, Tesla T4, 0, 0, 4, 15360, 11.71, 26
2026/09/14 20:49:35.834, 0, GPU-0bdcb407-7b87-b47c-6abb-da4f71d4ac1a, Tesla T4, 0, 0, 4, 15360, 9.34, 26
2026/09/14 20:49:36.851, 0, GPU-0bdcb407-7b87-b47c-6abb-da4f71d4ac1a, Tesla T4, 0, 0, 4, 15360, 9.34, 26
2026/09/14 20:49:37.863, 0, GPU-0bdcb407-7b87-b47c-6abb-da4f71d4ac1a, Tesla T4, 0, 0, 4, 15360, 9.54, 26
2026/09/14 20:49:38.877, 0, GPU-0bdcb407-7b87-b47c-6abb-da4f71d4ac1a, Tesla T4, 0, 0, 4, 15360, 9.34, 26
2026/09/14 20:49:39.890, 0, GPU-0bdcb407-7b87-b47c-6abb-da4f71d4ac1a, Tesla T4, 0, 0, 4, 15360, 9.64, 26
2026/09/14 20:49:40.902, 0, GPU-0bdcb407-7b87-b47c-6abb-da4f71d4ac1a, Tesla T4, 41, 1, 864, 15360, 27.05, 27
2026/09/14 20:49:41.920, 0, GPU-0bdcb407-7b87-b47c-6abb-da4f71d4ac1a, Tesla T4, 33, 1, 2578, 15360, 36.93, 28
2026/09/14 20:49:42.979, 0, GPU-0bdcb407-7b87-b47c-6abb-da4f71d4ac1a, Tesla T4, 63, 1, 3798, 15360, 37.23, 29
2026/09/14 20:49:44.122, 0, GPU-0bdcb407-7b87-b47c-6abb-da4f71d4ac1a, Tesla T4, 100, 3, 8152, 15360, 34.87, 29
2026/09/14 20:49:45.128, 0, GPU-0bdcb407-7b87-b47c-6abb-da4f71d4ac1a, Tesla T4, 1, 0, 8248, 15360, 33.04, 29
2026/09/14 20:49:46.134, 0, GPU-0bdcb407-7b87-b47c-6abb-da4f71d4ac1a, Tesla T4, 1, 0, 8344, 15360, 26.08, 29
2026/09/14 20:49:47.141, 0, GPU-0bdcb407-7b87-b47c-6abb-da4f71d4ac1a, Tesla T4, 14, 1, 8408, 15360, 26.08, 29
2026/09/14 20:49:48.149, 0, GPU-0bdcb407-7b87-b47c-6abb-da4f71d4ac1a, Tesla T4, 45, 4, 9272, 15360, 47.11, 30
2026/09/14 20:49:49.155, 0, GPU-0bdcb407-7b87-b47c-6abb-da4f71d4ac1a, Tesla T4, 58, 11, 9288, 15360, 32.84, 30
2026/09/14 20:49:50.161, 0, GPU-0bdcb407-7b87-b47c-6abb-da4f71d4ac1a, Tesla T4, 0, 0, 9728, 15360, 32.84, 30
2026/09/14 20:49:51.166, 0, GPU-0bdcb407-7b87-b47c-6abb-da4f71d4ac1a, Tesla T4, 19, 3, 9728, 15360, 49.43, 30
2026/09/14 20:49:52.172, 0, GPU-0bdcb407-7b87-b47c-6abb-da4f71d4ac1a, Tesla T4, 11, 2, 9768, 15360, 32.72, 30
2026/09/14 20:49:53.180, 0, GPU-0bdcb407-7b87-b47c-6abb-da4f71d4ac1a, Tesla T4, 2, 0, 9728, 15360, 55.24, 31
2026/09/14 20:49:54.186, 0, GPU-0bdcb407-7b87-b47c-6abb-da4f71d4ac1a, Tesla T4, 37, 9, 9728, 15360, 32.82, 30
2026/09/14 20:49:55.192, 0, GPU-0bdcb407-7b87-b47c-6abb-da4f71d4ac1a, Tesla T4, 1, 0, 9728, 15360, 32.72, 31
2026/09/14 20:49:56.198, 0, GPU-0bdcb407-7b87-b47c-6abb-da4f71d4ac1a, Tesla T4, 49, 10, 9728, 15360, 32.92, 31
2026/09/14 20:49:57.204, 0, GPU-0bdcb407-7b87-b47c-6abb-da4f71d4ac1a, Tesla T4, 0, 0, 9728, 15360, 33.12, 31
2026/09/14 20:49:58.209, 0, GPU-0bdcb407-7b87-b47c-6abb-da4f71d4ac1a, Tesla T4, 22, 3, 9768, 15360, 40.05, 31
2026/09/14 20:49:59.215, 0, GPU-0bdcb407-7b87-b47c-6abb-da4f71d4ac1a, Tesla T4, 2, 1, 10168, 15360, 32.82, 31
2026/09/14 20:50:00.220, 0, GPU-0bdcb407-7b87-b47c-6abb-da4f71d4ac1a, Tesla T4, 2, 0, 9728, 15360, 56.00, 32
2026/09/14 20:50:01.227, 0, GPU-0bdcb407-7b87-b47c-6abb-da4f71d4ac1a, Tesla T4, 27, 6, 9728, 15360, 32.62, 31
2026/09/14 20:50:02.233, 0, GPU-0bdcb407-7b87-b47c-6abb-da4f71d4ac1a, Tesla T4, 1, 0, 9728, 15360, 32.62, 32
2026/09/14 20:50:03.238, 0, GPU-0bdcb407-7b87-b47c-6abb-da4f71d4ac1a, Tesla T4, 69, 15, 9728, 15360, 32.62, 32
2026/09/14 20:50:04.244, 0, GPU-0bdcb407-7b87-b47c-6abb-da4f71d4ac1a, Tesla T4, 0, 0, 9728, 15360, 32.72, 32
2026/09/14 20:50:05.249, 0, GPU-0bdcb407-7b87-b47c-6abb-da4f71d4ac1a, Tesla T4, 43, 8, 10168, 15360, 32.92, 32
2026/09/14 20:50:06.256, 0, GPU-0bdcb407-7b87-b47c-6abb-da4f71d4ac1a, Tesla T4, 1, 0, 10168, 15360, 32.82, 32
2026/09/14 20:50:07.261, 0, GPU-0bdcb407-7b87-b47c-6abb-da4f71d4ac1a, Tesla T4, 65, 14, 9728, 15360, 57.33, 32
2026/09/14 20:50:08.266, 0, GPU-0bdcb407-7b87-b47c-6abb-da4f71d4ac1a, Tesla T4, 1, 0, 9732, 15360, 32.82, 32
2026/09/14 20:50:09.274, 0, GPU-0bdcb407-7b87-b47c-6abb-da4f71d4ac1a, Tesla T4, 30, 6, 10122, 15360, 45.74, 33
2026/09/14 20:50:10.291, 0, GPU-0bdcb407-7b87-b47c-6abb-da4f71d4ac1a, Tesla T4, 0, 0, 9728, 15360, 33.71, 32
2026/09/14 20:50:11.297, 0, GPU-0bdcb407-7b87-b47c-6abb-da4f71d4ac1a, Tesla T4, 3, 0, 9728, 15360, 47.17, 33
2026/09/14 20:50:12.304, 0, GPU-0bdcb407-7b87-b47c-6abb-da4f71d4ac1a, Tesla T4, 21, 5, 10168, 15360, 32.82, 33
2026/09/14 20:50:13.309, 0, GPU-0bdcb407-7b87-b47c-6abb-da4f71d4ac1a, Tesla T4, 2, 0, 10168, 15360, 32.82, 33
2026/09/14 20:50:14.315, 0, GPU-0bdcb407-7b87-b47c-6abb-da4f71d4ac1a, Tesla T4, 54, 12, 10144, 15360, 32.82, 33
2026/09/14 20:50:15.321, 0, GPU-0bdcb407-7b87-b47c-6abb-da4f71d4ac1a, Tesla T4, 1, 0, 10150, 15360, 32.92, 33
2026/09/14 20:50:16.326, 0, GPU-0bdcb407-7b87-b47c-6abb-da4f71d4ac1a, Tesla T4, 45, 9, 10168, 15360, 56.12, 34
2026/09/14 20:50:17.332, 0, GPU-0bdcb407-7b87-b47c-6abb-da4f71d4ac1a, Tesla T4, 0, 0, 10168, 15360, 32.92, 33
2026/09/14 20:50:18.339, 0, GPU-0bdcb407-7b87-b47c-6abb-da4f71d4ac1a, Tesla T4, 37, 7, 10134, 15360, 55.15, 34
2026/09/14 20:50:19.346, 0, GPU-0bdcb407-7b87-b47c-6abb-da4f71d4ac1a, Tesla T4, 0, 0, 10168, 15360, 32.92, 33
2026/09/14 20:50:20.353, 0, GPU-0bdcb407-7b87-b47c-6abb-da4f71d4ac1a, Tesla T4, 30, 5, 10168, 15360, 55.02, 34
2026/09/14 20:50:21.359, 0, GPU-0bdcb407-7b87-b47c-6abb-da4f71d4ac1a, Tesla T4, 0, 0, 10168, 15360, 32.82, 33
2026/09/14 20:50:22.365, 0, GPU-0bdcb407-7b87-b47c-6abb-da4f71d4ac1a, Tesla T4, 18, 3, 10100, 15360, 37.11, 34
2026/09/14 20:50:23.371, 0, GPU-0bdcb407-7b87-b47c-6abb-da4f71d4ac1a, Tesla T4, 47, 11, 10168, 15360, 32.94, 33
2026/09/14 20:50:24.378, 0, GPU-0bdcb407-7b87-b47c-6abb-da4f71d4ac1a, Tesla T4, 1, 0, 10172, 15360, 33.14, 33
2026/09/14 20:50:25.384, 0, GPU-0bdcb407-7b87-b47c-6abb-da4f71d4ac1a, Tesla T4, 57, 13, 10158, 15360, 32.94, 34
2026/09/14 20:50:26.389, 0, GPU-0bdcb407-7b87-b47c-6abb-da4f71d4ac1a, Tesla T4, 1, 0, 10168, 15360, 33.14, 33
2026/09/14 20:50:27.395, 0, GPU-0bdcb407-7b87-b47c-6abb-da4f71d4ac1a, Tesla T4, 72, 15, 10172, 15360, 33.41, 34
2026/09/14 20:50:28.400, 0, GPU-0bdcb407-7b87-b47c-6abb-da4f71d4ac1a, Tesla T4, 1, 0, 10208, 15360, 33.23, 34
2026/09/14 20:50:29.406, 0, GPU-0bdcb407-7b87-b47c-6abb-da4f71d4ac1a, Tesla T4, 57, 12, 10148, 15360, 58.18, 34
2026/09/14 20:50:30.412, 0, GPU-0bdcb407-7b87-b47c-6abb-da4f71d4ac1a, Tesla T4, 1, 0, 10158, 15360, 32.74, 34
2026/09/14 20:50:31.418, 0, GPU-0bdcb407-7b87-b47c-6abb-da4f71d4ac1a, Tesla T4, 2, 0, 10116, 15360, 46.62, 34
2026/09/14 20:50:32.424, 0, GPU-0bdcb407-7b87-b47c-6abb-da4f71d4ac1a, Tesla T4, 18, 4, 10608, 15360, 33.04, 34
2026/09/14 20:50:33.430, 0, GPU-0bdcb407-7b87-b47c-6abb-da4f71d4ac1a, Tesla T4, 2, 0, 10152, 15360, 33.02, 34
2026/09/14 20:50:34.436, 0, GPU-0bdcb407-7b87-b47c-6abb-da4f71d4ac1a, Tesla T4, 34, 8, 10178, 15360, 33.04, 34
2026/09/14 20:50:35.441, 0, GPU-0bdcb407-7b87-b47c-6abb-da4f71d4ac1a, Tesla T4, 2, 0, 10208, 15360, 33.12, 34
2026/09/14 20:50:36.447, 0, GPU-0bdcb407-7b87-b47c-6abb-da4f71d4ac1a, Tesla T4, 65, 15, 10606, 15360, 33.22, 34
2026/09/14 20:50:37.452, 0, GPU-0bdcb407-7b87-b47c-6abb-da4f71d4ac1a, Tesla T4, 0, 0, 10568, 15360, 33.14, 34
2026/09/14 20:50:38.460, 0, GPU-0bdcb407-7b87-b47c-6abb-da4f71d4ac1a, Tesla T4, 32, 5, 10568, 15360, 56.26, 35
2026/09/14 20:50:39.466, 0, GPU-0bdcb407-7b87-b47c-6abb-da4f71d4ac1a, Tesla T4, 0, 0, 10608, 15360, 33.12, 34
2026/09/14 20:50:40.473, 0, GPU-0bdcb407-7b87-b47c-6abb-da4f71d4ac1a, Tesla T4, 12, 2, 9260, 15360, 40.42, 35
2026/09/14 20:50:41.479, 0, GPU-0bdcb407-7b87-b47c-6abb-da4f71d4ac1a, Tesla T4, 13, 3, 9728, 15360, 33.12, 34
2026/09/14 20:50:42.484, 0, GPU-0bdcb407-7b87-b47c-6abb-da4f71d4ac1a, Tesla T4, 2, 0, 9728, 15360, 33.22, 34
2026/09/14 20:50:43.490, 0, GPU-0bdcb407-7b87-b47c-6abb-da4f71d4ac1a, Tesla T4, 56, 13, 9768, 15360, 33.12, 34
2026/09/14 20:50:44.496, 0, GPU-0bdcb407-7b87-b47c-6abb-da4f71d4ac1a, Tesla T4, 0, 0, 10088, 15360, 33.22, 34
2026/09/14 20:50:45.501, 0, GPU-0bdcb407-7b87-b47c-6abb-da4f71d4ac1a, Tesla T4, 39, 7, 9728, 15360, 55.54, 35
2026/09/14 20:50:46.509, 0, GPU-0bdcb407-7b87-b47c-6abb-da4f71d4ac1a, Tesla T4, 0, 0, 9728, 15360, 33.04, 34
2026/09/14 20:50:47.514, 0, GPU-0bdcb407-7b87-b47c-6abb-da4f71d4ac1a, Tesla T4, 10, 1, 10168, 15360, 44.13, 35
2026/09/14 20:50:48.521, 0, GPU-0bdcb407-7b87-b47c-6abb-da4f71d4ac1a, Tesla T4, 11, 3, 9728, 15360, 33.33, 34
2026/09/14 20:50:49.527, 0, GPU-0bdcb407-7b87-b47c-6abb-da4f71d4ac1a, Tesla T4, 2, 0, 9714, 15360, 44.91, 35
2026/09/14 20:50:50.534, 0, GPU-0bdcb407-7b87-b47c-6abb-da4f71d4ac1a, Tesla T4, 29, 7, 9728, 15360, 33.22, 35
2026/09/14 20:50:51.540, 0, GPU-0bdcb407-7b87-b47c-6abb-da4f71d4ac1a, Tesla T4, 1, 0, 10168, 15360, 33.51, 35
2026/09/14 20:50:52.546, 0, GPU-0bdcb407-7b87-b47c-6abb-da4f71d4ac1a, Tesla T4, 71, 15, 9728, 15360, 33.31, 35
2026/09/14 20:50:53.551, 0, GPU-0bdcb407-7b87-b47c-6abb-da4f71d4ac1a, Tesla T4, 1, 0, 9728, 15360, 33.51, 35
2026/09/14 20:50:54.558, 0, GPU-0bdcb407-7b87-b47c-6abb-da4f71d4ac1a, Tesla T4, 73, 15, 10168, 15360, 34.20, 35
2026/09/14 20:50:55.564, 0, GPU-0bdcb407-7b87-b47c-6abb-da4f71d4ac1a, Tesla T4, 0, 0, 10128, 15360, 33.31, 35
2026/09/14 20:50:56.570, 0, GPU-0bdcb407-7b87-b47c-6abb-da4f71d4ac1a, Tesla T4, 43, 8, 10128, 15360, 33.61, 35
2026/09/14 20:50:57.575, 0, GPU-0bdcb407-7b87-b47c-6abb-da4f71d4ac1a, Tesla T4, 0, 0, 10148, 15360, 33.51, 35
2026/09/14 20:50:58.581, 0, GPU-0bdcb407-7b87-b47c-6abb-da4f71d4ac1a, Tesla T4, 2, 0, 10158, 15360, 54.26, 35
2026/09/14 20:50:59.591, 0, GPU-0bdcb407-7b87-b47c-6abb-da4f71d4ac1a, Tesla T4, 35, 8, 10088, 15360, 33.22, 35
2026/09/14 20:51:00.598, 0, GPU-0bdcb407-7b87-b47c-6abb-da4f71d4ac1a, Tesla T4, 0, 0, 10128, 15360, 33.31, 35
2026/09/14 20:51:01.604, 0, GPU-0bdcb407-7b87-b47c-6abb-da4f71d4ac1a, Tesla T4, 46, 8, 10168, 15360, 33.51, 35
2026/09/14 20:51:02.610, 0, GPU-0bdcb407-7b87-b47c-6abb-da4f71d4ac1a, Tesla T4, 0, 0, 10168, 15360, 33.31, 35
2026/09/14 20:51:03.616, 0, GPU-0bdcb407-7b87-b47c-6abb-da4f71d4ac1a, Tesla T4, 15, 2, 10128, 15360, 42.36, 35
2026/09/14 20:51:04.622, 0, GPU-0bdcb407-7b87-b47c-6abb-da4f71d4ac1a, Tesla T4, 13, 3, 10128, 15360, 33.31, 35
2026/09/14 20:51:05.627, 0, GPU-0bdcb407-7b87-b47c-6abb-da4f71d4ac1a, Tesla T4, 1, 0, 10118, 15360, 45.77, 35
2026/09/14 20:51:06.634, 0, GPU-0bdcb407-7b87-b47c-6abb-da4f71d4ac1a, Tesla T4, 74, 15, 10168, 15360, 33.22, 35
2026/09/14 20:51:07.640, 0, GPU-0bdcb407-7b87-b47c-6abb-da4f71d4ac1a, Tesla T4, 1, 0, 10128, 15360, 33.51, 35
2026/09/14 20:51:08.645, 0, GPU-0bdcb407-7b87-b47c-6abb-da4f71d4ac1a, Tesla T4, 69, 14, 10168, 15360, 33.14, 35
2026/09/14 20:51:09.652, 0, GPU-0bdcb407-7b87-b47c-6abb-da4f71d4ac1a, Tesla T4, 0, 0, 10168, 15360, 33.31, 35
2026/09/14 20:51:10.657, 0, GPU-0bdcb407-7b87-b47c-6abb-da4f71d4ac1a, Tesla T4, 48, 9, 10168, 15360, 33.02, 35
2026/09/14 20:51:11.663, 0, GPU-0bdcb407-7b87-b47c-6abb-da4f71d4ac1a, Tesla T4, 0, 0, 10130, 15360, 33.12, 35
2026/09/14 20:51:12.669, 0, GPU-0bdcb407-7b87-b47c-6abb-da4f71d4ac1a, Tesla T4, 2, 0, 10168, 15360, 50.22, 36
2026/09/14 20:51:13.675, 0, GPU-0bdcb407-7b87-b47c-6abb-da4f71d4ac1a, Tesla T4, 53, 12, 10168, 15360, 33.12, 35
2026/09/14 20:51:14.682, 0, GPU-0bdcb407-7b87-b47c-6abb-da4f71d4ac1a, Tesla T4, 1, 0, 10108, 15360, 44.66, 36
2026/09/14 20:51:15.688, 0, GPU-0bdcb407-7b87-b47c-6abb-da4f71d4ac1a, Tesla T4, 71, 15, 10130, 15360, 33.12, 35
2026/09/14 20:51:16.694, 0, GPU-0bdcb407-7b87-b47c-6abb-da4f71d4ac1a, Tesla T4, 1, 0, 10168, 15360, 33.31, 35
2026/09/14 20:51:17.702, 0, GPU-0bdcb407-7b87-b47c-6abb-da4f71d4ac1a, Tesla T4, 1, 0, 10208, 15360, 33.04, 35
2026/09/14 20:51:18.707, 0, GPU-0bdcb407-7b87-b47c-6abb-da4f71d4ac1a, Tesla T4, 2, 0, 10568, 15360, 33.22, 35
2026/09/14 20:51:19.713, 0, GPU-0bdcb407-7b87-b47c-6abb-da4f71d4ac1a, Tesla T4, 61, 13, 10130, 15360, 47.27, 35
2026/09/14 20:51:20.718, 0, GPU-0bdcb407-7b87-b47c-6abb-da4f71d4ac1a, Tesla T4, 1, 0, 10168, 15360, 33.23, 35
2026/09/14 20:51:21.724, 0, GPU-0bdcb407-7b87-b47c-6abb-da4f71d4ac1a, Tesla T4, 73, 15, 10608, 15360, 56.42, 36
2026/09/14 20:51:22.729, 0, GPU-0bdcb407-7b87-b47c-6abb-da4f71d4ac1a, Tesla T4, 1, 0, 10130, 15360, 33.22, 35
2026/09/14 20:51:23.734, 0, GPU-0bdcb407-7b87-b47c-6abb-da4f71d4ac1a, Tesla T4, 71, 15, 10168, 15360, 54.75, 36
2026/09/14 20:51:24.740, 0, GPU-0bdcb407-7b87-b47c-6abb-da4f71d4ac1a, Tesla T4, 0, 0, 10168, 15360, 33.23, 35
2026/09/14 20:51:25.746, 0, GPU-0bdcb407-7b87-b47c-6abb-da4f71d4ac1a, Tesla T4, 18, 3, 10608, 15360, 33.12, 35
2026/09/14 20:51:26.753, 0, GPU-0bdcb407-7b87-b47c-6abb-da4f71d4ac1a, Tesla T4, 28, 7, 9728, 15360, 33.22, 35
2026/09/14 20:51:27.759, 0, GPU-0bdcb407-7b87-b47c-6abb-da4f71d4ac1a, Tesla T4, 2, 0, 9728, 15360, 33.43, 35
2026/09/14 20:51:28.764, 0, GPU-0bdcb407-7b87-b47c-6abb-da4f71d4ac1a, Tesla T4, 52, 12, 9728, 15360, 35.16, 35
2026/09/14 20:51:29.770, 0, GPU-0bdcb407-7b87-b47c-6abb-da4f71d4ac1a, Tesla T4, 1, 0, 10168, 15360, 33.41, 35
2026/09/14 20:51:30.775, 0, GPU-0bdcb407-7b87-b47c-6abb-da4f71d4ac1a, Tesla T4, 74, 15, 9728, 15360, 57.85, 36
2026/09/14 20:51:31.781, 0, GPU-0bdcb407-7b87-b47c-6abb-da4f71d4ac1a, Tesla T4, 1, 0, 9728, 15360, 33.81, 35
2026/09/14 20:51:32.786, 0, GPU-0bdcb407-7b87-b47c-6abb-da4f71d4ac1a, Tesla T4, 21, 3, 10142, 15360, 53.94, 36
2026/09/14 20:51:33.795, 0, GPU-0bdcb407-7b87-b47c-6abb-da4f71d4ac1a, Tesla T4, 0, 0, 9728, 15360, 33.23, 35
2026/09/14 20:51:34.802, 0, GPU-0bdcb407-7b87-b47c-6abb-da4f71d4ac1a, Tesla T4, 2, 0, 9722, 15360, 46.26, 36
2026/09/14 20:51:35.808, 0, GPU-0bdcb407-7b87-b47c-6abb-da4f71d4ac1a, Tesla T4, 25, 6, 9728, 15360, 33.23, 35
2026/09/14 20:51:36.813, 0, GPU-0bdcb407-7b87-b47c-6abb-da4f71d4ac1a, Tesla T4, 1, 0, 10168, 15360, 33.41, 35
2026/09/14 20:51:37.819, 0, GPU-0bdcb407-7b87-b47c-6abb-da4f71d4ac1a, Tesla T4, 59, 13, 10128, 15360, 33.23, 36
2026/09/14 20:51:38.824, 0, GPU-0bdcb407-7b87-b47c-6abb-da4f71d4ac1a, Tesla T4, 1, 0, 10128, 15360, 33.51, 35
2026/09/14 20:51:39.830, 0, GPU-0bdcb407-7b87-b47c-6abb-da4f71d4ac1a, Tesla T4, 34, 6, 10164, 15360, 56.19, 36
2026/09/14 20:51:40.836, 0, GPU-0bdcb407-7b87-b47c-6abb-da4f71d4ac1a, Tesla T4, 0, 0, 10168, 15360, 33.23, 35
2026/09/14 20:51:41.842, 0, GPU-0bdcb407-7b87-b47c-6abb-da4f71d4ac1a, Tesla T4, 5, 1, 10068, 15360, 44.69, 36
2026/09/14 20:51:42.848, 0, GPU-0bdcb407-7b87-b47c-6abb-da4f71d4ac1a, Tesla T4, 15, 3, 10162, 15360, 33.31, 35
2026/09/14 20:51:43.854, 0, GPU-0bdcb407-7b87-b47c-6abb-da4f71d4ac1a, Tesla T4, 2, 0, 10168, 15360, 33.41, 35
2026/09/14 20:51:44.860, 0, GPU-0bdcb407-7b87-b47c-6abb-da4f71d4ac1a, Tesla T4, 41, 10, 10168, 15360, 33.33, 36
2026/09/14 20:51:45.866, 0, GPU-0bdcb407-7b87-b47c-6abb-da4f71d4ac1a, Tesla T4, 1, 0, 10128, 15360, 33.41, 35
2026/09/14 20:51:46.873, 0, GPU-0bdcb407-7b87-b47c-6abb-da4f71d4ac1a, Tesla T4, 41, 8, 10168, 15360, 56.67, 36
2026/09/14 20:51:47.879, 0, GPU-0bdcb407-7b87-b47c-6abb-da4f71d4ac1a, Tesla T4, 0, 0, 10168, 15360, 33.22, 35
2026/09/14 20:51:48.886, 0, GPU-0bdcb407-7b87-b47c-6abb-da4f71d4ac1a, Tesla T4, 11, 2, 10120, 15360, 49.34, 36
2026/09/14 20:51:49.892, 0, GPU-0bdcb407-7b87-b47c-6abb-da4f71d4ac1a, Tesla T4, 1, 0, 10128, 15360, 33.31, 36
2026/09/14 20:51:50.898, 0, GPU-0bdcb407-7b87-b47c-6abb-da4f71d4ac1a, Tesla T4, 2, 0, 10126, 15360, 42.36, 36
2026/09/14 20:51:51.904, 0, GPU-0bdcb407-7b87-b47c-6abb-da4f71d4ac1a, Tesla T4, 14, 3, 10168, 15360, 33.51, 36
2026/09/14 20:51:52.910, 0, GPU-0bdcb407-7b87-b47c-6abb-da4f71d4ac1a, Tesla T4, 2, 0, 10166, 15360, 33.43, 36
2026/09/14 20:51:53.916, 0, GPU-0bdcb407-7b87-b47c-6abb-da4f71d4ac1a, Tesla T4, 65, 14, 10128, 15360, 33.43, 36
2026/09/14 20:51:54.921, 0, GPU-0bdcb407-7b87-b47c-6abb-da4f71d4ac1a, Tesla T4, 0, 0, 10168, 15360, 33.43, 36
2026/09/14 20:51:55.928, 0, GPU-0bdcb407-7b87-b47c-6abb-da4f71d4ac1a, Tesla T4, 61, 12, 10208, 15360, 40.94, 36
2026/09/14 20:51:56.934, 0, GPU-0bdcb407-7b87-b47c-6abb-da4f71d4ac1a, Tesla T4, 0, 0, 10128, 15360, 33.61, 36
2026/09/14 20:51:57.940, 0, GPU-0bdcb407-7b87-b47c-6abb-da4f71d4ac1a, Tesla T4, 28, 4, 10168, 15360, 56.97, 36
2026/09/14 20:51:58.946, 0, GPU-0bdcb407-7b87-b47c-6abb-da4f71d4ac1a, Tesla T4, 0, 0, 10198, 15360, 33.53, 36
2026/09/14 20:51:59.952, 0, GPU-0bdcb407-7b87-b47c-6abb-da4f71d4ac1a, Tesla T4, 17, 2, 10568, 15360, 45.70, 36
2026/09/14 20:52:00.958, 0, GPU-0bdcb407-7b87-b47c-6abb-da4f71d4ac1a, Tesla T4, 48, 11, 10128, 15360, 33.43, 36
2026/09/14 20:52:01.964, 0, GPU-0bdcb407-7b87-b47c-6abb-da4f71d4ac1a, Tesla T4, 1, 0, 10128, 15360, 33.41, 36
2026/09/14 20:52:02.969, 0, GPU-0bdcb407-7b87-b47c-6abb-da4f71d4ac1a, Tesla T4, 69, 15, 10208, 15360, 33.51, 36
2026/09/14 20:52:03.975, 0, GPU-0bdcb407-7b87-b47c-6abb-da4f71d4ac1a, Tesla T4, 1, 0, 10608, 15360, 33.81, 36
2026/09/14 20:52:04.982, 0, GPU-0bdcb407-7b87-b47c-6abb-da4f71d4ac1a, Tesla T4, 72, 15, 10128, 15360, 34.00, 36
2026/09/14 20:52:05.988, 0, GPU-0bdcb407-7b87-b47c-6abb-da4f71d4ac1a, Tesla T4, 0, 0, 10168, 15360, 33.51, 36
2026/09/14 20:52:06.993, 0, GPU-0bdcb407-7b87-b47c-6abb-da4f71d4ac1a, Tesla T4, 35, 6, 10608, 15360, 57.33, 36
2026/09/14 20:52:07.999, 0, GPU-0bdcb407-7b87-b47c-6abb-da4f71d4ac1a, Tesla T4, 22, 5, 10608, 15360, 33.33, 36
2026/09/14 20:52:09.005, 0, GPU-0bdcb407-7b87-b47c-6abb-da4f71d4ac1a, Tesla T4, 2, 0, 10530, 15360, 33.71, 36
2026/09/14 20:52:10.011, 0, GPU-0bdcb407-7b87-b47c-6abb-da4f71d4ac1a, Tesla T4, 43, 10, 10568, 15360, 33.51, 36
2026/09/14 20:52:11.017, 0, GPU-0bdcb407-7b87-b47c-6abb-da4f71d4ac1a, Tesla T4, 1, 0, 10608, 15360, 33.81, 36
2026/09/14 20:52:12.022, 0, GPU-0bdcb407-7b87-b47c-6abb-da4f71d4ac1a, Tesla T4, 70, 16, 9728, 15360, 33.61, 36
2026/09/14 20:52:13.028, 0, GPU-0bdcb407-7b87-b47c-6abb-da4f71d4ac1a, Tesla T4, 1, 0, 9728, 15360, 34.59, 36
2026/09/14 20:52:14.036, 0, GPU-0bdcb407-7b87-b47c-6abb-da4f71d4ac1a, Tesla T4, 67, 14, 9728, 15360, 33.41, 36
2026/09/14 20:52:15.041, 0, GPU-0bdcb407-7b87-b47c-6abb-da4f71d4ac1a, Tesla T4, 0, 0, 10168, 15360, 33.41, 36
2026/09/14 20:52:16.047, 0, GPU-0bdcb407-7b87-b47c-6abb-da4f71d4ac1a, Tesla T4, 2, 0, 9728, 15360, 57.10, 37
2026/09/14 20:52:17.053, 0, GPU-0bdcb407-7b87-b47c-6abb-da4f71d4ac1a, Tesla T4, 28, 7, 9728, 15360, 33.31, 36
2026/09/14 20:52:18.059, 0, GPU-0bdcb407-7b87-b47c-6abb-da4f71d4ac1a, Tesla T4, 2, 0, 10164, 15360, 57.43, 36
2026/09/14 20:52:19.065, 0, GPU-0bdcb407-7b87-b47c-6abb-da4f71d4ac1a, Tesla T4, 49, 11, 10088, 15360, 33.14, 36
2026/09/14 20:52:20.072, 0, GPU-0bdcb407-7b87-b47c-6abb-da4f71d4ac1a, Tesla T4, 1, 0, 10086, 15360, 45.60, 36
2026/09/14 20:52:21.080, 0, GPU-0bdcb407-7b87-b47c-6abb-da4f71d4ac1a, Tesla T4, 59, 13, 10164, 15360, 33.23, 36
2026/09/14 20:52:22.086, 0, GPU-0bdcb407-7b87-b47c-6abb-da4f71d4ac1a, Tesla T4, 0, 0, 10168, 15360, 33.41, 36
2026/09/14 20:52:23.092, 0, GPU-0bdcb407-7b87-b47c-6abb-da4f71d4ac1a, Tesla T4, 41, 8, 10128, 15360, 33.22, 36
2026/09/14 20:52:24.098, 0, GPU-0bdcb407-7b87-b47c-6abb-da4f71d4ac1a, Tesla T4, 0, 0, 10128, 15360, 33.31, 36
2026/09/14 20:52:25.103, 0, GPU-0bdcb407-7b87-b47c-6abb-da4f71d4ac1a, Tesla T4, 27, 4, 10168, 15360, 33.71, 36
2026/09/14 20:52:26.109, 0, GPU-0bdcb407-7b87-b47c-6abb-da4f71d4ac1a, Tesla T4, 0, 0, 10168, 15360, 33.61, 36
2026/09/14 20:52:27.114, 0, GPU-0bdcb407-7b87-b47c-6abb-da4f71d4ac1a, Tesla T4, 2, 0, 10128, 15360, 57.82, 36
2026/09/14 20:52:28.123, 0, GPU-0bdcb407-7b87-b47c-6abb-da4f71d4ac1a, Tesla T4, 28, 7, 10128, 15360, 33.31, 36
2026/09/14 20:52:29.129, 0, GPU-0bdcb407-7b87-b47c-6abb-da4f71d4ac1a, Tesla T4, 1, 0, 10096, 15360, 37.40, 36
2026/09/14 20:52:30.136, 0, GPU-0bdcb407-7b87-b47c-6abb-da4f71d4ac1a, Tesla T4, 0, 0, 10168, 15360, 33.31, 36
2026/09/14 20:52:31.141, 0, GPU-0bdcb407-7b87-b47c-6abb-da4f71d4ac1a, Tesla T4, 9, 1, 10128, 15360, 35.48, 36
2026/09/14 20:52:32.147, 0, GPU-0bdcb407-7b87-b47c-6abb-da4f71d4ac1a, Tesla T4, 8, 2, 10168, 15360, 33.43, 36
2026/09/14 20:52:33.153, 0, GPU-0bdcb407-7b87-b47c-6abb-da4f71d4ac1a, Tesla T4, 2, 0, 10168, 15360, 33.22, 36
2026/09/14 20:52:34.159, 0, GPU-0bdcb407-7b87-b47c-6abb-da4f71d4ac1a, Tesla T4, 21, 5, 10168, 15360, 33.31, 36
2026/09/14 20:52:35.164, 0, GPU-0bdcb407-7b87-b47c-6abb-da4f71d4ac1a, Tesla T4, 2, 0, 10128, 15360, 33.41, 36
2026/09/14 20:52:36.171, 0, GPU-0bdcb407-7b87-b47c-6abb-da4f71d4ac1a, Tesla T4, 73, 15, 10168, 15360, 56.03, 36
2026/09/14 20:52:37.177, 0, GPU-0bdcb407-7b87-b47c-6abb-da4f71d4ac1a, Tesla T4, 0, 0, 10204, 15360, 33.33, 36
2026/09/14 20:52:38.184, 0, GPU-0bdcb407-7b87-b47c-6abb-da4f71d4ac1a, Tesla T4, 45, 9, 10128, 15360, 42.02, 37
2026/09/14 20:52:39.190, 0, GPU-0bdcb407-7b87-b47c-6abb-da4f71d4ac1a, Tesla T4, 0, 0, 10128, 15360, 33.33, 36
2026/09/14 20:52:40.197, 0, GPU-0bdcb407-7b87-b47c-6abb-da4f71d4ac1a, Tesla T4, 34, 6, 10180, 15360, 46.13, 37
2026/09/14 20:52:41.205, 0, GPU-0bdcb407-7b87-b47c-6abb-da4f71d4ac1a, Tesla T4, 0, 0, 10208, 15360, 33.33, 36
2026/09/14 20:52:42.213, 0, GPU-0bdcb407-7b87-b47c-6abb-da4f71d4ac1a, Tesla T4, 2, 0, 10568, 15360, 33.43, 36
2026/09/14 20:52:43.219, 0, GPU-0bdcb407-7b87-b47c-6abb-da4f71d4ac1a, Tesla T4, 46, 11, 10128, 15360, 33.61, 36
2026/09/14 20:52:44.225, 0, GPU-0bdcb407-7b87-b47c-6abb-da4f71d4ac1a, Tesla T4, 1, 0, 10168, 15360, 33.41, 36
2026/09/14 20:52:45.230, 0, GPU-0bdcb407-7b87-b47c-6abb-da4f71d4ac1a, Tesla T4, 54, 12, 10608, 15360, 34.30, 36
2026/09/14 20:52:46.236, 0, GPU-0bdcb407-7b87-b47c-6abb-da4f71d4ac1a, Tesla T4, 1, 0, 10128, 15360, 33.41, 36
2026/09/14 20:52:47.242, 0, GPU-0bdcb407-7b87-b47c-6abb-da4f71d4ac1a, Tesla T4, 74, 15, 10168, 15360, 57.39, 36
2026/09/14 20:52:48.247, 0, GPU-0bdcb407-7b87-b47c-6abb-da4f71d4ac1a, Tesla T4, 1, 0, 10208, 15360, 33.51, 36
2026/09/14 20:52:49.253, 0, GPU-0bdcb407-7b87-b47c-6abb-da4f71d4ac1a, Tesla T4, 25, 4, 10580, 15360, 44.13, 37
2026/09/14 20:52:50.259, 0, GPU-0bdcb407-7b87-b47c-6abb-da4f71d4ac1a, Tesla T4, 0, 0, 10568, 15360, 33.31, 36
2026/09/14 20:52:51.266, 0, GPU-0bdcb407-7b87-b47c-6abb-da4f71d4ac1a, Tesla T4, 16, 2, 10556, 15360, 53.42, 37
2026/09/14 20:52:52.280, 0, GPU-0bdcb407-7b87-b47c-6abb-da4f71d4ac1a, Tesla T4, 1, 0, 10608, 15360, 33.33, 36
2026/09/14 20:52:53.286, 0, GPU-0bdcb407-7b87-b47c-6abb-da4f71d4ac1a, Tesla T4, 2, 0, 10512, 15360, 41.23, 36
2026/09/14 20:52:54.307, 0, GPU-0bdcb407-7b87-b47c-6abb-da4f71d4ac1a, Tesla T4, 17, 4, 10568, 15360, 33.31, 36
2026/09/14 20:52:55.314, 0, GPU-0bdcb407-7b87-b47c-6abb-da4f71d4ac1a, Tesla T4, 2, 0, 10558, 15360, 46.89, 36
2026/09/14 20:52:56.320, 0, GPU-0bdcb407-7b87-b47c-6abb-da4f71d4ac1a, Tesla T4, 73, 15, 10608, 15360, 33.51, 36
2026/09/14 20:52:57.325, 0, GPU-0bdcb407-7b87-b47c-6abb-da4f71d4ac1a, Tesla T4, 0, 0, 9728, 15360, 33.41, 36
2026/09/14 20:52:58.331, 0, GPU-0bdcb407-7b87-b47c-6abb-da4f71d4ac1a, Tesla T4, 61, 12, 9728, 15360, 36.64, 36
2026/09/14 20:52:59.337, 0, GPU-0bdcb407-7b87-b47c-6abb-da4f71d4ac1a, Tesla T4, 0, 0, 9728, 15360, 33.61, 36
2026/09/14 20:53:00.342, 0, GPU-0bdcb407-7b87-b47c-6abb-da4f71d4ac1a, Tesla T4, 51, 10, 10088, 15360, 55.77, 36
2026/09/14 20:53:01.348, 0, GPU-0bdcb407-7b87-b47c-6abb-da4f71d4ac1a, Tesla T4, 0, 0, 10128, 15360, 33.51, 36
2026/09/14 20:53:02.353, 0, GPU-0bdcb407-7b87-b47c-6abb-da4f71d4ac1a, Tesla T4, 24, 4, 10166, 15360, 57.56, 37
2026/09/14 20:53:03.359, 0, GPU-0bdcb407-7b87-b47c-6abb-da4f71d4ac1a, Tesla T4, 28, 7, 10168, 15360, 33.41, 36
2026/09/14 20:53:04.366, 0, GPU-0bdcb407-7b87-b47c-6abb-da4f71d4ac1a, Tesla T4, 2, 0, 10150, 15360, 33.61, 36
2026/09/14 20:53:05.372, 0, GPU-0bdcb407-7b87-b47c-6abb-da4f71d4ac1a, Tesla T4, 48, 11, 10128, 15360, 33.43, 36
2026/09/14 20:53:06.378, 0, GPU-0bdcb407-7b87-b47c-6abb-da4f71d4ac1a, Tesla T4, 1, 0, 10162, 15360, 33.51, 36
2026/09/14 20:53:07.384, 0, GPU-0bdcb407-7b87-b47c-6abb-da4f71d4ac1a, Tesla T4, 65, 14, 10168, 15360, 33.43, 36
2026/09/14 20:53:08.390, 0, GPU-0bdcb407-7b87-b47c-6abb-da4f71d4ac1a, Tesla T4, 1, 0, 10168, 15360, 33.63, 36
2026/09/14 20:53:09.395, 0, GPU-0bdcb407-7b87-b47c-6abb-da4f71d4ac1a, Tesla T4, 69, 14, 10128, 15360, 34.30, 36
2026/09/14 20:53:10.401, 0, GPU-0bdcb407-7b87-b47c-6abb-da4f71d4ac1a, Tesla T4, 0, 0, 10168, 15360, 33.41, 36
2026/09/14 20:53:11.406, 0, GPU-0bdcb407-7b87-b47c-6abb-da4f71d4ac1a, Tesla T4, 14, 2, 10168, 15360, 52.93, 37
2026/09/14 20:53:12.413, 0, GPU-0bdcb407-7b87-b47c-6abb-da4f71d4ac1a, Tesla T4, 2, 0, 10128, 15360, 33.43, 36
2026/09/14 20:53:13.419, 0, GPU-0bdcb407-7b87-b47c-6abb-da4f71d4ac1a, Tesla T4, 6, 1, 10168, 15360, 48.85, 37
2026/09/14 20:53:14.425, 0, GPU-0bdcb407-7b87-b47c-6abb-da4f71d4ac1a, Tesla T4, 8, 2, 10168, 15360, 33.43, 36
2026/09/14 20:53:15.431, 0, GPU-0bdcb407-7b87-b47c-6abb-da4f71d4ac1a, Tesla T4, 2, 0, 10166, 15360, 45.43, 37
2026/09/14 20:53:16.437, 0, GPU-0bdcb407-7b87-b47c-6abb-da4f71d4ac1a, Tesla T4, 32, 8, 10128, 15360, 33.61, 36
2026/09/14 20:53:17.443, 0, GPU-0bdcb407-7b87-b47c-6abb-da4f71d4ac1a, Tesla T4, 1, 0, 10128, 15360, 33.61, 36
2026/09/14 20:53:18.448, 0, GPU-0bdcb407-7b87-b47c-6abb-da4f71d4ac1a, Tesla T4, 70, 15, 10202, 15360, 34.10, 36
2026/09/14 20:53:19.454, 0, GPU-0bdcb407-7b87-b47c-6abb-da4f71d4ac1a, Tesla T4, 0, 0, 10208, 15360, 33.51, 36
2026/09/14 20:53:20.461, 0, GPU-0bdcb407-7b87-b47c-6abb-da4f71d4ac1a, Tesla T4, 54, 11, 10130, 15360, 34.20, 36
2026/09/14 20:53:21.467, 0, GPU-0bdcb407-7b87-b47c-6abb-da4f71d4ac1a, Tesla T4, 0, 0, 10168, 15360, 33.71, 36
2026/09/14 20:53:22.473, 0, GPU-0bdcb407-7b87-b47c-6abb-da4f71d4ac1a, Tesla T4, 37, 7, 10208, 15360, 33.31, 36
2026/09/14 20:53:23.478, 0, GPU-0bdcb407-7b87-b47c-6abb-da4f71d4ac1a, Tesla T4, 0, 0, 10568, 15360, 33.41, 36
2026/09/14 20:53:24.484, 0, GPU-0bdcb407-7b87-b47c-6abb-da4f71d4ac1a, Tesla T4, 2, 0, 10128, 15360, 57.69, 37
2026/09/14 20:53:25.491, 0, GPU-0bdcb407-7b87-b47c-6abb-da4f71d4ac1a, Tesla T4, 41, 10, 10168, 15360, 33.14, 36
2026/09/14 20:53:26.497, 0, GPU-0bdcb407-7b87-b47c-6abb-da4f71d4ac1a, Tesla T4, 1, 0, 10566, 15360, 49.79, 36
2026/09/14 20:53:27.504, 0, GPU-0bdcb407-7b87-b47c-6abb-da4f71d4ac1a, Tesla T4, 59, 14, 10128, 15360, 33.23, 36
2026/09/14 20:53:28.510, 0, GPU-0bdcb407-7b87-b47c-6abb-da4f71d4ac1a, Tesla T4, 1, 0, 10102, 15360, 43.15, 36
2026/09/14 20:53:29.517, 0, GPU-0bdcb407-7b87-b47c-6abb-da4f71d4ac1a, Tesla T4, 73, 15, 10208, 15360, 33.23, 36
2026/09/14 20:53:30.523, 0, GPU-0bdcb407-7b87-b47c-6abb-da4f71d4ac1a, Tesla T4, 1, 0, 10608, 15360, 33.33, 36
2026/09/14 20:53:31.530, 0, GPU-0bdcb407-7b87-b47c-6abb-da4f71d4ac1a, Tesla T4, 1, 0, 10530, 15360, 43.54, 36
2026/09/14 20:53:32.536, 0, GPU-0bdcb407-7b87-b47c-6abb-da4f71d4ac1a, Tesla T4, 63, 13, 10568, 15360, 33.23, 36
2026/09/14 20:53:33.543, 0, GPU-0bdcb407-7b87-b47c-6abb-da4f71d4ac1a, Tesla T4, 1, 0, 10566, 15360, 42.95, 36
2026/09/14 20:53:34.550, 0, GPU-0bdcb407-7b87-b47c-6abb-da4f71d4ac1a, Tesla T4, 0, 0, 10608, 15360, 33.23, 36
2026/09/14 20:53:35.556, 0, GPU-0bdcb407-7b87-b47c-6abb-da4f71d4ac1a, Tesla T4, 20, 3, 10510, 15360, 35.30, 36
2026/09/14 20:53:36.564, 0, GPU-0bdcb407-7b87-b47c-6abb-da4f71d4ac1a, Tesla T4, 17, 4, 10568, 15360, 33.31, 36
2026/09/14 20:53:37.569, 0, GPU-0bdcb407-7b87-b47c-6abb-da4f71d4ac1a, Tesla T4, 2, 0, 10608, 15360, 33.31, 36
2026/09/14 20:53:38.575, 0, GPU-0bdcb407-7b87-b47c-6abb-da4f71d4ac1a, Tesla T4, 73, 15, 10568, 15360, 56.58, 37
2026/09/14 20:53:39.581, 0, GPU-0bdcb407-7b87-b47c-6abb-da4f71d4ac1a, Tesla T4, 0, 0, 10568, 15360, 33.23, 36
2026/09/14 20:53:40.586, 0, GPU-0bdcb407-7b87-b47c-6abb-da4f71d4ac1a, Tesla T4, 55, 11, 10608, 15360, 52.70, 37
2026/09/14 20:53:41.593, 0, GPU-0bdcb407-7b87-b47c-6abb-da4f71d4ac1a, Tesla T4, 0, 0, 10608, 15360, 33.41, 36
2026/09/14 20:53:42.601, 0, GPU-0bdcb407-7b87-b47c-6abb-da4f71d4ac1a, Tesla T4, 38, 7, 10112, 15360, 45.60, 37
2026/09/14 20:53:43.607, 0, GPU-0bdcb407-7b87-b47c-6abb-da4f71d4ac1a, Tesla T4, 0, 0, 10128, 15360, 33.43, 36
2026/09/14 20:53:44.613, 0, GPU-0bdcb407-7b87-b47c-6abb-da4f71d4ac1a, Tesla T4, 2, 0, 10134, 15360, 33.41, 36
2026/09/14 20:53:45.619, 0, GPU-0bdcb407-7b87-b47c-6abb-da4f71d4ac1a, Tesla T4, 44, 10, 10168, 15360, 33.41, 36
2026/09/14 20:53:46.625, 0, GPU-0bdcb407-7b87-b47c-6abb-da4f71d4ac1a, Tesla T4, 1, 0, 10128, 15360, 33.43, 36
2026/09/14 20:53:47.630, 0, GPU-0bdcb407-7b87-b47c-6abb-da4f71d4ac1a, Tesla T4, 72, 15, 10136, 15360, 43.15, 36
2026/09/14 20:53:48.636, 0, GPU-0bdcb407-7b87-b47c-6abb-da4f71d4ac1a, Tesla T4, 1, 0, 10168, 15360, 33.61, 36
2026/09/14 20:53:49.641, 0, GPU-0bdcb407-7b87-b47c-6abb-da4f71d4ac1a, Tesla T4, 73, 15, 10128, 15360, 58.08, 36
2026/09/14 20:53:50.648, 0, GPU-0bdcb407-7b87-b47c-6abb-da4f71d4ac1a, Tesla T4, 0, 0, 10128, 15360, 33.31, 36
2026/09/14 20:53:51.655, 0, GPU-0bdcb407-7b87-b47c-6abb-da4f71d4ac1a, Tesla T4, 17, 3, 10112, 15360, 46.88, 37
2026/09/14 20:53:52.661, 0, GPU-0bdcb407-7b87-b47c-6abb-da4f71d4ac1a, Tesla T4, 3, 1, 10168, 15360, 33.33, 36
2026/09/14 20:53:53.667, 0, GPU-0bdcb407-7b87-b47c-6abb-da4f71d4ac1a, Tesla T4, 2, 0, 10168, 15360, 33.61, 36
2026/09/14 20:53:54.672, 0, GPU-0bdcb407-7b87-b47c-6abb-da4f71d4ac1a, Tesla T4, 27, 6, 10166, 15360, 33.31, 36
2026/09/14 20:53:55.678, 0, GPU-0bdcb407-7b87-b47c-6abb-da4f71d4ac1a, Tesla T4, 2, 0, 10168, 15360, 33.41, 36
2026/09/14 20:53:56.684, 0, GPU-0bdcb407-7b87-b47c-6abb-da4f71d4ac1a, Tesla T4, 57, 13, 10168, 15360, 34.49, 36
2026/09/14 20:53:57.689, 0, GPU-0bdcb407-7b87-b47c-6abb-da4f71d4ac1a, Tesla T4, 1, 0, 10128, 15360, 34.10, 36
2026/09/14 20:53:58.696, 0, GPU-0bdcb407-7b87-b47c-6abb-da4f71d4ac1a, Tesla T4, 39, 7, 10168, 15360, 60.66, 37
2026/09/14 20:53:59.702, 0, GPU-0bdcb407-7b87-b47c-6abb-da4f71d4ac1a, Tesla T4, 0, 0, 10168, 15360, 33.61, 36
2026/09/14 20:54:00.707, 0, GPU-0bdcb407-7b87-b47c-6abb-da4f71d4ac1a, Tesla T4, 27, 4, 10200, 15360, 58.92, 37
2026/09/14 20:54:01.713, 0, GPU-0bdcb407-7b87-b47c-6abb-da4f71d4ac1a, Tesla T4, 0, 0, 10128, 15360, 33.41, 36
2026/09/14 20:54:02.721, 0, GPU-0bdcb407-7b87-b47c-6abb-da4f71d4ac1a, Tesla T4, 9, 1, 10146, 15360, 53.35, 37
2026/09/14 20:54:03.732, 0, GPU-0bdcb407-7b87-b47c-6abb-da4f71d4ac1a, Tesla T4, 2, 0, 10174, 15360, 33.41, 36
2026/09/14 20:54:04.738, 0, GPU-0bdcb407-7b87-b47c-6abb-da4f71d4ac1a, Tesla T4, 2, 0, 10336, 15360, 35.75, 36
2026/09/14 20:54:05.745, 0, GPU-0bdcb407-7b87-b47c-6abb-da4f71d4ac1a, Tesla T4, 59, 14, 10166, 15360, 33.43, 36
2026/09/14 20:54:06.751, 0, GPU-0bdcb407-7b87-b47c-6abb-da4f71d4ac1a, Tesla T4, 1, 0, 10168, 15360, 33.51, 36
2026/09/14 20:54:07.758, 0, GPU-0bdcb407-7b87-b47c-6abb-da4f71d4ac1a, Tesla T4, 72, 15, 10208, 15360, 33.63, 36
2026/09/14 20:54:08.763, 0, GPU-0bdcb407-7b87-b47c-6abb-da4f71d4ac1a, Tesla T4, 1, 0, 10608, 15360, 33.63, 36
2026/09/14 20:54:09.769, 0, GPU-0bdcb407-7b87-b47c-6abb-da4f71d4ac1a, Tesla T4, 69, 14, 10168, 15360, 33.90, 36
2026/09/14 20:54:10.774, 0, GPU-0bdcb407-7b87-b47c-6abb-da4f71d4ac1a, Tesla T4, 0, 0, 10206, 15360, 33.61, 36
2026/09/14 20:54:11.780, 0, GPU-0bdcb407-7b87-b47c-6abb-da4f71d4ac1a, Tesla T4, 47, 9, 10608, 15360, 46.75, 36
2026/09/14 20:54:12.785, 0, GPU-0bdcb407-7b87-b47c-6abb-da4f71d4ac1a, Tesla T4, 15, 3, 10568, 15360, 33.53, 36
2026/09/14 20:54:13.791, 0, GPU-0bdcb407-7b87-b47c-6abb-da4f71d4ac1a, Tesla T4, 2, 0, 10508, 15360, 45.11, 36
2026/09/14 20:54:14.798, 0, GPU-0bdcb407-7b87-b47c-6abb-da4f71d4ac1a, Tesla T4, 33, 8, 10608, 15360, 33.51, 36
2026/09/14 20:54:15.803, 0, GPU-0bdcb407-7b87-b47c-6abb-da4f71d4ac1a, Tesla T4, 1, 0, 10608, 15360, 33.61, 36
2026/09/14 20:54:16.810, 0, GPU-0bdcb407-7b87-b47c-6abb-da4f71d4ac1a, Tesla T4, 72, 15, 10568, 15360, 33.61, 36
2026/09/14 20:54:17.816, 0, GPU-0bdcb407-7b87-b47c-6abb-da4f71d4ac1a, Tesla T4, 1, 0, 10568, 15360, 33.71, 36
2026/09/14 20:54:18.822, 0, GPU-0bdcb407-7b87-b47c-6abb-da4f71d4ac1a, Tesla T4, 73, 15, 10608, 15360, 33.53, 36
2026/09/14 20:54:19.827, 0, GPU-0bdcb407-7b87-b47c-6abb-da4f71d4ac1a, Tesla T4, 0, 0, 10608, 15360, 33.51, 36
2026/09/14 20:54:20.833, 0, GPU-0bdcb407-7b87-b47c-6abb-da4f71d4ac1a, Tesla T4, 18, 3, 10568, 15360, 55.67, 37
2026/09/14 20:54:21.839, 0, GPU-0bdcb407-7b87-b47c-6abb-da4f71d4ac1a, Tesla T4, 2, 0, 10608, 15360, 33.63, 36
2026/09/14 20:54:22.844, 0, GPU-0bdcb407-7b87-b47c-6abb-da4f71d4ac1a, Tesla T4, 3, 0, 10608, 15360, 51.03, 37
2026/09/14 20:54:23.850, 0, GPU-0bdcb407-7b87-b47c-6abb-da4f71d4ac1a, Tesla T4, 15, 3, 10568, 15360, 33.61, 36
2026/09/14 20:54:24.857, 0, GPU-0bdcb407-7b87-b47c-6abb-da4f71d4ac1a, Tesla T4, 2, 0, 10562, 15360, 47.07, 37
2026/09/14 20:54:25.864, 0, GPU-0bdcb407-7b87-b47c-6abb-da4f71d4ac1a, Tesla T4, 41, 9, 10608, 15360, 33.61, 36
2026/09/14 20:54:26.869, 0, GPU-0bdcb407-7b87-b47c-6abb-da4f71d4ac1a, Tesla T4, 0, 0, 10640, 15360, 33.71, 36
2026/09/14 20:54:27.875, 0, GPU-0bdcb407-7b87-b47c-6abb-da4f71d4ac1a, Tesla T4, 61, 13, 10128, 15360, 34.99, 36
2026/09/14 20:54:28.881, 0, GPU-0bdcb407-7b87-b47c-6abb-da4f71d4ac1a, Tesla T4, 0, 0, 10128, 15360, 33.61, 36
2026/09/14 20:54:29.886, 0, GPU-0bdcb407-7b87-b47c-6abb-da4f71d4ac1a, Tesla T4, 49, 9, 10168, 15360, 40.45, 36
2026/09/14 20:54:30.892, 0, GPU-0bdcb407-7b87-b47c-6abb-da4f71d4ac1a, Tesla T4, 0, 0, 10168, 15360, 33.43, 36
2026/09/14 20:54:31.897, 0, GPU-0bdcb407-7b87-b47c-6abb-da4f71d4ac1a, Tesla T4, 31, 5, 10128, 15360, 34.30, 36
2026/09/14 20:54:32.904, 0, GPU-0bdcb407-7b87-b47c-6abb-da4f71d4ac1a, Tesla T4, 0, 0, 10166, 15360, 33.41, 36
2026/09/14 20:54:33.911, 0, GPU-0bdcb407-7b87-b47c-6abb-da4f71d4ac1a, Tesla T4, 2, 0, 10148, 15360, 55.67, 37
2026/09/14 20:54:34.917, 0, GPU-0bdcb407-7b87-b47c-6abb-da4f71d4ac1a, Tesla T4, 56, 13, 10168, 15360, 33.23, 36
2026/09/14 20:54:35.923, 0, GPU-0bdcb407-7b87-b47c-6abb-da4f71d4ac1a, Tesla T4, 1, 0, 10116, 15360, 47.27, 36
2026/09/14 20:54:36.930, 0, GPU-0bdcb407-7b87-b47c-6abb-da4f71d4ac1a, Tesla T4, 71, 15, 10168, 15360, 33.33, 36
2026/09/14 20:54:37.935, 0, GPU-0bdcb407-7b87-b47c-6abb-da4f71d4ac1a, Tesla T4, 0, 0, 10168, 15360, 33.31, 36
2026/09/14 20:54:38.941, 0, GPU-0bdcb407-7b87-b47c-6abb-da4f71d4ac1a, Tesla T4, 43, 8, 10128, 15360, 33.23, 36
2026/09/14 20:54:39.946, 0, GPU-0bdcb407-7b87-b47c-6abb-da4f71d4ac1a, Tesla T4, 0, 0, 10128, 15360, 33.31, 36
2026/09/14 20:54:40.954, 0, GPU-0bdcb407-7b87-b47c-6abb-da4f71d4ac1a, Tesla T4, 2, 0, 10168, 15360, 55.54, 37
2026/09/14 20:54:41.961, 0, GPU-0bdcb407-7b87-b47c-6abb-da4f71d4ac1a, Tesla T4, 42, 10, 10174, 15360, 33.23, 36
2026/09/14 20:54:42.969, 0, GPU-0bdcb407-7b87-b47c-6abb-da4f71d4ac1a, Tesla T4, 52, 10, 10126, 15360, 53.35, 37
2026/09/14 20:54:43.976, 0, GPU-0bdcb407-7b87-b47c-6abb-da4f71d4ac1a, Tesla T4, 0, 0, 10168, 15360, 33.22, 36
2026/09/14 20:54:44.982, 0, GPU-0bdcb407-7b87-b47c-6abb-da4f71d4ac1a, Tesla T4, 34, 6, 10134, 15360, 43.86, 37
2026/09/14 20:54:45.988, 0, GPU-0bdcb407-7b87-b47c-6abb-da4f71d4ac1a, Tesla T4, 0, 0, 10208, 15360, 33.33, 36
2026/09/14 20:54:46.995, 0, GPU-0bdcb407-7b87-b47c-6abb-da4f71d4ac1a, Tesla T4, 2, 0, 10528, 15360, 33.43, 36
2026/09/14 20:54:48.001, 0, GPU-0bdcb407-7b87-b47c-6abb-da4f71d4ac1a, Tesla T4, 61, 13, 10168, 15360, 34.30, 36
2026/09/14 20:54:49.007, 0, GPU-0bdcb407-7b87-b47c-6abb-da4f71d4ac1a, Tesla T4, 1, 0, 10206, 15360, 33.31, 36
2026/09/14 20:54:50.012, 0, GPU-0bdcb407-7b87-b47c-6abb-da4f71d4ac1a, Tesla T4, 66, 14, 10608, 15360, 36.05, 36
2026/09/14 20:54:51.018, 0, GPU-0bdcb407-7b87-b47c-6abb-da4f71d4ac1a, Tesla T4, 1, 0, 10162, 15360, 33.41, 36
2026/09/14 20:54:52.023, 0, GPU-0bdcb407-7b87-b47c-6abb-da4f71d4ac1a, Tesla T4, 73, 15, 10204, 15360, 58.31, 36
2026/09/14 20:54:53.029, 0, GPU-0bdcb407-7b87-b47c-6abb-da4f71d4ac1a, Tesla T4, 1, 0, 10208, 15360, 33.41, 36
2026/09/14 20:54:54.035, 0, GPU-0bdcb407-7b87-b47c-6abb-da4f71d4ac1a, Tesla T4, 24, 4, 10540, 15360, 36.74, 37
2026/09/14 20:54:55.042, 0, GPU-0bdcb407-7b87-b47c-6abb-da4f71d4ac1a, Tesla T4, 0, 0, 10568, 15360, 33.41, 36
2026/09/14 20:54:56.049, 0, GPU-0bdcb407-7b87-b47c-6abb-da4f71d4ac1a, Tesla T4, 2, 0, 10568, 15360, 33.41, 36
2026/09/14 20:54:57.054, 0, GPU-0bdcb407-7b87-b47c-6abb-da4f71d4ac1a, Tesla T4, 17, 4, 10608, 15360, 33.33, 36
2026/09/14 20:54:58.060, 0, GPU-0bdcb407-7b87-b47c-6abb-da4f71d4ac1a, Tesla T4, 2, 0, 10608, 15360, 33.63, 36
2026/09/14 20:54:59.066, 0, GPU-0bdcb407-7b87-b47c-6abb-da4f71d4ac1a, Tesla T4, 32, 7, 10568, 15360, 33.31, 36
2026/09/14 20:55:00.071, 0, GPU-0bdcb407-7b87-b47c-6abb-da4f71d4ac1a, Tesla T4, 2, 0, 10608, 15360, 33.43, 36
2026/09/14 20:55:01.077, 0, GPU-0bdcb407-7b87-b47c-6abb-da4f71d4ac1a, Tesla T4, 66, 14, 10608, 15360, 57.72, 36
2026/09/14 20:55:02.082, 0, GPU-0bdcb407-7b87-b47c-6abb-da4f71d4ac1a, Tesla T4, 0, 0, 10568, 15360, 33.61, 36
2026/09/14 20:55:03.088, 0, GPU-0bdcb407-7b87-b47c-6abb-da4f71d4ac1a, Tesla T4, 65, 13, 10608, 15360, 57.14, 37
2026/09/14 20:55:04.093, 0, GPU-0bdcb407-7b87-b47c-6abb-da4f71d4ac1a, Tesla T4, 0, 0, 10608, 15360, 33.31, 36
2026/09/14 20:55:05.099, 0, GPU-0bdcb407-7b87-b47c-6abb-da4f71d4ac1a, Tesla T4, 58, 11, 10568, 15360, 56.29, 37
2026/09/14 20:55:06.104, 0, GPU-0bdcb407-7b87-b47c-6abb-da4f71d4ac1a, Tesla T4, 0, 0, 10568, 15360, 33.31, 36
2026/09/14 20:55:07.110, 0, GPU-0bdcb407-7b87-b47c-6abb-da4f71d4ac1a, Tesla T4, 29, 5, 10606, 15360, 37.33, 37
2026/09/14 20:55:08.118, 0, GPU-0bdcb407-7b87-b47c-6abb-da4f71d4ac1a, Tesla T4, 24, 5, 10634, 15360, 33.33, 36
2026/09/14 20:55:09.124, 0, GPU-0bdcb407-7b87-b47c-6abb-da4f71d4ac1a, Tesla T4, 2, 0, 10648, 15360, 33.41, 36
2026/09/14 20:55:10.130, 0, GPU-0bdcb407-7b87-b47c-6abb-da4f71d4ac1a, Tesla T4, 29, 7, 10568, 15360, 33.63, 36
2026/09/14 20:55:11.137, 0, GPU-0bdcb407-7b87-b47c-6abb-da4f71d4ac1a, Tesla T4, 2, 0, 10608, 15360, 33.43, 36
2026/09/14 20:55:12.144, 0, GPU-0bdcb407-7b87-b47c-6abb-da4f71d4ac1a, Tesla T4, 35, 8, 10648, 15360, 34.40, 36
2026/09/14 20:55:13.151, 0, GPU-0bdcb407-7b87-b47c-6abb-da4f71d4ac1a, Tesla T4, 2, 0, 10568, 15360, 34.65, 36
2026/09/14 20:55:14.157, 0, GPU-0bdcb407-7b87-b47c-6abb-da4f71d4ac1a, Tesla T4, 56, 13, 10528, 15360, 33.43, 36
2026/09/14 20:55:15.163, 0, GPU-0bdcb407-7b87-b47c-6abb-da4f71d4ac1a, Tesla T4, 0, 0, 10568, 15360, 33.53, 36
2026/09/14 20:55:16.168, 0, GPU-0bdcb407-7b87-b47c-6abb-da4f71d4ac1a, Tesla T4, 49, 9, 10578, 15360, 37.23, 36
2026/09/14 20:55:17.174, 0, GPU-0bdcb407-7b87-b47c-6abb-da4f71d4ac1a, Tesla T4, 0, 0, 10528, 15360, 33.71, 36
2026/09/14 20:55:18.180, 0, GPU-0bdcb407-7b87-b47c-6abb-da4f71d4ac1a, Tesla T4, 27, 4, 10568, 15360, 58.37, 37
2026/09/14 20:55:19.187, 0, GPU-0bdcb407-7b87-b47c-6abb-da4f71d4ac1a, Tesla T4, 0, 0, 10568, 15360, 33.61, 36
2026/09/14 20:55:20.193, 0, GPU-0bdcb407-7b87-b47c-6abb-da4f71d4ac1a, Tesla T4, 18, 3, 10558, 15360, 56.55, 37
2026/09/14 20:55:21.199, 0, GPU-0bdcb407-7b87-b47c-6abb-da4f71d4ac1a, Tesla T4, 1, 0, 10528, 15360, 33.43, 36
2026/09/14 20:55:22.205, 0, GPU-0bdcb407-7b87-b47c-6abb-da4f71d4ac1a, Tesla T4, 1, 0, 10528, 15360, 33.51, 36
2026/09/14 20:55:23.212, 0, GPU-0bdcb407-7b87-b47c-6abb-da4f71d4ac1a, Tesla T4, 55, 12, 10598, 15360, 33.43, 36
2026/09/14 20:55:24.218, 0, GPU-0bdcb407-7b87-b47c-6abb-da4f71d4ac1a, Tesla T4, 1, 0, 10608, 15360, 33.61, 36
2026/09/14 20:55:25.223, 0, GPU-0bdcb407-7b87-b47c-6abb-da4f71d4ac1a, Tesla T4, 64, 14, 10528, 15360, 33.51, 36
2026/09/14 20:55:26.230, 0, GPU-0bdcb407-7b87-b47c-6abb-da4f71d4ac1a, Tesla T4, 1, 0, 10568, 15360, 33.71, 36
2026/09/14 20:55:27.236, 0, GPU-0bdcb407-7b87-b47c-6abb-da4f71d4ac1a, Tesla T4, 63, 13, 10608, 15360, 33.90, 36
2026/09/14 20:55:28.242, 0, GPU-0bdcb407-7b87-b47c-6abb-da4f71d4ac1a, Tesla T4, 0, 0, 10568, 15360, 33.61, 36
2026/09/14 20:55:29.249, 0, GPU-0bdcb407-7b87-b47c-6abb-da4f71d4ac1a, Tesla T4, 2, 0, 10528, 15360, 49.63, 37
2026/09/14 20:55:30.256, 0, GPU-0bdcb407-7b87-b47c-6abb-da4f71d4ac1a, Tesla T4, 23, 5, 10568, 15360, 33.43, 36
2026/09/14 20:55:31.263, 0, GPU-0bdcb407-7b87-b47c-6abb-da4f71d4ac1a, Tesla T4, 2, 0, 10600, 15360, 44.06, 37
2026/09/14 20:55:32.272, 0, GPU-0bdcb407-7b87-b47c-6abb-da4f71d4ac1a, Tesla T4, 35, 8, 10528, 15360, 33.43, 36
2026/09/14 20:55:33.278, 0, GPU-0bdcb407-7b87-b47c-6abb-da4f71d4ac1a, Tesla T4, 2, 0, 10502, 15360, 33.63, 37
2026/09/14 20:55:34.284, 0, GPU-0bdcb407-7b87-b47c-6abb-da4f71d4ac1a, Tesla T4, 52, 12, 10608, 15360, 33.53, 36
2026/09/14 20:55:35.290, 0, GPU-0bdcb407-7b87-b47c-6abb-da4f71d4ac1a, Tesla T4, 1, 0, 10608, 15360, 33.71, 36
2026/09/14 20:55:36.296, 0, GPU-0bdcb407-7b87-b47c-6abb-da4f71d4ac1a, Tesla T4, 40, 7, 10568, 15360, 48.25, 36
2026/09/14 20:55:37.301, 0, GPU-0bdcb407-7b87-b47c-6abb-da4f71d4ac1a, Tesla T4, 0, 0, 10568, 15360, 33.43, 36
2026/09/14 20:55:38.307, 0, GPU-0bdcb407-7b87-b47c-6abb-da4f71d4ac1a, Tesla T4, 19, 3, 10608, 15360, 56.67, 37
2026/09/14 20:55:39.312, 0, GPU-0bdcb407-7b87-b47c-6abb-da4f71d4ac1a, Tesla T4, 1, 0, 10608, 15360, 33.14, 36
2026/09/14 20:55:40.319, 0, GPU-0bdcb407-7b87-b47c-6abb-da4f71d4ac1a, Tesla T4, 9, 1, 10568, 15360, 56.35, 37
2026/09/14 20:55:41.325, 0, GPU-0bdcb407-7b87-b47c-6abb-da4f71d4ac1a, Tesla T4, 8, 2, 10568, 15360, 33.43, 36
2026/09/14 20:55:42.330, 0, GPU-0bdcb407-7b87-b47c-6abb-da4f71d4ac1a, Tesla T4, 2, 0, 10608, 15360, 33.33, 36
2026/09/14 20:55:43.336, 0, GPU-0bdcb407-7b87-b47c-6abb-da4f71d4ac1a, Tesla T4, 73, 15, 10568, 15360, 33.23, 36
2026/09/14 20:55:44.341, 0, GPU-0bdcb407-7b87-b47c-6abb-da4f71d4ac1a, Tesla T4, 1, 0, 10568, 15360, 33.31, 36
2026/09/14 20:55:45.347, 0, GPU-0bdcb407-7b87-b47c-6abb-da4f71d4ac1a, Tesla T4, 70, 15, 10608, 15360, 33.63, 36
2026/09/14 20:55:46.353, 0, GPU-0bdcb407-7b87-b47c-6abb-da4f71d4ac1a, Tesla T4, 0, 0, 10608, 15360, 34.00, 36
2026/09/14 20:55:47.359, 0, GPU-0bdcb407-7b87-b47c-6abb-da4f71d4ac1a, Tesla T4, 41, 8, 10568, 15360, 33.33, 36
2026/09/14 20:55:48.367, 0, GPU-0bdcb407-7b87-b47c-6abb-da4f71d4ac1a, Tesla T4, 0, 0, 10568, 15360, 33.41, 36
2026/09/14 20:55:49.373, 0, GPU-0bdcb407-7b87-b47c-6abb-da4f71d4ac1a, Tesla T4, 2, 0, 10608, 15360, 58.57, 37
2026/09/14 20:55:50.379, 0, GPU-0bdcb407-7b87-b47c-6abb-da4f71d4ac1a, Tesla T4, 41, 10, 10648, 15360, 33.23, 36
2026/09/14 20:55:51.386, 0, GPU-0bdcb407-7b87-b47c-6abb-da4f71d4ac1a, Tesla T4, 1, 0, 10566, 15360, 55.51, 37
2026/09/14 20:55:52.393, 0, GPU-0bdcb407-7b87-b47c-6abb-da4f71d4ac1a, Tesla T4, 62, 14, 10568, 15360, 33.33, 36
2026/09/14 20:55:53.399, 0, GPU-0bdcb407-7b87-b47c-6abb-da4f71d4ac1a, Tesla T4, 29, 5, 10556, 15360, 42.66, 37
2026/09/14 20:55:54.412, 0, GPU-0bdcb407-7b87-b47c-6abb-da4f71d4ac1a, Tesla T4, 0, 0, 10608, 15360, 33.33, 36
2026/09/14 20:55:55.418, 0, GPU-0bdcb407-7b87-b47c-6abb-da4f71d4ac1a, Tesla T4, 17, 3, 10568, 15360, 42.09, 36
2026/09/14 20:55:56.423, 0, GPU-0bdcb407-7b87-b47c-6abb-da4f71d4ac1a, Tesla T4, 55, 12, 10568, 15360, 33.81, 36
2026/09/14 20:55:57.429, 0, GPU-0bdcb407-7b87-b47c-6abb-da4f71d4ac1a, Tesla T4, 1, 0, 10608, 15360, 33.61, 36
2026/09/14 20:55:58.434, 0, GPU-0bdcb407-7b87-b47c-6abb-da4f71d4ac1a, Tesla T4, 70, 15, 10528, 15360, 35.65, 36
2026/09/14 20:55:59.440, 0, GPU-0bdcb407-7b87-b47c-6abb-da4f71d4ac1a, Tesla T4, 1, 0, 10528, 15360, 33.33, 36
2026/09/14 20:56:00.446, 0, GPU-0bdcb407-7b87-b47c-6abb-da4f71d4ac1a, Tesla T4, 73, 15, 10568, 15360, 55.21, 36
2026/09/14 20:56:01.453, 0, GPU-0bdcb407-7b87-b47c-6abb-da4f71d4ac1a, Tesla T4, 1, 0, 10574, 15360, 33.51, 36
2026/09/14 20:56:02.458, 0, GPU-0bdcb407-7b87-b47c-6abb-da4f71d4ac1a, Tesla T4, 50, 10, 10528, 15360, 55.08, 37
2026/09/14 20:56:03.465, 0, GPU-0bdcb407-7b87-b47c-6abb-da4f71d4ac1a, Tesla T4, 11, 3, 10528, 15360, 33.31, 36
2026/09/14 20:56:04.470, 0, GPU-0bdcb407-7b87-b47c-6abb-da4f71d4ac1a, Tesla T4, 2, 0, 10568, 15360, 33.43, 36
2026/09/14 20:56:05.477, 0, GPU-0bdcb407-7b87-b47c-6abb-da4f71d4ac1a, Tesla T4, 26, 6, 10608, 15360, 33.33, 36
2026/09/14 20:56:06.482, 0, GPU-0bdcb407-7b87-b47c-6abb-da4f71d4ac1a, Tesla T4, 0, 0, 10528, 15360, 33.31, 36
2026/09/14 20:56:07.488, 0, GPU-0bdcb407-7b87-b47c-6abb-da4f71d4ac1a, Tesla T4, 57, 11, 10568, 15360, 56.48, 37
2026/09/14 20:56:08.493, 0, GPU-0bdcb407-7b87-b47c-6abb-da4f71d4ac1a, Tesla T4, 0, 0, 10600, 15360, 33.53, 36
2026/09/14 20:56:09.499, 0, GPU-0bdcb407-7b87-b47c-6abb-da4f71d4ac1a, Tesla T4, 43, 8, 10568, 15360, 50.38, 37
2026/09/14 20:56:10.505, 0, GPU-0bdcb407-7b87-b47c-6abb-da4f71d4ac1a, Tesla T4, 6, 1, 10528, 15360, 33.51, 36
2026/09/14 20:56:11.511, 0, GPU-0bdcb407-7b87-b47c-6abb-da4f71d4ac1a, Tesla T4, 0, 0, 9298, 15360, 33.33, 36
2026/09/14 20:56:12.516, 0, GPU-0bdcb407-7b87-b47c-6abb-da4f71d4ac1a, Tesla T4, 1, 0, 9728, 15360, 33.43, 36
2026/09/14 20:56:13.523, 0, GPU-0bdcb407-7b87-b47c-6abb-da4f71d4ac1a, Tesla T4, 6, 1, 9728, 15360, 33.33, 36
2026/09/14 20:56:14.529, 0, GPU-0bdcb407-7b87-b47c-6abb-da4f71d4ac1a, Tesla T4, 66, 14, 9684, 15360, 57.49, 36
2026/09/14 20:56:15.535, 0, GPU-0bdcb407-7b87-b47c-6abb-da4f71d4ac1a, Tesla T4, 0, 0, 9728, 15360, 33.33, 36
2026/09/14 20:56:16.541, 0, GPU-0bdcb407-7b87-b47c-6abb-da4f71d4ac1a, Tesla T4, 1, 0, 9728, 15360, 33.31, 36
2026/09/14 20:56:17.547, 0, GPU-0bdcb407-7b87-b47c-6abb-da4f71d4ac1a, Tesla T4, 16, 2, 9488, 15360, 41.40, 37
2026/09/14 20:56:18.553, 0, GPU-0bdcb407-7b87-b47c-6abb-da4f71d4ac1a, Tesla T4, 37, 9, 9376, 15360, 33.61, 36
2026/09/14 20:56:19.559, 0, GPU-0bdcb407-7b87-b47c-6abb-da4f71d4ac1a, Tesla T4, 45, 11, 9728, 15360, 33.31, 36
2026/09/14 20:56:20.564, 0, GPU-0bdcb407-7b87-b47c-6abb-da4f71d4ac1a, Tesla T4, 1, 0, 9728, 15360, 33.51, 36
2026/09/14 20:56:21.570, 0, GPU-0bdcb407-7b87-b47c-6abb-da4f71d4ac1a, Tesla T4, 1, 0, 9728, 15360, 33.53, 36
2026/09/14 20:56:22.578, 0, GPU-0bdcb407-7b87-b47c-6abb-da4f71d4ac1a, Tesla T4, 0, 0, 9848, 15360, 33.33, 36
2026/09/14 20:56:23.583, 0, GPU-0bdcb407-7b87-b47c-6abb-da4f71d4ac1a, Tesla T4, 57, 12, 9808, 15360, 34.89, 36
2026/09/14 20:56:24.590, 0, GPU-0bdcb407-7b87-b47c-6abb-da4f71d4ac1a, Tesla T4, 0, 0, 9808, 15360, 33.43, 36
2026/09/14 20:56:25.595, 0, GPU-0bdcb407-7b87-b47c-6abb-da4f71d4ac1a, Tesla T4, 40, 7, 9816, 15360, 39.29, 37
2026/09/14 20:56:26.601, 0, GPU-0bdcb407-7b87-b47c-6abb-da4f71d4ac1a, Tesla T4, 27, 7, 9808, 15360, 33.43, 36
2026/09/14 20:56:27.607, 0, GPU-0bdcb407-7b87-b47c-6abb-da4f71d4ac1a, Tesla T4, 2, 0, 9808, 15360, 46.38, 36
2026/09/14 20:56:28.613, 0, GPU-0bdcb407-7b87-b47c-6abb-da4f71d4ac1a, Tesla T4, 45, 10, 9816, 15360, 33.53, 36
2026/09/14 20:56:29.619, 0, GPU-0bdcb407-7b87-b47c-6abb-da4f71d4ac1a, Tesla T4, 1, 0, 10168, 15360, 33.51, 36
2026/09/14 20:56:30.627, 0, GPU-0bdcb407-7b87-b47c-6abb-da4f71d4ac1a, Tesla T4, 56, 13, 10098, 15360, 33.51, 36
2026/09/14 20:56:31.632, 0, GPU-0bdcb407-7b87-b47c-6abb-da4f71d4ac1a, Tesla T4, 1, 0, 10128, 15360, 33.71, 36
2026/09/14 20:56:32.638, 0, GPU-0bdcb407-7b87-b47c-6abb-da4f71d4ac1a, Tesla T4, 72, 15, 10168, 15360, 33.51, 36
2026/09/14 20:56:33.643, 0, GPU-0bdcb407-7b87-b47c-6abb-da4f71d4ac1a, Tesla T4, 0, 0, 10152, 15360, 34.10, 36
2026/09/14 20:56:34.649, 0, GPU-0bdcb407-7b87-b47c-6abb-da4f71d4ac1a, Tesla T4, 31, 5, 10150, 15360, 57.16, 37
2026/09/14 20:56:35.656, 0, GPU-0bdcb407-7b87-b47c-6abb-da4f71d4ac1a, Tesla T4, 0, 0, 10168, 15360, 33.61, 36
2026/09/14 20:56:36.663, 0, GPU-0bdcb407-7b87-b47c-6abb-da4f71d4ac1a, Tesla T4, 3, 0, 10176, 15360, 54.95, 37
2026/09/14 20:56:37.669, 0, GPU-0bdcb407-7b87-b47c-6abb-da4f71d4ac1a, Tesla T4, 18, 4, 10130, 15360, 33.61, 36
2026/09/14 20:56:38.677, 0, GPU-0bdcb407-7b87-b47c-6abb-da4f71d4ac1a, Tesla T4, 2, 0, 10132, 15360, 42.83, 37
2026/09/14 20:56:39.688, 0, GPU-0bdcb407-7b87-b47c-6abb-da4f71d4ac1a, Tesla T4, 44, 10, 10176, 15360, 33.61, 36
2026/09/14 20:56:40.694, 0, GPU-0bdcb407-7b87-b47c-6abb-da4f71d4ac1a, Tesla T4, 1, 0, 10168, 15360, 33.61, 36
2026/09/14 20:56:41.699, 0, GPU-0bdcb407-7b87-b47c-6abb-da4f71d4ac1a, Tesla T4, 72, 15, 10168, 15360, 33.51, 36
2026/09/14 20:56:42.705, 0, GPU-0bdcb407-7b87-b47c-6abb-da4f71d4ac1a, Tesla T4, 0, 0, 10176, 15360, 33.51, 36
2026/09/14 20:56:43.710, 0, GPU-0bdcb407-7b87-b47c-6abb-da4f71d4ac1a, Tesla T4, 50, 10, 10288, 15360, 34.89, 36
2026/09/14 20:56:44.720, 0, GPU-0bdcb407-7b87-b47c-6abb-da4f71d4ac1a, Tesla T4, 0, 0, 10128, 15360, 33.31, 36
2026/09/14 20:56:45.726, 0, GPU-0bdcb407-7b87-b47c-6abb-da4f71d4ac1a, Tesla T4, 35, 6, 10168, 15360, 45.60, 36
2026/09/14 20:56:46.731, 0, GPU-0bdcb407-7b87-b47c-6abb-da4f71d4ac1a, Tesla T4, 9, 2, 10176, 15360, 33.22, 36
2026/09/14 20:56:47.737, 0, GPU-0bdcb407-7b87-b47c-6abb-da4f71d4ac1a, Tesla T4, 1, 0, 10096, 15360, 33.41, 36
2026/09/14 20:56:48.745, 0, GPU-0bdcb407-7b87-b47c-6abb-da4f71d4ac1a, Tesla T4, 68, 14, 10168, 15360, 33.23, 36
2026/09/14 20:56:49.751, 0, GPU-0bdcb407-7b87-b47c-6abb-da4f71d4ac1a, Tesla T4, 1, 0, 10176, 15360, 33.43, 36
2026/09/14 20:56:50.758, 0, GPU-0bdcb407-7b87-b47c-6abb-da4f71d4ac1a, Tesla T4, 75, 16, 10608, 15360, 33.43, 36
2026/09/14 20:56:51.763, 0, GPU-0bdcb407-7b87-b47c-6abb-da4f71d4ac1a, Tesla T4, 1, 0, 9728, 15360, 33.33, 36
2026/09/14 20:56:52.769, 0, GPU-0bdcb407-7b87-b47c-6abb-da4f71d4ac1a, Tesla T4, 67, 14, 9728, 15360, 33.33, 36
2026/09/14 20:56:53.775, 0, GPU-0bdcb407-7b87-b47c-6abb-da4f71d4ac1a, Tesla T4, 0, 0, 9728, 15360, 33.33, 36
2026/09/14 20:56:54.781, 0, GPU-0bdcb407-7b87-b47c-6abb-da4f71d4ac1a, Tesla T4, 3, 0, 9728, 15360, 52.93, 37
2026/09/14 20:56:55.786, 0, GPU-0bdcb407-7b87-b47c-6abb-da4f71d4ac1a, Tesla T4, 18, 4, 9728, 15360, 34.30, 36
2026/09/14 20:56:56.793, 0, GPU-0bdcb407-7b87-b47c-6abb-da4f71d4ac1a, Tesla T4, 2, 0, 9728, 15360, 58.18, 37
2026/09/14 20:56:57.800, 0, GPU-0bdcb407-7b87-b47c-6abb-da4f71d4ac1a, Tesla T4, 42, 10, 10168, 15360, 33.43, 36
2026/09/14 20:56:58.807, 0, GPU-0bdcb407-7b87-b47c-6abb-da4f71d4ac1a, Tesla T4, 1, 0, 9766, 15360, 56.35, 37
2026/09/14 20:56:59.813, 0, GPU-0bdcb407-7b87-b47c-6abb-da4f71d4ac1a, Tesla T4, 0, 0, 9808, 15360, 33.23, 36
2026/09/14 20:57:00.819, 0, GPU-0bdcb407-7b87-b47c-6abb-da4f71d4ac1a, Tesla T4, 11, 2, 9828, 15360, 40.91, 36
2026/09/14 20:57:01.825, 0, GPU-0bdcb407-7b87-b47c-6abb-da4f71d4ac1a, Tesla T4, 24, 6, 10168, 15360, 33.43, 36
2026/09/14 20:57:02.831, 0, GPU-0bdcb407-7b87-b47c-6abb-da4f71d4ac1a, Tesla T4, 2, 0, 9768, 15360, 33.43, 36
2026/09/14 20:57:03.836, 0, GPU-0bdcb407-7b87-b47c-6abb-da4f71d4ac1a, Tesla T4, 44, 10, 9820, 15360, 33.33, 36
2026/09/14 20:57:04.842, 0, GPU-0bdcb407-7b87-b47c-6abb-da4f71d4ac1a, Tesla T4, 1, 0, 10168, 15360, 33.43, 36
2026/09/14 20:57:05.847, 0, GPU-0bdcb407-7b87-b47c-6abb-da4f71d4ac1a, Tesla T4, 57, 13, 10164, 15360, 33.53, 36
2026/09/14 20:57:06.855, 0, GPU-0bdcb407-7b87-b47c-6abb-da4f71d4ac1a, Tesla T4, 1, 0, 10128, 15360, 33.33, 36
2026/09/14 20:57:07.862, 0, GPU-0bdcb407-7b87-b47c-6abb-da4f71d4ac1a, Tesla T4, 36, 7, 10166, 15360, 49.44, 37
2026/09/14 20:57:08.870, 0, GPU-0bdcb407-7b87-b47c-6abb-da4f71d4ac1a, Tesla T4, 0, 0, 10168, 15360, 33.53, 36
2026/09/14 20:57:09.876, 0, GPU-0bdcb407-7b87-b47c-6abb-da4f71d4ac1a, Tesla T4, 24, 4, 10094, 15360, 43.66, 37
2026/09/14 20:57:10.887, 0, GPU-0bdcb407-7b87-b47c-6abb-da4f71d4ac1a, Tesla T4, 0, 0, 10130, 15360, 33.33, 36
2026/09/14 20:57:11.892, 0, GPU-0bdcb407-7b87-b47c-6abb-da4f71d4ac1a, Tesla T4, 14, 2, 10088, 15360, 43.47, 36
2026/09/14 20:57:12.905, 0, GPU-0bdcb407-7b87-b47c-6abb-da4f71d4ac1a, Tesla T4, 2, 0, 10168, 15360, 33.33, 36
2026/09/14 20:57:13.911, 0, GPU-0bdcb407-7b87-b47c-6abb-da4f71d4ac1a, Tesla T4, 2, 0, 10168, 15360, 33.53, 36
2026/09/14 20:57:14.916, 0, GPU-0bdcb407-7b87-b47c-6abb-da4f71d4ac1a, Tesla T4, 56, 13, 10130, 15360, 33.63, 36
2026/09/14 20:57:15.922, 0, GPU-0bdcb407-7b87-b47c-6abb-da4f71d4ac1a, Tesla T4, 1, 0, 10168, 15360, 33.43, 36
2026/09/14 20:57:16.927, 0, GPU-0bdcb407-7b87-b47c-6abb-da4f71d4ac1a, Tesla T4, 72, 15, 10208, 15360, 38.51, 36
2026/09/14 20:57:17.933, 0, GPU-0bdcb407-7b87-b47c-6abb-da4f71d4ac1a, Tesla T4, 1, 0, 10128, 15360, 33.63, 36
2026/09/14 20:57:18.939, 0, GPU-0bdcb407-7b87-b47c-6abb-da4f71d4ac1a, Tesla T4, 72, 15, 10168, 15360, 39.39, 36
2026/09/14 20:57:19.944, 0, GPU-0bdcb407-7b87-b47c-6abb-da4f71d4ac1a, Tesla T4, 1, 0, 10168, 15360, 33.73, 36
2026/09/14 20:57:20.950, 0, GPU-0bdcb407-7b87-b47c-6abb-da4f71d4ac1a, Tesla T4, 73, 15, 10568, 15360, 59.68, 36
2026/09/14 20:57:21.955, 0, GPU-0bdcb407-7b87-b47c-6abb-da4f71d4ac1a, Tesla T4, 0, 0, 10128, 15360, 33.43, 36
2026/09/14 20:57:22.961, 0, GPU-0bdcb407-7b87-b47c-6abb-da4f71d4ac1a, Tesla T4, 21, 3, 10168, 15360, 43.54, 37
2026/09/14 20:57:23.969, 0, GPU-0bdcb407-7b87-b47c-6abb-da4f71d4ac1a, Tesla T4, 0, 0, 10168, 15360, 33.33, 36
2026/09/14 20:57:24.975, 0, GPU-0bdcb407-7b87-b47c-6abb-da4f71d4ac1a, Tesla T4, 21, 3, 10128, 15360, 46.29, 37
2026/09/14 20:57:25.981, 0, GPU-0bdcb407-7b87-b47c-6abb-da4f71d4ac1a, Tesla T4, 0, 0, 10128, 15360, 33.33, 36
2026/09/14 20:57:26.988, 0, GPU-0bdcb407-7b87-b47c-6abb-da4f71d4ac1a, Tesla T4, 12, 2, 10162, 15360, 43.79, 37
2026/09/14 20:57:27.994, 0, GPU-0bdcb407-7b87-b47c-6abb-da4f71d4ac1a, Tesla T4, 9, 2, 10608, 15360, 33.53, 36
2026/09/14 20:57:29.000, 0, GPU-0bdcb407-7b87-b47c-6abb-da4f71d4ac1a, Tesla T4, 1, 0, 10608, 15360, 33.43, 36
2026/09/14 20:57:30.006, 0, GPU-0bdcb407-7b87-b47c-6abb-da4f71d4ac1a, Tesla T4, 65, 14, 10568, 15360, 33.71, 36
2026/09/14 20:57:31.011, 0, GPU-0bdcb407-7b87-b47c-6abb-da4f71d4ac1a, Tesla T4, 1, 0, 10568, 15360, 33.43, 36
2026/09/14 20:57:32.019, 0, GPU-0bdcb407-7b87-b47c-6abb-da4f71d4ac1a, Tesla T4, 72, 15, 10608, 15360, 34.69, 36
2026/09/14 20:57:33.025, 0, GPU-0bdcb407-7b87-b47c-6abb-da4f71d4ac1a, Tesla T4, 1, 0, 10566, 15360, 34.12, 36
2026/09/14 20:57:34.031, 0, GPU-0bdcb407-7b87-b47c-6abb-da4f71d4ac1a, Tesla T4, 72, 15, 10568, 15360, 33.53, 36
2026/09/14 20:57:35.036, 0, GPU-0bdcb407-7b87-b47c-6abb-da4f71d4ac1a, Tesla T4, 0, 0, 10608, 15360, 33.53, 36
2026/09/14 20:57:36.042, 0, GPU-0bdcb407-7b87-b47c-6abb-da4f71d4ac1a, Tesla T4, 22, 4, 9728, 15360, 57.56, 37
2026/09/14 20:57:37.048, 0, GPU-0bdcb407-7b87-b47c-6abb-da4f71d4ac1a, Tesla T4, 19, 4, 9728, 15360, 33.43, 36
2026/09/14 20:57:38.054, 0, GPU-0bdcb407-7b87-b47c-6abb-da4f71d4ac1a, Tesla T4, 2, 0, 9674, 15360, 48.91, 37
2026/09/14 20:57:39.061, 0, GPU-0bdcb407-7b87-b47c-6abb-da4f71d4ac1a, Tesla T4, 31, 7, 10168, 15360, 33.53, 36
2026/09/14 20:57:40.069, 0, GPU-0bdcb407-7b87-b47c-6abb-da4f71d4ac1a, Tesla T4, 2, 0, 10128, 15360, 42.12, 36
2026/09/14 20:57:41.075, 0, GPU-0bdcb407-7b87-b47c-6abb-da4f71d4ac1a, Tesla T4, 51, 12, 9808, 15360, 33.53, 36
2026/09/14 20:57:42.080, 0, GPU-0bdcb407-7b87-b47c-6abb-da4f71d4ac1a, Tesla T4, 1, 0, 9822, 15360, 33.61, 36
2026/09/14 20:57:43.086, 0, GPU-0bdcb407-7b87-b47c-6abb-da4f71d4ac1a, Tesla T4, 52, 11, 10168, 15360, 34.30, 36
2026/09/14 20:57:44.092, 0, GPU-0bdcb407-7b87-b47c-6abb-da4f71d4ac1a, Tesla T4, 0, 0, 9768, 15360, 33.73, 36
2026/09/14 20:57:45.098, 0, GPU-0bdcb407-7b87-b47c-6abb-da4f71d4ac1a, Tesla T4, 38, 7, 9826, 15360, 37.03, 36
2026/09/14 20:57:46.103, 0, GPU-0bdcb407-7b87-b47c-6abb-da4f71d4ac1a, Tesla T4, 0, 0, 10168, 15360, 33.63, 36
2026/09/14 20:57:47.109, 0, GPU-0bdcb407-7b87-b47c-6abb-da4f71d4ac1a, Tesla T4, 18, 3, 10168, 15360, 57.69, 37
2026/09/14 20:57:48.114, 0, GPU-0bdcb407-7b87-b47c-6abb-da4f71d4ac1a, Tesla T4, 0, 0, 10128, 15360, 33.53, 36
2026/09/14 20:57:49.121, 0, GPU-0bdcb407-7b87-b47c-6abb-da4f71d4ac1a, Tesla T4, 2, 0, 10088, 15360, 42.68, 36
2026/09/14 20:57:50.140, 0, GPU-0bdcb407-7b87-b47c-6abb-da4f71d4ac1a, Tesla T4, 60, 13, 10168, 15360, 33.23, 36
2026/09/14 20:57:51.148, 0, GPU-0bdcb407-7b87-b47c-6abb-da4f71d4ac1a, Tesla T4, 1, 0, 10148, 15360, 33.33, 36
2026/09/14 20:57:52.155, 0, GPU-0bdcb407-7b87-b47c-6abb-da4f71d4ac1a, Tesla T4, 73, 15, 10128, 15360, 33.23, 36
2026/09/14 20:57:53.160, 0, GPU-0bdcb407-7b87-b47c-6abb-da4f71d4ac1a, Tesla T4, 1, 0, 10168, 15360, 33.31, 36
2026/09/14 20:57:54.168, 0, GPU-0bdcb407-7b87-b47c-6abb-da4f71d4ac1a, Tesla T4, 72, 15, 10168, 15360, 33.23, 36
2026/09/14 20:57:55.174, 0, GPU-0bdcb407-7b87-b47c-6abb-da4f71d4ac1a, Tesla T4, 0, 0, 10168, 15360, 33.43, 36
2026/09/14 20:57:56.179, 0, GPU-0bdcb407-7b87-b47c-6abb-da4f71d4ac1a, Tesla T4, 18, 3, 10128, 15360, 58.02, 36
2026/09/14 20:57:57.185, 0, GPU-0bdcb407-7b87-b47c-6abb-da4f71d4ac1a, Tesla T4, 19, 4, 10168, 15360, 33.33, 36
2026/09/14 20:57:58.192, 0, GPU-0bdcb407-7b87-b47c-6abb-da4f71d4ac1a, Tesla T4, 2, 0, 10208, 15360, 52.96, 37
2026/09/14 20:57:59.198, 0, GPU-0bdcb407-7b87-b47c-6abb-da4f71d4ac1a, Tesla T4, 27, 7, 10128, 15360, 33.33, 36
2026/09/14 20:58:00.204, 0, GPU-0bdcb407-7b87-b47c-6abb-da4f71d4ac1a, Tesla T4, 2, 0, 10168, 15360, 47.90, 37
2026/09/14 20:58:01.210, 0, GPU-0bdcb407-7b87-b47c-6abb-da4f71d4ac1a, Tesla T4, 31, 7, 10168, 15360, 33.33, 36
2026/09/14 20:58:02.217, 0, GPU-0bdcb407-7b87-b47c-6abb-da4f71d4ac1a, Tesla T4, 2, 0, 10562, 15360, 47.37, 37
2026/09/14 20:58:03.223, 0, GPU-0bdcb407-7b87-b47c-6abb-da4f71d4ac1a, Tesla T4, 67, 14, 10128, 15360, 34.02, 36
2026/09/14 20:58:04.229, 0, GPU-0bdcb407-7b87-b47c-6abb-da4f71d4ac1a, Tesla T4, 0, 0, 10128, 15360, 33.33, 36
2026/09/14 20:58:05.235, 0, GPU-0bdcb407-7b87-b47c-6abb-da4f71d4ac1a, Tesla T4, 21, 5, 10168, 15360, 33.33, 36
2026/09/14 20:58:06.241, 0, GPU-0bdcb407-7b87-b47c-6abb-da4f71d4ac1a, Tesla T4, 1, 0, 10608, 15360, 33.63, 36
2026/09/14 20:58:07.247, 0, GPU-0bdcb407-7b87-b47c-6abb-da4f71d4ac1a, Tesla T4, 71, 15, 10130, 15360, 34.12, 36
2026/09/14 20:58:08.253, 0, GPU-0bdcb407-7b87-b47c-6abb-da4f71d4ac1a, Tesla T4, 1, 0, 10168, 15360, 33.43, 36
2026/09/14 20:58:09.258, 0, GPU-0bdcb407-7b87-b47c-6abb-da4f71d4ac1a, Tesla T4, 73, 15, 10608, 15360, 59.72, 37
2026/09/14 20:58:10.264, 0, GPU-0bdcb407-7b87-b47c-6abb-da4f71d4ac1a, Tesla T4, 0, 0, 10608, 15360, 33.23, 36
2026/09/14 20:58:11.270, 0, GPU-0bdcb407-7b87-b47c-6abb-da4f71d4ac1a, Tesla T4, 22, 3, 10510, 15360, 43.05, 37
2026/09/14 20:58:12.277, 0, GPU-0bdcb407-7b87-b47c-6abb-da4f71d4ac1a, Tesla T4, 0, 0, 10568, 15360, 33.33, 36
2026/09/14 20:58:13.282, 0, GPU-0bdcb407-7b87-b47c-6abb-da4f71d4ac1a, Tesla T4, 13, 2, 10572, 15360, 45.89, 36
2026/09/14 20:58:14.291, 0, GPU-0bdcb407-7b87-b47c-6abb-da4f71d4ac1a, Tesla T4, 7, 2, 10568, 15360, 33.33, 36
2026/09/14 20:58:15.297, 0, GPU-0bdcb407-7b87-b47c-6abb-da4f71d4ac1a, Tesla T4, 2, 0, 10568, 15360, 33.53, 36
2026/09/14 20:58:16.303, 0, GPU-0bdcb407-7b87-b47c-6abb-da4f71d4ac1a, Tesla T4, 29, 7, 10608, 15360, 33.43, 36
2026/09/14 20:58:17.308, 0, GPU-0bdcb407-7b87-b47c-6abb-da4f71d4ac1a, Tesla T4, 1, 0, 10608, 15360, 33.41, 36
2026/09/14 20:58:18.314, 0, GPU-0bdcb407-7b87-b47c-6abb-da4f71d4ac1a, Tesla T4, 72, 15, 10568, 15360, 36.05, 36
2026/09/14 20:58:19.319, 0, GPU-0bdcb407-7b87-b47c-6abb-da4f71d4ac1a, Tesla T4, 1, 0, 10568, 15360, 33.43, 36
2026/09/14 20:58:20.325, 0, GPU-0bdcb407-7b87-b47c-6abb-da4f71d4ac1a, Tesla T4, 75, 15, 10608, 15360, 45.38, 37
2026/09/14 20:58:21.331, 0, GPU-0bdcb407-7b87-b47c-6abb-da4f71d4ac1a, Tesla T4, 1, 0, 10528, 15360, 33.53, 36
2026/09/14 20:58:22.336, 0, GPU-0bdcb407-7b87-b47c-6abb-da4f71d4ac1a, Tesla T4, 71, 15, 9808, 15360, 55.73, 36
2026/09/14 20:58:23.342, 0, GPU-0bdcb407-7b87-b47c-6abb-da4f71d4ac1a, Tesla T4, 0, 0, 9814, 15360, 33.33, 36
2026/09/14 20:58:24.347, 0, GPU-0bdcb407-7b87-b47c-6abb-da4f71d4ac1a, Tesla T4, 18, 3, 10102, 15360, 46.19, 37
2026/09/14 20:58:25.354, 0, GPU-0bdcb407-7b87-b47c-6abb-da4f71d4ac1a, Tesla T4, 3, 1, 9808, 15360, 33.33, 36
2026/09/14 20:58:26.360, 0, GPU-0bdcb407-7b87-b47c-6abb-da4f71d4ac1a, Tesla T4, 2, 0, 9808, 15360, 33.23, 36
2026/09/14 20:58:27.366, 0, GPU-0bdcb407-7b87-b47c-6abb-da4f71d4ac1a, Tesla T4, 36, 9, 10168, 15360, 33.23, 36
2026/09/14 20:58:28.373, 0, GPU-0bdcb407-7b87-b47c-6abb-da4f71d4ac1a, Tesla T4, 2, 0, 10168, 15360, 33.43, 36
2026/09/14 20:58:29.378, 0, GPU-0bdcb407-7b87-b47c-6abb-da4f71d4ac1a, Tesla T4, 51, 12, 10142, 15360, 33.43, 36
2026/09/14 20:58:30.384, 0, GPU-0bdcb407-7b87-b47c-6abb-da4f71d4ac1a, Tesla T4, 1, 0, 10154, 15360, 33.43, 36
2026/09/14 20:58:31.389, 0, GPU-0bdcb407-7b87-b47c-6abb-da4f71d4ac1a, Tesla T4, 56, 11, 10168, 15360, 55.89, 37
2026/09/14 20:58:32.395, 0, GPU-0bdcb407-7b87-b47c-6abb-da4f71d4ac1a, Tesla T4, 0, 0, 10168, 15360, 33.43, 36
2026/09/14 20:58:33.401, 0, GPU-0bdcb407-7b87-b47c-6abb-da4f71d4ac1a, Tesla T4, 43, 8, 10146, 15360, 55.93, 37
2026/09/14 20:58:34.406, 0, GPU-0bdcb407-7b87-b47c-6abb-da4f71d4ac1a, Tesla T4, 0, 0, 10168, 15360, 33.43, 36
2026/09/14 20:58:35.414, 0, GPU-0bdcb407-7b87-b47c-6abb-da4f71d4ac1a, Tesla T4, 24, 4, 10168, 15360, 46.48, 37
2026/09/14 20:58:36.421, 0, GPU-0bdcb407-7b87-b47c-6abb-da4f71d4ac1a, Tesla T4, 0, 0, 10128, 15360, 33.53, 36
2026/09/14 20:58:37.427, 0, GPU-0bdcb407-7b87-b47c-6abb-da4f71d4ac1a, Tesla T4, 2, 0, 10152, 15360, 33.53, 36
2026/09/14 20:58:38.433, 0, GPU-0bdcb407-7b87-b47c-6abb-da4f71d4ac1a, Tesla T4, 59, 13, 10168, 15360, 33.63, 36
2026/09/14 20:58:39.439, 0, GPU-0bdcb407-7b87-b47c-6abb-da4f71d4ac1a, Tesla T4, 1, 0, 10174, 15360, 33.53, 36
2026/09/14 20:58:40.444, 0, GPU-0bdcb407-7b87-b47c-6abb-da4f71d4ac1a, Tesla T4, 69, 15, 10162, 15360, 33.81, 36
2026/09/14 20:58:41.450, 0, GPU-0bdcb407-7b87-b47c-6abb-da4f71d4ac1a, Tesla T4, 1, 0, 10168, 15360, 33.63, 36
2026/09/14 20:58:42.455, 0, GPU-0bdcb407-7b87-b47c-6abb-da4f71d4ac1a, Tesla T4, 72, 15, 10172, 15360, 34.12, 36
2026/09/14 20:58:43.461, 0, GPU-0bdcb407-7b87-b47c-6abb-da4f71d4ac1a, Tesla T4, 1, 0, 10208, 15360, 33.63, 36
2026/09/14 20:58:44.467, 0, GPU-0bdcb407-7b87-b47c-6abb-da4f71d4ac1a, Tesla T4, 32, 6, 10148, 15360, 50.74, 37
2026/09/14 20:58:45.473, 0, GPU-0bdcb407-7b87-b47c-6abb-da4f71d4ac1a, Tesla T4, 0, 0, 10164, 15360, 34.30, 36
2026/09/14 20:58:46.480, 0, GPU-0bdcb407-7b87-b47c-6abb-da4f71d4ac1a, Tesla T4, 10, 2, 10194, 15360, 55.99, 37
2026/09/14 20:58:47.489, 0, GPU-0bdcb407-7b87-b47c-6abb-da4f71d4ac1a, Tesla T4, 4, 1, 10608, 15360, 33.71, 36
2026/09/14 20:58:48.495, 0, GPU-0bdcb407-7b87-b47c-6abb-da4f71d4ac1a, Tesla T4, 4, 0, 10156, 15360, 58.51, 37
2026/09/14 20:58:49.501, 0, GPU-0bdcb407-7b87-b47c-6abb-da4f71d4ac1a, Tesla T4, 73, 15, 10186, 15360, 33.63, 36
2026/09/14 20:58:50.507, 0, GPU-0bdcb407-7b87-b47c-6abb-da4f71d4ac1a, Tesla T4, 1, 0, 10208, 15360, 33.63, 36
2026/09/14 20:58:51.514, 0, GPU-0bdcb407-7b87-b47c-6abb-da4f71d4ac1a, Tesla T4, 24, 4, 10568, 15360, 55.28, 37
2026/09/14 20:58:52.520, 0, GPU-0bdcb407-7b87-b47c-6abb-da4f71d4ac1a, Tesla T4, 0, 0, 10568, 15360, 33.63, 36
2026/09/14 20:58:53.527, 0, GPU-0bdcb407-7b87-b47c-6abb-da4f71d4ac1a, Tesla T4, 11, 2, 10570, 15360, 57.79, 37
2026/09/14 20:58:54.533, 0, GPU-0bdcb407-7b87-b47c-6abb-da4f71d4ac1a, Tesla T4, 10, 2, 10608, 15360, 33.63, 36
2026/09/14 20:58:55.539, 0, GPU-0bdcb407-7b87-b47c-6abb-da4f71d4ac1a, Tesla T4, 2, 0, 10568, 15360, 53.35, 37
2026/09/14 20:58:56.545, 0, GPU-0bdcb407-7b87-b47c-6abb-da4f71d4ac1a, Tesla T4, 32, 8, 10568, 15360, 33.63, 36
2026/09/14 20:58:57.551, 0, GPU-0bdcb407-7b87-b47c-6abb-da4f71d4ac1a, Tesla T4, 2, 0, 10550, 15360, 37.03, 37
2026/09/14 20:58:58.560, 0, GPU-0bdcb407-7b87-b47c-6abb-da4f71d4ac1a, Tesla T4, 70, 15, 10608, 15360, 33.53, 36
2026/09/14 20:58:59.565, 0, GPU-0bdcb407-7b87-b47c-6abb-da4f71d4ac1a, Tesla T4, 1, 0, 10568, 15360, 33.43, 36
2026/09/14 20:59:00.571, 0, GPU-0bdcb407-7b87-b47c-6abb-da4f71d4ac1a, Tesla T4, 71, 15, 10568, 15360, 33.33, 36
2026/09/14 20:59:01.577, 0, GPU-0bdcb407-7b87-b47c-6abb-da4f71d4ac1a, Tesla T4, 0, 0, 10608, 15360, 33.43, 36
2026/09/14 20:59:02.582, 0, GPU-0bdcb407-7b87-b47c-6abb-da4f71d4ac1a, Tesla T4, 43, 8, 10568, 15360, 34.10, 36
2026/09/14 20:59:03.588, 0, GPU-0bdcb407-7b87-b47c-6abb-da4f71d4ac1a, Tesla T4, 0, 0, 10568, 15360, 33.43, 36
2026/09/14 20:59:04.593, 0, GPU-0bdcb407-7b87-b47c-6abb-da4f71d4ac1a, Tesla T4, 17, 2, 10568, 15360, 56.94, 37
2026/09/14 20:59:05.599, 0, GPU-0bdcb407-7b87-b47c-6abb-da4f71d4ac1a, Tesla T4, 12, 1, 10570, 15360, 33.33, 36
2026/09/14 20:59:06.605, 0, GPU-0bdcb407-7b87-b47c-6abb-da4f71d4ac1a, Tesla T4, 12, 2, 7928, 15360, 37.42, 36
2026/09/14 20:59:07.842, 0, GPU-0bdcb407-7b87-b47c-6abb-da4f71d4ac1a, Tesla T4, 0, 0, 0, 15360, 33.04, 36
2026/09/14 20:59:08.849, 0, GPU-0bdcb407-7b87-b47c-6abb-da4f71d4ac1a, Tesla T4, 0, 0, 0, 15360, 33.73, 36
2026/09/14 20:59:09.855, 0, GPU-0bdcb407-7b87-b47c-6abb-da4f71d4ac1a, Tesla T4, 0, 0, 0, 15360, 26.47, 35
2026/09/14 20:59:10.865, 0, GPU-0bdcb407-7b87-b47c-6abb-da4f71d4ac1a, Tesla T4, 0, 0, 0, 15360, 9.84, 34
2026/09/14 20:59:11.878, 0, GPU-0bdcb407-7b87-b47c-6abb-da4f71d4ac1a, Tesla T4, 0, 0, 0, 15360, 9.74, 34
2026/09/14 20:59:12.890, 0, GPU-0bdcb407-7b87-b47c-6abb-da4f71d4ac1a, Tesla T4, 0, 0, 0, 15360, 9.74, 34
2026/09/14 20:59:13.903, 0, GPU-0bdcb407-7b87-b47c-6abb-da4f71d4ac1a, Tesla T4, 0, 0, 0, 15360, 9.94, 33
2026/09/14 20:59:14.915, 0, GPU-0bdcb407-7b87-b47c-6abb-da4f71d4ac1a, Tesla T4, 0, 0, 0, 15360, 9.84, 33
2026/09/14 20:59:15.928, 0, GPU-0bdcb407-7b87-b47c-6abb-da4f71d4ac1a, Tesla T4, 0, 0, 0, 15360, 9.74, 33
2026/09/14 20:59:16.941, 0, GPU-0bdcb407-7b87-b47c-6abb-da4f71d4ac1a, Tesla T4, 0, 0, 0, 15360, 9.64, 33
2026/09/14 20:59:17.953, 0, GPU-0bdcb407-7b87-b47c-6abb-da4f71d4ac1a, Tesla T4, 0, 0, 0, 15360, 9.74, 32
2026/09/14 20:59:18.966, 0, GPU-0bdcb407-7b87-b47c-6abb-da4f71d4ac1a, Tesla T4, 0, 0, 0, 15360, 11.02, 32
2026/09/14 20:59:19.979, 0, GPU-0bdcb407-7b87-b47c-6abb-da4f71d4ac1a, Tesla T4, 0, 0, 0, 15360, 9.35, 32
2026/09/14 20:59:20.991, 0, GPU-0bdcb407-7b87-b47c-6abb-da4f71d4ac1a, Tesla T4, 0, 0, 0, 15360, 9.35, 32
2026/09/14 20:59:22.004, 0, GPU-0bdcb407-7b87-b47c-6abb-da4f71d4ac1a, Tesla T4, 0, 0, 0, 15360, 9.35, 32
2026/09/14 20:59:23.016, 0, GPU-0bdcb407-7b87-b47c-6abb-da4f71d4ac1a, Tesla T4, 0, 0, 0, 15360, 9.34, 31
2026/09/14 20:59:24.029, 0, GPU-0bdcb407-7b87-b47c-6abb-da4f71d4ac1a, Tesla T4, 0, 0, 0, 15360, 9.74, 31
2026/09/14 20:59:25.040, 0, GPU-0bdcb407-7b87-b47c-6abb-da4f71d4ac1a, Tesla T4, 0, 0, 0, 15360, 9.25, 31
2026/09/14 20:59:26.053, 0, GPU-0bdcb407-7b87-b47c-6abb-da4f71d4ac1a, Tesla T4, 0, 0, 0, 15360, 9.34, 31
2026/09/14 20:59:27.065, 0, GPU-0bdcb407-7b87-b47c-6abb-da4f71d4ac1a, Tesla T4, 0, 0, 0, 15360, 9.54, 31
2026/09/14 20:59:28.078, 0, GPU-0bdcb407-7b87-b47c-6abb-da4f71d4ac1a, Tesla T4, 0, 0, 0, 15360, 9.34, 31
2026/09/14 20:59:29.090, 0, GPU-0bdcb407-7b87-b47c-6abb-da4f71d4ac1a, Tesla T4, 0, 0, 0, 15360, 9.54, 31
2026/09/14 20:59:30.102, 0, GPU-0bdcb407-7b87-b47c-6abb-da4f71d4ac1a, Tesla T4, 0, 0, 0, 15360, 9.74, 30
2026/09/14 20:59:31.115, 0, GPU-0bdcb407-7b87-b47c-6abb-da4f71d4ac1a, Tesla T4, 0, 0, 0, 15360, 9.54, 30
2026/09/14 20:59:32.127, 0, GPU-0bdcb407-7b87-b47c-6abb-da4f71d4ac1a, Tesla T4, 0, 0, 0, 15360, 9.64, 30
2026/09/14 20:59:33.140, 0, GPU-0bdcb407-7b87-b47c-6abb-da4f71d4ac1a, Tesla T4, 0, 0, 0, 15360, 9.64, 30
2026/09/14 20:59:34.152, 0, GPU-0bdcb407-7b87-b47c-6abb-da4f71d4ac1a, Tesla T4, 0, 0, 0, 15360, 9.64, 30
2026/09/14 20:59:35.165, 0, GPU-0bdcb407-7b87-b47c-6abb-da4f71d4ac1a, Tesla T4, 0, 0, 0, 15360, 9.74, 30
2026/09/14 20:59:36.177, 0, GPU-0bdcb407-7b87-b47c-6abb-da4f71d4ac1a, Tesla T4, 0, 0, 0, 15360, 9.54, 30
2026/09/14 20:59:37.190, 0, GPU-0bdcb407-7b87-b47c-6abb-da4f71d4ac1a, Tesla T4, 0, 0, 0, 15360, 9.64, 30
2026/09/14 20:59:38.202, 0, GPU-0bdcb407-7b87-b47c-6abb-da4f71d4ac1a, Tesla T4, 0, 0, 0, 15360, 9.64, 30
2026/09/14 20:59:39.214, 0, GPU-0bdcb407-7b87-b47c-6abb-da4f71d4ac1a, Tesla T4, 0, 0, 0, 15360, 9.25, 29
2026/09/14 20:59:40.226, 0, GPU-0bdcb407-7b87-b47c-6abb-da4f71d4ac1a, Tesla T4, 0, 0, 0, 15360, 9.35, 29
2026/09/14 20:59:41.238, 0, GPU-0bdcb407-7b87-b47c-6abb-da4f71d4ac1a, Tesla T4, 0, 0, 0, 15360, 9.44, 29
2026/09/14 20:59:42.251, 0, GPU-0bdcb407-7b87-b47c-6abb-da4f71d4ac1a, Tesla T4, 0, 0, 0, 15360, 9.74, 29
2026/09/14 20:59:43.263, 0, GPU-0bdcb407-7b87-b47c-6abb-da4f71d4ac1a, Tesla T4, 0, 0, 0, 15360, 9.24, 29
2026/09/14 20:59:44.275, 0, GPU-0bdcb407-7b87-b47c-6abb-da4f71d4ac1a, Tesla T4, 0, 0, 0, 15360, 9.54, 29
2026/09/14 20:59:45.287, 0, GPU-0bdcb407-7b87-b47c-6abb-da4f71d4ac1a, Tesla T4, 0, 0, 0, 15360, 9.34, 29
2026/09/14 20:59:46.300, 0, GPU-0bdcb407-7b87-b47c-6abb-da4f71d4ac1a, Tesla T4, 0, 0, 0, 15360, 9.44, 29
2026/09/14 20:59:47.312, 0, GPU-0bdcb407-7b87-b47c-6abb-da4f71d4ac1a, Tesla T4, 0, 0, 0, 15360, 10.83, 29
2026/09/14 20:59:48.325, 0, GPU-0bdcb407-7b87-b47c-6abb-da4f71d4ac1a, Tesla T4, 0, 0, 0, 15360, 9.44, 29
2026/09/14 20:59:49.337, 0, GPU-0bdcb407-7b87-b47c-6abb-da4f71d4ac1a, Tesla T4, 0, 0, 0, 15360, 9.64, 29
2026/09/14 20:59:50.349, 0, GPU-0bdcb407-7b87-b47c-6abb-da4f71d4ac1a, Tesla T4, 0, 0, 0, 15360, 9.54, 28
2026/09/14 20:59:51.361, 0, GPU-0bdcb407-7b87-b47c-6abb-da4f71d4ac1a, Tesla T4, 0, 0, 0, 15360, 9.64, 28
2026/09/14 20:59:52.374, 0, GPU-0bdcb407-7b87-b47c-6abb-da4f71d4ac1a, Tesla T4, 0, 0, 0, 15360, 9.54, 28
2026/09/14 20:59:53.387, 0, GPU-0bdcb407-7b87-b47c-6abb-da4f71d4ac1a, Tesla T4, 0, 0, 0, 15360, 9.64, 28
2026/09/14 20:59:54.399, 0, GPU-0bdcb407-7b87-b47c-6abb-da4f71d4ac1a, Tesla T4, 0, 0, 0, 15360, 9.54, 28
2026/09/14 20:59:55.411, 0, GPU-0bdcb407-7b87-b47c-6abb-da4f71d4ac1a, Tesla T4, 0, 0, 0, 15360, 9.64, 28
2026/09/14 20:59:56.423, 0, GPU-0bdcb407-7b87-b47c-6abb-da4f71d4ac1a, Tesla T4, 0, 0, 0, 15360, 11.02, 28
2026/09/14 20:59:57.437, 0, GPU-0bdcb407-7b87-b47c-6abb-da4f71d4ac1a, Tesla T4, 0, 0, 0, 15360, 9.34, 28
2026/09/14 20:59:58.449, 0, GPU-0bdcb407-7b87-b47c-6abb-da4f71d4ac1a, Tesla T4, 0, 0, 0, 15360, 9.44, 28
2026/09/14 20:59:59.461, 0, GPU-0bdcb407-7b87-b47c-6abb-da4f71d4ac1a, Tesla T4, 0, 0, 0, 15360, 9.35, 28
2026/09/14 21:00:00.473, 0, GPU-0bdcb407-7b87-b47c-6abb-da4f71d4ac1a, Tesla T4, 0, 0, 0, 15360, 9.44, 28
2026/09/14 21:00:01.485, 0, GPU-0bdcb407-7b87-b47c-6abb-da4f71d4ac1a, Tesla T4, 0, 0, 0, 15360, 9.35, 28
2026/09/14 21:00:02.498, 0, GPU-0bdcb407-7b87-b47c-6abb-da4f71d4ac1a, Tesla T4, 0, 0, 0, 15360, 9.25, 28
2026/09/14 21:00:03.510, 0, GPU-0bdcb407-7b87-b47c-6abb-da4f71d4ac1a, Tesla T4, 0, 0, 0, 15360, 9.25, 28
2026/09/14 21:00:04.523, 0, GPU-0bdcb407-7b87-b47c-6abb-da4f71d4ac1a, Tesla T4, 0, 0, 0, 15360, 9.44, 28
2026/09/14 21:00:05.535, 0, GPU-0bdcb407-7b87-b47c-6abb-da4f71d4ac1a, Tesla T4, 0, 0, 0, 15360, 9.25, 28
2026/09/14 21:00:06.547, 0, GPU-0bdcb407-7b87-b47c-6abb-da4f71d4ac1a, Tesla T4, 0, 0, 0, 15360, 9.54, 28
2026/09/14 21:00:07.560, 0, GPU-0bdcb407-7b87-b47c-6abb-da4f71d4ac1a, Tesla T4, 0, 0, 0, 15360, 9.74, 28
2026/09/14 21:00:08.572, 0, GPU-0bdcb407-7b87-b47c-6abb-da4f71d4ac1a, Tesla T4, 0, 0, 0, 15360, 9.44, 28
2026/09/14 21:00:09.585, 0, GPU-0bdcb407-7b87-b47c-6abb-da4f71d4ac1a, Tesla T4, 0, 0, 0, 15360, 9.54, 28
2026/09/14 21:00:10.597, 0, GPU-0bdcb407-7b87-b47c-6abb-da4f71d4ac1a, Tesla T4, 0, 0, 0, 15360, 9.44, 27
2026/09/14 21:00:11.609, 0, GPU-0bdcb407-7b87-b47c-6abb-da4f71d4ac1a, Tesla T4, 0, 0, 0, 15360, 9.44, 27
2026/09/14 21:00:12.622, 0, GPU-0bdcb407-7b87-b47c-6abb-da4f71d4ac1a, Tesla T4, 0, 0, 0, 15360, 9.44, 27
2026/09/14 21:00:13.635, 0, GPU-0bdcb407-7b87-b47c-6abb-da4f71d4ac1a, Tesla T4, 0, 0, 0, 15360, 9.74, 27
2026/09/14 21:00:14.647, 0, GPU-0bdcb407-7b87-b47c-6abb-da4f71d4ac1a, Tesla T4, 0, 0, 0, 15360, 9.34, 27
2026/09/14 21:00:15.659, 0, GPU-0bdcb407-7b87-b47c-6abb-da4f71d4ac1a, Tesla T4, 0, 0, 0, 15360, 9.25, 27
2026/09/14 21:00:16.670, 0, GPU-0bdcb407-7b87-b47c-6abb-da4f71d4ac1a, Tesla T4, 0, 0, 0, 15360, 9.54, 27
2026/09/14 21:00:17.683, 0, GPU-0bdcb407-7b87-b47c-6abb-da4f71d4ac1a, Tesla T4, 0, 0, 0, 15360, 9.44, 27
2026/09/14 21:00:18.695, 0, GPU-0bdcb407-7b87-b47c-6abb-da4f71d4ac1a, Tesla T4, 0, 0, 0, 15360, 9.74, 27
2026/09/14 21:00:19.707, 0, GPU-0bdcb407-7b87-b47c-6abb-da4f71d4ac1a, Tesla T4, 0, 0, 0, 15360, 9.35, 27
2026/09/14 21:00:20.719, 0, GPU-0bdcb407-7b87-b47c-6abb-da4f71d4ac1a, Tesla T4, 0, 0, 0, 15360, 9.34, 27
2026/09/14 21:00:21.731, 0, GPU-0bdcb407-7b87-b47c-6abb-da4f71d4ac1a, Tesla T4, 0, 0, 0, 15360, 9.44, 27
2026/09/14 21:00:22.744, 0, GPU-0bdcb407-7b87-b47c-6abb-da4f71d4ac1a, Tesla T4, 0, 0, 0, 15360, 9.54, 27
2026/09/14 21:00:23.757, 0, GPU-0bdcb407-7b87-b47c-6abb-da4f71d4ac1a, Tesla T4, 0, 0, 0, 15360, 9.54, 27
2026/09/14 21:00:24.770, 0, GPU-0bdcb407-7b87-b47c-6abb-da4f71d4ac1a, Tesla T4, 0, 0, 0, 15360, 10.04, 27
2026/09/14 21:00:25.781, 0, GPU-0bdcb407-7b87-b47c-6abb-da4f71d4ac1a, Tesla T4, 0, 0, 0, 15360, 9.25, 27
2026/09/14 21:00:26.800, 0, GPU-0bdcb407-7b87-b47c-6abb-da4f71d4ac1a, Tesla T4, 0, 0, 0, 15360, 9.64, 27
2026/09/14 21:00:27.812, 0, GPU-0bdcb407-7b87-b47c-6abb-da4f71d4ac1a, Tesla T4, 0, 0, 0, 15360, 9.44, 27
2026/09/14 21:00:28.826, 0, GPU-0bdcb407-7b87-b47c-6abb-da4f71d4ac1a, Tesla T4, 0, 0, 0, 15360, 9.35, 27
2026/09/14 21:00:29.838, 0, GPU-0bdcb407-7b87-b47c-6abb-da4f71d4ac1a, Tesla T4, 0, 0, 0, 15360, 9.44, 27
2026/09/14 21:00:30.851, 0, GPU-0bdcb407-7b87-b47c-6abb-da4f71d4ac1a, Tesla T4, 0, 0, 0, 15360, 9.44, 27
2026/09/14 21:00:31.864, 0, GPU-0bdcb407-7b87-b47c-6abb-da4f71d4ac1a, Tesla T4, 0, 0, 0, 15360, 9.44, 27
2026/09/14 21:00:32.877, 0, GPU-0bdcb407-7b87-b47c-6abb-da4f71d4ac1a, Tesla T4, 0, 0, 0, 15360, 9.54, 27
2026/09/14 21:00:33.889, 0, GPU-0bdcb407-7b87-b47c-6abb-da4f71d4ac1a, Tesla T4, 0, 0, 0, 15360, 9.25, 27
2026/09/14 21:00:34.901, 0, GPU-0bdcb407-7b87-b47c-6abb-da4f71d4ac1a, Tesla T4, 0, 0, 0, 15360, 9.25, 27
2026/09/14 21:00:35.913, 0, GPU-0bdcb407-7b87-b47c-6abb-da4f71d4ac1a, Tesla T4, 0, 0, 0, 15360, 11.92, 27
2026/09/14 21:00:36.925, 0, GPU-0bdcb407-7b87-b47c-6abb-da4f71d4ac1a, Tesla T4, 0, 0, 0, 15360, 9.54, 27
2026/09/14 21:00:37.937, 0, GPU-0bdcb407-7b87-b47c-6abb-da4f71d4ac1a, Tesla T4, 0, 0, 0, 15360, 9.35, 27
2026/09/14 21:00:38.949, 0, GPU-0bdcb407-7b87-b47c-6abb-da4f71d4ac1a, Tesla T4, 0, 0, 0, 15360, 9.44, 27
2026/09/14 21:00:39.962, 0, GPU-0bdcb407-7b87-b47c-6abb-da4f71d4ac1a, Tesla T4, 0, 0, 0, 15360, 9.25, 27
2026/09/14 21:00:40.974, 0, GPU-0bdcb407-7b87-b47c-6abb-da4f71d4ac1a, Tesla T4, 0, 0, 0, 15360, 9.44, 27
2026/09/14 21:00:41.986, 0, GPU-0bdcb407-7b87-b47c-6abb-da4f71d4ac1a, Tesla T4, 0, 0, 0, 15360, 9.44, 26
2026/09/14 21:00:42.998, 0, GPU-0bdcb407-7b87-b47c-6abb-da4f71d4ac1a, Tesla T4, 0, 0, 0, 15360, 9.64, 26
2026/09/14 21:00:44.011, 0, GPU-0bdcb407-7b87-b47c-6abb-da4f71d4ac1a, Tesla T4, 0, 0, 0, 15360, 9.44, 27
2026/09/14 21:00:45.023, 0, GPU-0bdcb407-7b87-b47c-6abb-da4f71d4ac1a, Tesla T4, 0, 0, 0, 15360, 9.35, 27
2026/09/14 21:00:46.035, 0, GPU-0bdcb407-7b87-b47c-6abb-da4f71d4ac1a, Tesla T4, 0, 0, 0, 15360, 10.04, 26
2026/09/14 21:00:47.047, 0, GPU-0bdcb407-7b87-b47c-6abb-da4f71d4ac1a, Tesla T4, 0, 0, 0, 15360, 9.35, 27
2026/09/14 21:00:48.060, 0, GPU-0bdcb407-7b87-b47c-6abb-da4f71d4ac1a, Tesla T4, 0, 0, 0, 15360, 9.54, 26
2026/09/14 21:00:49.072, 0, GPU-0bdcb407-7b87-b47c-6abb-da4f71d4ac1a, Tesla T4, 0, 0, 0, 15360, 9.54, 26
2026/09/14 21:00:50.085, 0, GPU-0bdcb407-7b87-b47c-6abb-da4f71d4ac1a, Tesla T4, 0, 0, 0, 15360, 9.44, 26
2026/09/14 21:00:51.097, 0, GPU-0bdcb407-7b87-b47c-6abb-da4f71d4ac1a, Tesla T4, 0, 0, 0, 15360, 11.91, 26
2026/09/14 21:00:52.109, 0, GPU-0bdcb407-7b87-b47c-6abb-da4f71d4ac1a, Tesla T4, 0, 0, 0, 15360, 10.63, 26
2026/09/14 21:00:53.121, 0, GPU-0bdcb407-7b87-b47c-6abb-da4f71d4ac1a, Tesla T4, 0, 0, 0, 15360, 9.25, 26
2026/09/14 21:00:54.133, 0, GPU-0bdcb407-7b87-b47c-6abb-da4f71d4ac1a, Tesla T4, 0, 0, 0, 15360, 9.25, 26
2026/09/14 21:00:55.145, 0, GPU-0bdcb407-7b87-b47c-6abb-da4f71d4ac1a, Tesla T4, 0, 0, 0, 15360, 9.44, 26
2026/09/14 21:00:56.157, 0, GPU-0bdcb407-7b87-b47c-6abb-da4f71d4ac1a, Tesla T4, 0, 0, 0, 15360, 9.44, 26
2026/09/14 21:00:57.169, 0, GPU-0bdcb407-7b87-b47c-6abb-da4f71d4ac1a, Tesla T4, 0, 0, 0, 15360, 9.44, 26
2026/09/14 21:00:58.181, 0, GPU-0bdcb407-7b87-b47c-6abb-da4f71d4ac1a, Tesla T4, 0, 0, 0, 15360, 9.15, 26
2026/09/14 21:00:59.193, 0, GPU-0bdcb407-7b87-b47c-6abb-da4f71d4ac1a, Tesla T4, 0, 0, 0, 15360, 9.24, 26
2026/09/14 21:01:00.206, 0, GPU-0bdcb407-7b87-b47c-6abb-da4f71d4ac1a, Tesla T4, 0, 0, 0, 15360, 9.34, 26
2026/09/14 21:01:01.218, 0, GPU-0bdcb407-7b87-b47c-6abb-da4f71d4ac1a, Tesla T4, 0, 0, 0, 15360, 9.94, 26
2026/09/14 21:01:02.230, 0, GPU-0bdcb407-7b87-b47c-6abb-da4f71d4ac1a, Tesla T4, 0, 0, 0, 15360, 9.24, 26
2026/09/14 21:01:03.242, 0, GPU-0bdcb407-7b87-b47c-6abb-da4f71d4ac1a, Tesla T4, 0, 0, 0, 15360, 9.24, 26
2026/09/14 21:01:04.255, 0, GPU-0bdcb407-7b87-b47c-6abb-da4f71d4ac1a, Tesla T4, 0, 0, 0, 15360, 9.25, 26
2026/09/14 21:01:05.267, 0, GPU-0bdcb407-7b87-b47c-6abb-da4f71d4ac1a, Tesla T4, 0, 0, 0, 15360, 9.44, 26
2026/09/14 21:01:06.279, 0, GPU-0bdcb407-7b87-b47c-6abb-da4f71d4ac1a, Tesla T4, 0, 0, 0, 15360, 9.35, 26
2026/09/14 21:01:07.291, 0, GPU-0bdcb407-7b87-b47c-6abb-da4f71d4ac1a, Tesla T4, 0, 0, 0, 15360, 9.35, 26
2026/09/14 21:01:08.304, 0, GPU-0bdcb407-7b87-b47c-6abb-da4f71d4ac1a, Tesla T4, 0, 0, 0, 15360, 9.44, 26
2026/09/14 21:01:09.316, 0, GPU-0bdcb407-7b87-b47c-6abb-da4f71d4ac1a, Tesla T4, 0, 0, 0, 15360, 9.74, 26
2026/09/14 21:01:10.329, 0, GPU-0bdcb407-7b87-b47c-6abb-da4f71d4ac1a, Tesla T4, 0, 0, 0, 15360, 9.25, 26
2026/09/14 21:01:11.340, 0, GPU-0bdcb407-7b87-b47c-6abb-da4f71d4ac1a, Tesla T4, 0, 0, 0, 15360, 9.94, 26
2026/09/14 21:01:12.353, 0, GPU-0bdcb407-7b87-b47c-6abb-da4f71d4ac1a, Tesla T4, 0, 0, 0, 15360, 9.25, 26
2026/09/14 21:01:13.365, 0, GPU-0bdcb407-7b87-b47c-6abb-da4f71d4ac1a, Tesla T4, 0, 0, 0, 15360, 9.44, 26
2026/09/14 21:01:14.377, 0, GPU-0bdcb407-7b87-b47c-6abb-da4f71d4ac1a, Tesla T4, 0, 0, 0, 15360, 9.25, 26
2026/09/14 21:01:15.390, 0, GPU-0bdcb407-7b87-b47c-6abb-da4f71d4ac1a, Tesla T4, 0, 0, 0, 15360, 9.35, 26
2026/09/14 21:01:16.401, 0, GPU-0bdcb407-7b87-b47c-6abb-da4f71d4ac1a, Tesla T4, 0, 0, 0, 15360, 9.44, 26
2026/09/14 21:01:17.413, 0, GPU-0bdcb407-7b87-b47c-6abb-da4f71d4ac1a, Tesla T4, 0, 0, 0, 15360, 9.15, 26
2026/09/14 21:01:18.426, 0, GPU-0bdcb407-7b87-b47c-6abb-da4f71d4ac1a, Tesla T4, 0, 0, 0, 15360, 9.25, 26
2026/09/14 21:01:19.438, 0, GPU-0bdcb407-7b87-b47c-6abb-da4f71d4ac1a, Tesla T4, 0, 0, 0, 15360, 9.15, 26
2026/09/14 21:01:20.451, 0, GPU-0bdcb407-7b87-b47c-6abb-da4f71d4ac1a, Tesla T4, 0, 0, 0, 15360, 10.93, 26
2026/09/14 21:01:21.464, 0, GPU-0bdcb407-7b87-b47c-6abb-da4f71d4ac1a, Tesla T4, 0, 0, 0, 15360, 9.54, 26
2026/09/14 21:01:22.476, 0, GPU-0bdcb407-7b87-b47c-6abb-da4f71d4ac1a, Tesla T4, 0, 0, 0, 15360, 9.35, 26
2026/09/14 21:01:23.489, 0, GPU-0bdcb407-7b87-b47c-6abb-da4f71d4ac1a, Tesla T4, 0, 0, 0, 15360, 9.25, 26
2026/09/14 21:01:24.501, 0, GPU-0bdcb407-7b87-b47c-6abb-da4f71d4ac1a, Tesla T4, 0, 0, 0, 15360, 9.25, 26
2026/09/14 21:01:25.514, 0, GPU-0bdcb407-7b87-b47c-6abb-da4f71d4ac1a, Tesla T4, 0, 0, 0, 15360, 9.25, 26
2026/09/14 21:01:26.526, 0, GPU-0bdcb407-7b87-b47c-6abb-da4f71d4ac1a, Tesla T4, 0, 0, 0, 15360, 9.44, 26
2026/09/14 21:01:27.538, 0, GPU-0bdcb407-7b87-b47c-6abb-da4f71d4ac1a, Tesla T4, 0, 0, 0, 15360, 9.64, 26
2026/09/14 21:01:28.550, 0, GPU-0bdcb407-7b87-b47c-6abb-da4f71d4ac1a, Tesla T4, 0, 0, 0, 15360, 9.35, 26
2026/09/14 21:01:29.563, 0, GPU-0bdcb407-7b87-b47c-6abb-da4f71d4ac1a, Tesla T4, 0, 0, 0, 15360, 9.25, 26
2026/09/14 21:01:30.575, 0, GPU-0bdcb407-7b87-b47c-6abb-da4f71d4ac1a, Tesla T4, 0, 0, 0, 15360, 9.15, 26
2026/09/14 21:01:31.586, 0, GPU-0bdcb407-7b87-b47c-6abb-da4f71d4ac1a, Tesla T4, 0, 0, 0, 15360, 9.44, 26
2026/09/14 21:01:32.599, 0, GPU-0bdcb407-7b87-b47c-6abb-da4f71d4ac1a, Tesla T4, 0, 0, 0, 15360, 9.24, 26
2026/09/14 21:01:33.612, 0, GPU-0bdcb407-7b87-b47c-6abb-da4f71d4ac1a, Tesla T4, 0, 0, 0, 15360, 9.25, 26
2026/09/14 21:01:34.624, 0, GPU-0bdcb407-7b87-b47c-6abb-da4f71d4ac1a, Tesla T4, 0, 0, 0, 15360, 9.44, 26
2026/09/14 21:01:35.637, 0, GPU-0bdcb407-7b87-b47c-6abb-da4f71d4ac1a, Tesla T4, 0, 0, 0, 15360, 9.44, 26
2026/09/14 21:01:36.649, 0, GPU-0bdcb407-7b87-b47c-6abb-da4f71d4ac1a, Tesla T4, 0, 0, 0, 15360, 9.25, 26
2026/09/14 21:01:37.661, 0, GPU-0bdcb407-7b87-b47c-6abb-da4f71d4ac1a, Tesla T4, 0, 0, 0, 15360, 9.44, 26
2026/09/14 21:01:38.674, 0, GPU-0bdcb407-7b87-b47c-6abb-da4f71d4ac1a, Tesla T4, 0, 0, 0, 15360, 9.25, 26
2026/09/14 21:01:39.686, 0, GPU-0bdcb407-7b87-b47c-6abb-da4f71d4ac1a, Tesla T4, 0, 0, 0, 15360, 9.35, 26
2026/09/14 21:01:40.698, 0, GPU-0bdcb407-7b87-b47c-6abb-da4f71d4ac1a, Tesla T4, 0, 0, 0, 15360, 9.35, 26
2026/09/14 21:01:41.710, 0, GPU-0bdcb407-7b87-b47c-6abb-da4f71d4ac1a, Tesla T4, 0, 0, 0, 15360, 9.44, 26
2026/09/14 21:01:42.722, 0, GPU-0bdcb407-7b87-b47c-6abb-da4f71d4ac1a, Tesla T4, 0, 0, 0, 15360, 9.54, 26
2026/09/14 21:01:43.735, 0, GPU-0bdcb407-7b87-b47c-6abb-da4f71d4ac1a, Tesla T4, 0, 0, 0, 15360, 9.25, 26
2026/09/14 21:01:44.747, 0, GPU-0bdcb407-7b87-b47c-6abb-da4f71d4ac1a, Tesla T4, 0, 0, 0, 15360, 9.54, 26
2026/09/14 21:01:45.759, 0, GPU-0bdcb407-7b87-b47c-6abb-da4f71d4ac1a, Tesla T4, 0, 0, 0, 15360, 9.74, 26
2026/09/14 21:01:46.771, 0, GPU-0bdcb407-7b87-b47c-6abb-da4f71d4ac1a, Tesla T4, 0, 0, 0, 15360, 9.25, 26
2026/09/14 21:01:47.784, 0, GPU-0bdcb407-7b87-b47c-6abb-da4f71d4ac1a, Tesla T4, 0, 0, 0, 15360, 9.25, 26
2026/09/14 21:01:48.796, 0, GPU-0bdcb407-7b87-b47c-6abb-da4f71d4ac1a, Tesla T4, 0, 0, 0, 15360, 10.24, 26
2026/09/14 21:01:49.808, 0, GPU-0bdcb407-7b87-b47c-6abb-da4f71d4ac1a, Tesla T4, 0, 0, 0, 15360, 9.44, 26
2026/09/14 21:01:50.821, 0, GPU-0bdcb407-7b87-b47c-6abb-da4f71d4ac1a, Tesla T4, 0, 0, 0, 15360, 9.44, 26
2026/09/14 21:01:51.832, 0, GPU-0bdcb407-7b87-b47c-6abb-da4f71d4ac1a, Tesla T4, 0, 0, 0, 15360, 9.15, 26
2026/09/14 21:01:52.845, 0, GPU-0bdcb407-7b87-b47c-6abb-da4f71d4ac1a, Tesla T4, 0, 0, 0, 15360, 9.25, 26
2026/09/14 21:01:53.857, 0, GPU-0bdcb407-7b87-b47c-6abb-da4f71d4ac1a, Tesla T4, 0, 0, 0, 15360, 9.44, 26
2026/09/14 21:01:54.870, 0, GPU-0bdcb407-7b87-b47c-6abb-da4f71d4ac1a, Tesla T4, 0, 0, 0, 15360, 9.25, 26
2026/09/14 21:01:55.882, 0, GPU-0bdcb407-7b87-b47c-6abb-da4f71d4ac1a, Tesla T4, 0, 0, 0, 15360, 9.35, 26
2026/09/14 21:01:56.894, 0, GPU-0bdcb407-7b87-b47c-6abb-da4f71d4ac1a, Tesla T4, 0, 0, 0, 15360, 9.15, 26
2026/09/14 21:01:57.906, 0, GPU-0bdcb407-7b87-b47c-6abb-da4f71d4ac1a, Tesla T4, 0, 0, 0, 15360, 11.02, 26
2026/09/14 21:01:58.920, 0, GPU-0bdcb407-7b87-b47c-6abb-da4f71d4ac1a, Tesla T4, 0, 0, 0, 15360, 9.25, 26
2026/09/14 21:01:59.932, 0, GPU-0bdcb407-7b87-b47c-6abb-da4f71d4ac1a, Tesla T4, 0, 0, 0, 15360, 9.25, 26
2026/09/14 21:02:00.945, 0, GPU-0bdcb407-7b87-b47c-6abb-da4f71d4ac1a, Tesla T4, 0, 0, 0, 15360, 9.35, 26
2026/09/14 21:02:01.957, 0, GPU-0bdcb407-7b87-b47c-6abb-da4f71d4ac1a, Tesla T4, 0, 0, 0, 15360, 9.44, 26
2026/09/14 21:02:02.969, 0, GPU-0bdcb407-7b87-b47c-6abb-da4f71d4ac1a, Tesla T4, 0, 0, 0, 15360, 9.35, 26
2026/09/14 21:02:03.982, 0, GPU-0bdcb407-7b87-b47c-6abb-da4f71d4ac1a, Tesla T4, 0, 0, 0, 15360, 9.64, 26
2026/09/14 21:02:04.994, 0, GPU-0bdcb407-7b87-b47c-6abb-da4f71d4ac1a, Tesla T4, 0, 0, 0, 15360, 9.44, 26
2026/09/14 21:02:06.009, 0, GPU-0bdcb407-7b87-b47c-6abb-da4f71d4ac1a, Tesla T4, 0, 0, 0, 15360, 9.25, 26
2026/09/14 21:02:07.021, 0, GPU-0bdcb407-7b87-b47c-6abb-da4f71d4ac1a, Tesla T4, 0, 0, 0, 15360, 11.12, 26
2026/09/14 21:02:08.034, 0, GPU-0bdcb407-7b87-b47c-6abb-da4f71d4ac1a, Tesla T4, 0, 0, 0, 15360, 9.84, 26
2026/09/14 21:02:09.046, 0, GPU-0bdcb407-7b87-b47c-6abb-da4f71d4ac1a, Tesla T4, 0, 0, 0, 15360, 9.64, 26
2026/09/14 21:02:10.058, 0, GPU-0bdcb407-7b87-b47c-6abb-da4f71d4ac1a, Tesla T4, 0, 0, 0, 15360, 9.64, 26
2026/09/14 21:02:11.070, 0, GPU-0bdcb407-7b87-b47c-6abb-da4f71d4ac1a, Tesla T4, 0, 0, 0, 15360, 9.74, 26
2026/09/14 21:02:12.082, 0, GPU-0bdcb407-7b87-b47c-6abb-da4f71d4ac1a, Tesla T4, 0, 0, 0, 15360, 9.84, 26
2026/09/14 21:02:13.094, 0, GPU-0bdcb407-7b87-b47c-6abb-da4f71d4ac1a, Tesla T4, 0, 0, 0, 15360, 9.84, 26
2026/09/14 21:02:14.107, 0, GPU-0bdcb407-7b87-b47c-6abb-da4f71d4ac1a, Tesla T4, 0, 0, 0, 15360, 9.44, 26
2026/09/14 21:02:15.119, 0, GPU-0bdcb407-7b87-b47c-6abb-da4f71d4ac1a, Tesla T4, 0, 0, 0, 15360, 9.64, 26
2026/09/14 21:02:16.131, 0, GPU-0bdcb407-7b87-b47c-6abb-da4f71d4ac1a, Tesla T4, 0, 0, 0, 15360, 9.94, 26
2026/09/14 21:02:17.143, 0, GPU-0bdcb407-7b87-b47c-6abb-da4f71d4ac1a, Tesla T4, 0, 0, 0, 15360, 9.24, 26
2026/09/14 21:02:18.155, 0, GPU-0bdcb407-7b87-b47c-6abb-da4f71d4ac1a, Tesla T4, 0, 0, 0, 15360, 9.44, 26
2026/09/14 21:02:19.168, 0, GPU-0bdcb407-7b87-b47c-6abb-da4f71d4ac1a, Tesla T4, 0, 0, 0, 15360, 9.44, 26
2026/09/14 21:02:20.180, 0, GPU-0bdcb407-7b87-b47c-6abb-da4f71d4ac1a, Tesla T4, 0, 0, 0, 15360, 9.25, 26
2026/09/14 21:02:21.192, 0, GPU-0bdcb407-7b87-b47c-6abb-da4f71d4ac1a, Tesla T4, 0, 0, 0, 15360, 9.25, 26
2026/09/14 21:02:22.204, 0, GPU-0bdcb407-7b87-b47c-6abb-da4f71d4ac1a, Tesla T4, 0, 0, 0, 15360, 9.54, 26
2026/09/14 21:02:23.217, 0, GPU-0bdcb407-7b87-b47c-6abb-da4f71d4ac1a, Tesla T4, 0, 0, 0, 15360, 9.15, 26
2026/09/14 21:02:24.229, 0, GPU-0bdcb407-7b87-b47c-6abb-da4f71d4ac1a, Tesla T4, 0, 0, 0, 15360, 9.25, 26
2026/09/14 21:02:25.242, 0, GPU-0bdcb407-7b87-b47c-6abb-da4f71d4ac1a, Tesla T4, 0, 0, 0, 15360, 9.25, 26
2026/09/14 21:02:26.254, 0, GPU-0bdcb407-7b87-b47c-6abb-da4f71d4ac1a, Tesla T4, 0, 0, 0, 15360, 9.74, 26
2026/09/14 21:02:27.266, 0, GPU-0bdcb407-7b87-b47c-6abb-da4f71d4ac1a, Tesla T4, 0, 0, 0, 15360, 9.15, 26
2026/09/14 21:02:28.278, 0, GPU-0bdcb407-7b87-b47c-6abb-da4f71d4ac1a, Tesla T4, 0, 0, 0, 15360, 9.35, 26
2026/09/14 21:02:29.291, 0, GPU-0bdcb407-7b87-b47c-6abb-da4f71d4ac1a, Tesla T4, 0, 0, 0, 15360, 9.35, 26
2026/09/14 21:02:30.303, 0, GPU-0bdcb407-7b87-b47c-6abb-da4f71d4ac1a, Tesla T4, 0, 0, 0, 15360, 9.15, 26
2026/09/14 21:02:31.315, 0, GPU-0bdcb407-7b87-b47c-6abb-da4f71d4ac1a, Tesla T4, 0, 0, 0, 15360, 9.15, 26
2026/09/14 21:02:32.327, 0, GPU-0bdcb407-7b87-b47c-6abb-da4f71d4ac1a, Tesla T4, 0, 0, 0, 15360, 9.15, 26
2026/09/14 21:02:33.339, 0, GPU-0bdcb407-7b87-b47c-6abb-da4f71d4ac1a, Tesla T4, 0, 0, 0, 15360, 9.15, 26
2026/09/14 21:02:34.351, 0, GPU-0bdcb407-7b87-b47c-6abb-da4f71d4ac1a, Tesla T4, 0, 0, 0, 15360, 9.25, 26
2026/09/14 21:02:35.364, 0, GPU-0bdcb407-7b87-b47c-6abb-da4f71d4ac1a, Tesla T4, 0, 0, 0, 15360, 11.02, 26
2026/09/14 21:02:36.377, 0, GPU-0bdcb407-7b87-b47c-6abb-da4f71d4ac1a, Tesla T4, 0, 0, 0, 15360, 9.25, 26
2026/09/14 21:02:37.389, 0, GPU-0bdcb407-7b87-b47c-6abb-da4f71d4ac1a, Tesla T4, 0, 0, 0, 15360, 9.25, 26
2026/09/14 21:02:38.402, 0, GPU-0bdcb407-7b87-b47c-6abb-da4f71d4ac1a, Tesla T4, 0, 0, 0, 15360, 9.25, 26
2026/09/14 21:02:39.414, 0, GPU-0bdcb407-7b87-b47c-6abb-da4f71d4ac1a, Tesla T4, 0, 0, 0, 15360, 9.44, 26
2026/09/14 21:02:40.426, 0, GPU-0bdcb407-7b87-b47c-6abb-da4f71d4ac1a, Tesla T4, 0, 0, 0, 15360, 9.84, 26
2026/09/14 21:02:41.439, 0, GPU-0bdcb407-7b87-b47c-6abb-da4f71d4ac1a, Tesla T4, 0, 0, 0, 15360, 9.35, 26
2026/09/14 21:02:42.451, 0, GPU-0bdcb407-7b87-b47c-6abb-da4f71d4ac1a, Tesla T4, 0, 0, 0, 15360, 9.25, 26
2026/09/14 21:02:43.463, 0, GPU-0bdcb407-7b87-b47c-6abb-da4f71d4ac1a, Tesla T4, 0, 0, 0, 15360, 9.25, 26
2026/09/14 21:02:44.475, 0, GPU-0bdcb407-7b87-b47c-6abb-da4f71d4ac1a, Tesla T4, 0, 0, 0, 15360, 9.44, 26
2026/09/14 21:02:45.488, 0, GPU-0bdcb407-7b87-b47c-6abb-da4f71d4ac1a, Tesla T4, 0, 0, 0, 15360, 9.25, 26
2026/09/14 21:02:46.500, 0, GPU-0bdcb407-7b87-b47c-6abb-da4f71d4ac1a, Tesla T4, 0, 0, 0, 15360, 9.35, 26
2026/09/14 21:02:47.512, 0, GPU-0bdcb407-7b87-b47c-6abb-da4f71d4ac1a, Tesla T4, 0, 0, 0, 15360, 9.15, 26
2026/09/14 21:02:48.524, 0, GPU-0bdcb407-7b87-b47c-6abb-da4f71d4ac1a, Tesla T4, 0, 0, 0, 15360, 9.15, 26
2026/09/14 21:02:49.536, 0, GPU-0bdcb407-7b87-b47c-6abb-da4f71d4ac1a, Tesla T4, 0, 0, 0, 15360, 9.35, 26
2026/09/14 21:02:50.549, 0, GPU-0bdcb407-7b87-b47c-6abb-da4f71d4ac1a, Tesla T4, 0, 0, 0, 15360, 9.15, 26
2026/09/14 21:02:51.561, 0, GPU-0bdcb407-7b87-b47c-6abb-da4f71d4ac1a, Tesla T4, 0, 0, 0, 15360, 9.24, 26
2026/09/14 21:02:52.573, 0, GPU-0bdcb407-7b87-b47c-6abb-da4f71d4ac1a, Tesla T4, 0, 0, 0, 15360, 9.15, 26
2026/09/14 21:02:53.585, 0, GPU-0bdcb407-7b87-b47c-6abb-da4f71d4ac1a, Tesla T4, 0, 0, 0, 15360, 9.35, 26
2026/09/14 21:02:54.598, 0, GPU-0bdcb407-7b87-b47c-6abb-da4f71d4ac1a, Tesla T4, 0, 0, 0, 15360, 9.54, 26
2026/09/14 21:02:55.610, 0, GPU-0bdcb407-7b87-b47c-6abb-da4f71d4ac1a, Tesla T4, 0, 0, 0, 15360, 9.44, 26
2026/09/14 21:02:56.624, 0, GPU-0bdcb407-7b87-b47c-6abb-da4f71d4ac1a, Tesla T4, 0, 0, 0, 15360, 9.15, 26
2026/09/14 21:02:57.635, 0, GPU-0bdcb407-7b87-b47c-6abb-da4f71d4ac1a, Tesla T4, 0, 0, 0, 15360, 9.25, 25
2026/09/14 21:02:58.648, 0, GPU-0bdcb407-7b87-b47c-6abb-da4f71d4ac1a, Tesla T4, 0, 0, 0, 15360, 9.64, 26
2026/09/14 21:02:59.660, 0, GPU-0bdcb407-7b87-b47c-6abb-da4f71d4ac1a, Tesla T4, 0, 0, 0, 15360, 9.25, 25
2026/09/14 21:03:00.672, 0, GPU-0bdcb407-7b87-b47c-6abb-da4f71d4ac1a, Tesla T4, 0, 0, 0, 15360, 9.15, 25
2026/09/14 21:03:01.685, 0, GPU-0bdcb407-7b87-b47c-6abb-da4f71d4ac1a, Tesla T4, 0, 0, 0, 15360, 9.15, 26
2026/09/14 21:03:02.697, 0, GPU-0bdcb407-7b87-b47c-6abb-da4f71d4ac1a, Tesla T4, 0, 0, 0, 15360, 9.15, 26
2026/09/14 21:03:03.709, 0, GPU-0bdcb407-7b87-b47c-6abb-da4f71d4ac1a, Tesla T4, 0, 0, 0, 15360, 10.23, 26
2026/09/14 21:03:04.722, 0, GPU-0bdcb407-7b87-b47c-6abb-da4f71d4ac1a, Tesla T4, 0, 0, 0, 15360, 9.15, 26
2026/09/14 21:03:05.734, 0, GPU-0bdcb407-7b87-b47c-6abb-da4f71d4ac1a, Tesla T4, 0, 0, 0, 15360, 9.15, 26
2026/09/14 21:03:06.746, 0, GPU-0bdcb407-7b87-b47c-6abb-da4f71d4ac1a, Tesla T4, 0, 0, 0, 15360, 9.15, 26
2026/09/14 21:03:07.757, 0, GPU-0bdcb407-7b87-b47c-6abb-da4f71d4ac1a, Tesla T4, 0, 0, 0, 15360, 9.15, 26
2026/09/14 21:03:08.770, 0, GPU-0bdcb407-7b87-b47c-6abb-da4f71d4ac1a, Tesla T4, 0, 0, 0, 15360, 9.15, 26
2026/09/14 21:03:09.782, 0, GPU-0bdcb407-7b87-b47c-6abb-da4f71d4ac1a, Tesla T4, 0, 0, 0, 15360, 9.35, 26
2026/09/14 21:03:10.795, 0, GPU-0bdcb407-7b87-b47c-6abb-da4f71d4ac1a, Tesla T4, 0, 0, 0, 15360, 9.25, 26
2026/09/14 21:03:11.807, 0, GPU-0bdcb407-7b87-b47c-6abb-da4f71d4ac1a, Tesla T4, 0, 0, 0, 15360, 9.54, 26
2026/09/14 21:03:12.818, 0, GPU-0bdcb407-7b87-b47c-6abb-da4f71d4ac1a, Tesla T4, 0, 0, 0, 15360, 9.15, 26
2026/09/14 21:03:13.831, 0, GPU-0bdcb407-7b87-b47c-6abb-da4f71d4ac1a, Tesla T4, 0, 0, 0, 15360, 9.35, 25
2026/09/14 21:03:14.843, 0, GPU-0bdcb407-7b87-b47c-6abb-da4f71d4ac1a, Tesla T4, 0, 0, 0, 15360, 9.15, 26
2026/09/14 21:03:15.855, 0, GPU-0bdcb407-7b87-b47c-6abb-da4f71d4ac1a, Tesla T4, 0, 0, 0, 15360, 9.25, 25
2026/09/14 21:03:16.867, 0, GPU-0bdcb407-7b87-b47c-6abb-da4f71d4ac1a, Tesla T4, 0, 0, 0, 15360, 9.54, 26
2026/09/14 21:03:17.879, 0, GPU-0bdcb407-7b87-b47c-6abb-da4f71d4ac1a, Tesla T4, 0, 0, 0, 15360, 9.35, 26
2026/09/14 21:03:18.893, 0, GPU-0bdcb407-7b87-b47c-6abb-da4f71d4ac1a, Tesla T4, 0, 0, 0, 15360, 9.15, 26
2026/09/14 21:03:19.905, 0, GPU-0bdcb407-7b87-b47c-6abb-da4f71d4ac1a, Tesla T4, 0, 0, 0, 15360, 9.35, 26
2026/09/14 21:03:20.917, 0, GPU-0bdcb407-7b87-b47c-6abb-da4f71d4ac1a, Tesla T4, 0, 0, 0, 15360, 9.15, 26
2026/09/14 21:03:21.930, 0, GPU-0bdcb407-7b87-b47c-6abb-da4f71d4ac1a, Tesla T4, 0, 0, 0, 15360, 9.35, 26
2026/09/14 21:03:22.942, 0, GPU-0bdcb407-7b87-b47c-6abb-da4f71d4ac1a, Tesla T4, 0, 0, 0, 15360, 9.44, 26
2026/09/14 21:03:23.954, 0, GPU-0bdcb407-7b87-b47c-6abb-da4f71d4ac1a, Tesla T4, 0, 0, 0, 15360, 9.35, 25
2026/09/14 21:03:24.966, 0, GPU-0bdcb407-7b87-b47c-6abb-da4f71d4ac1a, Tesla T4, 0, 0, 0, 15360, 9.15, 26
2026/09/14 21:03:25.979, 0, GPU-0bdcb407-7b87-b47c-6abb-da4f71d4ac1a, Tesla T4, 0, 0, 0, 15360, 9.15, 25
2026/09/14 21:03:26.991, 0, GPU-0bdcb407-7b87-b47c-6abb-da4f71d4ac1a, Tesla T4, 0, 0, 0, 15360, 9.35, 26
2026/09/14 21:03:28.002, 0, GPU-0bdcb407-7b87-b47c-6abb-da4f71d4ac1a, Tesla T4, 0, 0, 0, 15360, 9.25, 25
2026/09/14 21:03:29.015, 0, GPU-0bdcb407-7b87-b47c-6abb-da4f71d4ac1a, Tesla T4, 0, 0, 0, 15360, 9.25, 26
2026/09/14 21:03:30.027, 0, GPU-0bdcb407-7b87-b47c-6abb-da4f71d4ac1a, Tesla T4, 0, 0, 0, 15360, 9.54, 26
2026/09/14 21:03:31.039, 0, GPU-0bdcb407-7b87-b47c-6abb-da4f71d4ac1a, Tesla T4, 0, 0, 0, 15360, 9.35, 25
2026/09/14 21:03:32.051, 0, GPU-0bdcb407-7b87-b47c-6abb-da4f71d4ac1a, Tesla T4, 0, 0, 0, 15360, 10.14, 25
2026/09/14 21:03:33.063, 0, GPU-0bdcb407-7b87-b47c-6abb-da4f71d4ac1a, Tesla T4, 0, 0, 0, 15360, 9.25, 25
2026/09/14 21:03:34.075, 0, GPU-0bdcb407-7b87-b47c-6abb-da4f71d4ac1a, Tesla T4, 0, 0, 0, 15360, 9.25, 25
2026/09/14 21:03:35.087, 0, GPU-0bdcb407-7b87-b47c-6abb-da4f71d4ac1a, Tesla T4, 0, 0, 0, 15360, 9.74, 26
2026/09/14 21:03:36.100, 0, GPU-0bdcb407-7b87-b47c-6abb-da4f71d4ac1a, Tesla T4, 0, 0, 0, 15360, 9.25, 25
2026/09/14 21:03:37.112, 0, GPU-0bdcb407-7b87-b47c-6abb-da4f71d4ac1a, Tesla T4, 0, 0, 0, 15360, 9.35, 25
2026/09/14 21:03:38.124, 0, GPU-0bdcb407-7b87-b47c-6abb-da4f71d4ac1a, Tesla T4, 0, 0, 0, 15360, 9.25, 26
2026/09/14 21:03:39.137, 0, GPU-0bdcb407-7b87-b47c-6abb-da4f71d4ac1a, Tesla T4, 0, 0, 0, 15360, 9.35, 26
2026/09/14 21:03:40.149, 0, GPU-0bdcb407-7b87-b47c-6abb-da4f71d4ac1a, Tesla T4, 0, 0, 0, 15360, 9.25, 26
2026/09/14 21:03:41.162, 0, GPU-0bdcb407-7b87-b47c-6abb-da4f71d4ac1a, Tesla T4, 0, 0, 0, 15360, 10.83, 26
2026/09/14 21:03:42.175, 0, GPU-0bdcb407-7b87-b47c-6abb-da4f71d4ac1a, Tesla T4, 0, 0, 0, 15360, 9.15, 26
2026/09/14 21:03:43.187, 0, GPU-0bdcb407-7b87-b47c-6abb-da4f71d4ac1a, Tesla T4, 0, 0, 0, 15360, 9.15, 25
2026/09/14 21:03:44.200, 0, GPU-0bdcb407-7b87-b47c-6abb-da4f71d4ac1a, Tesla T4, 0, 0, 0, 15360, 9.35, 25
2026/09/14 21:03:45.212, 0, GPU-0bdcb407-7b87-b47c-6abb-da4f71d4ac1a, Tesla T4, 0, 0, 0, 15360, 9.15, 26
2026/09/14 21:03:46.224, 0, GPU-0bdcb407-7b87-b47c-6abb-da4f71d4ac1a, Tesla T4, 0, 0, 0, 15360, 9.15, 26
2026/09/14 21:03:47.236, 0, GPU-0bdcb407-7b87-b47c-6abb-da4f71d4ac1a, Tesla T4, 0, 0, 0, 15360, 9.25, 26
2026/09/14 21:03:48.248, 0, GPU-0bdcb407-7b87-b47c-6abb-da4f71d4ac1a, Tesla T4, 0, 0, 0, 15360, 9.35, 26
2026/09/14 21:03:49.260, 0, GPU-0bdcb407-7b87-b47c-6abb-da4f71d4ac1a, Tesla T4, 0, 0, 0, 15360, 9.15, 26
2026/09/14 21:03:50.273, 0, GPU-0bdcb407-7b87-b47c-6abb-da4f71d4ac1a, Tesla T4, 0, 0, 0, 15360, 9.25, 26
2026/09/14 21:03:51.285, 0, GPU-0bdcb407-7b87-b47c-6abb-da4f71d4ac1a, Tesla T4, 0, 0, 0, 15360, 9.25, 25
2026/09/14 21:03:52.297, 0, GPU-0bdcb407-7b87-b47c-6abb-da4f71d4ac1a, Tesla T4, 0, 0, 0, 15360, 9.25, 26
2026/09/14 21:03:53.309, 0, GPU-0bdcb407-7b87-b47c-6abb-da4f71d4ac1a, Tesla T4, 0, 0, 0, 15360, 9.64, 26
2026/09/14 21:03:54.322, 0, GPU-0bdcb407-7b87-b47c-6abb-da4f71d4ac1a, Tesla T4, 0, 0, 0, 15360, 9.25, 26
2026/09/14 21:03:55.334, 0, GPU-0bdcb407-7b87-b47c-6abb-da4f71d4ac1a, Tesla T4, 0, 0, 0, 15360, 9.25, 25
2026/09/14 21:03:56.347, 0, GPU-0bdcb407-7b87-b47c-6abb-da4f71d4ac1a, Tesla T4, 0, 0, 0, 15360, 9.15, 26
2026/09/14 21:03:57.359, 0, GPU-0bdcb407-7b87-b47c-6abb-da4f71d4ac1a, Tesla T4, 0, 0, 0, 15360, 9.35, 26
2026/09/14 21:03:58.371, 0, GPU-0bdcb407-7b87-b47c-6abb-da4f71d4ac1a, Tesla T4, 0, 0, 0, 15360, 9.25, 26
2026/09/14 21:03:59.384, 0, GPU-0bdcb407-7b87-b47c-6abb-da4f71d4ac1a, Tesla T4, 0, 0, 0, 15360, 9.35, 25
2026/09/14 21:04:00.396, 0, GPU-0bdcb407-7b87-b47c-6abb-da4f71d4ac1a, Tesla T4, 0, 0, 0, 15360, 9.15, 26
2026/09/14 21:04:01.409, 0, GPU-0bdcb407-7b87-b47c-6abb-da4f71d4ac1a, Tesla T4, 0, 0, 0, 15360, 9.15, 26
2026/09/14 21:04:02.421, 0, GPU-0bdcb407-7b87-b47c-6abb-da4f71d4ac1a, Tesla T4, 0, 0, 0, 15360, 9.15, 26
2026/09/14 21:04:03.433, 0, GPU-0bdcb407-7b87-b47c-6abb-da4f71d4ac1a, Tesla T4, 0, 0, 0, 15360, 9.15, 26
2026/09/14 21:04:04.445, 0, GPU-0bdcb407-7b87-b47c-6abb-da4f71d4ac1a, Tesla T4, 0, 0, 0, 15360, 9.34, 26
2026/09/14 21:04:05.457, 0, GPU-0bdcb407-7b87-b47c-6abb-da4f71d4ac1a, Tesla T4, 0, 0, 0, 15360, 9.25, 26
2026/09/14 21:04:06.469, 0, GPU-0bdcb407-7b87-b47c-6abb-da4f71d4ac1a, Tesla T4, 0, 0, 0, 15360, 9.54, 26
2026/09/14 21:04:07.482, 0, GPU-0bdcb407-7b87-b47c-6abb-da4f71d4ac1a, Tesla T4, 0, 0, 0, 15360, 9.25, 25
2026/09/14 21:04:08.494, 0, GPU-0bdcb407-7b87-b47c-6abb-da4f71d4ac1a, Tesla T4, 0, 0, 0, 15360, 9.35, 26
2026/09/14 21:04:09.506, 0, GPU-0bdcb407-7b87-b47c-6abb-da4f71d4ac1a, Tesla T4, 0, 0, 0, 15360, 9.44, 26
2026/09/14 21:04:10.519, 0, GPU-0bdcb407-7b87-b47c-6abb-da4f71d4ac1a, Tesla T4, 0, 0, 0, 15360, 9.44, 25
2026/09/14 21:04:11.531, 0, GPU-0bdcb407-7b87-b47c-6abb-da4f71d4ac1a, Tesla T4, 0, 0, 0, 15360, 9.44, 26
2026/09/14 21:04:12.543, 0, GPU-0bdcb407-7b87-b47c-6abb-da4f71d4ac1a, Tesla T4, 0, 0, 0, 15360, 9.44, 26
2026/09/14 21:04:13.555, 0, GPU-0bdcb407-7b87-b47c-6abb-da4f71d4ac1a, Tesla T4, 0, 0, 0, 15360, 9.15, 25
2026/09/14 21:04:14.568, 0, GPU-0bdcb407-7b87-b47c-6abb-da4f71d4ac1a, Tesla T4, 0, 0, 0, 15360, 9.44, 25
2026/09/14 21:04:15.580, 0, GPU-0bdcb407-7b87-b47c-6abb-da4f71d4ac1a, Tesla T4, 0, 0, 0, 15360, 9.25, 26
2026/09/14 21:04:16.593, 0, GPU-0bdcb407-7b87-b47c-6abb-da4f71d4ac1a, Tesla T4, 0, 0, 0, 15360, 9.15, 26
2026/09/14 21:04:17.605, 0, GPU-0bdcb407-7b87-b47c-6abb-da4f71d4ac1a, Tesla T4, 0, 0, 0, 15360, 9.15, 26
2026/09/14 21:04:18.617, 0, GPU-0bdcb407-7b87-b47c-6abb-da4f71d4ac1a, Tesla T4, 0, 0, 0, 15360, 9.74, 25
2026/09/14 21:04:19.630, 0, GPU-0bdcb407-7b87-b47c-6abb-da4f71d4ac1a, Tesla T4, 0, 0, 0, 15360, 9.15, 26
2026/09/14 21:04:20.642, 0, GPU-0bdcb407-7b87-b47c-6abb-da4f71d4ac1a, Tesla T4, 0, 0, 0, 15360, 9.25, 25
2026/09/14 21:04:21.654, 0, GPU-0bdcb407-7b87-b47c-6abb-da4f71d4ac1a, Tesla T4, 0, 0, 0, 15360, 9.15, 25
2026/09/14 21:04:22.667, 0, GPU-0bdcb407-7b87-b47c-6abb-da4f71d4ac1a, Tesla T4, 0, 0, 0, 15360, 9.15, 26
2026/09/14 21:04:23.679, 0, GPU-0bdcb407-7b87-b47c-6abb-da4f71d4ac1a, Tesla T4, 0, 0, 0, 15360, 9.24, 26
2026/09/14 21:04:24.692, 0, GPU-0bdcb407-7b87-b47c-6abb-da4f71d4ac1a, Tesla T4, 0, 0, 0, 15360, 9.44, 25
2026/09/14 21:04:25.704, 0, GPU-0bdcb407-7b87-b47c-6abb-da4f71d4ac1a, Tesla T4, 0, 0, 0, 15360, 9.34, 25
2026/09/14 21:04:26.716, 0, GPU-0bdcb407-7b87-b47c-6abb-da4f71d4ac1a, Tesla T4, 0, 0, 0, 15360, 9.15, 25
2026/09/14 21:04:27.728, 0, GPU-0bdcb407-7b87-b47c-6abb-da4f71d4ac1a, Tesla T4, 0, 0, 0, 15360, 10.04, 25
2026/09/14 21:04:28.740, 0, GPU-0bdcb407-7b87-b47c-6abb-da4f71d4ac1a, Tesla T4, 0, 0, 0, 15360, 9.24, 25
2026/09/14 21:04:29.752, 0, GPU-0bdcb407-7b87-b47c-6abb-da4f71d4ac1a, Tesla T4, 0, 0, 0, 15360, 9.34, 25
2026/09/14 21:04:30.764, 0, GPU-0bdcb407-7b87-b47c-6abb-da4f71d4ac1a, Tesla T4, 0, 0, 0, 15360, 9.24, 25
2026/09/14 21:04:31.777, 0, GPU-0bdcb407-7b87-b47c-6abb-da4f71d4ac1a, Tesla T4, 0, 0, 0, 15360, 9.15, 25
2026/09/14 21:04:32.789, 0, GPU-0bdcb407-7b87-b47c-6abb-da4f71d4ac1a, Tesla T4, 0, 0, 0, 15360, 9.34, 26
2026/09/14 21:04:33.805, 0, GPU-0bdcb407-7b87-b47c-6abb-da4f71d4ac1a, Tesla T4, 0, 0, 0, 15360, 9.15, 26
2026/09/14 21:04:34.818, 0, GPU-0bdcb407-7b87-b47c-6abb-da4f71d4ac1a, Tesla T4, 0, 0, 0, 15360, 9.25, 25
2026/09/14 21:04:35.830, 0, GPU-0bdcb407-7b87-b47c-6abb-da4f71d4ac1a, Tesla T4, 0, 0, 0, 15360, 9.15, 26
2026/09/14 21:04:36.843, 0, GPU-0bdcb407-7b87-b47c-6abb-da4f71d4ac1a, Tesla T4, 0, 0, 0, 15360, 9.35, 26
2026/09/14 21:04:37.855, 0, GPU-0bdcb407-7b87-b47c-6abb-da4f71d4ac1a, Tesla T4, 0, 0, 0, 15360, 11.32, 26
2026/09/14 21:04:38.868, 0, GPU-0bdcb407-7b87-b47c-6abb-da4f71d4ac1a, Tesla T4, 0, 0, 0, 15360, 9.34, 25
2026/09/14 21:04:39.881, 0, GPU-0bdcb407-7b87-b47c-6abb-da4f71d4ac1a, Tesla T4, 0, 0, 0, 15360, 9.25, 26
2026/09/14 21:04:40.893, 0, GPU-0bdcb407-7b87-b47c-6abb-da4f71d4ac1a, Tesla T4, 0, 0, 0, 15360, 9.15, 26
2026/09/14 21:04:41.905, 0, GPU-0bdcb407-7b87-b47c-6abb-da4f71d4ac1a, Tesla T4, 0, 0, 0, 15360, 9.44, 26
2026/09/14 21:04:42.917, 0, GPU-0bdcb407-7b87-b47c-6abb-da4f71d4ac1a, Tesla T4, 0, 0, 0, 15360, 9.44, 26
2026/09/14 21:04:43.929, 0, GPU-0bdcb407-7b87-b47c-6abb-da4f71d4ac1a, Tesla T4, 0, 0, 0, 15360, 9.35, 25
2026/09/14 21:04:44.941, 0, GPU-0bdcb407-7b87-b47c-6abb-da4f71d4ac1a, Tesla T4, 0, 0, 0, 15360, 9.15, 25
2026/09/14 21:04:45.954, 0, GPU-0bdcb407-7b87-b47c-6abb-da4f71d4ac1a, Tesla T4, 0, 0, 0, 15360, 9.84, 26
2026/09/14 21:04:46.966, 0, GPU-0bdcb407-7b87-b47c-6abb-da4f71d4ac1a, Tesla T4, 0, 0, 0, 15360, 9.54, 25
2026/09/14 21:04:47.978, 0, GPU-0bdcb407-7b87-b47c-6abb-da4f71d4ac1a, Tesla T4, 0, 0, 0, 15360, 10.23, 26
2026/09/14 21:04:48.990, 0, GPU-0bdcb407-7b87-b47c-6abb-da4f71d4ac1a, Tesla T4, 0, 0, 0, 15360, 9.15, 25
2026/09/14 21:04:50.003, 0, GPU-0bdcb407-7b87-b47c-6abb-da4f71d4ac1a, Tesla T4, 0, 0, 0, 15360, 9.15, 25
2026/09/14 21:04:51.015, 0, GPU-0bdcb407-7b87-b47c-6abb-da4f71d4ac1a, Tesla T4, 0, 0, 0, 15360, 9.44, 26
2026/09/14 21:04:52.028, 0, GPU-0bdcb407-7b87-b47c-6abb-da4f71d4ac1a, Tesla T4, 0, 0, 0, 15360, 9.34, 26
2026/09/14 21:04:53.040, 0, GPU-0bdcb407-7b87-b47c-6abb-da4f71d4ac1a, Tesla T4, 0, 0, 0, 15360, 10.43, 25
2026/09/14 21:04:54.052, 0, GPU-0bdcb407-7b87-b47c-6abb-da4f71d4ac1a, Tesla T4, 0, 0, 0, 15360, 9.25, 26
2026/09/14 21:04:55.065, 0, GPU-0bdcb407-7b87-b47c-6abb-da4f71d4ac1a, Tesla T4, 0, 0, 0, 15360, 9.94, 25
2026/09/14 21:04:56.077, 0, GPU-0bdcb407-7b87-b47c-6abb-da4f71d4ac1a, Tesla T4, 0, 0, 0, 15360, 9.15, 25
2026/09/14 21:04:57.090, 0, GPU-0bdcb407-7b87-b47c-6abb-da4f71d4ac1a, Tesla T4, 0, 0, 0, 15360, 9.15, 25
2026/09/14 21:04:58.103, 0, GPU-0bdcb407-7b87-b47c-6abb-da4f71d4ac1a, Tesla T4, 0, 0, 0, 15360, 9.44, 25
2026/09/14 21:04:59.115, 0, GPU-0bdcb407-7b87-b47c-6abb-da4f71d4ac1a, Tesla T4, 0, 0, 0, 15360, 9.25, 26
2026/09/14 21:05:00.127, 0, GPU-0bdcb407-7b87-b47c-6abb-da4f71d4ac1a, Tesla T4, 0, 0, 0, 15360, 9.25, 25
2026/09/14 21:05:01.139, 0, GPU-0bdcb407-7b87-b47c-6abb-da4f71d4ac1a, Tesla T4, 0, 0, 0, 15360, 9.74, 25
2026/09/14 21:05:02.151, 0, GPU-0bdcb407-7b87-b47c-6abb-da4f71d4ac1a, Tesla T4, 0, 0, 0, 15360, 9.25, 25
2026/09/14 21:05:03.163, 0, GPU-0bdcb407-7b87-b47c-6abb-da4f71d4ac1a, Tesla T4, 0, 0, 0, 15360, 10.04, 26
2026/09/14 21:05:04.176, 0, GPU-0bdcb407-7b87-b47c-6abb-da4f71d4ac1a, Tesla T4, 0, 0, 0, 15360, 10.23, 25
2026/09/14 21:05:05.188, 0, GPU-0bdcb407-7b87-b47c-6abb-da4f71d4ac1a, Tesla T4, 0, 0, 0, 15360, 9.44, 26
2026/09/14 21:05:06.200, 0, GPU-0bdcb407-7b87-b47c-6abb-da4f71d4ac1a, Tesla T4, 0, 0, 0, 15360, 9.15, 26
2026/09/14 21:05:07.212, 0, GPU-0bdcb407-7b87-b47c-6abb-da4f71d4ac1a, Tesla T4, 0, 0, 0, 15360, 9.15, 26
2026/09/14 21:05:08.224, 0, GPU-0bdcb407-7b87-b47c-6abb-da4f71d4ac1a, Tesla T4, 0, 0, 0, 15360, 9.15, 26
2026/09/14 21:05:09.236, 0, GPU-0bdcb407-7b87-b47c-6abb-da4f71d4ac1a, Tesla T4, 0, 0, 0, 15360, 9.35, 25
2026/09/14 21:05:10.249, 0, GPU-0bdcb407-7b87-b47c-6abb-da4f71d4ac1a, Tesla T4, 0, 0, 0, 15360, 9.15, 26
2026/09/14 21:05:11.261, 0, GPU-0bdcb407-7b87-b47c-6abb-da4f71d4ac1a, Tesla T4, 0, 0, 0, 15360, 9.35, 26
2026/09/14 21:05:12.274, 0, GPU-0bdcb407-7b87-b47c-6abb-da4f71d4ac1a, Tesla T4, 0, 0, 0, 15360, 9.15, 26
2026/09/14 21:05:13.286, 0, GPU-0bdcb407-7b87-b47c-6abb-da4f71d4ac1a, Tesla T4, 0, 0, 0, 15360, 10.63, 25
2026/09/14 21:05:14.299, 0, GPU-0bdcb407-7b87-b47c-6abb-da4f71d4ac1a, Tesla T4, 0, 0, 0, 15360, 9.44, 26
2026/09/14 21:05:15.311, 0, GPU-0bdcb407-7b87-b47c-6abb-da4f71d4ac1a, Tesla T4, 0, 0, 0, 15360, 9.44, 26
2026/09/14 21:05:16.323, 0, GPU-0bdcb407-7b87-b47c-6abb-da4f71d4ac1a, Tesla T4, 0, 0, 0, 15360, 9.15, 25
2026/09/14 21:05:17.340, 0, GPU-0bdcb407-7b87-b47c-6abb-da4f71d4ac1a, Tesla T4, 0, 0, 0, 15360, 9.15, 26
2026/09/14 21:05:18.353, 0, GPU-0bdcb407-7b87-b47c-6abb-da4f71d4ac1a, Tesla T4, 0, 0, 0, 15360, 9.44, 26
2026/09/14 21:05:19.365, 0, GPU-0bdcb407-7b87-b47c-6abb-da4f71d4ac1a, Tesla T4, 0, 0, 0, 15360, 9.64, 26
2026/09/14 21:05:20.378, 0, GPU-0bdcb407-7b87-b47c-6abb-da4f71d4ac1a, Tesla T4, 0, 0, 0, 15360, 9.15, 26
2026/09/14 21:05:21.390, 0, GPU-0bdcb407-7b87-b47c-6abb-da4f71d4ac1a, Tesla T4, 0, 0, 0, 15360, 9.24, 26
2026/09/14 21:05:22.402, 0, GPU-0bdcb407-7b87-b47c-6abb-da4f71d4ac1a, Tesla T4, 0, 0, 0, 15360, 10.04, 26
2026/09/14 21:05:23.415, 0, GPU-0bdcb407-7b87-b47c-6abb-da4f71d4ac1a, Tesla T4, 0, 0, 0, 15360, 9.35, 26
2026/09/14 21:05:24.427, 0, GPU-0bdcb407-7b87-b47c-6abb-da4f71d4ac1a, Tesla T4, 0, 0, 0, 15360, 9.44, 26
2026/09/14 21:05:25.440, 0, GPU-0bdcb407-7b87-b47c-6abb-da4f71d4ac1a, Tesla T4, 0, 0, 0, 15360, 9.25, 26
2026/09/14 21:05:26.452, 0, GPU-0bdcb407-7b87-b47c-6abb-da4f71d4ac1a, Tesla T4, 0, 0, 0, 15360, 9.15, 26
2026/09/14 21:05:27.465, 0, GPU-0bdcb407-7b87-b47c-6abb-da4f71d4ac1a, Tesla T4, 0, 0, 0, 15360, 9.44, 25
2026/09/14 21:05:28.477, 0, GPU-0bdcb407-7b87-b47c-6abb-da4f71d4ac1a, Tesla T4, 0, 0, 0, 15360, 9.25, 26
2026/09/14 21:05:29.489, 0, GPU-0bdcb407-7b87-b47c-6abb-da4f71d4ac1a, Tesla T4, 0, 0, 0, 15360, 9.35, 26
2026/09/14 21:05:30.502, 0, GPU-0bdcb407-7b87-b47c-6abb-da4f71d4ac1a, Tesla T4, 0, 0, 0, 15360, 9.15, 26
2026/09/14 21:05:31.514, 0, GPU-0bdcb407-7b87-b47c-6abb-da4f71d4ac1a, Tesla T4, 0, 0, 0, 15360, 10.23, 26
2026/09/14 21:05:32.526, 0, GPU-0bdcb407-7b87-b47c-6abb-da4f71d4ac1a, Tesla T4, 0, 0, 0, 15360, 9.15, 26
2026/09/14 21:05:33.539, 0, GPU-0bdcb407-7b87-b47c-6abb-da4f71d4ac1a, Tesla T4, 0, 0, 0, 15360, 9.15, 26
2026/09/14 21:05:34.551, 0, GPU-0bdcb407-7b87-b47c-6abb-da4f71d4ac1a, Tesla T4, 0, 0, 0, 15360, 9.34, 26
2026/09/14 21:05:35.564, 0, GPU-0bdcb407-7b87-b47c-6abb-da4f71d4ac1a, Tesla T4, 0, 0, 0, 15360, 9.34, 26
2026/09/14 21:05:36.577, 0, GPU-0bdcb407-7b87-b47c-6abb-da4f71d4ac1a, Tesla T4, 0, 0, 0, 15360, 9.24, 26
2026/09/14 21:05:37.589, 0, GPU-0bdcb407-7b87-b47c-6abb-da4f71d4ac1a, Tesla T4, 0, 0, 0, 15360, 9.64, 26
2026/09/14 21:05:38.601, 0, GPU-0bdcb407-7b87-b47c-6abb-da4f71d4ac1a, Tesla T4, 0, 0, 0, 15360, 9.15, 26
2026/09/14 21:05:39.614, 0, GPU-0bdcb407-7b87-b47c-6abb-da4f71d4ac1a, Tesla T4, 0, 0, 0, 15360, 9.44, 26
2026/09/14 21:05:40.626, 0, GPU-0bdcb407-7b87-b47c-6abb-da4f71d4ac1a, Tesla T4, 0, 0, 0, 15360, 10.43, 26
2026/09/14 21:05:41.638, 0, GPU-0bdcb407-7b87-b47c-6abb-da4f71d4ac1a, Tesla T4, 0, 0, 0, 15360, 9.64, 25
2026/09/14 21:05:42.650, 0, GPU-0bdcb407-7b87-b47c-6abb-da4f71d4ac1a, Tesla T4, 0, 0, 0, 15360, 9.25, 26
2026/09/14 21:05:43.663, 0, GPU-0bdcb407-7b87-b47c-6abb-da4f71d4ac1a, Tesla T4, 0, 0, 0, 15360, 9.15, 26
2026/09/14 21:05:44.675, 0, GPU-0bdcb407-7b87-b47c-6abb-da4f71d4ac1a, Tesla T4, 0, 0, 0, 15360, 9.25, 26
2026/09/14 21:05:45.687, 0, GPU-0bdcb407-7b87-b47c-6abb-da4f71d4ac1a, Tesla T4, 0, 0, 0, 15360, 9.15, 25
2026/09/14 21:05:46.699, 0, GPU-0bdcb407-7b87-b47c-6abb-da4f71d4ac1a, Tesla T4, 0, 0, 0, 15360, 9.15, 25
2026/09/14 21:05:47.712, 0, GPU-0bdcb407-7b87-b47c-6abb-da4f71d4ac1a, Tesla T4, 0, 0, 0, 15360, 9.24, 26
2026/09/14 21:05:48.724, 0, GPU-0bdcb407-7b87-b47c-6abb-da4f71d4ac1a, Tesla T4, 0, 0, 0, 15360, 9.15, 26
2026/09/14 21:05:49.736, 0, GPU-0bdcb407-7b87-b47c-6abb-da4f71d4ac1a, Tesla T4, 0, 0, 0, 15360, 9.25, 25
2026/09/14 21:05:50.749, 0, GPU-0bdcb407-7b87-b47c-6abb-da4f71d4ac1a, Tesla T4, 0, 0, 0, 15360, 9.34, 25
2026/09/14 21:05:51.761, 0, GPU-0bdcb407-7b87-b47c-6abb-da4f71d4ac1a, Tesla T4, 0, 0, 0, 15360, 9.44, 25
2026/09/14 21:05:52.774, 0, GPU-0bdcb407-7b87-b47c-6abb-da4f71d4ac1a, Tesla T4, 0, 0, 0, 15360, 9.15, 25
2026/09/14 21:05:53.787, 0, GPU-0bdcb407-7b87-b47c-6abb-da4f71d4ac1a, Tesla T4, 0, 0, 0, 15360, 9.44, 25
2026/09/14 21:05:54.799, 0, GPU-0bdcb407-7b87-b47c-6abb-da4f71d4ac1a, Tesla T4, 0, 0, 0, 15360, 9.35, 25
2026/09/14 21:05:55.812, 0, GPU-0bdcb407-7b87-b47c-6abb-da4f71d4ac1a, Tesla T4, 0, 0, 0, 15360, 9.35, 25
2026/09/14 21:05:56.824, 0, GPU-0bdcb407-7b87-b47c-6abb-da4f71d4ac1a, Tesla T4, 0, 0, 0, 15360, 9.15, 26
2026/09/14 21:05:57.836, 0, GPU-0bdcb407-7b87-b47c-6abb-da4f71d4ac1a, Tesla T4, 0, 0, 0, 15360, 9.35, 25
2026/09/14 21:05:58.848, 0, GPU-0bdcb407-7b87-b47c-6abb-da4f71d4ac1a, Tesla T4, 0, 0, 0, 15360, 9.15, 26
2026/09/14 21:05:59.861, 0, GPU-0bdcb407-7b87-b47c-6abb-da4f71d4ac1a, Tesla T4, 0, 0, 0, 15360, 9.54, 26
2026/09/14 21:06:00.872, 0, GPU-0bdcb407-7b87-b47c-6abb-da4f71d4ac1a, Tesla T4, 0, 0, 0, 15360, 9.15, 26
2026/09/14 21:06:01.885, 0, GPU-0bdcb407-7b87-b47c-6abb-da4f71d4ac1a, Tesla T4, 0, 0, 0, 15360, 9.15, 25
2026/09/14 21:06:02.897, 0, GPU-0bdcb407-7b87-b47c-6abb-da4f71d4ac1a, Tesla T4, 0, 0, 0, 15360, 9.44, 25
2026/09/14 21:06:03.909, 0, GPU-0bdcb407-7b87-b47c-6abb-da4f71d4ac1a, Tesla T4, 0, 0, 0, 15360, 9.15, 25
2026/09/14 21:06:04.922, 0, GPU-0bdcb407-7b87-b47c-6abb-da4f71d4ac1a, Tesla T4, 0, 0, 0, 15360, 9.35, 25
2026/09/14 21:06:05.934, 0, GPU-0bdcb407-7b87-b47c-6abb-da4f71d4ac1a, Tesla T4, 0, 0, 0, 15360, 9.44, 25
2026/09/14 21:06:06.947, 0, GPU-0bdcb407-7b87-b47c-6abb-da4f71d4ac1a, Tesla T4, 0, 0, 0, 15360, 9.15, 26
2026/09/14 21:06:07.959, 0, GPU-0bdcb407-7b87-b47c-6abb-da4f71d4ac1a, Tesla T4, 0, 0, 0, 15360, 9.25, 26
2026/09/14 21:06:08.971, 0, GPU-0bdcb407-7b87-b47c-6abb-da4f71d4ac1a, Tesla T4, 0, 0, 0, 15360, 9.54, 26
2026/09/14 21:06:09.984, 0, GPU-0bdcb407-7b87-b47c-6abb-da4f71d4ac1a, Tesla T4, 0, 0, 0, 15360, 9.35, 26
2026/09/14 21:06:10.996, 0, GPU-0bdcb407-7b87-b47c-6abb-da4f71d4ac1a, Tesla T4, 0, 0, 0, 15360, 9.15, 25
2026/09/14 21:06:12.009, 0, GPU-0bdcb407-7b87-b47c-6abb-da4f71d4ac1a, Tesla T4, 0, 0, 0, 15360, 9.44, 26
2026/09/14 21:06:13.021, 0, GPU-0bdcb407-7b87-b47c-6abb-da4f71d4ac1a, Tesla T4, 0, 0, 0, 15360, 9.34, 25
2026/09/14 21:06:14.034, 0, GPU-0bdcb407-7b87-b47c-6abb-da4f71d4ac1a, Tesla T4, 0, 0, 0, 15360, 9.44, 26
2026/09/14 21:06:15.047, 0, GPU-0bdcb407-7b87-b47c-6abb-da4f71d4ac1a, Tesla T4, 0, 0, 0, 15360, 9.25, 25
2026/09/14 21:06:16.059, 0, GPU-0bdcb407-7b87-b47c-6abb-da4f71d4ac1a, Tesla T4, 0, 0, 0, 15360, 9.44, 26
2026/09/14 21:06:17.071, 0, GPU-0bdcb407-7b87-b47c-6abb-da4f71d4ac1a, Tesla T4, 0, 0, 0, 15360, 9.15, 25
2026/09/14 21:06:18.083, 0, GPU-0bdcb407-7b87-b47c-6abb-da4f71d4ac1a, Tesla T4, 0, 0, 0, 15360, 10.24, 26
2026/09/14 21:06:19.095, 0, GPU-0bdcb407-7b87-b47c-6abb-da4f71d4ac1a, Tesla T4, 0, 0, 0, 15360, 9.35, 26
2026/09/14 21:06:20.108, 0, GPU-0bdcb407-7b87-b47c-6abb-da4f71d4ac1a, Tesla T4, 0, 0, 0, 15360, 9.15, 26
2026/09/14 21:06:21.120, 0, GPU-0bdcb407-7b87-b47c-6abb-da4f71d4ac1a, Tesla T4, 0, 0, 0, 15360, 9.35, 26
2026/09/14 21:06:22.132, 0, GPU-0bdcb407-7b87-b47c-6abb-da4f71d4ac1a, Tesla T4, 0, 0, 0, 15360, 9.15, 26
2026/09/14 21:06:23.145, 0, GPU-0bdcb407-7b87-b47c-6abb-da4f71d4ac1a, Tesla T4, 0, 0, 0, 15360, 9.15, 25
2026/09/14 21:06:24.157, 0, GPU-0bdcb407-7b87-b47c-6abb-da4f71d4ac1a, Tesla T4, 0, 0, 0, 15360, 9.25, 26
2026/09/14 21:06:25.169, 0, GPU-0bdcb407-7b87-b47c-6abb-da4f71d4ac1a, Tesla T4, 0, 0, 0, 15360, 9.15, 25
2026/09/14 21:06:26.182, 0, GPU-0bdcb407-7b87-b47c-6abb-da4f71d4ac1a, Tesla T4, 0, 0, 0, 15360, 9.25, 25
2026/09/14 21:06:27.194, 0, GPU-0bdcb407-7b87-b47c-6abb-da4f71d4ac1a, Tesla T4, 0, 0, 0, 15360, 10.33, 25
2026/09/14 21:06:28.206, 0, GPU-0bdcb407-7b87-b47c-6abb-da4f71d4ac1a, Tesla T4, 0, 0, 0, 15360, 9.24, 25
2026/09/14 21:06:29.219, 0, GPU-0bdcb407-7b87-b47c-6abb-da4f71d4ac1a, Tesla T4, 0, 0, 0, 15360, 9.44, 26
2026/09/14 21:06:30.231, 0, GPU-0bdcb407-7b87-b47c-6abb-da4f71d4ac1a, Tesla T4, 0, 0, 0, 15360, 9.15, 26
2026/09/14 21:06:31.243, 0, GPU-0bdcb407-7b87-b47c-6abb-da4f71d4ac1a, Tesla T4, 0, 0, 0, 15360, 9.24, 26
2026/09/14 21:06:32.256, 0, GPU-0bdcb407-7b87-b47c-6abb-da4f71d4ac1a, Tesla T4, 0, 0, 0, 15360, 9.34, 25
2026/09/14 21:06:33.268, 0, GPU-0bdcb407-7b87-b47c-6abb-da4f71d4ac1a, Tesla T4, 0, 0, 0, 15360, 9.15, 26
2026/09/14 21:06:34.281, 0, GPU-0bdcb407-7b87-b47c-6abb-da4f71d4ac1a, Tesla T4, 0, 0, 0, 15360, 9.15, 25
2026/09/14 21:06:35.293, 0, GPU-0bdcb407-7b87-b47c-6abb-da4f71d4ac1a, Tesla T4, 0, 0, 0, 15360, 9.34, 26
2026/09/14 21:06:36.305, 0, GPU-0bdcb407-7b87-b47c-6abb-da4f71d4ac1a, Tesla T4, 0, 0, 0, 15360, 10.93, 25
2026/09/14 21:06:37.318, 0, GPU-0bdcb407-7b87-b47c-6abb-da4f71d4ac1a, Tesla T4, 0, 0, 0, 15360, 9.15, 26
2026/09/14 21:06:38.330, 0, GPU-0bdcb407-7b87-b47c-6abb-da4f71d4ac1a, Tesla T4, 0, 0, 0, 15360, 9.35, 25
2026/09/14 21:06:39.342, 0, GPU-0bdcb407-7b87-b47c-6abb-da4f71d4ac1a, Tesla T4, 0, 0, 0, 15360, 9.25, 26
2026/09/14 21:06:40.355, 0, GPU-0bdcb407-7b87-b47c-6abb-da4f71d4ac1a, Tesla T4, 0, 0, 0, 15360, 9.15, 26
2026/09/14 21:06:41.367, 0, GPU-0bdcb407-7b87-b47c-6abb-da4f71d4ac1a, Tesla T4, 0, 0, 0, 15360, 9.15, 25
2026/09/14 21:06:42.379, 0, GPU-0bdcb407-7b87-b47c-6abb-da4f71d4ac1a, Tesla T4, 0, 0, 0, 15360, 9.15, 26
2026/09/14 21:06:43.392, 0, GPU-0bdcb407-7b87-b47c-6abb-da4f71d4ac1a, Tesla T4, 0, 0, 0, 15360, 9.25, 26
2026/09/14 21:06:44.404, 0, GPU-0bdcb407-7b87-b47c-6abb-da4f71d4ac1a, Tesla T4, 0, 0, 0, 15360, 9.24, 26
2026/09/14 21:06:45.416, 0, GPU-0bdcb407-7b87-b47c-6abb-da4f71d4ac1a, Tesla T4, 0, 0, 0, 15360, 10.83, 26
2026/09/14 21:06:46.430, 0, GPU-0bdcb407-7b87-b47c-6abb-da4f71d4ac1a, Tesla T4, 0, 0, 0, 15360, 9.44, 26
2026/09/14 21:06:47.442, 0, GPU-0bdcb407-7b87-b47c-6abb-da4f71d4ac1a, Tesla T4, 0, 0, 0, 15360, 9.24, 26
2026/09/14 21:06:48.455, 0, GPU-0bdcb407-7b87-b47c-6abb-da4f71d4ac1a, Tesla T4, 0, 0, 0, 15360, 9.24, 25
2026/09/14 21:06:49.467, 0, GPU-0bdcb407-7b87-b47c-6abb-da4f71d4ac1a, Tesla T4, 0, 0, 0, 15360, 9.54, 25
