experiment_name,run_id,dataset,method,batch_size,seed,iid_beta,round,evaluation_split,evaluation_acc,evaluation_loss,val_acc,val_loss,local_steps,train_time_sec,training_time_sec,parameter_sync_time_sec,train_sync_time_sec,cumulative_train_sync_time_sec,comm_time_sec,train_comm_time_sec,cum_train_comm_time_sec
nc_papers100m_195trainer_0hop_balanced_local_bs64_800r,20260914_200157_ogbn-papers100M_FedAvg_bs64_seed42_beta10000p0,ogbn-papers100M,FedAvg,64,42,10000.0,1,validation,0.0057,5.1513,0.0057,5.1513,3,0.9111075401306152,0.9111075401306152,0.5412461757659912,1.4523537158966064,1.4523537158966064,0.5412461757659912,1.4523537158966064,1.4523537158966064
nc_papers100m_195trainer_0hop_balanced_local_bs64_800r,20260914_200157_ogbn-papers100M_FedAvg_bs64_seed42_beta10000p0,ogbn-papers100M,FedAvg,64,42,10000.0,2,validation,0.0077,5.1448,0.0077,5.1448,6,0.11237883567810059,0.11237883567810059,0.5340383052825928,0.6464171409606934,2.0987708568573,0.5340383052825928,0.6464171409606934,2.0987708568573
nc_papers100m_195trainer_0hop_balanced_local_bs64_800r,20260914_200157_ogbn-papers100M_FedAvg_bs64_seed42_beta10000p0,ogbn-papers100M,FedAvg,64,42,10000.0,3,validation,0.0097,5.1386,0.0097,5.1386,9,0.12054705619812012,0.12054705619812012,0.5308656692504883,0.6514127254486084,2.750183582305908,0.5308656692504883,0.6514127254486084,2.750183582305908
nc_papers100m_195trainer_0hop_balanced_local_bs64_800r,20260914_200157_ogbn-papers100M_FedAvg_bs64_seed42_beta10000p0,ogbn-papers100M,FedAvg,64,42,10000.0,4,validation,0.0119,5.1323,0.0119,5.1323,12,0.11747169494628906,0.11747169494628906,0.5366196632385254,0.6540913581848145,3.4042749404907227,0.5366196632385254,0.6540913581848145,3.4042749404907227
nc_papers100m_195trainer_0hop_balanced_local_bs64_800r,20260914_200157_ogbn-papers100M_FedAvg_bs64_seed42_beta10000p0,ogbn-papers100M,FedAvg,64,42,10000.0,5,validation,0.014,5.1253,0.014,5.1253,15,0.11339354515075684,0.11339354515075684,0.5223355293273926,0.6357290744781494,4.040004014968872,0.5223355293273926,0.6357290744781494,4.040004014968872
nc_papers100m_195trainer_0hop_balanced_local_bs64_800r,20260914_200157_ogbn-papers100M_FedAvg_bs64_seed42_beta10000p0,ogbn-papers100M,FedAvg,64,42,10000.0,6,validation,0.0163,5.1173,0.0163,5.1173,18,0.11200284957885742,0.11200284957885742,0.5444507598876953,0.6564536094665527,4.696457624435425,0.5444507598876953,0.6564536094665527,4.696457624435425
nc_papers100m_195trainer_0hop_balanced_local_bs64_800r,20260914_200157_ogbn-papers100M_FedAvg_bs64_seed42_beta10000p0,ogbn-papers100M,FedAvg,64,42,10000.0,7,validation,0.0191,5.1082,0.0191,5.1082,21,0.1112821102142334,0.1112821102142334,0.5209629535675049,0.6322450637817383,5.328702688217163,0.5209629535675049,0.6322450637817383,5.328702688217163
nc_papers100m_195trainer_0hop_balanced_local_bs64_800r,20260914_200157_ogbn-papers100M_FedAvg_bs64_seed42_beta10000p0,ogbn-papers100M,FedAvg,64,42,10000.0,8,validation,0.0223,5.0978,0.0223,5.0978,24,0.1093299388885498,0.1093299388885498,0.5274677276611328,0.6367976665496826,5.965500354766846,0.5274677276611328,0.6367976665496826,5.965500354766846
nc_papers100m_195trainer_0hop_balanced_local_bs64_800r,20260914_200157_ogbn-papers100M_FedAvg_bs64_seed42_beta10000p0,ogbn-papers100M,FedAvg,64,42,10000.0,9,validation,0.0259,5.086,0.0259,5.086,27,0.11248230934143066,0.11248230934143066,0.5334899425506592,0.6459722518920898,6.6114726066589355,0.5334899425506592,0.6459722518920898,6.6114726066589355
nc_papers100m_195trainer_0hop_balanced_local_bs64_800r,20260914_200157_ogbn-papers100M_FedAvg_bs64_seed42_beta10000p0,ogbn-papers100M,FedAvg,64,42,10000.0,10,validation,0.0292,5.0733,0.0292,5.0733,30,0.11074709892272949,0.11074709892272949,0.5279741287231445,0.638721227645874,7.25019383430481,0.5279741287231445,0.638721227645874,7.25019383430481
nc_papers100m_195trainer_0hop_balanced_local_bs64_800r,20260914_200157_ogbn-papers100M_FedAvg_bs64_seed42_beta10000p0,ogbn-papers100M,FedAvg,64,42,10000.0,11,validation,0.0326,5.0595,0.0326,5.0595,33,0.10897660255432129,0.10897660255432129,0.5296955108642578,0.6386721134185791,7.888865947723389,0.5296955108642578,0.6386721134185791,7.888865947723389
nc_papers100m_195trainer_0hop_balanced_local_bs64_800r,20260914_200157_ogbn-papers100M_FedAvg_bs64_seed42_beta10000p0,ogbn-papers100M,FedAvg,64,42,10000.0,12,validation,0.0357,5.045,0.0357,5.045,36,0.10761213302612305,0.10761213302612305,0.5246527194976807,0.6322648525238037,8.521130800247192,0.5246527194976807,0.6322648525238037,8.521130800247192
nc_papers100m_195trainer_0hop_balanced_local_bs64_800r,20260914_200157_ogbn-papers100M_FedAvg_bs64_seed42_beta10000p0,ogbn-papers100M,FedAvg,64,42,10000.0,13,validation,0.0385,5.0298,0.0385,5.0298,39,0.11214089393615723,0.11214089393615723,0.5207493305206299,0.6328902244567871,9.15402102470398,0.5207493305206299,0.6328902244567871,9.15402102470398
nc_papers100m_195trainer_0hop_balanced_local_bs64_800r,20260914_200157_ogbn-papers100M_FedAvg_bs64_seed42_beta10000p0,ogbn-papers100M,FedAvg,64,42,10000.0,14,validation,0.0413,5.0143,0.0413,5.0143,42,0.11463570594787598,0.11463570594787598,0.5359485149383545,0.6505842208862305,9.80460524559021,0.5359485149383545,0.6505842208862305,9.80460524559021
nc_papers100m_195trainer_0hop_balanced_local_bs64_800r,20260914_200157_ogbn-papers100M_FedAvg_bs64_seed42_beta10000p0,ogbn-papers100M,FedAvg,64,42,10000.0,15,validation,0.0433,4.9989,0.0433,4.9989,45,0.11041045188903809,0.11041045188903809,0.522064208984375,0.6324746608734131,10.437079906463623,0.522064208984375,0.6324746608734131,10.437079906463623
nc_papers100m_195trainer_0hop_balanced_local_bs64_800r,20260914_200157_ogbn-papers100M_FedAvg_bs64_seed42_beta10000p0,ogbn-papers100M,FedAvg,64,42,10000.0,16,validation,0.0453,4.9835,0.0453,4.9835,48,0.11243224143981934,0.11243224143981934,0.5298583507537842,0.6422905921936035,11.079370498657227,0.5298583507537842,0.6422905921936035,11.079370498657227
nc_papers100m_195trainer_0hop_balanced_local_bs64_800r,20260914_200157_ogbn-papers100M_FedAvg_bs64_seed42_beta10000p0,ogbn-papers100M,FedAvg,64,42,10000.0,17,validation,0.0472,4.9682,0.0472,4.9682,51,0.1093134880065918,0.1093134880065918,0.5219991207122803,0.6313126087188721,11.710683107376099,0.5219991207122803,0.6313126087188721,11.710683107376099
nc_papers100m_195trainer_0hop_balanced_local_bs64_800r,20260914_200157_ogbn-papers100M_FedAvg_bs64_seed42_beta10000p0,ogbn-papers100M,FedAvg,64,42,10000.0,18,validation,0.0494,4.9524,0.0494,4.9524,54,0.10478520393371582,0.10478520393371582,0.5357308387756348,0.6405160427093506,12.35119915008545,0.5357308387756348,0.6405160427093506,12.35119915008545
nc_papers100m_195trainer_0hop_balanced_local_bs64_800r,20260914_200157_ogbn-papers100M_FedAvg_bs64_seed42_beta10000p0,ogbn-papers100M,FedAvg,64,42,10000.0,19,validation,0.051,4.9366,0.051,4.9366,57,0.11037063598632812,0.11037063598632812,0.5326583385467529,0.643028974533081,12.99422812461853,0.5326583385467529,0.643028974533081,12.99422812461853
nc_papers100m_195trainer_0hop_balanced_local_bs64_800r,20260914_200157_ogbn-papers100M_FedAvg_bs64_seed42_beta10000p0,ogbn-papers100M,FedAvg,64,42,10000.0,20,validation,0.0527,4.9203,0.0527,4.9203,60,0.10519862174987793,0.10519862174987793,0.5340628623962402,0.6392614841461182,13.633489608764648,0.5340628623962402,0.6392614841461182,13.633489608764648
nc_papers100m_195trainer_0hop_balanced_local_bs64_800r,20260914_200157_ogbn-papers100M_FedAvg_bs64_seed42_beta10000p0,ogbn-papers100M,FedAvg,64,42,10000.0,21,validation,0.0544,4.9039,0.0544,4.9039,63,0.10771417617797852,0.10771417617797852,0.5301017761230469,0.6378159523010254,14.271305561065674,0.5301017761230469,0.6378159523010254,14.271305561065674
nc_papers100m_195trainer_0hop_balanced_local_bs64_800r,20260914_200157_ogbn-papers100M_FedAvg_bs64_seed42_beta10000p0,ogbn-papers100M,FedAvg,64,42,10000.0,22,validation,0.0562,4.8876,0.0562,4.8876,66,0.11295509338378906,0.11295509338378906,0.526996374130249,0.6399514675140381,14.911257028579712,0.526996374130249,0.6399514675140381,14.911257028579712
nc_papers100m_195trainer_0hop_balanced_local_bs64_800r,20260914_200157_ogbn-papers100M_FedAvg_bs64_seed42_beta10000p0,ogbn-papers100M,FedAvg,64,42,10000.0,23,validation,0.0577,4.8714,0.0577,4.8714,69,0.10541653633117676,0.10541653633117676,0.5254514217376709,0.6308679580688477,15.54212498664856,0.5254514217376709,0.6308679580688477,15.54212498664856
nc_papers100m_195trainer_0hop_balanced_local_bs64_800r,20260914_200157_ogbn-papers100M_FedAvg_bs64_seed42_beta10000p0,ogbn-papers100M,FedAvg,64,42,10000.0,24,validation,0.0595,4.8552,0.0595,4.8552,72,0.10510540008544922,0.10510540008544922,0.5247392654418945,0.6298446655273438,16.171969652175903,0.5247392654418945,0.6298446655273438,16.171969652175903
nc_papers100m_195trainer_0hop_balanced_local_bs64_800r,20260914_200157_ogbn-papers100M_FedAvg_bs64_seed42_beta10000p0,ogbn-papers100M,FedAvg,64,42,10000.0,25,validation,0.0614,4.8393,0.0614,4.8393,75,0.11223363876342773,0.11223363876342773,0.5288996696472168,0.6411333084106445,16.813102960586548,0.5288996696472168,0.6411333084106445,16.813102960586548
nc_papers100m_195trainer_0hop_balanced_local_bs64_800r,20260914_200157_ogbn-papers100M_FedAvg_bs64_seed42_beta10000p0,ogbn-papers100M,FedAvg,64,42,10000.0,26,validation,0.0632,4.8228,0.0632,4.8228,78,0.11331033706665039,0.11331033706665039,0.5247187614440918,0.6380290985107422,17.45113205909729,0.5247187614440918,0.6380290985107422,17.45113205909729
nc_papers100m_195trainer_0hop_balanced_local_bs64_800r,20260914_200157_ogbn-papers100M_FedAvg_bs64_seed42_beta10000p0,ogbn-papers100M,FedAvg,64,42,10000.0,27,validation,0.0648,4.8073,0.0648,4.8073,81,0.11022090911865234,0.11022090911865234,0.526362419128418,0.6365833282470703,18.08771538734436,0.526362419128418,0.6365833282470703,18.08771538734436
nc_papers100m_195trainer_0hop_balanced_local_bs64_800r,20260914_200157_ogbn-papers100M_FedAvg_bs64_seed42_beta10000p0,ogbn-papers100M,FedAvg,64,42,10000.0,28,validation,0.0664,4.792,0.0664,4.792,84,0.10611963272094727,0.10611963272094727,0.5211241245269775,0.6272437572479248,18.714959144592285,0.5211241245269775,0.6272437572479248,18.714959144592285
nc_papers100m_195trainer_0hop_balanced_local_bs64_800r,20260914_200157_ogbn-papers100M_FedAvg_bs64_seed42_beta10000p0,ogbn-papers100M,FedAvg,64,42,10000.0,29,validation,0.0678,4.7768,0.0678,4.7768,87,0.10365676879882812,0.10365676879882812,0.5254926681518555,0.6291494369506836,19.34410858154297,0.5254926681518555,0.6291494369506836,19.34410858154297
nc_papers100m_195trainer_0hop_balanced_local_bs64_800r,20260914_200157_ogbn-papers100M_FedAvg_bs64_seed42_beta10000p0,ogbn-papers100M,FedAvg,64,42,10000.0,30,validation,0.0697,4.762,0.0697,4.762,90,0.10770130157470703,0.10770130157470703,0.5271949768066406,0.6348962783813477,19.979004859924316,0.5271949768066406,0.6348962783813477,19.979004859924316
nc_papers100m_195trainer_0hop_balanced_local_bs64_800r,20260914_200157_ogbn-papers100M_FedAvg_bs64_seed42_beta10000p0,ogbn-papers100M,FedAvg,64,42,10000.0,31,validation,0.0713,4.7476,0.0713,4.7476,93,0.10963773727416992,0.10963773727416992,0.5326008796691895,0.6422386169433594,20.621243476867676,0.5326008796691895,0.6422386169433594,20.621243476867676
nc_papers100m_195trainer_0hop_balanced_local_bs64_800r,20260914_200157_ogbn-papers100M_FedAvg_bs64_seed42_beta10000p0,ogbn-papers100M,FedAvg,64,42,10000.0,32,validation,0.0731,4.7331,0.0731,4.7331,96,0.10809946060180664,0.10809946060180664,0.5224900245666504,0.630589485168457,21.251832962036133,0.5224900245666504,0.630589485168457,21.251832962036133
nc_papers100m_195trainer_0hop_balanced_local_bs64_800r,20260914_200157_ogbn-papers100M_FedAvg_bs64_seed42_beta10000p0,ogbn-papers100M,FedAvg,64,42,10000.0,33,validation,0.0747,4.7192,0.0747,4.7192,99,0.10425543785095215,0.10425543785095215,0.5223379135131836,0.6265933513641357,21.87842631340027,0.5223379135131836,0.6265933513641357,21.87842631340027
nc_papers100m_195trainer_0hop_balanced_local_bs64_800r,20260914_200157_ogbn-papers100M_FedAvg_bs64_seed42_beta10000p0,ogbn-papers100M,FedAvg,64,42,10000.0,34,validation,0.0762,4.7055,0.0762,4.7055,102,0.10749650001525879,0.10749650001525879,0.520301103591919,0.6277976036071777,22.506223917007446,0.520301103591919,0.6277976036071777,22.506223917007446
nc_papers100m_195trainer_0hop_balanced_local_bs64_800r,20260914_200157_ogbn-papers100M_FedAvg_bs64_seed42_beta10000p0,ogbn-papers100M,FedAvg,64,42,10000.0,35,validation,0.0779,4.6919,0.0779,4.6919,105,0.10447239875793457,0.10447239875793457,0.5184578895568848,0.6229302883148193,23.129154205322266,0.5184578895568848,0.6229302883148193,23.129154205322266
nc_papers100m_195trainer_0hop_balanced_local_bs64_800r,20260914_200157_ogbn-papers100M_FedAvg_bs64_seed42_beta10000p0,ogbn-papers100M,FedAvg,64,42,10000.0,36,validation,0.0794,4.6787,0.0794,4.6787,108,0.11050128936767578,0.11050128936767578,0.5328640937805176,0.6433653831481934,23.77251958847046,0.5328640937805176,0.6433653831481934,23.77251958847046
nc_papers100m_195trainer_0hop_balanced_local_bs64_800r,20260914_200157_ogbn-papers100M_FedAvg_bs64_seed42_beta10000p0,ogbn-papers100M,FedAvg,64,42,10000.0,37,validation,0.0812,4.6655,0.0812,4.6655,111,0.10754275321960449,0.10754275321960449,0.5275759696960449,0.6351187229156494,24.40763831138611,0.5275759696960449,0.6351187229156494,24.40763831138611
nc_papers100m_195trainer_0hop_balanced_local_bs64_800r,20260914_200157_ogbn-papers100M_FedAvg_bs64_seed42_beta10000p0,ogbn-papers100M,FedAvg,64,42,10000.0,38,validation,0.0828,4.6524,0.0828,4.6524,114,0.10532307624816895,0.10532307624816895,0.5246667861938477,0.6299898624420166,25.037628173828125,0.5246667861938477,0.6299898624420166,25.037628173828125
nc_papers100m_195trainer_0hop_balanced_local_bs64_800r,20260914_200157_ogbn-papers100M_FedAvg_bs64_seed42_beta10000p0,ogbn-papers100M,FedAvg,64,42,10000.0,39,validation,0.084,4.6402,0.084,4.6402,117,0.10676932334899902,0.10676932334899902,0.5146951675415039,0.6214644908905029,25.659092664718628,0.5146951675415039,0.6214644908905029,25.659092664718628
nc_papers100m_195trainer_0hop_balanced_local_bs64_800r,20260914_200157_ogbn-papers100M_FedAvg_bs64_seed42_beta10000p0,ogbn-papers100M,FedAvg,64,42,10000.0,40,validation,0.0856,4.6276,0.0856,4.6276,120,0.10412788391113281,0.10412788391113281,0.5254397392272949,0.6295676231384277,26.288660287857056,0.5254397392272949,0.6295676231384277,26.288660287857056
nc_papers100m_195trainer_0hop_balanced_local_bs64_800r,20260914_200157_ogbn-papers100M_FedAvg_bs64_seed42_beta10000p0,ogbn-papers100M,FedAvg,64,42,10000.0,41,validation,0.087,4.6149,0.087,4.6149,123,0.11360836029052734,0.11360836029052734,0.5261006355285645,0.6397089958190918,26.928369283676147,0.5261006355285645,0.6397089958190918,26.928369283676147
nc_papers100m_195trainer_0hop_balanced_local_bs64_800r,20260914_200157_ogbn-papers100M_FedAvg_bs64_seed42_beta10000p0,ogbn-papers100M,FedAvg,64,42,10000.0,42,validation,0.0882,4.6027,0.0882,4.6027,126,0.10940289497375488,0.10940289497375488,0.5313129425048828,0.6407158374786377,27.569085121154785,0.5313129425048828,0.6407158374786377,27.569085121154785
nc_papers100m_195trainer_0hop_balanced_local_bs64_800r,20260914_200157_ogbn-papers100M_FedAvg_bs64_seed42_beta10000p0,ogbn-papers100M,FedAvg,64,42,10000.0,43,validation,0.0895,4.5905,0.0895,4.5905,129,0.10980391502380371,0.10980391502380371,0.5250391960144043,0.634843111038208,28.203928232192993,0.5250391960144043,0.634843111038208,28.203928232192993
nc_papers100m_195trainer_0hop_balanced_local_bs64_800r,20260914_200157_ogbn-papers100M_FedAvg_bs64_seed42_beta10000p0,ogbn-papers100M,FedAvg,64,42,10000.0,44,validation,0.0909,4.5784,0.0909,4.5784,132,0.10425090789794922,0.10425090789794922,0.5225887298583984,0.6268396377563477,28.83076786994934,0.5225887298583984,0.6268396377563477,28.83076786994934
nc_papers100m_195trainer_0hop_balanced_local_bs64_800r,20260914_200157_ogbn-papers100M_FedAvg_bs64_seed42_beta10000p0,ogbn-papers100M,FedAvg,64,42,10000.0,45,validation,0.0922,4.5663,0.0922,4.5663,135,0.10505104064941406,0.10505104064941406,0.5279421806335449,0.632993221282959,29.4637610912323,0.5279421806335449,0.632993221282959,29.4637610912323
nc_papers100m_195trainer_0hop_balanced_local_bs64_800r,20260914_200157_ogbn-papers100M_FedAvg_bs64_seed42_beta10000p0,ogbn-papers100M,FedAvg,64,42,10000.0,46,validation,0.0936,4.5553,0.0936,4.5553,138,0.10821986198425293,0.10821986198425293,0.5258595943450928,0.6340794563293457,30.097840547561646,0.5258595943450928,0.6340794563293457,30.097840547561646
nc_papers100m_195trainer_0hop_balanced_local_bs64_800r,20260914_200157_ogbn-papers100M_FedAvg_bs64_seed42_beta10000p0,ogbn-papers100M,FedAvg,64,42,10000.0,47,validation,0.0949,4.5437,0.0949,4.5437,141,0.10639166831970215,0.10639166831970215,0.5297036170959473,0.6360952854156494,30.733935832977295,0.5297036170959473,0.6360952854156494,30.733935832977295
nc_papers100m_195trainer_0hop_balanced_local_bs64_800r,20260914_200157_ogbn-papers100M_FedAvg_bs64_seed42_beta10000p0,ogbn-papers100M,FedAvg,64,42,10000.0,48,validation,0.0961,4.5321,0.0961,4.5321,144,0.10709524154663086,0.10709524154663086,0.524254560470581,0.6313498020172119,31.365285634994507,0.524254560470581,0.6313498020172119,31.365285634994507
nc_papers100m_195trainer_0hop_balanced_local_bs64_800r,20260914_200157_ogbn-papers100M_FedAvg_bs64_seed42_beta10000p0,ogbn-papers100M,FedAvg,64,42,10000.0,49,validation,0.0971,4.5213,0.0971,4.5213,147,0.10615205764770508,0.10615205764770508,0.5239431858062744,0.6300952434539795,31.995380878448486,0.5239431858062744,0.6300952434539795,31.995380878448486
nc_papers100m_195trainer_0hop_balanced_local_bs64_800r,20260914_200157_ogbn-papers100M_FedAvg_bs64_seed42_beta10000p0,ogbn-papers100M,FedAvg,64,42,10000.0,50,validation,0.0985,4.5101,0.0985,4.5101,150,0.10513615608215332,0.10513615608215332,0.539560079574585,0.6446962356567383,32.640077114105225,0.539560079574585,0.6446962356567383,32.640077114105225
nc_papers100m_195trainer_0hop_balanced_local_bs64_800r,20260914_200157_ogbn-papers100M_FedAvg_bs64_seed42_beta10000p0,ogbn-papers100M,FedAvg,64,42,10000.0,51,validation,0.1001,4.4992,0.1001,4.4992,153,0.10357022285461426,0.10357022285461426,0.5230879783630371,0.6266582012176514,33.266735315322876,0.5230879783630371,0.6266582012176514,33.266735315322876
nc_papers100m_195trainer_0hop_balanced_local_bs64_800r,20260914_200157_ogbn-papers100M_FedAvg_bs64_seed42_beta10000p0,ogbn-papers100M,FedAvg,64,42,10000.0,52,validation,0.1014,4.488,0.1014,4.488,156,0.10622715950012207,0.10622715950012207,0.5277280807495117,0.6339552402496338,33.90069055557251,0.5277280807495117,0.6339552402496338,33.90069055557251
nc_papers100m_195trainer_0hop_balanced_local_bs64_800r,20260914_200157_ogbn-papers100M_FedAvg_bs64_seed42_beta10000p0,ogbn-papers100M,FedAvg,64,42,10000.0,53,validation,0.1026,4.4772,0.1026,4.4772,159,0.10696268081665039,0.10696268081665039,0.5322599411010742,0.6392226219177246,34.539913177490234,0.5322599411010742,0.6392226219177246,34.539913177490234
nc_papers100m_195trainer_0hop_balanced_local_bs64_800r,20260914_200157_ogbn-papers100M_FedAvg_bs64_seed42_beta10000p0,ogbn-papers100M,FedAvg,64,42,10000.0,54,validation,0.1041,4.4666,0.1041,4.4666,162,0.10461282730102539,0.10461282730102539,0.5252056121826172,0.6298184394836426,35.16973161697388,0.5252056121826172,0.6298184394836426,35.16973161697388
nc_papers100m_195trainer_0hop_balanced_local_bs64_800r,20260914_200157_ogbn-papers100M_FedAvg_bs64_seed42_beta10000p0,ogbn-papers100M,FedAvg,64,42,10000.0,55,validation,0.1055,4.4564,0.1055,4.4564,165,0.1039266586303711,0.1039266586303711,0.5310823917388916,0.6350090503692627,35.80474066734314,0.5310823917388916,0.6350090503692627,35.80474066734314
nc_papers100m_195trainer_0hop_balanced_local_bs64_800r,20260914_200157_ogbn-papers100M_FedAvg_bs64_seed42_beta10000p0,ogbn-papers100M,FedAvg,64,42,10000.0,56,validation,0.1067,4.4463,0.1067,4.4463,168,0.10660147666931152,0.10660147666931152,0.52634596824646,0.6329474449157715,36.43768811225891,0.52634596824646,0.6329474449157715,36.43768811225891
nc_papers100m_195trainer_0hop_balanced_local_bs64_800r,20260914_200157_ogbn-papers100M_FedAvg_bs64_seed42_beta10000p0,ogbn-papers100M,FedAvg,64,42,10000.0,57,validation,0.1083,4.4353,0.1083,4.4353,171,0.1026449203491211,0.1026449203491211,0.5284841060638428,0.6311290264129639,37.068817138671875,0.5284841060638428,0.6311290264129639,37.068817138671875
nc_papers100m_195trainer_0hop_balanced_local_bs64_800r,20260914_200157_ogbn-papers100M_FedAvg_bs64_seed42_beta10000p0,ogbn-papers100M,FedAvg,64,42,10000.0,58,validation,0.1096,4.425,0.1096,4.425,174,0.10401272773742676,0.10401272773742676,0.5278453826904297,0.6318581104278564,37.70067524909973,0.5278453826904297,0.6318581104278564,37.70067524909973
nc_papers100m_195trainer_0hop_balanced_local_bs64_800r,20260914_200157_ogbn-papers100M_FedAvg_bs64_seed42_beta10000p0,ogbn-papers100M,FedAvg,64,42,10000.0,59,validation,0.1108,4.4151,0.1108,4.4151,177,0.10671329498291016,0.10671329498291016,0.534693717956543,0.6414070129394531,38.342082262039185,0.534693717956543,0.6414070129394531,38.342082262039185
nc_papers100m_195trainer_0hop_balanced_local_bs64_800r,20260914_200157_ogbn-papers100M_FedAvg_bs64_seed42_beta10000p0,ogbn-papers100M,FedAvg,64,42,10000.0,60,validation,0.1123,4.4055,0.1123,4.4055,180,0.10872817039489746,0.10872817039489746,0.521254301071167,0.6299824714660645,38.97206473350525,0.521254301071167,0.6299824714660645,38.97206473350525
nc_papers100m_195trainer_0hop_balanced_local_bs64_800r,20260914_200157_ogbn-papers100M_FedAvg_bs64_seed42_beta10000p0,ogbn-papers100M,FedAvg,64,42,10000.0,61,validation,0.1135,4.3959,0.1135,4.3959,183,0.10673713684082031,0.10673713684082031,0.5190689563751221,0.6258060932159424,39.59787082672119,0.5190689563751221,0.6258060932159424,39.59787082672119
nc_papers100m_195trainer_0hop_balanced_local_bs64_800r,20260914_200157_ogbn-papers100M_FedAvg_bs64_seed42_beta10000p0,ogbn-papers100M,FedAvg,64,42,10000.0,62,validation,0.1147,4.3861,0.1147,4.3861,186,0.1032860279083252,0.1032860279083252,0.5173733234405518,0.620659351348877,40.21853017807007,0.5173733234405518,0.620659351348877,40.21853017807007
nc_papers100m_195trainer_0hop_balanced_local_bs64_800r,20260914_200157_ogbn-papers100M_FedAvg_bs64_seed42_beta10000p0,ogbn-papers100M,FedAvg,64,42,10000.0,63,validation,0.116,4.3765,0.116,4.3765,189,0.1080482006072998,0.1080482006072998,0.527656078338623,0.6357042789459229,40.85423445701599,0.527656078338623,0.6357042789459229,40.85423445701599
nc_papers100m_195trainer_0hop_balanced_local_bs64_800r,20260914_200157_ogbn-papers100M_FedAvg_bs64_seed42_beta10000p0,ogbn-papers100M,FedAvg,64,42,10000.0,64,validation,0.1175,4.3667,0.1175,4.3667,192,0.11081671714782715,0.11081671714782715,0.5262010097503662,0.6370177268981934,41.491252183914185,0.5262010097503662,0.6370177268981934,41.491252183914185
nc_papers100m_195trainer_0hop_balanced_local_bs64_800r,20260914_200157_ogbn-papers100M_FedAvg_bs64_seed42_beta10000p0,ogbn-papers100M,FedAvg,64,42,10000.0,65,validation,0.1189,4.3568,0.1189,4.3568,195,0.1093447208404541,0.1093447208404541,0.5221822261810303,0.6315269470214844,42.12277913093567,0.5221822261810303,0.6315269470214844,42.12277913093567
nc_papers100m_195trainer_0hop_balanced_local_bs64_800r,20260914_200157_ogbn-papers100M_FedAvg_bs64_seed42_beta10000p0,ogbn-papers100M,FedAvg,64,42,10000.0,66,validation,0.1201,4.3477,0.1201,4.3477,198,0.10277056694030762,0.10277056694030762,0.5255980491638184,0.628368616104126,42.751147747039795,0.5255980491638184,0.628368616104126,42.751147747039795
nc_papers100m_195trainer_0hop_balanced_local_bs64_800r,20260914_200157_ogbn-papers100M_FedAvg_bs64_seed42_beta10000p0,ogbn-papers100M,FedAvg,64,42,10000.0,67,validation,0.1216,4.3376,0.1216,4.3376,201,0.10689401626586914,0.10689401626586914,0.5579884052276611,0.6648824214935303,43.416030168533325,0.5579884052276611,0.6648824214935303,43.416030168533325
nc_papers100m_195trainer_0hop_balanced_local_bs64_800r,20260914_200157_ogbn-papers100M_FedAvg_bs64_seed42_beta10000p0,ogbn-papers100M,FedAvg,64,42,10000.0,68,validation,0.123,4.3283,0.123,4.3283,204,0.10558319091796875,0.10558319091796875,0.5306718349456787,0.6362550258636475,44.05228519439697,0.5306718349456787,0.6362550258636475,44.05228519439697
nc_papers100m_195trainer_0hop_balanced_local_bs64_800r,20260914_200157_ogbn-papers100M_FedAvg_bs64_seed42_beta10000p0,ogbn-papers100M,FedAvg,64,42,10000.0,69,validation,0.1241,4.3193,0.1241,4.3193,207,0.10697317123413086,0.10697317123413086,0.5288276672363281,0.635800838470459,44.68808603286743,0.5288276672363281,0.635800838470459,44.68808603286743
nc_papers100m_195trainer_0hop_balanced_local_bs64_800r,20260914_200157_ogbn-papers100M_FedAvg_bs64_seed42_beta10000p0,ogbn-papers100M,FedAvg,64,42,10000.0,70,validation,0.1253,4.3106,0.1253,4.3106,210,0.10945582389831543,0.10945582389831543,0.5248575210571289,0.6343133449554443,45.322399377822876,0.5248575210571289,0.6343133449554443,45.322399377822876
nc_papers100m_195trainer_0hop_balanced_local_bs64_800r,20260914_200157_ogbn-papers100M_FedAvg_bs64_seed42_beta10000p0,ogbn-papers100M,FedAvg,64,42,10000.0,71,validation,0.1268,4.3014,0.1268,4.3014,213,0.10982894897460938,0.10982894897460938,0.5220851898193359,0.6319141387939453,45.95431351661682,0.5220851898193359,0.6319141387939453,45.95431351661682
nc_papers100m_195trainer_0hop_balanced_local_bs64_800r,20260914_200157_ogbn-papers100M_FedAvg_bs64_seed42_beta10000p0,ogbn-papers100M,FedAvg,64,42,10000.0,72,validation,0.1281,4.2926,0.1281,4.2926,216,0.10396504402160645,0.10396504402160645,0.5177593231201172,0.6217243671417236,46.576037883758545,0.5177593231201172,0.6217243671417236,46.576037883758545
nc_papers100m_195trainer_0hop_balanced_local_bs64_800r,20260914_200157_ogbn-papers100M_FedAvg_bs64_seed42_beta10000p0,ogbn-papers100M,FedAvg,64,42,10000.0,73,validation,0.1292,4.2839,0.1292,4.2839,219,0.10641360282897949,0.10641360282897949,0.5338504314422607,0.6402640342712402,47.216301918029785,0.5338504314422607,0.6402640342712402,47.216301918029785
nc_papers100m_195trainer_0hop_balanced_local_bs64_800r,20260914_200157_ogbn-papers100M_FedAvg_bs64_seed42_beta10000p0,ogbn-papers100M,FedAvg,64,42,10000.0,74,validation,0.1301,4.275,0.1301,4.275,222,0.10590982437133789,0.10590982437133789,0.5315890312194824,0.6374988555908203,47.853800773620605,0.5315890312194824,0.6374988555908203,47.853800773620605
nc_papers100m_195trainer_0hop_balanced_local_bs64_800r,20260914_200157_ogbn-papers100M_FedAvg_bs64_seed42_beta10000p0,ogbn-papers100M,FedAvg,64,42,10000.0,75,validation,0.1318,4.2663,0.1318,4.2663,225,0.10943293571472168,0.10943293571472168,0.5244505405426025,0.6338834762573242,48.48768424987793,0.5244505405426025,0.6338834762573242,48.48768424987793
nc_papers100m_195trainer_0hop_balanced_local_bs64_800r,20260914_200157_ogbn-papers100M_FedAvg_bs64_seed42_beta10000p0,ogbn-papers100M,FedAvg,64,42,10000.0,76,validation,0.1331,4.2581,0.1331,4.2581,228,0.11526989936828613,0.11526989936828613,0.5259342193603516,0.6412041187286377,49.12888836860657,0.5259342193603516,0.6412041187286377,49.12888836860657
nc_papers100m_195trainer_0hop_balanced_local_bs64_800r,20260914_200157_ogbn-papers100M_FedAvg_bs64_seed42_beta10000p0,ogbn-papers100M,FedAvg,64,42,10000.0,77,validation,0.1347,4.2494,0.1347,4.2494,231,0.10646343231201172,0.10646343231201172,0.529735803604126,0.6361992359161377,49.765087604522705,0.529735803604126,0.6361992359161377,49.765087604522705
nc_papers100m_195trainer_0hop_balanced_local_bs64_800r,20260914_200157_ogbn-papers100M_FedAvg_bs64_seed42_beta10000p0,ogbn-papers100M,FedAvg,64,42,10000.0,78,validation,0.1359,4.2404,0.1359,4.2404,234,0.10634446144104004,0.10634446144104004,0.5303809642791748,0.6367254257202148,50.40181303024292,0.5303809642791748,0.6367254257202148,50.40181303024292
nc_papers100m_195trainer_0hop_balanced_local_bs64_800r,20260914_200157_ogbn-papers100M_FedAvg_bs64_seed42_beta10000p0,ogbn-papers100M,FedAvg,64,42,10000.0,79,validation,0.1373,4.2321,0.1373,4.2321,237,0.10313129425048828,0.10313129425048828,0.5467350482940674,0.6498663425445557,51.051679372787476,0.5467350482940674,0.6498663425445557,51.051679372787476
nc_papers100m_195trainer_0hop_balanced_local_bs64_800r,20260914_200157_ogbn-papers100M_FedAvg_bs64_seed42_beta10000p0,ogbn-papers100M,FedAvg,64,42,10000.0,80,validation,0.1386,4.2235,0.1386,4.2235,240,0.10677099227905273,0.10677099227905273,0.5313076972961426,0.6380786895751953,51.68975806236267,0.5313076972961426,0.6380786895751953,51.68975806236267
nc_papers100m_195trainer_0hop_balanced_local_bs64_800r,20260914_200157_ogbn-papers100M_FedAvg_bs64_seed42_beta10000p0,ogbn-papers100M,FedAvg,64,42,10000.0,81,validation,0.1398,4.2154,0.1398,4.2154,243,0.11395025253295898,0.11395025253295898,0.5157113075256348,0.6296615600585938,52.319419622421265,0.5157113075256348,0.6296615600585938,52.319419622421265
nc_papers100m_195trainer_0hop_balanced_local_bs64_800r,20260914_200157_ogbn-papers100M_FedAvg_bs64_seed42_beta10000p0,ogbn-papers100M,FedAvg,64,42,10000.0,82,validation,0.141,4.207,0.141,4.207,246,0.1116328239440918,0.1116328239440918,0.5235326290130615,0.6351654529571533,52.95458507537842,0.5235326290130615,0.6351654529571533,52.95458507537842
nc_papers100m_195trainer_0hop_balanced_local_bs64_800r,20260914_200157_ogbn-papers100M_FedAvg_bs64_seed42_beta10000p0,ogbn-papers100M,FedAvg,64,42,10000.0,83,validation,0.1419,4.199,0.1419,4.199,249,0.1097116470336914,0.1097116470336914,0.5247411727905273,0.6344528198242188,53.58903789520264,0.5247411727905273,0.6344528198242188,53.58903789520264
nc_papers100m_195trainer_0hop_balanced_local_bs64_800r,20260914_200157_ogbn-papers100M_FedAvg_bs64_seed42_beta10000p0,ogbn-papers100M,FedAvg,64,42,10000.0,84,validation,0.1433,4.1912,0.1433,4.1912,252,0.10492420196533203,0.10492420196533203,0.5251791477203369,0.630103349685669,54.219141244888306,0.5251791477203369,0.630103349685669,54.219141244888306
nc_papers100m_195trainer_0hop_balanced_local_bs64_800r,20260914_200157_ogbn-papers100M_FedAvg_bs64_seed42_beta10000p0,ogbn-papers100M,FedAvg,64,42,10000.0,85,validation,0.1442,4.1834,0.1442,4.1834,255,0.10518312454223633,0.10518312454223633,0.5290520191192627,0.634235143661499,54.853376388549805,0.5290520191192627,0.634235143661499,54.853376388549805
nc_papers100m_195trainer_0hop_balanced_local_bs64_800r,20260914_200157_ogbn-papers100M_FedAvg_bs64_seed42_beta10000p0,ogbn-papers100M,FedAvg,64,42,10000.0,86,validation,0.1455,4.1758,0.1455,4.1758,258,0.10956239700317383,0.10956239700317383,0.5269269943237305,0.6364893913269043,55.48986577987671,0.5269269943237305,0.6364893913269043,55.48986577987671
nc_papers100m_195trainer_0hop_balanced_local_bs64_800r,20260914_200157_ogbn-papers100M_FedAvg_bs64_seed42_beta10000p0,ogbn-papers100M,FedAvg,64,42,10000.0,87,validation,0.1462,4.1681,0.1462,4.1681,261,0.10724806785583496,0.10724806785583496,0.5279357433319092,0.6351838111877441,56.12504959106445,0.5279357433319092,0.6351838111877441,56.12504959106445
nc_papers100m_195trainer_0hop_balanced_local_bs64_800r,20260914_200157_ogbn-papers100M_FedAvg_bs64_seed42_beta10000p0,ogbn-papers100M,FedAvg,64,42,10000.0,88,validation,0.1479,4.1606,0.1479,4.1606,264,0.11020255088806152,0.11020255088806152,0.5260739326477051,0.6362764835357666,56.76132607460022,0.5260739326477051,0.6362764835357666,56.76132607460022
nc_papers100m_195trainer_0hop_balanced_local_bs64_800r,20260914_200157_ogbn-papers100M_FedAvg_bs64_seed42_beta10000p0,ogbn-papers100M,FedAvg,64,42,10000.0,89,validation,0.1489,4.1535,0.1489,4.1535,267,0.10429143905639648,0.10429143905639648,0.5254416465759277,0.6297330856323242,57.391059160232544,0.5254416465759277,0.6297330856323242,57.391059160232544
nc_papers100m_195trainer_0hop_balanced_local_bs64_800r,20260914_200157_ogbn-papers100M_FedAvg_bs64_seed42_beta10000p0,ogbn-papers100M,FedAvg,64,42,10000.0,90,validation,0.1501,4.1459,0.1501,4.1459,270,0.10616135597229004,0.10616135597229004,0.5160574913024902,0.6222188472747803,58.013278007507324,0.5160574913024902,0.6222188472747803,58.013278007507324
nc_papers100m_195trainer_0hop_balanced_local_bs64_800r,20260914_200157_ogbn-papers100M_FedAvg_bs64_seed42_beta10000p0,ogbn-papers100M,FedAvg,64,42,10000.0,91,validation,0.1508,4.1392,0.1508,4.1392,273,0.1088862419128418,0.1088862419128418,0.551227331161499,0.6601135730743408,58.673391580581665,0.551227331161499,0.6601135730743408,58.673391580581665
nc_papers100m_195trainer_0hop_balanced_local_bs64_800r,20260914_200157_ogbn-papers100M_FedAvg_bs64_seed42_beta10000p0,ogbn-papers100M,FedAvg,64,42,10000.0,92,validation,0.152,4.1319,0.152,4.1319,276,0.1087794303894043,0.1087794303894043,0.526890754699707,0.6356701850891113,59.309061765670776,0.526890754699707,0.6356701850891113,59.309061765670776
nc_papers100m_195trainer_0hop_balanced_local_bs64_800r,20260914_200157_ogbn-papers100M_FedAvg_bs64_seed42_beta10000p0,ogbn-papers100M,FedAvg,64,42,10000.0,93,validation,0.1529,4.1244,0.1529,4.1244,279,0.10381889343261719,0.10381889343261719,0.5239667892456055,0.6277856826782227,59.936847448349,0.5239667892456055,0.6277856826782227,59.936847448349
nc_papers100m_195trainer_0hop_balanced_local_bs64_800r,20260914_200157_ogbn-papers100M_FedAvg_bs64_seed42_beta10000p0,ogbn-papers100M,FedAvg,64,42,10000.0,94,validation,0.1541,4.1169,0.1541,4.1169,282,0.10376548767089844,0.10376548767089844,0.529353141784668,0.6331186294555664,60.569966077804565,0.529353141784668,0.6331186294555664,60.569966077804565
nc_papers100m_195trainer_0hop_balanced_local_bs64_800r,20260914_200157_ogbn-papers100M_FedAvg_bs64_seed42_beta10000p0,ogbn-papers100M,FedAvg,64,42,10000.0,95,validation,0.1551,4.1097,0.1551,4.1097,285,0.10622692108154297,0.10622692108154297,0.5241446495056152,0.6303715705871582,61.200337648391724,0.5241446495056152,0.6303715705871582,61.200337648391724
nc_papers100m_195trainer_0hop_balanced_local_bs64_800r,20260914_200157_ogbn-papers100M_FedAvg_bs64_seed42_beta10000p0,ogbn-papers100M,FedAvg,64,42,10000.0,96,validation,0.1566,4.1026,0.1566,4.1026,288,0.10840773582458496,0.10840773582458496,0.5229699611663818,0.6313776969909668,61.83171534538269,0.5229699611663818,0.6313776969909668,61.83171534538269
nc_papers100m_195trainer_0hop_balanced_local_bs64_800r,20260914_200157_ogbn-papers100M_FedAvg_bs64_seed42_beta10000p0,ogbn-papers100M,FedAvg,64,42,10000.0,97,validation,0.1576,4.0952,0.1576,4.0952,291,0.11028003692626953,0.11028003692626953,0.5219719409942627,0.6322519779205322,62.46396732330322,0.5219719409942627,0.6322519779205322,62.46396732330322
nc_papers100m_195trainer_0hop_balanced_local_bs64_800r,20260914_200157_ogbn-papers100M_FedAvg_bs64_seed42_beta10000p0,ogbn-papers100M,FedAvg,64,42,10000.0,98,validation,0.1585,4.0879,0.1585,4.0879,294,0.10461759567260742,0.10461759567260742,0.5197148323059082,0.6243324279785156,63.08829975128174,0.5197148323059082,0.6243324279785156,63.08829975128174
nc_papers100m_195trainer_0hop_balanced_local_bs64_800r,20260914_200157_ogbn-papers100M_FedAvg_bs64_seed42_beta10000p0,ogbn-papers100M,FedAvg,64,42,10000.0,99,validation,0.1594,4.081,0.1594,4.081,297,0.10296869277954102,0.10296869277954102,0.5284607410430908,0.6314294338226318,63.71972918510437,0.5284607410430908,0.6314294338226318,63.71972918510437
nc_papers100m_195trainer_0hop_balanced_local_bs64_800r,20260914_200157_ogbn-papers100M_FedAvg_bs64_seed42_beta10000p0,ogbn-papers100M,FedAvg,64,42,10000.0,100,validation,0.1604,4.0749,0.1604,4.0749,300,0.10308694839477539,0.10308694839477539,0.5312364101409912,0.6343233585357666,64.35405254364014,0.5312364101409912,0.6343233585357666,64.35405254364014
nc_papers100m_195trainer_0hop_balanced_local_bs64_800r,20260914_200157_ogbn-papers100M_FedAvg_bs64_seed42_beta10000p0,ogbn-papers100M,FedAvg,64,42,10000.0,101,validation,0.1612,4.0687,0.1612,4.0687,303,0.10732173919677734,0.10732173919677734,0.5281238555908203,0.6354455947875977,64.98949813842773,0.5281238555908203,0.6354455947875977,64.98949813842773
nc_papers100m_195trainer_0hop_balanced_local_bs64_800r,20260914_200157_ogbn-papers100M_FedAvg_bs64_seed42_beta10000p0,ogbn-papers100M,FedAvg,64,42,10000.0,102,validation,0.1622,4.0623,0.1622,4.0623,306,0.10741829872131348,0.10741829872131348,0.519233226776123,0.6266515254974365,65.61614966392517,0.519233226776123,0.6266515254974365,65.61614966392517
nc_papers100m_195trainer_0hop_balanced_local_bs64_800r,20260914_200157_ogbn-papers100M_FedAvg_bs64_seed42_beta10000p0,ogbn-papers100M,FedAvg,64,42,10000.0,103,validation,0.163,4.056,0.163,4.056,309,0.11185860633850098,0.11185860633850098,0.6895565986633301,0.801415205001831,66.417564868927,0.6895565986633301,0.801415205001831,66.417564868927
nc_papers100m_195trainer_0hop_balanced_local_bs64_800r,20260914_200157_ogbn-papers100M_FedAvg_bs64_seed42_beta10000p0,ogbn-papers100M,FedAvg,64,42,10000.0,104,validation,0.1641,4.0492,0.1641,4.0492,312,0.1032416820526123,0.1032416820526123,0.5208954811096191,0.6241371631622314,67.04170203208923,0.5208954811096191,0.6241371631622314,67.04170203208923
nc_papers100m_195trainer_0hop_balanced_local_bs64_800r,20260914_200157_ogbn-papers100M_FedAvg_bs64_seed42_beta10000p0,ogbn-papers100M,FedAvg,64,42,10000.0,105,validation,0.1651,4.0434,0.1651,4.0434,315,0.1051478385925293,0.1051478385925293,0.5290536880493164,0.6342015266418457,67.67590355873108,0.5290536880493164,0.6342015266418457,67.67590355873108
nc_papers100m_195trainer_0hop_balanced_local_bs64_800r,20260914_200157_ogbn-papers100M_FedAvg_bs64_seed42_beta10000p0,ogbn-papers100M,FedAvg,64,42,10000.0,106,validation,0.1661,4.0369,0.1661,4.0369,318,0.10376238822937012,0.10376238822937012,0.5248847007751465,0.6286470890045166,68.3045506477356,0.5248847007751465,0.6286470890045166,68.3045506477356
nc_papers100m_195trainer_0hop_balanced_local_bs64_800r,20260914_200157_ogbn-papers100M_FedAvg_bs64_seed42_beta10000p0,ogbn-papers100M,FedAvg,64,42,10000.0,107,validation,0.1671,4.0306,0.1671,4.0306,321,0.10533428192138672,0.10533428192138672,0.5278909206390381,0.6332252025604248,68.93777585029602,0.5278909206390381,0.6332252025604248,68.93777585029602
nc_papers100m_195trainer_0hop_balanced_local_bs64_800r,20260914_200157_ogbn-papers100M_FedAvg_bs64_seed42_beta10000p0,ogbn-papers100M,FedAvg,64,42,10000.0,108,validation,0.1681,4.0244,0.1681,4.0244,324,0.10705685615539551,0.10705685615539551,0.5197830200195312,0.6268398761749268,69.56461572647095,0.5197830200195312,0.6268398761749268,69.56461572647095
nc_papers100m_195trainer_0hop_balanced_local_bs64_800r,20260914_200157_ogbn-papers100M_FedAvg_bs64_seed42_beta10000p0,ogbn-papers100M,FedAvg,64,42,10000.0,109,validation,0.1688,4.0182,0.1688,4.0182,327,0.10383725166320801,0.10383725166320801,0.5188343524932861,0.6226716041564941,70.18728733062744,0.5188343524932861,0.6226716041564941,70.18728733062744
nc_papers100m_195trainer_0hop_balanced_local_bs64_800r,20260914_200157_ogbn-papers100M_FedAvg_bs64_seed42_beta10000p0,ogbn-papers100M,FedAvg,64,42,10000.0,110,validation,0.1698,4.0121,0.1698,4.0121,330,0.10312342643737793,0.10312342643737793,0.5356457233428955,0.6387691497802734,70.82605648040771,0.5356457233428955,0.6387691497802734,70.82605648040771
nc_papers100m_195trainer_0hop_balanced_local_bs64_800r,20260914_200157_ogbn-papers100M_FedAvg_bs64_seed42_beta10000p0,ogbn-papers100M,FedAvg,64,42,10000.0,111,validation,0.1705,4.006,0.1705,4.006,333,0.10533905029296875,0.10533905029296875,0.5372016429901123,0.642540693283081,71.4685971736908,0.5372016429901123,0.642540693283081,71.4685971736908
nc_papers100m_195trainer_0hop_balanced_local_bs64_800r,20260914_200157_ogbn-papers100M_FedAvg_bs64_seed42_beta10000p0,ogbn-papers100M,FedAvg,64,42,10000.0,112,validation,0.1715,3.9995,0.1715,3.9995,336,0.10520458221435547,0.10520458221435547,0.5262386798858643,0.6314432621002197,72.10004043579102,0.5262386798858643,0.6314432621002197,72.10004043579102
nc_papers100m_195trainer_0hop_balanced_local_bs64_800r,20260914_200157_ogbn-papers100M_FedAvg_bs64_seed42_beta10000p0,ogbn-papers100M,FedAvg,64,42,10000.0,113,validation,0.1726,3.9931,0.1726,3.9931,339,0.1057431697845459,0.1057431697845459,0.5256881713867188,0.6314313411712646,72.73147177696228,0.5256881713867188,0.6314313411712646,72.73147177696228
nc_papers100m_195trainer_0hop_balanced_local_bs64_800r,20260914_200157_ogbn-papers100M_FedAvg_bs64_seed42_beta10000p0,ogbn-papers100M,FedAvg,64,42,10000.0,114,validation,0.1733,3.9872,0.1733,3.9872,342,0.10789895057678223,0.10789895057678223,0.5231657028198242,0.6310646533966064,73.36253643035889,0.5231657028198242,0.6310646533966064,73.36253643035889
nc_papers100m_195trainer_0hop_balanced_local_bs64_800r,20260914_200157_ogbn-papers100M_FedAvg_bs64_seed42_beta10000p0,ogbn-papers100M,FedAvg,64,42,10000.0,115,validation,0.1743,3.9813,0.1743,3.9813,345,0.1093146800994873,0.1093146800994873,0.5400590896606445,0.6493737697601318,74.01191020011902,0.5400590896606445,0.6493737697601318,74.01191020011902
nc_papers100m_195trainer_0hop_balanced_local_bs64_800r,20260914_200157_ogbn-papers100M_FedAvg_bs64_seed42_beta10000p0,ogbn-papers100M,FedAvg,64,42,10000.0,116,validation,0.1751,3.9757,0.1751,3.9757,348,0.10326528549194336,0.10326528549194336,0.5259943008422852,0.6292595863342285,74.64116978645325,0.5259943008422852,0.6292595863342285,74.64116978645325
nc_papers100m_195trainer_0hop_balanced_local_bs64_800r,20260914_200157_ogbn-papers100M_FedAvg_bs64_seed42_beta10000p0,ogbn-papers100M,FedAvg,64,42,10000.0,117,validation,0.1756,3.9704,0.1756,3.9704,351,0.10522985458374023,0.10522985458374023,0.5285871028900146,0.6338169574737549,75.274986743927,0.5285871028900146,0.6338169574737549,75.274986743927
nc_papers100m_195trainer_0hop_balanced_local_bs64_800r,20260914_200157_ogbn-papers100M_FedAvg_bs64_seed42_beta10000p0,ogbn-papers100M,FedAvg,64,42,10000.0,118,validation,0.1765,3.9646,0.1765,3.9646,354,0.10502457618713379,0.10502457618713379,0.5267429351806641,0.6317675113677979,75.9067542552948,0.5267429351806641,0.6317675113677979,75.9067542552948
nc_papers100m_195trainer_0hop_balanced_local_bs64_800r,20260914_200157_ogbn-papers100M_FedAvg_bs64_seed42_beta10000p0,ogbn-papers100M,FedAvg,64,42,10000.0,119,validation,0.1774,3.9586,0.1774,3.9586,357,0.10618329048156738,0.10618329048156738,0.5195472240447998,0.6257305145263672,76.53248476982117,0.5195472240447998,0.6257305145263672,76.53248476982117
nc_papers100m_195trainer_0hop_balanced_local_bs64_800r,20260914_200157_ogbn-papers100M_FedAvg_bs64_seed42_beta10000p0,ogbn-papers100M,FedAvg,64,42,10000.0,120,validation,0.1785,3.9533,0.1785,3.9533,360,0.10749173164367676,0.10749173164367676,0.5268337726593018,0.6343255043029785,77.16681027412415,0.5268337726593018,0.6343255043029785,77.16681027412415
nc_papers100m_195trainer_0hop_balanced_local_bs64_800r,20260914_200157_ogbn-papers100M_FedAvg_bs64_seed42_beta10000p0,ogbn-papers100M,FedAvg,64,42,10000.0,121,validation,0.1789,3.9483,0.1789,3.9483,363,0.1055593490600586,0.1055593490600586,0.5264139175415039,0.6319732666015625,77.79878354072571,0.5264139175415039,0.6319732666015625,77.79878354072571
nc_papers100m_195trainer_0hop_balanced_local_bs64_800r,20260914_200157_ogbn-papers100M_FedAvg_bs64_seed42_beta10000p0,ogbn-papers100M,FedAvg,64,42,10000.0,122,validation,0.1798,3.943,0.1798,3.943,366,0.1049044132232666,0.1049044132232666,0.528801441192627,0.6337058544158936,78.4324893951416,0.528801441192627,0.6337058544158936,78.4324893951416
nc_papers100m_195trainer_0hop_balanced_local_bs64_800r,20260914_200157_ogbn-papers100M_FedAvg_bs64_seed42_beta10000p0,ogbn-papers100M,FedAvg,64,42,10000.0,123,validation,0.1803,3.9381,0.1803,3.9381,369,0.10613751411437988,0.10613751411437988,0.5228121280670166,0.6289496421813965,79.061439037323,0.5228121280670166,0.6289496421813965,79.061439037323
nc_papers100m_195trainer_0hop_balanced_local_bs64_800r,20260914_200157_ogbn-papers100M_FedAvg_bs64_seed42_beta10000p0,ogbn-papers100M,FedAvg,64,42,10000.0,124,validation,0.1812,3.9325,0.1812,3.9325,372,0.10760688781738281,0.10760688781738281,0.5188720226287842,0.626478910446167,79.68791794776917,0.5188720226287842,0.626478910446167,79.68791794776917
nc_papers100m_195trainer_0hop_balanced_local_bs64_800r,20260914_200157_ogbn-papers100M_FedAvg_bs64_seed42_beta10000p0,ogbn-papers100M,FedAvg,64,42,10000.0,125,validation,0.1822,3.9269,0.1822,3.9269,375,0.10908699035644531,0.10908699035644531,0.5227437019348145,0.6318306922912598,80.31974864006042,0.5227437019348145,0.6318306922912598,80.31974864006042
nc_papers100m_195trainer_0hop_balanced_local_bs64_800r,20260914_200157_ogbn-papers100M_FedAvg_bs64_seed42_beta10000p0,ogbn-papers100M,FedAvg,64,42,10000.0,126,validation,0.1824,3.9213,0.1824,3.9213,378,0.10983443260192871,0.10983443260192871,0.5259828567504883,0.635817289352417,80.95556592941284,0.5259828567504883,0.635817289352417,80.95556592941284
nc_papers100m_195trainer_0hop_balanced_local_bs64_800r,20260914_200157_ogbn-papers100M_FedAvg_bs64_seed42_beta10000p0,ogbn-papers100M,FedAvg,64,42,10000.0,127,validation,0.1836,3.9164,0.1836,3.9164,381,0.10382318496704102,0.10382318496704102,0.5403122901916504,0.6441354751586914,81.59970140457153,0.5403122901916504,0.6441354751586914,81.59970140457153
nc_papers100m_195trainer_0hop_balanced_local_bs64_800r,20260914_200157_ogbn-papers100M_FedAvg_bs64_seed42_beta10000p0,ogbn-papers100M,FedAvg,64,42,10000.0,128,validation,0.1845,3.9113,0.1845,3.9113,384,0.10531735420227051,0.10531735420227051,0.5304887294769287,0.6358060836791992,82.23550748825073,0.5304887294769287,0.6358060836791992,82.23550748825073
nc_papers100m_195trainer_0hop_balanced_local_bs64_800r,20260914_200157_ogbn-papers100M_FedAvg_bs64_seed42_beta10000p0,ogbn-papers100M,FedAvg,64,42,10000.0,129,validation,0.1854,3.9062,0.1854,3.9062,387,0.10506272315979004,0.10506272315979004,0.5169599056243896,0.6220226287841797,82.85753011703491,0.5169599056243896,0.6220226287841797,82.85753011703491
nc_papers100m_195trainer_0hop_balanced_local_bs64_800r,20260914_200157_ogbn-papers100M_FedAvg_bs64_seed42_beta10000p0,ogbn-papers100M,FedAvg,64,42,10000.0,130,validation,0.1862,3.9013,0.1862,3.9013,390,0.10802197456359863,0.10802197456359863,0.514202356338501,0.6222243309020996,83.47975444793701,0.514202356338501,0.6222243309020996,83.47975444793701
nc_papers100m_195trainer_0hop_balanced_local_bs64_800r,20260914_200157_ogbn-papers100M_FedAvg_bs64_seed42_beta10000p0,ogbn-papers100M,FedAvg,64,42,10000.0,131,validation,0.187,3.8959,0.187,3.8959,393,0.11788249015808105,0.11788249015808105,0.5173952579498291,0.6352777481079102,84.11503219604492,0.5173952579498291,0.6352777481079102,84.11503219604492
nc_papers100m_195trainer_0hop_balanced_local_bs64_800r,20260914_200157_ogbn-papers100M_FedAvg_bs64_seed42_beta10000p0,ogbn-papers100M,FedAvg,64,42,10000.0,132,validation,0.1878,3.8909,0.1878,3.8909,396,0.1045069694519043,0.1045069694519043,0.5229518413543701,0.6274588108062744,84.7424910068512,0.5229518413543701,0.6274588108062744,84.7424910068512
nc_papers100m_195trainer_0hop_balanced_local_bs64_800r,20260914_200157_ogbn-papers100M_FedAvg_bs64_seed42_beta10000p0,ogbn-papers100M,FedAvg,64,42,10000.0,133,validation,0.1888,3.8862,0.1888,3.8862,399,0.10769367218017578,0.10769367218017578,0.5290749073028564,0.6367685794830322,85.37925958633423,0.5290749073028564,0.6367685794830322,85.37925958633423
nc_papers100m_195trainer_0hop_balanced_local_bs64_800r,20260914_200157_ogbn-papers100M_FedAvg_bs64_seed42_beta10000p0,ogbn-papers100M,FedAvg,64,42,10000.0,134,validation,0.1892,3.882,0.1892,3.882,402,0.10570907592773438,0.10570907592773438,0.5208444595336914,0.6265535354614258,86.00581312179565,0.5208444595336914,0.6265535354614258,86.00581312179565
nc_papers100m_195trainer_0hop_balanced_local_bs64_800r,20260914_200157_ogbn-papers100M_FedAvg_bs64_seed42_beta10000p0,ogbn-papers100M,FedAvg,64,42,10000.0,135,validation,0.1897,3.8774,0.1897,3.8774,405,0.11034059524536133,0.11034059524536133,0.5245895385742188,0.6349301338195801,86.64074325561523,0.5245895385742188,0.6349301338195801,86.64074325561523
nc_papers100m_195trainer_0hop_balanced_local_bs64_800r,20260914_200157_ogbn-papers100M_FedAvg_bs64_seed42_beta10000p0,ogbn-papers100M,FedAvg,64,42,10000.0,136,validation,0.1902,3.8724,0.1902,3.8724,408,0.11740326881408691,0.11740326881408691,0.5214924812316895,0.6388957500457764,87.27963900566101,0.5214924812316895,0.6388957500457764,87.27963900566101
nc_papers100m_195trainer_0hop_balanced_local_bs64_800r,20260914_200157_ogbn-papers100M_FedAvg_bs64_seed42_beta10000p0,ogbn-papers100M,FedAvg,64,42,10000.0,137,validation,0.1906,3.8673,0.1906,3.8673,411,0.10444450378417969,0.10444450378417969,0.5286972522735596,0.6331417560577393,87.91278076171875,0.5286972522735596,0.6331417560577393,87.91278076171875
nc_papers100m_195trainer_0hop_balanced_local_bs64_800r,20260914_200157_ogbn-papers100M_FedAvg_bs64_seed42_beta10000p0,ogbn-papers100M,FedAvg,64,42,10000.0,138,validation,0.1914,3.8629,0.1914,3.8629,414,0.10506963729858398,0.10506963729858398,0.5167694091796875,0.6218390464782715,88.53461980819702,0.5167694091796875,0.6218390464782715,88.53461980819702
nc_papers100m_195trainer_0hop_balanced_local_bs64_800r,20260914_200157_ogbn-papers100M_FedAvg_bs64_seed42_beta10000p0,ogbn-papers100M,FedAvg,64,42,10000.0,139,validation,0.1924,3.8581,0.1924,3.8581,417,0.10517263412475586,0.10517263412475586,0.520439863204956,0.6256124973297119,89.16023230552673,0.520439863204956,0.6256124973297119,89.16023230552673
nc_papers100m_195trainer_0hop_balanced_local_bs64_800r,20260914_200157_ogbn-papers100M_FedAvg_bs64_seed42_beta10000p0,ogbn-papers100M,FedAvg,64,42,10000.0,140,validation,0.1931,3.8537,0.1931,3.8537,420,0.10628867149353027,0.10628867149353027,0.519752025604248,0.6260406970977783,89.78627300262451,0.519752025604248,0.6260406970977783,89.78627300262451
nc_papers100m_195trainer_0hop_balanced_local_bs64_800r,20260914_200157_ogbn-papers100M_FedAvg_bs64_seed42_beta10000p0,ogbn-papers100M,FedAvg,64,42,10000.0,141,validation,0.1939,3.8484,0.1939,3.8484,423,0.11009359359741211,0.11009359359741211,0.5233509540557861,0.6334445476531982,90.41971755027771,0.5233509540557861,0.6334445476531982,90.41971755027771
nc_papers100m_195trainer_0hop_balanced_local_bs64_800r,20260914_200157_ogbn-papers100M_FedAvg_bs64_seed42_beta10000p0,ogbn-papers100M,FedAvg,64,42,10000.0,142,validation,0.1946,3.8435,0.1946,3.8435,426,0.11601448059082031,0.11601448059082031,0.5341653823852539,0.6501798629760742,91.06989741325378,0.5341653823852539,0.6501798629760742,91.06989741325378
nc_papers100m_195trainer_0hop_balanced_local_bs64_800r,20260914_200157_ogbn-papers100M_FedAvg_bs64_seed42_beta10000p0,ogbn-papers100M,FedAvg,64,42,10000.0,143,validation,0.1952,3.8384,0.1952,3.8384,429,0.10575127601623535,0.10575127601623535,0.5259881019592285,0.6317393779754639,91.70163679122925,0.5259881019592285,0.6317393779754639,91.70163679122925
nc_papers100m_195trainer_0hop_balanced_local_bs64_800r,20260914_200157_ogbn-papers100M_FedAvg_bs64_seed42_beta10000p0,ogbn-papers100M,FedAvg,64,42,10000.0,144,validation,0.1958,3.8339,0.1958,3.8339,432,0.1044008731842041,0.1044008731842041,0.5268189907073975,0.6312198638916016,92.33285665512085,0.5268189907073975,0.6312198638916016,92.33285665512085
nc_papers100m_195trainer_0hop_balanced_local_bs64_800r,20260914_200157_ogbn-papers100M_FedAvg_bs64_seed42_beta10000p0,ogbn-papers100M,FedAvg,64,42,10000.0,145,validation,0.1961,3.8295,0.1961,3.8295,435,0.10455608367919922,0.10455608367919922,0.5207607746124268,0.625316858291626,92.95817351341248,0.5207607746124268,0.625316858291626,92.95817351341248
nc_papers100m_195trainer_0hop_balanced_local_bs64_800r,20260914_200157_ogbn-papers100M_FedAvg_bs64_seed42_beta10000p0,ogbn-papers100M,FedAvg,64,42,10000.0,146,validation,0.1967,3.8252,0.1967,3.8252,438,0.106109619140625,0.106109619140625,0.5229828357696533,0.6290924549102783,93.58726596832275,0.5229828357696533,0.6290924549102783,93.58726596832275
nc_papers100m_195trainer_0hop_balanced_local_bs64_800r,20260914_200157_ogbn-papers100M_FedAvg_bs64_seed42_beta10000p0,ogbn-papers100M,FedAvg,64,42,10000.0,147,validation,0.1975,3.8209,0.1975,3.8209,441,0.11084365844726562,0.11084365844726562,0.5323235988616943,0.64316725730896,94.23043322563171,0.5323235988616943,0.64316725730896,94.23043322563171
nc_papers100m_195trainer_0hop_balanced_local_bs64_800r,20260914_200157_ogbn-papers100M_FedAvg_bs64_seed42_beta10000p0,ogbn-papers100M,FedAvg,64,42,10000.0,148,validation,0.1985,3.8169,0.1985,3.8169,444,0.10814881324768066,0.10814881324768066,0.5290555953979492,0.6372044086456299,94.86763763427734,0.5290555953979492,0.6372044086456299,94.86763763427734
nc_papers100m_195trainer_0hop_balanced_local_bs64_800r,20260914_200157_ogbn-papers100M_FedAvg_bs64_seed42_beta10000p0,ogbn-papers100M,FedAvg,64,42,10000.0,149,validation,0.1987,3.8131,0.1987,3.8131,447,0.10445857048034668,0.10445857048034668,0.526989221572876,0.6314477920532227,95.49908542633057,0.526989221572876,0.6314477920532227,95.49908542633057
nc_papers100m_195trainer_0hop_balanced_local_bs64_800r,20260914_200157_ogbn-papers100M_FedAvg_bs64_seed42_beta10000p0,ogbn-papers100M,FedAvg,64,42,10000.0,150,validation,0.1993,3.8082,0.1993,3.8082,450,0.10575127601623535,0.10575127601623535,0.5199286937713623,0.6256799697875977,96.12476539611816,0.5199286937713623,0.6256799697875977,96.12476539611816
nc_papers100m_195trainer_0hop_balanced_local_bs64_800r,20260914_200157_ogbn-papers100M_FedAvg_bs64_seed42_beta10000p0,ogbn-papers100M,FedAvg,64,42,10000.0,151,validation,0.1997,3.8039,0.1997,3.8039,453,0.10616827011108398,0.10616827011108398,0.5279881954193115,0.6341564655303955,96.75892186164856,0.5279881954193115,0.6341564655303955,96.75892186164856
nc_papers100m_195trainer_0hop_balanced_local_bs64_800r,20260914_200157_ogbn-papers100M_FedAvg_bs64_seed42_beta10000p0,ogbn-papers100M,FedAvg,64,42,10000.0,152,validation,0.2004,3.7999,0.2004,3.7999,456,0.11121010780334473,0.11121010780334473,0.5319573879241943,0.6431674957275391,97.4020893573761,0.5319573879241943,0.6431674957275391,97.4020893573761
nc_papers100m_195trainer_0hop_balanced_local_bs64_800r,20260914_200157_ogbn-papers100M_FedAvg_bs64_seed42_beta10000p0,ogbn-papers100M,FedAvg,64,42,10000.0,153,validation,0.2007,3.7956,0.2007,3.7956,459,0.10638093948364258,0.10638093948364258,0.5278253555297852,0.6342062950134277,98.03629565238953,0.5278253555297852,0.6342062950134277,98.03629565238953
nc_papers100m_195trainer_0hop_balanced_local_bs64_800r,20260914_200157_ogbn-papers100M_FedAvg_bs64_seed42_beta10000p0,ogbn-papers100M,FedAvg,64,42,10000.0,154,validation,0.2012,3.791,0.2012,3.791,462,0.1044013500213623,0.1044013500213623,0.519049882888794,0.6234512329101562,98.65974688529968,0.519049882888794,0.6234512329101562,98.65974688529968
nc_papers100m_195trainer_0hop_balanced_local_bs64_800r,20260914_200157_ogbn-papers100M_FedAvg_bs64_seed42_beta10000p0,ogbn-papers100M,FedAvg,64,42,10000.0,155,validation,0.2023,3.7868,0.2023,3.7868,465,0.1048891544342041,0.1048891544342041,0.5224668979644775,0.6273560523986816,99.28710293769836,0.5224668979644775,0.6273560523986816,99.28710293769836
nc_papers100m_195trainer_0hop_balanced_local_bs64_800r,20260914_200157_ogbn-papers100M_FedAvg_bs64_seed42_beta10000p0,ogbn-papers100M,FedAvg,64,42,10000.0,156,validation,0.203,3.7823,0.203,3.7823,468,0.1057276725769043,0.1057276725769043,0.5269327163696289,0.6326603889465332,99.9197633266449,0.5269327163696289,0.6326603889465332,99.9197633266449
nc_papers100m_195trainer_0hop_balanced_local_bs64_800r,20260914_200157_ogbn-papers100M_FedAvg_bs64_seed42_beta10000p0,ogbn-papers100M,FedAvg,64,42,10000.0,157,validation,0.2038,3.7784,0.2038,3.7784,471,0.11045718193054199,0.11045718193054199,0.5298645496368408,0.6403217315673828,100.56008505821228,0.5298645496368408,0.6403217315673828,100.56008505821228
nc_papers100m_195trainer_0hop_balanced_local_bs64_800r,20260914_200157_ogbn-papers100M_FedAvg_bs64_seed42_beta10000p0,ogbn-papers100M,FedAvg,64,42,10000.0,158,validation,0.2041,3.7747,0.2041,3.7747,474,0.10731315612792969,0.10731315612792969,0.5300860404968262,0.6373991966247559,101.19748425483704,0.5300860404968262,0.6373991966247559,101.19748425483704
nc_papers100m_195trainer_0hop_balanced_local_bs64_800r,20260914_200157_ogbn-papers100M_FedAvg_bs64_seed42_beta10000p0,ogbn-papers100M,FedAvg,64,42,10000.0,159,validation,0.2047,3.7708,0.2047,3.7708,477,0.10501599311828613,0.10501599311828613,0.5196313858032227,0.6246473789215088,101.82213163375854,0.5196313858032227,0.6246473789215088,101.82213163375854
nc_papers100m_195trainer_0hop_balanced_local_bs64_800r,20260914_200157_ogbn-papers100M_FedAvg_bs64_seed42_beta10000p0,ogbn-papers100M,FedAvg,64,42,10000.0,160,validation,0.2055,3.7666,0.2055,3.7666,480,0.10682845115661621,0.10682845115661621,0.5185203552246094,0.6253488063812256,102.44748044013977,0.5185203552246094,0.6253488063812256,102.44748044013977
nc_papers100m_195trainer_0hop_balanced_local_bs64_800r,20260914_200157_ogbn-papers100M_FedAvg_bs64_seed42_beta10000p0,ogbn-papers100M,FedAvg,64,42,10000.0,161,validation,0.2059,3.7627,0.2059,3.7627,483,0.1051321029663086,0.1051321029663086,0.52280592918396,0.6279380321502686,103.07541847229004,0.52280592918396,0.6279380321502686,103.07541847229004
nc_papers100m_195trainer_0hop_balanced_local_bs64_800r,20260914_200157_ogbn-papers100M_FedAvg_bs64_seed42_beta10000p0,ogbn-papers100M,FedAvg,64,42,10000.0,162,validation,0.2062,3.7595,0.2062,3.7595,486,0.10571837425231934,0.10571837425231934,0.5257282257080078,0.6314465999603271,103.70686507225037,0.5257282257080078,0.6314465999603271,103.70686507225037
nc_papers100m_195trainer_0hop_balanced_local_bs64_800r,20260914_200157_ogbn-papers100M_FedAvg_bs64_seed42_beta10000p0,ogbn-papers100M,FedAvg,64,42,10000.0,163,validation,0.2068,3.7555,0.2068,3.7555,489,0.10350227355957031,0.10350227355957031,0.5322763919830322,0.6357786655426025,104.34264373779297,0.5322763919830322,0.6357786655426025,104.34264373779297
nc_papers100m_195trainer_0hop_balanced_local_bs64_800r,20260914_200157_ogbn-papers100M_FedAvg_bs64_seed42_beta10000p0,ogbn-papers100M,FedAvg,64,42,10000.0,164,validation,0.207,3.7518,0.207,3.7518,492,0.10636472702026367,0.10636472702026367,0.5532493591308594,0.659614086151123,105.00225782394409,0.5532493591308594,0.659614086151123,105.00225782394409
nc_papers100m_195trainer_0hop_balanced_local_bs64_800r,20260914_200157_ogbn-papers100M_FedAvg_bs64_seed42_beta10000p0,ogbn-papers100M,FedAvg,64,42,10000.0,165,validation,0.2078,3.7478,0.2078,3.7478,495,0.10457515716552734,0.10457515716552734,0.5222272872924805,0.6268024444580078,105.6290602684021,0.5222272872924805,0.6268024444580078,105.6290602684021
nc_papers100m_195trainer_0hop_balanced_local_bs64_800r,20260914_200157_ogbn-papers100M_FedAvg_bs64_seed42_beta10000p0,ogbn-papers100M,FedAvg,64,42,10000.0,166,validation,0.2082,3.7446,0.2082,3.7446,498,0.10641002655029297,0.10641002655029297,0.5169665813446045,0.6233766078948975,106.252436876297,0.5169665813446045,0.6233766078948975,106.252436876297
nc_papers100m_195trainer_0hop_balanced_local_bs64_800r,20260914_200157_ogbn-papers100M_FedAvg_bs64_seed42_beta10000p0,ogbn-papers100M,FedAvg,64,42,10000.0,167,validation,0.2087,3.741,0.2087,3.741,501,0.10562276840209961,0.10562276840209961,0.5194792747497559,0.6251020431518555,106.87753891944885,0.5194792747497559,0.6251020431518555,106.87753891944885
nc_papers100m_195trainer_0hop_balanced_local_bs64_800r,20260914_200157_ogbn-papers100M_FedAvg_bs64_seed42_beta10000p0,ogbn-papers100M,FedAvg,64,42,10000.0,168,validation,0.2095,3.7375,0.2095,3.7375,504,0.1062479019165039,0.1062479019165039,0.5329890251159668,0.6392369270324707,107.51677584648132,0.5329890251159668,0.6392369270324707,107.51677584648132
nc_papers100m_195trainer_0hop_balanced_local_bs64_800r,20260914_200157_ogbn-papers100M_FedAvg_bs64_seed42_beta10000p0,ogbn-papers100M,FedAvg,64,42,10000.0,169,validation,0.2095,3.7339,0.2095,3.7339,507,0.10538172721862793,0.10538172721862793,0.5269763469696045,0.6323580741882324,108.14913392066956,0.5269763469696045,0.6323580741882324,108.14913392066956
nc_papers100m_195trainer_0hop_balanced_local_bs64_800r,20260914_200157_ogbn-papers100M_FedAvg_bs64_seed42_beta10000p0,ogbn-papers100M,FedAvg,64,42,10000.0,170,validation,0.2099,3.7298,0.2099,3.7298,510,0.1038968563079834,0.1038968563079834,0.529590368270874,0.6334872245788574,108.78262114524841,0.529590368270874,0.6334872245788574,108.78262114524841
nc_papers100m_195trainer_0hop_balanced_local_bs64_800r,20260914_200157_ogbn-papers100M_FedAvg_bs64_seed42_beta10000p0,ogbn-papers100M,FedAvg,64,42,10000.0,171,validation,0.2104,3.7259,0.2104,3.7259,513,0.10278964042663574,0.10278964042663574,0.5180563926696777,0.6208460330963135,109.40346717834473,0.5180563926696777,0.6208460330963135,109.40346717834473
nc_papers100m_195trainer_0hop_balanced_local_bs64_800r,20260914_200157_ogbn-papers100M_FedAvg_bs64_seed42_beta10000p0,ogbn-papers100M,FedAvg,64,42,10000.0,172,validation,0.2108,3.7221,0.2108,3.7221,516,0.1056983470916748,0.1056983470916748,0.5137839317321777,0.6194822788238525,110.02294945716858,0.5137839317321777,0.6194822788238525,110.02294945716858
nc_papers100m_195trainer_0hop_balanced_local_bs64_800r,20260914_200157_ogbn-papers100M_FedAvg_bs64_seed42_beta10000p0,ogbn-papers100M,FedAvg,64,42,10000.0,173,validation,0.2113,3.7186,0.2113,3.7186,519,0.11024594306945801,0.11024594306945801,0.5301837921142578,0.6404297351837158,110.6633791923523,0.5301837921142578,0.6404297351837158,110.6633791923523
nc_papers100m_195trainer_0hop_balanced_local_bs64_800r,20260914_200157_ogbn-papers100M_FedAvg_bs64_seed42_beta10000p0,ogbn-papers100M,FedAvg,64,42,10000.0,174,validation,0.2117,3.7153,0.2117,3.7153,522,0.10926294326782227,0.10926294326782227,0.527113676071167,0.6363766193389893,111.29975581169128,0.527113676071167,0.6363766193389893,111.29975581169128
nc_papers100m_195trainer_0hop_balanced_local_bs64_800r,20260914_200157_ogbn-papers100M_FedAvg_bs64_seed42_beta10000p0,ogbn-papers100M,FedAvg,64,42,10000.0,175,validation,0.2124,3.7114,0.2124,3.7114,525,0.10387182235717773,0.10387182235717773,0.5193288326263428,0.6232006549835205,111.9229564666748,0.5193288326263428,0.6232006549835205,111.9229564666748
nc_papers100m_195trainer_0hop_balanced_local_bs64_800r,20260914_200157_ogbn-papers100M_FedAvg_bs64_seed42_beta10000p0,ogbn-papers100M,FedAvg,64,42,10000.0,176,validation,0.2133,3.7079,0.2133,3.7079,528,0.10525035858154297,0.10525035858154297,0.5410926342010498,0.6463429927825928,112.5692994594574,0.5410926342010498,0.6463429927825928,112.5692994594574
nc_papers100m_195trainer_0hop_balanced_local_bs64_800r,20260914_200157_ogbn-papers100M_FedAvg_bs64_seed42_beta10000p0,ogbn-papers100M,FedAvg,64,42,10000.0,177,validation,0.2135,3.7047,0.2135,3.7047,531,0.1060476303100586,0.1060476303100586,0.5242397785186768,0.6302874088287354,113.19958686828613,0.5242397785186768,0.6302874088287354,113.19958686828613
nc_papers100m_195trainer_0hop_balanced_local_bs64_800r,20260914_200157_ogbn-papers100M_FedAvg_bs64_seed42_beta10000p0,ogbn-papers100M,FedAvg,64,42,10000.0,178,validation,0.2138,3.7009,0.2138,3.7009,534,0.10924315452575684,0.10924315452575684,0.5232560634613037,0.6324992179870605,113.8320860862732,0.5232560634613037,0.6324992179870605,113.8320860862732
nc_papers100m_195trainer_0hop_balanced_local_bs64_800r,20260914_200157_ogbn-papers100M_FedAvg_bs64_seed42_beta10000p0,ogbn-papers100M,FedAvg,64,42,10000.0,179,validation,0.2142,3.6967,0.2142,3.6967,537,0.1051778793334961,0.1051778793334961,0.5316011905670166,0.6367790699005127,114.4688651561737,0.5316011905670166,0.6367790699005127,114.4688651561737
nc_papers100m_195trainer_0hop_balanced_local_bs64_800r,20260914_200157_ogbn-papers100M_FedAvg_bs64_seed42_beta10000p0,ogbn-papers100M,FedAvg,64,42,10000.0,180,validation,0.2148,3.6939,0.2148,3.6939,540,0.10677075386047363,0.10677075386047363,0.5269417762756348,0.6337125301361084,115.10257768630981,0.5269417762756348,0.6337125301361084,115.10257768630981
nc_papers100m_195trainer_0hop_balanced_local_bs64_800r,20260914_200157_ogbn-papers100M_FedAvg_bs64_seed42_beta10000p0,ogbn-papers100M,FedAvg,64,42,10000.0,181,validation,0.2151,3.6902,0.2151,3.6902,543,0.10777115821838379,0.10777115821838379,0.5217735767364502,0.629544734954834,115.73212242126465,0.5217735767364502,0.629544734954834,115.73212242126465
nc_papers100m_195trainer_0hop_balanced_local_bs64_800r,20260914_200157_ogbn-papers100M_FedAvg_bs64_seed42_beta10000p0,ogbn-papers100M,FedAvg,64,42,10000.0,182,validation,0.2154,3.6873,0.2154,3.6873,546,0.10271191596984863,0.10271191596984863,0.5188398361206055,0.6215517520904541,116.3536741733551,0.5188398361206055,0.6215517520904541,116.3536741733551
nc_papers100m_195trainer_0hop_balanced_local_bs64_800r,20260914_200157_ogbn-papers100M_FedAvg_bs64_seed42_beta10000p0,ogbn-papers100M,FedAvg,64,42,10000.0,183,validation,0.2158,3.6839,0.2158,3.6839,549,0.1074678897857666,0.1074678897857666,0.520087480545044,0.6275553703308105,116.98122954368591,0.520087480545044,0.6275553703308105,116.98122954368591
nc_papers100m_195trainer_0hop_balanced_local_bs64_800r,20260914_200157_ogbn-papers100M_FedAvg_bs64_seed42_beta10000p0,ogbn-papers100M,FedAvg,64,42,10000.0,184,validation,0.2163,3.6799,0.2163,3.6799,552,0.10376238822937012,0.10376238822937012,0.5321907997131348,0.6359531879425049,117.61718273162842,0.5321907997131348,0.6359531879425049,117.61718273162842
nc_papers100m_195trainer_0hop_balanced_local_bs64_800r,20260914_200157_ogbn-papers100M_FedAvg_bs64_seed42_beta10000p0,ogbn-papers100M,FedAvg,64,42,10000.0,185,validation,0.2166,3.6762,0.2166,3.6762,555,0.10628962516784668,0.10628962516784668,0.5175118446350098,0.6238014698028564,118.24098420143127,0.5175118446350098,0.6238014698028564,118.24098420143127
nc_papers100m_195trainer_0hop_balanced_local_bs64_800r,20260914_200157_ogbn-papers100M_FedAvg_bs64_seed42_beta10000p0,ogbn-papers100M,FedAvg,64,42,10000.0,186,validation,0.2171,3.6732,0.2171,3.6732,558,0.1089639663696289,0.1089639663696289,0.5235042572021484,0.6324682235717773,118.87345242500305,0.5235042572021484,0.6324682235717773,118.87345242500305
nc_papers100m_195trainer_0hop_balanced_local_bs64_800r,20260914_200157_ogbn-papers100M_FedAvg_bs64_seed42_beta10000p0,ogbn-papers100M,FedAvg,64,42,10000.0,187,validation,0.2174,3.6693,0.2174,3.6693,561,0.1045064926147461,0.1045064926147461,0.5122947692871094,0.6168012619018555,119.49025368690491,0.5122947692871094,0.6168012619018555,119.49025368690491
nc_papers100m_195trainer_0hop_balanced_local_bs64_800r,20260914_200157_ogbn-papers100M_FedAvg_bs64_seed42_beta10000p0,ogbn-papers100M,FedAvg,64,42,10000.0,188,validation,0.2176,3.6659,0.2176,3.6659,564,0.10693120956420898,0.10693120956420898,0.541008710861206,0.647939920425415,120.13819360733032,0.541008710861206,0.647939920425415,120.13819360733032
nc_papers100m_195trainer_0hop_balanced_local_bs64_800r,20260914_200157_ogbn-papers100M_FedAvg_bs64_seed42_beta10000p0,ogbn-papers100M,FedAvg,64,42,10000.0,189,validation,0.2182,3.6624,0.2182,3.6624,567,0.10490536689758301,0.10490536689758301,0.5271091461181641,0.6320145130157471,120.77020812034607,0.5271091461181641,0.6320145130157471,120.77020812034607
nc_papers100m_195trainer_0hop_balanced_local_bs64_800r,20260914_200157_ogbn-papers100M_FedAvg_bs64_seed42_beta10000p0,ogbn-papers100M,FedAvg,64,42,10000.0,190,validation,0.2186,3.659,0.2186,3.659,570,0.10742712020874023,0.10742712020874023,0.523719310760498,0.6311464309692383,121.40135455131531,0.523719310760498,0.6311464309692383,121.40135455131531
nc_papers100m_195trainer_0hop_balanced_local_bs64_800r,20260914_200157_ogbn-papers100M_FedAvg_bs64_seed42_beta10000p0,ogbn-papers100M,FedAvg,64,42,10000.0,191,validation,0.2191,3.6558,0.2191,3.6558,573,0.10932254791259766,0.10932254791259766,0.5273096561431885,0.6366322040557861,122.0379867553711,0.5273096561431885,0.6366322040557861,122.0379867553711
nc_papers100m_195trainer_0hop_balanced_local_bs64_800r,20260914_200157_ogbn-papers100M_FedAvg_bs64_seed42_beta10000p0,ogbn-papers100M,FedAvg,64,42,10000.0,192,validation,0.2196,3.6526,0.2196,3.6526,576,0.1052100658416748,0.1052100658416748,0.520258903503418,0.6254689693450928,122.66345572471619,0.520258903503418,0.6254689693450928,122.66345572471619
nc_papers100m_195trainer_0hop_balanced_local_bs64_800r,20260914_200157_ogbn-papers100M_FedAvg_bs64_seed42_beta10000p0,ogbn-papers100M,FedAvg,64,42,10000.0,193,validation,0.22,3.6493,0.22,3.6493,579,0.10331082344055176,0.10331082344055176,0.5223672389984131,0.6256780624389648,123.28913378715515,0.5223672389984131,0.6256780624389648,123.28913378715515
nc_papers100m_195trainer_0hop_balanced_local_bs64_800r,20260914_200157_ogbn-papers100M_FedAvg_bs64_seed42_beta10000p0,ogbn-papers100M,FedAvg,64,42,10000.0,194,validation,0.2205,3.6464,0.2205,3.6464,582,0.10446333885192871,0.10446333885192871,0.5289347171783447,0.6333980560302734,123.92253184318542,0.5289347171783447,0.6333980560302734,123.92253184318542
nc_papers100m_195trainer_0hop_balanced_local_bs64_800r,20260914_200157_ogbn-papers100M_FedAvg_bs64_seed42_beta10000p0,ogbn-papers100M,FedAvg,64,42,10000.0,195,validation,0.2208,3.6437,0.2208,3.6437,585,0.10936403274536133,0.10936403274536133,0.5373718738555908,0.6467359066009521,124.56926774978638,0.5373718738555908,0.6467359066009521,124.56926774978638
nc_papers100m_195trainer_0hop_balanced_local_bs64_800r,20260914_200157_ogbn-papers100M_FedAvg_bs64_seed42_beta10000p0,ogbn-papers100M,FedAvg,64,42,10000.0,196,validation,0.2208,3.6407,0.2208,3.6407,588,0.10804414749145508,0.10804414749145508,0.5321836471557617,0.6402277946472168,125.2094955444336,0.5321836471557617,0.6402277946472168,125.2094955444336
nc_papers100m_195trainer_0hop_balanced_local_bs64_800r,20260914_200157_ogbn-papers100M_FedAvg_bs64_seed42_beta10000p0,ogbn-papers100M,FedAvg,64,42,10000.0,197,validation,0.2212,3.6376,0.2212,3.6376,591,0.10556793212890625,0.10556793212890625,0.5250539779663086,0.6306219100952148,125.84011745452881,0.5250539779663086,0.6306219100952148,125.84011745452881
nc_papers100m_195trainer_0hop_balanced_local_bs64_800r,20260914_200157_ogbn-papers100M_FedAvg_bs64_seed42_beta10000p0,ogbn-papers100M,FedAvg,64,42,10000.0,198,validation,0.2215,3.6341,0.2215,3.6341,594,0.10639238357543945,0.10639238357543945,0.5203225612640381,0.6267149448394775,126.46683239936829,0.5203225612640381,0.6267149448394775,126.46683239936829
nc_papers100m_195trainer_0hop_balanced_local_bs64_800r,20260914_200157_ogbn-papers100M_FedAvg_bs64_seed42_beta10000p0,ogbn-papers100M,FedAvg,64,42,10000.0,199,validation,0.2217,3.631,0.2217,3.631,597,0.10546875,0.10546875,0.5259702205657959,0.6314389705657959,127.09827136993408,0.5259702205657959,0.6314389705657959,127.09827136993408
nc_papers100m_195trainer_0hop_balanced_local_bs64_800r,20260914_200157_ogbn-papers100M_FedAvg_bs64_seed42_beta10000p0,ogbn-papers100M,FedAvg,64,42,10000.0,200,validation,0.2222,3.6281,0.2222,3.6281,600,0.10435056686401367,0.10435056686401367,0.5443463325500488,0.6486968994140625,127.74696826934814,0.5443463325500488,0.6486968994140625,127.74696826934814
nc_papers100m_195trainer_0hop_balanced_local_bs64_800r,20260914_200157_ogbn-papers100M_FedAvg_bs64_seed42_beta10000p0,ogbn-papers100M,FedAvg,64,42,10000.0,201,validation,0.2223,3.6246,0.2223,3.6246,603,0.11100387573242188,0.11100387573242188,0.543658971786499,0.6546628475189209,128.40163111686707,0.543658971786499,0.6546628475189209,128.40163111686707
nc_papers100m_195trainer_0hop_balanced_local_bs64_800r,20260914_200157_ogbn-papers100M_FedAvg_bs64_seed42_beta10000p0,ogbn-papers100M,FedAvg,64,42,10000.0,202,validation,0.2228,3.622,0.2228,3.622,606,0.10549235343933105,0.10549235343933105,0.5263440608978271,0.6318364143371582,129.03346753120422,0.5263440608978271,0.6318364143371582,129.03346753120422
nc_papers100m_195trainer_0hop_balanced_local_bs64_800r,20260914_200157_ogbn-papers100M_FedAvg_bs64_seed42_beta10000p0,ogbn-papers100M,FedAvg,64,42,10000.0,203,validation,0.2233,3.6191,0.2233,3.6191,609,0.10633063316345215,0.10633063316345215,0.5279018878936768,0.6342325210571289,129.66770005226135,0.5279018878936768,0.6342325210571289,129.66770005226135
nc_papers100m_195trainer_0hop_balanced_local_bs64_800r,20260914_200157_ogbn-papers100M_FedAvg_bs64_seed42_beta10000p0,ogbn-papers100M,FedAvg,64,42,10000.0,204,validation,0.2234,3.6163,0.2234,3.6163,612,0.11330437660217285,0.11330437660217285,0.5280492305755615,0.6413536071777344,130.3090536594391,0.5280492305755615,0.6413536071777344,130.3090536594391
nc_papers100m_195trainer_0hop_balanced_local_bs64_800r,20260914_200157_ogbn-papers100M_FedAvg_bs64_seed42_beta10000p0,ogbn-papers100M,FedAvg,64,42,10000.0,205,validation,0.2241,3.6132,0.2241,3.6132,615,0.10835552215576172,0.10835552215576172,0.5290071964263916,0.6373627185821533,130.94641637802124,0.5290071964263916,0.6373627185821533,130.94641637802124
nc_papers100m_195trainer_0hop_balanced_local_bs64_800r,20260914_200157_ogbn-papers100M_FedAvg_bs64_seed42_beta10000p0,ogbn-papers100M,FedAvg,64,42,10000.0,206,validation,0.2243,3.6107,0.2243,3.6107,618,0.10683441162109375,0.10683441162109375,0.5301499366760254,0.6369843482971191,131.58340072631836,0.5301499366760254,0.6369843482971191,131.58340072631836
nc_papers100m_195trainer_0hop_balanced_local_bs64_800r,20260914_200157_ogbn-papers100M_FedAvg_bs64_seed42_beta10000p0,ogbn-papers100M,FedAvg,64,42,10000.0,207,validation,0.2246,3.6079,0.2246,3.6079,621,0.11172676086425781,0.11172676086425781,0.5373713970184326,0.6490981578826904,132.23249888420105,0.5373713970184326,0.6490981578826904,132.23249888420105
nc_papers100m_195trainer_0hop_balanced_local_bs64_800r,20260914_200157_ogbn-papers100M_FedAvg_bs64_seed42_beta10000p0,ogbn-papers100M,FedAvg,64,42,10000.0,208,validation,0.2247,3.6049,0.2247,3.6049,624,0.10834670066833496,0.10834670066833496,0.5296139717102051,0.63796067237854,132.8704595565796,0.5296139717102051,0.63796067237854,132.8704595565796
nc_papers100m_195trainer_0hop_balanced_local_bs64_800r,20260914_200157_ogbn-papers100M_FedAvg_bs64_seed42_beta10000p0,ogbn-papers100M,FedAvg,64,42,10000.0,209,validation,0.2251,3.6012,0.2251,3.6012,627,0.10690426826477051,0.10690426826477051,0.5321221351623535,0.639026403427124,133.5094859600067,0.5321221351623535,0.639026403427124,133.5094859600067
nc_papers100m_195trainer_0hop_balanced_local_bs64_800r,20260914_200157_ogbn-papers100M_FedAvg_bs64_seed42_beta10000p0,ogbn-papers100M,FedAvg,64,42,10000.0,210,validation,0.2258,3.598,0.2258,3.598,630,0.10664939880371094,0.10664939880371094,0.5359671115875244,0.6426165103912354,134.15210247039795,0.5359671115875244,0.6426165103912354,134.15210247039795
nc_papers100m_195trainer_0hop_balanced_local_bs64_800r,20260914_200157_ogbn-papers100M_FedAvg_bs64_seed42_beta10000p0,ogbn-papers100M,FedAvg,64,42,10000.0,211,validation,0.2264,3.5948,0.2264,3.5948,633,0.10514545440673828,0.10514545440673828,0.5400187969207764,0.6451642513275146,134.79726672172546,0.5400187969207764,0.6451642513275146,134.79726672172546
nc_papers100m_195trainer_0hop_balanced_local_bs64_800r,20260914_200157_ogbn-papers100M_FedAvg_bs64_seed42_beta10000p0,ogbn-papers100M,FedAvg,64,42,10000.0,212,validation,0.2266,3.5921,0.2266,3.5921,636,0.11032581329345703,0.11032581329345703,0.5401651859283447,0.6504909992218018,135.44775772094727,0.5401651859283447,0.6504909992218018,135.44775772094727
nc_papers100m_195trainer_0hop_balanced_local_bs64_800r,20260914_200157_ogbn-papers100M_FedAvg_bs64_seed42_beta10000p0,ogbn-papers100M,FedAvg,64,42,10000.0,213,validation,0.2271,3.5892,0.2271,3.5892,639,0.10720109939575195,0.10720109939575195,0.5242760181427002,0.6314771175384521,136.07923483848572,0.5242760181427002,0.6314771175384521,136.07923483848572
nc_papers100m_195trainer_0hop_balanced_local_bs64_800r,20260914_200157_ogbn-papers100M_FedAvg_bs64_seed42_beta10000p0,ogbn-papers100M,FedAvg,64,42,10000.0,214,validation,0.2275,3.5865,0.2275,3.5865,642,0.10397148132324219,0.10397148132324219,0.5201268196105957,0.6240983009338379,136.70333313941956,0.5201268196105957,0.6240983009338379,136.70333313941956
nc_papers100m_195trainer_0hop_balanced_local_bs64_800r,20260914_200157_ogbn-papers100M_FedAvg_bs64_seed42_beta10000p0,ogbn-papers100M,FedAvg,64,42,10000.0,215,validation,0.2278,3.5838,0.2278,3.5838,645,0.10709214210510254,0.10709214210510254,0.5299997329711914,0.637091875076294,137.34042501449585,0.5299997329711914,0.637091875076294,137.34042501449585
nc_papers100m_195trainer_0hop_balanced_local_bs64_800r,20260914_200157_ogbn-papers100M_FedAvg_bs64_seed42_beta10000p0,ogbn-papers100M,FedAvg,64,42,10000.0,216,validation,0.2281,3.5808,0.2281,3.5808,648,0.1078176498413086,0.1078176498413086,0.5239255428314209,0.6317431926727295,137.97216820716858,0.5239255428314209,0.6317431926727295,137.97216820716858
nc_papers100m_195trainer_0hop_balanced_local_bs64_800r,20260914_200157_ogbn-papers100M_FedAvg_bs64_seed42_beta10000p0,ogbn-papers100M,FedAvg,64,42,10000.0,217,validation,0.2287,3.5782,0.2287,3.5782,651,0.1099395751953125,0.1099395751953125,0.5214226245880127,0.6313621997833252,138.6035304069519,0.5214226245880127,0.6313621997833252,138.6035304069519
nc_papers100m_195trainer_0hop_balanced_local_bs64_800r,20260914_200157_ogbn-papers100M_FedAvg_bs64_seed42_beta10000p0,ogbn-papers100M,FedAvg,64,42,10000.0,218,validation,0.2289,3.5751,0.2289,3.5751,654,0.10382676124572754,0.10382676124572754,0.5314171314239502,0.6352438926696777,139.23877429962158,0.5314171314239502,0.6352438926696777,139.23877429962158
nc_papers100m_195trainer_0hop_balanced_local_bs64_800r,20260914_200157_ogbn-papers100M_FedAvg_bs64_seed42_beta10000p0,ogbn-papers100M,FedAvg,64,42,10000.0,219,validation,0.2287,3.5724,0.2287,3.5724,657,0.10428047180175781,0.10428047180175781,0.5343334674835205,0.6386139392852783,139.87738823890686,0.5343334674835205,0.6386139392852783,139.87738823890686
nc_papers100m_195trainer_0hop_balanced_local_bs64_800r,20260914_200157_ogbn-papers100M_FedAvg_bs64_seed42_beta10000p0,ogbn-papers100M,FedAvg,64,42,10000.0,220,validation,0.2296,3.5694,0.2296,3.5694,660,0.10663199424743652,0.10663199424743652,0.525383472442627,0.6320154666900635,140.50940370559692,0.525383472442627,0.6320154666900635,140.50940370559692
nc_papers100m_195trainer_0hop_balanced_local_bs64_800r,20260914_200157_ogbn-papers100M_FedAvg_bs64_seed42_beta10000p0,ogbn-papers100M,FedAvg,64,42,10000.0,221,validation,0.2293,3.5669,0.2293,3.5669,663,0.10507321357727051,0.10507321357727051,0.5244534015655518,0.6295266151428223,141.13893032073975,0.5244534015655518,0.6295266151428223,141.13893032073975
nc_papers100m_195trainer_0hop_balanced_local_bs64_800r,20260914_200157_ogbn-papers100M_FedAvg_bs64_seed42_beta10000p0,ogbn-papers100M,FedAvg,64,42,10000.0,222,validation,0.2296,3.5645,0.2296,3.5645,666,0.1077125072479248,0.1077125072479248,0.530522346496582,0.6382348537445068,141.77716517448425,0.530522346496582,0.6382348537445068,141.77716517448425
nc_papers100m_195trainer_0hop_balanced_local_bs64_800r,20260914_200157_ogbn-papers100M_FedAvg_bs64_seed42_beta10000p0,ogbn-papers100M,FedAvg,64,42,10000.0,223,validation,0.2301,3.5612,0.2301,3.5612,669,0.10625171661376953,0.10625171661376953,0.5341191291809082,0.6403708457946777,142.41753602027893,0.5341191291809082,0.6403708457946777,142.41753602027893
nc_papers100m_195trainer_0hop_balanced_local_bs64_800r,20260914_200157_ogbn-papers100M_FedAvg_bs64_seed42_beta10000p0,ogbn-papers100M,FedAvg,64,42,10000.0,224,validation,0.2302,3.559,0.2302,3.559,672,0.1074991226196289,0.1074991226196289,0.5391285419464111,0.64662766456604,143.06416368484497,0.5391285419464111,0.64662766456604,143.06416368484497
nc_papers100m_195trainer_0hop_balanced_local_bs64_800r,20260914_200157_ogbn-papers100M_FedAvg_bs64_seed42_beta10000p0,ogbn-papers100M,FedAvg,64,42,10000.0,225,validation,0.2304,3.5562,0.2304,3.5562,675,0.10530447959899902,0.10530447959899902,0.5192439556121826,0.6245484352111816,143.68871212005615,0.5192439556121826,0.6245484352111816,143.68871212005615
nc_papers100m_195trainer_0hop_balanced_local_bs64_800r,20260914_200157_ogbn-papers100M_FedAvg_bs64_seed42_beta10000p0,ogbn-papers100M,FedAvg,64,42,10000.0,226,validation,0.2308,3.5534,0.2308,3.5534,678,0.10570597648620605,0.10570597648620605,0.5347187519073486,0.6404247283935547,144.3291368484497,0.5347187519073486,0.6404247283935547,144.3291368484497
nc_papers100m_195trainer_0hop_balanced_local_bs64_800r,20260914_200157_ogbn-papers100M_FedAvg_bs64_seed42_beta10000p0,ogbn-papers100M,FedAvg,64,42,10000.0,227,validation,0.2311,3.5505,0.2311,3.5505,681,0.10780858993530273,0.10780858993530273,0.5256023406982422,0.6334109306335449,144.96254777908325,0.5256023406982422,0.6334109306335449,144.96254777908325
nc_papers100m_195trainer_0hop_balanced_local_bs64_800r,20260914_200157_ogbn-papers100M_FedAvg_bs64_seed42_beta10000p0,ogbn-papers100M,FedAvg,64,42,10000.0,228,validation,0.2313,3.5478,0.2313,3.5478,684,0.10797405242919922,0.10797405242919922,0.5305078029632568,0.638481855392456,145.6010296344757,0.5305078029632568,0.638481855392456,145.6010296344757
nc_papers100m_195trainer_0hop_balanced_local_bs64_800r,20260914_200157_ogbn-papers100M_FedAvg_bs64_seed42_beta10000p0,ogbn-papers100M,FedAvg,64,42,10000.0,229,validation,0.2314,3.5454,0.2314,3.5454,687,0.10476922988891602,0.10476922988891602,0.5287203788757324,0.6334896087646484,146.23451924324036,0.5287203788757324,0.6334896087646484,146.23451924324036
nc_papers100m_195trainer_0hop_balanced_local_bs64_800r,20260914_200157_ogbn-papers100M_FedAvg_bs64_seed42_beta10000p0,ogbn-papers100M,FedAvg,64,42,10000.0,230,validation,0.232,3.5426,0.232,3.5426,690,0.10400152206420898,0.10400152206420898,0.5201082229614258,0.6241097450256348,146.858628988266,0.5201082229614258,0.6241097450256348,146.858628988266
nc_papers100m_195trainer_0hop_balanced_local_bs64_800r,20260914_200157_ogbn-papers100M_FedAvg_bs64_seed42_beta10000p0,ogbn-papers100M,FedAvg,64,42,10000.0,231,validation,0.2324,3.5398,0.2324,3.5398,693,0.1083688735961914,0.1083688735961914,0.5211718082427979,0.6295406818389893,147.48816967010498,0.5211718082427979,0.6295406818389893,147.48816967010498
nc_papers100m_195trainer_0hop_balanced_local_bs64_800r,20260914_200157_ogbn-papers100M_FedAvg_bs64_seed42_beta10000p0,ogbn-papers100M,FedAvg,64,42,10000.0,232,validation,0.233,3.5364,0.233,3.5364,696,0.10805177688598633,0.10805177688598633,0.5247089862823486,0.632760763168335,148.12093043327332,0.5247089862823486,0.632760763168335,148.12093043327332
nc_papers100m_195trainer_0hop_balanced_local_bs64_800r,20260914_200157_ogbn-papers100M_FedAvg_bs64_seed42_beta10000p0,ogbn-papers100M,FedAvg,64,42,10000.0,233,validation,0.2332,3.5338,0.2332,3.5338,699,0.10833215713500977,0.10833215713500977,0.5262188911437988,0.6345510482788086,148.75548148155212,0.5262188911437988,0.6345510482788086,148.75548148155212
nc_papers100m_195trainer_0hop_balanced_local_bs64_800r,20260914_200157_ogbn-papers100M_FedAvg_bs64_seed42_beta10000p0,ogbn-papers100M,FedAvg,64,42,10000.0,234,validation,0.2337,3.5309,0.2337,3.5309,702,0.10564923286437988,0.10564923286437988,0.5130913257598877,0.6187405586242676,149.3742220401764,0.5130913257598877,0.6187405586242676,149.3742220401764
nc_papers100m_195trainer_0hop_balanced_local_bs64_800r,20260914_200157_ogbn-papers100M_FedAvg_bs64_seed42_beta10000p0,ogbn-papers100M,FedAvg,64,42,10000.0,235,validation,0.234,3.528,0.234,3.528,705,0.10498809814453125,0.10498809814453125,0.5236949920654297,0.6286830902099609,150.00290513038635,0.5236949920654297,0.6286830902099609,150.00290513038635
nc_papers100m_195trainer_0hop_balanced_local_bs64_800r,20260914_200157_ogbn-papers100M_FedAvg_bs64_seed42_beta10000p0,ogbn-papers100M,FedAvg,64,42,10000.0,236,validation,0.2341,3.5256,0.2341,3.5256,708,0.10473966598510742,0.10473966598510742,0.5186071395874023,0.6233468055725098,150.62625193595886,0.5186071395874023,0.6233468055725098,150.62625193595886
nc_papers100m_195trainer_0hop_balanced_local_bs64_800r,20260914_200157_ogbn-papers100M_FedAvg_bs64_seed42_beta10000p0,ogbn-papers100M,FedAvg,64,42,10000.0,237,validation,0.2343,3.5239,0.2343,3.5239,711,0.10742330551147461,0.10742330551147461,0.5417423248291016,0.6491656303405762,151.27541756629944,0.5417423248291016,0.6491656303405762,151.27541756629944
nc_papers100m_195trainer_0hop_balanced_local_bs64_800r,20260914_200157_ogbn-papers100M_FedAvg_bs64_seed42_beta10000p0,ogbn-papers100M,FedAvg,64,42,10000.0,238,validation,0.2345,3.5215,0.2345,3.5215,714,0.10553169250488281,0.10553169250488281,0.5195393562316895,0.6250710487365723,151.900488615036,0.5195393562316895,0.6250710487365723,151.900488615036
nc_papers100m_195trainer_0hop_balanced_local_bs64_800r,20260914_200157_ogbn-papers100M_FedAvg_bs64_seed42_beta10000p0,ogbn-papers100M,FedAvg,64,42,10000.0,239,validation,0.2349,3.5181,0.2349,3.5181,717,0.10593199729919434,0.10593199729919434,0.5222854614257812,0.6282174587249756,152.528706073761,0.5222854614257812,0.6282174587249756,152.528706073761
nc_papers100m_195trainer_0hop_balanced_local_bs64_800r,20260914_200157_ogbn-papers100M_FedAvg_bs64_seed42_beta10000p0,ogbn-papers100M,FedAvg,64,42,10000.0,240,validation,0.2356,3.5157,0.2356,3.5157,720,0.10493087768554688,0.10493087768554688,0.5236451625823975,0.6285760402679443,153.15728211402893,0.5236451625823975,0.6285760402679443,153.15728211402893
nc_papers100m_195trainer_0hop_balanced_local_bs64_800r,20260914_200157_ogbn-papers100M_FedAvg_bs64_seed42_beta10000p0,ogbn-papers100M,FedAvg,64,42,10000.0,241,validation,0.2353,3.5132,0.2353,3.5132,723,0.10661840438842773,0.10661840438842773,0.5275745391845703,0.634192943572998,153.79147505760193,0.5275745391845703,0.634192943572998,153.79147505760193
nc_papers100m_195trainer_0hop_balanced_local_bs64_800r,20260914_200157_ogbn-papers100M_FedAvg_bs64_seed42_beta10000p0,ogbn-papers100M,FedAvg,64,42,10000.0,242,validation,0.2354,3.5106,0.2354,3.5106,726,0.10431599617004395,0.10431599617004395,0.5261361598968506,0.6304521560668945,154.42192721366882,0.5261361598968506,0.6304521560668945,154.42192721366882
nc_papers100m_195trainer_0hop_balanced_local_bs64_800r,20260914_200157_ogbn-papers100M_FedAvg_bs64_seed42_beta10000p0,ogbn-papers100M,FedAvg,64,42,10000.0,243,validation,0.2359,3.508,0.2359,3.508,729,0.1053476333618164,0.1053476333618164,0.5264480113983154,0.6317956447601318,155.05372285842896,0.5264480113983154,0.6317956447601318,155.05372285842896
nc_papers100m_195trainer_0hop_balanced_local_bs64_800r,20260914_200157_ogbn-papers100M_FedAvg_bs64_seed42_beta10000p0,ogbn-papers100M,FedAvg,64,42,10000.0,244,validation,0.236,3.5056,0.236,3.5056,732,0.10380911827087402,0.10380911827087402,0.5249786376953125,0.6287877559661865,155.68251061439514,0.5249786376953125,0.6287877559661865,155.68251061439514
nc_papers100m_195trainer_0hop_balanced_local_bs64_800r,20260914_200157_ogbn-papers100M_FedAvg_bs64_seed42_beta10000p0,ogbn-papers100M,FedAvg,64,42,10000.0,245,validation,0.2368,3.5031,0.2368,3.5031,735,0.10548973083496094,0.10548973083496094,0.517897367477417,0.6233870983123779,156.30589771270752,0.517897367477417,0.6233870983123779,156.30589771270752
nc_papers100m_195trainer_0hop_balanced_local_bs64_800r,20260914_200157_ogbn-papers100M_FedAvg_bs64_seed42_beta10000p0,ogbn-papers100M,FedAvg,64,42,10000.0,246,validation,0.2368,3.5006,0.2368,3.5006,738,0.10586857795715332,0.10586857795715332,0.5217039585113525,0.6275725364685059,156.93347024917603,0.5217039585113525,0.6275725364685059,156.93347024917603
nc_papers100m_195trainer_0hop_balanced_local_bs64_800r,20260914_200157_ogbn-papers100M_FedAvg_bs64_seed42_beta10000p0,ogbn-papers100M,FedAvg,64,42,10000.0,247,validation,0.2369,3.4986,0.2369,3.4986,741,0.10513162612915039,0.10513162612915039,0.5267314910888672,0.6318631172180176,157.56533336639404,0.5267314910888672,0.6318631172180176,157.56533336639404
nc_papers100m_195trainer_0hop_balanced_local_bs64_800r,20260914_200157_ogbn-papers100M_FedAvg_bs64_seed42_beta10000p0,ogbn-papers100M,FedAvg,64,42,10000.0,248,validation,0.2373,3.496,0.2373,3.496,744,0.10362076759338379,0.10362076759338379,0.5203108787536621,0.6239316463470459,158.1892650127411,0.5203108787536621,0.6239316463470459,158.1892650127411
nc_papers100m_195trainer_0hop_balanced_local_bs64_800r,20260914_200157_ogbn-papers100M_FedAvg_bs64_seed42_beta10000p0,ogbn-papers100M,FedAvg,64,42,10000.0,249,validation,0.2375,3.4943,0.2375,3.4943,747,0.10365533828735352,0.10365533828735352,0.5642645359039307,0.6679198741912842,158.85718488693237,0.5642645359039307,0.6679198741912842,158.85718488693237
nc_papers100m_195trainer_0hop_balanced_local_bs64_800r,20260914_200157_ogbn-papers100M_FedAvg_bs64_seed42_beta10000p0,ogbn-papers100M,FedAvg,64,42,10000.0,250,validation,0.2377,3.4917,0.2377,3.4917,750,0.1057431697845459,0.1057431697845459,0.5144836902618408,0.6202268600463867,159.47741174697876,0.5144836902618408,0.6202268600463867,159.47741174697876
nc_papers100m_195trainer_0hop_balanced_local_bs64_800r,20260914_200157_ogbn-papers100M_FedAvg_bs64_seed42_beta10000p0,ogbn-papers100M,FedAvg,64,42,10000.0,251,validation,0.2376,3.4894,0.2376,3.4894,753,0.10816550254821777,0.10816550254821777,0.5183134078979492,0.626478910446167,160.10389065742493,0.5183134078979492,0.626478910446167,160.10389065742493
nc_papers100m_195trainer_0hop_balanced_local_bs64_800r,20260914_200157_ogbn-papers100M_FedAvg_bs64_seed42_beta10000p0,ogbn-papers100M,FedAvg,64,42,10000.0,252,validation,0.2381,3.4868,0.2381,3.4868,756,0.10399389266967773,0.10399389266967773,0.5310945510864258,0.6350884437561035,160.73897910118103,0.5310945510864258,0.6350884437561035,160.73897910118103
nc_papers100m_195trainer_0hop_balanced_local_bs64_800r,20260914_200157_ogbn-papers100M_FedAvg_bs64_seed42_beta10000p0,ogbn-papers100M,FedAvg,64,42,10000.0,253,validation,0.2383,3.4844,0.2383,3.4844,759,0.10379791259765625,0.10379791259765625,0.534085750579834,0.6378836631774902,161.37686276435852,0.534085750579834,0.6378836631774902,161.37686276435852
nc_papers100m_195trainer_0hop_balanced_local_bs64_800r,20260914_200157_ogbn-papers100M_FedAvg_bs64_seed42_beta10000p0,ogbn-papers100M,FedAvg,64,42,10000.0,254,validation,0.2387,3.4822,0.2387,3.4822,762,0.10467529296875,0.10467529296875,0.5246913433074951,0.6293666362762451,162.00622940063477,0.5246913433074951,0.6293666362762451,162.00622940063477
nc_papers100m_195trainer_0hop_balanced_local_bs64_800r,20260914_200157_ogbn-papers100M_FedAvg_bs64_seed42_beta10000p0,ogbn-papers100M,FedAvg,64,42,10000.0,255,validation,0.2387,3.48,0.2387,3.48,765,0.10806155204772949,0.10806155204772949,0.5196337699890137,0.6276953220367432,162.6339247226715,0.5196337699890137,0.6276953220367432,162.6339247226715
nc_papers100m_195trainer_0hop_balanced_local_bs64_800r,20260914_200157_ogbn-papers100M_FedAvg_bs64_seed42_beta10000p0,ogbn-papers100M,FedAvg,64,42,10000.0,256,validation,0.2388,3.4776,0.2388,3.4776,768,0.10818362236022949,0.10818362236022949,0.5223467350006104,0.6305303573608398,163.26445508003235,0.5223467350006104,0.6305303573608398,163.26445508003235
nc_papers100m_195trainer_0hop_balanced_local_bs64_800r,20260914_200157_ogbn-papers100M_FedAvg_bs64_seed42_beta10000p0,ogbn-papers100M,FedAvg,64,42,10000.0,257,validation,0.2391,3.475,0.2391,3.475,771,0.10452604293823242,0.10452604293823242,0.5284638404846191,0.6329898834228516,163.8974449634552,0.5284638404846191,0.6329898834228516,163.8974449634552
nc_papers100m_195trainer_0hop_balanced_local_bs64_800r,20260914_200157_ogbn-papers100M_FedAvg_bs64_seed42_beta10000p0,ogbn-papers100M,FedAvg,64,42,10000.0,258,validation,0.2392,3.4727,0.2392,3.4727,774,0.10396862030029297,0.10396862030029297,0.530653715133667,0.63462233543396,164.53206729888916,0.530653715133667,0.63462233543396,164.53206729888916
nc_papers100m_195trainer_0hop_balanced_local_bs64_800r,20260914_200157_ogbn-papers100M_FedAvg_bs64_seed42_beta10000p0,ogbn-papers100M,FedAvg,64,42,10000.0,259,validation,0.2393,3.4701,0.2393,3.4701,777,0.1031348705291748,0.1031348705291748,0.5192146301269531,0.6223495006561279,165.1544167995453,0.5192146301269531,0.6223495006561279,165.1544167995453
nc_papers100m_195trainer_0hop_balanced_local_bs64_800r,20260914_200157_ogbn-papers100M_FedAvg_bs64_seed42_beta10000p0,ogbn-papers100M,FedAvg,64,42,10000.0,260,validation,0.2397,3.468,0.2397,3.468,780,0.10578203201293945,0.10578203201293945,0.5181255340576172,0.6239075660705566,165.77832436561584,0.5181255340576172,0.6239075660705566,165.77832436561584
nc_papers100m_195trainer_0hop_balanced_local_bs64_800r,20260914_200157_ogbn-papers100M_FedAvg_bs64_seed42_beta10000p0,ogbn-papers100M,FedAvg,64,42,10000.0,261,validation,0.2398,3.4657,0.2398,3.4657,783,0.10856842994689941,0.10856842994689941,0.5761926174163818,0.6847610473632812,166.46308541297913,0.5761926174163818,0.6847610473632812,166.46308541297913
nc_papers100m_195trainer_0hop_balanced_local_bs64_800r,20260914_200157_ogbn-papers100M_FedAvg_bs64_seed42_beta10000p0,ogbn-papers100M,FedAvg,64,42,10000.0,262,validation,0.24,3.4632,0.24,3.4632,786,0.10589480400085449,0.10589480400085449,0.5202796459197998,0.6261744499206543,167.08925986289978,0.5202796459197998,0.6261744499206543,167.08925986289978
nc_papers100m_195trainer_0hop_balanced_local_bs64_800r,20260914_200157_ogbn-papers100M_FedAvg_bs64_seed42_beta10000p0,ogbn-papers100M,FedAvg,64,42,10000.0,263,validation,0.2403,3.4607,0.2403,3.4607,789,0.10562443733215332,0.10562443733215332,0.5329704284667969,0.6385948657989502,167.72785472869873,0.5329704284667969,0.6385948657989502,167.72785472869873
nc_papers100m_195trainer_0hop_balanced_local_bs64_800r,20260914_200157_ogbn-papers100M_FedAvg_bs64_seed42_beta10000p0,ogbn-papers100M,FedAvg,64,42,10000.0,264,validation,0.2406,3.4588,0.2406,3.4588,792,0.1035606861114502,0.1035606861114502,0.5304324626922607,0.6339931488037109,168.36184787750244,0.5304324626922607,0.6339931488037109,168.36184787750244
nc_papers100m_195trainer_0hop_balanced_local_bs64_800r,20260914_200157_ogbn-papers100M_FedAvg_bs64_seed42_beta10000p0,ogbn-papers100M,FedAvg,64,42,10000.0,265,validation,0.241,3.4565,0.241,3.4565,795,0.10613322257995605,0.10613322257995605,0.5150036811828613,0.6211369037628174,168.98298478126526,0.5150036811828613,0.6211369037628174,168.98298478126526
nc_papers100m_195trainer_0hop_balanced_local_bs64_800r,20260914_200157_ogbn-papers100M_FedAvg_bs64_seed42_beta10000p0,ogbn-papers100M,FedAvg,64,42,10000.0,266,validation,0.2413,3.4535,0.2413,3.4535,798,0.10862135887145996,0.10862135887145996,0.5228984355926514,0.6315197944641113,169.61450457572937,0.5228984355926514,0.6315197944641113,169.61450457572937
nc_papers100m_195trainer_0hop_balanced_local_bs64_800r,20260914_200157_ogbn-papers100M_FedAvg_bs64_seed42_beta10000p0,ogbn-papers100M,FedAvg,64,42,10000.0,267,validation,0.2413,3.4516,0.2413,3.4516,801,0.1102135181427002,0.1102135181427002,0.5275661945343018,0.637779712677002,170.25228428840637,0.5275661945343018,0.637779712677002,170.25228428840637
nc_papers100m_195trainer_0hop_balanced_local_bs64_800r,20260914_200157_ogbn-papers100M_FedAvg_bs64_seed42_beta10000p0,ogbn-papers100M,FedAvg,64,42,10000.0,268,validation,0.2416,3.4488,0.2416,3.4488,804,0.10345625877380371,0.10345625877380371,0.5442285537719727,0.6476848125457764,170.89996910095215,0.5442285537719727,0.6476848125457764,170.89996910095215
nc_papers100m_195trainer_0hop_balanced_local_bs64_800r,20260914_200157_ogbn-papers100M_FedAvg_bs64_seed42_beta10000p0,ogbn-papers100M,FedAvg,64,42,10000.0,269,validation,0.242,3.4469,0.242,3.4469,807,0.10505509376525879,0.10505509376525879,0.5337018966674805,0.6387569904327393,171.5387260913849,0.5337018966674805,0.6387569904327393,171.5387260913849
nc_papers100m_195trainer_0hop_balanced_local_bs64_800r,20260914_200157_ogbn-papers100M_FedAvg_bs64_seed42_beta10000p0,ogbn-papers100M,FedAvg,64,42,10000.0,270,validation,0.2419,3.4444,0.2419,3.4444,810,0.10468173027038574,0.10468173027038574,0.5297050476074219,0.6343867778778076,172.1731128692627,0.5297050476074219,0.6343867778778076,172.1731128692627
nc_papers100m_195trainer_0hop_balanced_local_bs64_800r,20260914_200157_ogbn-papers100M_FedAvg_bs64_seed42_beta10000p0,ogbn-papers100M,FedAvg,64,42,10000.0,271,validation,0.2424,3.4425,0.2424,3.4425,813,0.10778379440307617,0.10778379440307617,0.5213072299957275,0.6290910243988037,172.8022038936615,0.5213072299957275,0.6290910243988037,172.8022038936615
nc_papers100m_195trainer_0hop_balanced_local_bs64_800r,20260914_200157_ogbn-papers100M_FedAvg_bs64_seed42_beta10000p0,ogbn-papers100M,FedAvg,64,42,10000.0,272,validation,0.2424,3.44,0.2424,3.44,816,0.11483645439147949,0.11483645439147949,0.5213003158569336,0.6361367702484131,173.4383406639099,0.5213003158569336,0.6361367702484131,173.4383406639099
nc_papers100m_195trainer_0hop_balanced_local_bs64_800r,20260914_200157_ogbn-papers100M_FedAvg_bs64_seed42_beta10000p0,ogbn-papers100M,FedAvg,64,42,10000.0,273,validation,0.2428,3.4384,0.2428,3.4384,819,0.10526037216186523,0.10526037216186523,0.5744261741638184,0.6796865463256836,174.1180272102356,0.5744261741638184,0.6796865463256836,174.1180272102356
nc_papers100m_195trainer_0hop_balanced_local_bs64_800r,20260914_200157_ogbn-papers100M_FedAvg_bs64_seed42_beta10000p0,ogbn-papers100M,FedAvg,64,42,10000.0,274,validation,0.2431,3.436,0.2431,3.436,822,0.10489869117736816,0.10489869117736816,0.5314505100250244,0.6363492012023926,174.754376411438,0.5314505100250244,0.6363492012023926,174.754376411438
nc_papers100m_195trainer_0hop_balanced_local_bs64_800r,20260914_200157_ogbn-papers100M_FedAvg_bs64_seed42_beta10000p0,ogbn-papers100M,FedAvg,64,42,10000.0,275,validation,0.2433,3.4343,0.2433,3.4343,825,0.10370898246765137,0.10370898246765137,0.5334014892578125,0.6371104717254639,175.39148688316345,0.5334014892578125,0.6371104717254639,175.39148688316345
nc_papers100m_195trainer_0hop_balanced_local_bs64_800r,20260914_200157_ogbn-papers100M_FedAvg_bs64_seed42_beta10000p0,ogbn-papers100M,FedAvg,64,42,10000.0,276,validation,0.2436,3.4322,0.2436,3.4322,828,0.10482978820800781,0.10482978820800781,0.521806001663208,0.6266357898712158,176.01812267303467,0.521806001663208,0.6266357898712158,176.01812267303467
nc_papers100m_195trainer_0hop_balanced_local_bs64_800r,20260914_200157_ogbn-papers100M_FedAvg_bs64_seed42_beta10000p0,ogbn-papers100M,FedAvg,64,42,10000.0,277,validation,0.2436,3.4303,0.2436,3.4303,831,0.10861325263977051,0.10861325263977051,0.5241351127624512,0.6327483654022217,176.6508710384369,0.5241351127624512,0.6327483654022217,176.6508710384369
nc_papers100m_195trainer_0hop_balanced_local_bs64_800r,20260914_200157_ogbn-papers100M_FedAvg_bs64_seed42_beta10000p0,ogbn-papers100M,FedAvg,64,42,10000.0,278,validation,0.244,3.4274,0.244,3.4274,834,0.10875415802001953,0.10875415802001953,0.5186471939086914,0.6274013519287109,177.2782723903656,0.5186471939086914,0.6274013519287109,177.2782723903656
nc_papers100m_195trainer_0hop_balanced_local_bs64_800r,20260914_200157_ogbn-papers100M_FedAvg_bs64_seed42_beta10000p0,ogbn-papers100M,FedAvg,64,42,10000.0,279,validation,0.2442,3.4249,0.2442,3.4249,837,0.10726284980773926,0.10726284980773926,0.5321002006530762,0.6393630504608154,177.91763544082642,0.5321002006530762,0.6393630504608154,177.91763544082642
nc_papers100m_195trainer_0hop_balanced_local_bs64_800r,20260914_200157_ogbn-papers100M_FedAvg_bs64_seed42_beta10000p0,ogbn-papers100M,FedAvg,64,42,10000.0,280,validation,0.244,3.4229,0.244,3.4229,840,0.1047670841217041,0.1047670841217041,0.5277295112609863,0.6324965953826904,178.5501320362091,0.5277295112609863,0.6324965953826904,178.5501320362091
nc_papers100m_195trainer_0hop_balanced_local_bs64_800r,20260914_200157_ogbn-papers100M_FedAvg_bs64_seed42_beta10000p0,ogbn-papers100M,FedAvg,64,42,10000.0,281,validation,0.2442,3.4207,0.2442,3.4207,843,0.105224609375,0.105224609375,0.5299534797668457,0.6351780891418457,179.18531012535095,0.5299534797668457,0.6351780891418457,179.18531012535095
nc_papers100m_195trainer_0hop_balanced_local_bs64_800r,20260914_200157_ogbn-papers100M_FedAvg_bs64_seed42_beta10000p0,ogbn-papers100M,FedAvg,64,42,10000.0,282,validation,0.2446,3.4179,0.2446,3.4179,846,0.10582160949707031,0.10582160949707031,0.5259525775909424,0.6317741870880127,179.81708431243896,0.5259525775909424,0.6317741870880127,179.81708431243896
nc_papers100m_195trainer_0hop_balanced_local_bs64_800r,20260914_200157_ogbn-papers100M_FedAvg_bs64_seed42_beta10000p0,ogbn-papers100M,FedAvg,64,42,10000.0,283,validation,0.2446,3.4162,0.2446,3.4162,849,0.10662317276000977,0.10662317276000977,0.5198571681976318,0.6264803409576416,180.4435646533966,0.5198571681976318,0.6264803409576416,180.4435646533966
nc_papers100m_195trainer_0hop_balanced_local_bs64_800r,20260914_200157_ogbn-papers100M_FedAvg_bs64_seed42_beta10000p0,ogbn-papers100M,FedAvg,64,42,10000.0,284,validation,0.2449,3.4143,0.2449,3.4143,852,0.10243105888366699,0.10243105888366699,0.5220224857330322,0.6244535446166992,181.0680181980133,0.5220224857330322,0.6244535446166992,181.0680181980133
nc_papers100m_195trainer_0hop_balanced_local_bs64_800r,20260914_200157_ogbn-papers100M_FedAvg_bs64_seed42_beta10000p0,ogbn-papers100M,FedAvg,64,42,10000.0,285,validation,0.2454,3.4124,0.2454,3.4124,855,0.10384011268615723,0.10384011268615723,0.554466724395752,0.6583068370819092,181.72632503509521,0.554466724395752,0.6583068370819092,181.72632503509521
nc_papers100m_195trainer_0hop_balanced_local_bs64_800r,20260914_200157_ogbn-papers100M_FedAvg_bs64_seed42_beta10000p0,ogbn-papers100M,FedAvg,64,42,10000.0,286,validation,0.2456,3.4106,0.2456,3.4106,858,0.10557436943054199,0.10557436943054199,0.5289900302886963,0.6345643997192383,182.36088943481445,0.5289900302886963,0.6345643997192383,182.36088943481445
nc_papers100m_195trainer_0hop_balanced_local_bs64_800r,20260914_200157_ogbn-papers100M_FedAvg_bs64_seed42_beta10000p0,ogbn-papers100M,FedAvg,64,42,10000.0,287,validation,0.2458,3.4086,0.2458,3.4086,861,0.10742330551147461,0.10742330551147461,0.5218775272369385,0.6293008327484131,182.99019026756287,0.5218775272369385,0.6293008327484131,182.99019026756287
nc_papers100m_195trainer_0hop_balanced_local_bs64_800r,20260914_200157_ogbn-papers100M_FedAvg_bs64_seed42_beta10000p0,ogbn-papers100M,FedAvg,64,42,10000.0,288,validation,0.2463,3.4065,0.2463,3.4065,864,0.10439300537109375,0.10439300537109375,0.5252096652984619,0.6296026706695557,183.61979293823242,0.5252096652984619,0.6296026706695557,183.61979293823242
nc_papers100m_195trainer_0hop_balanced_local_bs64_800r,20260914_200157_ogbn-papers100M_FedAvg_bs64_seed42_beta10000p0,ogbn-papers100M,FedAvg,64,42,10000.0,289,validation,0.2465,3.404,0.2465,3.404,867,0.10413312911987305,0.10413312911987305,0.529538631439209,0.633671760559082,184.2534646987915,0.529538631439209,0.633671760559082,184.2534646987915
nc_papers100m_195trainer_0hop_balanced_local_bs64_800r,20260914_200157_ogbn-papers100M_FedAvg_bs64_seed42_beta10000p0,ogbn-papers100M,FedAvg,64,42,10000.0,290,validation,0.2467,3.402,0.2467,3.402,870,0.10337281227111816,0.10337281227111816,0.5254485607147217,0.6288213729858398,184.88228607177734,0.5254485607147217,0.6288213729858398,184.88228607177734
nc_papers100m_195trainer_0hop_balanced_local_bs64_800r,20260914_200157_ogbn-papers100M_FedAvg_bs64_seed42_beta10000p0,ogbn-papers100M,FedAvg,64,42,10000.0,291,validation,0.2466,3.4003,0.2466,3.4003,873,0.10653901100158691,0.10653901100158691,0.5304858684539795,0.6370248794555664,185.5193109512329,0.5304858684539795,0.6370248794555664,185.5193109512329
nc_papers100m_195trainer_0hop_balanced_local_bs64_800r,20260914_200157_ogbn-papers100M_FedAvg_bs64_seed42_beta10000p0,ogbn-papers100M,FedAvg,64,42,10000.0,292,validation,0.247,3.3983,0.247,3.3983,876,0.10405898094177246,0.10405898094177246,0.5185432434082031,0.6226022243499756,186.14191317558289,0.5185432434082031,0.6226022243499756,186.14191317558289
nc_papers100m_195trainer_0hop_balanced_local_bs64_800r,20260914_200157_ogbn-papers100M_FedAvg_bs64_seed42_beta10000p0,ogbn-papers100M,FedAvg,64,42,10000.0,293,validation,0.2471,3.3961,0.2471,3.3961,879,0.10706830024719238,0.10706830024719238,0.5265004634857178,0.6335687637329102,186.7754819393158,0.5265004634857178,0.6335687637329102,186.7754819393158
nc_papers100m_195trainer_0hop_balanced_local_bs64_800r,20260914_200157_ogbn-papers100M_FedAvg_bs64_seed42_beta10000p0,ogbn-papers100M,FedAvg,64,42,10000.0,294,validation,0.2475,3.394,0.2475,3.394,882,0.1030876636505127,0.1030876636505127,0.5283608436584473,0.63144850730896,187.40693044662476,0.5283608436584473,0.63144850730896,187.40693044662476
nc_papers100m_195trainer_0hop_balanced_local_bs64_800r,20260914_200157_ogbn-papers100M_FedAvg_bs64_seed42_beta10000p0,ogbn-papers100M,FedAvg,64,42,10000.0,295,validation,0.2476,3.3922,0.2476,3.3922,885,0.10302472114562988,0.10302472114562988,0.532163143157959,0.6351878643035889,188.04211831092834,0.532163143157959,0.6351878643035889,188.04211831092834
nc_papers100m_195trainer_0hop_balanced_local_bs64_800r,20260914_200157_ogbn-papers100M_FedAvg_bs64_seed42_beta10000p0,ogbn-papers100M,FedAvg,64,42,10000.0,296,validation,0.2476,3.3904,0.2476,3.3904,888,0.10305356979370117,0.10305356979370117,0.5255579948425293,0.6286115646362305,188.67072987556458,0.5255579948425293,0.6286115646362305,188.67072987556458
nc_papers100m_195trainer_0hop_balanced_local_bs64_800r,20260914_200157_ogbn-papers100M_FedAvg_bs64_seed42_beta10000p0,ogbn-papers100M,FedAvg,64,42,10000.0,297,validation,0.2475,3.3886,0.2475,3.3886,891,0.10399198532104492,0.10399198532104492,0.5322730541229248,0.6362650394439697,189.30699491500854,0.5322730541229248,0.6362650394439697,189.30699491500854
nc_papers100m_195trainer_0hop_balanced_local_bs64_800r,20260914_200157_ogbn-papers100M_FedAvg_bs64_seed42_beta10000p0,ogbn-papers100M,FedAvg,64,42,10000.0,298,validation,0.2481,3.3871,0.2481,3.3871,894,0.10436034202575684,0.10436034202575684,0.5214221477508545,0.6257824897766113,189.93277740478516,0.5214221477508545,0.6257824897766113,189.93277740478516
nc_papers100m_195trainer_0hop_balanced_local_bs64_800r,20260914_200157_ogbn-papers100M_FedAvg_bs64_seed42_beta10000p0,ogbn-papers100M,FedAvg,64,42,10000.0,299,validation,0.2479,3.3848,0.2479,3.3848,897,0.10625243186950684,0.10625243186950684,0.5376453399658203,0.6438977718353271,190.57667517662048,0.5376453399658203,0.6438977718353271,190.57667517662048
nc_papers100m_195trainer_0hop_balanced_local_bs64_800r,20260914_200157_ogbn-papers100M_FedAvg_bs64_seed42_beta10000p0,ogbn-papers100M,FedAvg,64,42,10000.0,300,validation,0.2483,3.3824,0.2483,3.3824,900,0.1036522388458252,0.1036522388458252,0.5308804512023926,0.6345326900482178,191.2112078666687,0.5308804512023926,0.6345326900482178,191.2112078666687
nc_papers100m_195trainer_0hop_balanced_local_bs64_800r,20260914_200157_ogbn-papers100M_FedAvg_bs64_seed42_beta10000p0,ogbn-papers100M,FedAvg,64,42,10000.0,301,validation,0.2486,3.3801,0.2486,3.3801,903,0.1047830581665039,0.1047830581665039,0.5315337181091309,0.6363167762756348,191.84752464294434,0.5315337181091309,0.6363167762756348,191.84752464294434
nc_papers100m_195trainer_0hop_balanced_local_bs64_800r,20260914_200157_ogbn-papers100M_FedAvg_bs64_seed42_beta10000p0,ogbn-papers100M,FedAvg,64,42,10000.0,302,validation,0.249,3.3785,0.249,3.3785,906,0.1044459342956543,0.1044459342956543,0.5217807292938232,0.6262266635894775,192.4737513065338,0.5217807292938232,0.6262266635894775,192.4737513065338
nc_papers100m_195trainer_0hop_balanced_local_bs64_800r,20260914_200157_ogbn-papers100M_FedAvg_bs64_seed42_beta10000p0,ogbn-papers100M,FedAvg,64,42,10000.0,303,validation,0.2489,3.3767,0.2489,3.3767,909,0.10731029510498047,0.10731029510498047,0.5285811424255371,0.6358914375305176,193.10964274406433,0.5285811424255371,0.6358914375305176,193.10964274406433
nc_papers100m_195trainer_0hop_balanced_local_bs64_800r,20260914_200157_ogbn-papers100M_FedAvg_bs64_seed42_beta10000p0,ogbn-papers100M,FedAvg,64,42,10000.0,304,validation,0.249,3.3755,0.249,3.3755,912,0.11025214195251465,0.11025214195251465,0.5300564765930176,0.6403086185455322,193.74995136260986,0.5300564765930176,0.6403086185455322,193.74995136260986
nc_papers100m_195trainer_0hop_balanced_local_bs64_800r,20260914_200157_ogbn-papers100M_FedAvg_bs64_seed42_beta10000p0,ogbn-papers100M,FedAvg,64,42,10000.0,305,validation,0.2495,3.3731,0.2495,3.3731,915,0.1048283576965332,0.1048283576965332,0.5385780334472656,0.6434063911437988,194.39335775375366,0.5385780334472656,0.6434063911437988,194.39335775375366
nc_papers100m_195trainer_0hop_balanced_local_bs64_800r,20260914_200157_ogbn-papers100M_FedAvg_bs64_seed42_beta10000p0,ogbn-papers100M,FedAvg,64,42,10000.0,306,validation,0.2498,3.3709,0.2498,3.3709,918,0.10383820533752441,0.10383820533752441,0.5273218154907227,0.6311600208282471,195.0245177745819,0.5273218154907227,0.6311600208282471,195.0245177745819
nc_papers100m_195trainer_0hop_balanced_local_bs64_800r,20260914_200157_ogbn-papers100M_FedAvg_bs64_seed42_beta10000p0,ogbn-papers100M,FedAvg,64,42,10000.0,307,validation,0.2503,3.3688,0.2503,3.3688,921,0.10520648956298828,0.10520648956298828,0.5284759998321533,0.6336824893951416,195.65820026397705,0.5284759998321533,0.6336824893951416,195.65820026397705
nc_papers100m_195trainer_0hop_balanced_local_bs64_800r,20260914_200157_ogbn-papers100M_FedAvg_bs64_seed42_beta10000p0,ogbn-papers100M,FedAvg,64,42,10000.0,308,validation,0.2502,3.3662,0.2502,3.3662,924,0.10394859313964844,0.10394859313964844,0.5262312889099121,0.6301798820495605,196.2883801460266,0.5262312889099121,0.6301798820495605,196.2883801460266
nc_papers100m_195trainer_0hop_balanced_local_bs64_800r,20260914_200157_ogbn-papers100M_FedAvg_bs64_seed42_beta10000p0,ogbn-papers100M,FedAvg,64,42,10000.0,309,validation,0.2504,3.3655,0.2504,3.3655,927,0.10917425155639648,0.10917425155639648,0.5335469245910645,0.6427211761474609,196.93110132217407,0.5335469245910645,0.6427211761474609,196.93110132217407
nc_papers100m_195trainer_0hop_balanced_local_bs64_800r,20260914_200157_ogbn-papers100M_FedAvg_bs64_seed42_beta10000p0,ogbn-papers100M,FedAvg,64,42,10000.0,310,validation,0.2504,3.364,0.2504,3.364,930,0.10540962219238281,0.10540962219238281,0.5397133827209473,0.6451230049133301,197.5762243270874,0.5397133827209473,0.6451230049133301,197.5762243270874
nc_papers100m_195trainer_0hop_balanced_local_bs64_800r,20260914_200157_ogbn-papers100M_FedAvg_bs64_seed42_beta10000p0,ogbn-papers100M,FedAvg,64,42,10000.0,311,validation,0.2507,3.362,0.2507,3.362,933,0.1058492660522461,0.1058492660522461,0.5276761054992676,0.6335253715515137,198.20974969863892,0.5276761054992676,0.6335253715515137,198.20974969863892
nc_papers100m_195trainer_0hop_balanced_local_bs64_800r,20260914_200157_ogbn-papers100M_FedAvg_bs64_seed42_beta10000p0,ogbn-papers100M,FedAvg,64,42,10000.0,312,validation,0.2507,3.36,0.2507,3.36,936,0.1063990592956543,0.1063990592956543,0.5232219696044922,0.6296210289001465,198.83937072753906,0.5232219696044922,0.6296210289001465,198.83937072753906
nc_papers100m_195trainer_0hop_balanced_local_bs64_800r,20260914_200157_ogbn-papers100M_FedAvg_bs64_seed42_beta10000p0,ogbn-papers100M,FedAvg,64,42,10000.0,313,validation,0.2511,3.3578,0.2511,3.3578,939,0.10264182090759277,0.10264182090759277,0.5180976390838623,0.6207394599914551,199.46011018753052,0.5180976390838623,0.6207394599914551,199.46011018753052
nc_papers100m_195trainer_0hop_balanced_local_bs64_800r,20260914_200157_ogbn-papers100M_FedAvg_bs64_seed42_beta10000p0,ogbn-papers100M,FedAvg,64,42,10000.0,314,validation,0.251,3.3557,0.251,3.3557,942,0.10566926002502441,0.10566926002502441,0.5253772735595703,0.6310465335845947,200.0911567211151,0.5253772735595703,0.6310465335845947,200.0911567211151
nc_papers100m_195trainer_0hop_balanced_local_bs64_800r,20260914_200157_ogbn-papers100M_FedAvg_bs64_seed42_beta10000p0,ogbn-papers100M,FedAvg,64,42,10000.0,315,validation,0.2514,3.3539,0.2514,3.3539,945,0.1073000431060791,0.1073000431060791,0.5442690849304199,0.651569128036499,200.7427258491516,0.5442690849304199,0.651569128036499,200.7427258491516
nc_papers100m_195trainer_0hop_balanced_local_bs64_800r,20260914_200157_ogbn-papers100M_FedAvg_bs64_seed42_beta10000p0,ogbn-papers100M,FedAvg,64,42,10000.0,316,validation,0.252,3.3518,0.252,3.3518,948,0.10805416107177734,0.10805416107177734,0.5373997688293457,0.645453929901123,201.38817977905273,0.5373997688293457,0.645453929901123,201.38817977905273
nc_papers100m_195trainer_0hop_balanced_local_bs64_800r,20260914_200157_ogbn-papers100M_FedAvg_bs64_seed42_beta10000p0,ogbn-papers100M,FedAvg,64,42,10000.0,317,validation,0.252,3.3501,0.252,3.3501,951,0.10292601585388184,0.10292601585388184,0.5295677185058594,0.6324937343597412,202.02067351341248,0.5295677185058594,0.6324937343597412,202.02067351341248
nc_papers100m_195trainer_0hop_balanced_local_bs64_800r,20260914_200157_ogbn-papers100M_FedAvg_bs64_seed42_beta10000p0,ogbn-papers100M,FedAvg,64,42,10000.0,318,validation,0.2521,3.3483,0.2521,3.3483,954,0.10396456718444824,0.10396456718444824,0.5213360786437988,0.6253006458282471,202.64597415924072,0.5213360786437988,0.6253006458282471,202.64597415924072
nc_papers100m_195trainer_0hop_balanced_local_bs64_800r,20260914_200157_ogbn-papers100M_FedAvg_bs64_seed42_beta10000p0,ogbn-papers100M,FedAvg,64,42,10000.0,319,validation,0.2525,3.3461,0.2525,3.3461,957,0.10434508323669434,0.10434508323669434,0.5272574424743652,0.6316025257110596,203.27757668495178,0.5272574424743652,0.6316025257110596,203.27757668495178
nc_papers100m_195trainer_0hop_balanced_local_bs64_800r,20260914_200157_ogbn-papers100M_FedAvg_bs64_seed42_beta10000p0,ogbn-papers100M,FedAvg,64,42,10000.0,320,validation,0.2526,3.3443,0.2526,3.3443,960,0.11177921295166016,0.11177921295166016,0.5317530632019043,0.6435322761535645,203.92110896110535,0.5317530632019043,0.6435322761535645,203.92110896110535
nc_papers100m_195trainer_0hop_balanced_local_bs64_800r,20260914_200157_ogbn-papers100M_FedAvg_bs64_seed42_beta10000p0,ogbn-papers100M,FedAvg,64,42,10000.0,321,validation,0.2526,3.3426,0.2526,3.3426,963,0.1087331771850586,0.1087331771850586,0.8013110160827637,0.9100441932678223,204.83115315437317,0.8013110160827637,0.9100441932678223,204.83115315437317
nc_papers100m_195trainer_0hop_balanced_local_bs64_800r,20260914_200157_ogbn-papers100M_FedAvg_bs64_seed42_beta10000p0,ogbn-papers100M,FedAvg,64,42,10000.0,322,validation,0.2532,3.3405,0.2532,3.3405,966,0.10755538940429688,0.10755538940429688,0.5352997779846191,0.642855167388916,205.47400832176208,0.5352997779846191,0.642855167388916,205.47400832176208
nc_papers100m_195trainer_0hop_balanced_local_bs64_800r,20260914_200157_ogbn-papers100M_FedAvg_bs64_seed42_beta10000p0,ogbn-papers100M,FedAvg,64,42,10000.0,323,validation,0.2534,3.3387,0.2534,3.3387,969,0.10478353500366211,0.10478353500366211,0.5341622829437256,0.6389458179473877,206.11295413970947,0.5341622829437256,0.6389458179473877,206.11295413970947
nc_papers100m_195trainer_0hop_balanced_local_bs64_800r,20260914_200157_ogbn-papers100M_FedAvg_bs64_seed42_beta10000p0,ogbn-papers100M,FedAvg,64,42,10000.0,324,validation,0.2532,3.3372,0.2532,3.3372,972,0.1045081615447998,0.1045081615447998,0.5253086090087891,0.6298167705535889,206.74277091026306,0.5253086090087891,0.6298167705535889,206.74277091026306
nc_papers100m_195trainer_0hop_balanced_local_bs64_800r,20260914_200157_ogbn-papers100M_FedAvg_bs64_seed42_beta10000p0,ogbn-papers100M,FedAvg,64,42,10000.0,325,validation,0.2537,3.335,0.2537,3.335,975,0.10541772842407227,0.10541772842407227,0.5208523273468018,0.626270055770874,207.36904096603394,0.5208523273468018,0.626270055770874,207.36904096603394
nc_papers100m_195trainer_0hop_balanced_local_bs64_800r,20260914_200157_ogbn-papers100M_FedAvg_bs64_seed42_beta10000p0,ogbn-papers100M,FedAvg,64,42,10000.0,326,validation,0.2535,3.3337,0.2535,3.3337,978,0.11016178131103516,0.11016178131103516,0.5239222049713135,0.6340839862823486,208.00312495231628,0.5239222049713135,0.6340839862823486,208.00312495231628
nc_papers100m_195trainer_0hop_balanced_local_bs64_800r,20260914_200157_ogbn-papers100M_FedAvg_bs64_seed42_beta10000p0,ogbn-papers100M,FedAvg,64,42,10000.0,327,validation,0.2537,3.3315,0.2537,3.3315,981,0.1045525074005127,0.1045525074005127,0.5429637432098389,0.6475162506103516,208.65064120292664,0.5429637432098389,0.6475162506103516,208.65064120292664
nc_papers100m_195trainer_0hop_balanced_local_bs64_800r,20260914_200157_ogbn-papers100M_FedAvg_bs64_seed42_beta10000p0,ogbn-papers100M,FedAvg,64,42,10000.0,328,validation,0.254,3.3296,0.254,3.3296,984,0.10511422157287598,0.10511422157287598,0.5324141979217529,0.6375284194946289,209.28816962242126,0.5324141979217529,0.6375284194946289,209.28816962242126
nc_papers100m_195trainer_0hop_balanced_local_bs64_800r,20260914_200157_ogbn-papers100M_FedAvg_bs64_seed42_beta10000p0,ogbn-papers100M,FedAvg,64,42,10000.0,329,validation,0.254,3.328,0.254,3.328,987,0.10524773597717285,0.10524773597717285,0.5314724445343018,0.6367201805114746,209.92488980293274,0.5314724445343018,0.6367201805114746,209.92488980293274
nc_papers100m_195trainer_0hop_balanced_local_bs64_800r,20260914_200157_ogbn-papers100M_FedAvg_bs64_seed42_beta10000p0,ogbn-papers100M,FedAvg,64,42,10000.0,330,validation,0.2542,3.3261,0.2542,3.3261,990,0.10508894920349121,0.10508894920349121,0.5245225429534912,0.6296114921569824,210.55450129508972,0.5245225429534912,0.6296114921569824,210.55450129508972
nc_papers100m_195trainer_0hop_balanced_local_bs64_800r,20260914_200157_ogbn-papers100M_FedAvg_bs64_seed42_beta10000p0,ogbn-papers100M,FedAvg,64,42,10000.0,331,validation,0.2546,3.3245,0.2546,3.3245,993,0.10574936866760254,0.10574936866760254,0.5228619575500488,0.6286113262176514,211.18311262130737,0.5228619575500488,0.6286113262176514,211.18311262130737
nc_papers100m_195trainer_0hop_balanced_local_bs64_800r,20260914_200157_ogbn-papers100M_FedAvg_bs64_seed42_beta10000p0,ogbn-papers100M,FedAvg,64,42,10000.0,332,validation,0.2545,3.3235,0.2545,3.3235,996,0.11057329177856445,0.11057329177856445,0.5319416522979736,0.6425149440765381,211.8256275653839,0.5319416522979736,0.6425149440765381,211.8256275653839
nc_papers100m_195trainer_0hop_balanced_local_bs64_800r,20260914_200157_ogbn-papers100M_FedAvg_bs64_seed42_beta10000p0,ogbn-papers100M,FedAvg,64,42,10000.0,333,validation,0.2549,3.3219,0.2549,3.3219,999,0.1039743423461914,0.1039743423461914,0.5550839900970459,0.6590583324432373,212.48468589782715,0.5550839900970459,0.6590583324432373,212.48468589782715
nc_papers100m_195trainer_0hop_balanced_local_bs64_800r,20260914_200157_ogbn-papers100M_FedAvg_bs64_seed42_beta10000p0,ogbn-papers100M,FedAvg,64,42,10000.0,334,validation,0.2548,3.3206,0.2548,3.3206,1002,0.10409951210021973,0.10409951210021973,0.5327889919281006,0.6368885040283203,213.12157440185547,0.5327889919281006,0.6368885040283203,213.12157440185547
nc_papers100m_195trainer_0hop_balanced_local_bs64_800r,20260914_200157_ogbn-papers100M_FedAvg_bs64_seed42_beta10000p0,ogbn-papers100M,FedAvg,64,42,10000.0,335,validation,0.255,3.3183,0.255,3.3183,1005,0.10559248924255371,0.10559248924255371,0.5279717445373535,0.6335642337799072,213.75513863563538,0.5279717445373535,0.6335642337799072,213.75513863563538
nc_papers100m_195trainer_0hop_balanced_local_bs64_800r,20260914_200157_ogbn-papers100M_FedAvg_bs64_seed42_beta10000p0,ogbn-papers100M,FedAvg,64,42,10000.0,336,validation,0.2552,3.3162,0.2552,3.3162,1008,0.10622143745422363,0.10622143745422363,0.5265519618988037,0.6327733993530273,214.3879120349884,0.5265519618988037,0.6327733993530273,214.3879120349884
nc_papers100m_195trainer_0hop_balanced_local_bs64_800r,20260914_200157_ogbn-papers100M_FedAvg_bs64_seed42_beta10000p0,ogbn-papers100M,FedAvg,64,42,10000.0,337,validation,0.2555,3.3145,0.2555,3.3145,1011,0.10883331298828125,0.10883331298828125,0.5245368480682373,0.6333701610565186,215.02128219604492,0.5245368480682373,0.6333701610565186,215.02128219604492
nc_papers100m_195trainer_0hop_balanced_local_bs64_800r,20260914_200157_ogbn-papers100M_FedAvg_bs64_seed42_beta10000p0,ogbn-papers100M,FedAvg,64,42,10000.0,338,validation,0.2558,3.3129,0.2558,3.3129,1014,0.10732507705688477,0.10732507705688477,0.5422580242156982,0.649583101272583,215.6708652973175,0.5422580242156982,0.649583101272583,215.6708652973175
nc_papers100m_195trainer_0hop_balanced_local_bs64_800r,20260914_200157_ogbn-papers100M_FedAvg_bs64_seed42_beta10000p0,ogbn-papers100M,FedAvg,64,42,10000.0,339,validation,0.2557,3.3114,0.2557,3.3114,1017,0.10402107238769531,0.10402107238769531,0.5346620082855225,0.6386830806732178,216.30954837799072,0.5346620082855225,0.6386830806732178,216.30954837799072
nc_papers100m_195trainer_0hop_balanced_local_bs64_800r,20260914_200157_ogbn-papers100M_FedAvg_bs64_seed42_beta10000p0,ogbn-papers100M,FedAvg,64,42,10000.0,340,validation,0.2558,3.3095,0.2558,3.3095,1020,0.1037895679473877,0.1037895679473877,0.5364871025085449,0.6402766704559326,216.94982504844666,0.5364871025085449,0.6402766704559326,216.94982504844666
nc_papers100m_195trainer_0hop_balanced_local_bs64_800r,20260914_200157_ogbn-papers100M_FedAvg_bs64_seed42_beta10000p0,ogbn-papers100M,FedAvg,64,42,10000.0,341,validation,0.256,3.3072,0.256,3.3072,1023,0.10349464416503906,0.10349464416503906,0.5218963623046875,0.6253910064697266,217.57521605491638,0.5218963623046875,0.6253910064697266,217.57521605491638
nc_papers100m_195trainer_0hop_balanced_local_bs64_800r,20260914_200157_ogbn-papers100M_FedAvg_bs64_seed42_beta10000p0,ogbn-papers100M,FedAvg,64,42,10000.0,342,validation,0.2561,3.3058,0.2561,3.3058,1026,0.10446929931640625,0.10446929931640625,0.525266170501709,0.6297354698181152,218.2049515247345,0.525266170501709,0.6297354698181152,218.2049515247345
nc_papers100m_195trainer_0hop_balanced_local_bs64_800r,20260914_200157_ogbn-papers100M_FedAvg_bs64_seed42_beta10000p0,ogbn-papers100M,FedAvg,64,42,10000.0,343,validation,0.2562,3.3046,0.2562,3.3046,1029,0.11110115051269531,0.11110115051269531,0.5260117053985596,0.6371128559112549,218.84206438064575,0.5260117053985596,0.6371128559112549,218.84206438064575
nc_papers100m_195trainer_0hop_balanced_local_bs64_800r,20260914_200157_ogbn-papers100M_FedAvg_bs64_seed42_beta10000p0,ogbn-papers100M,FedAvg,64,42,10000.0,344,validation,0.2563,3.3032,0.2563,3.3032,1032,0.10487937927246094,0.10487937927246094,0.5334863662719727,0.6383657455444336,219.48043012619019,0.5334863662719727,0.6383657455444336,219.48043012619019
nc_papers100m_195trainer_0hop_balanced_local_bs64_800r,20260914_200157_ogbn-papers100M_FedAvg_bs64_seed42_beta10000p0,ogbn-papers100M,FedAvg,64,42,10000.0,345,validation,0.2564,3.3012,0.2564,3.3012,1035,0.10399413108825684,0.10399413108825684,0.5444226264953613,0.6484167575836182,220.1288468837738,0.5444226264953613,0.6484167575836182,220.1288468837738
nc_papers100m_195trainer_0hop_balanced_local_bs64_800r,20260914_200157_ogbn-papers100M_FedAvg_bs64_seed42_beta10000p0,ogbn-papers100M,FedAvg,64,42,10000.0,346,validation,0.2567,3.2993,0.2567,3.2993,1038,0.10571908950805664,0.10571908950805664,0.5265779495239258,0.6322970390319824,220.7611439228058,0.5265779495239258,0.6322970390319824,220.7611439228058
nc_papers100m_195trainer_0hop_balanced_local_bs64_800r,20260914_200157_ogbn-papers100M_FedAvg_bs64_seed42_beta10000p0,ogbn-papers100M,FedAvg,64,42,10000.0,347,validation,0.2568,3.2974,0.2568,3.2974,1041,0.10573601722717285,0.10573601722717285,0.5240514278411865,0.6297874450683594,221.39093136787415,0.5240514278411865,0.6297874450683594,221.39093136787415
nc_papers100m_195trainer_0hop_balanced_local_bs64_800r,20260914_200157_ogbn-papers100M_FedAvg_bs64_seed42_beta10000p0,ogbn-papers100M,FedAvg,64,42,10000.0,348,validation,0.2571,3.2951,0.2571,3.2951,1044,0.10932517051696777,0.10932517051696777,0.5281331539154053,0.637458324432373,222.02838969230652,0.5281331539154053,0.637458324432373,222.02838969230652
nc_papers100m_195trainer_0hop_balanced_local_bs64_800r,20260914_200157_ogbn-papers100M_FedAvg_bs64_seed42_beta10000p0,ogbn-papers100M,FedAvg,64,42,10000.0,349,validation,0.2575,3.2935,0.2575,3.2935,1047,0.10436511039733887,0.10436511039733887,0.5350754261016846,0.6394405364990234,222.66783022880554,0.5350754261016846,0.6394405364990234,222.66783022880554
nc_papers100m_195trainer_0hop_balanced_local_bs64_800r,20260914_200157_ogbn-papers100M_FedAvg_bs64_seed42_beta10000p0,ogbn-papers100M,FedAvg,64,42,10000.0,350,validation,0.2578,3.2917,0.2578,3.2917,1050,0.10352420806884766,0.10352420806884766,0.531883716583252,0.6354079246520996,223.30323815345764,0.531883716583252,0.6354079246520996,223.30323815345764
nc_papers100m_195trainer_0hop_balanced_local_bs64_800r,20260914_200157_ogbn-papers100M_FedAvg_bs64_seed42_beta10000p0,ogbn-papers100M,FedAvg,64,42,10000.0,351,validation,0.258,3.2899,0.258,3.2899,1053,0.10278725624084473,0.10278725624084473,0.535545825958252,0.6383330821990967,223.94157123565674,0.535545825958252,0.6383330821990967,223.94157123565674
nc_papers100m_195trainer_0hop_balanced_local_bs64_800r,20260914_200157_ogbn-papers100M_FedAvg_bs64_seed42_beta10000p0,ogbn-papers100M,FedAvg,64,42,10000.0,352,validation,0.2582,3.2887,0.2582,3.2887,1056,0.10372686386108398,0.10372686386108398,0.5255510807037354,0.6292779445648193,224.57084918022156,0.5255510807037354,0.6292779445648193,224.57084918022156
nc_papers100m_195trainer_0hop_balanced_local_bs64_800r,20260914_200157_ogbn-papers100M_FedAvg_bs64_seed42_beta10000p0,ogbn-papers100M,FedAvg,64,42,10000.0,353,validation,0.2581,3.2871,0.2581,3.2871,1059,0.10741019248962402,0.10741019248962402,0.5265803337097168,0.6339905261993408,225.2048397064209,0.5265803337097168,0.6339905261993408,225.2048397064209
nc_papers100m_195trainer_0hop_balanced_local_bs64_800r,20260914_200157_ogbn-papers100M_FedAvg_bs64_seed42_beta10000p0,ogbn-papers100M,FedAvg,64,42,10000.0,354,validation,0.2583,3.285,0.2583,3.285,1062,0.10619831085205078,0.10619831085205078,0.5285050868988037,0.6347033977508545,225.83954310417175,0.5285050868988037,0.6347033977508545,225.83954310417175
nc_papers100m_195trainer_0hop_balanced_local_bs64_800r,20260914_200157_ogbn-papers100M_FedAvg_bs64_seed42_beta10000p0,ogbn-papers100M,FedAvg,64,42,10000.0,355,validation,0.2586,3.2837,0.2586,3.2837,1065,0.10412931442260742,0.10412931442260742,0.532987117767334,0.6371164321899414,226.4766595363617,0.532987117767334,0.6371164321899414,226.4766595363617
nc_papers100m_195trainer_0hop_balanced_local_bs64_800r,20260914_200157_ogbn-papers100M_FedAvg_bs64_seed42_beta10000p0,ogbn-papers100M,FedAvg,64,42,10000.0,356,validation,0.2586,3.282,0.2586,3.282,1068,0.105224609375,0.105224609375,0.5311009883880615,0.6363255977630615,227.11298513412476,0.5311009883880615,0.6363255977630615,227.11298513412476
nc_papers100m_195trainer_0hop_balanced_local_bs64_800r,20260914_200157_ogbn-papers100M_FedAvg_bs64_seed42_beta10000p0,ogbn-papers100M,FedAvg,64,42,10000.0,357,validation,0.2589,3.2803,0.2589,3.2803,1071,0.10699677467346191,0.10699677467346191,0.525930643081665,0.632927417755127,227.74591255187988,0.525930643081665,0.632927417755127,227.74591255187988
nc_papers100m_195trainer_0hop_balanced_local_bs64_800r,20260914_200157_ogbn-papers100M_FedAvg_bs64_seed42_beta10000p0,ogbn-papers100M,FedAvg,64,42,10000.0,358,validation,0.259,3.279,0.259,3.279,1074,0.10573744773864746,0.10573744773864746,0.5407483577728271,0.6464858055114746,228.39239835739136,0.5407483577728271,0.6464858055114746,228.39239835739136
nc_papers100m_195trainer_0hop_balanced_local_bs64_800r,20260914_200157_ogbn-papers100M_FedAvg_bs64_seed42_beta10000p0,ogbn-papers100M,FedAvg,64,42,10000.0,359,validation,0.2591,3.277,0.2591,3.277,1077,0.10662698745727539,0.10662698745727539,0.52897047996521,0.6355974674224854,229.02799582481384,0.52897047996521,0.6355974674224854,229.02799582481384
nc_papers100m_195trainer_0hop_balanced_local_bs64_800r,20260914_200157_ogbn-papers100M_FedAvg_bs64_seed42_beta10000p0,ogbn-papers100M,FedAvg,64,42,10000.0,360,validation,0.2595,3.2753,0.2595,3.2753,1080,0.10253405570983887,0.10253405570983887,0.5327997207641602,0.635333776473999,229.66332960128784,0.5327997207641602,0.635333776473999,229.66332960128784
nc_papers100m_195trainer_0hop_balanced_local_bs64_800r,20260914_200157_ogbn-papers100M_FedAvg_bs64_seed42_beta10000p0,ogbn-papers100M,FedAvg,64,42,10000.0,361,validation,0.2596,3.2738,0.2596,3.2738,1083,0.10587143898010254,0.10587143898010254,0.5310280323028564,0.636899471282959,230.3002290725708,0.5310280323028564,0.636899471282959,230.3002290725708
nc_papers100m_195trainer_0hop_balanced_local_bs64_800r,20260914_200157_ogbn-papers100M_FedAvg_bs64_seed42_beta10000p0,ogbn-papers100M,FedAvg,64,42,10000.0,362,validation,0.2599,3.2721,0.2599,3.2721,1086,0.10349035263061523,0.10349035263061523,0.5264556407928467,0.6299459934234619,230.93017506599426,0.5264556407928467,0.6299459934234619,230.93017506599426
nc_papers100m_195trainer_0hop_balanced_local_bs64_800r,20260914_200157_ogbn-papers100M_FedAvg_bs64_seed42_beta10000p0,ogbn-papers100M,FedAvg,64,42,10000.0,363,validation,0.2598,3.271,0.2598,3.271,1089,0.10520720481872559,0.10520720481872559,0.5275173187255859,0.6327245235443115,231.56289958953857,0.5275173187255859,0.6327245235443115,231.56289958953857
nc_papers100m_195trainer_0hop_balanced_local_bs64_800r,20260914_200157_ogbn-papers100M_FedAvg_bs64_seed42_beta10000p0,ogbn-papers100M,FedAvg,64,42,10000.0,364,validation,0.2603,3.2694,0.2603,3.2694,1092,0.1092991828918457,0.1092991828918457,0.5297527313232422,0.6390519142150879,232.20195150375366,0.5297527313232422,0.6390519142150879,232.20195150375366
nc_papers100m_195trainer_0hop_balanced_local_bs64_800r,20260914_200157_ogbn-papers100M_FedAvg_bs64_seed42_beta10000p0,ogbn-papers100M,FedAvg,64,42,10000.0,365,validation,0.2604,3.2682,0.2604,3.2682,1095,0.1054232120513916,0.1054232120513916,0.5354244709014893,0.6408476829528809,232.84279918670654,0.5354244709014893,0.6408476829528809,232.84279918670654
nc_papers100m_195trainer_0hop_balanced_local_bs64_800r,20260914_200157_ogbn-papers100M_FedAvg_bs64_seed42_beta10000p0,ogbn-papers100M,FedAvg,64,42,10000.0,366,validation,0.2603,3.2667,0.2603,3.2667,1098,0.10447382926940918,0.10447382926940918,0.5318710803985596,0.6363449096679688,233.4791440963745,0.5318710803985596,0.6363449096679688,233.4791440963745
nc_papers100m_195trainer_0hop_balanced_local_bs64_800r,20260914_200157_ogbn-papers100M_FedAvg_bs64_seed42_beta10000p0,ogbn-papers100M,FedAvg,64,42,10000.0,367,validation,0.2604,3.2646,0.2604,3.2646,1101,0.10341525077819824,0.10341525077819824,0.5283627510070801,0.6317780017852783,234.1109220981598,0.5283627510070801,0.6317780017852783,234.1109220981598
nc_papers100m_195trainer_0hop_balanced_local_bs64_800r,20260914_200157_ogbn-papers100M_FedAvg_bs64_seed42_beta10000p0,ogbn-papers100M,FedAvg,64,42,10000.0,368,validation,0.2605,3.2631,0.2605,3.2631,1104,0.1061089038848877,0.1061089038848877,0.532522439956665,0.6386313438415527,234.74955344200134,0.532522439956665,0.6386313438415527,234.74955344200134
nc_papers100m_195trainer_0hop_balanced_local_bs64_800r,20260914_200157_ogbn-papers100M_FedAvg_bs64_seed42_beta10000p0,ogbn-papers100M,FedAvg,64,42,10000.0,369,validation,0.2609,3.2619,0.2609,3.2619,1107,0.10996890068054199,0.10996890068054199,0.5287396907806396,0.6387085914611816,235.38826203346252,0.5287396907806396,0.6387085914611816,235.38826203346252
nc_papers100m_195trainer_0hop_balanced_local_bs64_800r,20260914_200157_ogbn-papers100M_FedAvg_bs64_seed42_beta10000p0,ogbn-papers100M,FedAvg,64,42,10000.0,370,validation,0.2606,3.2606,0.2606,3.2606,1110,0.10561466217041016,0.10561466217041016,0.5730931758880615,0.6787078380584717,236.066969871521,0.5730931758880615,0.6787078380584717,236.066969871521
nc_papers100m_195trainer_0hop_balanced_local_bs64_800r,20260914_200157_ogbn-papers100M_FedAvg_bs64_seed42_beta10000p0,ogbn-papers100M,FedAvg,64,42,10000.0,371,validation,0.2609,3.2586,0.2609,3.2586,1113,0.10672926902770996,0.10672926902770996,0.5442771911621094,0.6510064601898193,236.71797633171082,0.5442771911621094,0.6510064601898193,236.71797633171082
nc_papers100m_195trainer_0hop_balanced_local_bs64_800r,20260914_200157_ogbn-papers100M_FedAvg_bs64_seed42_beta10000p0,ogbn-papers100M,FedAvg,64,42,10000.0,372,validation,0.2612,3.2569,0.2612,3.2569,1116,0.10655450820922852,0.10655450820922852,0.5247302055358887,0.6312847137451172,237.34926104545593,0.5247302055358887,0.6312847137451172,237.34926104545593
nc_papers100m_195trainer_0hop_balanced_local_bs64_800r,20260914_200157_ogbn-papers100M_FedAvg_bs64_seed42_beta10000p0,ogbn-papers100M,FedAvg,64,42,10000.0,373,validation,0.2614,3.2551,0.2614,3.2551,1119,0.1031486988067627,0.1031486988067627,0.5224542617797852,0.6256029605865479,237.97486400604248,0.5224542617797852,0.6256029605865479,237.97486400604248
nc_papers100m_195trainer_0hop_balanced_local_bs64_800r,20260914_200157_ogbn-papers100M_FedAvg_bs64_seed42_beta10000p0,ogbn-papers100M,FedAvg,64,42,10000.0,374,validation,0.2616,3.2538,0.2616,3.2538,1122,0.10576868057250977,0.10576868057250977,0.5297939777374268,0.6355626583099365,238.61042666435242,0.5297939777374268,0.6355626583099365,238.61042666435242
nc_papers100m_195trainer_0hop_balanced_local_bs64_800r,20260914_200157_ogbn-papers100M_FedAvg_bs64_seed42_beta10000p0,ogbn-papers100M,FedAvg,64,42,10000.0,375,validation,0.2617,3.2528,0.2617,3.2528,1125,0.11095881462097168,0.11095881462097168,0.5275084972381592,0.6384673118591309,239.24889397621155,0.5275084972381592,0.6384673118591309,239.24889397621155
nc_papers100m_195trainer_0hop_balanced_local_bs64_800r,20260914_200157_ogbn-papers100M_FedAvg_bs64_seed42_beta10000p0,ogbn-papers100M,FedAvg,64,42,10000.0,376,validation,0.262,3.2515,0.262,3.2515,1128,0.10737371444702148,0.10737371444702148,0.5354795455932617,0.6428532600402832,239.89174723625183,0.5354795455932617,0.6428532600402832,239.89174723625183
nc_papers100m_195trainer_0hop_balanced_local_bs64_800r,20260914_200157_ogbn-papers100M_FedAvg_bs64_seed42_beta10000p0,ogbn-papers100M,FedAvg,64,42,10000.0,377,validation,0.262,3.2506,0.262,3.2506,1131,0.10461759567260742,0.10461759567260742,0.5299439430236816,0.6345615386962891,240.52630877494812,0.5299439430236816,0.6345615386962891,240.52630877494812
nc_papers100m_195trainer_0hop_balanced_local_bs64_800r,20260914_200157_ogbn-papers100M_FedAvg_bs64_seed42_beta10000p0,ogbn-papers100M,FedAvg,64,42,10000.0,378,validation,0.2619,3.2493,0.2619,3.2493,1134,0.10426783561706543,0.10426783561706543,0.5224366188049316,0.6267044544219971,241.15301322937012,0.5224366188049316,0.6267044544219971,241.15301322937012
nc_papers100m_195trainer_0hop_balanced_local_bs64_800r,20260914_200157_ogbn-papers100M_FedAvg_bs64_seed42_beta10000p0,ogbn-papers100M,FedAvg,64,42,10000.0,379,validation,0.2621,3.2481,0.2621,3.2481,1137,0.10412216186523438,0.10412216186523438,0.533639669418335,0.6377618312835693,241.7907750606537,0.533639669418335,0.6377618312835693,241.7907750606537
nc_papers100m_195trainer_0hop_balanced_local_bs64_800r,20260914_200157_ogbn-papers100M_FedAvg_bs64_seed42_beta10000p0,ogbn-papers100M,FedAvg,64,42,10000.0,380,validation,0.2625,3.2464,0.2625,3.2464,1140,0.1092524528503418,0.1092524528503418,0.5273418426513672,0.636594295501709,242.4273693561554,0.5273418426513672,0.636594295501709,242.4273693561554
nc_papers100m_195trainer_0hop_balanced_local_bs64_800r,20260914_200157_ogbn-papers100M_FedAvg_bs64_seed42_beta10000p0,ogbn-papers100M,FedAvg,64,42,10000.0,381,validation,0.2626,3.2447,0.2626,3.2447,1143,0.1090846061706543,0.1090846061706543,0.5318691730499268,0.640953779220581,243.06832313537598,0.5318691730499268,0.640953779220581,243.06832313537598
nc_papers100m_195trainer_0hop_balanced_local_bs64_800r,20260914_200157_ogbn-papers100M_FedAvg_bs64_seed42_beta10000p0,ogbn-papers100M,FedAvg,64,42,10000.0,382,validation,0.2628,3.2434,0.2628,3.2434,1146,0.10629987716674805,0.10629987716674805,0.5457394123077393,0.6520392894744873,243.72036242485046,0.5457394123077393,0.6520392894744873,243.72036242485046
nc_papers100m_195trainer_0hop_balanced_local_bs64_800r,20260914_200157_ogbn-papers100M_FedAvg_bs64_seed42_beta10000p0,ogbn-papers100M,FedAvg,64,42,10000.0,383,validation,0.2628,3.2416,0.2628,3.2416,1149,0.10404467582702637,0.10404467582702637,0.5280294418334961,0.6320741176605225,244.352436542511,0.5280294418334961,0.6320741176605225,244.352436542511
nc_papers100m_195trainer_0hop_balanced_local_bs64_800r,20260914_200157_ogbn-papers100M_FedAvg_bs64_seed42_beta10000p0,ogbn-papers100M,FedAvg,64,42,10000.0,384,validation,0.263,3.2393,0.263,3.2393,1152,0.10467028617858887,0.10467028617858887,0.5329577922821045,0.6376280784606934,244.99006462097168,0.5329577922821045,0.6376280784606934,244.99006462097168
nc_papers100m_195trainer_0hop_balanced_local_bs64_800r,20260914_200157_ogbn-papers100M_FedAvg_bs64_seed42_beta10000p0,ogbn-papers100M,FedAvg,64,42,10000.0,385,validation,0.2631,3.2382,0.2631,3.2382,1155,0.10721564292907715,0.10721564292907715,0.529820442199707,0.6370360851287842,245.62710070610046,0.529820442199707,0.6370360851287842,245.62710070610046
nc_papers100m_195trainer_0hop_balanced_local_bs64_800r,20260914_200157_ogbn-papers100M_FedAvg_bs64_seed42_beta10000p0,ogbn-papers100M,FedAvg,64,42,10000.0,386,validation,0.2633,3.237,0.2633,3.237,1158,0.10948538780212402,0.10948538780212402,0.5424115657806396,0.6518969535827637,246.27899765968323,0.5424115657806396,0.6518969535827637,246.27899765968323
nc_papers100m_195trainer_0hop_balanced_local_bs64_800r,20260914_200157_ogbn-papers100M_FedAvg_bs64_seed42_beta10000p0,ogbn-papers100M,FedAvg,64,42,10000.0,387,validation,0.2634,3.2353,0.2634,3.2353,1161,0.10539412498474121,0.10539412498474121,0.5393354892730713,0.6447296142578125,246.92372727394104,0.5393354892730713,0.6447296142578125,246.92372727394104
nc_papers100m_195trainer_0hop_balanced_local_bs64_800r,20260914_200157_ogbn-papers100M_FedAvg_bs64_seed42_beta10000p0,ogbn-papers100M,FedAvg,64,42,10000.0,388,validation,0.2637,3.2338,0.2637,3.2338,1164,0.10614395141601562,0.10614395141601562,0.5246443748474121,0.6307883262634277,247.55451560020447,0.5246443748474121,0.6307883262634277,247.55451560020447
nc_papers100m_195trainer_0hop_balanced_local_bs64_800r,20260914_200157_ogbn-papers100M_FedAvg_bs64_seed42_beta10000p0,ogbn-papers100M,FedAvg,64,42,10000.0,389,validation,0.2639,3.2326,0.2639,3.2326,1167,0.10414862632751465,0.10414862632751465,0.5260059833526611,0.6301546096801758,248.18467020988464,0.5260059833526611,0.6301546096801758,248.18467020988464
nc_papers100m_195trainer_0hop_balanced_local_bs64_800r,20260914_200157_ogbn-papers100M_FedAvg_bs64_seed42_beta10000p0,ogbn-papers100M,FedAvg,64,42,10000.0,390,validation,0.2641,3.2313,0.2641,3.2313,1170,0.10332345962524414,0.10332345962524414,0.5273914337158203,0.6307148933410645,248.8153851032257,0.5273914337158203,0.6307148933410645,248.8153851032257
nc_papers100m_195trainer_0hop_balanced_local_bs64_800r,20260914_200157_ogbn-papers100M_FedAvg_bs64_seed42_beta10000p0,ogbn-papers100M,FedAvg,64,42,10000.0,391,validation,0.2643,3.2301,0.2643,3.2301,1173,0.11185526847839355,0.11185526847839355,0.5295155048370361,0.6413707733154297,249.45675587654114,0.5295155048370361,0.6413707733154297,249.45675587654114
nc_papers100m_195trainer_0hop_balanced_local_bs64_800r,20260914_200157_ogbn-papers100M_FedAvg_bs64_seed42_beta10000p0,ogbn-papers100M,FedAvg,64,42,10000.0,392,validation,0.2651,3.2283,0.2651,3.2283,1176,0.1074528694152832,0.1074528694152832,0.5416343212127686,0.6490871906280518,250.1058430671692,0.5416343212127686,0.6490871906280518,250.1058430671692
nc_papers100m_195trainer_0hop_balanced_local_bs64_800r,20260914_200157_ogbn-papers100M_FedAvg_bs64_seed42_beta10000p0,ogbn-papers100M,FedAvg,64,42,10000.0,393,validation,0.265,3.2274,0.265,3.2274,1179,0.10276198387145996,0.10276198387145996,0.531409502029419,0.6341714859008789,250.74001455307007,0.531409502029419,0.6341714859008789,250.74001455307007
nc_papers100m_195trainer_0hop_balanced_local_bs64_800r,20260914_200157_ogbn-papers100M_FedAvg_bs64_seed42_beta10000p0,ogbn-papers100M,FedAvg,64,42,10000.0,394,validation,0.2657,3.2254,0.2657,3.2254,1182,0.10482454299926758,0.10482454299926758,0.5482563972473145,0.653080940246582,251.39309549331665,0.5482563972473145,0.653080940246582,251.39309549331665
nc_papers100m_195trainer_0hop_balanced_local_bs64_800r,20260914_200157_ogbn-papers100M_FedAvg_bs64_seed42_beta10000p0,ogbn-papers100M,FedAvg,64,42,10000.0,395,validation,0.2656,3.2237,0.2656,3.2237,1185,0.1044614315032959,0.1044614315032959,0.5256578922271729,0.6301193237304688,252.02321481704712,0.5256578922271729,0.6301193237304688,252.02321481704712
nc_papers100m_195trainer_0hop_balanced_local_bs64_800r,20260914_200157_ogbn-papers100M_FedAvg_bs64_seed42_beta10000p0,ogbn-papers100M,FedAvg,64,42,10000.0,396,validation,0.2656,3.2221,0.2656,3.2221,1188,0.1081387996673584,0.1081387996673584,0.5245134830474854,0.6326522827148438,252.65586709976196,0.5245134830474854,0.6326522827148438,252.65586709976196
nc_papers100m_195trainer_0hop_balanced_local_bs64_800r,20260914_200157_ogbn-papers100M_FedAvg_bs64_seed42_beta10000p0,ogbn-papers100M,FedAvg,64,42,10000.0,397,validation,0.2659,3.2209,0.2659,3.2209,1191,0.10575652122497559,0.10575652122497559,0.543320894241333,0.6490774154663086,253.30494451522827,0.543320894241333,0.6490774154663086,253.30494451522827
nc_papers100m_195trainer_0hop_balanced_local_bs64_800r,20260914_200157_ogbn-papers100M_FedAvg_bs64_seed42_beta10000p0,ogbn-papers100M,FedAvg,64,42,10000.0,398,validation,0.2658,3.2198,0.2658,3.2198,1194,0.10639119148254395,0.10639119148254395,0.5330047607421875,0.6393959522247314,253.944340467453,0.5330047607421875,0.6393959522247314,253.944340467453
nc_papers100m_195trainer_0hop_balanced_local_bs64_800r,20260914_200157_ogbn-papers100M_FedAvg_bs64_seed42_beta10000p0,ogbn-papers100M,FedAvg,64,42,10000.0,399,validation,0.2658,3.2181,0.2658,3.2181,1197,0.10651040077209473,0.10651040077209473,0.5291354656219482,0.635645866394043,254.57998633384705,0.5291354656219482,0.635645866394043,254.57998633384705
nc_papers100m_195trainer_0hop_balanced_local_bs64_800r,20260914_200157_ogbn-papers100M_FedAvg_bs64_seed42_beta10000p0,ogbn-papers100M,FedAvg,64,42,10000.0,400,validation,0.2663,3.2168,0.2663,3.2168,1200,0.10744190216064453,0.10744190216064453,0.5288066864013672,0.6362485885620117,255.21623492240906,0.5288066864013672,0.6362485885620117,255.21623492240906
nc_papers100m_195trainer_0hop_balanced_local_bs64_800r,20260914_200157_ogbn-papers100M_FedAvg_bs64_seed42_beta10000p0,ogbn-papers100M,FedAvg,64,42,10000.0,401,validation,0.2665,3.2144,0.2665,3.2144,1203,0.10426998138427734,0.10426998138427734,0.5271890163421631,0.6314589977264404,255.8476939201355,0.5271890163421631,0.6314589977264404,255.8476939201355
nc_papers100m_195trainer_0hop_balanced_local_bs64_800r,20260914_200157_ogbn-papers100M_FedAvg_bs64_seed42_beta10000p0,ogbn-papers100M,FedAvg,64,42,10000.0,402,validation,0.2664,3.2129,0.2664,3.2129,1206,0.11093664169311523,0.11093664169311523,0.5250980854034424,0.6360347270965576,256.48372864723206,0.5250980854034424,0.6360347270965576,256.48372864723206
nc_papers100m_195trainer_0hop_balanced_local_bs64_800r,20260914_200157_ogbn-papers100M_FedAvg_bs64_seed42_beta10000p0,ogbn-papers100M,FedAvg,64,42,10000.0,403,validation,0.2664,3.212,0.2664,3.212,1209,0.1120460033416748,0.1120460033416748,0.5384385585784912,0.650484561920166,257.1342132091522,0.5384385585784912,0.650484561920166,257.1342132091522
nc_papers100m_195trainer_0hop_balanced_local_bs64_800r,20260914_200157_ogbn-papers100M_FedAvg_bs64_seed42_beta10000p0,ogbn-papers100M,FedAvg,64,42,10000.0,404,validation,0.2667,3.2103,0.2667,3.2103,1212,0.10492491722106934,0.10492491722106934,0.5229752063751221,0.6279001235961914,257.7621133327484,0.5229752063751221,0.6279001235961914,257.7621133327484
nc_papers100m_195trainer_0hop_balanced_local_bs64_800r,20260914_200157_ogbn-papers100M_FedAvg_bs64_seed42_beta10000p0,ogbn-papers100M,FedAvg,64,42,10000.0,405,validation,0.2669,3.2091,0.2669,3.2091,1215,0.10444307327270508,0.10444307327270508,0.5329744815826416,0.6374175548553467,258.39953088760376,0.5329744815826416,0.6374175548553467,258.39953088760376
nc_papers100m_195trainer_0hop_balanced_local_bs64_800r,20260914_200157_ogbn-papers100M_FedAvg_bs64_seed42_beta10000p0,ogbn-papers100M,FedAvg,64,42,10000.0,406,validation,0.2669,3.2078,0.2669,3.2078,1218,0.10440421104431152,0.10440421104431152,0.5735039710998535,0.677908182144165,259.0774390697479,0.5735039710998535,0.677908182144165,259.0774390697479
nc_papers100m_195trainer_0hop_balanced_local_bs64_800r,20260914_200157_ogbn-papers100M_FedAvg_bs64_seed42_beta10000p0,ogbn-papers100M,FedAvg,64,42,10000.0,407,validation,0.2673,3.2061,0.2673,3.2061,1221,0.10991692543029785,0.10991692543029785,0.5264663696289062,0.6363832950592041,259.71382236480713,0.5264663696289062,0.6363832950592041,259.71382236480713
nc_papers100m_195trainer_0hop_balanced_local_bs64_800r,20260914_200157_ogbn-papers100M_FedAvg_bs64_seed42_beta10000p0,ogbn-papers100M,FedAvg,64,42,10000.0,408,validation,0.2678,3.2044,0.2678,3.2044,1224,0.10663104057312012,0.10663104057312012,0.5326886177062988,0.639319658279419,260.35314202308655,0.5326886177062988,0.639319658279419,260.35314202308655
nc_papers100m_195trainer_0hop_balanced_local_bs64_800r,20260914_200157_ogbn-papers100M_FedAvg_bs64_seed42_beta10000p0,ogbn-papers100M,FedAvg,64,42,10000.0,409,validation,0.2678,3.2035,0.2678,3.2035,1227,0.10625243186950684,0.10625243186950684,0.5335590839385986,0.6398115158081055,260.99295353889465,0.5335590839385986,0.6398115158081055,260.99295353889465
nc_papers100m_195trainer_0hop_balanced_local_bs64_800r,20260914_200157_ogbn-papers100M_FedAvg_bs64_seed42_beta10000p0,ogbn-papers100M,FedAvg,64,42,10000.0,410,validation,0.2675,3.202,0.2675,3.202,1230,0.10721540451049805,0.10721540451049805,0.5424952507019043,0.6497106552124023,261.64266419410706,0.5424952507019043,0.6497106552124023,261.64266419410706
nc_papers100m_195trainer_0hop_balanced_local_bs64_800r,20260914_200157_ogbn-papers100M_FedAvg_bs64_seed42_beta10000p0,ogbn-papers100M,FedAvg,64,42,10000.0,411,validation,0.2676,3.2017,0.2676,3.2017,1233,0.1066431999206543,0.1066431999206543,0.5271260738372803,0.6337692737579346,262.276433467865,0.5271260738372803,0.6337692737579346,262.276433467865
nc_papers100m_195trainer_0hop_balanced_local_bs64_800r,20260914_200157_ogbn-papers100M_FedAvg_bs64_seed42_beta10000p0,ogbn-papers100M,FedAvg,64,42,10000.0,412,validation,0.268,3.2001,0.268,3.2001,1236,0.10506868362426758,0.10506868362426758,0.5265350341796875,0.6316037178039551,262.90803718566895,0.5265350341796875,0.6316037178039551,262.90803718566895
nc_papers100m_195trainer_0hop_balanced_local_bs64_800r,20260914_200157_ogbn-papers100M_FedAvg_bs64_seed42_beta10000p0,ogbn-papers100M,FedAvg,64,42,10000.0,413,validation,0.268,3.1992,0.268,3.1992,1239,0.10943603515625,0.10943603515625,0.5301084518432617,0.6395444869995117,263.54758167266846,0.5301084518432617,0.6395444869995117,263.54758167266846
nc_papers100m_195trainer_0hop_balanced_local_bs64_800r,20260914_200157_ogbn-papers100M_FedAvg_bs64_seed42_beta10000p0,ogbn-papers100M,FedAvg,64,42,10000.0,414,validation,0.2683,3.1981,0.2683,3.1981,1242,0.10533523559570312,0.10533523559570312,0.5325949192047119,0.637930154800415,264.1855118274689,0.5325949192047119,0.637930154800415,264.1855118274689
nc_papers100m_195trainer_0hop_balanced_local_bs64_800r,20260914_200157_ogbn-papers100M_FedAvg_bs64_seed42_beta10000p0,ogbn-papers100M,FedAvg,64,42,10000.0,415,validation,0.2685,3.1965,0.2685,3.1965,1245,0.10473060607910156,0.10473060607910156,0.5361392498016357,0.6408698558807373,264.8263816833496,0.5361392498016357,0.6408698558807373,264.8263816833496
nc_papers100m_195trainer_0hop_balanced_local_bs64_800r,20260914_200157_ogbn-papers100M_FedAvg_bs64_seed42_beta10000p0,ogbn-papers100M,FedAvg,64,42,10000.0,416,validation,0.2687,3.195,0.2687,3.195,1248,0.10512137413024902,0.10512137413024902,0.520409345626831,0.6255307197570801,265.4519124031067,0.520409345626831,0.6255307197570801,265.4519124031067
nc_papers100m_195trainer_0hop_balanced_local_bs64_800r,20260914_200157_ogbn-papers100M_FedAvg_bs64_seed42_beta10000p0,ogbn-papers100M,FedAvg,64,42,10000.0,417,validation,0.2688,3.1938,0.2688,3.1938,1251,0.10507559776306152,0.10507559776306152,0.5275681018829346,0.6326436996459961,266.0845561027527,0.5275681018829346,0.6326436996459961,266.0845561027527
nc_papers100m_195trainer_0hop_balanced_local_bs64_800r,20260914_200157_ogbn-papers100M_FedAvg_bs64_seed42_beta10000p0,ogbn-papers100M,FedAvg,64,42,10000.0,418,validation,0.2691,3.1919,0.2691,3.1919,1254,0.10817503929138184,0.10817503929138184,0.5778353214263916,0.6860103607177734,266.77056646347046,0.5778353214263916,0.6860103607177734,266.77056646347046
nc_papers100m_195trainer_0hop_balanced_local_bs64_800r,20260914_200157_ogbn-papers100M_FedAvg_bs64_seed42_beta10000p0,ogbn-papers100M,FedAvg,64,42,10000.0,419,validation,0.2693,3.19,0.2693,3.19,1257,0.1080939769744873,0.1080939769744873,0.5369052886962891,0.6449992656707764,267.41556572914124,0.5369052886962891,0.6449992656707764,267.41556572914124
nc_papers100m_195trainer_0hop_balanced_local_bs64_800r,20260914_200157_ogbn-papers100M_FedAvg_bs64_seed42_beta10000p0,ogbn-papers100M,FedAvg,64,42,10000.0,420,validation,0.2692,3.1888,0.2692,3.1888,1260,0.10455536842346191,0.10455536842346191,0.5322015285491943,0.6367568969726562,268.0523226261139,0.5322015285491943,0.6367568969726562,268.0523226261139
nc_papers100m_195trainer_0hop_balanced_local_bs64_800r,20260914_200157_ogbn-papers100M_FedAvg_bs64_seed42_beta10000p0,ogbn-papers100M,FedAvg,64,42,10000.0,421,validation,0.2693,3.1874,0.2693,3.1874,1263,0.10287761688232422,0.10287761688232422,0.5351724624633789,0.6380500793457031,268.6903727054596,0.5351724624633789,0.6380500793457031,268.6903727054596
nc_papers100m_195trainer_0hop_balanced_local_bs64_800r,20260914_200157_ogbn-papers100M_FedAvg_bs64_seed42_beta10000p0,ogbn-papers100M,FedAvg,64,42,10000.0,422,validation,0.2696,3.1861,0.2696,3.1861,1266,0.10525345802307129,0.10525345802307129,0.5234794616699219,0.6287329196929932,269.3191056251526,0.5234794616699219,0.6287329196929932,269.3191056251526
nc_papers100m_195trainer_0hop_balanced_local_bs64_800r,20260914_200157_ogbn-papers100M_FedAvg_bs64_seed42_beta10000p0,ogbn-papers100M,FedAvg,64,42,10000.0,423,validation,0.2702,3.1845,0.2702,3.1845,1269,0.10344123840332031,0.10344123840332031,0.5262665748596191,0.6297078132629395,269.9488134384155,0.5262665748596191,0.6297078132629395,269.9488134384155
nc_papers100m_195trainer_0hop_balanced_local_bs64_800r,20260914_200157_ogbn-papers100M_FedAvg_bs64_seed42_beta10000p0,ogbn-papers100M,FedAvg,64,42,10000.0,424,validation,0.2704,3.1834,0.2704,3.1834,1272,0.10530447959899902,0.10530447959899902,0.5273420810699463,0.6326465606689453,270.5814599990845,0.5273420810699463,0.6326465606689453,270.5814599990845
nc_papers100m_195trainer_0hop_balanced_local_bs64_800r,20260914_200157_ogbn-papers100M_FedAvg_bs64_seed42_beta10000p0,ogbn-papers100M,FedAvg,64,42,10000.0,425,validation,0.2707,3.1819,0.2707,3.1819,1275,0.10402345657348633,0.10402345657348633,0.534588098526001,0.6386115550994873,271.22007155418396,0.534588098526001,0.6386115550994873,271.22007155418396
nc_papers100m_195trainer_0hop_balanced_local_bs64_800r,20260914_200157_ogbn-papers100M_FedAvg_bs64_seed42_beta10000p0,ogbn-papers100M,FedAvg,64,42,10000.0,426,validation,0.2706,3.181,0.2706,3.181,1278,0.10442876815795898,0.10442876815795898,0.5286448001861572,0.6330735683441162,271.8531451225281,0.5286448001861572,0.6330735683441162,271.8531451225281
nc_papers100m_195trainer_0hop_balanced_local_bs64_800r,20260914_200157_ogbn-papers100M_FedAvg_bs64_seed42_beta10000p0,ogbn-papers100M,FedAvg,64,42,10000.0,427,validation,0.2707,3.1798,0.2707,3.1798,1281,0.1036672592163086,0.1036672592163086,0.5302400588989258,0.6339073181152344,272.4870524406433,0.5302400588989258,0.6339073181152344,272.4870524406433
nc_papers100m_195trainer_0hop_balanced_local_bs64_800r,20260914_200157_ogbn-papers100M_FedAvg_bs64_seed42_beta10000p0,ogbn-papers100M,FedAvg,64,42,10000.0,428,validation,0.2711,3.1788,0.2711,3.1788,1284,0.10409903526306152,0.10409903526306152,0.5290555953979492,0.6331546306610107,273.1202070713043,0.5290555953979492,0.6331546306610107,273.1202070713043
nc_papers100m_195trainer_0hop_balanced_local_bs64_800r,20260914_200157_ogbn-papers100M_FedAvg_bs64_seed42_beta10000p0,ogbn-papers100M,FedAvg,64,42,10000.0,429,validation,0.2708,3.1775,0.2708,3.1775,1287,0.1054847240447998,0.1054847240447998,0.528031587600708,0.6335163116455078,273.75372338294983,0.528031587600708,0.6335163116455078,273.75372338294983
nc_papers100m_195trainer_0hop_balanced_local_bs64_800r,20260914_200157_ogbn-papers100M_FedAvg_bs64_seed42_beta10000p0,ogbn-papers100M,FedAvg,64,42,10000.0,430,validation,0.2709,3.1759,0.2709,3.1759,1290,0.10432195663452148,0.10432195663452148,0.5728216171264648,0.6771435737609863,274.4308669567108,0.5728216171264648,0.6771435737609863,274.4308669567108
nc_papers100m_195trainer_0hop_balanced_local_bs64_800r,20260914_200157_ogbn-papers100M_FedAvg_bs64_seed42_beta10000p0,ogbn-papers100M,FedAvg,64,42,10000.0,431,validation,0.271,3.1752,0.271,3.1752,1293,0.10829782485961914,0.10829782485961914,0.5345220565795898,0.642819881439209,275.07368683815,0.5345220565795898,0.642819881439209,275.07368683815
nc_papers100m_195trainer_0hop_balanced_local_bs64_800r,20260914_200157_ogbn-papers100M_FedAvg_bs64_seed42_beta10000p0,ogbn-papers100M,FedAvg,64,42,10000.0,432,validation,0.2713,3.1743,0.2713,3.1743,1296,0.10366296768188477,0.10366296768188477,0.5319938659667969,0.6356568336486816,275.7093436717987,0.5319938659667969,0.6356568336486816,275.7093436717987
nc_papers100m_195trainer_0hop_balanced_local_bs64_800r,20260914_200157_ogbn-papers100M_FedAvg_bs64_seed42_beta10000p0,ogbn-papers100M,FedAvg,64,42,10000.0,433,validation,0.2713,3.1724,0.2713,3.1724,1299,0.10393500328063965,0.10393500328063965,0.5275945663452148,0.6315295696258545,276.34087324142456,0.5275945663452148,0.6315295696258545,276.34087324142456
nc_papers100m_195trainer_0hop_balanced_local_bs64_800r,20260914_200157_ogbn-papers100M_FedAvg_bs64_seed42_beta10000p0,ogbn-papers100M,FedAvg,64,42,10000.0,434,validation,0.2716,3.1713,0.2716,3.1713,1302,0.1044008731842041,0.1044008731842041,0.5290195941925049,0.633420467376709,276.97429370880127,0.5290195941925049,0.633420467376709,276.97429370880127
nc_papers100m_195trainer_0hop_balanced_local_bs64_800r,20260914_200157_ogbn-papers100M_FedAvg_bs64_seed42_beta10000p0,ogbn-papers100M,FedAvg,64,42,10000.0,435,validation,0.2714,3.1702,0.2714,3.1702,1305,0.10500788688659668,0.10500788688659668,0.533135175704956,0.6381430625915527,277.6124367713928,0.533135175704956,0.6381430625915527,277.6124367713928
nc_papers100m_195trainer_0hop_balanced_local_bs64_800r,20260914_200157_ogbn-papers100M_FedAvg_bs64_seed42_beta10000p0,ogbn-papers100M,FedAvg,64,42,10000.0,436,validation,0.2716,3.1686,0.2716,3.1686,1308,0.10735297203063965,0.10735297203063965,0.5292184352874756,0.6365714073181152,278.24900817871094,0.5292184352874756,0.6365714073181152,278.24900817871094
nc_papers100m_195trainer_0hop_balanced_local_bs64_800r,20260914_200157_ogbn-papers100M_FedAvg_bs64_seed42_beta10000p0,ogbn-papers100M,FedAvg,64,42,10000.0,437,validation,0.2719,3.1672,0.2719,3.1672,1311,0.10383200645446777,0.10383200645446777,0.5309562683105469,0.6347882747650146,278.88379645347595,0.5309562683105469,0.6347882747650146,278.88379645347595
nc_papers100m_195trainer_0hop_balanced_local_bs64_800r,20260914_200157_ogbn-papers100M_FedAvg_bs64_seed42_beta10000p0,ogbn-papers100M,FedAvg,64,42,10000.0,438,validation,0.2719,3.1657,0.2719,3.1657,1314,0.10425424575805664,0.10425424575805664,0.5300419330596924,0.634296178817749,279.5180926322937,0.5300419330596924,0.634296178817749,279.5180926322937
nc_papers100m_195trainer_0hop_balanced_local_bs64_800r,20260914_200157_ogbn-papers100M_FedAvg_bs64_seed42_beta10000p0,ogbn-papers100M,FedAvg,64,42,10000.0,439,validation,0.2721,3.1645,0.2721,3.1645,1317,0.10567688941955566,0.10567688941955566,0.5325989723205566,0.6382758617401123,280.1563684940338,0.5325989723205566,0.6382758617401123,280.1563684940338
nc_papers100m_195trainer_0hop_balanced_local_bs64_800r,20260914_200157_ogbn-papers100M_FedAvg_bs64_seed42_beta10000p0,ogbn-papers100M,FedAvg,64,42,10000.0,440,validation,0.2725,3.1634,0.2725,3.1634,1320,0.10491585731506348,0.10491585731506348,0.5342161655426025,0.639132022857666,280.7955005168915,0.5342161655426025,0.639132022857666,280.7955005168915
nc_papers100m_195trainer_0hop_balanced_local_bs64_800r,20260914_200157_ogbn-papers100M_FedAvg_bs64_seed42_beta10000p0,ogbn-papers100M,FedAvg,64,42,10000.0,441,validation,0.2727,3.1621,0.2727,3.1621,1323,0.10814881324768066,0.10814881324768066,0.5395481586456299,0.6476969718933105,281.4431974887848,0.5395481586456299,0.6476969718933105,281.4431974887848
nc_papers100m_195trainer_0hop_balanced_local_bs64_800r,20260914_200157_ogbn-papers100M_FedAvg_bs64_seed42_beta10000p0,ogbn-papers100M,FedAvg,64,42,10000.0,442,validation,0.2725,3.1608,0.2725,3.1608,1326,0.10413694381713867,0.10413694381713867,0.5722379684448242,0.6763749122619629,282.11957240104675,0.5722379684448242,0.6763749122619629,282.11957240104675
nc_papers100m_195trainer_0hop_balanced_local_bs64_800r,20260914_200157_ogbn-papers100M_FedAvg_bs64_seed42_beta10000p0,ogbn-papers100M,FedAvg,64,42,10000.0,443,validation,0.2727,3.1601,0.2727,3.1601,1329,0.10222506523132324,0.10222506523132324,0.5276224613189697,0.629847526550293,282.74941992759705,0.5276224613189697,0.629847526550293,282.74941992759705
nc_papers100m_195trainer_0hop_balanced_local_bs64_800r,20260914_200157_ogbn-papers100M_FedAvg_bs64_seed42_beta10000p0,ogbn-papers100M,FedAvg,64,42,10000.0,444,validation,0.2728,3.1584,0.2728,3.1584,1332,0.10500931739807129,0.10500931739807129,0.5317764282226562,0.6367857456207275,283.3862056732178,0.5317764282226562,0.6367857456207275,283.3862056732178
nc_papers100m_195trainer_0hop_balanced_local_bs64_800r,20260914_200157_ogbn-papers100M_FedAvg_bs64_seed42_beta10000p0,ogbn-papers100M,FedAvg,64,42,10000.0,445,validation,0.273,3.1572,0.273,3.1572,1335,0.10747885704040527,0.10747885704040527,0.5324044227600098,0.639883279800415,284.0260889530182,0.5324044227600098,0.639883279800415,284.0260889530182
nc_papers100m_195trainer_0hop_balanced_local_bs64_800r,20260914_200157_ogbn-papers100M_FedAvg_bs64_seed42_beta10000p0,ogbn-papers100M,FedAvg,64,42,10000.0,446,validation,0.2735,3.1562,0.2735,3.1562,1338,0.10547876358032227,0.10547876358032227,0.5353958606719971,0.6408746242523193,284.6669635772705,0.5353958606719971,0.6408746242523193,284.6669635772705
nc_papers100m_195trainer_0hop_balanced_local_bs64_800r,20260914_200157_ogbn-papers100M_FedAvg_bs64_seed42_beta10000p0,ogbn-papers100M,FedAvg,64,42,10000.0,447,validation,0.2739,3.1547,0.2739,3.1547,1341,0.10541415214538574,0.10541415214538574,0.5192101001739502,0.6246242523193359,285.29158782958984,0.5192101001739502,0.6246242523193359,285.29158782958984
nc_papers100m_195trainer_0hop_balanced_local_bs64_800r,20260914_200157_ogbn-papers100M_FedAvg_bs64_seed42_beta10000p0,ogbn-papers100M,FedAvg,64,42,10000.0,448,validation,0.274,3.1538,0.274,3.1538,1344,0.1025855541229248,0.1025855541229248,0.5223171710968018,0.6249027252197266,285.91649055480957,0.5223171710968018,0.6249027252197266,285.91649055480957
nc_papers100m_195trainer_0hop_balanced_local_bs64_800r,20260914_200157_ogbn-papers100M_FedAvg_bs64_seed42_beta10000p0,ogbn-papers100M,FedAvg,64,42,10000.0,449,validation,0.274,3.1522,0.274,3.1522,1347,0.10479354858398438,0.10479354858398438,0.521233081817627,0.6260266304016113,286.5425171852112,0.521233081817627,0.6260266304016113,286.5425171852112
nc_papers100m_195trainer_0hop_balanced_local_bs64_800r,20260914_200157_ogbn-papers100M_FedAvg_bs64_seed42_beta10000p0,ogbn-papers100M,FedAvg,64,42,10000.0,450,validation,0.274,3.1508,0.274,3.1508,1350,0.10794472694396973,0.10794472694396973,0.530045747756958,0.6379904747009277,287.1805076599121,0.530045747756958,0.6379904747009277,287.1805076599121
nc_papers100m_195trainer_0hop_balanced_local_bs64_800r,20260914_200157_ogbn-papers100M_FedAvg_bs64_seed42_beta10000p0,ogbn-papers100M,FedAvg,64,42,10000.0,451,validation,0.2745,3.1498,0.2745,3.1498,1353,0.10364031791687012,0.10364031791687012,0.5376138687133789,0.641254186630249,287.82176184654236,0.5376138687133789,0.641254186630249,287.82176184654236
nc_papers100m_195trainer_0hop_balanced_local_bs64_800r,20260914_200157_ogbn-papers100M_FedAvg_bs64_seed42_beta10000p0,ogbn-papers100M,FedAvg,64,42,10000.0,452,validation,0.2745,3.1481,0.2745,3.1481,1356,0.10356616973876953,0.10356616973876953,0.5267255306243896,0.6302917003631592,288.4520535469055,0.5267255306243896,0.6302917003631592,288.4520535469055
nc_papers100m_195trainer_0hop_balanced_local_bs64_800r,20260914_200157_ogbn-papers100M_FedAvg_bs64_seed42_beta10000p0,ogbn-papers100M,FedAvg,64,42,10000.0,453,validation,0.275,3.1467,0.275,3.1467,1359,0.10477089881896973,0.10477089881896973,0.5283927917480469,0.6331636905670166,289.08521723747253,0.5283927917480469,0.6331636905670166,289.08521723747253
nc_papers100m_195trainer_0hop_balanced_local_bs64_800r,20260914_200157_ogbn-papers100M_FedAvg_bs64_seed42_beta10000p0,ogbn-papers100M,FedAvg,64,42,10000.0,454,validation,0.2751,3.1461,0.2751,3.1461,1362,0.1042015552520752,0.1042015552520752,0.5442905426025391,0.6484920978546143,289.73370933532715,0.5442905426025391,0.6484920978546143,289.73370933532715
nc_papers100m_195trainer_0hop_balanced_local_bs64_800r,20260914_200157_ogbn-papers100M_FedAvg_bs64_seed42_beta10000p0,ogbn-papers100M,FedAvg,64,42,10000.0,455,validation,0.275,3.1446,0.275,3.1446,1365,0.1038055419921875,0.1038055419921875,0.5213623046875,0.6251678466796875,290.35887718200684,0.5213623046875,0.6251678466796875,290.35887718200684
nc_papers100m_195trainer_0hop_balanced_local_bs64_800r,20260914_200157_ogbn-papers100M_FedAvg_bs64_seed42_beta10000p0,ogbn-papers100M,FedAvg,64,42,10000.0,456,validation,0.2751,3.1434,0.2751,3.1434,1368,0.10862541198730469,0.10862541198730469,0.5406763553619385,0.6493017673492432,291.0081789493561,0.5406763553619385,0.6493017673492432,291.0081789493561
nc_papers100m_195trainer_0hop_balanced_local_bs64_800r,20260914_200157_ogbn-papers100M_FedAvg_bs64_seed42_beta10000p0,ogbn-papers100M,FedAvg,64,42,10000.0,457,validation,0.2748,3.1425,0.2748,3.1425,1371,0.10741710662841797,0.10741710662841797,0.5341050624847412,0.6415221691131592,291.64970111846924,0.5341050624847412,0.6415221691131592,291.64970111846924
nc_papers100m_195trainer_0hop_balanced_local_bs64_800r,20260914_200157_ogbn-papers100M_FedAvg_bs64_seed42_beta10000p0,ogbn-papers100M,FedAvg,64,42,10000.0,458,validation,0.2754,3.141,0.2754,3.141,1374,0.10639452934265137,0.10639452934265137,0.5289971828460693,0.6353917121887207,292.28509283065796,0.5289971828460693,0.6353917121887207,292.28509283065796
nc_papers100m_195trainer_0hop_balanced_local_bs64_800r,20260914_200157_ogbn-papers100M_FedAvg_bs64_seed42_beta10000p0,ogbn-papers100M,FedAvg,64,42,10000.0,459,validation,0.2749,3.1401,0.2749,3.1401,1377,0.10329556465148926,0.10329556465148926,0.5271265506744385,0.6304221153259277,292.9155149459839,0.5271265506744385,0.6304221153259277,292.9155149459839
nc_papers100m_195trainer_0hop_balanced_local_bs64_800r,20260914_200157_ogbn-papers100M_FedAvg_bs64_seed42_beta10000p0,ogbn-papers100M,FedAvg,64,42,10000.0,460,validation,0.275,3.1389,0.275,3.1389,1380,0.1019594669342041,0.1019594669342041,0.5318214893341064,0.6337809562683105,293.5492959022522,0.5318214893341064,0.6337809562683105,293.5492959022522
nc_papers100m_195trainer_0hop_balanced_local_bs64_800r,20260914_200157_ogbn-papers100M_FedAvg_bs64_seed42_beta10000p0,ogbn-papers100M,FedAvg,64,42,10000.0,461,validation,0.2754,3.1377,0.2754,3.1377,1383,0.10749530792236328,0.10749530792236328,0.5264208316802979,0.6339161396026611,294.18321204185486,0.5264208316802979,0.6339161396026611,294.18321204185486
nc_papers100m_195trainer_0hop_balanced_local_bs64_800r,20260914_200157_ogbn-papers100M_FedAvg_bs64_seed42_beta10000p0,ogbn-papers100M,FedAvg,64,42,10000.0,462,validation,0.2756,3.1361,0.2756,3.1361,1386,0.10471844673156738,0.10471844673156738,0.5302896499633789,0.6350080966949463,294.8182201385498,0.5302896499633789,0.6350080966949463,294.8182201385498
nc_papers100m_195trainer_0hop_balanced_local_bs64_800r,20260914_200157_ogbn-papers100M_FedAvg_bs64_seed42_beta10000p0,ogbn-papers100M,FedAvg,64,42,10000.0,463,validation,0.2761,3.1354,0.2761,3.1354,1389,0.10464644432067871,0.10464644432067871,0.5319678783416748,0.6366143226623535,295.45483446121216,0.5319678783416748,0.6366143226623535,295.45483446121216
nc_papers100m_195trainer_0hop_balanced_local_bs64_800r,20260914_200157_ogbn-papers100M_FedAvg_bs64_seed42_beta10000p0,ogbn-papers100M,FedAvg,64,42,10000.0,464,validation,0.2763,3.134,0.2763,3.134,1392,0.10410690307617188,0.10410690307617188,0.5211913585662842,0.625298261642456,296.0801327228546,0.5211913585662842,0.625298261642456,296.0801327228546
nc_papers100m_195trainer_0hop_balanced_local_bs64_800r,20260914_200157_ogbn-papers100M_FedAvg_bs64_seed42_beta10000p0,ogbn-papers100M,FedAvg,64,42,10000.0,465,validation,0.2763,3.1328,0.2763,3.1328,1395,0.10385251045227051,0.10385251045227051,0.5280411243438721,0.6318936347961426,296.71202635765076,0.5280411243438721,0.6318936347961426,296.71202635765076
nc_papers100m_195trainer_0hop_balanced_local_bs64_800r,20260914_200157_ogbn-papers100M_FedAvg_bs64_seed42_beta10000p0,ogbn-papers100M,FedAvg,64,42,10000.0,466,validation,0.2762,3.1325,0.2762,3.1325,1398,0.10489869117736816,0.10489869117736816,0.5550956726074219,0.65999436378479,297.37202072143555,0.5550956726074219,0.65999436378479,297.37202072143555
nc_papers100m_195trainer_0hop_balanced_local_bs64_800r,20260914_200157_ogbn-papers100M_FedAvg_bs64_seed42_beta10000p0,ogbn-papers100M,FedAvg,64,42,10000.0,467,validation,0.2766,3.131,0.2766,3.131,1401,0.10618185997009277,0.10618185997009277,0.5487451553344727,0.6549270153045654,298.0269477367401,0.5487451553344727,0.6549270153045654,298.0269477367401
nc_papers100m_195trainer_0hop_balanced_local_bs64_800r,20260914_200157_ogbn-papers100M_FedAvg_bs64_seed42_beta10000p0,ogbn-papers100M,FedAvg,64,42,10000.0,468,validation,0.2767,3.1296,0.2767,3.1296,1404,0.10432863235473633,0.10432863235473633,0.5292980670928955,0.6336266994476318,298.66057443618774,0.5292980670928955,0.6336266994476318,298.66057443618774
nc_papers100m_195trainer_0hop_balanced_local_bs64_800r,20260914_200157_ogbn-papers100M_FedAvg_bs64_seed42_beta10000p0,ogbn-papers100M,FedAvg,64,42,10000.0,469,validation,0.277,3.1287,0.277,3.1287,1407,0.10905122756958008,0.10905122756958008,0.5352284908294678,0.6442797183990479,299.3048541545868,0.5352284908294678,0.6442797183990479,299.3048541545868
nc_papers100m_195trainer_0hop_balanced_local_bs64_800r,20260914_200157_ogbn-papers100M_FedAvg_bs64_seed42_beta10000p0,ogbn-papers100M,FedAvg,64,42,10000.0,470,validation,0.2772,3.1277,0.2772,3.1277,1410,0.1052553653717041,0.1052553653717041,0.5305979251861572,0.6358532905578613,299.94070744514465,0.5305979251861572,0.6358532905578613,299.94070744514465
nc_papers100m_195trainer_0hop_balanced_local_bs64_800r,20260914_200157_ogbn-papers100M_FedAvg_bs64_seed42_beta10000p0,ogbn-papers100M,FedAvg,64,42,10000.0,471,validation,0.2777,3.1268,0.2777,3.1268,1413,0.10410714149475098,0.10410714149475098,0.5399219989776611,0.6440291404724121,300.58473658561707,0.5399219989776611,0.6440291404724121,300.58473658561707
nc_papers100m_195trainer_0hop_balanced_local_bs64_800r,20260914_200157_ogbn-papers100M_FedAvg_bs64_seed42_beta10000p0,ogbn-papers100M,FedAvg,64,42,10000.0,472,validation,0.2776,3.1257,0.2776,3.1257,1416,0.10736870765686035,0.10736870765686035,0.528311014175415,0.6356797218322754,301.22041630744934,0.528311014175415,0.6356797218322754,301.22041630744934
nc_papers100m_195trainer_0hop_balanced_local_bs64_800r,20260914_200157_ogbn-papers100M_FedAvg_bs64_seed42_beta10000p0,ogbn-papers100M,FedAvg,64,42,10000.0,473,validation,0.2777,3.1246,0.2777,3.1246,1419,0.10289764404296875,0.10289764404296875,0.5437147617340088,0.6466124057769775,301.8670287132263,0.5437147617340088,0.6466124057769775,301.8670287132263
nc_papers100m_195trainer_0hop_balanced_local_bs64_800r,20260914_200157_ogbn-papers100M_FedAvg_bs64_seed42_beta10000p0,ogbn-papers100M,FedAvg,64,42,10000.0,474,validation,0.2774,3.1231,0.2774,3.1231,1422,0.10740470886230469,0.10740470886230469,0.5376091003417969,0.6450138092041016,302.5120425224304,0.5376091003417969,0.6450138092041016,302.5120425224304
nc_papers100m_195trainer_0hop_balanced_local_bs64_800r,20260914_200157_ogbn-papers100M_FedAvg_bs64_seed42_beta10000p0,ogbn-papers100M,FedAvg,64,42,10000.0,475,validation,0.2779,3.1216,0.2779,3.1216,1425,0.10591578483581543,0.10591578483581543,0.5319743156433105,0.637890100479126,303.14993262290955,0.5319743156433105,0.637890100479126,303.14993262290955
nc_papers100m_195trainer_0hop_balanced_local_bs64_800r,20260914_200157_ogbn-papers100M_FedAvg_bs64_seed42_beta10000p0,ogbn-papers100M,FedAvg,64,42,10000.0,476,validation,0.2783,3.1207,0.2783,3.1207,1428,0.10501432418823242,0.10501432418823242,0.53006911277771,0.6350834369659424,303.7850160598755,0.53006911277771,0.6350834369659424,303.7850160598755
nc_papers100m_195trainer_0hop_balanced_local_bs64_800r,20260914_200157_ogbn-papers100M_FedAvg_bs64_seed42_beta10000p0,ogbn-papers100M,FedAvg,64,42,10000.0,477,validation,0.2785,3.1194,0.2785,3.1194,1431,0.10578608512878418,0.10578608512878418,0.5294022560119629,0.6351883411407471,304.42020440101624,0.5294022560119629,0.6351883411407471,304.42020440101624
nc_papers100m_195trainer_0hop_balanced_local_bs64_800r,20260914_200157_ogbn-papers100M_FedAvg_bs64_seed42_beta10000p0,ogbn-papers100M,FedAvg,64,42,10000.0,478,validation,0.2786,3.1182,0.2786,3.1182,1434,0.10207247734069824,0.10207247734069824,0.553231954574585,0.6553044319152832,305.0755088329315,0.553231954574585,0.6553044319152832,305.0755088329315
nc_papers100m_195trainer_0hop_balanced_local_bs64_800r,20260914_200157_ogbn-papers100M_FedAvg_bs64_seed42_beta10000p0,ogbn-papers100M,FedAvg,64,42,10000.0,479,validation,0.2786,3.1172,0.2786,3.1172,1437,0.1052103042602539,0.1052103042602539,0.5398492813110352,0.6450595855712891,305.7205684185028,0.5398492813110352,0.6450595855712891,305.7205684185028
nc_papers100m_195trainer_0hop_balanced_local_bs64_800r,20260914_200157_ogbn-papers100M_FedAvg_bs64_seed42_beta10000p0,ogbn-papers100M,FedAvg,64,42,10000.0,480,validation,0.279,3.1154,0.279,3.1154,1440,0.1063237190246582,0.1063237190246582,0.5352447032928467,0.6415684223175049,306.3621368408203,0.5352447032928467,0.6415684223175049,306.3621368408203
nc_papers100m_195trainer_0hop_balanced_local_bs64_800r,20260914_200157_ogbn-papers100M_FedAvg_bs64_seed42_beta10000p0,ogbn-papers100M,FedAvg,64,42,10000.0,481,validation,0.2791,3.1142,0.2791,3.1142,1443,0.10482239723205566,0.10482239723205566,0.5275132656097412,0.6323356628417969,306.9944725036621,0.5275132656097412,0.6323356628417969,306.9944725036621
nc_papers100m_195trainer_0hop_balanced_local_bs64_800r,20260914_200157_ogbn-papers100M_FedAvg_bs64_seed42_beta10000p0,ogbn-papers100M,FedAvg,64,42,10000.0,482,validation,0.2792,3.1127,0.2792,3.1127,1446,0.10701727867126465,0.10701727867126465,0.5288145542144775,0.6358318328857422,307.63030433654785,0.5288145542144775,0.6358318328857422,307.63030433654785
nc_papers100m_195trainer_0hop_balanced_local_bs64_800r,20260914_200157_ogbn-papers100M_FedAvg_bs64_seed42_beta10000p0,ogbn-papers100M,FedAvg,64,42,10000.0,483,validation,0.2791,3.1118,0.2791,3.1118,1449,0.10378074645996094,0.10378074645996094,0.5367646217346191,0.6405453681945801,308.27084970474243,0.5367646217346191,0.6405453681945801,308.27084970474243
nc_papers100m_195trainer_0hop_balanced_local_bs64_800r,20260914_200157_ogbn-papers100M_FedAvg_bs64_seed42_beta10000p0,ogbn-papers100M,FedAvg,64,42,10000.0,484,validation,0.2792,3.1112,0.2792,3.1112,1452,0.1058206558227539,0.1058206558227539,0.5397660732269287,0.6455867290496826,308.9164364337921,0.5397660732269287,0.6455867290496826,308.9164364337921
nc_papers100m_195trainer_0hop_balanced_local_bs64_800r,20260914_200157_ogbn-papers100M_FedAvg_bs64_seed42_beta10000p0,ogbn-papers100M,FedAvg,64,42,10000.0,485,validation,0.2795,3.1098,0.2795,3.1098,1455,0.1051170825958252,0.1051170825958252,0.5378317832946777,0.6429488658905029,309.5593852996826,0.5378317832946777,0.6429488658905029,309.5593852996826
nc_papers100m_195trainer_0hop_balanced_local_bs64_800r,20260914_200157_ogbn-papers100M_FedAvg_bs64_seed42_beta10000p0,ogbn-papers100M,FedAvg,64,42,10000.0,486,validation,0.2795,3.1088,0.2795,3.1088,1458,0.10626029968261719,0.10626029968261719,0.5308516025543213,0.6371119022369385,310.19649720191956,0.5308516025543213,0.6371119022369385,310.19649720191956
nc_papers100m_195trainer_0hop_balanced_local_bs64_800r,20260914_200157_ogbn-papers100M_FedAvg_bs64_seed42_beta10000p0,ogbn-papers100M,FedAvg,64,42,10000.0,487,validation,0.2796,3.1076,0.2796,3.1076,1461,0.10327863693237305,0.10327863693237305,0.5325734615325928,0.6358520984649658,310.8323493003845,0.5325734615325928,0.6358520984649658,310.8323493003845
nc_papers100m_195trainer_0hop_balanced_local_bs64_800r,20260914_200157_ogbn-papers100M_FedAvg_bs64_seed42_beta10000p0,ogbn-papers100M,FedAvg,64,42,10000.0,488,validation,0.28,3.1069,0.28,3.1069,1464,0.1055750846862793,0.1055750846862793,0.5400042533874512,0.6455793380737305,311.47792863845825,0.5400042533874512,0.6455793380737305,311.47792863845825
nc_papers100m_195trainer_0hop_balanced_local_bs64_800r,20260914_200157_ogbn-papers100M_FedAvg_bs64_seed42_beta10000p0,ogbn-papers100M,FedAvg,64,42,10000.0,489,validation,0.2797,3.1059,0.2797,3.1059,1467,0.1051332950592041,0.1051332950592041,0.5394566059112549,0.644589900970459,312.1225185394287,0.5394566059112549,0.644589900970459,312.1225185394287
nc_papers100m_195trainer_0hop_balanced_local_bs64_800r,20260914_200157_ogbn-papers100M_FedAvg_bs64_seed42_beta10000p0,ogbn-papers100M,FedAvg,64,42,10000.0,490,validation,0.28,3.1049,0.28,3.1049,1470,0.10364532470703125,0.10364532470703125,0.5519545078277588,0.65559983253479,312.7781183719635,0.5519545078277588,0.65559983253479,312.7781183719635
nc_papers100m_195trainer_0hop_balanced_local_bs64_800r,20260914_200157_ogbn-papers100M_FedAvg_bs64_seed42_beta10000p0,ogbn-papers100M,FedAvg,64,42,10000.0,491,validation,0.2802,3.1037,0.2802,3.1037,1473,0.10711550712585449,0.10711550712585449,0.5421743392944336,0.6492898464202881,313.4274082183838,0.5421743392944336,0.6492898464202881,313.4274082183838
nc_papers100m_195trainer_0hop_balanced_local_bs64_800r,20260914_200157_ogbn-papers100M_FedAvg_bs64_seed42_beta10000p0,ogbn-papers100M,FedAvg,64,42,10000.0,492,validation,0.28,3.1025,0.28,3.1025,1476,0.1044156551361084,0.1044156551361084,0.5283246040344238,0.6327402591705322,314.0601484775543,0.5283246040344238,0.6327402591705322,314.0601484775543
nc_papers100m_195trainer_0hop_balanced_local_bs64_800r,20260914_200157_ogbn-papers100M_FedAvg_bs64_seed42_beta10000p0,ogbn-papers100M,FedAvg,64,42,10000.0,493,validation,0.2805,3.1017,0.2805,3.1017,1479,0.10512924194335938,0.10512924194335938,0.5312790870666504,0.6364083290100098,314.69655680656433,0.5312790870666504,0.6364083290100098,314.69655680656433
nc_papers100m_195trainer_0hop_balanced_local_bs64_800r,20260914_200157_ogbn-papers100M_FedAvg_bs64_seed42_beta10000p0,ogbn-papers100M,FedAvg,64,42,10000.0,494,validation,0.281,3.1009,0.281,3.1009,1482,0.10252499580383301,0.10252499580383301,0.5324511528015137,0.6349761486053467,315.3315329551697,0.5324511528015137,0.6349761486053467,315.3315329551697
nc_papers100m_195trainer_0hop_balanced_local_bs64_800r,20260914_200157_ogbn-papers100M_FedAvg_bs64_seed42_beta10000p0,ogbn-papers100M,FedAvg,64,42,10000.0,495,validation,0.2812,3.0989,0.2812,3.0989,1485,0.10690975189208984,0.10690975189208984,0.5376486778259277,0.6445584297180176,315.9760913848877,0.5376486778259277,0.6445584297180176,315.9760913848877
nc_papers100m_195trainer_0hop_balanced_local_bs64_800r,20260914_200157_ogbn-papers100M_FedAvg_bs64_seed42_beta10000p0,ogbn-papers100M,FedAvg,64,42,10000.0,496,validation,0.2813,3.0981,0.2813,3.0981,1488,0.10743403434753418,0.10743403434753418,0.530644416809082,0.6380784511566162,316.6141698360443,0.530644416809082,0.6380784511566162,316.6141698360443
nc_papers100m_195trainer_0hop_balanced_local_bs64_800r,20260914_200157_ogbn-papers100M_FedAvg_bs64_seed42_beta10000p0,ogbn-papers100M,FedAvg,64,42,10000.0,497,validation,0.2812,3.097,0.2812,3.097,1491,0.10683369636535645,0.10683369636535645,0.5243043899536133,0.6311380863189697,317.2453079223633,0.5243043899536133,0.6311380863189697,317.2453079223633
nc_papers100m_195trainer_0hop_balanced_local_bs64_800r,20260914_200157_ogbn-papers100M_FedAvg_bs64_seed42_beta10000p0,ogbn-papers100M,FedAvg,64,42,10000.0,498,validation,0.2812,3.096,0.2812,3.096,1494,0.10375809669494629,0.10375809669494629,0.5317187309265137,0.63547682762146,317.88078474998474,0.5317187309265137,0.63547682762146,317.88078474998474
nc_papers100m_195trainer_0hop_balanced_local_bs64_800r,20260914_200157_ogbn-papers100M_FedAvg_bs64_seed42_beta10000p0,ogbn-papers100M,FedAvg,64,42,10000.0,499,validation,0.2812,3.0946,0.2812,3.0946,1497,0.10607314109802246,0.10607314109802246,0.538517951965332,0.6445910930633545,318.5253758430481,0.538517951965332,0.6445910930633545,318.5253758430481
nc_papers100m_195trainer_0hop_balanced_local_bs64_800r,20260914_200157_ogbn-papers100M_FedAvg_bs64_seed42_beta10000p0,ogbn-papers100M,FedAvg,64,42,10000.0,500,validation,0.2816,3.0936,0.2816,3.0936,1500,0.10365939140319824,0.10365939140319824,0.5378119945526123,0.6414713859558105,319.1668472290039,0.5378119945526123,0.6414713859558105,319.1668472290039
nc_papers100m_195trainer_0hop_balanced_local_bs64_800r,20260914_200157_ogbn-papers100M_FedAvg_bs64_seed42_beta10000p0,ogbn-papers100M,FedAvg,64,42,10000.0,501,validation,0.2819,3.0931,0.2819,3.0931,1503,0.10818624496459961,0.10818624496459961,0.5389113426208496,0.6470975875854492,319.81394481658936,0.5389113426208496,0.6470975875854492,319.81394481658936
nc_papers100m_195trainer_0hop_balanced_local_bs64_800r,20260914_200157_ogbn-papers100M_FedAvg_bs64_seed42_beta10000p0,ogbn-papers100M,FedAvg,64,42,10000.0,502,validation,0.2821,3.0919,0.2821,3.0919,1506,0.1058192253112793,0.1058192253112793,0.545891284942627,0.6517105102539062,320.46565532684326,0.545891284942627,0.6517105102539062,320.46565532684326
nc_papers100m_195trainer_0hop_balanced_local_bs64_800r,20260914_200157_ogbn-papers100M_FedAvg_bs64_seed42_beta10000p0,ogbn-papers100M,FedAvg,64,42,10000.0,503,validation,0.2822,3.0908,0.2822,3.0908,1509,0.10328555107116699,0.10328555107116699,0.5348248481750488,0.6381103992462158,321.1037657260895,0.5348248481750488,0.6381103992462158,321.1037657260895
nc_papers100m_195trainer_0hop_balanced_local_bs64_800r,20260914_200157_ogbn-papers100M_FedAvg_bs64_seed42_beta10000p0,ogbn-papers100M,FedAvg,64,42,10000.0,504,validation,0.2823,3.0892,0.2823,3.0892,1512,0.10969281196594238,0.10969281196594238,0.5322809219360352,0.6419737339019775,321.74573945999146,0.5322809219360352,0.6419737339019775,321.74573945999146
nc_papers100m_195trainer_0hop_balanced_local_bs64_800r,20260914_200157_ogbn-papers100M_FedAvg_bs64_seed42_beta10000p0,ogbn-papers100M,FedAvg,64,42,10000.0,505,validation,0.2824,3.0888,0.2824,3.0888,1515,0.10550618171691895,0.10550618171691895,0.542609691619873,0.648115873336792,322.39385533332825,0.542609691619873,0.648115873336792,322.39385533332825
nc_papers100m_195trainer_0hop_balanced_local_bs64_800r,20260914_200157_ogbn-papers100M_FedAvg_bs64_seed42_beta10000p0,ogbn-papers100M,FedAvg,64,42,10000.0,506,validation,0.2827,3.088,0.2827,3.088,1518,0.10655879974365234,0.10655879974365234,0.5351836681365967,0.641742467880249,323.0355978012085,0.5351836681365967,0.641742467880249,323.0355978012085
nc_papers100m_195trainer_0hop_balanced_local_bs64_800r,20260914_200157_ogbn-papers100M_FedAvg_bs64_seed42_beta10000p0,ogbn-papers100M,FedAvg,64,42,10000.0,507,validation,0.2828,3.0866,0.2828,3.0866,1521,0.10532426834106445,0.10532426834106445,0.5351736545562744,0.6404979228973389,323.67609572410583,0.5351736545562744,0.6404979228973389,323.67609572410583
nc_papers100m_195trainer_0hop_balanced_local_bs64_800r,20260914_200157_ogbn-papers100M_FedAvg_bs64_seed42_beta10000p0,ogbn-papers100M,FedAvg,64,42,10000.0,508,validation,0.2831,3.086,0.2831,3.086,1524,0.10532665252685547,0.10532665252685547,0.5252299308776855,0.630556583404541,324.3066523075104,0.5252299308776855,0.630556583404541,324.3066523075104
nc_papers100m_195trainer_0hop_balanced_local_bs64_800r,20260914_200157_ogbn-papers100M_FedAvg_bs64_seed42_beta10000p0,ogbn-papers100M,FedAvg,64,42,10000.0,509,validation,0.2832,3.0848,0.2832,3.0848,1527,0.10650324821472168,0.10650324821472168,0.5349380970001221,0.6414413452148438,324.9480936527252,0.5349380970001221,0.6414413452148438,324.9480936527252
nc_papers100m_195trainer_0hop_balanced_local_bs64_800r,20260914_200157_ogbn-papers100M_FedAvg_bs64_seed42_beta10000p0,ogbn-papers100M,FedAvg,64,42,10000.0,510,validation,0.2832,3.0831,0.2832,3.0831,1530,0.10420846939086914,0.10420846939086914,0.5387756824493408,0.64298415184021,325.59107780456543,0.5387756824493408,0.64298415184021,325.59107780456543
nc_papers100m_195trainer_0hop_balanced_local_bs64_800r,20260914_200157_ogbn-papers100M_FedAvg_bs64_seed42_beta10000p0,ogbn-papers100M,FedAvg,64,42,10000.0,511,validation,0.2831,3.0828,0.2831,3.0828,1533,0.10495734214782715,0.10495734214782715,0.5332076549530029,0.6381649971008301,326.22924280166626,0.5332076549530029,0.6381649971008301,326.22924280166626
nc_papers100m_195trainer_0hop_balanced_local_bs64_800r,20260914_200157_ogbn-papers100M_FedAvg_bs64_seed42_beta10000p0,ogbn-papers100M,FedAvg,64,42,10000.0,512,validation,0.2832,3.082,0.2832,3.082,1536,0.10319328308105469,0.10319328308105469,0.5327126979827881,0.6359059810638428,326.8651487827301,0.5327126979827881,0.6359059810638428,326.8651487827301
nc_papers100m_195trainer_0hop_balanced_local_bs64_800r,20260914_200157_ogbn-papers100M_FedAvg_bs64_seed42_beta10000p0,ogbn-papers100M,FedAvg,64,42,10000.0,513,validation,0.2835,3.0804,0.2835,3.0804,1539,0.10433292388916016,0.10433292388916016,0.530534029006958,0.6348669528961182,327.5000157356262,0.530534029006958,0.6348669528961182,327.5000157356262
nc_papers100m_195trainer_0hop_balanced_local_bs64_800r,20260914_200157_ogbn-papers100M_FedAvg_bs64_seed42_beta10000p0,ogbn-papers100M,FedAvg,64,42,10000.0,514,validation,0.2837,3.0789,0.2837,3.0789,1542,0.10457444190979004,0.10457444190979004,0.5411622524261475,0.6457366943359375,328.14575242996216,0.5411622524261475,0.6457366943359375,328.14575242996216
nc_papers100m_195trainer_0hop_balanced_local_bs64_800r,20260914_200157_ogbn-papers100M_FedAvg_bs64_seed42_beta10000p0,ogbn-papers100M,FedAvg,64,42,10000.0,515,validation,0.2839,3.0781,0.2839,3.0781,1545,0.1107940673828125,0.1107940673828125,0.5296230316162109,0.6404170989990234,328.7861695289612,0.5296230316162109,0.6404170989990234,328.7861695289612
nc_papers100m_195trainer_0hop_balanced_local_bs64_800r,20260914_200157_ogbn-papers100M_FedAvg_bs64_seed42_beta10000p0,ogbn-papers100M,FedAvg,64,42,10000.0,516,validation,0.284,3.0768,0.284,3.0768,1548,0.1053919792175293,0.1053919792175293,0.5379700660705566,0.6433620452880859,329.42953157424927,0.5379700660705566,0.6433620452880859,329.42953157424927
nc_papers100m_195trainer_0hop_balanced_local_bs64_800r,20260914_200157_ogbn-papers100M_FedAvg_bs64_seed42_beta10000p0,ogbn-papers100M,FedAvg,64,42,10000.0,517,validation,0.2845,3.0759,0.2845,3.0759,1551,0.1089012622833252,0.1089012622833252,0.526726484298706,0.6356277465820312,330.0651593208313,0.526726484298706,0.6356277465820312,330.0651593208313
nc_papers100m_195trainer_0hop_balanced_local_bs64_800r,20260914_200157_ogbn-papers100M_FedAvg_bs64_seed42_beta10000p0,ogbn-papers100M,FedAvg,64,42,10000.0,518,validation,0.2843,3.075,0.2843,3.075,1554,0.10376691818237305,0.10376691818237305,0.52549147605896,0.629258394241333,330.69441771507263,0.52549147605896,0.629258394241333,330.69441771507263
nc_papers100m_195trainer_0hop_balanced_local_bs64_800r,20260914_200157_ogbn-papers100M_FedAvg_bs64_seed42_beta10000p0,ogbn-papers100M,FedAvg,64,42,10000.0,519,validation,0.2846,3.0742,0.2846,3.0742,1557,0.10656476020812988,0.10656476020812988,0.527827262878418,0.6343920230865479,331.3288097381592,0.527827262878418,0.6343920230865479,331.3288097381592
nc_papers100m_195trainer_0hop_balanced_local_bs64_800r,20260914_200157_ogbn-papers100M_FedAvg_bs64_seed42_beta10000p0,ogbn-papers100M,FedAvg,64,42,10000.0,520,validation,0.2844,3.0732,0.2844,3.0732,1560,0.10758233070373535,0.10758233070373535,0.5414471626281738,0.6490294933319092,331.9778392314911,0.5414471626281738,0.6490294933319092,331.9778392314911
nc_papers100m_195trainer_0hop_balanced_local_bs64_800r,20260914_200157_ogbn-papers100M_FedAvg_bs64_seed42_beta10000p0,ogbn-papers100M,FedAvg,64,42,10000.0,521,validation,0.2846,3.0723,0.2846,3.0723,1563,0.10453128814697266,0.10453128814697266,0.5449085235595703,0.649439811706543,332.62727904319763,0.5449085235595703,0.649439811706543,332.62727904319763
nc_papers100m_195trainer_0hop_balanced_local_bs64_800r,20260914_200157_ogbn-papers100M_FedAvg_bs64_seed42_beta10000p0,ogbn-papers100M,FedAvg,64,42,10000.0,522,validation,0.2849,3.0715,0.2849,3.0715,1566,0.11036300659179688,0.11036300659179688,0.5363430976867676,0.6467061042785645,333.2739851474762,0.5363430976867676,0.6467061042785645,333.2739851474762
nc_papers100m_195trainer_0hop_balanced_local_bs64_800r,20260914_200157_ogbn-papers100M_FedAvg_bs64_seed42_beta10000p0,ogbn-papers100M,FedAvg,64,42,10000.0,523,validation,0.2851,3.0712,0.2851,3.0712,1569,0.10676741600036621,0.10676741600036621,0.5280930995941162,0.6348605155944824,333.9088456630707,0.5280930995941162,0.6348605155944824,333.9088456630707
nc_papers100m_195trainer_0hop_balanced_local_bs64_800r,20260914_200157_ogbn-papers100M_FedAvg_bs64_seed42_beta10000p0,ogbn-papers100M,FedAvg,64,42,10000.0,524,validation,0.2852,3.0701,0.2852,3.0701,1572,0.10569119453430176,0.10569119453430176,0.540057897567749,0.6457490921020508,334.55459475517273,0.540057897567749,0.6457490921020508,334.55459475517273
nc_papers100m_195trainer_0hop_balanced_local_bs64_800r,20260914_200157_ogbn-papers100M_FedAvg_bs64_seed42_beta10000p0,ogbn-papers100M,FedAvg,64,42,10000.0,525,validation,0.2852,3.0684,0.2852,3.0684,1575,0.10485076904296875,0.10485076904296875,0.5295991897583008,0.6344499588012695,335.189044713974,0.5295991897583008,0.6344499588012695,335.189044713974
nc_papers100m_195trainer_0hop_balanced_local_bs64_800r,20260914_200157_ogbn-papers100M_FedAvg_bs64_seed42_beta10000p0,ogbn-papers100M,FedAvg,64,42,10000.0,526,validation,0.2852,3.0672,0.2852,3.0672,1578,0.10545897483825684,0.10545897483825684,0.5646741390228271,0.670133113861084,335.8591778278351,0.5646741390228271,0.670133113861084,335.8591778278351
nc_papers100m_195trainer_0hop_balanced_local_bs64_800r,20260914_200157_ogbn-papers100M_FedAvg_bs64_seed42_beta10000p0,ogbn-papers100M,FedAvg,64,42,10000.0,527,validation,0.2857,3.0657,0.2857,3.0657,1581,0.10548567771911621,0.10548567771911621,0.5454089641571045,0.6508946418762207,336.5100724697113,0.5454089641571045,0.6508946418762207,336.5100724697113
nc_papers100m_195trainer_0hop_balanced_local_bs64_800r,20260914_200157_ogbn-papers100M_FedAvg_bs64_seed42_beta10000p0,ogbn-papers100M,FedAvg,64,42,10000.0,528,validation,0.2861,3.0647,0.2861,3.0647,1584,0.10821723937988281,0.10821723937988281,0.5325264930725098,0.6407437324523926,337.1508162021637,0.5325264930725098,0.6407437324523926,337.1508162021637
nc_papers100m_195trainer_0hop_balanced_local_bs64_800r,20260914_200157_ogbn-papers100M_FedAvg_bs64_seed42_beta10000p0,ogbn-papers100M,FedAvg,64,42,10000.0,529,validation,0.286,3.0637,0.286,3.0637,1587,0.10613155364990234,0.10613155364990234,0.5325040817260742,0.6386356353759766,337.7894518375397,0.5325040817260742,0.6386356353759766,337.7894518375397
nc_papers100m_195trainer_0hop_balanced_local_bs64_800r,20260914_200157_ogbn-papers100M_FedAvg_bs64_seed42_beta10000p0,ogbn-papers100M,FedAvg,64,42,10000.0,530,validation,0.2858,3.0628,0.2858,3.0628,1590,0.10578131675720215,0.10578131675720215,0.5297744274139404,0.6355557441711426,338.4250075817108,0.5297744274139404,0.6355557441711426,338.4250075817108
nc_papers100m_195trainer_0hop_balanced_local_bs64_800r,20260914_200157_ogbn-papers100M_FedAvg_bs64_seed42_beta10000p0,ogbn-papers100M,FedAvg,64,42,10000.0,531,validation,0.2858,3.0623,0.2858,3.0623,1593,0.1083672046661377,0.1083672046661377,0.528160810470581,0.6365280151367188,339.06153559684753,0.528160810470581,0.6365280151367188,339.06153559684753
nc_papers100m_195trainer_0hop_balanced_local_bs64_800r,20260914_200157_ogbn-papers100M_FedAvg_bs64_seed42_beta10000p0,ogbn-papers100M,FedAvg,64,42,10000.0,532,validation,0.2858,3.062,0.2858,3.062,1596,0.10589861869812012,0.10589861869812012,0.5437254905700684,0.6496241092681885,339.7111597061157,0.5437254905700684,0.6496241092681885,339.7111597061157
nc_papers100m_195trainer_0hop_balanced_local_bs64_800r,20260914_200157_ogbn-papers100M_FedAvg_bs64_seed42_beta10000p0,ogbn-papers100M,FedAvg,64,42,10000.0,533,validation,0.2859,3.0612,0.2859,3.0612,1599,0.10813522338867188,0.10813522338867188,0.5400307178497314,0.6481659412384033,340.3593256473541,0.5400307178497314,0.6481659412384033,340.3593256473541
nc_papers100m_195trainer_0hop_balanced_local_bs64_800r,20260914_200157_ogbn-papers100M_FedAvg_bs64_seed42_beta10000p0,ogbn-papers100M,FedAvg,64,42,10000.0,534,validation,0.2861,3.0607,0.2861,3.0607,1602,0.10691189765930176,0.10691189765930176,0.5351526737213135,0.6420645713806152,341.00139021873474,0.5351526737213135,0.6420645713806152,341.00139021873474
nc_papers100m_195trainer_0hop_balanced_local_bs64_800r,20260914_200157_ogbn-papers100M_FedAvg_bs64_seed42_beta10000p0,ogbn-papers100M,FedAvg,64,42,10000.0,535,validation,0.2865,3.0597,0.2865,3.0597,1605,0.10718822479248047,0.10718822479248047,0.5215628147125244,0.6287510395050049,341.63014125823975,0.5215628147125244,0.6287510395050049,341.63014125823975
nc_papers100m_195trainer_0hop_balanced_local_bs64_800r,20260914_200157_ogbn-papers100M_FedAvg_bs64_seed42_beta10000p0,ogbn-papers100M,FedAvg,64,42,10000.0,536,validation,0.2867,3.0583,0.2867,3.0583,1608,0.10374689102172852,0.10374689102172852,0.5341091156005859,0.6378560066223145,342.26799726486206,0.5341091156005859,0.6378560066223145,342.26799726486206
nc_papers100m_195trainer_0hop_balanced_local_bs64_800r,20260914_200157_ogbn-papers100M_FedAvg_bs64_seed42_beta10000p0,ogbn-papers100M,FedAvg,64,42,10000.0,537,validation,0.2868,3.0576,0.2868,3.0576,1611,0.10319662094116211,0.10319662094116211,0.5425634384155273,0.6457600593566895,342.91375732421875,0.5425634384155273,0.6457600593566895,342.91375732421875
nc_papers100m_195trainer_0hop_balanced_local_bs64_800r,20260914_200157_ogbn-papers100M_FedAvg_bs64_seed42_beta10000p0,ogbn-papers100M,FedAvg,64,42,10000.0,538,validation,0.2871,3.0556,0.2871,3.0556,1614,0.10360908508300781,0.10360908508300781,0.5474817752838135,0.6510908603668213,343.56484818458557,0.5474817752838135,0.6510908603668213,343.56484818458557
nc_papers100m_195trainer_0hop_balanced_local_bs64_800r,20260914_200157_ogbn-papers100M_FedAvg_bs64_seed42_beta10000p0,ogbn-papers100M,FedAvg,64,42,10000.0,539,validation,0.2869,3.055,0.2869,3.055,1617,0.10683560371398926,0.10683560371398926,0.5367779731750488,0.6436135768890381,344.2084617614746,0.5367779731750488,0.6436135768890381,344.2084617614746
nc_papers100m_195trainer_0hop_balanced_local_bs64_800r,20260914_200157_ogbn-papers100M_FedAvg_bs64_seed42_beta10000p0,ogbn-papers100M,FedAvg,64,42,10000.0,540,validation,0.2873,3.0538,0.2873,3.0538,1620,0.10736346244812012,0.10736346244812012,0.5322282314300537,0.6395916938781738,344.8480534553528,0.5322282314300537,0.6395916938781738,344.8480534553528
nc_papers100m_195trainer_0hop_balanced_local_bs64_800r,20260914_200157_ogbn-papers100M_FedAvg_bs64_seed42_beta10000p0,ogbn-papers100M,FedAvg,64,42,10000.0,541,validation,0.2872,3.0529,0.2872,3.0529,1623,0.10341548919677734,0.10341548919677734,0.5327341556549072,0.6361496448516846,345.48420310020447,0.5327341556549072,0.6361496448516846,345.48420310020447
nc_papers100m_195trainer_0hop_balanced_local_bs64_800r,20260914_200157_ogbn-papers100M_FedAvg_bs64_seed42_beta10000p0,ogbn-papers100M,FedAvg,64,42,10000.0,542,validation,0.2875,3.0518,0.2875,3.0518,1626,0.10702013969421387,0.10702013969421387,0.5353152751922607,0.6423354148864746,346.12653851509094,0.5353152751922607,0.6423354148864746,346.12653851509094
nc_papers100m_195trainer_0hop_balanced_local_bs64_800r,20260914_200157_ogbn-papers100M_FedAvg_bs64_seed42_beta10000p0,ogbn-papers100M,FedAvg,64,42,10000.0,543,validation,0.2876,3.0513,0.2876,3.0513,1629,0.1033027172088623,0.1033027172088623,0.5520346164703369,0.6553373336791992,346.78187584877014,0.5520346164703369,0.6553373336791992,346.78187584877014
nc_papers100m_195trainer_0hop_balanced_local_bs64_800r,20260914_200157_ogbn-papers100M_FedAvg_bs64_seed42_beta10000p0,ogbn-papers100M,FedAvg,64,42,10000.0,544,validation,0.288,3.0505,0.288,3.0505,1632,0.10471796989440918,0.10471796989440918,0.541682243347168,0.6464002132415771,347.4282760620117,0.541682243347168,0.6464002132415771,347.4282760620117
nc_papers100m_195trainer_0hop_balanced_local_bs64_800r,20260914_200157_ogbn-papers100M_FedAvg_bs64_seed42_beta10000p0,ogbn-papers100M,FedAvg,64,42,10000.0,545,validation,0.2881,3.0493,0.2881,3.0493,1635,0.10450243949890137,0.10450243949890137,0.7167313098907471,0.8212337493896484,348.24950981140137,0.7167313098907471,0.8212337493896484,348.24950981140137
nc_papers100m_195trainer_0hop_balanced_local_bs64_800r,20260914_200157_ogbn-papers100M_FedAvg_bs64_seed42_beta10000p0,ogbn-papers100M,FedAvg,64,42,10000.0,546,validation,0.2883,3.0484,0.2883,3.0484,1638,0.1045069694519043,0.1045069694519043,0.5338327884674072,0.6383397579193115,348.8878495693207,0.5338327884674072,0.6383397579193115,348.8878495693207
nc_papers100m_195trainer_0hop_balanced_local_bs64_800r,20260914_200157_ogbn-papers100M_FedAvg_bs64_seed42_beta10000p0,ogbn-papers100M,FedAvg,64,42,10000.0,547,validation,0.2883,3.0475,0.2883,3.0475,1641,0.10316896438598633,0.10316896438598633,0.5333306789398193,0.6364996433258057,349.5243492126465,0.5333306789398193,0.6364996433258057,349.5243492126465
nc_papers100m_195trainer_0hop_balanced_local_bs64_800r,20260914_200157_ogbn-papers100M_FedAvg_bs64_seed42_beta10000p0,ogbn-papers100M,FedAvg,64,42,10000.0,548,validation,0.2887,3.0463,0.2887,3.0463,1644,0.10522270202636719,0.10522270202636719,0.5352272987365723,0.6404500007629395,350.1647992134094,0.5352272987365723,0.6404500007629395,350.1647992134094
nc_papers100m_195trainer_0hop_balanced_local_bs64_800r,20260914_200157_ogbn-papers100M_FedAvg_bs64_seed42_beta10000p0,ogbn-papers100M,FedAvg,64,42,10000.0,549,validation,0.2887,3.0455,0.2887,3.0455,1647,0.10480833053588867,0.10480833053588867,0.5452027320861816,0.6500110626220703,350.8148102760315,0.5452027320861816,0.6500110626220703,350.8148102760315
nc_papers100m_195trainer_0hop_balanced_local_bs64_800r,20260914_200157_ogbn-papers100M_FedAvg_bs64_seed42_beta10000p0,ogbn-papers100M,FedAvg,64,42,10000.0,550,validation,0.2885,3.0443,0.2885,3.0443,1650,0.10367989540100098,0.10367989540100098,0.5594079494476318,0.6630878448486328,351.4778981208801,0.5594079494476318,0.6630878448486328,351.4778981208801
nc_papers100m_195trainer_0hop_balanced_local_bs64_800r,20260914_200157_ogbn-papers100M_FedAvg_bs64_seed42_beta10000p0,ogbn-papers100M,FedAvg,64,42,10000.0,551,validation,0.2887,3.0434,0.2887,3.0434,1653,0.10424113273620605,0.10424113273620605,0.5262398719787598,0.6304810047149658,352.1083791255951,0.5262398719787598,0.6304810047149658,352.1083791255951
nc_papers100m_195trainer_0hop_balanced_local_bs64_800r,20260914_200157_ogbn-papers100M_FedAvg_bs64_seed42_beta10000p0,ogbn-papers100M,FedAvg,64,42,10000.0,552,validation,0.289,3.0422,0.289,3.0422,1656,0.10390329360961914,0.10390329360961914,0.5265636444091797,0.6304669380187988,352.7388460636139,0.5265636444091797,0.6304669380187988,352.7388460636139
nc_papers100m_195trainer_0hop_balanced_local_bs64_800r,20260914_200157_ogbn-papers100M_FedAvg_bs64_seed42_beta10000p0,ogbn-papers100M,FedAvg,64,42,10000.0,553,validation,0.289,3.0417,0.289,3.0417,1659,0.10315370559692383,0.10315370559692383,0.5241744518280029,0.6273281574249268,353.3661742210388,0.5241744518280029,0.6273281574249268,353.3661742210388
nc_papers100m_195trainer_0hop_balanced_local_bs64_800r,20260914_200157_ogbn-papers100M_FedAvg_bs64_seed42_beta10000p0,ogbn-papers100M,FedAvg,64,42,10000.0,554,validation,0.2892,3.0404,0.2892,3.0404,1662,0.1073458194732666,0.1073458194732666,0.5277740955352783,0.6351199150085449,354.00129413604736,0.5277740955352783,0.6351199150085449,354.00129413604736
nc_papers100m_195trainer_0hop_balanced_local_bs64_800r,20260914_200157_ogbn-papers100M_FedAvg_bs64_seed42_beta10000p0,ogbn-papers100M,FedAvg,64,42,10000.0,555,validation,0.2893,3.0398,0.2893,3.0398,1665,0.10456061363220215,0.10456061363220215,0.5386860370635986,0.6432466506958008,354.64454078674316,0.5386860370635986,0.6432466506958008,354.64454078674316
nc_papers100m_195trainer_0hop_balanced_local_bs64_800r,20260914_200157_ogbn-papers100M_FedAvg_bs64_seed42_beta10000p0,ogbn-papers100M,FedAvg,64,42,10000.0,556,validation,0.2894,3.0393,0.2894,3.0393,1668,0.10456514358520508,0.10456514358520508,0.537865161895752,0.642430305480957,355.2869710922241,0.537865161895752,0.642430305480957,355.2869710922241
nc_papers100m_195trainer_0hop_balanced_local_bs64_800r,20260914_200157_ogbn-papers100M_FedAvg_bs64_seed42_beta10000p0,ogbn-papers100M,FedAvg,64,42,10000.0,557,validation,0.2897,3.0375,0.2897,3.0375,1671,0.10565638542175293,0.10565638542175293,0.5407321453094482,0.6463885307312012,355.9333596229553,0.5407321453094482,0.6463885307312012,355.9333596229553
nc_papers100m_195trainer_0hop_balanced_local_bs64_800r,20260914_200157_ogbn-papers100M_FedAvg_bs64_seed42_beta10000p0,ogbn-papers100M,FedAvg,64,42,10000.0,558,validation,0.2897,3.0368,0.2897,3.0368,1674,0.10487580299377441,0.10487580299377441,0.5347878932952881,0.6396636962890625,356.5730233192444,0.5347878932952881,0.6396636962890625,356.5730233192444
nc_papers100m_195trainer_0hop_balanced_local_bs64_800r,20260914_200157_ogbn-papers100M_FedAvg_bs64_seed42_beta10000p0,ogbn-papers100M,FedAvg,64,42,10000.0,559,validation,0.2901,3.0362,0.2901,3.0362,1677,0.10589814186096191,0.10589814186096191,0.5294530391693115,0.6353511810302734,357.20837450027466,0.5294530391693115,0.6353511810302734,357.20837450027466
nc_papers100m_195trainer_0hop_balanced_local_bs64_800r,20260914_200157_ogbn-papers100M_FedAvg_bs64_seed42_beta10000p0,ogbn-papers100M,FedAvg,64,42,10000.0,560,validation,0.2899,3.0351,0.2899,3.0351,1680,0.1057426929473877,0.1057426929473877,0.5433342456817627,0.6490769386291504,357.8574514389038,0.5433342456817627,0.6490769386291504,357.8574514389038
nc_papers100m_195trainer_0hop_balanced_local_bs64_800r,20260914_200157_ogbn-papers100M_FedAvg_bs64_seed42_beta10000p0,ogbn-papers100M,FedAvg,64,42,10000.0,561,validation,0.29,3.0345,0.29,3.0345,1683,0.10431790351867676,0.10431790351867676,0.5334136486053467,0.6377315521240234,358.49518299102783,0.5334136486053467,0.6377315521240234,358.49518299102783
nc_papers100m_195trainer_0hop_balanced_local_bs64_800r,20260914_200157_ogbn-papers100M_FedAvg_bs64_seed42_beta10000p0,ogbn-papers100M,FedAvg,64,42,10000.0,562,validation,0.29,3.0333,0.29,3.0333,1686,0.1039121150970459,0.1039121150970459,0.568340539932251,0.6722526550292969,359.16743564605713,0.568340539932251,0.6722526550292969,359.16743564605713
nc_papers100m_195trainer_0hop_balanced_local_bs64_800r,20260914_200157_ogbn-papers100M_FedAvg_bs64_seed42_beta10000p0,ogbn-papers100M,FedAvg,64,42,10000.0,563,validation,0.2905,3.032,0.2905,3.032,1689,0.10367774963378906,0.10367774963378906,0.5327427387237549,0.636420488357544,359.8038561344147,0.5327427387237549,0.636420488357544,359.8038561344147
nc_papers100m_195trainer_0hop_balanced_local_bs64_800r,20260914_200157_ogbn-papers100M_FedAvg_bs64_seed42_beta10000p0,ogbn-papers100M,FedAvg,64,42,10000.0,564,validation,0.2906,3.031,0.2906,3.031,1692,0.10568356513977051,0.10568356513977051,0.5355212688446045,0.641204833984375,360.44506096839905,0.5355212688446045,0.641204833984375,360.44506096839905
nc_papers100m_195trainer_0hop_balanced_local_bs64_800r,20260914_200157_ogbn-papers100M_FedAvg_bs64_seed42_beta10000p0,ogbn-papers100M,FedAvg,64,42,10000.0,565,validation,0.2909,3.03,0.2909,3.03,1695,0.10839200019836426,0.10839200019836426,0.5309457778930664,0.6393377780914307,361.0843987464905,0.5309457778930664,0.6393377780914307,361.0843987464905
nc_papers100m_195trainer_0hop_balanced_local_bs64_800r,20260914_200157_ogbn-papers100M_FedAvg_bs64_seed42_beta10000p0,ogbn-papers100M,FedAvg,64,42,10000.0,566,validation,0.291,3.0285,0.291,3.0285,1698,0.10707426071166992,0.10707426071166992,0.5341944694519043,0.6412687301635742,361.72566747665405,0.5341944694519043,0.6412687301635742,361.72566747665405
nc_papers100m_195trainer_0hop_balanced_local_bs64_800r,20260914_200157_ogbn-papers100M_FedAvg_bs64_seed42_beta10000p0,ogbn-papers100M,FedAvg,64,42,10000.0,567,validation,0.2916,3.0271,0.2916,3.0271,1701,0.1049952507019043,0.1049952507019043,0.5270500183105469,0.6320452690124512,362.3577127456665,0.5270500183105469,0.6320452690124512,362.3577127456665
nc_papers100m_195trainer_0hop_balanced_local_bs64_800r,20260914_200157_ogbn-papers100M_FedAvg_bs64_seed42_beta10000p0,ogbn-papers100M,FedAvg,64,42,10000.0,568,validation,0.2914,3.0267,0.2914,3.0267,1704,0.10576558113098145,0.10576558113098145,0.5242421627044678,0.6300077438354492,362.98772048950195,0.5242421627044678,0.6300077438354492,362.98772048950195
nc_papers100m_195trainer_0hop_balanced_local_bs64_800r,20260914_200157_ogbn-papers100M_FedAvg_bs64_seed42_beta10000p0,ogbn-papers100M,FedAvg,64,42,10000.0,569,validation,0.2916,3.026,0.2916,3.026,1707,0.10404300689697266,0.10404300689697266,0.5323686599731445,0.6364116668701172,363.62413215637207,0.5323686599731445,0.6364116668701172,363.62413215637207
nc_papers100m_195trainer_0hop_balanced_local_bs64_800r,20260914_200157_ogbn-papers100M_FedAvg_bs64_seed42_beta10000p0,ogbn-papers100M,FedAvg,64,42,10000.0,570,validation,0.292,3.0253,0.292,3.0253,1710,0.10592293739318848,0.10592293739318848,0.532397985458374,0.6383209228515625,364.26245307922363,0.532397985458374,0.6383209228515625,364.26245307922363
nc_papers100m_195trainer_0hop_balanced_local_bs64_800r,20260914_200157_ogbn-papers100M_FedAvg_bs64_seed42_beta10000p0,ogbn-papers100M,FedAvg,64,42,10000.0,571,validation,0.2918,3.0242,0.2918,3.0242,1713,0.10572624206542969,0.10572624206542969,0.5346689224243164,0.6403951644897461,364.9028482437134,0.5346689224243164,0.6403951644897461,364.9028482437134
nc_papers100m_195trainer_0hop_balanced_local_bs64_800r,20260914_200157_ogbn-papers100M_FedAvg_bs64_seed42_beta10000p0,ogbn-papers100M,FedAvg,64,42,10000.0,572,validation,0.2921,3.0233,0.2921,3.0233,1716,0.10559606552124023,0.10559606552124023,0.5327906608581543,0.6383867263793945,365.5412349700928,0.5327906608581543,0.6383867263793945,365.5412349700928
nc_papers100m_195trainer_0hop_balanced_local_bs64_800r,20260914_200157_ogbn-papers100M_FedAvg_bs64_seed42_beta10000p0,ogbn-papers100M,FedAvg,64,42,10000.0,573,validation,0.2922,3.0225,0.2922,3.0225,1719,0.10634541511535645,0.10634541511535645,0.5254900455474854,0.6318354606628418,366.1730704307556,0.5254900455474854,0.6318354606628418,366.1730704307556
nc_papers100m_195trainer_0hop_balanced_local_bs64_800r,20260914_200157_ogbn-papers100M_FedAvg_bs64_seed42_beta10000p0,ogbn-papers100M,FedAvg,64,42,10000.0,574,validation,0.2922,3.0217,0.2922,3.0217,1722,0.1040945053100586,0.1040945053100586,0.5373907089233398,0.6414852142333984,366.814555644989,0.5373907089233398,0.6414852142333984,366.814555644989
nc_papers100m_195trainer_0hop_balanced_local_bs64_800r,20260914_200157_ogbn-papers100M_FedAvg_bs64_seed42_beta10000p0,ogbn-papers100M,FedAvg,64,42,10000.0,575,validation,0.2924,3.0211,0.2924,3.0211,1725,0.10550069808959961,0.10550069808959961,0.5267102718353271,0.6322109699249268,367.44676661491394,0.5267102718353271,0.6322109699249268,367.44676661491394
nc_papers100m_195trainer_0hop_balanced_local_bs64_800r,20260914_200157_ogbn-papers100M_FedAvg_bs64_seed42_beta10000p0,ogbn-papers100M,FedAvg,64,42,10000.0,576,validation,0.2925,3.0205,0.2925,3.0205,1728,0.10924267768859863,0.10924267768859863,0.530832052230835,0.6400747299194336,368.0868413448334,0.530832052230835,0.6400747299194336,368.0868413448334
nc_papers100m_195trainer_0hop_balanced_local_bs64_800r,20260914_200157_ogbn-papers100M_FedAvg_bs64_seed42_beta10000p0,ogbn-papers100M,FedAvg,64,42,10000.0,577,validation,0.2926,3.0189,0.2926,3.0189,1731,0.10479140281677246,0.10479140281677246,0.5266525745391846,0.631443977355957,368.71828532218933,0.5266525745391846,0.631443977355957,368.71828532218933
nc_papers100m_195trainer_0hop_balanced_local_bs64_800r,20260914_200157_ogbn-papers100M_FedAvg_bs64_seed42_beta10000p0,ogbn-papers100M,FedAvg,64,42,10000.0,578,validation,0.2926,3.0183,0.2926,3.0183,1734,0.1067819595336914,0.1067819595336914,0.5290989875793457,0.6358809471130371,369.35416626930237,0.5290989875793457,0.6358809471130371,369.35416626930237
nc_papers100m_195trainer_0hop_balanced_local_bs64_800r,20260914_200157_ogbn-papers100M_FedAvg_bs64_seed42_beta10000p0,ogbn-papers100M,FedAvg,64,42,10000.0,579,validation,0.2929,3.0173,0.2929,3.0173,1737,0.1039896011352539,0.1039896011352539,0.5311863422393799,0.6351759433746338,369.989342212677,0.5311863422393799,0.6351759433746338,369.989342212677
nc_papers100m_195trainer_0hop_balanced_local_bs64_800r,20260914_200157_ogbn-papers100M_FedAvg_bs64_seed42_beta10000p0,ogbn-papers100M,FedAvg,64,42,10000.0,580,validation,0.2927,3.0165,0.2927,3.0165,1740,0.10215473175048828,0.10215473175048828,0.5227441787719727,0.6248989105224609,370.61424112319946,0.5227441787719727,0.6248989105224609,370.61424112319946
nc_papers100m_195trainer_0hop_balanced_local_bs64_800r,20260914_200157_ogbn-papers100M_FedAvg_bs64_seed42_beta10000p0,ogbn-papers100M,FedAvg,64,42,10000.0,581,validation,0.293,3.0159,0.293,3.0159,1743,0.10435724258422852,0.10435724258422852,0.5276217460632324,0.6319789886474609,371.2462201118469,0.5276217460632324,0.6319789886474609,371.2462201118469
nc_papers100m_195trainer_0hop_balanced_local_bs64_800r,20260914_200157_ogbn-papers100M_FedAvg_bs64_seed42_beta10000p0,ogbn-papers100M,FedAvg,64,42,10000.0,582,validation,0.293,3.0152,0.293,3.0152,1746,0.10487198829650879,0.10487198829650879,0.5437517166137695,0.6486237049102783,371.8948438167572,0.5437517166137695,0.6486237049102783,371.8948438167572
nc_papers100m_195trainer_0hop_balanced_local_bs64_800r,20260914_200157_ogbn-papers100M_FedAvg_bs64_seed42_beta10000p0,ogbn-papers100M,FedAvg,64,42,10000.0,583,validation,0.293,3.0136,0.293,3.0136,1749,0.10375094413757324,0.10375094413757324,0.5282914638519287,0.632042407989502,372.5268862247467,0.5282914638519287,0.632042407989502,372.5268862247467
nc_papers100m_195trainer_0hop_balanced_local_bs64_800r,20260914_200157_ogbn-papers100M_FedAvg_bs64_seed42_beta10000p0,ogbn-papers100M,FedAvg,64,42,10000.0,584,validation,0.2933,3.013,0.2933,3.013,1752,0.10417842864990234,0.10417842864990234,0.5291099548339844,0.6332883834838867,373.1601746082306,0.5291099548339844,0.6332883834838867,373.1601746082306
nc_papers100m_195trainer_0hop_balanced_local_bs64_800r,20260914_200157_ogbn-papers100M_FedAvg_bs64_seed42_beta10000p0,ogbn-papers100M,FedAvg,64,42,10000.0,585,validation,0.2935,3.0122,0.2935,3.0122,1755,0.10378193855285645,0.10378193855285645,0.5291900634765625,0.632972002029419,373.79314661026,0.5291900634765625,0.632972002029419,373.79314661026
nc_papers100m_195trainer_0hop_balanced_local_bs64_800r,20260914_200157_ogbn-papers100M_FedAvg_bs64_seed42_beta10000p0,ogbn-papers100M,FedAvg,64,42,10000.0,586,validation,0.2936,3.0116,0.2936,3.0116,1758,0.10688376426696777,0.10688376426696777,0.5347435474395752,0.641627311706543,374.43477392196655,0.5347435474395752,0.641627311706543,374.43477392196655
nc_papers100m_195trainer_0hop_balanced_local_bs64_800r,20260914_200157_ogbn-papers100M_FedAvg_bs64_seed42_beta10000p0,ogbn-papers100M,FedAvg,64,42,10000.0,587,validation,0.2937,3.0108,0.2937,3.0108,1761,0.10507822036743164,0.10507822036743164,0.535576581954956,0.6406548023223877,375.07542872428894,0.535576581954956,0.6406548023223877,375.07542872428894
nc_papers100m_195trainer_0hop_balanced_local_bs64_800r,20260914_200157_ogbn-papers100M_FedAvg_bs64_seed42_beta10000p0,ogbn-papers100M,FedAvg,64,42,10000.0,588,validation,0.2944,3.01,0.2944,3.01,1764,0.10808181762695312,0.10808181762695312,0.525536298751831,0.6336181163787842,375.7090468406677,0.525536298751831,0.6336181163787842,375.7090468406677
nc_papers100m_195trainer_0hop_balanced_local_bs64_800r,20260914_200157_ogbn-papers100M_FedAvg_bs64_seed42_beta10000p0,ogbn-papers100M,FedAvg,64,42,10000.0,589,validation,0.2943,3.0092,0.2943,3.0092,1767,0.10752701759338379,0.10752701759338379,0.5271189212799072,0.634645938873291,376.343692779541,0.5271189212799072,0.634645938873291,376.343692779541
nc_papers100m_195trainer_0hop_balanced_local_bs64_800r,20260914_200157_ogbn-papers100M_FedAvg_bs64_seed42_beta10000p0,ogbn-papers100M,FedAvg,64,42,10000.0,590,validation,0.2944,3.0083,0.2944,3.0083,1770,0.10442042350769043,0.10442042350769043,0.5216209888458252,0.6260414123535156,376.96973419189453,0.5216209888458252,0.6260414123535156,376.96973419189453
nc_papers100m_195trainer_0hop_balanced_local_bs64_800r,20260914_200157_ogbn-papers100M_FedAvg_bs64_seed42_beta10000p0,ogbn-papers100M,FedAvg,64,42,10000.0,591,validation,0.2946,3.0072,0.2946,3.0072,1773,0.10421371459960938,0.10421371459960938,0.5243051052093506,0.62851881980896,377.5982530117035,0.5243051052093506,0.62851881980896,377.5982530117035
nc_papers100m_195trainer_0hop_balanced_local_bs64_800r,20260914_200157_ogbn-papers100M_FedAvg_bs64_seed42_beta10000p0,ogbn-papers100M,FedAvg,64,42,10000.0,592,validation,0.2948,3.0059,0.2948,3.0059,1776,0.1042330265045166,0.1042330265045166,0.5385241508483887,0.6427571773529053,378.2410101890564,0.5385241508483887,0.6427571773529053,378.2410101890564
nc_papers100m_195trainer_0hop_balanced_local_bs64_800r,20260914_200157_ogbn-papers100M_FedAvg_bs64_seed42_beta10000p0,ogbn-papers100M,FedAvg,64,42,10000.0,593,validation,0.2948,3.0056,0.2948,3.0056,1779,0.10717320442199707,0.10717320442199707,0.5259051322937012,0.6330783367156982,378.8740885257721,0.5259051322937012,0.6330783367156982,378.8740885257721
nc_papers100m_195trainer_0hop_balanced_local_bs64_800r,20260914_200157_ogbn-papers100M_FedAvg_bs64_seed42_beta10000p0,ogbn-papers100M,FedAvg,64,42,10000.0,594,validation,0.295,3.0043,0.295,3.0043,1782,0.11036086082458496,0.11036086082458496,0.5239408016204834,0.6343016624450684,379.50839018821716,0.5239408016204834,0.6343016624450684,379.50839018821716
nc_papers100m_195trainer_0hop_balanced_local_bs64_800r,20260914_200157_ogbn-papers100M_FedAvg_bs64_seed42_beta10000p0,ogbn-papers100M,FedAvg,64,42,10000.0,595,validation,0.2947,3.0033,0.2947,3.0033,1785,0.10257434844970703,0.10257434844970703,0.5198829174041748,0.6224572658538818,380.13084745407104,0.5198829174041748,0.6224572658538818,380.13084745407104
nc_papers100m_195trainer_0hop_balanced_local_bs64_800r,20260914_200157_ogbn-papers100M_FedAvg_bs64_seed42_beta10000p0,ogbn-papers100M,FedAvg,64,42,10000.0,596,validation,0.2956,3.0028,0.2956,3.0028,1788,0.10395145416259766,0.10395145416259766,0.5348105430603027,0.6387619972229004,380.76960945129395,0.5348105430603027,0.6387619972229004,380.76960945129395
nc_papers100m_195trainer_0hop_balanced_local_bs64_800r,20260914_200157_ogbn-papers100M_FedAvg_bs64_seed42_beta10000p0,ogbn-papers100M,FedAvg,64,42,10000.0,597,validation,0.2958,3.0021,0.2958,3.0021,1791,0.10332870483398438,0.10332870483398438,0.5396687984466553,0.6429975032806396,381.4126069545746,0.5396687984466553,0.6429975032806396,381.4126069545746
nc_papers100m_195trainer_0hop_balanced_local_bs64_800r,20260914_200157_ogbn-papers100M_FedAvg_bs64_seed42_beta10000p0,ogbn-papers100M,FedAvg,64,42,10000.0,598,validation,0.2959,3.0007,0.2959,3.0007,1794,0.10529565811157227,0.10529565811157227,0.5354270935058594,0.6407227516174316,382.053329706192,0.5354270935058594,0.6407227516174316,382.053329706192
nc_papers100m_195trainer_0hop_balanced_local_bs64_800r,20260914_200157_ogbn-papers100M_FedAvg_bs64_seed42_beta10000p0,ogbn-papers100M,FedAvg,64,42,10000.0,599,validation,0.296,2.9999,0.296,2.9999,1797,0.11041998863220215,0.11041998863220215,0.5359435081481934,0.6463634967803955,382.6996932029724,0.5359435081481934,0.6463634967803955,382.6996932029724
nc_papers100m_195trainer_0hop_balanced_local_bs64_800r,20260914_200157_ogbn-papers100M_FedAvg_bs64_seed42_beta10000p0,ogbn-papers100M,FedAvg,64,42,10000.0,600,validation,0.2961,2.9989,0.2961,2.9989,1800,0.10870051383972168,0.10870051383972168,0.5171339511871338,0.6258344650268555,383.32552766799927,0.5171339511871338,0.6258344650268555,383.32552766799927
nc_papers100m_195trainer_0hop_balanced_local_bs64_800r,20260914_200157_ogbn-papers100M_FedAvg_bs64_seed42_beta10000p0,ogbn-papers100M,FedAvg,64,42,10000.0,601,validation,0.2959,2.9984,0.2959,2.9984,1803,0.10494875907897949,0.10494875907897949,0.5206372737884521,0.6255860328674316,383.9511137008667,0.5206372737884521,0.6255860328674316,383.9511137008667
nc_papers100m_195trainer_0hop_balanced_local_bs64_800r,20260914_200157_ogbn-papers100M_FedAvg_bs64_seed42_beta10000p0,ogbn-papers100M,FedAvg,64,42,10000.0,602,validation,0.2965,2.9971,0.2965,2.9971,1806,0.10758376121520996,0.10758376121520996,0.5265066623687744,0.6340904235839844,384.5852041244507,0.5265066623687744,0.6340904235839844,384.5852041244507
nc_papers100m_195trainer_0hop_balanced_local_bs64_800r,20260914_200157_ogbn-papers100M_FedAvg_bs64_seed42_beta10000p0,ogbn-papers100M,FedAvg,64,42,10000.0,603,validation,0.2965,2.9967,0.2965,2.9967,1809,0.10291075706481934,0.10291075706481934,0.5407514572143555,0.6436622142791748,385.22886633872986,0.5407514572143555,0.6436622142791748,385.22886633872986
nc_papers100m_195trainer_0hop_balanced_local_bs64_800r,20260914_200157_ogbn-papers100M_FedAvg_bs64_seed42_beta10000p0,ogbn-papers100M,FedAvg,64,42,10000.0,604,validation,0.2966,2.9955,0.2966,2.9955,1812,0.10736656188964844,0.10736656188964844,0.5318419933319092,0.6392085552215576,385.8680748939514,0.5318419933319092,0.6392085552215576,385.8680748939514
nc_papers100m_195trainer_0hop_balanced_local_bs64_800r,20260914_200157_ogbn-papers100M_FedAvg_bs64_seed42_beta10000p0,ogbn-papers100M,FedAvg,64,42,10000.0,605,validation,0.2964,2.9949,0.2964,2.9949,1815,0.10805869102478027,0.10805869102478027,0.5231876373291016,0.6312463283538818,386.4993212223053,0.5231876373291016,0.6312463283538818,386.4993212223053
nc_papers100m_195trainer_0hop_balanced_local_bs64_800r,20260914_200157_ogbn-papers100M_FedAvg_bs64_seed42_beta10000p0,ogbn-papers100M,FedAvg,64,42,10000.0,606,validation,0.2965,2.9946,0.2965,2.9946,1818,0.10453033447265625,0.10453033447265625,0.5145525932312012,0.6190829277038574,387.11840415000916,0.5145525932312012,0.6190829277038574,387.11840415000916
nc_papers100m_195trainer_0hop_balanced_local_bs64_800r,20260914_200157_ogbn-papers100M_FedAvg_bs64_seed42_beta10000p0,ogbn-papers100M,FedAvg,64,42,10000.0,607,validation,0.2969,2.993,0.2969,2.993,1821,0.10718464851379395,0.10718464851379395,0.5258288383483887,0.6330134868621826,387.75141763687134,0.5258288383483887,0.6330134868621826,387.75141763687134
nc_papers100m_195trainer_0hop_balanced_local_bs64_800r,20260914_200157_ogbn-papers100M_FedAvg_bs64_seed42_beta10000p0,ogbn-papers100M,FedAvg,64,42,10000.0,608,validation,0.2967,2.9921,0.2967,2.9921,1824,0.10574102401733398,0.10574102401733398,0.5360291004180908,0.6417701244354248,388.39318776130676,0.5360291004180908,0.6417701244354248,388.39318776130676
nc_papers100m_195trainer_0hop_balanced_local_bs64_800r,20260914_200157_ogbn-papers100M_FedAvg_bs64_seed42_beta10000p0,ogbn-papers100M,FedAvg,64,42,10000.0,609,validation,0.2968,2.9907,0.2968,2.9907,1827,0.10435128211975098,0.10435128211975098,0.5263361930847168,0.6306874752044678,389.02387523651123,0.5263361930847168,0.6306874752044678,389.02387523651123
nc_papers100m_195trainer_0hop_balanced_local_bs64_800r,20260914_200157_ogbn-papers100M_FedAvg_bs64_seed42_beta10000p0,ogbn-papers100M,FedAvg,64,42,10000.0,610,validation,0.297,2.9901,0.297,2.9901,1830,0.10442280769348145,0.10442280769348145,0.5221962928771973,0.6266191005706787,389.6504943370819,0.5221962928771973,0.6266191005706787,389.6504943370819
nc_papers100m_195trainer_0hop_balanced_local_bs64_800r,20260914_200157_ogbn-papers100M_FedAvg_bs64_seed42_beta10000p0,ogbn-papers100M,FedAvg,64,42,10000.0,611,validation,0.2972,2.9898,0.2972,2.9898,1833,0.10233187675476074,0.10233187675476074,0.5304293632507324,0.6327612400054932,390.2832555770874,0.5304293632507324,0.6327612400054932,390.2832555770874
nc_papers100m_195trainer_0hop_balanced_local_bs64_800r,20260914_200157_ogbn-papers100M_FedAvg_bs64_seed42_beta10000p0,ogbn-papers100M,FedAvg,64,42,10000.0,612,validation,0.2971,2.9891,0.2971,2.9891,1836,0.10517287254333496,0.10517287254333496,0.5271005630493164,0.6322734355926514,390.91552901268005,0.5271005630493164,0.6322734355926514,390.91552901268005
nc_papers100m_195trainer_0hop_balanced_local_bs64_800r,20260914_200157_ogbn-papers100M_FedAvg_bs64_seed42_beta10000p0,ogbn-papers100M,FedAvg,64,42,10000.0,613,validation,0.2975,2.988,0.2975,2.988,1839,0.10419631004333496,0.10419631004333496,0.5345227718353271,0.6387190818786621,391.5542480945587,0.5345227718353271,0.6387190818786621,391.5542480945587
nc_papers100m_195trainer_0hop_balanced_local_bs64_800r,20260914_200157_ogbn-papers100M_FedAvg_bs64_seed42_beta10000p0,ogbn-papers100M,FedAvg,64,42,10000.0,614,validation,0.2975,2.9875,0.2975,2.9875,1842,0.10534477233886719,0.10534477233886719,0.5261869430541992,0.6315317153930664,392.1857798099518,0.5261869430541992,0.6315317153930664,392.1857798099518
nc_papers100m_195trainer_0hop_balanced_local_bs64_800r,20260914_200157_ogbn-papers100M_FedAvg_bs64_seed42_beta10000p0,ogbn-papers100M,FedAvg,64,42,10000.0,615,validation,0.2976,2.9868,0.2976,2.9868,1845,0.10409951210021973,0.10409951210021973,0.5281202793121338,0.6322197914123535,392.81799960136414,0.5281202793121338,0.6322197914123535,392.81799960136414
nc_papers100m_195trainer_0hop_balanced_local_bs64_800r,20260914_200157_ogbn-papers100M_FedAvg_bs64_seed42_beta10000p0,ogbn-papers100M,FedAvg,64,42,10000.0,616,validation,0.2978,2.9863,0.2978,2.9863,1848,0.10599112510681152,0.10599112510681152,0.5249290466308594,0.6309201717376709,393.4489197731018,0.5249290466308594,0.6309201717376709,393.4489197731018
nc_papers100m_195trainer_0hop_balanced_local_bs64_800r,20260914_200157_ogbn-papers100M_FedAvg_bs64_seed42_beta10000p0,ogbn-papers100M,FedAvg,64,42,10000.0,617,validation,0.298,2.9854,0.298,2.9854,1851,0.10375714302062988,0.10375714302062988,0.5272278785705566,0.6309850215911865,394.079904794693,0.5272278785705566,0.6309850215911865,394.079904794693
nc_papers100m_195trainer_0hop_balanced_local_bs64_800r,20260914_200157_ogbn-papers100M_FedAvg_bs64_seed42_beta10000p0,ogbn-papers100M,FedAvg,64,42,10000.0,618,validation,0.2981,2.9847,0.2981,2.9847,1854,0.1054542064666748,0.1054542064666748,0.5378880500793457,0.6433422565460205,394.723247051239,0.5378880500793457,0.6433422565460205,394.723247051239
nc_papers100m_195trainer_0hop_balanced_local_bs64_800r,20260914_200157_ogbn-papers100M_FedAvg_bs64_seed42_beta10000p0,ogbn-papers100M,FedAvg,64,42,10000.0,619,validation,0.2985,2.9833,0.2985,2.9833,1857,0.10644912719726562,0.10644912719726562,0.5282719135284424,0.634721040725708,395.3579680919647,0.5282719135284424,0.634721040725708,395.3579680919647
nc_papers100m_195trainer_0hop_balanced_local_bs64_800r,20260914_200157_ogbn-papers100M_FedAvg_bs64_seed42_beta10000p0,ogbn-papers100M,FedAvg,64,42,10000.0,620,validation,0.2985,2.9823,0.2985,2.9823,1860,0.10600066184997559,0.10600066184997559,0.5327239036560059,0.6387245655059814,395.9966926574707,0.5327239036560059,0.6387245655059814,395.9966926574707
nc_papers100m_195trainer_0hop_balanced_local_bs64_800r,20260914_200157_ogbn-papers100M_FedAvg_bs64_seed42_beta10000p0,ogbn-papers100M,FedAvg,64,42,10000.0,621,validation,0.2989,2.9815,0.2989,2.9815,1863,0.10522603988647461,0.10522603988647461,0.5267679691314697,0.6319940090179443,396.62868666648865,0.5267679691314697,0.6319940090179443,396.62868666648865
nc_papers100m_195trainer_0hop_balanced_local_bs64_800r,20260914_200157_ogbn-papers100M_FedAvg_bs64_seed42_beta10000p0,ogbn-papers100M,FedAvg,64,42,10000.0,622,validation,0.2988,2.9817,0.2988,2.9817,1866,0.1045231819152832,0.1045231819152832,0.5252656936645508,0.629788875579834,397.2584755420685,0.5252656936645508,0.629788875579834,397.2584755420685
nc_papers100m_195trainer_0hop_balanced_local_bs64_800r,20260914_200157_ogbn-papers100M_FedAvg_bs64_seed42_beta10000p0,ogbn-papers100M,FedAvg,64,42,10000.0,623,validation,0.2988,2.9809,0.2988,2.9809,1869,0.10782074928283691,0.10782074928283691,0.5349321365356445,0.6427528858184814,397.90122842788696,0.5349321365356445,0.6427528858184814,397.90122842788696
nc_papers100m_195trainer_0hop_balanced_local_bs64_800r,20260914_200157_ogbn-papers100M_FedAvg_bs64_seed42_beta10000p0,ogbn-papers100M,FedAvg,64,42,10000.0,624,validation,0.2992,2.9794,0.2992,2.9794,1872,0.10359764099121094,0.10359764099121094,0.5392940044403076,0.6428916454315186,398.5441200733185,0.5392940044403076,0.6428916454315186,398.5441200733185
nc_papers100m_195trainer_0hop_balanced_local_bs64_800r,20260914_200157_ogbn-papers100M_FedAvg_bs64_seed42_beta10000p0,ogbn-papers100M,FedAvg,64,42,10000.0,625,validation,0.2992,2.9788,0.2992,2.9788,1875,0.10432553291320801,0.10432553291320801,0.528400182723999,0.632725715637207,399.1768457889557,0.528400182723999,0.632725715637207,399.1768457889557
nc_papers100m_195trainer_0hop_balanced_local_bs64_800r,20260914_200157_ogbn-papers100M_FedAvg_bs64_seed42_beta10000p0,ogbn-papers100M,FedAvg,64,42,10000.0,626,validation,0.2991,2.9784,0.2991,2.9784,1878,0.10429763793945312,0.10429763793945312,0.513568639755249,0.6178662776947021,399.7947120666504,0.513568639755249,0.6178662776947021,399.7947120666504
nc_papers100m_195trainer_0hop_balanced_local_bs64_800r,20260914_200157_ogbn-papers100M_FedAvg_bs64_seed42_beta10000p0,ogbn-papers100M,FedAvg,64,42,10000.0,627,validation,0.2995,2.9773,0.2995,2.9773,1881,0.1065669059753418,0.1065669059753418,0.521043062210083,0.6276099681854248,400.4223220348358,0.521043062210083,0.6276099681854248,400.4223220348358
nc_papers100m_195trainer_0hop_balanced_local_bs64_800r,20260914_200157_ogbn-papers100M_FedAvg_bs64_seed42_beta10000p0,ogbn-papers100M,FedAvg,64,42,10000.0,628,validation,0.2993,2.9768,0.2993,2.9768,1884,0.10668349266052246,0.10668349266052246,0.5235655307769775,0.6302490234375,401.0525710582733,0.5235655307769775,0.6302490234375,401.0525710582733
nc_papers100m_195trainer_0hop_balanced_local_bs64_800r,20260914_200157_ogbn-papers100M_FedAvg_bs64_seed42_beta10000p0,ogbn-papers100M,FedAvg,64,42,10000.0,629,validation,0.2991,2.9759,0.2991,2.9759,1887,0.10509514808654785,0.10509514808654785,0.5329329967498779,0.6380281448364258,401.69059920310974,0.5329329967498779,0.6380281448364258,401.69059920310974
nc_papers100m_195trainer_0hop_balanced_local_bs64_800r,20260914_200157_ogbn-papers100M_FedAvg_bs64_seed42_beta10000p0,ogbn-papers100M,FedAvg,64,42,10000.0,630,validation,0.2997,2.9753,0.2997,2.9753,1890,0.10455870628356934,0.10455870628356934,0.5347182750701904,0.6392769813537598,402.3298761844635,0.5347182750701904,0.6392769813537598,402.3298761844635
nc_papers100m_195trainer_0hop_balanced_local_bs64_800r,20260914_200157_ogbn-papers100M_FedAvg_bs64_seed42_beta10000p0,ogbn-papers100M,FedAvg,64,42,10000.0,631,validation,0.2998,2.9743,0.2998,2.9743,1893,0.10399174690246582,0.10399174690246582,0.532576322555542,0.6365680694580078,402.9664442539215,0.532576322555542,0.6365680694580078,402.9664442539215
nc_papers100m_195trainer_0hop_balanced_local_bs64_800r,20260914_200157_ogbn-papers100M_FedAvg_bs64_seed42_beta10000p0,ogbn-papers100M,FedAvg,64,42,10000.0,632,validation,0.2997,2.9738,0.2997,2.9738,1896,0.10613012313842773,0.10613012313842773,0.5250072479248047,0.6311373710632324,403.59758162498474,0.5250072479248047,0.6311373710632324,403.59758162498474
nc_papers100m_195trainer_0hop_balanced_local_bs64_800r,20260914_200157_ogbn-papers100M_FedAvg_bs64_seed42_beta10000p0,ogbn-papers100M,FedAvg,64,42,10000.0,633,validation,0.3,2.9731,0.3,2.9731,1899,0.10424518585205078,0.10424518585205078,0.5302865505218506,0.6345317363739014,404.23211336135864,0.5302865505218506,0.6345317363739014,404.23211336135864
nc_papers100m_195trainer_0hop_balanced_local_bs64_800r,20260914_200157_ogbn-papers100M_FedAvg_bs64_seed42_beta10000p0,ogbn-papers100M,FedAvg,64,42,10000.0,634,validation,0.2999,2.9725,0.2999,2.9725,1902,0.10228443145751953,0.10228443145751953,0.5291616916656494,0.631446123123169,404.8635594844818,0.5291616916656494,0.631446123123169,404.8635594844818
nc_papers100m_195trainer_0hop_balanced_local_bs64_800r,20260914_200157_ogbn-papers100M_FedAvg_bs64_seed42_beta10000p0,ogbn-papers100M,FedAvg,64,42,10000.0,635,validation,0.3004,2.9712,0.3004,2.9712,1905,0.10474872589111328,0.10474872589111328,0.5712618827819824,0.6760106086730957,405.5395700931549,0.5712618827819824,0.6760106086730957,405.5395700931549
nc_papers100m_195trainer_0hop_balanced_local_bs64_800r,20260914_200157_ogbn-papers100M_FedAvg_bs64_seed42_beta10000p0,ogbn-papers100M,FedAvg,64,42,10000.0,636,validation,0.3002,2.9701,0.3002,2.9701,1908,0.10370182991027832,0.10370182991027832,0.5203607082366943,0.6240625381469727,406.1636326313019,0.5203607082366943,0.6240625381469727,406.1636326313019
nc_papers100m_195trainer_0hop_balanced_local_bs64_800r,20260914_200157_ogbn-papers100M_FedAvg_bs64_seed42_beta10000p0,ogbn-papers100M,FedAvg,64,42,10000.0,637,validation,0.3003,2.9695,0.3003,2.9695,1911,0.10496950149536133,0.10496950149536133,0.5253000259399414,0.6302695274353027,406.7939021587372,0.5253000259399414,0.6302695274353027,406.7939021587372
nc_papers100m_195trainer_0hop_balanced_local_bs64_800r,20260914_200157_ogbn-papers100M_FedAvg_bs64_seed42_beta10000p0,ogbn-papers100M,FedAvg,64,42,10000.0,638,validation,0.301,2.9688,0.301,2.9688,1914,0.1049189567565918,0.1049189567565918,0.5254154205322266,0.6303343772888184,407.424236536026,0.5254154205322266,0.6303343772888184,407.424236536026
nc_papers100m_195trainer_0hop_balanced_local_bs64_800r,20260914_200157_ogbn-papers100M_FedAvg_bs64_seed42_beta10000p0,ogbn-papers100M,FedAvg,64,42,10000.0,639,validation,0.301,2.968,0.301,2.968,1917,0.1043252944946289,0.1043252944946289,0.532395601272583,0.6367208957672119,408.0609574317932,0.532395601272583,0.6367208957672119,408.0609574317932
nc_papers100m_195trainer_0hop_balanced_local_bs64_800r,20260914_200157_ogbn-papers100M_FedAvg_bs64_seed42_beta10000p0,ogbn-papers100M,FedAvg,64,42,10000.0,640,validation,0.301,2.9671,0.301,2.9671,1920,0.1024775505065918,0.1024775505065918,0.5276479721069336,0.6301255226135254,408.69108295440674,0.5276479721069336,0.6301255226135254,408.69108295440674
nc_papers100m_195trainer_0hop_balanced_local_bs64_800r,20260914_200157_ogbn-papers100M_FedAvg_bs64_seed42_beta10000p0,ogbn-papers100M,FedAvg,64,42,10000.0,641,validation,0.3011,2.9663,0.3011,2.9663,1923,0.10198450088500977,0.10198450088500977,0.5317590236663818,0.6337435245513916,409.32482647895813,0.5317590236663818,0.6337435245513916,409.32482647895813
nc_papers100m_195trainer_0hop_balanced_local_bs64_800r,20260914_200157_ogbn-papers100M_FedAvg_bs64_seed42_beta10000p0,ogbn-papers100M,FedAvg,64,42,10000.0,642,validation,0.3014,2.9658,0.3014,2.9658,1926,0.10467004776000977,0.10467004776000977,0.5242006778717041,0.6288707256317139,409.95369720458984,0.5242006778717041,0.6288707256317139,409.95369720458984
nc_papers100m_195trainer_0hop_balanced_local_bs64_800r,20260914_200157_ogbn-papers100M_FedAvg_bs64_seed42_beta10000p0,ogbn-papers100M,FedAvg,64,42,10000.0,643,validation,0.3014,2.9648,0.3014,2.9648,1929,0.10460710525512695,0.10460710525512695,0.5277321338653564,0.6323392391204834,410.5860364437103,0.5277321338653564,0.6323392391204834,410.5860364437103
nc_papers100m_195trainer_0hop_balanced_local_bs64_800r,20260914_200157_ogbn-papers100M_FedAvg_bs64_seed42_beta10000p0,ogbn-papers100M,FedAvg,64,42,10000.0,644,validation,0.3016,2.9636,0.3016,2.9636,1932,0.10751700401306152,0.10751700401306152,0.5220327377319336,0.6295497417449951,411.2155861854553,0.5220327377319336,0.6295497417449951,411.2155861854553
nc_papers100m_195trainer_0hop_balanced_local_bs64_800r,20260914_200157_ogbn-papers100M_FedAvg_bs64_seed42_beta10000p0,ogbn-papers100M,FedAvg,64,42,10000.0,645,validation,0.3017,2.9627,0.3017,2.9627,1935,0.10401058197021484,0.10401058197021484,0.5313150882720947,0.6353256702423096,411.85091185569763,0.5313150882720947,0.6353256702423096,411.85091185569763
nc_papers100m_195trainer_0hop_balanced_local_bs64_800r,20260914_200157_ogbn-papers100M_FedAvg_bs64_seed42_beta10000p0,ogbn-papers100M,FedAvg,64,42,10000.0,646,validation,0.3019,2.962,0.3019,2.962,1938,0.10309457778930664,0.10309457778930664,0.5309133529663086,0.6340079307556152,412.48491978645325,0.5309133529663086,0.6340079307556152,412.48491978645325
nc_papers100m_195trainer_0hop_balanced_local_bs64_800r,20260914_200157_ogbn-papers100M_FedAvg_bs64_seed42_beta10000p0,ogbn-papers100M,FedAvg,64,42,10000.0,647,validation,0.3021,2.9616,0.3021,2.9616,1941,0.10370397567749023,0.10370397567749023,0.5835380554199219,0.6872420310974121,413.17216181755066,0.5835380554199219,0.6872420310974121,413.17216181755066
nc_papers100m_195trainer_0hop_balanced_local_bs64_800r,20260914_200157_ogbn-papers100M_FedAvg_bs64_seed42_beta10000p0,ogbn-papers100M,FedAvg,64,42,10000.0,648,validation,0.3023,2.9609,0.3023,2.9609,1944,0.1050117015838623,0.1050117015838623,0.5252635478973389,0.6302752494812012,413.80243706703186,0.5252635478973389,0.6302752494812012,413.80243706703186
nc_papers100m_195trainer_0hop_balanced_local_bs64_800r,20260914_200157_ogbn-papers100M_FedAvg_bs64_seed42_beta10000p0,ogbn-papers100M,FedAvg,64,42,10000.0,649,validation,0.3021,2.9606,0.3021,2.9606,1947,0.10594296455383301,0.10594296455383301,0.5212950706481934,0.6272380352020264,414.4296751022339,0.5212950706481934,0.6272380352020264,414.4296751022339
nc_papers100m_195trainer_0hop_balanced_local_bs64_800r,20260914_200157_ogbn-papers100M_FedAvg_bs64_seed42_beta10000p0,ogbn-papers100M,FedAvg,64,42,10000.0,650,validation,0.302,2.9607,0.302,2.9607,1950,0.10447216033935547,0.10447216033935547,0.5346019268035889,0.6390740871429443,415.06874918937683,0.5346019268035889,0.6390740871429443,415.06874918937683
nc_papers100m_195trainer_0hop_balanced_local_bs64_800r,20260914_200157_ogbn-papers100M_FedAvg_bs64_seed42_beta10000p0,ogbn-papers100M,FedAvg,64,42,10000.0,651,validation,0.3018,2.9598,0.3018,2.9598,1953,0.10463070869445801,0.10463070869445801,0.5399761199951172,0.6446068286895752,415.7133560180664,0.5399761199951172,0.6446068286895752,415.7133560180664
nc_papers100m_195trainer_0hop_balanced_local_bs64_800r,20260914_200157_ogbn-papers100M_FedAvg_bs64_seed42_beta10000p0,ogbn-papers100M,FedAvg,64,42,10000.0,652,validation,0.3021,2.959,0.3021,2.959,1956,0.10393261909484863,0.10393261909484863,0.5213966369628906,0.6253292560577393,416.33868527412415,0.5213966369628906,0.6253292560577393,416.33868527412415
nc_papers100m_195trainer_0hop_balanced_local_bs64_800r,20260914_200157_ogbn-papers100M_FedAvg_bs64_seed42_beta10000p0,ogbn-papers100M,FedAvg,64,42,10000.0,653,validation,0.3022,2.9584,0.3022,2.9584,1959,0.1067042350769043,0.1067042350769043,0.5215280055999756,0.6282322406768799,416.966917514801,0.5215280055999756,0.6282322406768799,416.966917514801
nc_papers100m_195trainer_0hop_balanced_local_bs64_800r,20260914_200157_ogbn-papers100M_FedAvg_bs64_seed42_beta10000p0,ogbn-papers100M,FedAvg,64,42,10000.0,654,validation,0.3026,2.9577,0.3026,2.9577,1962,0.10555481910705566,0.10555481910705566,0.528217077255249,0.6337718963623047,417.60068941116333,0.528217077255249,0.6337718963623047,417.60068941116333
nc_papers100m_195trainer_0hop_balanced_local_bs64_800r,20260914_200157_ogbn-papers100M_FedAvg_bs64_seed42_beta10000p0,ogbn-papers100M,FedAvg,64,42,10000.0,655,validation,0.3029,2.9571,0.3029,2.9571,1965,0.10467267036437988,0.10467267036437988,0.5356466770172119,0.6403193473815918,418.2410087585449,0.5356466770172119,0.6403193473815918,418.2410087585449
nc_papers100m_195trainer_0hop_balanced_local_bs64_800r,20260914_200157_ogbn-papers100M_FedAvg_bs64_seed42_beta10000p0,ogbn-papers100M,FedAvg,64,42,10000.0,656,validation,0.3033,2.9557,0.3033,2.9557,1968,0.10327434539794922,0.10327434539794922,0.5377140045166016,0.6409883499145508,418.8819971084595,0.5377140045166016,0.6409883499145508,418.8819971084595
nc_papers100m_195trainer_0hop_balanced_local_bs64_800r,20260914_200157_ogbn-papers100M_FedAvg_bs64_seed42_beta10000p0,ogbn-papers100M,FedAvg,64,42,10000.0,657,validation,0.3033,2.9548,0.3033,2.9548,1971,0.10421085357666016,0.10421085357666016,0.5361716747283936,0.6403825283050537,419.5223796367645,0.5361716747283936,0.6403825283050537,419.5223796367645
nc_papers100m_195trainer_0hop_balanced_local_bs64_800r,20260914_200157_ogbn-papers100M_FedAvg_bs64_seed42_beta10000p0,ogbn-papers100M,FedAvg,64,42,10000.0,658,validation,0.3035,2.9544,0.3035,2.9544,1974,0.11046314239501953,0.11046314239501953,0.5253078937530518,0.6357710361480713,420.1581506729126,0.5253078937530518,0.6357710361480713,420.1581506729126
nc_papers100m_195trainer_0hop_balanced_local_bs64_800r,20260914_200157_ogbn-papers100M_FedAvg_bs64_seed42_beta10000p0,ogbn-papers100M,FedAvg,64,42,10000.0,659,validation,0.3032,2.954,0.3032,2.954,1977,0.11330389976501465,0.11330389976501465,0.5552704334259033,0.668574333190918,420.8267250061035,0.5552704334259033,0.668574333190918,420.8267250061035
nc_papers100m_195trainer_0hop_balanced_local_bs64_800r,20260914_200157_ogbn-papers100M_FedAvg_bs64_seed42_beta10000p0,ogbn-papers100M,FedAvg,64,42,10000.0,660,validation,0.3034,2.9532,0.3034,2.9532,1980,0.11233115196228027,0.11233115196228027,0.5313315391540527,0.643662691116333,421.47038769721985,0.5313315391540527,0.643662691116333,421.47038769721985
nc_papers100m_195trainer_0hop_balanced_local_bs64_800r,20260914_200157_ogbn-papers100M_FedAvg_bs64_seed42_beta10000p0,ogbn-papers100M,FedAvg,64,42,10000.0,661,validation,0.3039,2.9514,0.3039,2.9514,1983,0.10660767555236816,0.10660767555236816,0.5337269306182861,0.6403346061706543,422.1107223033905,0.5337269306182861,0.6403346061706543,422.1107223033905
nc_papers100m_195trainer_0hop_balanced_local_bs64_800r,20260914_200157_ogbn-papers100M_FedAvg_bs64_seed42_beta10000p0,ogbn-papers100M,FedAvg,64,42,10000.0,662,validation,0.3041,2.9504,0.3041,2.9504,1986,0.10305643081665039,0.10305643081665039,0.5284209251403809,0.6314773559570312,422.74219965934753,0.5284209251403809,0.6314773559570312,422.74219965934753
nc_papers100m_195trainer_0hop_balanced_local_bs64_800r,20260914_200157_ogbn-papers100M_FedAvg_bs64_seed42_beta10000p0,ogbn-papers100M,FedAvg,64,42,10000.0,663,validation,0.3042,2.95,0.3042,2.95,1989,0.10508322715759277,0.10508322715759277,0.5272669792175293,0.6323502063751221,423.37454986572266,0.5272669792175293,0.6323502063751221,423.37454986572266
nc_papers100m_195trainer_0hop_balanced_local_bs64_800r,20260914_200157_ogbn-papers100M_FedAvg_bs64_seed42_beta10000p0,ogbn-papers100M,FedAvg,64,42,10000.0,664,validation,0.3046,2.9492,0.3046,2.9492,1992,0.10558819770812988,0.10558819770812988,0.5222506523132324,0.6278388500213623,424.002388715744,0.5222506523132324,0.6278388500213623,424.002388715744
nc_papers100m_195trainer_0hop_balanced_local_bs64_800r,20260914_200157_ogbn-papers100M_FedAvg_bs64_seed42_beta10000p0,ogbn-papers100M,FedAvg,64,42,10000.0,665,validation,0.3048,2.9488,0.3048,2.9488,1995,0.10962867736816406,0.10962867736816406,0.5296568870544434,0.6392855644226074,424.6416742801666,0.5296568870544434,0.6392855644226074,424.6416742801666
nc_papers100m_195trainer_0hop_balanced_local_bs64_800r,20260914_200157_ogbn-papers100M_FedAvg_bs64_seed42_beta10000p0,ogbn-papers100M,FedAvg,64,42,10000.0,666,validation,0.305,2.948,0.305,2.948,1998,0.10231828689575195,0.10231828689575195,0.5359377861022949,0.6382560729980469,425.2799303531647,0.5359377861022949,0.6382560729980469,425.2799303531647
nc_papers100m_195trainer_0hop_balanced_local_bs64_800r,20260914_200157_ogbn-papers100M_FedAvg_bs64_seed42_beta10000p0,ogbn-papers100M,FedAvg,64,42,10000.0,667,validation,0.3052,2.9475,0.3052,2.9475,2001,0.10310149192810059,0.10310149192810059,0.5282318592071533,0.6313333511352539,425.9112637042999,0.5282318592071533,0.6313333511352539,425.9112637042999
nc_papers100m_195trainer_0hop_balanced_local_bs64_800r,20260914_200157_ogbn-papers100M_FedAvg_bs64_seed42_beta10000p0,ogbn-papers100M,FedAvg,64,42,10000.0,668,validation,0.3048,2.9467,0.3048,2.9467,2004,0.10371875762939453,0.10371875762939453,0.5334732532501221,0.6371920108795166,426.54845571517944,0.5334732532501221,0.6371920108795166,426.54845571517944
nc_papers100m_195trainer_0hop_balanced_local_bs64_800r,20260914_200157_ogbn-papers100M_FedAvg_bs64_seed42_beta10000p0,ogbn-papers100M,FedAvg,64,42,10000.0,669,validation,0.3047,2.9454,0.3047,2.9454,2007,0.10596013069152832,0.10596013069152832,0.531482458114624,0.6374425888061523,427.1858983039856,0.531482458114624,0.6374425888061523,427.1858983039856
nc_papers100m_195trainer_0hop_balanced_local_bs64_800r,20260914_200157_ogbn-papers100M_FedAvg_bs64_seed42_beta10000p0,ogbn-papers100M,FedAvg,64,42,10000.0,670,validation,0.3046,2.9447,0.3046,2.9447,2010,0.10370898246765137,0.10370898246765137,0.529228687286377,0.6329376697540283,427.8188359737396,0.529228687286377,0.6329376697540283,427.8188359737396
nc_papers100m_195trainer_0hop_balanced_local_bs64_800r,20260914_200157_ogbn-papers100M_FedAvg_bs64_seed42_beta10000p0,ogbn-papers100M,FedAvg,64,42,10000.0,671,validation,0.305,2.9446,0.305,2.9446,2013,0.10855436325073242,0.10855436325073242,0.5533814430236816,0.6619358062744141,428.48077178001404,0.5533814430236816,0.6619358062744141,428.48077178001404
nc_papers100m_195trainer_0hop_balanced_local_bs64_800r,20260914_200157_ogbn-papers100M_FedAvg_bs64_seed42_beta10000p0,ogbn-papers100M,FedAvg,64,42,10000.0,672,validation,0.3049,2.9439,0.3049,2.9439,2016,0.10335850715637207,0.10335850715637207,0.5405979156494141,0.6439564228057861,429.1247282028198,0.5405979156494141,0.6439564228057861,429.1247282028198
nc_papers100m_195trainer_0hop_balanced_local_bs64_800r,20260914_200157_ogbn-papers100M_FedAvg_bs64_seed42_beta10000p0,ogbn-papers100M,FedAvg,64,42,10000.0,673,validation,0.305,2.9441,0.305,2.9441,2019,0.10437130928039551,0.10437130928039551,0.5307304859161377,0.6351017951965332,429.75982999801636,0.5307304859161377,0.6351017951965332,429.75982999801636
nc_papers100m_195trainer_0hop_balanced_local_bs64_800r,20260914_200157_ogbn-papers100M_FedAvg_bs64_seed42_beta10000p0,ogbn-papers100M,FedAvg,64,42,10000.0,674,validation,0.3052,2.9436,0.3052,2.9436,2022,0.10397648811340332,0.10397648811340332,0.5299017429351807,0.633878231048584,430.39370822906494,0.5299017429351807,0.633878231048584,430.39370822906494
nc_papers100m_195trainer_0hop_balanced_local_bs64_800r,20260914_200157_ogbn-papers100M_FedAvg_bs64_seed42_beta10000p0,ogbn-papers100M,FedAvg,64,42,10000.0,675,validation,0.3054,2.9424,0.3054,2.9424,2025,0.10620689392089844,0.10620689392089844,0.5292975902557373,0.6355044841766357,431.0292127132416,0.5292975902557373,0.6355044841766357,431.0292127132416
nc_papers100m_195trainer_0hop_balanced_local_bs64_800r,20260914_200157_ogbn-papers100M_FedAvg_bs64_seed42_beta10000p0,ogbn-papers100M,FedAvg,64,42,10000.0,676,validation,0.3055,2.9416,0.3055,2.9416,2028,0.10747647285461426,0.10747647285461426,0.5246884822845459,0.6321649551391602,431.66137766838074,0.5246884822845459,0.6321649551391602,431.66137766838074
nc_papers100m_195trainer_0hop_balanced_local_bs64_800r,20260914_200157_ogbn-papers100M_FedAvg_bs64_seed42_beta10000p0,ogbn-papers100M,FedAvg,64,42,10000.0,677,validation,0.3055,2.9415,0.3055,2.9415,2031,0.10290193557739258,0.10290193557739258,0.5437972545623779,0.6466991901397705,432.3080768585205,0.5437972545623779,0.6466991901397705,432.3080768585205
nc_papers100m_195trainer_0hop_balanced_local_bs64_800r,20260914_200157_ogbn-papers100M_FedAvg_bs64_seed42_beta10000p0,ogbn-papers100M,FedAvg,64,42,10000.0,678,validation,0.306,2.9403,0.306,2.9403,2034,0.10352540016174316,0.10352540016174316,0.5369305610656738,0.640455961227417,432.9485328197479,0.5369305610656738,0.640455961227417,432.9485328197479
nc_papers100m_195trainer_0hop_balanced_local_bs64_800r,20260914_200157_ogbn-papers100M_FedAvg_bs64_seed42_beta10000p0,ogbn-papers100M,FedAvg,64,42,10000.0,679,validation,0.3058,2.9393,0.3058,2.9393,2037,0.10289788246154785,0.10289788246154785,0.5283529758453369,0.6312508583068848,433.5797836780548,0.5283529758453369,0.6312508583068848,433.5797836780548
nc_papers100m_195trainer_0hop_balanced_local_bs64_800r,20260914_200157_ogbn-papers100M_FedAvg_bs64_seed42_beta10000p0,ogbn-papers100M,FedAvg,64,42,10000.0,680,validation,0.306,2.9389,0.306,2.9389,2040,0.10331153869628906,0.10331153869628906,0.5205986499786377,0.6239101886749268,434.20369386672974,0.5205986499786377,0.6239101886749268,434.20369386672974
nc_papers100m_195trainer_0hop_balanced_local_bs64_800r,20260914_200157_ogbn-papers100M_FedAvg_bs64_seed42_beta10000p0,ogbn-papers100M,FedAvg,64,42,10000.0,681,validation,0.3057,2.9385,0.3057,2.9385,2043,0.10397648811340332,0.10397648811340332,0.5240998268127441,0.6280763149261475,434.8317701816559,0.5240998268127441,0.6280763149261475,434.8317701816559
nc_papers100m_195trainer_0hop_balanced_local_bs64_800r,20260914_200157_ogbn-papers100M_FedAvg_bs64_seed42_beta10000p0,ogbn-papers100M,FedAvg,64,42,10000.0,682,validation,0.306,2.9375,0.306,2.9375,2046,0.10427308082580566,0.10427308082580566,0.5384771823883057,0.6427502632141113,435.47452044487,0.5384771823883057,0.6427502632141113,435.47452044487
nc_papers100m_195trainer_0hop_balanced_local_bs64_800r,20260914_200157_ogbn-papers100M_FedAvg_bs64_seed42_beta10000p0,ogbn-papers100M,FedAvg,64,42,10000.0,683,validation,0.306,2.9365,0.306,2.9365,2049,0.10332846641540527,0.10332846641540527,0.5526347160339355,0.6559631824493408,436.13048362731934,0.5526347160339355,0.6559631824493408,436.13048362731934
nc_papers100m_195trainer_0hop_balanced_local_bs64_800r,20260914_200157_ogbn-papers100M_FedAvg_bs64_seed42_beta10000p0,ogbn-papers100M,FedAvg,64,42,10000.0,684,validation,0.3066,2.9356,0.3066,2.9356,2052,0.10448169708251953,0.10448169708251953,0.5335898399353027,0.6380715370178223,436.76855516433716,0.5335898399353027,0.6380715370178223,436.76855516433716
nc_papers100m_195trainer_0hop_balanced_local_bs64_800r,20260914_200157_ogbn-papers100M_FedAvg_bs64_seed42_beta10000p0,ogbn-papers100M,FedAvg,64,42,10000.0,685,validation,0.3066,2.9346,0.3066,2.9346,2055,0.10663914680480957,0.10663914680480957,0.5270941257476807,0.6337332725524902,437.40228843688965,0.5270941257476807,0.6337332725524902,437.40228843688965
nc_papers100m_195trainer_0hop_balanced_local_bs64_800r,20260914_200157_ogbn-papers100M_FedAvg_bs64_seed42_beta10000p0,ogbn-papers100M,FedAvg,64,42,10000.0,686,validation,0.3067,2.9343,0.3067,2.9343,2058,0.10746312141418457,0.10746312141418457,0.5269660949707031,0.6344292163848877,438.03671765327454,0.5269660949707031,0.6344292163848877,438.03671765327454
nc_papers100m_195trainer_0hop_balanced_local_bs64_800r,20260914_200157_ogbn-papers100M_FedAvg_bs64_seed42_beta10000p0,ogbn-papers100M,FedAvg,64,42,10000.0,687,validation,0.307,2.9332,0.307,2.9332,2061,0.10330772399902344,0.10330772399902344,0.537883996963501,0.6411917209625244,438.67790937423706,0.537883996963501,0.6411917209625244,438.67790937423706
nc_papers100m_195trainer_0hop_balanced_local_bs64_800r,20260914_200157_ogbn-papers100M_FedAvg_bs64_seed42_beta10000p0,ogbn-papers100M,FedAvg,64,42,10000.0,688,validation,0.3072,2.9327,0.3072,2.9327,2064,0.10336852073669434,0.10336852073669434,0.5397024154663086,0.6430709362030029,439.32098031044006,0.5397024154663086,0.6430709362030029,439.32098031044006
nc_papers100m_195trainer_0hop_balanced_local_bs64_800r,20260914_200157_ogbn-papers100M_FedAvg_bs64_seed42_beta10000p0,ogbn-papers100M,FedAvg,64,42,10000.0,689,validation,0.3074,2.9314,0.3074,2.9314,2067,0.1035304069519043,0.1035304069519043,0.5323967933654785,0.6359272003173828,439.95690751075745,0.5323967933654785,0.6359272003173828,439.95690751075745
nc_papers100m_195trainer_0hop_balanced_local_bs64_800r,20260914_200157_ogbn-papers100M_FedAvg_bs64_seed42_beta10000p0,ogbn-papers100M,FedAvg,64,42,10000.0,690,validation,0.3077,2.9307,0.3077,2.9307,2070,0.10361146926879883,0.10361146926879883,0.5273880958557129,0.6309995651245117,440.58790707588196,0.5273880958557129,0.6309995651245117,440.58790707588196
nc_papers100m_195trainer_0hop_balanced_local_bs64_800r,20260914_200157_ogbn-papers100M_FedAvg_bs64_seed42_beta10000p0,ogbn-papers100M,FedAvg,64,42,10000.0,691,validation,0.3078,2.9299,0.3078,2.9299,2073,0.10417699813842773,0.10417699813842773,0.525139331817627,0.6293163299560547,441.217223405838,0.525139331817627,0.6293163299560547,441.217223405838
nc_papers100m_195trainer_0hop_balanced_local_bs64_800r,20260914_200157_ogbn-papers100M_FedAvg_bs64_seed42_beta10000p0,ogbn-papers100M,FedAvg,64,42,10000.0,692,validation,0.3082,2.9294,0.3082,2.9294,2076,0.10572934150695801,0.10572934150695801,0.5272512435913086,0.6329805850982666,441.8502039909363,0.5272512435913086,0.6329805850982666,441.8502039909363
nc_papers100m_195trainer_0hop_balanced_local_bs64_800r,20260914_200157_ogbn-papers100M_FedAvg_bs64_seed42_beta10000p0,ogbn-papers100M,FedAvg,64,42,10000.0,693,validation,0.3081,2.9286,0.3081,2.9286,2079,0.10585856437683105,0.10585856437683105,0.5370831489562988,0.6429417133331299,442.4931457042694,0.5370831489562988,0.6429417133331299,442.4931457042694
nc_papers100m_195trainer_0hop_balanced_local_bs64_800r,20260914_200157_ogbn-papers100M_FedAvg_bs64_seed42_beta10000p0,ogbn-papers100M,FedAvg,64,42,10000.0,694,validation,0.3081,2.929,0.3081,2.929,2082,0.10339641571044922,0.10339641571044922,0.531571626663208,0.6349680423736572,443.12811374664307,0.531571626663208,0.6349680423736572,443.12811374664307
nc_papers100m_195trainer_0hop_balanced_local_bs64_800r,20260914_200157_ogbn-papers100M_FedAvg_bs64_seed42_beta10000p0,ogbn-papers100M,FedAvg,64,42,10000.0,695,validation,0.308,2.9279,0.308,2.9279,2085,0.1040644645690918,0.1040644645690918,0.5370283126831055,0.6410927772521973,443.76920652389526,0.5370283126831055,0.6410927772521973,443.76920652389526
nc_papers100m_195trainer_0hop_balanced_local_bs64_800r,20260914_200157_ogbn-papers100M_FedAvg_bs64_seed42_beta10000p0,ogbn-papers100M,FedAvg,64,42,10000.0,696,validation,0.3085,2.927,0.3085,2.927,2088,0.10568356513977051,0.10568356513977051,0.5200777053833008,0.6257612705230713,444.39496779441833,0.5200777053833008,0.6257612705230713,444.39496779441833
nc_papers100m_195trainer_0hop_balanced_local_bs64_800r,20260914_200157_ogbn-papers100M_FedAvg_bs64_seed42_beta10000p0,ogbn-papers100M,FedAvg,64,42,10000.0,697,validation,0.3085,2.9256,0.3085,2.9256,2091,0.10874176025390625,0.10874176025390625,0.5227231979370117,0.631464958190918,445.02643275260925,0.5227231979370117,0.631464958190918,445.02643275260925
nc_papers100m_195trainer_0hop_balanced_local_bs64_800r,20260914_200157_ogbn-papers100M_FedAvg_bs64_seed42_beta10000p0,ogbn-papers100M,FedAvg,64,42,10000.0,698,validation,0.3083,2.9249,0.3083,2.9249,2094,0.10327768325805664,0.10327768325805664,0.5308876037597656,0.6341652870178223,445.6605980396271,0.5308876037597656,0.6341652870178223,445.6605980396271
nc_papers100m_195trainer_0hop_balanced_local_bs64_800r,20260914_200157_ogbn-papers100M_FedAvg_bs64_seed42_beta10000p0,ogbn-papers100M,FedAvg,64,42,10000.0,699,validation,0.3088,2.9241,0.3088,2.9241,2097,0.10314607620239258,0.10314607620239258,0.5294759273529053,0.6326220035552979,446.2932200431824,0.5294759273529053,0.6326220035552979,446.2932200431824
nc_papers100m_195trainer_0hop_balanced_local_bs64_800r,20260914_200157_ogbn-papers100M_FedAvg_bs64_seed42_beta10000p0,ogbn-papers100M,FedAvg,64,42,10000.0,700,validation,0.3088,2.9229,0.3088,2.9229,2100,0.10238361358642578,0.10238361358642578,0.5242130756378174,0.6265966892242432,446.9198167324066,0.5242130756378174,0.6265966892242432,446.9198167324066
nc_papers100m_195trainer_0hop_balanced_local_bs64_800r,20260914_200157_ogbn-papers100M_FedAvg_bs64_seed42_beta10000p0,ogbn-papers100M,FedAvg,64,42,10000.0,701,validation,0.309,2.9223,0.309,2.9223,2103,0.10313034057617188,0.10313034057617188,0.5221948623657227,0.6253252029418945,447.5451419353485,0.5221948623657227,0.6253252029418945,447.5451419353485
nc_papers100m_195trainer_0hop_balanced_local_bs64_800r,20260914_200157_ogbn-papers100M_FedAvg_bs64_seed42_beta10000p0,ogbn-papers100M,FedAvg,64,42,10000.0,702,validation,0.309,2.9218,0.309,2.9218,2106,0.10418820381164551,0.10418820381164551,0.5276918411254883,0.6318800449371338,448.17702198028564,0.5276918411254883,0.6318800449371338,448.17702198028564
nc_papers100m_195trainer_0hop_balanced_local_bs64_800r,20260914_200157_ogbn-papers100M_FedAvg_bs64_seed42_beta10000p0,ogbn-papers100M,FedAvg,64,42,10000.0,703,validation,0.309,2.9213,0.309,2.9213,2109,0.10782980918884277,0.10782980918884277,0.5378103256225586,0.6456401348114014,448.82266211509705,0.5378103256225586,0.6456401348114014,448.82266211509705
nc_papers100m_195trainer_0hop_balanced_local_bs64_800r,20260914_200157_ogbn-papers100M_FedAvg_bs64_seed42_beta10000p0,ogbn-papers100M,FedAvg,64,42,10000.0,704,validation,0.309,2.9207,0.309,2.9207,2112,0.10560059547424316,0.10560059547424316,0.5334329605102539,0.6390335559844971,449.46169567108154,0.5334329605102539,0.6390335559844971,449.46169567108154
nc_papers100m_195trainer_0hop_balanced_local_bs64_800r,20260914_200157_ogbn-papers100M_FedAvg_bs64_seed42_beta10000p0,ogbn-papers100M,FedAvg,64,42,10000.0,705,validation,0.309,2.9206,0.309,2.9206,2115,0.10438799858093262,0.10438799858093262,0.5258047580718994,0.630192756652832,450.0918884277344,0.5258047580718994,0.630192756652832,450.0918884277344
nc_papers100m_195trainer_0hop_balanced_local_bs64_800r,20260914_200157_ogbn-papers100M_FedAvg_bs64_seed42_beta10000p0,ogbn-papers100M,FedAvg,64,42,10000.0,706,validation,0.3089,2.9199,0.3089,2.9199,2118,0.10401272773742676,0.10401272773742676,0.5291635990142822,0.633176326751709,450.7250647544861,0.5291635990142822,0.633176326751709,450.7250647544861
nc_papers100m_195trainer_0hop_balanced_local_bs64_800r,20260914_200157_ogbn-papers100M_FedAvg_bs64_seed42_beta10000p0,ogbn-papers100M,FedAvg,64,42,10000.0,707,validation,0.3091,2.9189,0.3091,2.9189,2121,0.10454821586608887,0.10454821586608887,0.5228838920593262,0.627432107925415,451.3524968624115,0.5228838920593262,0.627432107925415,451.3524968624115
nc_papers100m_195trainer_0hop_balanced_local_bs64_800r,20260914_200157_ogbn-papers100M_FedAvg_bs64_seed42_beta10000p0,ogbn-papers100M,FedAvg,64,42,10000.0,708,validation,0.3093,2.9185,0.3093,2.9185,2124,0.10533523559570312,0.10533523559570312,0.5430212020874023,0.6483564376831055,452.0008533000946,0.5430212020874023,0.6483564376831055,452.0008533000946
nc_papers100m_195trainer_0hop_balanced_local_bs64_800r,20260914_200157_ogbn-papers100M_FedAvg_bs64_seed42_beta10000p0,ogbn-papers100M,FedAvg,64,42,10000.0,709,validation,0.3092,2.9174,0.3092,2.9174,2127,0.10630607604980469,0.10630607604980469,0.5296986103057861,0.6360046863555908,452.6368579864502,0.5296986103057861,0.6360046863555908,452.6368579864502
nc_papers100m_195trainer_0hop_balanced_local_bs64_800r,20260914_200157_ogbn-papers100M_FedAvg_bs64_seed42_beta10000p0,ogbn-papers100M,FedAvg,64,42,10000.0,710,validation,0.3096,2.9166,0.3096,2.9166,2130,0.10361814498901367,0.10361814498901367,0.5261685848236084,0.6297867298126221,453.2666447162628,0.5261685848236084,0.6297867298126221,453.2666447162628
nc_papers100m_195trainer_0hop_balanced_local_bs64_800r,20260914_200157_ogbn-papers100M_FedAvg_bs64_seed42_beta10000p0,ogbn-papers100M,FedAvg,64,42,10000.0,711,validation,0.3092,2.9165,0.3092,2.9165,2133,0.10678267478942871,0.10678267478942871,0.5261037349700928,0.6328864097595215,453.89953112602234,0.5261037349700928,0.6328864097595215,453.89953112602234
nc_papers100m_195trainer_0hop_balanced_local_bs64_800r,20260914_200157_ogbn-papers100M_FedAvg_bs64_seed42_beta10000p0,ogbn-papers100M,FedAvg,64,42,10000.0,712,validation,0.3096,2.9162,0.3096,2.9162,2136,0.10681748390197754,0.10681748390197754,0.5278375148773193,0.6346549987792969,454.53418612480164,0.5278375148773193,0.6346549987792969,454.53418612480164
nc_papers100m_195trainer_0hop_balanced_local_bs64_800r,20260914_200157_ogbn-papers100M_FedAvg_bs64_seed42_beta10000p0,ogbn-papers100M,FedAvg,64,42,10000.0,713,validation,0.31,2.9148,0.31,2.9148,2139,0.11046075820922852,0.11046075820922852,0.5214204788208008,0.6318812370300293,455.16606736183167,0.5214204788208008,0.6318812370300293,455.16606736183167
nc_papers100m_195trainer_0hop_balanced_local_bs64_800r,20260914_200157_ogbn-papers100M_FedAvg_bs64_seed42_beta10000p0,ogbn-papers100M,FedAvg,64,42,10000.0,714,validation,0.31,2.9139,0.31,2.9139,2142,0.1037132740020752,0.1037132740020752,0.5363039970397949,0.6400172710418701,455.80608463287354,0.5363039970397949,0.6400172710418701,455.80608463287354
nc_papers100m_195trainer_0hop_balanced_local_bs64_800r,20260914_200157_ogbn-papers100M_FedAvg_bs64_seed42_beta10000p0,ogbn-papers100M,FedAvg,64,42,10000.0,715,validation,0.3101,2.9131,0.3101,2.9131,2145,0.10454821586608887,0.10454821586608887,0.5192098617553711,0.62375807762146,456.429842710495,0.5192098617553711,0.62375807762146,456.429842710495
nc_papers100m_195trainer_0hop_balanced_local_bs64_800r,20260914_200157_ogbn-papers100M_FedAvg_bs64_seed42_beta10000p0,ogbn-papers100M,FedAvg,64,42,10000.0,716,validation,0.3106,2.9122,0.3106,2.9122,2148,0.10509300231933594,0.10509300231933594,0.5270154476165771,0.6321084499359131,457.0619511604309,0.5270154476165771,0.6321084499359131,457.0619511604309
nc_papers100m_195trainer_0hop_balanced_local_bs64_800r,20260914_200157_ogbn-papers100M_FedAvg_bs64_seed42_beta10000p0,ogbn-papers100M,FedAvg,64,42,10000.0,717,validation,0.3105,2.9121,0.3105,2.9121,2151,0.10274267196655273,0.10274267196655273,0.5365896224975586,0.6393322944641113,457.701283454895,0.5365896224975586,0.6393322944641113,457.701283454895
nc_papers100m_195trainer_0hop_balanced_local_bs64_800r,20260914_200157_ogbn-papers100M_FedAvg_bs64_seed42_beta10000p0,ogbn-papers100M,FedAvg,64,42,10000.0,718,validation,0.3111,2.9115,0.3111,2.9115,2154,0.11041903495788574,0.11041903495788574,0.5308523178100586,0.6412713527679443,458.34255480766296,0.5308523178100586,0.6412713527679443,458.34255480766296
nc_papers100m_195trainer_0hop_balanced_local_bs64_800r,20260914_200157_ogbn-papers100M_FedAvg_bs64_seed42_beta10000p0,ogbn-papers100M,FedAvg,64,42,10000.0,719,validation,0.311,2.9109,0.311,2.9109,2157,0.10535311698913574,0.10535311698913574,0.5444025993347168,0.6497557163238525,458.9923105239868,0.5444025993347168,0.6497557163238525,458.9923105239868
nc_papers100m_195trainer_0hop_balanced_local_bs64_800r,20260914_200157_ogbn-papers100M_FedAvg_bs64_seed42_beta10000p0,ogbn-papers100M,FedAvg,64,42,10000.0,720,validation,0.3105,2.9105,0.3105,2.9105,2160,0.10536837577819824,0.10536837577819824,0.5495467185974121,0.6549150943756104,459.6472256183624,0.5495467185974121,0.6549150943756104,459.6472256183624
nc_papers100m_195trainer_0hop_balanced_local_bs64_800r,20260914_200157_ogbn-papers100M_FedAvg_bs64_seed42_beta10000p0,ogbn-papers100M,FedAvg,64,42,10000.0,721,validation,0.3109,2.9092,0.3109,2.9092,2163,0.10579466819763184,0.10579466819763184,0.5343902111053467,0.6401848793029785,460.2874104976654,0.5343902111053467,0.6401848793029785,460.2874104976654
nc_papers100m_195trainer_0hop_balanced_local_bs64_800r,20260914_200157_ogbn-papers100M_FedAvg_bs64_seed42_beta10000p0,ogbn-papers100M,FedAvg,64,42,10000.0,722,validation,0.3109,2.9088,0.3109,2.9088,2166,0.10551667213439941,0.10551667213439941,0.523411750793457,0.6289284229278564,460.91633892059326,0.523411750793457,0.6289284229278564,460.91633892059326
nc_papers100m_195trainer_0hop_balanced_local_bs64_800r,20260914_200157_ogbn-papers100M_FedAvg_bs64_seed42_beta10000p0,ogbn-papers100M,FedAvg,64,42,10000.0,723,validation,0.3115,2.9079,0.3115,2.9079,2169,0.10400533676147461,0.10400533676147461,0.5278904438018799,0.6318957805633545,461.5482347011566,0.5278904438018799,0.6318957805633545,461.5482347011566
nc_papers100m_195trainer_0hop_balanced_local_bs64_800r,20260914_200157_ogbn-papers100M_FedAvg_bs64_seed42_beta10000p0,ogbn-papers100M,FedAvg,64,42,10000.0,724,validation,0.3117,2.9074,0.3117,2.9074,2172,0.10884737968444824,0.10884737968444824,0.5290737152099609,0.6379210948944092,462.186155796051,0.5290737152099609,0.6379210948944092,462.186155796051
nc_papers100m_195trainer_0hop_balanced_local_bs64_800r,20260914_200157_ogbn-papers100M_FedAvg_bs64_seed42_beta10000p0,ogbn-papers100M,FedAvg,64,42,10000.0,725,validation,0.3115,2.906,0.3115,2.906,2175,0.10924696922302246,0.10924696922302246,0.5345938205718994,0.6438407897949219,462.82999658584595,0.5345938205718994,0.6438407897949219,462.82999658584595
nc_papers100m_195trainer_0hop_balanced_local_bs64_800r,20260914_200157_ogbn-papers100M_FedAvg_bs64_seed42_beta10000p0,ogbn-papers100M,FedAvg,64,42,10000.0,726,validation,0.3116,2.9062,0.3116,2.9062,2178,0.10293388366699219,0.10293388366699219,0.5246398448944092,0.6275737285614014,463.45757031440735,0.5246398448944092,0.6275737285614014,463.45757031440735
nc_papers100m_195trainer_0hop_balanced_local_bs64_800r,20260914_200157_ogbn-papers100M_FedAvg_bs64_seed42_beta10000p0,ogbn-papers100M,FedAvg,64,42,10000.0,727,validation,0.3114,2.9061,0.3114,2.9061,2181,0.10439133644104004,0.10439133644104004,0.529487133026123,0.6338784694671631,464.0914487838745,0.529487133026123,0.6338784694671631,464.0914487838745
nc_papers100m_195trainer_0hop_balanced_local_bs64_800r,20260914_200157_ogbn-papers100M_FedAvg_bs64_seed42_beta10000p0,ogbn-papers100M,FedAvg,64,42,10000.0,728,validation,0.3117,2.9056,0.3117,2.9056,2184,0.10483551025390625,0.10483551025390625,0.5303642749786377,0.635199785232544,464.72664856910706,0.5303642749786377,0.635199785232544,464.72664856910706
nc_papers100m_195trainer_0hop_balanced_local_bs64_800r,20260914_200157_ogbn-papers100M_FedAvg_bs64_seed42_beta10000p0,ogbn-papers100M,FedAvg,64,42,10000.0,729,validation,0.3116,2.905,0.3116,2.905,2187,0.10906195640563965,0.10906195640563965,0.5265018939971924,0.635563850402832,465.3622124195099,0.5265018939971924,0.635563850402832,465.3622124195099
nc_papers100m_195trainer_0hop_balanced_local_bs64_800r,20260914_200157_ogbn-papers100M_FedAvg_bs64_seed42_beta10000p0,ogbn-papers100M,FedAvg,64,42,10000.0,730,validation,0.3117,2.9044,0.3117,2.9044,2190,0.10798144340515137,0.10798144340515137,0.5331623554229736,0.641143798828125,466.003356218338,0.5331623554229736,0.641143798828125,466.003356218338
nc_papers100m_195trainer_0hop_balanced_local_bs64_800r,20260914_200157_ogbn-papers100M_FedAvg_bs64_seed42_beta10000p0,ogbn-papers100M,FedAvg,64,42,10000.0,731,validation,0.3117,2.9045,0.3117,2.9045,2193,0.10420608520507812,0.10420608520507812,0.5267090797424316,0.6309151649475098,466.6342713832855,0.5267090797424316,0.6309151649475098,466.6342713832855
nc_papers100m_195trainer_0hop_balanced_local_bs64_800r,20260914_200157_ogbn-papers100M_FedAvg_bs64_seed42_beta10000p0,ogbn-papers100M,FedAvg,64,42,10000.0,732,validation,0.3121,2.9036,0.3121,2.9036,2196,0.10263729095458984,0.10263729095458984,0.5413327217102051,0.6439700126647949,467.2782413959503,0.5413327217102051,0.6439700126647949,467.2782413959503
nc_papers100m_195trainer_0hop_balanced_local_bs64_800r,20260914_200157_ogbn-papers100M_FedAvg_bs64_seed42_beta10000p0,ogbn-papers100M,FedAvg,64,42,10000.0,733,validation,0.3121,2.9027,0.3121,2.9027,2199,0.1032710075378418,0.1032710075378418,0.5256059169769287,0.6288769245147705,467.9071183204651,0.5256059169769287,0.6288769245147705,467.9071183204651
nc_papers100m_195trainer_0hop_balanced_local_bs64_800r,20260914_200157_ogbn-papers100M_FedAvg_bs64_seed42_beta10000p0,ogbn-papers100M,FedAvg,64,42,10000.0,734,validation,0.3117,2.9021,0.3117,2.9021,2202,0.10398340225219727,0.10398340225219727,0.5185689926147461,0.6225523948669434,468.52967071533203,0.5185689926147461,0.6225523948669434,468.52967071533203
nc_papers100m_195trainer_0hop_balanced_local_bs64_800r,20260914_200157_ogbn-papers100M_FedAvg_bs64_seed42_beta10000p0,ogbn-papers100M,FedAvg,64,42,10000.0,735,validation,0.3123,2.9009,0.3123,2.9009,2205,0.10474777221679688,0.10474777221679688,0.5326023101806641,0.6373500823974609,469.1670207977295,0.5326023101806641,0.6373500823974609,469.1670207977295
nc_papers100m_195trainer_0hop_balanced_local_bs64_800r,20260914_200157_ogbn-papers100M_FedAvg_bs64_seed42_beta10000p0,ogbn-papers100M,FedAvg,64,42,10000.0,736,validation,0.3124,2.8999,0.3124,2.8999,2208,0.10529780387878418,0.10529780387878418,0.5316324234008789,0.6369302272796631,469.80395102500916,0.5316324234008789,0.6369302272796631,469.80395102500916
nc_papers100m_195trainer_0hop_balanced_local_bs64_800r,20260914_200157_ogbn-papers100M_FedAvg_bs64_seed42_beta10000p0,ogbn-papers100M,FedAvg,64,42,10000.0,737,validation,0.3126,2.8992,0.3126,2.8992,2211,0.1032261848449707,0.1032261848449707,0.5308482646942139,0.6340744495391846,470.43802547454834,0.5308482646942139,0.6340744495391846,470.43802547454834
nc_papers100m_195trainer_0hop_balanced_local_bs64_800r,20260914_200157_ogbn-papers100M_FedAvg_bs64_seed42_beta10000p0,ogbn-papers100M,FedAvg,64,42,10000.0,738,validation,0.3128,2.8989,0.3128,2.8989,2214,0.10434579849243164,0.10434579849243164,0.5274310111999512,0.6317768096923828,471.0698022842407,0.5274310111999512,0.6317768096923828,471.0698022842407
nc_papers100m_195trainer_0hop_balanced_local_bs64_800r,20260914_200157_ogbn-papers100M_FedAvg_bs64_seed42_beta10000p0,ogbn-papers100M,FedAvg,64,42,10000.0,739,validation,0.3134,2.8984,0.3134,2.8984,2217,0.10378313064575195,0.10378313064575195,0.5244858264923096,0.6282689571380615,471.6980712413788,0.5244858264923096,0.6282689571380615,471.6980712413788
nc_papers100m_195trainer_0hop_balanced_local_bs64_800r,20260914_200157_ogbn-papers100M_FedAvg_bs64_seed42_beta10000p0,ogbn-papers100M,FedAvg,64,42,10000.0,740,validation,0.3129,2.8977,0.3129,2.8977,2220,0.1026754379272461,0.1026754379272461,0.5348453521728516,0.6375207901000977,472.3355920314789,0.5348453521728516,0.6375207901000977,472.3355920314789
nc_papers100m_195trainer_0hop_balanced_local_bs64_800r,20260914_200157_ogbn-papers100M_FedAvg_bs64_seed42_beta10000p0,ogbn-papers100M,FedAvg,64,42,10000.0,741,validation,0.3131,2.8971,0.3131,2.8971,2223,0.10330033302307129,0.10330033302307129,0.525423526763916,0.6287238597869873,472.96431589126587,0.525423526763916,0.6287238597869873,472.96431589126587
nc_papers100m_195trainer_0hop_balanced_local_bs64_800r,20260914_200157_ogbn-papers100M_FedAvg_bs64_seed42_beta10000p0,ogbn-papers100M,FedAvg,64,42,10000.0,742,validation,0.313,2.8963,0.313,2.8963,2226,0.10428643226623535,0.10428643226623535,0.5324430465698242,0.6367294788360596,473.60104537010193,0.5324430465698242,0.6367294788360596,473.60104537010193
nc_papers100m_195trainer_0hop_balanced_local_bs64_800r,20260914_200157_ogbn-papers100M_FedAvg_bs64_seed42_beta10000p0,ogbn-papers100M,FedAvg,64,42,10000.0,743,validation,0.313,2.8952,0.313,2.8952,2229,0.10730290412902832,0.10730290412902832,0.5275049209594727,0.634807825088501,474.23585319519043,0.5275049209594727,0.634807825088501,474.23585319519043
nc_papers100m_195trainer_0hop_balanced_local_bs64_800r,20260914_200157_ogbn-papers100M_FedAvg_bs64_seed42_beta10000p0,ogbn-papers100M,FedAvg,64,42,10000.0,744,validation,0.3134,2.895,0.3134,2.895,2232,0.10502123832702637,0.10502123832702637,0.5529177188873291,0.6579389572143555,474.8937921524048,0.5529177188873291,0.6579389572143555,474.8937921524048
nc_papers100m_195trainer_0hop_balanced_local_bs64_800r,20260914_200157_ogbn-papers100M_FedAvg_bs64_seed42_beta10000p0,ogbn-papers100M,FedAvg,64,42,10000.0,745,validation,0.3137,2.8944,0.3137,2.8944,2235,0.11070680618286133,0.11070680618286133,0.5269074440002441,0.6376142501831055,475.5314064025879,0.5269074440002441,0.6376142501831055,475.5314064025879
nc_papers100m_195trainer_0hop_balanced_local_bs64_800r,20260914_200157_ogbn-papers100M_FedAvg_bs64_seed42_beta10000p0,ogbn-papers100M,FedAvg,64,42,10000.0,746,validation,0.3137,2.8935,0.3137,2.8935,2238,0.1070868968963623,0.1070868968963623,0.5291221141815186,0.6362090110778809,476.16761541366577,0.5291221141815186,0.6362090110778809,476.16761541366577
nc_papers100m_195trainer_0hop_balanced_local_bs64_800r,20260914_200157_ogbn-papers100M_FedAvg_bs64_seed42_beta10000p0,ogbn-papers100M,FedAvg,64,42,10000.0,747,validation,0.3138,2.8935,0.3138,2.8935,2241,0.1039888858795166,0.1039888858795166,0.5226914882659912,0.6266803741455078,476.7942957878113,0.5226914882659912,0.6266803741455078,476.7942957878113
nc_papers100m_195trainer_0hop_balanced_local_bs64_800r,20260914_200157_ogbn-papers100M_FedAvg_bs64_seed42_beta10000p0,ogbn-papers100M,FedAvg,64,42,10000.0,748,validation,0.3141,2.8929,0.3141,2.8929,2244,0.10395002365112305,0.10395002365112305,0.5267226696014404,0.6306726932525635,477.42496848106384,0.5267226696014404,0.6306726932525635,477.42496848106384
nc_papers100m_195trainer_0hop_balanced_local_bs64_800r,20260914_200157_ogbn-papers100M_FedAvg_bs64_seed42_beta10000p0,ogbn-papers100M,FedAvg,64,42,10000.0,749,validation,0.3142,2.8922,0.3142,2.8922,2247,0.10389494895935059,0.10389494895935059,0.5277249813079834,0.631619930267334,478.0565884113312,0.5277249813079834,0.631619930267334,478.0565884113312
nc_papers100m_195trainer_0hop_balanced_local_bs64_800r,20260914_200157_ogbn-papers100M_FedAvg_bs64_seed42_beta10000p0,ogbn-papers100M,FedAvg,64,42,10000.0,750,validation,0.3142,2.8913,0.3142,2.8913,2250,0.10537123680114746,0.10537123680114746,0.525444746017456,0.6308159828186035,478.6874043941498,0.525444746017456,0.6308159828186035,478.6874043941498
nc_papers100m_195trainer_0hop_balanced_local_bs64_800r,20260914_200157_ogbn-papers100M_FedAvg_bs64_seed42_beta10000p0,ogbn-papers100M,FedAvg,64,42,10000.0,751,validation,0.314,2.8907,0.314,2.8907,2253,0.10243558883666992,0.10243558883666992,0.5351965427398682,0.6376321315765381,479.3250365257263,0.5351965427398682,0.6376321315765381,479.3250365257263
nc_papers100m_195trainer_0hop_balanced_local_bs64_800r,20260914_200157_ogbn-papers100M_FedAvg_bs64_seed42_beta10000p0,ogbn-papers100M,FedAvg,64,42,10000.0,752,validation,0.3146,2.8897,0.3146,2.8897,2256,0.11075043678283691,0.11075043678283691,0.5301737785339355,0.6409242153167725,479.9659607410431,0.5301737785339355,0.6409242153167725,479.9659607410431
nc_papers100m_195trainer_0hop_balanced_local_bs64_800r,20260914_200157_ogbn-papers100M_FedAvg_bs64_seed42_beta10000p0,ogbn-papers100M,FedAvg,64,42,10000.0,753,validation,0.3141,2.8891,0.3141,2.8891,2259,0.10387015342712402,0.10387015342712402,0.5198976993560791,0.6237678527832031,480.5897285938263,0.5198976993560791,0.6237678527832031,480.5897285938263
nc_papers100m_195trainer_0hop_balanced_local_bs64_800r,20260914_200157_ogbn-papers100M_FedAvg_bs64_seed42_beta10000p0,ogbn-papers100M,FedAvg,64,42,10000.0,754,validation,0.3145,2.8889,0.3145,2.8889,2262,0.10432982444763184,0.10432982444763184,0.524432897567749,0.6287627220153809,481.2184913158417,0.524432897567749,0.6287627220153809,481.2184913158417
nc_papers100m_195trainer_0hop_balanced_local_bs64_800r,20260914_200157_ogbn-papers100M_FedAvg_bs64_seed42_beta10000p0,ogbn-papers100M,FedAvg,64,42,10000.0,755,validation,0.3147,2.8885,0.3147,2.8885,2265,0.10745787620544434,0.10745787620544434,0.5233547687530518,0.6308126449584961,481.84930396080017,0.5233547687530518,0.6308126449584961,481.84930396080017
nc_papers100m_195trainer_0hop_balanced_local_bs64_800r,20260914_200157_ogbn-papers100M_FedAvg_bs64_seed42_beta10000p0,ogbn-papers100M,FedAvg,64,42,10000.0,756,validation,0.3146,2.8877,0.3146,2.8877,2268,0.1033027172088623,0.1033027172088623,0.567683219909668,0.6709859371185303,482.5202898979187,0.567683219909668,0.6709859371185303,482.5202898979187
nc_papers100m_195trainer_0hop_balanced_local_bs64_800r,20260914_200157_ogbn-papers100M_FedAvg_bs64_seed42_beta10000p0,ogbn-papers100M,FedAvg,64,42,10000.0,757,validation,0.3149,2.8873,0.3149,2.8873,2271,0.10312747955322266,0.10312747955322266,0.5298318862915039,0.6329593658447266,483.1532492637634,0.5298318862915039,0.6329593658447266,483.1532492637634
nc_papers100m_195trainer_0hop_balanced_local_bs64_800r,20260914_200157_ogbn-papers100M_FedAvg_bs64_seed42_beta10000p0,ogbn-papers100M,FedAvg,64,42,10000.0,758,validation,0.3152,2.8861,0.3152,2.8861,2274,0.10358357429504395,0.10358357429504395,0.5259394645690918,0.6295230388641357,483.78277230262756,0.5259394645690918,0.6295230388641357,483.78277230262756
nc_papers100m_195trainer_0hop_balanced_local_bs64_800r,20260914_200157_ogbn-papers100M_FedAvg_bs64_seed42_beta10000p0,ogbn-papers100M,FedAvg,64,42,10000.0,759,validation,0.3151,2.8853,0.3151,2.8853,2277,0.10454654693603516,0.10454654693603516,0.524390459060669,0.6289370059967041,484.41170930862427,0.524390459060669,0.6289370059967041,484.41170930862427
nc_papers100m_195trainer_0hop_balanced_local_bs64_800r,20260914_200157_ogbn-papers100M_FedAvg_bs64_seed42_beta10000p0,ogbn-papers100M,FedAvg,64,42,10000.0,760,validation,0.3153,2.8845,0.3153,2.8845,2280,0.10431814193725586,0.10431814193725586,0.5282132625579834,0.6325314044952393,485.0442407131195,0.5282132625579834,0.6325314044952393,485.0442407131195
nc_papers100m_195trainer_0hop_balanced_local_bs64_800r,20260914_200157_ogbn-papers100M_FedAvg_bs64_seed42_beta10000p0,ogbn-papers100M,FedAvg,64,42,10000.0,761,validation,0.3155,2.8844,0.3155,2.8844,2283,0.10878634452819824,0.10878634452819824,0.5303854942321777,0.639171838760376,485.6834125518799,0.5303854942321777,0.639171838760376,485.6834125518799
nc_papers100m_195trainer_0hop_balanced_local_bs64_800r,20260914_200157_ogbn-papers100M_FedAvg_bs64_seed42_beta10000p0,ogbn-papers100M,FedAvg,64,42,10000.0,762,validation,0.3155,2.8833,0.3155,2.8833,2286,0.10796499252319336,0.10796499252319336,0.5274183750152588,0.6353833675384521,486.31879591941833,0.5274183750152588,0.6353833675384521,486.31879591941833
nc_papers100m_195trainer_0hop_balanced_local_bs64_800r,20260914_200157_ogbn-papers100M_FedAvg_bs64_seed42_beta10000p0,ogbn-papers100M,FedAvg,64,42,10000.0,763,validation,0.3156,2.8829,0.3156,2.8829,2289,0.10536503791809082,0.10536503791809082,0.529343843460083,0.6347088813781738,486.9535048007965,0.529343843460083,0.6347088813781738,486.9535048007965
nc_papers100m_195trainer_0hop_balanced_local_bs64_800r,20260914_200157_ogbn-papers100M_FedAvg_bs64_seed42_beta10000p0,ogbn-papers100M,FedAvg,64,42,10000.0,764,validation,0.3156,2.8823,0.3156,2.8823,2292,0.10274028778076172,0.10274028778076172,0.5225725173950195,0.6253128051757812,487.5788176059723,0.5225725173950195,0.6253128051757812,487.5788176059723
nc_papers100m_195trainer_0hop_balanced_local_bs64_800r,20260914_200157_ogbn-papers100M_FedAvg_bs64_seed42_beta10000p0,ogbn-papers100M,FedAvg,64,42,10000.0,765,validation,0.3157,2.882,0.3157,2.882,2295,0.1036529541015625,0.1036529541015625,0.5261960029602051,0.6298489570617676,488.20866656303406,0.5261960029602051,0.6298489570617676,488.20866656303406
nc_papers100m_195trainer_0hop_balanced_local_bs64_800r,20260914_200157_ogbn-papers100M_FedAvg_bs64_seed42_beta10000p0,ogbn-papers100M,FedAvg,64,42,10000.0,766,validation,0.3158,2.8809,0.3158,2.8809,2298,0.10301828384399414,0.10301828384399414,0.5329575538635254,0.6359758377075195,488.8446424007416,0.5329575538635254,0.6359758377075195,488.8446424007416
nc_papers100m_195trainer_0hop_balanced_local_bs64_800r,20260914_200157_ogbn-papers100M_FedAvg_bs64_seed42_beta10000p0,ogbn-papers100M,FedAvg,64,42,10000.0,767,validation,0.3163,2.8797,0.3163,2.8797,2301,0.1042633056640625,0.1042633056640625,0.5383481979370117,0.6426115036010742,489.48725390434265,0.5383481979370117,0.6426115036010742,489.48725390434265
nc_papers100m_195trainer_0hop_balanced_local_bs64_800r,20260914_200157_ogbn-papers100M_FedAvg_bs64_seed42_beta10000p0,ogbn-papers100M,FedAvg,64,42,10000.0,768,validation,0.3164,2.8793,0.3164,2.8793,2304,0.10562968254089355,0.10562968254089355,0.55812668800354,0.6637563705444336,490.1510102748871,0.55812668800354,0.6637563705444336,490.1510102748871
nc_papers100m_195trainer_0hop_balanced_local_bs64_800r,20260914_200157_ogbn-papers100M_FedAvg_bs64_seed42_beta10000p0,ogbn-papers100M,FedAvg,64,42,10000.0,769,validation,0.3165,2.8785,0.3165,2.8785,2307,0.10479497909545898,0.10479497909545898,0.5225930213928223,0.6273880004882812,490.77839827537537,0.5225930213928223,0.6273880004882812,490.77839827537537
nc_papers100m_195trainer_0hop_balanced_local_bs64_800r,20260914_200157_ogbn-papers100M_FedAvg_bs64_seed42_beta10000p0,ogbn-papers100M,FedAvg,64,42,10000.0,770,validation,0.3164,2.8779,0.3164,2.8779,2310,0.10453581809997559,0.10453581809997559,0.5199558734893799,0.6244916915893555,491.4028899669647,0.5199558734893799,0.6244916915893555,491.4028899669647
nc_papers100m_195trainer_0hop_balanced_local_bs64_800r,20260914_200157_ogbn-papers100M_FedAvg_bs64_seed42_beta10000p0,ogbn-papers100M,FedAvg,64,42,10000.0,771,validation,0.3166,2.8768,0.3166,2.8768,2313,0.10402297973632812,0.10402297973632812,0.5229051113128662,0.6269280910491943,492.0298180580139,0.5229051113128662,0.6269280910491943,492.0298180580139
nc_papers100m_195trainer_0hop_balanced_local_bs64_800r,20260914_200157_ogbn-papers100M_FedAvg_bs64_seed42_beta10000p0,ogbn-papers100M,FedAvg,64,42,10000.0,772,validation,0.3167,2.8762,0.3167,2.8762,2316,0.10583949089050293,0.10583949089050293,0.5295491218566895,0.6353886127471924,492.6652066707611,0.5295491218566895,0.6353886127471924,492.6652066707611
nc_papers100m_195trainer_0hop_balanced_local_bs64_800r,20260914_200157_ogbn-papers100M_FedAvg_bs64_seed42_beta10000p0,ogbn-papers100M,FedAvg,64,42,10000.0,773,validation,0.3168,2.8757,0.3168,2.8757,2319,0.10948991775512695,0.10948991775512695,0.5300853252410889,0.6395752429962158,493.3047819137573,0.5300853252410889,0.6395752429962158,493.3047819137573
nc_papers100m_195trainer_0hop_balanced_local_bs64_800r,20260914_200157_ogbn-papers100M_FedAvg_bs64_seed42_beta10000p0,ogbn-papers100M,FedAvg,64,42,10000.0,774,validation,0.3169,2.8751,0.3169,2.8751,2322,0.10515737533569336,0.10515737533569336,0.5227234363555908,0.6278808116912842,493.9326627254486,0.5227234363555908,0.6278808116912842,493.9326627254486
nc_papers100m_195trainer_0hop_balanced_local_bs64_800r,20260914_200157_ogbn-papers100M_FedAvg_bs64_seed42_beta10000p0,ogbn-papers100M,FedAvg,64,42,10000.0,775,validation,0.3167,2.8755,0.3167,2.8755,2325,0.10522651672363281,0.10522651672363281,0.532717227935791,0.6379437446594238,494.57060647010803,0.532717227935791,0.6379437446594238,494.57060647010803
nc_papers100m_195trainer_0hop_balanced_local_bs64_800r,20260914_200157_ogbn-papers100M_FedAvg_bs64_seed42_beta10000p0,ogbn-papers100M,FedAvg,64,42,10000.0,776,validation,0.3173,2.8743,0.3173,2.8743,2328,0.10411548614501953,0.10411548614501953,0.5300884246826172,0.6342039108276367,495.20481038093567,0.5300884246826172,0.6342039108276367,495.20481038093567
nc_papers100m_195trainer_0hop_balanced_local_bs64_800r,20260914_200157_ogbn-papers100M_FedAvg_bs64_seed42_beta10000p0,ogbn-papers100M,FedAvg,64,42,10000.0,777,validation,0.3176,2.8741,0.3176,2.8741,2331,0.10380816459655762,0.10380816459655762,0.7048346996307373,0.8086428642272949,496.01345324516296,0.7048346996307373,0.8086428642272949,496.01345324516296
nc_papers100m_195trainer_0hop_balanced_local_bs64_800r,20260914_200157_ogbn-papers100M_FedAvg_bs64_seed42_beta10000p0,ogbn-papers100M,FedAvg,64,42,10000.0,778,validation,0.3178,2.8733,0.3178,2.8733,2334,0.10400700569152832,0.10400700569152832,0.5337362289428711,0.6377432346343994,496.65119647979736,0.5337362289428711,0.6377432346343994,496.65119647979736
nc_papers100m_195trainer_0hop_balanced_local_bs64_800r,20260914_200157_ogbn-papers100M_FedAvg_bs64_seed42_beta10000p0,ogbn-papers100M,FedAvg,64,42,10000.0,779,validation,0.318,2.8726,0.318,2.8726,2337,0.10656404495239258,0.10656404495239258,0.5344324111938477,0.6409964561462402,497.2921929359436,0.5344324111938477,0.6409964561462402,497.2921929359436
nc_papers100m_195trainer_0hop_balanced_local_bs64_800r,20260914_200157_ogbn-papers100M_FedAvg_bs64_seed42_beta10000p0,ogbn-papers100M,FedAvg,64,42,10000.0,780,validation,0.3179,2.8721,0.3179,2.8721,2340,0.10451865196228027,0.10451865196228027,0.5531387329101562,0.6576573848724365,497.94985032081604,0.5531387329101562,0.6576573848724365,497.94985032081604
nc_papers100m_195trainer_0hop_balanced_local_bs64_800r,20260914_200157_ogbn-papers100M_FedAvg_bs64_seed42_beta10000p0,ogbn-papers100M,FedAvg,64,42,10000.0,781,validation,0.3181,2.8718,0.3181,2.8718,2343,0.10337615013122559,0.10337615013122559,0.5617449283599854,0.6651210784912109,498.61497139930725,0.5617449283599854,0.6651210784912109,498.61497139930725
nc_papers100m_195trainer_0hop_balanced_local_bs64_800r,20260914_200157_ogbn-papers100M_FedAvg_bs64_seed42_beta10000p0,ogbn-papers100M,FedAvg,64,42,10000.0,782,validation,0.3186,2.8707,0.3186,2.8707,2346,0.10537552833557129,0.10537552833557129,0.5225069522857666,0.6278824806213379,499.2428538799286,0.5225069522857666,0.6278824806213379,499.2428538799286
nc_papers100m_195trainer_0hop_balanced_local_bs64_800r,20260914_200157_ogbn-papers100M_FedAvg_bs64_seed42_beta10000p0,ogbn-papers100M,FedAvg,64,42,10000.0,783,validation,0.3183,2.8703,0.3183,2.8703,2349,0.108062744140625,0.108062744140625,0.5212321281433105,0.6292948722839355,499.8721487522125,0.5212321281433105,0.6292948722839355,499.8721487522125
nc_papers100m_195trainer_0hop_balanced_local_bs64_800r,20260914_200157_ogbn-papers100M_FedAvg_bs64_seed42_beta10000p0,ogbn-papers100M,FedAvg,64,42,10000.0,784,validation,0.3184,2.8698,0.3184,2.8698,2352,0.10555243492126465,0.10555243492126465,0.5288567543029785,0.6344091892242432,500.50655794143677,0.5288567543029785,0.6344091892242432,500.50655794143677
nc_papers100m_195trainer_0hop_balanced_local_bs64_800r,20260914_200157_ogbn-papers100M_FedAvg_bs64_seed42_beta10000p0,ogbn-papers100M,FedAvg,64,42,10000.0,785,validation,0.3182,2.8697,0.3182,2.8697,2355,0.10816764831542969,0.10816764831542969,0.5315816402435303,0.63974928855896,501.1463072299957,0.5315816402435303,0.63974928855896,501.1463072299957
nc_papers100m_195trainer_0hop_balanced_local_bs64_800r,20260914_200157_ogbn-papers100M_FedAvg_bs64_seed42_beta10000p0,ogbn-papers100M,FedAvg,64,42,10000.0,786,validation,0.3185,2.8691,0.3185,2.8691,2358,0.10384869575500488,0.10384869575500488,0.5204575061798096,0.6243062019348145,501.77061343193054,0.5204575061798096,0.6243062019348145,501.77061343193054
nc_papers100m_195trainer_0hop_balanced_local_bs64_800r,20260914_200157_ogbn-papers100M_FedAvg_bs64_seed42_beta10000p0,ogbn-papers100M,FedAvg,64,42,10000.0,787,validation,0.3179,2.8685,0.3179,2.8685,2361,0.10571551322937012,0.10571551322937012,0.5236005783081055,0.6293160915374756,502.399929523468,0.5236005783081055,0.6293160915374756,502.399929523468
nc_papers100m_195trainer_0hop_balanced_local_bs64_800r,20260914_200157_ogbn-papers100M_FedAvg_bs64_seed42_beta10000p0,ogbn-papers100M,FedAvg,64,42,10000.0,788,validation,0.3183,2.867,0.3183,2.867,2364,0.10634326934814453,0.10634326934814453,0.5401184558868408,0.6464617252349854,503.046391248703,0.5401184558868408,0.6464617252349854,503.046391248703
nc_papers100m_195trainer_0hop_balanced_local_bs64_800r,20260914_200157_ogbn-papers100M_FedAvg_bs64_seed42_beta10000p0,ogbn-papers100M,FedAvg,64,42,10000.0,789,validation,0.3186,2.8662,0.3186,2.8662,2367,0.10453939437866211,0.10453939437866211,0.5380332469940186,0.6425726413726807,503.6889638900757,0.5380332469940186,0.6425726413726807,503.6889638900757
nc_papers100m_195trainer_0hop_balanced_local_bs64_800r,20260914_200157_ogbn-papers100M_FedAvg_bs64_seed42_beta10000p0,ogbn-papers100M,FedAvg,64,42,10000.0,790,validation,0.3189,2.8667,0.3189,2.8667,2370,0.10644841194152832,0.10644841194152832,0.5300145149230957,0.636462926864624,504.3254268169403,0.5300145149230957,0.636462926864624,504.3254268169403
nc_papers100m_195trainer_0hop_balanced_local_bs64_800r,20260914_200157_ogbn-papers100M_FedAvg_bs64_seed42_beta10000p0,ogbn-papers100M,FedAvg,64,42,10000.0,791,validation,0.319,2.8662,0.319,2.8662,2373,0.10586190223693848,0.10586190223693848,0.5233392715454102,0.6292011737823486,504.95462799072266,0.5233392715454102,0.6292011737823486,504.95462799072266
nc_papers100m_195trainer_0hop_balanced_local_bs64_800r,20260914_200157_ogbn-papers100M_FedAvg_bs64_seed42_beta10000p0,ogbn-papers100M,FedAvg,64,42,10000.0,792,validation,0.3189,2.866,0.3189,2.866,2376,0.1049494743347168,0.1049494743347168,0.5536220073699951,0.6585714817047119,505.61319947242737,0.5536220073699951,0.6585714817047119,505.61319947242737
nc_papers100m_195trainer_0hop_balanced_local_bs64_800r,20260914_200157_ogbn-papers100M_FedAvg_bs64_seed42_beta10000p0,ogbn-papers100M,FedAvg,64,42,10000.0,793,validation,0.3188,2.8651,0.3188,2.8651,2379,0.10158920288085938,0.10158920288085938,0.530756950378418,0.6323461532592773,506.24554562568665,0.530756950378418,0.6323461532592773,506.24554562568665
nc_papers100m_195trainer_0hop_balanced_local_bs64_800r,20260914_200157_ogbn-papers100M_FedAvg_bs64_seed42_beta10000p0,ogbn-papers100M,FedAvg,64,42,10000.0,794,validation,0.3191,2.8641,0.3191,2.8641,2382,0.10358905792236328,0.10358905792236328,0.536900520324707,0.6404895782470703,506.8860352039337,0.536900520324707,0.6404895782470703,506.8860352039337
nc_papers100m_195trainer_0hop_balanced_local_bs64_800r,20260914_200157_ogbn-papers100M_FedAvg_bs64_seed42_beta10000p0,ogbn-papers100M,FedAvg,64,42,10000.0,795,validation,0.3194,2.8631,0.3194,2.8631,2385,0.10458707809448242,0.10458707809448242,0.5366384983062744,0.6412255764007568,507.5272607803345,0.5366384983062744,0.6412255764007568,507.5272607803345
nc_papers100m_195trainer_0hop_balanced_local_bs64_800r,20260914_200157_ogbn-papers100M_FedAvg_bs64_seed42_beta10000p0,ogbn-papers100M,FedAvg,64,42,10000.0,796,validation,0.3196,2.8627,0.3196,2.8627,2388,0.10838603973388672,0.10838603973388672,0.5367221832275391,0.6451082229614258,508.1723690032959,0.5367221832275391,0.6451082229614258,508.1723690032959
nc_papers100m_195trainer_0hop_balanced_local_bs64_800r,20260914_200157_ogbn-papers100M_FedAvg_bs64_seed42_beta10000p0,ogbn-papers100M,FedAvg,64,42,10000.0,797,validation,0.3197,2.8619,0.3197,2.8619,2391,0.10580062866210938,0.10580062866210938,0.5255632400512695,0.6313638687133789,508.8037328720093,0.5255632400512695,0.6313638687133789,508.8037328720093
nc_papers100m_195trainer_0hop_balanced_local_bs64_800r,20260914_200157_ogbn-papers100M_FedAvg_bs64_seed42_beta10000p0,ogbn-papers100M,FedAvg,64,42,10000.0,798,validation,0.3196,2.862,0.3196,2.862,2394,0.10505557060241699,0.10505557060241699,0.5316441059112549,0.6366996765136719,509.44043254852295,0.5316441059112549,0.6366996765136719,509.44043254852295
nc_papers100m_195trainer_0hop_balanced_local_bs64_800r,20260914_200157_ogbn-papers100M_FedAvg_bs64_seed42_beta10000p0,ogbn-papers100M,FedAvg,64,42,10000.0,799,validation,0.3199,2.8611,0.3199,2.8611,2397,0.10363221168518066,0.10363221168518066,0.5430479049682617,0.6466801166534424,510.0871126651764,0.5430479049682617,0.6466801166534424,510.0871126651764
nc_papers100m_195trainer_0hop_balanced_local_bs64_800r,20260914_200157_ogbn-papers100M_FedAvg_bs64_seed42_beta10000p0,ogbn-papers100M,FedAvg,64,42,10000.0,800,validation,0.3198,2.8607,0.3198,2.8607,2400,0.1059417724609375,0.1059417724609375,0.536954402923584,0.6428961753845215,510.7300088405609,0.536954402923584,0.6428961753845215,510.7300088405609
