experiment_name,run_id,dataset,method,batch_size,seed,iid_beta,round,evaluation_split,evaluation_acc,evaluation_loss,val_acc,val_loss,local_steps,train_time_sec,training_time_sec,parameter_sync_time_sec,train_sync_time_sec,cumulative_train_sync_time_sec,comm_time_sec,train_comm_time_sec,cum_train_comm_time_sec
nc_papers100m_195trainer_0hop_balanced_local_bs16_800r_2,20260914_192750_ogbn-papers100M_FedAvg_bs16_seed42_beta10000p0,ogbn-papers100M,FedAvg,16,42,10000.0,1,validation,0.0057,5.1513,0.0057,5.1513,3,1.1824381351470947,1.1824381351470947,0.5539543628692627,1.7363924980163574,1.7363924980163574,0.5539543628692627,1.7363924980163574,1.7363924980163574
nc_papers100m_195trainer_0hop_balanced_local_bs16_800r_2,20260914_192750_ogbn-papers100M_FedAvg_bs16_seed42_beta10000p0,ogbn-papers100M,FedAvg,16,42,10000.0,2,validation,0.0076,5.145,0.0076,5.145,6,0.12102150917053223,0.12102150917053223,0.5236866474151611,0.6447081565856934,2.381100654602051,0.5236866474151611,0.6447081565856934,2.381100654602051
nc_papers100m_195trainer_0hop_balanced_local_bs16_800r_2,20260914_192750_ogbn-papers100M_FedAvg_bs16_seed42_beta10000p0,ogbn-papers100M,FedAvg,16,42,10000.0,3,validation,0.0096,5.1388,0.0096,5.1388,9,0.12190985679626465,0.12190985679626465,0.5183038711547852,0.6402137279510498,3.0213143825531006,0.5183038711547852,0.6402137279510498,3.0213143825531006
nc_papers100m_195trainer_0hop_balanced_local_bs16_800r_2,20260914_192750_ogbn-papers100M_FedAvg_bs16_seed42_beta10000p0,ogbn-papers100M,FedAvg,16,42,10000.0,4,validation,0.012,5.1325,0.012,5.1325,12,0.11486196517944336,0.11486196517944336,0.5175437927246094,0.6324057579040527,3.6537201404571533,0.5175437927246094,0.6324057579040527,3.6537201404571533
nc_papers100m_195trainer_0hop_balanced_local_bs16_800r_2,20260914_192750_ogbn-papers100M_FedAvg_bs16_seed42_beta10000p0,ogbn-papers100M,FedAvg,16,42,10000.0,5,validation,0.014,5.1256,0.014,5.1256,15,0.1125650405883789,0.1125650405883789,0.5120606422424316,0.6246256828308105,4.278345823287964,0.5120606422424316,0.6246256828308105,4.278345823287964
nc_papers100m_195trainer_0hop_balanced_local_bs16_800r_2,20260914_192750_ogbn-papers100M_FedAvg_bs16_seed42_beta10000p0,ogbn-papers100M,FedAvg,16,42,10000.0,6,validation,0.0161,5.1178,0.0161,5.1178,18,0.10842776298522949,0.10842776298522949,0.5240383148193359,0.6324660778045654,4.910811901092529,0.5240383148193359,0.6324660778045654,4.910811901092529
nc_papers100m_195trainer_0hop_balanced_local_bs16_800r_2,20260914_192750_ogbn-papers100M_FedAvg_bs16_seed42_beta10000p0,ogbn-papers100M,FedAvg,16,42,10000.0,7,validation,0.019,5.1087,0.019,5.1087,21,0.10675859451293945,0.10675859451293945,0.5185196399688721,0.6252782344818115,5.536090135574341,0.5185196399688721,0.6252782344818115,5.536090135574341
nc_papers100m_195trainer_0hop_balanced_local_bs16_800r_2,20260914_192750_ogbn-papers100M_FedAvg_bs16_seed42_beta10000p0,ogbn-papers100M,FedAvg,16,42,10000.0,8,validation,0.022,5.0986,0.022,5.0986,24,0.10587286949157715,0.10587286949157715,0.5129287242889404,0.6188015937805176,6.154891729354858,0.5129287242889404,0.6188015937805176,6.154891729354858
nc_papers100m_195trainer_0hop_balanced_local_bs16_800r_2,20260914_192750_ogbn-papers100M_FedAvg_bs16_seed42_beta10000p0,ogbn-papers100M,FedAvg,16,42,10000.0,9,validation,0.0256,5.0871,0.0256,5.0871,27,0.10869002342224121,0.10869002342224121,0.522702693939209,0.6313927173614502,6.786284446716309,0.522702693939209,0.6313927173614502,6.786284446716309
nc_papers100m_195trainer_0hop_balanced_local_bs16_800r_2,20260914_192750_ogbn-papers100M_FedAvg_bs16_seed42_beta10000p0,ogbn-papers100M,FedAvg,16,42,10000.0,10,validation,0.0289,5.0748,0.0289,5.0748,30,0.10431671142578125,0.10431671142578125,0.514127254486084,0.6184439659118652,7.404728412628174,0.514127254486084,0.6184439659118652,7.404728412628174
nc_papers100m_195trainer_0hop_balanced_local_bs16_800r_2,20260914_192750_ogbn-papers100M_FedAvg_bs16_seed42_beta10000p0,ogbn-papers100M,FedAvg,16,42,10000.0,11,validation,0.032,5.0613,0.032,5.0613,33,0.11443448066711426,0.11443448066711426,0.5156636238098145,0.6300981044769287,8.034826517105103,0.5156636238098145,0.6300981044769287,8.034826517105103
nc_papers100m_195trainer_0hop_balanced_local_bs16_800r_2,20260914_192750_ogbn-papers100M_FedAvg_bs16_seed42_beta10000p0,ogbn-papers100M,FedAvg,16,42,10000.0,12,validation,0.0353,5.0472,0.0353,5.0472,36,0.10368037223815918,0.10368037223815918,0.5131661891937256,0.6168465614318848,8.651673078536987,0.5131661891937256,0.6168465614318848,8.651673078536987
nc_papers100m_195trainer_0hop_balanced_local_bs16_800r_2,20260914_192750_ogbn-papers100M_FedAvg_bs16_seed42_beta10000p0,ogbn-papers100M,FedAvg,16,42,10000.0,13,validation,0.0379,5.033,0.0379,5.033,39,0.1087489128112793,0.1087489128112793,0.5135741233825684,0.6223230361938477,9.273996114730835,0.5135741233825684,0.6223230361938477,9.273996114730835
nc_papers100m_195trainer_0hop_balanced_local_bs16_800r_2,20260914_192750_ogbn-papers100M_FedAvg_bs16_seed42_beta10000p0,ogbn-papers100M,FedAvg,16,42,10000.0,14,validation,0.0407,5.0181,0.0407,5.0181,42,0.10679912567138672,0.10679912567138672,0.5114378929138184,0.6182370185852051,9.89223313331604,0.5114378929138184,0.6182370185852051,9.89223313331604
nc_papers100m_195trainer_0hop_balanced_local_bs16_800r_2,20260914_192750_ogbn-papers100M_FedAvg_bs16_seed42_beta10000p0,ogbn-papers100M,FedAvg,16,42,10000.0,15,validation,0.0429,5.0032,0.0429,5.0032,45,0.11000657081604004,0.11000657081604004,0.5178103446960449,0.627816915512085,10.520050048828125,0.5178103446960449,0.627816915512085,10.520050048828125
nc_papers100m_195trainer_0hop_balanced_local_bs16_800r_2,20260914_192750_ogbn-papers100M_FedAvg_bs16_seed42_beta10000p0,ogbn-papers100M,FedAvg,16,42,10000.0,16,validation,0.0451,4.9881,0.0451,4.9881,48,0.11140227317810059,0.11140227317810059,0.5104403495788574,0.621842622756958,11.141892671585083,0.5104403495788574,0.621842622756958,11.141892671585083
nc_papers100m_195trainer_0hop_balanced_local_bs16_800r_2,20260914_192750_ogbn-papers100M_FedAvg_bs16_seed42_beta10000p0,ogbn-papers100M,FedAvg,16,42,10000.0,17,validation,0.0468,4.9735,0.0468,4.9735,51,0.10724973678588867,0.10724973678588867,0.5084683895111084,0.6157181262969971,11.75761079788208,0.5084683895111084,0.6157181262969971,11.75761079788208
nc_papers100m_195trainer_0hop_balanced_local_bs16_800r_2,20260914_192750_ogbn-papers100M_FedAvg_bs16_seed42_beta10000p0,ogbn-papers100M,FedAvg,16,42,10000.0,18,validation,0.0484,4.9592,0.0484,4.9592,54,0.10296511650085449,0.10296511650085449,0.5144836902618408,0.6174488067626953,12.375059604644775,0.5144836902618408,0.6174488067626953,12.375059604644775
nc_papers100m_195trainer_0hop_balanced_local_bs16_800r_2,20260914_192750_ogbn-papers100M_FedAvg_bs16_seed42_beta10000p0,ogbn-papers100M,FedAvg,16,42,10000.0,19,validation,0.0499,4.9435,0.0499,4.9435,57,0.10462284088134766,0.10462284088134766,0.5560169219970703,0.660639762878418,13.035699367523193,0.5560169219970703,0.660639762878418,13.035699367523193
nc_papers100m_195trainer_0hop_balanced_local_bs16_800r_2,20260914_192750_ogbn-papers100M_FedAvg_bs16_seed42_beta10000p0,ogbn-papers100M,FedAvg,16,42,10000.0,20,validation,0.0517,4.9283,0.0517,4.9283,60,0.10218191146850586,0.10218191146850586,0.5180602073669434,0.6202421188354492,13.655941486358643,0.5180602073669434,0.6202421188354492,13.655941486358643
nc_papers100m_195trainer_0hop_balanced_local_bs16_800r_2,20260914_192750_ogbn-papers100M_FedAvg_bs16_seed42_beta10000p0,ogbn-papers100M,FedAvg,16,42,10000.0,21,validation,0.0531,4.9126,0.0531,4.9126,63,0.10811209678649902,0.10811209678649902,0.5110678672790527,0.6191799640655518,14.275121450424194,0.5110678672790527,0.6191799640655518,14.275121450424194
nc_papers100m_195trainer_0hop_balanced_local_bs16_800r_2,20260914_192750_ogbn-papers100M_FedAvg_bs16_seed42_beta10000p0,ogbn-papers100M,FedAvg,16,42,10000.0,22,validation,0.0545,4.8966,0.0545,4.8966,66,0.10525369644165039,0.10525369644165039,0.5061018466949463,0.6113555431365967,14.886476993560791,0.5061018466949463,0.6113555431365967,14.886476993560791
nc_papers100m_195trainer_0hop_balanced_local_bs16_800r_2,20260914_192750_ogbn-papers100M_FedAvg_bs16_seed42_beta10000p0,ogbn-papers100M,FedAvg,16,42,10000.0,23,validation,0.0563,4.8806,0.0563,4.8806,69,0.10384440422058105,0.10384440422058105,0.5070765018463135,0.6109209060668945,15.497397899627686,0.5070765018463135,0.6109209060668945,15.497397899627686
nc_papers100m_195trainer_0hop_balanced_local_bs16_800r_2,20260914_192750_ogbn-papers100M_FedAvg_bs16_seed42_beta10000p0,ogbn-papers100M,FedAvg,16,42,10000.0,24,validation,0.0578,4.8655,0.0578,4.8655,72,0.10588669776916504,0.10588669776916504,0.5224666595458984,0.6283533573150635,16.12575125694275,0.5224666595458984,0.6283533573150635,16.12575125694275
nc_papers100m_195trainer_0hop_balanced_local_bs16_800r_2,20260914_192750_ogbn-papers100M_FedAvg_bs16_seed42_beta10000p0,ogbn-papers100M,FedAvg,16,42,10000.0,25,validation,0.0592,4.8501,0.0592,4.8501,75,0.10799193382263184,0.10799193382263184,0.5129613876342773,0.6209533214569092,16.746704578399658,0.5129613876342773,0.6209533214569092,16.746704578399658
nc_papers100m_195trainer_0hop_balanced_local_bs16_800r_2,20260914_192750_ogbn-papers100M_FedAvg_bs16_seed42_beta10000p0,ogbn-papers100M,FedAvg,16,42,10000.0,26,validation,0.0611,4.8338,0.0611,4.8338,78,0.11071658134460449,0.11071658134460449,0.5127158164978027,0.6234323978424072,17.370136976242065,0.5127158164978027,0.6234323978424072,17.370136976242065
nc_papers100m_195trainer_0hop_balanced_local_bs16_800r_2,20260914_192750_ogbn-papers100M_FedAvg_bs16_seed42_beta10000p0,ogbn-papers100M,FedAvg,16,42,10000.0,27,validation,0.0632,4.8181,0.0632,4.8181,81,0.10849213600158691,0.10849213600158691,0.533616304397583,0.6421084403991699,18.012245416641235,0.533616304397583,0.6421084403991699,18.012245416641235
nc_papers100m_195trainer_0hop_balanced_local_bs16_800r_2,20260914_192750_ogbn-papers100M_FedAvg_bs16_seed42_beta10000p0,ogbn-papers100M,FedAvg,16,42,10000.0,28,validation,0.0648,4.8026,0.0648,4.8026,84,0.10291910171508789,0.10291910171508789,0.5142478942871094,0.6171669960021973,18.629412412643433,0.5142478942871094,0.6171669960021973,18.629412412643433
nc_papers100m_195trainer_0hop_balanced_local_bs16_800r_2,20260914_192750_ogbn-papers100M_FedAvg_bs16_seed42_beta10000p0,ogbn-papers100M,FedAvg,16,42,10000.0,29,validation,0.0663,4.7875,0.0663,4.7875,87,0.10323882102966309,0.10323882102966309,0.5165112018585205,0.6197500228881836,19.249162435531616,0.5165112018585205,0.6197500228881836,19.249162435531616
nc_papers100m_195trainer_0hop_balanced_local_bs16_800r_2,20260914_192750_ogbn-papers100M_FedAvg_bs16_seed42_beta10000p0,ogbn-papers100M,FedAvg,16,42,10000.0,30,validation,0.068,4.7731,0.068,4.7731,90,0.10155153274536133,0.10155153274536133,0.5175833702087402,0.6191349029541016,19.868297338485718,0.5175833702087402,0.6191349029541016,19.868297338485718
nc_papers100m_195trainer_0hop_balanced_local_bs16_800r_2,20260914_192750_ogbn-papers100M_FedAvg_bs16_seed42_beta10000p0,ogbn-papers100M,FedAvg,16,42,10000.0,31,validation,0.0695,4.7583,0.0695,4.7583,93,0.10723733901977539,0.10723733901977539,0.5092966556549072,0.6165339946746826,20.4848313331604,0.5092966556549072,0.6165339946746826,20.4848313331604
nc_papers100m_195trainer_0hop_balanced_local_bs16_800r_2,20260914_192750_ogbn-papers100M_FedAvg_bs16_seed42_beta10000p0,ogbn-papers100M,FedAvg,16,42,10000.0,32,validation,0.0709,4.7445,0.0709,4.7445,96,0.10922503471374512,0.10922503471374512,0.5236546993255615,0.6328797340393066,21.117711067199707,0.5236546993255615,0.6328797340393066,21.117711067199707
nc_papers100m_195trainer_0hop_balanced_local_bs16_800r_2,20260914_192750_ogbn-papers100M_FedAvg_bs16_seed42_beta10000p0,ogbn-papers100M,FedAvg,16,42,10000.0,33,validation,0.0721,4.7306,0.0721,4.7306,99,0.10136103630065918,0.10136103630065918,0.5180623531341553,0.6194233894348145,21.73713445663452,0.5180623531341553,0.6194233894348145,21.73713445663452
nc_papers100m_195trainer_0hop_balanced_local_bs16_800r_2,20260914_192750_ogbn-papers100M_FedAvg_bs16_seed42_beta10000p0,ogbn-papers100M,FedAvg,16,42,10000.0,34,validation,0.0738,4.7179,0.0738,4.7179,102,0.10285258293151855,0.10285258293151855,0.5271930694580078,0.6300456523895264,22.367180109024048,0.5271930694580078,0.6300456523895264,22.367180109024048
nc_papers100m_195trainer_0hop_balanced_local_bs16_800r_2,20260914_192750_ogbn-papers100M_FedAvg_bs16_seed42_beta10000p0,ogbn-papers100M,FedAvg,16,42,10000.0,35,validation,0.0755,4.7047,0.0755,4.7047,105,0.10294246673583984,0.10294246673583984,0.5242938995361328,0.6272363662719727,22.99441647529602,0.5242938995361328,0.6272363662719727,22.99441647529602
nc_papers100m_195trainer_0hop_balanced_local_bs16_800r_2,20260914_192750_ogbn-papers100M_FedAvg_bs16_seed42_beta10000p0,ogbn-papers100M,FedAvg,16,42,10000.0,36,validation,0.0768,4.6922,0.0768,4.6922,108,0.1046450138092041,0.1046450138092041,0.5162959098815918,0.6209409236907959,23.615357398986816,0.5162959098815918,0.6209409236907959,23.615357398986816
nc_papers100m_195trainer_0hop_balanced_local_bs16_800r_2,20260914_192750_ogbn-papers100M_FedAvg_bs16_seed42_beta10000p0,ogbn-papers100M,FedAvg,16,42,10000.0,37,validation,0.0784,4.6794,0.0784,4.6794,111,0.10652756690979004,0.10652756690979004,0.5023131370544434,0.6088407039642334,24.22419810295105,0.5023131370544434,0.6088407039642334,24.22419810295105
nc_papers100m_195trainer_0hop_balanced_local_bs16_800r_2,20260914_192750_ogbn-papers100M_FedAvg_bs16_seed42_beta10000p0,ogbn-papers100M,FedAvg,16,42,10000.0,38,validation,0.0799,4.6676,0.0799,4.6676,114,0.10627341270446777,0.10627341270446777,0.5154173374176025,0.6216907501220703,24.84588885307312,0.5154173374176025,0.6216907501220703,24.84588885307312
nc_papers100m_195trainer_0hop_balanced_local_bs16_800r_2,20260914_192750_ogbn-papers100M_FedAvg_bs16_seed42_beta10000p0,ogbn-papers100M,FedAvg,16,42,10000.0,39,validation,0.0812,4.6551,0.0812,4.6551,117,0.1037592887878418,0.1037592887878418,0.5109648704528809,0.6147241592407227,25.460613012313843,0.5109648704528809,0.6147241592407227,25.460613012313843
nc_papers100m_195trainer_0hop_balanced_local_bs16_800r_2,20260914_192750_ogbn-papers100M_FedAvg_bs16_seed42_beta10000p0,ogbn-papers100M,FedAvg,16,42,10000.0,40,validation,0.0826,4.6423,0.0826,4.6423,120,0.10416460037231445,0.10416460037231445,0.5139691829681396,0.6181337833404541,26.078746795654297,0.5139691829681396,0.6181337833404541,26.078746795654297
nc_papers100m_195trainer_0hop_balanced_local_bs16_800r_2,20260914_192750_ogbn-papers100M_FedAvg_bs16_seed42_beta10000p0,ogbn-papers100M,FedAvg,16,42,10000.0,41,validation,0.0838,4.6306,0.0838,4.6306,123,0.10449528694152832,0.10449528694152832,0.5110883712768555,0.6155836582183838,26.69433045387268,0.5110883712768555,0.6155836582183838,26.69433045387268
nc_papers100m_195trainer_0hop_balanced_local_bs16_800r_2,20260914_192750_ogbn-papers100M_FedAvg_bs16_seed42_beta10000p0,ogbn-papers100M,FedAvg,16,42,10000.0,42,validation,0.0856,4.619,0.0856,4.619,126,0.10915064811706543,0.10915064811706543,0.5128028392791748,0.6219534873962402,27.31628394126892,0.5128028392791748,0.6219534873962402,27.31628394126892
nc_papers100m_195trainer_0hop_balanced_local_bs16_800r_2,20260914_192750_ogbn-papers100M_FedAvg_bs16_seed42_beta10000p0,ogbn-papers100M,FedAvg,16,42,10000.0,43,validation,0.0867,4.6074,0.0867,4.6074,129,0.11079668998718262,0.11079668998718262,0.5192062854766846,0.6300029754638672,27.946286916732788,0.5192062854766846,0.6300029754638672,27.946286916732788
nc_papers100m_195trainer_0hop_balanced_local_bs16_800r_2,20260914_192750_ogbn-papers100M_FedAvg_bs16_seed42_beta10000p0,ogbn-papers100M,FedAvg,16,42,10000.0,44,validation,0.0882,4.596,0.0882,4.596,132,0.1024324893951416,0.1024324893951416,0.5205469131469727,0.6229794025421143,28.569266319274902,0.5205469131469727,0.6229794025421143,28.569266319274902
nc_papers100m_195trainer_0hop_balanced_local_bs16_800r_2,20260914_192750_ogbn-papers100M_FedAvg_bs16_seed42_beta10000p0,ogbn-papers100M,FedAvg,16,42,10000.0,45,validation,0.0892,4.5843,0.0892,4.5843,135,0.10158228874206543,0.10158228874206543,0.5062234401702881,0.6078057289123535,29.177072048187256,0.5062234401702881,0.6078057289123535,29.177072048187256
nc_papers100m_195trainer_0hop_balanced_local_bs16_800r_2,20260914_192750_ogbn-papers100M_FedAvg_bs16_seed42_beta10000p0,ogbn-papers100M,FedAvg,16,42,10000.0,46,validation,0.0902,4.5726,0.0902,4.5726,138,0.10506486892700195,0.10506486892700195,0.516880989074707,0.621945858001709,29.799017906188965,0.516880989074707,0.621945858001709,29.799017906188965
nc_papers100m_195trainer_0hop_balanced_local_bs16_800r_2,20260914_192750_ogbn-papers100M_FedAvg_bs16_seed42_beta10000p0,ogbn-papers100M,FedAvg,16,42,10000.0,47,validation,0.0918,4.5611,0.0918,4.5611,141,0.1069035530090332,0.1069035530090332,0.5182461738586426,0.6251497268676758,30.42416763305664,0.5182461738586426,0.6251497268676758,30.42416763305664
nc_papers100m_195trainer_0hop_balanced_local_bs16_800r_2,20260914_192750_ogbn-papers100M_FedAvg_bs16_seed42_beta10000p0,ogbn-papers100M,FedAvg,16,42,10000.0,48,validation,0.0929,4.5507,0.0929,4.5507,144,0.10590100288391113,0.10590100288391113,0.5185832977294922,0.6244843006134033,31.048651933670044,0.5185832977294922,0.6244843006134033,31.048651933670044
nc_papers100m_195trainer_0hop_balanced_local_bs16_800r_2,20260914_192750_ogbn-papers100M_FedAvg_bs16_seed42_beta10000p0,ogbn-papers100M,FedAvg,16,42,10000.0,49,validation,0.0942,4.5393,0.0942,4.5393,147,0.10299038887023926,0.10299038887023926,0.5164821147918701,0.6194725036621094,31.668124437332153,0.5164821147918701,0.6194725036621094,31.668124437332153
nc_papers100m_195trainer_0hop_balanced_local_bs16_800r_2,20260914_192750_ogbn-papers100M_FedAvg_bs16_seed42_beta10000p0,ogbn-papers100M,FedAvg,16,42,10000.0,50,validation,0.0956,4.5286,0.0956,4.5286,150,0.10137104988098145,0.10137104988098145,0.5159275531768799,0.6172986030578613,32.285423040390015,0.5159275531768799,0.6172986030578613,32.285423040390015
nc_papers100m_195trainer_0hop_balanced_local_bs16_800r_2,20260914_192750_ogbn-papers100M_FedAvg_bs16_seed42_beta10000p0,ogbn-papers100M,FedAvg,16,42,10000.0,51,validation,0.0969,4.5178,0.0969,4.5178,153,0.10168194770812988,0.10168194770812988,0.513526439666748,0.6152083873748779,32.90063142776489,0.513526439666748,0.6152083873748779,32.90063142776489
nc_papers100m_195trainer_0hop_balanced_local_bs16_800r_2,20260914_192750_ogbn-papers100M_FedAvg_bs16_seed42_beta10000p0,ogbn-papers100M,FedAvg,16,42,10000.0,52,validation,0.098,4.5065,0.098,4.5065,156,0.10208559036254883,0.10208559036254883,0.5113818645477295,0.6134674549102783,33.51409888267517,0.5113818645477295,0.6134674549102783,33.51409888267517
nc_papers100m_195trainer_0hop_balanced_local_bs16_800r_2,20260914_192750_ogbn-papers100M_FedAvg_bs16_seed42_beta10000p0,ogbn-papers100M,FedAvg,16,42,10000.0,53,validation,0.0995,4.4955,0.0995,4.4955,159,0.10629844665527344,0.10629844665527344,0.5150060653686523,0.6213045120239258,34.1354033946991,0.5150060653686523,0.6213045120239258,34.1354033946991
nc_papers100m_195trainer_0hop_balanced_local_bs16_800r_2,20260914_192750_ogbn-papers100M_FedAvg_bs16_seed42_beta10000p0,ogbn-papers100M,FedAvg,16,42,10000.0,54,validation,0.1005,4.4851,0.1005,4.4851,162,0.10654759407043457,0.10654759407043457,0.5117878913879395,0.618335485458374,34.75373888015747,0.5117878913879395,0.618335485458374,34.75373888015747
nc_papers100m_195trainer_0hop_balanced_local_bs16_800r_2,20260914_192750_ogbn-papers100M_FedAvg_bs16_seed42_beta10000p0,ogbn-papers100M,FedAvg,16,42,10000.0,55,validation,0.1019,4.4745,0.1019,4.4745,165,0.09990334510803223,0.09990334510803223,0.5137033462524414,0.6136066913604736,35.367345571517944,0.5137033462524414,0.6136066913604736,35.367345571517944
nc_papers100m_195trainer_0hop_balanced_local_bs16_800r_2,20260914_192750_ogbn-papers100M_FedAvg_bs16_seed42_beta10000p0,ogbn-papers100M,FedAvg,16,42,10000.0,56,validation,0.1029,4.4652,0.1029,4.4652,168,0.10291552543640137,0.10291552543640137,0.5128750801086426,0.615790605545044,35.98313617706299,0.5128750801086426,0.615790605545044,35.98313617706299
nc_papers100m_195trainer_0hop_balanced_local_bs16_800r_2,20260914_192750_ogbn-papers100M_FedAvg_bs16_seed42_beta10000p0,ogbn-papers100M,FedAvg,16,42,10000.0,57,validation,0.1041,4.4544,0.1041,4.4544,171,0.10118770599365234,0.10118770599365234,0.5142171382904053,0.6154048442840576,36.598541021347046,0.5142171382904053,0.6154048442840576,36.598541021347046
nc_papers100m_195trainer_0hop_balanced_local_bs16_800r_2,20260914_192750_ogbn-papers100M_FedAvg_bs16_seed42_beta10000p0,ogbn-papers100M,FedAvg,16,42,10000.0,58,validation,0.1052,4.4437,0.1052,4.4437,174,0.10651206970214844,0.10651206970214844,0.5216789245605469,0.6281909942626953,37.22673201560974,0.5216789245605469,0.6281909942626953,37.22673201560974
nc_papers100m_195trainer_0hop_balanced_local_bs16_800r_2,20260914_192750_ogbn-papers100M_FedAvg_bs16_seed42_beta10000p0,ogbn-papers100M,FedAvg,16,42,10000.0,59,validation,0.1066,4.4341,0.1066,4.4341,177,0.10560488700866699,0.10560488700866699,0.5078155994415283,0.6134204864501953,37.84015250205994,0.5078155994415283,0.6134204864501953,37.84015250205994
nc_papers100m_195trainer_0hop_balanced_local_bs16_800r_2,20260914_192750_ogbn-papers100M_FedAvg_bs16_seed42_beta10000p0,ogbn-papers100M,FedAvg,16,42,10000.0,60,validation,0.108,4.4242,0.108,4.4242,180,0.10490107536315918,0.10490107536315918,0.5258257389068604,0.6307268142700195,38.470879316329956,0.5258257389068604,0.6307268142700195,38.470879316329956
nc_papers100m_195trainer_0hop_balanced_local_bs16_800r_2,20260914_192750_ogbn-papers100M_FedAvg_bs16_seed42_beta10000p0,ogbn-papers100M,FedAvg,16,42,10000.0,61,validation,0.1092,4.4143,0.1092,4.4143,183,0.10408401489257812,0.10408401489257812,0.517869234085083,0.6219532489776611,39.09283256530762,0.517869234085083,0.6219532489776611,39.09283256530762
nc_papers100m_195trainer_0hop_balanced_local_bs16_800r_2,20260914_192750_ogbn-papers100M_FedAvg_bs16_seed42_beta10000p0,ogbn-papers100M,FedAvg,16,42,10000.0,62,validation,0.1107,4.4042,0.1107,4.4042,186,0.10118937492370605,0.10118937492370605,0.5123124122619629,0.613501787185669,39.706334352493286,0.5123124122619629,0.613501787185669,39.706334352493286
nc_papers100m_195trainer_0hop_balanced_local_bs16_800r_2,20260914_192750_ogbn-papers100M_FedAvg_bs16_seed42_beta10000p0,ogbn-papers100M,FedAvg,16,42,10000.0,63,validation,0.112,4.3936,0.112,4.3936,189,0.10201883316040039,0.10201883316040039,0.5254189968109131,0.6274378299713135,40.3337721824646,0.5254189968109131,0.6274378299713135,40.3337721824646
nc_papers100m_195trainer_0hop_balanced_local_bs16_800r_2,20260914_192750_ogbn-papers100M_FedAvg_bs16_seed42_beta10000p0,ogbn-papers100M,FedAvg,16,42,10000.0,64,validation,0.1133,4.3846,0.1133,4.3846,192,0.1054544448852539,0.1054544448852539,0.5080640316009521,0.613518476486206,40.947290658950806,0.5080640316009521,0.613518476486206,40.947290658950806
nc_papers100m_195trainer_0hop_balanced_local_bs16_800r_2,20260914_192750_ogbn-papers100M_FedAvg_bs16_seed42_beta10000p0,ogbn-papers100M,FedAvg,16,42,10000.0,65,validation,0.1147,4.3759,0.1147,4.3759,195,0.1100149154663086,0.1100149154663086,0.5098180770874023,0.6198329925537109,41.56712365150452,0.5098180770874023,0.6198329925537109,41.56712365150452
nc_papers100m_195trainer_0hop_balanced_local_bs16_800r_2,20260914_192750_ogbn-papers100M_FedAvg_bs16_seed42_beta10000p0,ogbn-papers100M,FedAvg,16,42,10000.0,66,validation,0.1157,4.3673,0.1157,4.3673,198,0.10502767562866211,0.10502767562866211,0.49970459938049316,0.6047322750091553,42.17185592651367,0.49970459938049316,0.6047322750091553,42.17185592651367
nc_papers100m_195trainer_0hop_balanced_local_bs16_800r_2,20260914_192750_ogbn-papers100M_FedAvg_bs16_seed42_beta10000p0,ogbn-papers100M,FedAvg,16,42,10000.0,67,validation,0.1165,4.3582,0.1165,4.3582,201,0.10234308242797852,0.10234308242797852,0.5164229869842529,0.6187660694122314,42.7906219959259,0.5164229869842529,0.6187660694122314,42.7906219959259
nc_papers100m_195trainer_0hop_balanced_local_bs16_800r_2,20260914_192750_ogbn-papers100M_FedAvg_bs16_seed42_beta10000p0,ogbn-papers100M,FedAvg,16,42,10000.0,68,validation,0.1175,4.3496,0.1175,4.3496,204,0.10244274139404297,0.10244274139404297,0.5388457775115967,0.6412885189056396,43.43191051483154,0.5388457775115967,0.6412885189056396,43.43191051483154
nc_papers100m_195trainer_0hop_balanced_local_bs16_800r_2,20260914_192750_ogbn-papers100M_FedAvg_bs16_seed42_beta10000p0,ogbn-papers100M,FedAvg,16,42,10000.0,69,validation,0.1191,4.3408,0.1191,4.3408,207,0.10756540298461914,0.10756540298461914,0.5087413787841797,0.6163067817687988,44.04821729660034,0.5087413787841797,0.6163067817687988,44.04821729660034
nc_papers100m_195trainer_0hop_balanced_local_bs16_800r_2,20260914_192750_ogbn-papers100M_FedAvg_bs16_seed42_beta10000p0,ogbn-papers100M,FedAvg,16,42,10000.0,70,validation,0.1201,4.3325,0.1201,4.3325,210,0.1083829402923584,0.1083829402923584,0.5080609321594238,0.6164438724517822,44.664661169052124,0.5080609321594238,0.6164438724517822,44.664661169052124
nc_papers100m_195trainer_0hop_balanced_local_bs16_800r_2,20260914_192750_ogbn-papers100M_FedAvg_bs16_seed42_beta10000p0,ogbn-papers100M,FedAvg,16,42,10000.0,71,validation,0.1221,4.323,0.1221,4.323,213,0.10839653015136719,0.10839653015136719,0.5151033401489258,0.623499870300293,45.28816103935242,0.5151033401489258,0.623499870300293,45.28816103935242
nc_papers100m_195trainer_0hop_balanced_local_bs16_800r_2,20260914_192750_ogbn-papers100M_FedAvg_bs16_seed42_beta10000p0,ogbn-papers100M,FedAvg,16,42,10000.0,72,validation,0.1232,4.314,0.1232,4.314,216,0.10427117347717285,0.10427117347717285,0.5205087661743164,0.6247799396514893,45.912940979003906,0.5205087661743164,0.6247799396514893,45.912940979003906
nc_papers100m_195trainer_0hop_balanced_local_bs16_800r_2,20260914_192750_ogbn-papers100M_FedAvg_bs16_seed42_beta10000p0,ogbn-papers100M,FedAvg,16,42,10000.0,73,validation,0.1244,4.305,0.1244,4.305,219,0.10144972801208496,0.10144972801208496,0.5240612030029297,0.6255109310150146,46.53845191001892,0.5240612030029297,0.6255109310150146,46.53845191001892
nc_papers100m_195trainer_0hop_balanced_local_bs16_800r_2,20260914_192750_ogbn-papers100M_FedAvg_bs16_seed42_beta10000p0,ogbn-papers100M,FedAvg,16,42,10000.0,74,validation,0.1259,4.2958,0.1259,4.2958,222,0.10297250747680664,0.10297250747680664,0.5286481380462646,0.6316206455230713,47.17007255554199,0.5286481380462646,0.6316206455230713,47.17007255554199
nc_papers100m_195trainer_0hop_balanced_local_bs16_800r_2,20260914_192750_ogbn-papers100M_FedAvg_bs16_seed42_beta10000p0,ogbn-papers100M,FedAvg,16,42,10000.0,75,validation,0.1273,4.2872,0.1273,4.2872,225,0.10869431495666504,0.10869431495666504,0.5212547779083252,0.6299490928649902,47.80002164840698,0.5212547779083252,0.6299490928649902,47.80002164840698
nc_papers100m_195trainer_0hop_balanced_local_bs16_800r_2,20260914_192750_ogbn-papers100M_FedAvg_bs16_seed42_beta10000p0,ogbn-papers100M,FedAvg,16,42,10000.0,76,validation,0.1285,4.2792,0.1285,4.2792,228,0.10828423500061035,0.10828423500061035,0.5196001529693604,0.6278843879699707,48.42790603637695,0.5196001529693604,0.6278843879699707,48.42790603637695
nc_papers100m_195trainer_0hop_balanced_local_bs16_800r_2,20260914_192750_ogbn-papers100M_FedAvg_bs16_seed42_beta10000p0,ogbn-papers100M,FedAvg,16,42,10000.0,77,validation,0.1294,4.2713,0.1294,4.2713,231,0.1020045280456543,0.1020045280456543,0.5143077373504639,0.6163122653961182,49.04421830177307,0.5143077373504639,0.6163122653961182,49.04421830177307
nc_papers100m_195trainer_0hop_balanced_local_bs16_800r_2,20260914_192750_ogbn-papers100M_FedAvg_bs16_seed42_beta10000p0,ogbn-papers100M,FedAvg,16,42,10000.0,78,validation,0.131,4.2625,0.131,4.2625,234,0.10459065437316895,0.10459065437316895,0.5171444416046143,0.6217350959777832,49.665953397750854,0.5171444416046143,0.6217350959777832,49.665953397750854
nc_papers100m_195trainer_0hop_balanced_local_bs16_800r_2,20260914_192750_ogbn-papers100M_FedAvg_bs16_seed42_beta10000p0,ogbn-papers100M,FedAvg,16,42,10000.0,79,validation,0.1325,4.2541,0.1325,4.2541,237,0.10247159004211426,0.10247159004211426,0.5135812759399414,0.6160528659820557,50.28200626373291,0.5135812759399414,0.6160528659820557,50.28200626373291
nc_papers100m_195trainer_0hop_balanced_local_bs16_800r_2,20260914_192750_ogbn-papers100M_FedAvg_bs16_seed42_beta10000p0,ogbn-papers100M,FedAvg,16,42,10000.0,80,validation,0.1337,4.2456,0.1337,4.2456,240,0.10549163818359375,0.10549163818359375,0.5113954544067383,0.616887092590332,50.89889335632324,0.5113954544067383,0.616887092590332,50.89889335632324
nc_papers100m_195trainer_0hop_balanced_local_bs16_800r_2,20260914_192750_ogbn-papers100M_FedAvg_bs16_seed42_beta10000p0,ogbn-papers100M,FedAvg,16,42,10000.0,81,validation,0.1349,4.2376,0.1349,4.2376,243,0.10762953758239746,0.10762953758239746,0.5258116722106934,0.6334412097930908,51.53233456611633,0.5258116722106934,0.6334412097930908,51.53233456611633
nc_papers100m_195trainer_0hop_balanced_local_bs16_800r_2,20260914_192750_ogbn-papers100M_FedAvg_bs16_seed42_beta10000p0,ogbn-papers100M,FedAvg,16,42,10000.0,82,validation,0.1361,4.2299,0.1361,4.2299,246,0.10975480079650879,0.10975480079650879,0.528825044631958,0.6385798454284668,52.1709144115448,0.528825044631958,0.6385798454284668,52.1709144115448
nc_papers100m_195trainer_0hop_balanced_local_bs16_800r_2,20260914_192750_ogbn-papers100M_FedAvg_bs16_seed42_beta10000p0,ogbn-papers100M,FedAvg,16,42,10000.0,83,validation,0.1374,4.2221,0.1374,4.2221,249,0.1055755615234375,0.1055755615234375,0.5131537914276123,0.6187293529510498,52.78964376449585,0.5131537914276123,0.6187293529510498,52.78964376449585
nc_papers100m_195trainer_0hop_balanced_local_bs16_800r_2,20260914_192750_ogbn-papers100M_FedAvg_bs16_seed42_beta10000p0,ogbn-papers100M,FedAvg,16,42,10000.0,84,validation,0.138,4.2149,0.138,4.2149,252,0.10267519950866699,0.10267519950866699,0.5151317119598389,0.6178069114685059,53.407450675964355,0.5151317119598389,0.6178069114685059,53.407450675964355
nc_papers100m_195trainer_0hop_balanced_local_bs16_800r_2,20260914_192750_ogbn-papers100M_FedAvg_bs16_seed42_beta10000p0,ogbn-papers100M,FedAvg,16,42,10000.0,85,validation,0.1391,4.207,0.1391,4.207,255,0.10540938377380371,0.10540938377380371,0.5155825614929199,0.6209919452667236,54.02844262123108,0.5155825614929199,0.6209919452667236,54.02844262123108
nc_papers100m_195trainer_0hop_balanced_local_bs16_800r_2,20260914_192750_ogbn-papers100M_FedAvg_bs16_seed42_beta10000p0,ogbn-papers100M,FedAvg,16,42,10000.0,86,validation,0.1403,4.1991,0.1403,4.1991,258,0.10722827911376953,0.10722827911376953,0.5115759372711182,0.6188042163848877,54.64724683761597,0.5115759372711182,0.6188042163848877,54.64724683761597
nc_papers100m_195trainer_0hop_balanced_local_bs16_800r_2,20260914_192750_ogbn-papers100M_FedAvg_bs16_seed42_beta10000p0,ogbn-papers100M,FedAvg,16,42,10000.0,87,validation,0.1417,4.1918,0.1417,4.1918,261,0.11064982414245605,0.11064982414245605,0.5155558586120605,0.6262056827545166,55.27345252037048,0.5155558586120605,0.6262056827545166,55.27345252037048
nc_papers100m_195trainer_0hop_balanced_local_bs16_800r_2,20260914_192750_ogbn-papers100M_FedAvg_bs16_seed42_beta10000p0,ogbn-papers100M,FedAvg,16,42,10000.0,88,validation,0.1431,4.1839,0.1431,4.1839,264,0.10181427001953125,0.10181427001953125,0.5074954032897949,0.6093096733093262,55.88276219367981,0.5074954032897949,0.6093096733093262,55.88276219367981
nc_papers100m_195trainer_0hop_balanced_local_bs16_800r_2,20260914_192750_ogbn-papers100M_FedAvg_bs16_seed42_beta10000p0,ogbn-papers100M,FedAvg,16,42,10000.0,89,validation,0.1446,4.1769,0.1446,4.1769,267,0.1020965576171875,0.1020965576171875,0.5161387920379639,0.6182353496551514,56.50099754333496,0.5161387920379639,0.6182353496551514,56.50099754333496
nc_papers100m_195trainer_0hop_balanced_local_bs16_800r_2,20260914_192750_ogbn-papers100M_FedAvg_bs16_seed42_beta10000p0,ogbn-papers100M,FedAvg,16,42,10000.0,90,validation,0.1455,4.1703,0.1455,4.1703,270,0.10340428352355957,0.10340428352355957,0.5143320560455322,0.6177363395690918,57.11873388290405,0.5143320560455322,0.6177363395690918,57.11873388290405
nc_papers100m_195trainer_0hop_balanced_local_bs16_800r_2,20260914_192750_ogbn-papers100M_FedAvg_bs16_seed42_beta10000p0,ogbn-papers100M,FedAvg,16,42,10000.0,91,validation,0.1466,4.1626,0.1466,4.1626,273,0.10315632820129395,0.10315632820129395,0.5210587978363037,0.6242151260375977,57.74294900894165,0.5210587978363037,0.6242151260375977,57.74294900894165
nc_papers100m_195trainer_0hop_balanced_local_bs16_800r_2,20260914_192750_ogbn-papers100M_FedAvg_bs16_seed42_beta10000p0,ogbn-papers100M,FedAvg,16,42,10000.0,92,validation,0.1477,4.1554,0.1477,4.1554,276,0.11047577857971191,0.11047577857971191,0.5093345642089844,0.6198103427886963,58.36275935173035,0.5093345642089844,0.6198103427886963,58.36275935173035
nc_papers100m_195trainer_0hop_balanced_local_bs16_800r_2,20260914_192750_ogbn-papers100M_FedAvg_bs16_seed42_beta10000p0,ogbn-papers100M,FedAvg,16,42,10000.0,93,validation,0.1485,4.1483,0.1485,4.1483,279,0.10515856742858887,0.10515856742858887,0.5088987350463867,0.6140573024749756,58.97681665420532,0.5088987350463867,0.6140573024749756,58.97681665420532
nc_papers100m_195trainer_0hop_balanced_local_bs16_800r_2,20260914_192750_ogbn-papers100M_FedAvg_bs16_seed42_beta10000p0,ogbn-papers100M,FedAvg,16,42,10000.0,94,validation,0.1501,4.1414,0.1501,4.1414,282,0.10134577751159668,0.10134577751159668,0.5113503932952881,0.6126961708068848,59.58951282501221,0.5113503932952881,0.6126961708068848,59.58951282501221
nc_papers100m_195trainer_0hop_balanced_local_bs16_800r_2,20260914_192750_ogbn-papers100M_FedAvg_bs16_seed42_beta10000p0,ogbn-papers100M,FedAvg,16,42,10000.0,95,validation,0.151,4.134,0.151,4.134,285,0.10614514350891113,0.10614514350891113,0.5068187713623047,0.6129639148712158,60.20247673988342,0.5068187713623047,0.6129639148712158,60.20247673988342
nc_papers100m_195trainer_0hop_balanced_local_bs16_800r_2,20260914_192750_ogbn-papers100M_FedAvg_bs16_seed42_beta10000p0,ogbn-papers100M,FedAvg,16,42,10000.0,96,validation,0.1516,4.1272,0.1516,4.1272,288,0.10560417175292969,0.10560417175292969,0.5176732540130615,0.6232774257659912,60.825754165649414,0.5176732540130615,0.6232774257659912,60.825754165649414
nc_papers100m_195trainer_0hop_balanced_local_bs16_800r_2,20260914_192750_ogbn-papers100M_FedAvg_bs16_seed42_beta10000p0,ogbn-papers100M,FedAvg,16,42,10000.0,97,validation,0.1525,4.1201,0.1525,4.1201,291,0.10675048828125,0.10675048828125,0.5143709182739258,0.6211214065551758,61.44687557220459,0.5143709182739258,0.6211214065551758,61.44687557220459
nc_papers100m_195trainer_0hop_balanced_local_bs16_800r_2,20260914_192750_ogbn-papers100M_FedAvg_bs16_seed42_beta10000p0,ogbn-papers100M,FedAvg,16,42,10000.0,98,validation,0.1532,4.1127,0.1532,4.1127,294,0.10359477996826172,0.10359477996826172,0.6679480075836182,0.7715427875518799,62.21841835975647,0.6679480075836182,0.7715427875518799,62.21841835975647
nc_papers100m_195trainer_0hop_balanced_local_bs16_800r_2,20260914_192750_ogbn-papers100M_FedAvg_bs16_seed42_beta10000p0,ogbn-papers100M,FedAvg,16,42,10000.0,99,validation,0.1542,4.1066,0.1542,4.1066,297,0.10595583915710449,0.10595583915710449,0.5197620391845703,0.6257178783416748,62.844136238098145,0.5197620391845703,0.6257178783416748,62.844136238098145
nc_papers100m_195trainer_0hop_balanced_local_bs16_800r_2,20260914_192750_ogbn-papers100M_FedAvg_bs16_seed42_beta10000p0,ogbn-papers100M,FedAvg,16,42,10000.0,100,validation,0.1555,4.099,0.1555,4.099,300,0.10214018821716309,0.10214018821716309,0.5201947689056396,0.6223349571228027,63.46647119522095,0.5201947689056396,0.6223349571228027,63.46647119522095
nc_papers100m_195trainer_0hop_balanced_local_bs16_800r_2,20260914_192750_ogbn-papers100M_FedAvg_bs16_seed42_beta10000p0,ogbn-papers100M,FedAvg,16,42,10000.0,101,validation,0.1566,4.0923,0.1566,4.0923,303,0.10735702514648438,0.10735702514648438,0.5155606269836426,0.622917652130127,64.08938884735107,0.5155606269836426,0.622917652130127,64.08938884735107
nc_papers100m_195trainer_0hop_balanced_local_bs16_800r_2,20260914_192750_ogbn-papers100M_FedAvg_bs16_seed42_beta10000p0,ogbn-papers100M,FedAvg,16,42,10000.0,102,validation,0.1573,4.0857,0.1573,4.0857,306,0.10689973831176758,0.10689973831176758,0.5184197425842285,0.6253194808959961,64.71470832824707,0.5184197425842285,0.6253194808959961,64.71470832824707
nc_papers100m_195trainer_0hop_balanced_local_bs16_800r_2,20260914_192750_ogbn-papers100M_FedAvg_bs16_seed42_beta10000p0,ogbn-papers100M,FedAvg,16,42,10000.0,103,validation,0.1583,4.0788,0.1583,4.0788,309,0.1061868667602539,0.1061868667602539,0.5130019187927246,0.6191887855529785,65.33389711380005,0.5130019187927246,0.6191887855529785,65.33389711380005
nc_papers100m_195trainer_0hop_balanced_local_bs16_800r_2,20260914_192750_ogbn-papers100M_FedAvg_bs16_seed42_beta10000p0,ogbn-papers100M,FedAvg,16,42,10000.0,104,validation,0.1596,4.0724,0.1596,4.0724,312,0.10587739944458008,0.10587739944458008,0.5134508609771729,0.6193282604217529,65.9532253742218,0.5134508609771729,0.6193282604217529,65.9532253742218
nc_papers100m_195trainer_0hop_balanced_local_bs16_800r_2,20260914_192750_ogbn-papers100M_FedAvg_bs16_seed42_beta10000p0,ogbn-papers100M,FedAvg,16,42,10000.0,105,validation,0.1604,4.0658,0.1604,4.0658,315,0.10349798202514648,0.10349798202514648,0.521653413772583,0.6251513957977295,66.57837677001953,0.521653413772583,0.6251513957977295,66.57837677001953
nc_papers100m_195trainer_0hop_balanced_local_bs16_800r_2,20260914_192750_ogbn-papers100M_FedAvg_bs16_seed42_beta10000p0,ogbn-papers100M,FedAvg,16,42,10000.0,106,validation,0.1614,4.0601,0.1614,4.0601,318,0.10312533378601074,0.10312533378601074,0.5198581218719482,0.622983455657959,67.20136022567749,0.5198581218719482,0.622983455657959,67.20136022567749
nc_papers100m_195trainer_0hop_balanced_local_bs16_800r_2,20260914_192750_ogbn-papers100M_FedAvg_bs16_seed42_beta10000p0,ogbn-papers100M,FedAvg,16,42,10000.0,107,validation,0.1621,4.0544,0.1621,4.0544,321,0.10526227951049805,0.10526227951049805,0.5123577117919922,0.6176199913024902,67.81898021697998,0.5123577117919922,0.6176199913024902,67.81898021697998
nc_papers100m_195trainer_0hop_balanced_local_bs16_800r_2,20260914_192750_ogbn-papers100M_FedAvg_bs16_seed42_beta10000p0,ogbn-papers100M,FedAvg,16,42,10000.0,108,validation,0.1631,4.0477,0.1631,4.0477,324,0.10705280303955078,0.10705280303955078,0.5067272186279297,0.6137800216674805,68.43276023864746,0.5067272186279297,0.6137800216674805,68.43276023864746
nc_papers100m_195trainer_0hop_balanced_local_bs16_800r_2,20260914_192750_ogbn-papers100M_FedAvg_bs16_seed42_beta10000p0,ogbn-papers100M,FedAvg,16,42,10000.0,109,validation,0.1641,4.0415,0.1641,4.0415,327,0.1048121452331543,0.1048121452331543,0.5538465976715088,0.6586587429046631,69.09141898155212,0.5538465976715088,0.6586587429046631,69.09141898155212
nc_papers100m_195trainer_0hop_balanced_local_bs16_800r_2,20260914_192750_ogbn-papers100M_FedAvg_bs16_seed42_beta10000p0,ogbn-papers100M,FedAvg,16,42,10000.0,110,validation,0.165,4.0358,0.165,4.0358,330,0.10151171684265137,0.10151171684265137,0.5156149864196777,0.6171267032623291,69.70854568481445,0.5156149864196777,0.6171267032623291,69.70854568481445
nc_papers100m_195trainer_0hop_balanced_local_bs16_800r_2,20260914_192750_ogbn-papers100M_FedAvg_bs16_seed42_beta10000p0,ogbn-papers100M,FedAvg,16,42,10000.0,111,validation,0.166,4.0297,0.166,4.0297,333,0.10233592987060547,0.10233592987060547,0.5106766223907471,0.6130125522613525,70.3215582370758,0.5106766223907471,0.6130125522613525,70.3215582370758
nc_papers100m_195trainer_0hop_balanced_local_bs16_800r_2,20260914_192750_ogbn-papers100M_FedAvg_bs16_seed42_beta10000p0,ogbn-papers100M,FedAvg,16,42,10000.0,112,validation,0.1667,4.0238,0.1667,4.0238,336,0.10493731498718262,0.10493731498718262,0.517265796661377,0.6222031116485596,70.94376134872437,0.517265796661377,0.6222031116485596,70.94376134872437
nc_papers100m_195trainer_0hop_balanced_local_bs16_800r_2,20260914_192750_ogbn-papers100M_FedAvg_bs16_seed42_beta10000p0,ogbn-papers100M,FedAvg,16,42,10000.0,113,validation,0.1678,4.017,0.1678,4.017,339,0.10633635520935059,0.10633635520935059,0.5223608016967773,0.6286971569061279,71.5724585056305,0.5223608016967773,0.6286971569061279,71.5724585056305
nc_papers100m_195trainer_0hop_balanced_local_bs16_800r_2,20260914_192750_ogbn-papers100M_FedAvg_bs16_seed42_beta10000p0,ogbn-papers100M,FedAvg,16,42,10000.0,114,validation,0.1686,4.0119,0.1686,4.0119,342,0.10614442825317383,0.10614442825317383,0.5176119804382324,0.6237564086914062,72.1962149143219,0.5176119804382324,0.6237564086914062,72.1962149143219
nc_papers100m_195trainer_0hop_balanced_local_bs16_800r_2,20260914_192750_ogbn-papers100M_FedAvg_bs16_seed42_beta10000p0,ogbn-papers100M,FedAvg,16,42,10000.0,115,validation,0.1693,4.006,0.1693,4.006,345,0.10223007202148438,0.10223007202148438,0.5179460048675537,0.6201760768890381,72.81639099121094,0.5179460048675537,0.6201760768890381,72.81639099121094
nc_papers100m_195trainer_0hop_balanced_local_bs16_800r_2,20260914_192750_ogbn-papers100M_FedAvg_bs16_seed42_beta10000p0,ogbn-papers100M,FedAvg,16,42,10000.0,116,validation,0.1701,4.0007,0.1701,4.0007,348,0.10328149795532227,0.10328149795532227,0.5169222354888916,0.6202037334442139,73.43659472465515,0.5169222354888916,0.6202037334442139,73.43659472465515
nc_papers100m_195trainer_0hop_balanced_local_bs16_800r_2,20260914_192750_ogbn-papers100M_FedAvg_bs16_seed42_beta10000p0,ogbn-papers100M,FedAvg,16,42,10000.0,117,validation,0.1715,3.9948,0.1715,3.9948,351,0.10135626792907715,0.10135626792907715,0.5325093269348145,0.6338655948638916,74.07046031951904,0.5325093269348145,0.6338655948638916,74.07046031951904
nc_papers100m_195trainer_0hop_balanced_local_bs16_800r_2,20260914_192750_ogbn-papers100M_FedAvg_bs16_seed42_beta10000p0,ogbn-papers100M,FedAvg,16,42,10000.0,118,validation,0.1722,3.9893,0.1722,3.9893,354,0.10925078392028809,0.10925078392028809,0.5161099433898926,0.6253607273101807,74.69582104682922,0.5161099433898926,0.6253607273101807,74.69582104682922
nc_papers100m_195trainer_0hop_balanced_local_bs16_800r_2,20260914_192750_ogbn-papers100M_FedAvg_bs16_seed42_beta10000p0,ogbn-papers100M,FedAvg,16,42,10000.0,119,validation,0.173,3.9852,0.173,3.9852,357,0.10243797302246094,0.10243797302246094,0.5159204006195068,0.6183583736419678,75.31417942047119,0.5159204006195068,0.6183583736419678,75.31417942047119
nc_papers100m_195trainer_0hop_balanced_local_bs16_800r_2,20260914_192750_ogbn-papers100M_FedAvg_bs16_seed42_beta10000p0,ogbn-papers100M,FedAvg,16,42,10000.0,120,validation,0.1737,3.9798,0.1737,3.9798,360,0.10472679138183594,0.10472679138183594,0.5115242004394531,0.6162509918212891,75.93043041229248,0.5115242004394531,0.6162509918212891,75.93043041229248
nc_papers100m_195trainer_0hop_balanced_local_bs16_800r_2,20260914_192750_ogbn-papers100M_FedAvg_bs16_seed42_beta10000p0,ogbn-papers100M,FedAvg,16,42,10000.0,121,validation,0.1748,3.9743,0.1748,3.9743,363,0.1046607494354248,0.1046607494354248,0.5089917182922363,0.6136524677276611,76.54408288002014,0.5089917182922363,0.6136524677276611,76.54408288002014
nc_papers100m_195trainer_0hop_balanced_local_bs16_800r_2,20260914_192750_ogbn-papers100M_FedAvg_bs16_seed42_beta10000p0,ogbn-papers100M,FedAvg,16,42,10000.0,122,validation,0.1761,3.9681,0.1761,3.9681,366,0.10262393951416016,0.10262393951416016,0.5173230171203613,0.6199469566345215,77.16402983665466,0.5173230171203613,0.6199469566345215,77.16402983665466
nc_papers100m_195trainer_0hop_balanced_local_bs16_800r_2,20260914_192750_ogbn-papers100M_FedAvg_bs16_seed42_beta10000p0,ogbn-papers100M,FedAvg,16,42,10000.0,123,validation,0.1768,3.9624,0.1768,3.9624,369,0.10442376136779785,0.10442376136779785,0.5181014537811279,0.6225252151489258,77.78655505180359,0.5181014537811279,0.6225252151489258,77.78655505180359
nc_papers100m_195trainer_0hop_balanced_local_bs16_800r_2,20260914_192750_ogbn-papers100M_FedAvg_bs16_seed42_beta10000p0,ogbn-papers100M,FedAvg,16,42,10000.0,124,validation,0.1778,3.957,0.1778,3.957,372,0.1052851676940918,0.1052851676940918,0.5224289894104004,0.6277141571044922,78.41426920890808,0.5224289894104004,0.6277141571044922,78.41426920890808
nc_papers100m_195trainer_0hop_balanced_local_bs16_800r_2,20260914_192750_ogbn-papers100M_FedAvg_bs16_seed42_beta10000p0,ogbn-papers100M,FedAvg,16,42,10000.0,125,validation,0.1784,3.9521,0.1784,3.9521,375,0.1079871654510498,0.1079871654510498,0.5259332656860352,0.633920431137085,79.04818964004517,0.5259332656860352,0.633920431137085,79.04818964004517
nc_papers100m_195trainer_0hop_balanced_local_bs16_800r_2,20260914_192750_ogbn-papers100M_FedAvg_bs16_seed42_beta10000p0,ogbn-papers100M,FedAvg,16,42,10000.0,126,validation,0.1789,3.9472,0.1789,3.9472,378,0.10561394691467285,0.10561394691467285,0.5127553939819336,0.6183693408966064,79.66655898094177,0.5127553939819336,0.6183693408966064,79.66655898094177
nc_papers100m_195trainer_0hop_balanced_local_bs16_800r_2,20260914_192750_ogbn-papers100M_FedAvg_bs16_seed42_beta10000p0,ogbn-papers100M,FedAvg,16,42,10000.0,127,validation,0.1796,3.9423,0.1796,3.9423,381,0.10259008407592773,0.10259008407592773,0.5138523578643799,0.6164424419403076,80.28300142288208,0.5138523578643799,0.6164424419403076,80.28300142288208
nc_papers100m_195trainer_0hop_balanced_local_bs16_800r_2,20260914_192750_ogbn-papers100M_FedAvg_bs16_seed42_beta10000p0,ogbn-papers100M,FedAvg,16,42,10000.0,128,validation,0.181,3.9364,0.181,3.9364,384,0.10184597969055176,0.10184597969055176,0.5126750469207764,0.6145210266113281,80.89752244949341,0.5126750469207764,0.6145210266113281,80.89752244949341
nc_papers100m_195trainer_0hop_balanced_local_bs16_800r_2,20260914_192750_ogbn-papers100M_FedAvg_bs16_seed42_beta10000p0,ogbn-papers100M,FedAvg,16,42,10000.0,129,validation,0.1815,3.9318,0.1815,3.9318,387,0.1065065860748291,0.1065065860748291,0.5231852531433105,0.6296918392181396,81.52721428871155,0.5231852531433105,0.6296918392181396,81.52721428871155
nc_papers100m_195trainer_0hop_balanced_local_bs16_800r_2,20260914_192750_ogbn-papers100M_FedAvg_bs16_seed42_beta10000p0,ogbn-papers100M,FedAvg,16,42,10000.0,130,validation,0.1818,3.9268,0.1818,3.9268,390,0.1089026927947998,0.1089026927947998,0.5222222805023193,0.6311249732971191,82.15833926200867,0.5222222805023193,0.6311249732971191,82.15833926200867
nc_papers100m_195trainer_0hop_balanced_local_bs16_800r_2,20260914_192750_ogbn-papers100M_FedAvg_bs16_seed42_beta10000p0,ogbn-papers100M,FedAvg,16,42,10000.0,131,validation,0.1823,3.9219,0.1823,3.9219,393,0.10794711112976074,0.10794711112976074,0.5163047313690186,0.6242518424987793,82.78259110450745,0.5163047313690186,0.6242518424987793,82.78259110450745
nc_papers100m_195trainer_0hop_balanced_local_bs16_800r_2,20260914_192750_ogbn-papers100M_FedAvg_bs16_seed42_beta10000p0,ogbn-papers100M,FedAvg,16,42,10000.0,132,validation,0.1833,3.9159,0.1833,3.9159,396,0.10219264030456543,0.10219264030456543,0.518862247467041,0.6210548877716064,83.40364599227905,0.518862247467041,0.6210548877716064,83.40364599227905
nc_papers100m_195trainer_0hop_balanced_local_bs16_800r_2,20260914_192750_ogbn-papers100M_FedAvg_bs16_seed42_beta10000p0,ogbn-papers100M,FedAvg,16,42,10000.0,133,validation,0.1838,3.91,0.1838,3.91,399,0.10221552848815918,0.10221552848815918,0.5167460441589355,0.6189615726470947,84.02260756492615,0.5167460441589355,0.6189615726470947,84.02260756492615
nc_papers100m_195trainer_0hop_balanced_local_bs16_800r_2,20260914_192750_ogbn-papers100M_FedAvg_bs16_seed42_beta10000p0,ogbn-papers100M,FedAvg,16,42,10000.0,134,validation,0.1854,3.9047,0.1854,3.9047,402,0.10415482521057129,0.10415482521057129,0.519939661026001,0.6240944862365723,84.64670205116272,0.519939661026001,0.6240944862365723,84.64670205116272
nc_papers100m_195trainer_0hop_balanced_local_bs16_800r_2,20260914_192750_ogbn-papers100M_FedAvg_bs16_seed42_beta10000p0,ogbn-papers100M,FedAvg,16,42,10000.0,135,validation,0.1863,3.9,0.1863,3.9,405,0.10513591766357422,0.10513591766357422,0.5165536403656006,0.6216895580291748,85.2683916091919,0.5165536403656006,0.6216895580291748,85.2683916091919
nc_papers100m_195trainer_0hop_balanced_local_bs16_800r_2,20260914_192750_ogbn-papers100M_FedAvg_bs16_seed42_beta10000p0,ogbn-papers100M,FedAvg,16,42,10000.0,136,validation,0.1871,3.8951,0.1871,3.8951,408,0.10705399513244629,0.10705399513244629,0.5170845985412598,0.624138593673706,85.8925302028656,0.5170845985412598,0.624138593673706,85.8925302028656
nc_papers100m_195trainer_0hop_balanced_local_bs16_800r_2,20260914_192750_ogbn-papers100M_FedAvg_bs16_seed42_beta10000p0,ogbn-papers100M,FedAvg,16,42,10000.0,137,validation,0.1877,3.8905,0.1877,3.8905,411,0.10224437713623047,0.10224437713623047,0.5241403579711914,0.6263847351074219,86.51891493797302,0.5241403579711914,0.6263847351074219,86.51891493797302
nc_papers100m_195trainer_0hop_balanced_local_bs16_800r_2,20260914_192750_ogbn-papers100M_FedAvg_bs16_seed42_beta10000p0,ogbn-papers100M,FedAvg,16,42,10000.0,138,validation,0.188,3.8861,0.188,3.8861,414,0.10201764106750488,0.10201764106750488,0.5173368453979492,0.6193544864654541,87.13826942443848,0.5173368453979492,0.6193544864654541,87.13826942443848
nc_papers100m_195trainer_0hop_balanced_local_bs16_800r_2,20260914_192750_ogbn-papers100M_FedAvg_bs16_seed42_beta10000p0,ogbn-papers100M,FedAvg,16,42,10000.0,139,validation,0.1888,3.8813,0.1888,3.8813,417,0.10462188720703125,0.10462188720703125,0.5234017372131348,0.628023624420166,87.76629304885864,0.5234017372131348,0.628023624420166,87.76629304885864
nc_papers100m_195trainer_0hop_balanced_local_bs16_800r_2,20260914_192750_ogbn-papers100M_FedAvg_bs16_seed42_beta10000p0,ogbn-papers100M,FedAvg,16,42,10000.0,140,validation,0.1894,3.8768,0.1894,3.8768,420,0.10321545600891113,0.10321545600891113,0.5176651477813721,0.6208806037902832,88.38717365264893,0.5176651477813721,0.6208806037902832,88.38717365264893
nc_papers100m_195trainer_0hop_balanced_local_bs16_800r_2,20260914_192750_ogbn-papers100M_FedAvg_bs16_seed42_beta10000p0,ogbn-papers100M,FedAvg,16,42,10000.0,141,validation,0.1905,3.8727,0.1905,3.8727,423,0.10510396957397461,0.10510396957397461,0.5115737915039062,0.6166777610778809,89.0038514137268,0.5115737915039062,0.6166777610778809,89.0038514137268
nc_papers100m_195trainer_0hop_balanced_local_bs16_800r_2,20260914_192750_ogbn-papers100M_FedAvg_bs16_seed42_beta10000p0,ogbn-papers100M,FedAvg,16,42,10000.0,142,validation,0.1915,3.8677,0.1915,3.8677,426,0.10383844375610352,0.10383844375610352,0.5169305801391602,0.6207690238952637,89.62462043762207,0.5169305801391602,0.6207690238952637,89.62462043762207
nc_papers100m_195trainer_0hop_balanced_local_bs16_800r_2,20260914_192750_ogbn-papers100M_FedAvg_bs16_seed42_beta10000p0,ogbn-papers100M,FedAvg,16,42,10000.0,143,validation,0.1914,3.8642,0.1914,3.8642,429,0.10188674926757812,0.10188674926757812,0.5217592716217041,0.6236460208892822,90.24826645851135,0.5217592716217041,0.6236460208892822,90.24826645851135
nc_papers100m_195trainer_0hop_balanced_local_bs16_800r_2,20260914_192750_ogbn-papers100M_FedAvg_bs16_seed42_beta10000p0,ogbn-papers100M,FedAvg,16,42,10000.0,144,validation,0.1923,3.8588,0.1923,3.8588,432,0.10506248474121094,0.10506248474121094,0.5087907314300537,0.6138532161712646,90.86211967468262,0.5087907314300537,0.6138532161712646,90.86211967468262
nc_papers100m_195trainer_0hop_balanced_local_bs16_800r_2,20260914_192750_ogbn-papers100M_FedAvg_bs16_seed42_beta10000p0,ogbn-papers100M,FedAvg,16,42,10000.0,145,validation,0.1926,3.8543,0.1926,3.8543,435,0.10465407371520996,0.10465407371520996,0.5081613063812256,0.6128153800964355,91.47493505477905,0.5081613063812256,0.6128153800964355,91.47493505477905
nc_papers100m_195trainer_0hop_balanced_local_bs16_800r_2,20260914_192750_ogbn-papers100M_FedAvg_bs16_seed42_beta10000p0,ogbn-papers100M,FedAvg,16,42,10000.0,146,validation,0.1931,3.8497,0.1931,3.8497,438,0.10685396194458008,0.10685396194458008,0.5141639709472656,0.6210179328918457,92.0959529876709,0.5141639709472656,0.6210179328918457,92.0959529876709
nc_papers100m_195trainer_0hop_balanced_local_bs16_800r_2,20260914_192750_ogbn-papers100M_FedAvg_bs16_seed42_beta10000p0,ogbn-papers100M,FedAvg,16,42,10000.0,147,validation,0.1941,3.845,0.1941,3.845,441,0.10717415809631348,0.10717415809631348,0.5201942920684814,0.6273684501647949,92.7233214378357,0.5201942920684814,0.6273684501647949,92.7233214378357
nc_papers100m_195trainer_0hop_balanced_local_bs16_800r_2,20260914_192750_ogbn-papers100M_FedAvg_bs16_seed42_beta10000p0,ogbn-papers100M,FedAvg,16,42,10000.0,148,validation,0.1944,3.8407,0.1944,3.8407,444,0.11207985877990723,0.11207985877990723,0.5190043449401855,0.6310842037200928,93.35440564155579,0.5190043449401855,0.6310842037200928,93.35440564155579
nc_papers100m_195trainer_0hop_balanced_local_bs16_800r_2,20260914_192750_ogbn-papers100M_FedAvg_bs16_seed42_beta10000p0,ogbn-papers100M,FedAvg,16,42,10000.0,149,validation,0.1947,3.837,0.1947,3.837,447,0.10318112373352051,0.10318112373352051,0.5227260589599609,0.6259071826934814,93.98031282424927,0.5227260589599609,0.6259071826934814,93.98031282424927
nc_papers100m_195trainer_0hop_balanced_local_bs16_800r_2,20260914_192750_ogbn-papers100M_FedAvg_bs16_seed42_beta10000p0,ogbn-papers100M,FedAvg,16,42,10000.0,150,validation,0.1956,3.8327,0.1956,3.8327,450,0.1059424877166748,0.1059424877166748,0.5335681438446045,0.6395106315612793,94.61982345581055,0.5335681438446045,0.6395106315612793,94.61982345581055
nc_papers100m_195trainer_0hop_balanced_local_bs16_800r_2,20260914_192750_ogbn-papers100M_FedAvg_bs16_seed42_beta10000p0,ogbn-papers100M,FedAvg,16,42,10000.0,151,validation,0.196,3.8282,0.196,3.8282,453,0.10576510429382324,0.10576510429382324,0.5292127132415771,0.6349778175354004,95.25480127334595,0.5292127132415771,0.6349778175354004,95.25480127334595
nc_papers100m_195trainer_0hop_balanced_local_bs16_800r_2,20260914_192750_ogbn-papers100M_FedAvg_bs16_seed42_beta10000p0,ogbn-papers100M,FedAvg,16,42,10000.0,152,validation,0.1962,3.8246,0.1962,3.8246,456,0.1091916561126709,0.1091916561126709,0.534736156463623,0.643927812576294,95.89872908592224,0.534736156463623,0.643927812576294,95.89872908592224
nc_papers100m_195trainer_0hop_balanced_local_bs16_800r_2,20260914_192750_ogbn-papers100M_FedAvg_bs16_seed42_beta10000p0,ogbn-papers100M,FedAvg,16,42,10000.0,153,validation,0.1971,3.821,0.1971,3.821,459,0.10532927513122559,0.10532927513122559,0.521895170211792,0.6272244453430176,96.52595353126526,0.521895170211792,0.6272244453430176,96.52595353126526
nc_papers100m_195trainer_0hop_balanced_local_bs16_800r_2,20260914_192750_ogbn-papers100M_FedAvg_bs16_seed42_beta10000p0,ogbn-papers100M,FedAvg,16,42,10000.0,154,validation,0.198,3.817,0.198,3.817,462,0.10318875312805176,0.10318875312805176,0.520005464553833,0.6231942176818848,97.14914774894714,0.520005464553833,0.6231942176818848,97.14914774894714
nc_papers100m_195trainer_0hop_balanced_local_bs16_800r_2,20260914_192750_ogbn-papers100M_FedAvg_bs16_seed42_beta10000p0,ogbn-papers100M,FedAvg,16,42,10000.0,155,validation,0.1987,3.8127,0.1987,3.8127,465,0.10283780097961426,0.10283780097961426,0.5308718681335449,0.6337096691131592,97.7828574180603,0.5308718681335449,0.6337096691131592,97.7828574180603
nc_papers100m_195trainer_0hop_balanced_local_bs16_800r_2,20260914_192750_ogbn-papers100M_FedAvg_bs16_seed42_beta10000p0,ogbn-papers100M,FedAvg,16,42,10000.0,156,validation,0.1993,3.8084,0.1993,3.8084,468,0.10605406761169434,0.10605406761169434,0.5295813083648682,0.6356353759765625,98.41849279403687,0.5295813083648682,0.6356353759765625,98.41849279403687
nc_papers100m_195trainer_0hop_balanced_local_bs16_800r_2,20260914_192750_ogbn-papers100M_FedAvg_bs16_seed42_beta10000p0,ogbn-papers100M,FedAvg,16,42,10000.0,157,validation,0.2002,3.8041,0.2002,3.8041,471,0.10713577270507812,0.10713577270507812,0.5310657024383545,0.6382014751434326,99.0566942691803,0.5310657024383545,0.6382014751434326,99.0566942691803
nc_papers100m_195trainer_0hop_balanced_local_bs16_800r_2,20260914_192750_ogbn-papers100M_FedAvg_bs16_seed42_beta10000p0,ogbn-papers100M,FedAvg,16,42,10000.0,158,validation,0.2009,3.8009,0.2009,3.8009,474,0.10780167579650879,0.10780167579650879,0.5405213832855225,0.6483230590820312,99.70501732826233,0.5405213832855225,0.6483230590820312,99.70501732826233
nc_papers100m_195trainer_0hop_balanced_local_bs16_800r_2,20260914_192750_ogbn-papers100M_FedAvg_bs16_seed42_beta10000p0,ogbn-papers100M,FedAvg,16,42,10000.0,159,validation,0.2012,3.797,0.2012,3.797,477,0.10413885116577148,0.10413885116577148,0.525855302810669,0.6299941539764404,100.33501148223877,0.525855302810669,0.6299941539764404,100.33501148223877
nc_papers100m_195trainer_0hop_balanced_local_bs16_800r_2,20260914_192750_ogbn-papers100M_FedAvg_bs16_seed42_beta10000p0,ogbn-papers100M,FedAvg,16,42,10000.0,160,validation,0.2018,3.7935,0.2018,3.7935,480,0.10083866119384766,0.10083866119384766,0.5202984809875488,0.6211371421813965,100.95614862442017,0.5202984809875488,0.6211371421813965,100.95614862442017
nc_papers100m_195trainer_0hop_balanced_local_bs16_800r_2,20260914_192750_ogbn-papers100M_FedAvg_bs16_seed42_beta10000p0,ogbn-papers100M,FedAvg,16,42,10000.0,161,validation,0.2024,3.7892,0.2024,3.7892,483,0.1031191349029541,0.1031191349029541,0.5292737483978271,0.6323928833007812,101.58854150772095,0.5292737483978271,0.6323928833007812,101.58854150772095
nc_papers100m_195trainer_0hop_balanced_local_bs16_800r_2,20260914_192750_ogbn-papers100M_FedAvg_bs16_seed42_beta10000p0,ogbn-papers100M,FedAvg,16,42,10000.0,162,validation,0.203,3.7855,0.203,3.7855,486,0.10789322853088379,0.10789322853088379,0.5277609825134277,0.6356542110443115,102.22419571876526,0.5277609825134277,0.6356542110443115,102.22419571876526
nc_papers100m_195trainer_0hop_balanced_local_bs16_800r_2,20260914_192750_ogbn-papers100M_FedAvg_bs16_seed42_beta10000p0,ogbn-papers100M,FedAvg,16,42,10000.0,163,validation,0.2036,3.7819,0.2036,3.7819,489,0.10673642158508301,0.10673642158508301,0.524193525314331,0.6309299468994141,102.85512566566467,0.524193525314331,0.6309299468994141,102.85512566566467
nc_papers100m_195trainer_0hop_balanced_local_bs16_800r_2,20260914_192750_ogbn-papers100M_FedAvg_bs16_seed42_beta10000p0,ogbn-papers100M,FedAvg,16,42,10000.0,164,validation,0.204,3.7773,0.204,3.7773,492,0.10114574432373047,0.10114574432373047,0.5242214202880859,0.6253671646118164,103.48049283027649,0.5242214202880859,0.6253671646118164,103.48049283027649
nc_papers100m_195trainer_0hop_balanced_local_bs16_800r_2,20260914_192750_ogbn-papers100M_FedAvg_bs16_seed42_beta10000p0,ogbn-papers100M,FedAvg,16,42,10000.0,165,validation,0.2045,3.7727,0.2045,3.7727,495,0.10408782958984375,0.10408782958984375,0.5218091011047363,0.6258969306945801,104.10638976097107,0.5218091011047363,0.6258969306945801,104.10638976097107
nc_papers100m_195trainer_0hop_balanced_local_bs16_800r_2,20260914_192750_ogbn-papers100M_FedAvg_bs16_seed42_beta10000p0,ogbn-papers100M,FedAvg,16,42,10000.0,166,validation,0.2047,3.7683,0.2047,3.7683,498,0.10405230522155762,0.10405230522155762,0.5485191345214844,0.652571439743042,104.75896120071411,0.5485191345214844,0.652571439743042,104.75896120071411
nc_papers100m_195trainer_0hop_balanced_local_bs16_800r_2,20260914_192750_ogbn-papers100M_FedAvg_bs16_seed42_beta10000p0,ogbn-papers100M,FedAvg,16,42,10000.0,167,validation,0.2057,3.7652,0.2057,3.7652,501,0.11247467994689941,0.11247467994689941,0.5336897373199463,0.6461644172668457,105.40512561798096,0.5336897373199463,0.6461644172668457,105.40512561798096
nc_papers100m_195trainer_0hop_balanced_local_bs16_800r_2,20260914_192750_ogbn-papers100M_FedAvg_bs16_seed42_beta10000p0,ogbn-papers100M,FedAvg,16,42,10000.0,168,validation,0.2063,3.7615,0.2063,3.7615,504,0.10557842254638672,0.10557842254638672,0.5278491973876953,0.633427619934082,106.03855323791504,0.5278491973876953,0.633427619934082,106.03855323791504
nc_papers100m_195trainer_0hop_balanced_local_bs16_800r_2,20260914_192750_ogbn-papers100M_FedAvg_bs16_seed42_beta10000p0,ogbn-papers100M,FedAvg,16,42,10000.0,169,validation,0.2061,3.7577,0.2061,3.7577,507,0.10491204261779785,0.10491204261779785,0.5240392684936523,0.6289513111114502,106.66750454902649,0.5240392684936523,0.6289513111114502,106.66750454902649
nc_papers100m_195trainer_0hop_balanced_local_bs16_800r_2,20260914_192750_ogbn-papers100M_FedAvg_bs16_seed42_beta10000p0,ogbn-papers100M,FedAvg,16,42,10000.0,170,validation,0.2068,3.7535,0.2068,3.7535,510,0.10106325149536133,0.10106325149536133,0.5228252410888672,0.6238884925842285,107.29139304161072,0.5228252410888672,0.6238884925842285,107.29139304161072
nc_papers100m_195trainer_0hop_balanced_local_bs16_800r_2,20260914_192750_ogbn-papers100M_FedAvg_bs16_seed42_beta10000p0,ogbn-papers100M,FedAvg,16,42,10000.0,171,validation,0.207,3.7491,0.207,3.7491,513,0.10608291625976562,0.10608291625976562,0.5194778442382812,0.6255607604980469,107.91695380210876,0.5194778442382812,0.6255607604980469,107.91695380210876
nc_papers100m_195trainer_0hop_balanced_local_bs16_800r_2,20260914_192750_ogbn-papers100M_FedAvg_bs16_seed42_beta10000p0,ogbn-papers100M,FedAvg,16,42,10000.0,172,validation,0.2078,3.7449,0.2078,3.7449,516,0.1041555404663086,0.1041555404663086,0.5176963806152344,0.621851921081543,108.53880572319031,0.5176963806152344,0.621851921081543,108.53880572319031
nc_papers100m_195trainer_0hop_balanced_local_bs16_800r_2,20260914_192750_ogbn-papers100M_FedAvg_bs16_seed42_beta10000p0,ogbn-papers100M,FedAvg,16,42,10000.0,173,validation,0.2087,3.7411,0.2087,3.7411,519,0.11266136169433594,0.11266136169433594,0.5170691013336182,0.6297304630279541,109.16853618621826,0.5170691013336182,0.6297304630279541,109.16853618621826
nc_papers100m_195trainer_0hop_balanced_local_bs16_800r_2,20260914_192750_ogbn-papers100M_FedAvg_bs16_seed42_beta10000p0,ogbn-papers100M,FedAvg,16,42,10000.0,174,validation,0.209,3.7384,0.209,3.7384,522,0.10792803764343262,0.10792803764343262,0.5586023330688477,0.6665303707122803,109.83506655693054,0.5586023330688477,0.6665303707122803,109.83506655693054
nc_papers100m_195trainer_0hop_balanced_local_bs16_800r_2,20260914_192750_ogbn-papers100M_FedAvg_bs16_seed42_beta10000p0,ogbn-papers100M,FedAvg,16,42,10000.0,175,validation,0.2093,3.7339,0.2093,3.7339,525,0.10483336448669434,0.10483336448669434,0.5344436168670654,0.6392769813537598,110.4743435382843,0.5344436168670654,0.6392769813537598,110.4743435382843
nc_papers100m_195trainer_0hop_balanced_local_bs16_800r_2,20260914_192750_ogbn-papers100M_FedAvg_bs16_seed42_beta10000p0,ogbn-papers100M,FedAvg,16,42,10000.0,176,validation,0.2103,3.73,0.2103,3.73,528,0.10255122184753418,0.10255122184753418,0.5166459083557129,0.6191971302032471,111.09354066848755,0.5166459083557129,0.6191971302032471,111.09354066848755
nc_papers100m_195trainer_0hop_balanced_local_bs16_800r_2,20260914_192750_ogbn-papers100M_FedAvg_bs16_seed42_beta10000p0,ogbn-papers100M,FedAvg,16,42,10000.0,177,validation,0.2103,3.7283,0.2103,3.7283,531,0.10128283500671387,0.10128283500671387,0.5230112075805664,0.6242940425872803,111.71783471107483,0.5230112075805664,0.6242940425872803,111.71783471107483
nc_papers100m_195trainer_0hop_balanced_local_bs16_800r_2,20260914_192750_ogbn-papers100M_FedAvg_bs16_seed42_beta10000p0,ogbn-papers100M,FedAvg,16,42,10000.0,178,validation,0.2107,3.7255,0.2107,3.7255,534,0.10432052612304688,0.10432052612304688,0.5187356472015381,0.623056173324585,112.34089088439941,0.5187356472015381,0.623056173324585,112.34089088439941
nc_papers100m_195trainer_0hop_balanced_local_bs16_800r_2,20260914_192750_ogbn-papers100M_FedAvg_bs16_seed42_beta10000p0,ogbn-papers100M,FedAvg,16,42,10000.0,179,validation,0.2113,3.7221,0.2113,3.7221,537,0.10803079605102539,0.10803079605102539,0.5368444919586182,0.6448752880096436,112.98576617240906,0.5368444919586182,0.6448752880096436,112.98576617240906
nc_papers100m_195trainer_0hop_balanced_local_bs16_800r_2,20260914_192750_ogbn-papers100M_FedAvg_bs16_seed42_beta10000p0,ogbn-papers100M,FedAvg,16,42,10000.0,180,validation,0.2122,3.7173,0.2122,3.7173,540,0.10439157485961914,0.10439157485961914,0.536876916885376,0.6412684917449951,113.62703466415405,0.536876916885376,0.6412684917449951,113.62703466415405
nc_papers100m_195trainer_0hop_balanced_local_bs16_800r_2,20260914_192750_ogbn-papers100M_FedAvg_bs16_seed42_beta10000p0,ogbn-papers100M,FedAvg,16,42,10000.0,181,validation,0.2119,3.7142,0.2119,3.7142,543,0.10994553565979004,0.10994553565979004,0.5224461555480957,0.6323916912078857,114.25942635536194,0.5224461555480957,0.6323916912078857,114.25942635536194
nc_papers100m_195trainer_0hop_balanced_local_bs16_800r_2,20260914_192750_ogbn-papers100M_FedAvg_bs16_seed42_beta10000p0,ogbn-papers100M,FedAvg,16,42,10000.0,182,validation,0.2126,3.7112,0.2126,3.7112,546,0.10463881492614746,0.10463881492614746,0.5555288791656494,0.6601676940917969,114.91959404945374,0.5555288791656494,0.6601676940917969,114.91959404945374
nc_papers100m_195trainer_0hop_balanced_local_bs16_800r_2,20260914_192750_ogbn-papers100M_FedAvg_bs16_seed42_beta10000p0,ogbn-papers100M,FedAvg,16,42,10000.0,183,validation,0.2128,3.7073,0.2128,3.7073,549,0.10489010810852051,0.10489010810852051,0.5302937030792236,0.6351838111877441,115.55477786064148,0.5302937030792236,0.6351838111877441,115.55477786064148
nc_papers100m_195trainer_0hop_balanced_local_bs16_800r_2,20260914_192750_ogbn-papers100M_FedAvg_bs16_seed42_beta10000p0,ogbn-papers100M,FedAvg,16,42,10000.0,184,validation,0.2134,3.7035,0.2134,3.7035,552,0.10302567481994629,0.10302567481994629,0.536618709564209,0.6396443843841553,116.19442224502563,0.536618709564209,0.6396443843841553,116.19442224502563
nc_papers100m_195trainer_0hop_balanced_local_bs16_800r_2,20260914_192750_ogbn-papers100M_FedAvg_bs16_seed42_beta10000p0,ogbn-papers100M,FedAvg,16,42,10000.0,185,validation,0.2143,3.6998,0.2143,3.6998,555,0.10622096061706543,0.10622096061706543,0.5232830047607422,0.6295039653778076,116.82392621040344,0.5232830047607422,0.6295039653778076,116.82392621040344
nc_papers100m_195trainer_0hop_balanced_local_bs16_800r_2,20260914_192750_ogbn-papers100M_FedAvg_bs16_seed42_beta10000p0,ogbn-papers100M,FedAvg,16,42,10000.0,186,validation,0.2145,3.6971,0.2145,3.6971,558,0.10568451881408691,0.10568451881408691,0.5152597427368164,0.6209442615509033,117.44487047195435,0.5152597427368164,0.6209442615509033,117.44487047195435
nc_papers100m_195trainer_0hop_balanced_local_bs16_800r_2,20260914_192750_ogbn-papers100M_FedAvg_bs16_seed42_beta10000p0,ogbn-papers100M,FedAvg,16,42,10000.0,187,validation,0.2149,3.6938,0.2149,3.6938,561,0.10502505302429199,0.10502505302429199,0.5287089347839355,0.6337339878082275,118.07860445976257,0.5287089347839355,0.6337339878082275,118.07860445976257
nc_papers100m_195trainer_0hop_balanced_local_bs16_800r_2,20260914_192750_ogbn-papers100M_FedAvg_bs16_seed42_beta10000p0,ogbn-papers100M,FedAvg,16,42,10000.0,188,validation,0.2153,3.6899,0.2153,3.6899,564,0.10378885269165039,0.10378885269165039,0.527085542678833,0.6308743953704834,118.70947885513306,0.527085542678833,0.6308743953704834,118.70947885513306
nc_papers100m_195trainer_0hop_balanced_local_bs16_800r_2,20260914_192750_ogbn-papers100M_FedAvg_bs16_seed42_beta10000p0,ogbn-papers100M,FedAvg,16,42,10000.0,189,validation,0.2156,3.6862,0.2156,3.6862,567,0.10423159599304199,0.10423159599304199,0.5380635261535645,0.6422951221466064,119.35177397727966,0.5380635261535645,0.6422951221466064,119.35177397727966
nc_papers100m_195trainer_0hop_balanced_local_bs16_800r_2,20260914_192750_ogbn-papers100M_FedAvg_bs16_seed42_beta10000p0,ogbn-papers100M,FedAvg,16,42,10000.0,190,validation,0.2162,3.6824,0.2162,3.6824,570,0.1027214527130127,0.1027214527130127,0.5380299091339111,0.6407513618469238,119.99252533912659,0.5380299091339111,0.6407513618469238,119.99252533912659
nc_papers100m_195trainer_0hop_balanced_local_bs16_800r_2,20260914_192750_ogbn-papers100M_FedAvg_bs16_seed42_beta10000p0,ogbn-papers100M,FedAvg,16,42,10000.0,191,validation,0.2163,3.6793,0.2163,3.6793,573,0.1055293083190918,0.1055293083190918,0.5113890171051025,0.6169183254241943,120.60944366455078,0.5113890171051025,0.6169183254241943,120.60944366455078
nc_papers100m_195trainer_0hop_balanced_local_bs16_800r_2,20260914_192750_ogbn-papers100M_FedAvg_bs16_seed42_beta10000p0,ogbn-papers100M,FedAvg,16,42,10000.0,192,validation,0.2169,3.6759,0.2169,3.6759,576,0.10284590721130371,0.10284590721130371,0.5255434513092041,0.6283893585205078,121.23783302307129,0.5255434513092041,0.6283893585205078,121.23783302307129
nc_papers100m_195trainer_0hop_balanced_local_bs16_800r_2,20260914_192750_ogbn-papers100M_FedAvg_bs16_seed42_beta10000p0,ogbn-papers100M,FedAvg,16,42,10000.0,193,validation,0.2177,3.6733,0.2177,3.6733,579,0.10408735275268555,0.10408735275268555,0.5331683158874512,0.6372556686401367,121.87508869171143,0.5331683158874512,0.6372556686401367,121.87508869171143
nc_papers100m_195trainer_0hop_balanced_local_bs16_800r_2,20260914_192750_ogbn-papers100M_FedAvg_bs16_seed42_beta10000p0,ogbn-papers100M,FedAvg,16,42,10000.0,194,validation,0.2176,3.67,0.2176,3.67,582,0.10414934158325195,0.10414934158325195,0.5204286575317383,0.6245779991149902,122.49966669082642,0.5204286575317383,0.6245779991149902,122.49966669082642
nc_papers100m_195trainer_0hop_balanced_local_bs16_800r_2,20260914_192750_ogbn-papers100M_FedAvg_bs16_seed42_beta10000p0,ogbn-papers100M,FedAvg,16,42,10000.0,195,validation,0.2181,3.6663,0.2181,3.6663,585,0.10981059074401855,0.10981059074401855,0.5237584114074707,0.6335690021514893,123.1332356929779,0.5237584114074707,0.6335690021514893,123.1332356929779
nc_papers100m_195trainer_0hop_balanced_local_bs16_800r_2,20260914_192750_ogbn-papers100M_FedAvg_bs16_seed42_beta10000p0,ogbn-papers100M,FedAvg,16,42,10000.0,196,validation,0.2189,3.6638,0.2189,3.6638,588,0.10459303855895996,0.10459303855895996,0.5276556015014648,0.6322486400604248,123.76548433303833,0.5276556015014648,0.6322486400604248,123.76548433303833
nc_papers100m_195trainer_0hop_balanced_local_bs16_800r_2,20260914_192750_ogbn-papers100M_FedAvg_bs16_seed42_beta10000p0,ogbn-papers100M,FedAvg,16,42,10000.0,197,validation,0.2192,3.6603,0.2192,3.6603,591,0.10377788543701172,0.10377788543701172,0.5302739143371582,0.6340517997741699,124.3995361328125,0.5302739143371582,0.6340517997741699,124.3995361328125
nc_papers100m_195trainer_0hop_balanced_local_bs16_800r_2,20260914_192750_ogbn-papers100M_FedAvg_bs16_seed42_beta10000p0,ogbn-papers100M,FedAvg,16,42,10000.0,198,validation,0.2194,3.6569,0.2194,3.6569,594,0.10694503784179688,0.10694503784179688,0.5286710262298584,0.6356160640716553,125.03515219688416,0.5286710262298584,0.6356160640716553,125.03515219688416
nc_papers100m_195trainer_0hop_balanced_local_bs16_800r_2,20260914_192750_ogbn-papers100M_FedAvg_bs16_seed42_beta10000p0,ogbn-papers100M,FedAvg,16,42,10000.0,199,validation,0.2201,3.6532,0.2201,3.6532,597,0.10191154479980469,0.10191154479980469,0.5158975124359131,0.6178090572357178,125.65296125411987,0.5158975124359131,0.6178090572357178,125.65296125411987
nc_papers100m_195trainer_0hop_balanced_local_bs16_800r_2,20260914_192750_ogbn-papers100M_FedAvg_bs16_seed42_beta10000p0,ogbn-papers100M,FedAvg,16,42,10000.0,200,validation,0.2203,3.6501,0.2203,3.6501,600,0.10806131362915039,0.10806131362915039,0.5201711654663086,0.628232479095459,126.28119373321533,0.5201711654663086,0.628232479095459,126.28119373321533
nc_papers100m_195trainer_0hop_balanced_local_bs16_800r_2,20260914_192750_ogbn-papers100M_FedAvg_bs16_seed42_beta10000p0,ogbn-papers100M,FedAvg,16,42,10000.0,201,validation,0.2206,3.6468,0.2206,3.6468,603,0.1055593490600586,0.1055593490600586,0.520313024520874,0.6258723735809326,126.90706610679626,0.520313024520874,0.6258723735809326,126.90706610679626
nc_papers100m_195trainer_0hop_balanced_local_bs16_800r_2,20260914_192750_ogbn-papers100M_FedAvg_bs16_seed42_beta10000p0,ogbn-papers100M,FedAvg,16,42,10000.0,202,validation,0.2208,3.6435,0.2208,3.6435,606,0.10694384574890137,0.10694384574890137,0.5392403602600098,0.6461842060089111,127.55325031280518,0.5392403602600098,0.6461842060089111,127.55325031280518
nc_papers100m_195trainer_0hop_balanced_local_bs16_800r_2,20260914_192750_ogbn-papers100M_FedAvg_bs16_seed42_beta10000p0,ogbn-papers100M,FedAvg,16,42,10000.0,203,validation,0.2209,3.6403,0.2209,3.6403,609,0.10480785369873047,0.10480785369873047,0.5215730667114258,0.6263809204101562,128.17963123321533,0.5215730667114258,0.6263809204101562,128.17963123321533
nc_papers100m_195trainer_0hop_balanced_local_bs16_800r_2,20260914_192750_ogbn-papers100M_FedAvg_bs16_seed42_beta10000p0,ogbn-papers100M,FedAvg,16,42,10000.0,204,validation,0.2217,3.6379,0.2217,3.6379,612,0.10309696197509766,0.10309696197509766,0.5161993503570557,0.6192963123321533,128.79892754554749,0.5161993503570557,0.6192963123321533,128.79892754554749
nc_papers100m_195trainer_0hop_balanced_local_bs16_800r_2,20260914_192750_ogbn-papers100M_FedAvg_bs16_seed42_beta10000p0,ogbn-papers100M,FedAvg,16,42,10000.0,205,validation,0.2223,3.6335,0.2223,3.6335,615,0.10718393325805664,0.10718393325805664,0.5303776264190674,0.637561559677124,129.4364891052246,0.5303776264190674,0.637561559677124,129.4364891052246
nc_papers100m_195trainer_0hop_balanced_local_bs16_800r_2,20260914_192750_ogbn-papers100M_FedAvg_bs16_seed42_beta10000p0,ogbn-papers100M,FedAvg,16,42,10000.0,206,validation,0.2224,3.6304,0.2224,3.6304,618,0.10770916938781738,0.10770916938781738,0.52205491065979,0.6297640800476074,130.06625318527222,0.52205491065979,0.6297640800476074,130.06625318527222
nc_papers100m_195trainer_0hop_balanced_local_bs16_800r_2,20260914_192750_ogbn-papers100M_FedAvg_bs16_seed42_beta10000p0,ogbn-papers100M,FedAvg,16,42,10000.0,207,validation,0.2224,3.6271,0.2224,3.6271,621,0.10623002052307129,0.10623002052307129,0.528815746307373,0.6350457668304443,130.70129895210266,0.528815746307373,0.6350457668304443,130.70129895210266
nc_papers100m_195trainer_0hop_balanced_local_bs16_800r_2,20260914_192750_ogbn-papers100M_FedAvg_bs16_seed42_beta10000p0,ogbn-papers100M,FedAvg,16,42,10000.0,208,validation,0.2229,3.6242,0.2229,3.6242,624,0.10015869140625,0.10015869140625,0.517383337020874,0.617542028427124,131.31884098052979,0.517383337020874,0.617542028427124,131.31884098052979
nc_papers100m_195trainer_0hop_balanced_local_bs16_800r_2,20260914_192750_ogbn-papers100M_FedAvg_bs16_seed42_beta10000p0,ogbn-papers100M,FedAvg,16,42,10000.0,209,validation,0.2231,3.622,0.2231,3.622,627,0.10422992706298828,0.10422992706298828,0.5262830257415771,0.6305129528045654,131.94935393333435,0.5262830257415771,0.6305129528045654,131.94935393333435
nc_papers100m_195trainer_0hop_balanced_local_bs16_800r_2,20260914_192750_ogbn-papers100M_FedAvg_bs16_seed42_beta10000p0,ogbn-papers100M,FedAvg,16,42,10000.0,210,validation,0.2233,3.6205,0.2233,3.6205,630,0.10046648979187012,0.10046648979187012,0.5333423614501953,0.6338088512420654,132.58316278457642,0.5333423614501953,0.6338088512420654,132.58316278457642
nc_papers100m_195trainer_0hop_balanced_local_bs16_800r_2,20260914_192750_ogbn-papers100M_FedAvg_bs16_seed42_beta10000p0,ogbn-papers100M,FedAvg,16,42,10000.0,211,validation,0.2241,3.6163,0.2241,3.6163,633,0.10581374168395996,0.10581374168395996,0.5350387096405029,0.6408524513244629,133.22401523590088,0.5350387096405029,0.6408524513244629,133.22401523590088
nc_papers100m_195trainer_0hop_balanced_local_bs16_800r_2,20260914_192750_ogbn-papers100M_FedAvg_bs16_seed42_beta10000p0,ogbn-papers100M,FedAvg,16,42,10000.0,212,validation,0.224,3.6143,0.224,3.6143,636,0.10910773277282715,0.10910773277282715,0.5310549736022949,0.6401627063751221,133.864177942276,0.5310549736022949,0.6401627063751221,133.864177942276
nc_papers100m_195trainer_0hop_balanced_local_bs16_800r_2,20260914_192750_ogbn-papers100M_FedAvg_bs16_seed42_beta10000p0,ogbn-papers100M,FedAvg,16,42,10000.0,213,validation,0.2239,3.6124,0.2239,3.6124,639,0.10616421699523926,0.10616421699523926,0.5074636936187744,0.6136279106140137,134.47780585289001,0.5074636936187744,0.6136279106140137,134.47780585289001
nc_papers100m_195trainer_0hop_balanced_local_bs16_800r_2,20260914_192750_ogbn-papers100M_FedAvg_bs16_seed42_beta10000p0,ogbn-papers100M,FedAvg,16,42,10000.0,214,validation,0.2242,3.6095,0.2242,3.6095,642,0.10051751136779785,0.10051751136779785,0.5103542804718018,0.6108717918395996,135.08867764472961,0.5103542804718018,0.6108717918395996,135.08867764472961
nc_papers100m_195trainer_0hop_balanced_local_bs16_800r_2,20260914_192750_ogbn-papers100M_FedAvg_bs16_seed42_beta10000p0,ogbn-papers100M,FedAvg,16,42,10000.0,215,validation,0.2247,3.6069,0.2247,3.6069,645,0.10264468193054199,0.10264468193054199,0.5121207237243652,0.6147654056549072,135.70344305038452,0.5121207237243652,0.6147654056549072,135.70344305038452
nc_papers100m_195trainer_0hop_balanced_local_bs16_800r_2,20260914_192750_ogbn-papers100M_FedAvg_bs16_seed42_beta10000p0,ogbn-papers100M,FedAvg,16,42,10000.0,216,validation,0.2249,3.6043,0.2249,3.6043,648,0.1053612232208252,0.1053612232208252,0.5286252498626709,0.6339864730834961,136.33742952346802,0.5286252498626709,0.6339864730834961,136.33742952346802
nc_papers100m_195trainer_0hop_balanced_local_bs16_800r_2,20260914_192750_ogbn-papers100M_FedAvg_bs16_seed42_beta10000p0,ogbn-papers100M,FedAvg,16,42,10000.0,217,validation,0.2258,3.6017,0.2258,3.6017,651,0.10874748229980469,0.10874748229980469,0.5253846645355225,0.6341321468353271,136.97156167030334,0.5253846645355225,0.6341321468353271,136.97156167030334
nc_papers100m_195trainer_0hop_balanced_local_bs16_800r_2,20260914_192750_ogbn-papers100M_FedAvg_bs16_seed42_beta10000p0,ogbn-papers100M,FedAvg,16,42,10000.0,218,validation,0.2258,3.598,0.2258,3.598,654,0.10763740539550781,0.10763740539550781,0.5191206932067871,0.6267580986022949,137.59831976890564,0.5191206932067871,0.6267580986022949,137.59831976890564
nc_papers100m_195trainer_0hop_balanced_local_bs16_800r_2,20260914_192750_ogbn-papers100M_FedAvg_bs16_seed42_beta10000p0,ogbn-papers100M,FedAvg,16,42,10000.0,219,validation,0.2262,3.5973,0.2262,3.5973,657,0.1013784408569336,0.1013784408569336,0.5163683891296387,0.6177468299865723,138.2160665988922,0.5163683891296387,0.6177468299865723,138.2160665988922
nc_papers100m_195trainer_0hop_balanced_local_bs16_800r_2,20260914_192750_ogbn-papers100M_FedAvg_bs16_seed42_beta10000p0,ogbn-papers100M,FedAvg,16,42,10000.0,220,validation,0.2263,3.594,0.2263,3.594,660,0.10329794883728027,0.10329794883728027,0.523676872253418,0.6269748210906982,138.8430414199829,0.523676872253418,0.6269748210906982,138.8430414199829
nc_papers100m_195trainer_0hop_balanced_local_bs16_800r_2,20260914_192750_ogbn-papers100M_FedAvg_bs16_seed42_beta10000p0,ogbn-papers100M,FedAvg,16,42,10000.0,221,validation,0.2264,3.5916,0.2264,3.5916,663,0.11108970642089844,0.11108970642089844,0.5137593746185303,0.6248490810394287,139.46789050102234,0.5137593746185303,0.6248490810394287,139.46789050102234
nc_papers100m_195trainer_0hop_balanced_local_bs16_800r_2,20260914_192750_ogbn-papers100M_FedAvg_bs16_seed42_beta10000p0,ogbn-papers100M,FedAvg,16,42,10000.0,222,validation,0.2271,3.5886,0.2271,3.5886,666,0.10667133331298828,0.10667133331298828,0.5176641941070557,0.624335527420044,140.09222602844238,0.5176641941070557,0.624335527420044,140.09222602844238
nc_papers100m_195trainer_0hop_balanced_local_bs16_800r_2,20260914_192750_ogbn-papers100M_FedAvg_bs16_seed42_beta10000p0,ogbn-papers100M,FedAvg,16,42,10000.0,223,validation,0.2277,3.5867,0.2277,3.5867,669,0.10656404495239258,0.10656404495239258,0.5218462944030762,0.6284103393554688,140.72063636779785,0.5218462944030762,0.6284103393554688,140.72063636779785
nc_papers100m_195trainer_0hop_balanced_local_bs16_800r_2,20260914_192750_ogbn-papers100M_FedAvg_bs16_seed42_beta10000p0,ogbn-papers100M,FedAvg,16,42,10000.0,224,validation,0.228,3.583,0.228,3.583,672,0.10320687294006348,0.10320687294006348,0.5284695625305176,0.631676435470581,141.35231280326843,0.5284695625305176,0.631676435470581,141.35231280326843
nc_papers100m_195trainer_0hop_balanced_local_bs16_800r_2,20260914_192750_ogbn-papers100M_FedAvg_bs16_seed42_beta10000p0,ogbn-papers100M,FedAvg,16,42,10000.0,225,validation,0.2281,3.58,0.2281,3.58,675,0.10626435279846191,0.10626435279846191,0.5285806655883789,0.6348450183868408,141.98715782165527,0.5285806655883789,0.6348450183868408,141.98715782165527
nc_papers100m_195trainer_0hop_balanced_local_bs16_800r_2,20260914_192750_ogbn-papers100M_FedAvg_bs16_seed42_beta10000p0,ogbn-papers100M,FedAvg,16,42,10000.0,226,validation,0.2284,3.5776,0.2284,3.5776,678,0.10430908203125,0.10430908203125,0.5173401832580566,0.6216492652893066,142.60880708694458,0.5173401832580566,0.6216492652893066,142.60880708694458
nc_papers100m_195trainer_0hop_balanced_local_bs16_800r_2,20260914_192750_ogbn-papers100M_FedAvg_bs16_seed42_beta10000p0,ogbn-papers100M,FedAvg,16,42,10000.0,227,validation,0.2294,3.5753,0.2294,3.5753,681,0.10594296455383301,0.10594296455383301,0.5189380645751953,0.6248810291290283,143.2336881160736,0.5189380645751953,0.6248810291290283,143.2336881160736
nc_papers100m_195trainer_0hop_balanced_local_bs16_800r_2,20260914_192750_ogbn-papers100M_FedAvg_bs16_seed42_beta10000p0,ogbn-papers100M,FedAvg,16,42,10000.0,228,validation,0.2293,3.5718,0.2293,3.5718,684,0.10764503479003906,0.10764503479003906,0.5298323631286621,0.6374773979187012,143.8711655139923,0.5298323631286621,0.6374773979187012,143.8711655139923
nc_papers100m_195trainer_0hop_balanced_local_bs16_800r_2,20260914_192750_ogbn-papers100M_FedAvg_bs16_seed42_beta10000p0,ogbn-papers100M,FedAvg,16,42,10000.0,229,validation,0.2294,3.5697,0.2294,3.5697,687,0.10534358024597168,0.10534358024597168,0.5260639190673828,0.6314074993133545,144.50257301330566,0.5260639190673828,0.6314074993133545,144.50257301330566
nc_papers100m_195trainer_0hop_balanced_local_bs16_800r_2,20260914_192750_ogbn-papers100M_FedAvg_bs16_seed42_beta10000p0,ogbn-papers100M,FedAvg,16,42,10000.0,230,validation,0.2293,3.5671,0.2293,3.5671,690,0.10504698753356934,0.10504698753356934,0.536658525466919,0.6417055130004883,145.14427852630615,0.536658525466919,0.6417055130004883,145.14427852630615
nc_papers100m_195trainer_0hop_balanced_local_bs16_800r_2,20260914_192750_ogbn-papers100M_FedAvg_bs16_seed42_beta10000p0,ogbn-papers100M,FedAvg,16,42,10000.0,231,validation,0.2301,3.5647,0.2301,3.5647,693,0.10315132141113281,0.10315132141113281,0.5298056602478027,0.6329569816589355,145.7772355079651,0.5298056602478027,0.6329569816589355,145.7772355079651
nc_papers100m_195trainer_0hop_balanced_local_bs16_800r_2,20260914_192750_ogbn-papers100M_FedAvg_bs16_seed42_beta10000p0,ogbn-papers100M,FedAvg,16,42,10000.0,232,validation,0.2306,3.5618,0.2306,3.5618,696,0.10383272171020508,0.10383272171020508,0.5296568870544434,0.6334896087646484,146.41072511672974,0.5296568870544434,0.6334896087646484,146.41072511672974
nc_papers100m_195trainer_0hop_balanced_local_bs16_800r_2,20260914_192750_ogbn-papers100M_FedAvg_bs16_seed42_beta10000p0,ogbn-papers100M,FedAvg,16,42,10000.0,233,validation,0.2306,3.5596,0.2306,3.5596,699,0.1032264232635498,0.1032264232635498,0.5186986923217773,0.6219251155853271,147.03265023231506,0.5186986923217773,0.6219251155853271,147.03265023231506
nc_papers100m_195trainer_0hop_balanced_local_bs16_800r_2,20260914_192750_ogbn-papers100M_FedAvg_bs16_seed42_beta10000p0,ogbn-papers100M,FedAvg,16,42,10000.0,234,validation,0.2306,3.5572,0.2306,3.5572,702,0.10724043846130371,0.10724043846130371,0.524569034576416,0.6318094730377197,147.66445970535278,0.524569034576416,0.6318094730377197,147.66445970535278
nc_papers100m_195trainer_0hop_balanced_local_bs16_800r_2,20260914_192750_ogbn-papers100M_FedAvg_bs16_seed42_beta10000p0,ogbn-papers100M,FedAvg,16,42,10000.0,235,validation,0.231,3.5544,0.231,3.5544,705,0.10723137855529785,0.10723137855529785,0.5231149196624756,0.6303462982177734,148.29480600357056,0.5231149196624756,0.6303462982177734,148.29480600357056
nc_papers100m_195trainer_0hop_balanced_local_bs16_800r_2,20260914_192750_ogbn-papers100M_FedAvg_bs16_seed42_beta10000p0,ogbn-papers100M,FedAvg,16,42,10000.0,236,validation,0.2314,3.5514,0.2314,3.5514,708,0.10292959213256836,0.10292959213256836,0.5259225368499756,0.628852128982544,148.9236581325531,0.5259225368499756,0.628852128982544,148.9236581325531
nc_papers100m_195trainer_0hop_balanced_local_bs16_800r_2,20260914_192750_ogbn-papers100M_FedAvg_bs16_seed42_beta10000p0,ogbn-papers100M,FedAvg,16,42,10000.0,237,validation,0.2315,3.5491,0.2315,3.5491,711,0.10309100151062012,0.10309100151062012,0.5201280117034912,0.6232190132141113,149.5468771457672,0.5201280117034912,0.6232190132141113,149.5468771457672
nc_papers100m_195trainer_0hop_balanced_local_bs16_800r_2,20260914_192750_ogbn-papers100M_FedAvg_bs16_seed42_beta10000p0,ogbn-papers100M,FedAvg,16,42,10000.0,238,validation,0.2315,3.5464,0.2315,3.5464,714,0.10224795341491699,0.10224795341491699,0.5189917087554932,0.6212396621704102,150.16811680793762,0.5189917087554932,0.6212396621704102,150.16811680793762
nc_papers100m_195trainer_0hop_balanced_local_bs16_800r_2,20260914_192750_ogbn-papers100M_FedAvg_bs16_seed42_beta10000p0,ogbn-papers100M,FedAvg,16,42,10000.0,239,validation,0.2321,3.5435,0.2321,3.5435,717,0.10628437995910645,0.10628437995910645,0.5379242897033691,0.6442086696624756,150.8123254776001,0.5379242897033691,0.6442086696624756,150.8123254776001
nc_papers100m_195trainer_0hop_balanced_local_bs16_800r_2,20260914_192750_ogbn-papers100M_FedAvg_bs16_seed42_beta10000p0,ogbn-papers100M,FedAvg,16,42,10000.0,240,validation,0.2323,3.5408,0.2323,3.5408,720,0.10675430297851562,0.10675430297851562,0.5304379463195801,0.6371922492980957,151.4495177268982,0.5304379463195801,0.6371922492980957,151.4495177268982
nc_papers100m_195trainer_0hop_balanced_local_bs16_800r_2,20260914_192750_ogbn-papers100M_FedAvg_bs16_seed42_beta10000p0,ogbn-papers100M,FedAvg,16,42,10000.0,241,validation,0.2326,3.5378,0.2326,3.5378,723,0.10612368583679199,0.10612368583679199,0.5202136039733887,0.6263372898101807,152.07585501670837,0.5202136039733887,0.6263372898101807,152.07585501670837
nc_papers100m_195trainer_0hop_balanced_local_bs16_800r_2,20260914_192750_ogbn-papers100M_FedAvg_bs16_seed42_beta10000p0,ogbn-papers100M,FedAvg,16,42,10000.0,242,validation,0.2327,3.5355,0.2327,3.5355,726,0.10253143310546875,0.10253143310546875,0.5275468826293945,0.6300783157348633,152.70593333244324,0.5275468826293945,0.6300783157348633,152.70593333244324
nc_papers100m_195trainer_0hop_balanced_local_bs16_800r_2,20260914_192750_ogbn-papers100M_FedAvg_bs16_seed42_beta10000p0,ogbn-papers100M,FedAvg,16,42,10000.0,243,validation,0.2331,3.5332,0.2331,3.5332,729,0.10220026969909668,0.10220026969909668,0.5260663032531738,0.6282665729522705,153.3341999053955,0.5260663032531738,0.6282665729522705,153.3341999053955
nc_papers100m_195trainer_0hop_balanced_local_bs16_800r_2,20260914_192750_ogbn-papers100M_FedAvg_bs16_seed42_beta10000p0,ogbn-papers100M,FedAvg,16,42,10000.0,244,validation,0.2335,3.53,0.2335,3.53,732,0.10768508911132812,0.10768508911132812,0.5271000862121582,0.6347851753234863,153.968985080719,0.5271000862121582,0.6347851753234863,153.968985080719
nc_papers100m_195trainer_0hop_balanced_local_bs16_800r_2,20260914_192750_ogbn-papers100M_FedAvg_bs16_seed42_beta10000p0,ogbn-papers100M,FedAvg,16,42,10000.0,245,validation,0.2337,3.5277,0.2337,3.5277,735,0.10651850700378418,0.10651850700378418,0.5484914779663086,0.6550099849700928,154.6239950656891,0.5484914779663086,0.6550099849700928,154.6239950656891
nc_papers100m_195trainer_0hop_balanced_local_bs16_800r_2,20260914_192750_ogbn-papers100M_FedAvg_bs16_seed42_beta10000p0,ogbn-papers100M,FedAvg,16,42,10000.0,246,validation,0.2342,3.5244,0.2342,3.5244,738,0.10960221290588379,0.10960221290588379,0.5336453914642334,0.6432476043701172,155.2672426700592,0.5336453914642334,0.6432476043701172,155.2672426700592
nc_papers100m_195trainer_0hop_balanced_local_bs16_800r_2,20260914_192750_ogbn-papers100M_FedAvg_bs16_seed42_beta10000p0,ogbn-papers100M,FedAvg,16,42,10000.0,247,validation,0.2339,3.5225,0.2339,3.5225,741,0.10343074798583984,0.10343074798583984,0.5548760890960693,0.6583068370819092,155.9255495071411,0.5548760890960693,0.6583068370819092,155.9255495071411
nc_papers100m_195trainer_0hop_balanced_local_bs16_800r_2,20260914_192750_ogbn-papers100M_FedAvg_bs16_seed42_beta10000p0,ogbn-papers100M,FedAvg,16,42,10000.0,248,validation,0.2345,3.5192,0.2345,3.5192,744,0.10338878631591797,0.10338878631591797,0.5317680835723877,0.6351568698883057,156.56070637702942,0.5317680835723877,0.6351568698883057,156.56070637702942
nc_papers100m_195trainer_0hop_balanced_local_bs16_800r_2,20260914_192750_ogbn-papers100M_FedAvg_bs16_seed42_beta10000p0,ogbn-papers100M,FedAvg,16,42,10000.0,249,validation,0.235,3.5174,0.235,3.5174,747,0.10404229164123535,0.10404229164123535,0.5237419605255127,0.627784252166748,157.18849062919617,0.5237419605255127,0.627784252166748,157.18849062919617
nc_papers100m_195trainer_0hop_balanced_local_bs16_800r_2,20260914_192750_ogbn-papers100M_FedAvg_bs16_seed42_beta10000p0,ogbn-papers100M,FedAvg,16,42,10000.0,250,validation,0.2352,3.5149,0.2352,3.5149,750,0.10308670997619629,0.10308670997619629,0.5257225036621094,0.6288092136383057,157.81729984283447,0.5257225036621094,0.6288092136383057,157.81729984283447
nc_papers100m_195trainer_0hop_balanced_local_bs16_800r_2,20260914_192750_ogbn-papers100M_FedAvg_bs16_seed42_beta10000p0,ogbn-papers100M,FedAvg,16,42,10000.0,251,validation,0.2357,3.513,0.2357,3.513,753,0.10746622085571289,0.10746622085571289,0.5267562866210938,0.6342225074768066,158.45152235031128,0.5267562866210938,0.6342225074768066,158.45152235031128
nc_papers100m_195trainer_0hop_balanced_local_bs16_800r_2,20260914_192750_ogbn-papers100M_FedAvg_bs16_seed42_beta10000p0,ogbn-papers100M,FedAvg,16,42,10000.0,252,validation,0.2357,3.511,0.2357,3.511,756,0.1021580696105957,0.1021580696105957,0.5387868881225586,0.6409449577331543,159.09246730804443,0.5387868881225586,0.6409449577331543,159.09246730804443
nc_papers100m_195trainer_0hop_balanced_local_bs16_800r_2,20260914_192750_ogbn-papers100M_FedAvg_bs16_seed42_beta10000p0,ogbn-papers100M,FedAvg,16,42,10000.0,253,validation,0.2363,3.5084,0.2363,3.5084,759,0.10457301139831543,0.10457301139831543,0.5227675437927246,0.62734055519104,159.71980786323547,0.5227675437927246,0.62734055519104,159.71980786323547
nc_papers100m_195trainer_0hop_balanced_local_bs16_800r_2,20260914_192750_ogbn-papers100M_FedAvg_bs16_seed42_beta10000p0,ogbn-papers100M,FedAvg,16,42,10000.0,254,validation,0.236,3.5069,0.236,3.5069,762,0.1044473648071289,0.1044473648071289,0.5282063484191895,0.6326537132263184,160.3524615764618,0.5282063484191895,0.6326537132263184,160.3524615764618
nc_papers100m_195trainer_0hop_balanced_local_bs16_800r_2,20260914_192750_ogbn-papers100M_FedAvg_bs16_seed42_beta10000p0,ogbn-papers100M,FedAvg,16,42,10000.0,255,validation,0.2369,3.5049,0.2369,3.5049,765,0.10564684867858887,0.10564684867858887,0.5407674312591553,0.6464142799377441,160.99887585639954,0.5407674312591553,0.6464142799377441,160.99887585639954
nc_papers100m_195trainer_0hop_balanced_local_bs16_800r_2,20260914_192750_ogbn-papers100M_FedAvg_bs16_seed42_beta10000p0,ogbn-papers100M,FedAvg,16,42,10000.0,256,validation,0.237,3.5022,0.237,3.5022,768,0.10587143898010254,0.10587143898010254,0.5348694324493408,0.6407408714294434,161.63961672782898,0.5348694324493408,0.6407408714294434,161.63961672782898
nc_papers100m_195trainer_0hop_balanced_local_bs16_800r_2,20260914_192750_ogbn-papers100M_FedAvg_bs16_seed42_beta10000p0,ogbn-papers100M,FedAvg,16,42,10000.0,257,validation,0.2368,3.4993,0.2368,3.4993,771,0.10588407516479492,0.10588407516479492,0.5226569175720215,0.6285409927368164,162.2681577205658,0.5226569175720215,0.6285409927368164,162.2681577205658
nc_papers100m_195trainer_0hop_balanced_local_bs16_800r_2,20260914_192750_ogbn-papers100M_FedAvg_bs16_seed42_beta10000p0,ogbn-papers100M,FedAvg,16,42,10000.0,258,validation,0.2373,3.4961,0.2373,3.4961,774,0.10193085670471191,0.10193085670471191,0.5228674411773682,0.6247982978820801,162.89295601844788,0.5228674411773682,0.6247982978820801,162.89295601844788
nc_papers100m_195trainer_0hop_balanced_local_bs16_800r_2,20260914_192750_ogbn-papers100M_FedAvg_bs16_seed42_beta10000p0,ogbn-papers100M,FedAvg,16,42,10000.0,259,validation,0.2374,3.4942,0.2374,3.4942,777,0.10328412055969238,0.10328412055969238,0.5181858539581299,0.6214699745178223,163.5144259929657,0.5181858539581299,0.6214699745178223,163.5144259929657
nc_papers100m_195trainer_0hop_balanced_local_bs16_800r_2,20260914_192750_ogbn-papers100M_FedAvg_bs16_seed42_beta10000p0,ogbn-papers100M,FedAvg,16,42,10000.0,260,validation,0.2379,3.4904,0.2379,3.4904,780,0.10243725776672363,0.10243725776672363,0.5121421813964844,0.614579439163208,164.1290054321289,0.5121421813964844,0.614579439163208,164.1290054321289
nc_papers100m_195trainer_0hop_balanced_local_bs16_800r_2,20260914_192750_ogbn-papers100M_FedAvg_bs16_seed42_beta10000p0,ogbn-papers100M,FedAvg,16,42,10000.0,261,validation,0.2383,3.4884,0.2383,3.4884,783,0.11275839805603027,0.11275839805603027,0.5175597667694092,0.6303181648254395,164.75932359695435,0.5175597667694092,0.6303181648254395,164.75932359695435
nc_papers100m_195trainer_0hop_balanced_local_bs16_800r_2,20260914_192750_ogbn-papers100M_FedAvg_bs16_seed42_beta10000p0,ogbn-papers100M,FedAvg,16,42,10000.0,262,validation,0.2382,3.4875,0.2382,3.4875,786,0.10365152359008789,0.10365152359008789,0.506908655166626,0.6105601787567139,165.36988377571106,0.506908655166626,0.6105601787567139,165.36988377571106
nc_papers100m_195trainer_0hop_balanced_local_bs16_800r_2,20260914_192750_ogbn-papers100M_FedAvg_bs16_seed42_beta10000p0,ogbn-papers100M,FedAvg,16,42,10000.0,263,validation,0.2379,3.4857,0.2379,3.4857,789,0.10599493980407715,0.10599493980407715,0.5329990386962891,0.6389939785003662,166.00887775421143,0.5329990386962891,0.6389939785003662,166.00887775421143
nc_papers100m_195trainer_0hop_balanced_local_bs16_800r_2,20260914_192750_ogbn-papers100M_FedAvg_bs16_seed42_beta10000p0,ogbn-papers100M,FedAvg,16,42,10000.0,264,validation,0.2385,3.4842,0.2385,3.4842,792,0.10438013076782227,0.10438013076782227,0.5059628486633301,0.6103429794311523,166.61922073364258,0.5059628486633301,0.6103429794311523,166.61922073364258
nc_papers100m_195trainer_0hop_balanced_local_bs16_800r_2,20260914_192750_ogbn-papers100M_FedAvg_bs16_seed42_beta10000p0,ogbn-papers100M,FedAvg,16,42,10000.0,265,validation,0.2385,3.4813,0.2385,3.4813,795,0.10345935821533203,0.10345935821533203,0.5305743217468262,0.6340336799621582,167.25325441360474,0.5305743217468262,0.6340336799621582,167.25325441360474
nc_papers100m_195trainer_0hop_balanced_local_bs16_800r_2,20260914_192750_ogbn-papers100M_FedAvg_bs16_seed42_beta10000p0,ogbn-papers100M,FedAvg,16,42,10000.0,266,validation,0.2386,3.4791,0.2386,3.4791,798,0.1072225570678711,0.1072225570678711,0.5218439102172852,0.6290664672851562,167.8823208808899,0.5218439102172852,0.6290664672851562,167.8823208808899
nc_papers100m_195trainer_0hop_balanced_local_bs16_800r_2,20260914_192750_ogbn-papers100M_FedAvg_bs16_seed42_beta10000p0,ogbn-papers100M,FedAvg,16,42,10000.0,267,validation,0.239,3.4773,0.239,3.4773,801,0.10512852668762207,0.10512852668762207,0.5127780437469482,0.6179065704345703,168.50022745132446,0.5127780437469482,0.6179065704345703,168.50022745132446
nc_papers100m_195trainer_0hop_balanced_local_bs16_800r_2,20260914_192750_ogbn-papers100M_FedAvg_bs16_seed42_beta10000p0,ogbn-papers100M,FedAvg,16,42,10000.0,268,validation,0.2392,3.4757,0.2392,3.4757,804,0.10192632675170898,0.10192632675170898,0.5128295421600342,0.6147558689117432,169.1149833202362,0.5128295421600342,0.6147558689117432,169.1149833202362
nc_papers100m_195trainer_0hop_balanced_local_bs16_800r_2,20260914_192750_ogbn-papers100M_FedAvg_bs16_seed42_beta10000p0,ogbn-papers100M,FedAvg,16,42,10000.0,269,validation,0.2396,3.4725,0.2396,3.4725,807,0.10225296020507812,0.10225296020507812,0.5218026638031006,0.6240556240081787,169.73903894424438,0.5218026638031006,0.6240556240081787,169.73903894424438
nc_papers100m_195trainer_0hop_balanced_local_bs16_800r_2,20260914_192750_ogbn-papers100M_FedAvg_bs16_seed42_beta10000p0,ogbn-papers100M,FedAvg,16,42,10000.0,270,validation,0.2398,3.4703,0.2398,3.4703,810,0.10153985023498535,0.10153985023498535,0.5300743579864502,0.6316142082214355,170.37065315246582,0.5300743579864502,0.6316142082214355,170.37065315246582
nc_papers100m_195trainer_0hop_balanced_local_bs16_800r_2,20260914_192750_ogbn-papers100M_FedAvg_bs16_seed42_beta10000p0,ogbn-papers100M,FedAvg,16,42,10000.0,271,validation,0.2398,3.4683,0.2398,3.4683,813,0.10374331474304199,0.10374331474304199,0.5286622047424316,0.6324055194854736,171.0030586719513,0.5286622047424316,0.6324055194854736,171.0030586719513
nc_papers100m_195trainer_0hop_balanced_local_bs16_800r_2,20260914_192750_ogbn-papers100M_FedAvg_bs16_seed42_beta10000p0,ogbn-papers100M,FedAvg,16,42,10000.0,272,validation,0.2403,3.4653,0.2403,3.4653,816,0.1079111099243164,0.1079111099243164,0.516646146774292,0.6245572566986084,171.6276159286499,0.516646146774292,0.6245572566986084,171.6276159286499
nc_papers100m_195trainer_0hop_balanced_local_bs16_800r_2,20260914_192750_ogbn-papers100M_FedAvg_bs16_seed42_beta10000p0,ogbn-papers100M,FedAvg,16,42,10000.0,273,validation,0.2408,3.4627,0.2408,3.4627,819,0.10328793525695801,0.10328793525695801,0.507892370223999,0.611180305480957,172.23879623413086,0.507892370223999,0.611180305480957,172.23879623413086
nc_papers100m_195trainer_0hop_balanced_local_bs16_800r_2,20260914_192750_ogbn-papers100M_FedAvg_bs16_seed42_beta10000p0,ogbn-papers100M,FedAvg,16,42,10000.0,274,validation,0.2412,3.459,0.2412,3.459,822,0.10244584083557129,0.10244584083557129,0.5182902812957764,0.6207361221313477,172.8595323562622,0.5182902812957764,0.6207361221313477,172.8595323562622
nc_papers100m_195trainer_0hop_balanced_local_bs16_800r_2,20260914_192750_ogbn-papers100M_FedAvg_bs16_seed42_beta10000p0,ogbn-papers100M,FedAvg,16,42,10000.0,275,validation,0.2411,3.4567,0.2411,3.4567,825,0.10216808319091797,0.10216808319091797,0.5266456604003906,0.6288137435913086,173.48834609985352,0.5266456604003906,0.6288137435913086,173.48834609985352
nc_papers100m_195trainer_0hop_balanced_local_bs16_800r_2,20260914_192750_ogbn-papers100M_FedAvg_bs16_seed42_beta10000p0,ogbn-papers100M,FedAvg,16,42,10000.0,276,validation,0.2411,3.4551,0.2411,3.4551,828,0.10422301292419434,0.10422301292419434,0.5275721549987793,0.6317951679229736,174.1201412677765,0.5275721549987793,0.6317951679229736,174.1201412677765
nc_papers100m_195trainer_0hop_balanced_local_bs16_800r_2,20260914_192750_ogbn-papers100M_FedAvg_bs16_seed42_beta10000p0,ogbn-papers100M,FedAvg,16,42,10000.0,277,validation,0.2417,3.453,0.2417,3.453,831,0.10444235801696777,0.10444235801696777,0.5130929946899414,0.6175353527069092,174.7376766204834,0.5130929946899414,0.6175353527069092,174.7376766204834
nc_papers100m_195trainer_0hop_balanced_local_bs16_800r_2,20260914_192750_ogbn-papers100M_FedAvg_bs16_seed42_beta10000p0,ogbn-papers100M,FedAvg,16,42,10000.0,278,validation,0.2421,3.4506,0.2421,3.4506,834,0.10473322868347168,0.10473322868347168,0.5229535102844238,0.6276867389678955,175.3653633594513,0.5229535102844238,0.6276867389678955,175.3653633594513
nc_papers100m_195trainer_0hop_balanced_local_bs16_800r_2,20260914_192750_ogbn-papers100M_FedAvg_bs16_seed42_beta10000p0,ogbn-papers100M,FedAvg,16,42,10000.0,279,validation,0.2425,3.4481,0.2425,3.4481,837,0.10545825958251953,0.10545825958251953,0.5134890079498291,0.6189472675323486,175.98431062698364,0.5134890079498291,0.6189472675323486,175.98431062698364
nc_papers100m_195trainer_0hop_balanced_local_bs16_800r_2,20260914_192750_ogbn-papers100M_FedAvg_bs16_seed42_beta10000p0,ogbn-papers100M,FedAvg,16,42,10000.0,280,validation,0.2418,3.447,0.2418,3.447,840,0.10145950317382812,0.10145950317382812,0.5232295989990234,0.6246891021728516,176.6089997291565,0.5232295989990234,0.6246891021728516,176.6089997291565
nc_papers100m_195trainer_0hop_balanced_local_bs16_800r_2,20260914_192750_ogbn-papers100M_FedAvg_bs16_seed42_beta10000p0,ogbn-papers100M,FedAvg,16,42,10000.0,281,validation,0.2425,3.4447,0.2425,3.4447,843,0.10448169708251953,0.10448169708251953,0.51658034324646,0.6210620403289795,177.23006176948547,0.51658034324646,0.6210620403289795,177.23006176948547
nc_papers100m_195trainer_0hop_balanced_local_bs16_800r_2,20260914_192750_ogbn-papers100M_FedAvg_bs16_seed42_beta10000p0,ogbn-papers100M,FedAvg,16,42,10000.0,282,validation,0.2428,3.4433,0.2428,3.4433,846,0.10737848281860352,0.10737848281860352,0.5251491069793701,0.6325275897979736,177.86258935928345,0.5251491069793701,0.6325275897979736,177.86258935928345
nc_papers100m_195trainer_0hop_balanced_local_bs16_800r_2,20260914_192750_ogbn-papers100M_FedAvg_bs16_seed42_beta10000p0,ogbn-papers100M,FedAvg,16,42,10000.0,283,validation,0.2426,3.4411,0.2426,3.4411,849,0.10700249671936035,0.10700249671936035,0.525963306427002,0.6329658031463623,178.4955551624298,0.525963306427002,0.6329658031463623,178.4955551624298
nc_papers100m_195trainer_0hop_balanced_local_bs16_800r_2,20260914_192750_ogbn-papers100M_FedAvg_bs16_seed42_beta10000p0,ogbn-papers100M,FedAvg,16,42,10000.0,284,validation,0.243,3.438,0.243,3.438,852,0.10410571098327637,0.10410571098327637,0.5277392864227295,0.6318449974060059,179.12740015983582,0.5277392864227295,0.6318449974060059,179.12740015983582
nc_papers100m_195trainer_0hop_balanced_local_bs16_800r_2,20260914_192750_ogbn-papers100M_FedAvg_bs16_seed42_beta10000p0,ogbn-papers100M,FedAvg,16,42,10000.0,285,validation,0.2431,3.4362,0.2431,3.4362,855,0.10427641868591309,0.10427641868591309,0.5229837894439697,0.6272602081298828,179.7546603679657,0.5229837894439697,0.6272602081298828,179.7546603679657
nc_papers100m_195trainer_0hop_balanced_local_bs16_800r_2,20260914_192750_ogbn-papers100M_FedAvg_bs16_seed42_beta10000p0,ogbn-papers100M,FedAvg,16,42,10000.0,286,validation,0.2431,3.4353,0.2431,3.4353,858,0.10241436958312988,0.10241436958312988,0.5138373374938965,0.6162517070770264,180.37091207504272,0.5138373374938965,0.6162517070770264,180.37091207504272
nc_papers100m_195trainer_0hop_balanced_local_bs16_800r_2,20260914_192750_ogbn-papers100M_FedAvg_bs16_seed42_beta10000p0,ogbn-papers100M,FedAvg,16,42,10000.0,287,validation,0.2433,3.4325,0.2433,3.4325,861,0.10187244415283203,0.10187244415283203,0.5243630409240723,0.6262354850769043,180.99714756011963,0.5243630409240723,0.6262354850769043,180.99714756011963
nc_papers100m_195trainer_0hop_balanced_local_bs16_800r_2,20260914_192750_ogbn-papers100M_FedAvg_bs16_seed42_beta10000p0,ogbn-papers100M,FedAvg,16,42,10000.0,288,validation,0.2435,3.4316,0.2435,3.4316,864,0.10596799850463867,0.10596799850463867,0.53318190574646,0.6391499042510986,181.63629746437073,0.53318190574646,0.6391499042510986,181.63629746437073
nc_papers100m_195trainer_0hop_balanced_local_bs16_800r_2,20260914_192750_ogbn-papers100M_FedAvg_bs16_seed42_beta10000p0,ogbn-papers100M,FedAvg,16,42,10000.0,289,validation,0.2438,3.4293,0.2438,3.4293,867,0.10666704177856445,0.10666704177856445,0.5341320037841797,0.6407990455627441,182.27709650993347,0.5341320037841797,0.6407990455627441,182.27709650993347
nc_papers100m_195trainer_0hop_balanced_local_bs16_800r_2,20260914_192750_ogbn-papers100M_FedAvg_bs16_seed42_beta10000p0,ogbn-papers100M,FedAvg,16,42,10000.0,290,validation,0.2437,3.4276,0.2437,3.4276,870,0.10085844993591309,0.10085844993591309,0.5183169841766357,0.6191754341125488,182.89627194404602,0.5183169841766357,0.6191754341125488,182.89627194404602
nc_papers100m_195trainer_0hop_balanced_local_bs16_800r_2,20260914_192750_ogbn-papers100M_FedAvg_bs16_seed42_beta10000p0,ogbn-papers100M,FedAvg,16,42,10000.0,291,validation,0.2441,3.4255,0.2441,3.4255,873,0.1013650894165039,0.1013650894165039,0.5150964260101318,0.6164615154266357,183.51273345947266,0.5150964260101318,0.6164615154266357,183.51273345947266
nc_papers100m_195trainer_0hop_balanced_local_bs16_800r_2,20260914_192750_ogbn-papers100M_FedAvg_bs16_seed42_beta10000p0,ogbn-papers100M,FedAvg,16,42,10000.0,292,validation,0.2448,3.4232,0.2448,3.4232,876,0.1035928726196289,0.1035928726196289,0.5198874473571777,0.6234803199768066,184.13621377944946,0.5198874473571777,0.6234803199768066,184.13621377944946
nc_papers100m_195trainer_0hop_balanced_local_bs16_800r_2,20260914_192750_ogbn-papers100M_FedAvg_bs16_seed42_beta10000p0,ogbn-papers100M,FedAvg,16,42,10000.0,293,validation,0.2447,3.4216,0.2447,3.4216,879,0.10527920722961426,0.10527920722961426,0.5224609375,0.6277401447296143,184.76395392417908,0.5224609375,0.6277401447296143,184.76395392417908
nc_papers100m_195trainer_0hop_balanced_local_bs16_800r_2,20260914_192750_ogbn-papers100M_FedAvg_bs16_seed42_beta10000p0,ogbn-papers100M,FedAvg,16,42,10000.0,294,validation,0.2451,3.4196,0.2451,3.4196,882,0.10491156578063965,0.10491156578063965,0.5204176902770996,0.6253292560577393,185.38928318023682,0.5204176902770996,0.6253292560577393,185.38928318023682
nc_papers100m_195trainer_0hop_balanced_local_bs16_800r_2,20260914_192750_ogbn-papers100M_FedAvg_bs16_seed42_beta10000p0,ogbn-papers100M,FedAvg,16,42,10000.0,295,validation,0.2453,3.4181,0.2453,3.4181,885,0.10298323631286621,0.10298323631286621,0.5153312683105469,0.6183145046234131,186.00759768486023,0.5153312683105469,0.6183145046234131,186.00759768486023
nc_papers100m_195trainer_0hop_balanced_local_bs16_800r_2,20260914_192750_ogbn-papers100M_FedAvg_bs16_seed42_beta10000p0,ogbn-papers100M,FedAvg,16,42,10000.0,296,validation,0.2452,3.4149,0.2452,3.4149,888,0.10233736038208008,0.10233736038208008,0.5059835910797119,0.608320951461792,186.61591863632202,0.5059835910797119,0.608320951461792,186.61591863632202
nc_papers100m_195trainer_0hop_balanced_local_bs16_800r_2,20260914_192750_ogbn-papers100M_FedAvg_bs16_seed42_beta10000p0,ogbn-papers100M,FedAvg,16,42,10000.0,297,validation,0.246,3.4126,0.246,3.4126,891,0.10397148132324219,0.10397148132324219,0.5172162055969238,0.621187686920166,187.2371063232422,0.5172162055969238,0.621187686920166,187.2371063232422
nc_papers100m_195trainer_0hop_balanced_local_bs16_800r_2,20260914_192750_ogbn-papers100M_FedAvg_bs16_seed42_beta10000p0,ogbn-papers100M,FedAvg,16,42,10000.0,298,validation,0.2463,3.4105,0.2463,3.4105,894,0.10467815399169922,0.10467815399169922,0.5189292430877686,0.6236073970794678,187.86071372032166,0.5189292430877686,0.6236073970794678,187.86071372032166
nc_papers100m_195trainer_0hop_balanced_local_bs16_800r_2,20260914_192750_ogbn-papers100M_FedAvg_bs16_seed42_beta10000p0,ogbn-papers100M,FedAvg,16,42,10000.0,299,validation,0.2461,3.4089,0.2461,3.4089,897,0.1064305305480957,0.1064305305480957,0.509223222732544,0.6156537532806396,188.4763674736023,0.509223222732544,0.6156537532806396,188.4763674736023
nc_papers100m_195trainer_0hop_balanced_local_bs16_800r_2,20260914_192750_ogbn-papers100M_FedAvg_bs16_seed42_beta10000p0,ogbn-papers100M,FedAvg,16,42,10000.0,300,validation,0.2461,3.4074,0.2461,3.4074,900,0.10338091850280762,0.10338091850280762,0.5178108215332031,0.6211917400360107,189.0975592136383,0.5178108215332031,0.6211917400360107,189.0975592136383
nc_papers100m_195trainer_0hop_balanced_local_bs16_800r_2,20260914_192750_ogbn-papers100M_FedAvg_bs16_seed42_beta10000p0,ogbn-papers100M,FedAvg,16,42,10000.0,301,validation,0.2457,3.4055,0.2457,3.4055,903,0.1014103889465332,0.1014103889465332,0.5092906951904297,0.6107010841369629,189.70826029777527,0.5092906951904297,0.6107010841369629,189.70826029777527
nc_papers100m_195trainer_0hop_balanced_local_bs16_800r_2,20260914_192750_ogbn-papers100M_FedAvg_bs16_seed42_beta10000p0,ogbn-papers100M,FedAvg,16,42,10000.0,302,validation,0.2462,3.4035,0.2462,3.4035,906,0.10311245918273926,0.10311245918273926,0.5161261558532715,0.6192386150360107,190.32749891281128,0.5161261558532715,0.6192386150360107,190.32749891281128
nc_papers100m_195trainer_0hop_balanced_local_bs16_800r_2,20260914_192750_ogbn-papers100M_FedAvg_bs16_seed42_beta10000p0,ogbn-papers100M,FedAvg,16,42,10000.0,303,validation,0.2465,3.402,0.2465,3.402,909,0.10318732261657715,0.10318732261657715,0.5063352584838867,0.6095225811004639,190.93702149391174,0.5063352584838867,0.6095225811004639,190.93702149391174
nc_papers100m_195trainer_0hop_balanced_local_bs16_800r_2,20260914_192750_ogbn-papers100M_FedAvg_bs16_seed42_beta10000p0,ogbn-papers100M,FedAvg,16,42,10000.0,304,validation,0.247,3.3995,0.247,3.3995,912,0.1041557788848877,0.1041557788848877,0.5231692790985107,0.6273250579833984,191.56434655189514,0.5231692790985107,0.6273250579833984,191.56434655189514
nc_papers100m_195trainer_0hop_balanced_local_bs16_800r_2,20260914_192750_ogbn-papers100M_FedAvg_bs16_seed42_beta10000p0,ogbn-papers100M,FedAvg,16,42,10000.0,305,validation,0.2473,3.3976,0.2473,3.3976,915,0.10840845108032227,0.10840845108032227,0.5160658359527588,0.624474287033081,192.18882083892822,0.5160658359527588,0.624474287033081,192.18882083892822
nc_papers100m_195trainer_0hop_balanced_local_bs16_800r_2,20260914_192750_ogbn-papers100M_FedAvg_bs16_seed42_beta10000p0,ogbn-papers100M,FedAvg,16,42,10000.0,306,validation,0.2471,3.3965,0.2471,3.3965,918,0.10401606559753418,0.10401606559753418,0.5225772857666016,0.6265933513641357,192.81541419029236,0.5225772857666016,0.6265933513641357,192.81541419029236
nc_papers100m_195trainer_0hop_balanced_local_bs16_800r_2,20260914_192750_ogbn-papers100M_FedAvg_bs16_seed42_beta10000p0,ogbn-papers100M,FedAvg,16,42,10000.0,307,validation,0.2468,3.3955,0.2468,3.3955,921,0.10263538360595703,0.10263538360595703,0.5214312076568604,0.6240665912628174,193.43948078155518,0.5214312076568604,0.6240665912628174,193.43948078155518
nc_papers100m_195trainer_0hop_balanced_local_bs16_800r_2,20260914_192750_ogbn-papers100M_FedAvg_bs16_seed42_beta10000p0,ogbn-papers100M,FedAvg,16,42,10000.0,308,validation,0.248,3.3935,0.248,3.3935,924,0.1014711856842041,0.1014711856842041,0.5120923519134521,0.6135635375976562,194.05304431915283,0.5120923519134521,0.6135635375976562,194.05304431915283
nc_papers100m_195trainer_0hop_balanced_local_bs16_800r_2,20260914_192750_ogbn-papers100M_FedAvg_bs16_seed42_beta10000p0,ogbn-papers100M,FedAvg,16,42,10000.0,309,validation,0.248,3.3903,0.248,3.3903,927,0.10216403007507324,0.10216403007507324,0.5175004005432129,0.6196644306182861,194.67270874977112,0.5175004005432129,0.6196644306182861,194.67270874977112
nc_papers100m_195trainer_0hop_balanced_local_bs16_800r_2,20260914_192750_ogbn-papers100M_FedAvg_bs16_seed42_beta10000p0,ogbn-papers100M,FedAvg,16,42,10000.0,310,validation,0.2478,3.3887,0.2478,3.3887,930,0.10289931297302246,0.10289931297302246,0.512819766998291,0.6157190799713135,195.28842782974243,0.512819766998291,0.6157190799713135,195.28842782974243
nc_papers100m_195trainer_0hop_balanced_local_bs16_800r_2,20260914_192750_ogbn-papers100M_FedAvg_bs16_seed42_beta10000p0,ogbn-papers100M,FedAvg,16,42,10000.0,311,validation,0.2484,3.386,0.2484,3.386,933,0.1111609935760498,0.1111609935760498,0.5220067501068115,0.6331677436828613,195.9215955734253,0.5220067501068115,0.6331677436828613,195.9215955734253
nc_papers100m_195trainer_0hop_balanced_local_bs16_800r_2,20260914_192750_ogbn-papers100M_FedAvg_bs16_seed42_beta10000p0,ogbn-papers100M,FedAvg,16,42,10000.0,312,validation,0.2481,3.3845,0.2481,3.3845,936,0.1031339168548584,0.1031339168548584,0.544175386428833,0.6473093032836914,196.56890487670898,0.544175386428833,0.6473093032836914,196.56890487670898
nc_papers100m_195trainer_0hop_balanced_local_bs16_800r_2,20260914_192750_ogbn-papers100M_FedAvg_bs16_seed42_beta10000p0,ogbn-papers100M,FedAvg,16,42,10000.0,313,validation,0.248,3.3823,0.248,3.3823,939,0.10204720497131348,0.10204720497131348,0.5059823989868164,0.6080296039581299,197.17693448066711,0.5059823989868164,0.6080296039581299,197.17693448066711
nc_papers100m_195trainer_0hop_balanced_local_bs16_800r_2,20260914_192750_ogbn-papers100M_FedAvg_bs16_seed42_beta10000p0,ogbn-papers100M,FedAvg,16,42,10000.0,314,validation,0.2479,3.3815,0.2479,3.3815,942,0.10350489616394043,0.10350489616394043,0.5185527801513672,0.6220576763153076,197.79899215698242,0.5185527801513672,0.6220576763153076,197.79899215698242
nc_papers100m_195trainer_0hop_balanced_local_bs16_800r_2,20260914_192750_ogbn-papers100M_FedAvg_bs16_seed42_beta10000p0,ogbn-papers100M,FedAvg,16,42,10000.0,315,validation,0.248,3.3795,0.248,3.3795,945,0.10500693321228027,0.10500693321228027,0.518439531326294,0.6234464645385742,198.422438621521,0.518439531326294,0.6234464645385742,198.422438621521
nc_papers100m_195trainer_0hop_balanced_local_bs16_800r_2,20260914_192750_ogbn-papers100M_FedAvg_bs16_seed42_beta10000p0,ogbn-papers100M,FedAvg,16,42,10000.0,316,validation,0.2488,3.3775,0.2488,3.3775,948,0.10592293739318848,0.10592293739318848,0.516228199005127,0.6221511363983154,199.0445897579193,0.516228199005127,0.6221511363983154,199.0445897579193
nc_papers100m_195trainer_0hop_balanced_local_bs16_800r_2,20260914_192750_ogbn-papers100M_FedAvg_bs16_seed42_beta10000p0,ogbn-papers100M,FedAvg,16,42,10000.0,317,validation,0.2487,3.3748,0.2487,3.3748,951,0.10515737533569336,0.10515737533569336,0.5211484432220459,0.6263058185577393,199.67089557647705,0.5211484432220459,0.6263058185577393,199.67089557647705
nc_papers100m_195trainer_0hop_balanced_local_bs16_800r_2,20260914_192750_ogbn-papers100M_FedAvg_bs16_seed42_beta10000p0,ogbn-papers100M,FedAvg,16,42,10000.0,318,validation,0.2492,3.3721,0.2492,3.3721,954,0.10665583610534668,0.10665583610534668,0.5129594802856445,0.6196153163909912,200.29051089286804,0.5129594802856445,0.6196153163909912,200.29051089286804
nc_papers100m_195trainer_0hop_balanced_local_bs16_800r_2,20260914_192750_ogbn-papers100M_FedAvg_bs16_seed42_beta10000p0,ogbn-papers100M,FedAvg,16,42,10000.0,319,validation,0.2494,3.3706,0.2494,3.3706,957,0.10295939445495605,0.10295939445495605,0.520261287689209,0.623220682144165,200.9137315750122,0.520261287689209,0.623220682144165,200.9137315750122
nc_papers100m_195trainer_0hop_balanced_local_bs16_800r_2,20260914_192750_ogbn-papers100M_FedAvg_bs16_seed42_beta10000p0,ogbn-papers100M,FedAvg,16,42,10000.0,320,validation,0.2493,3.3692,0.2493,3.3692,960,0.10335993766784668,0.10335993766784668,0.5328595638275146,0.6362195014953613,201.54995107650757,0.5328595638275146,0.6362195014953613,201.54995107650757
nc_papers100m_195trainer_0hop_balanced_local_bs16_800r_2,20260914_192750_ogbn-papers100M_FedAvg_bs16_seed42_beta10000p0,ogbn-papers100M,FedAvg,16,42,10000.0,321,validation,0.2501,3.3667,0.2501,3.3667,963,0.10652375221252441,0.10652375221252441,0.5141284465789795,0.6206521987915039,202.17060327529907,0.5141284465789795,0.6206521987915039,202.17060327529907
nc_papers100m_195trainer_0hop_balanced_local_bs16_800r_2,20260914_192750_ogbn-papers100M_FedAvg_bs16_seed42_beta10000p0,ogbn-papers100M,FedAvg,16,42,10000.0,322,validation,0.2504,3.3656,0.2504,3.3656,966,0.1072535514831543,0.1072535514831543,0.6883072853088379,0.7955608367919922,202.96616411209106,0.6883072853088379,0.7955608367919922,202.96616411209106
nc_papers100m_195trainer_0hop_balanced_local_bs16_800r_2,20260914_192750_ogbn-papers100M_FedAvg_bs16_seed42_beta10000p0,ogbn-papers100M,FedAvg,16,42,10000.0,323,validation,0.2504,3.3639,0.2504,3.3639,969,0.10119128227233887,0.10119128227233887,0.5086748600006104,0.6098661422729492,203.576030254364,0.5086748600006104,0.6098661422729492,203.576030254364
nc_papers100m_195trainer_0hop_balanced_local_bs16_800r_2,20260914_192750_ogbn-papers100M_FedAvg_bs16_seed42_beta10000p0,ogbn-papers100M,FedAvg,16,42,10000.0,324,validation,0.2509,3.3619,0.2509,3.3619,972,0.1079869270324707,0.1079869270324707,0.5156054496765137,0.6235923767089844,204.199622631073,0.5156054496765137,0.6235923767089844,204.199622631073
nc_papers100m_195trainer_0hop_balanced_local_bs16_800r_2,20260914_192750_ogbn-papers100M_FedAvg_bs16_seed42_beta10000p0,ogbn-papers100M,FedAvg,16,42,10000.0,325,validation,0.2507,3.3599,0.2507,3.3599,975,0.10461950302124023,0.10461950302124023,0.518937349319458,0.6235568523406982,204.8231794834137,0.518937349319458,0.6235568523406982,204.8231794834137
nc_papers100m_195trainer_0hop_balanced_local_bs16_800r_2,20260914_192750_ogbn-papers100M_FedAvg_bs16_seed42_beta10000p0,ogbn-papers100M,FedAvg,16,42,10000.0,326,validation,0.2509,3.3587,0.2509,3.3587,978,0.10829663276672363,0.10829663276672363,0.5219173431396484,0.6302139759063721,205.45339345932007,0.5219173431396484,0.6302139759063721,205.45339345932007
nc_papers100m_195trainer_0hop_balanced_local_bs16_800r_2,20260914_192750_ogbn-papers100M_FedAvg_bs16_seed42_beta10000p0,ogbn-papers100M,FedAvg,16,42,10000.0,327,validation,0.2514,3.356,0.2514,3.356,981,0.10546278953552246,0.10546278953552246,0.5219244956970215,0.627387285232544,206.0807807445526,0.5219244956970215,0.627387285232544,206.0807807445526
nc_papers100m_195trainer_0hop_balanced_local_bs16_800r_2,20260914_192750_ogbn-papers100M_FedAvg_bs16_seed42_beta10000p0,ogbn-papers100M,FedAvg,16,42,10000.0,328,validation,0.2509,3.3528,0.2509,3.3528,984,0.10447382926940918,0.10447382926940918,0.5227458477020264,0.6272196769714355,206.70800042152405,0.5227458477020264,0.6272196769714355,206.70800042152405
nc_papers100m_195trainer_0hop_balanced_local_bs16_800r_2,20260914_192750_ogbn-papers100M_FedAvg_bs16_seed42_beta10000p0,ogbn-papers100M,FedAvg,16,42,10000.0,329,validation,0.251,3.3517,0.251,3.3517,987,0.1058645248413086,0.1058645248413086,0.5193982124328613,0.6252627372741699,207.33326315879822,0.5193982124328613,0.6252627372741699,207.33326315879822
nc_papers100m_195trainer_0hop_balanced_local_bs16_800r_2,20260914_192750_ogbn-papers100M_FedAvg_bs16_seed42_beta10000p0,ogbn-papers100M,FedAvg,16,42,10000.0,330,validation,0.2518,3.3489,0.2518,3.3489,990,0.10171341896057129,0.10171341896057129,0.5187563896179199,0.6204698085784912,207.9537329673767,0.5187563896179199,0.6204698085784912,207.9537329673767
nc_papers100m_195trainer_0hop_balanced_local_bs16_800r_2,20260914_192750_ogbn-papers100M_FedAvg_bs16_seed42_beta10000p0,ogbn-papers100M,FedAvg,16,42,10000.0,331,validation,0.2519,3.3477,0.2519,3.3477,993,0.10338568687438965,0.10338568687438965,0.5183444023132324,0.6217300891876221,208.57546305656433,0.5183444023132324,0.6217300891876221,208.57546305656433
nc_papers100m_195trainer_0hop_balanced_local_bs16_800r_2,20260914_192750_ogbn-papers100M_FedAvg_bs16_seed42_beta10000p0,ogbn-papers100M,FedAvg,16,42,10000.0,332,validation,0.2521,3.3464,0.2521,3.3464,996,0.1056833267211914,0.1056833267211914,0.5232565402984619,0.6289398670196533,209.20440292358398,0.5232565402984619,0.6289398670196533,209.20440292358398
nc_papers100m_195trainer_0hop_balanced_local_bs16_800r_2,20260914_192750_ogbn-papers100M_FedAvg_bs16_seed42_beta10000p0,ogbn-papers100M,FedAvg,16,42,10000.0,333,validation,0.2523,3.3452,0.2523,3.3452,999,0.10286879539489746,0.10286879539489746,0.5243983268737793,0.6272671222686768,209.83167004585266,0.5243983268737793,0.6272671222686768,209.83167004585266
nc_papers100m_195trainer_0hop_balanced_local_bs16_800r_2,20260914_192750_ogbn-papers100M_FedAvg_bs16_seed42_beta10000p0,ogbn-papers100M,FedAvg,16,42,10000.0,334,validation,0.2523,3.3438,0.2523,3.3438,1002,0.1050560474395752,0.1050560474395752,0.5340161323547363,0.6390721797943115,210.47074222564697,0.5340161323547363,0.6390721797943115,210.47074222564697
nc_papers100m_195trainer_0hop_balanced_local_bs16_800r_2,20260914_192750_ogbn-papers100M_FedAvg_bs16_seed42_beta10000p0,ogbn-papers100M,FedAvg,16,42,10000.0,335,validation,0.2526,3.3408,0.2526,3.3408,1005,0.10277199745178223,0.10277199745178223,0.5220866203308105,0.6248586177825928,211.09560084342957,0.5220866203308105,0.6248586177825928,211.09560084342957
nc_papers100m_195trainer_0hop_balanced_local_bs16_800r_2,20260914_192750_ogbn-papers100M_FedAvg_bs16_seed42_beta10000p0,ogbn-papers100M,FedAvg,16,42,10000.0,336,validation,0.253,3.3394,0.253,3.3394,1008,0.10290932655334473,0.10290932655334473,0.5185234546661377,0.6214327812194824,211.71703362464905,0.5185234546661377,0.6214327812194824,211.71703362464905
nc_papers100m_195trainer_0hop_balanced_local_bs16_800r_2,20260914_192750_ogbn-papers100M_FedAvg_bs16_seed42_beta10000p0,ogbn-papers100M,FedAvg,16,42,10000.0,337,validation,0.2532,3.3374,0.2532,3.3374,1011,0.10509872436523438,0.10509872436523438,0.5226311683654785,0.6277298927307129,212.34476351737976,0.5226311683654785,0.6277298927307129,212.34476351737976
nc_papers100m_195trainer_0hop_balanced_local_bs16_800r_2,20260914_192750_ogbn-papers100M_FedAvg_bs16_seed42_beta10000p0,ogbn-papers100M,FedAvg,16,42,10000.0,338,validation,0.2534,3.3369,0.2534,3.3369,1014,0.10454750061035156,0.10454750061035156,0.5215251445770264,0.6260726451873779,212.97083616256714,0.5215251445770264,0.6260726451873779,212.97083616256714
nc_papers100m_195trainer_0hop_balanced_local_bs16_800r_2,20260914_192750_ogbn-papers100M_FedAvg_bs16_seed42_beta10000p0,ogbn-papers100M,FedAvg,16,42,10000.0,339,validation,0.2535,3.3353,0.2535,3.3353,1017,0.10374212265014648,0.10374212265014648,0.530278205871582,0.6340203285217285,213.60485649108887,0.530278205871582,0.6340203285217285,213.60485649108887
nc_papers100m_195trainer_0hop_balanced_local_bs16_800r_2,20260914_192750_ogbn-papers100M_FedAvg_bs16_seed42_beta10000p0,ogbn-papers100M,FedAvg,16,42,10000.0,340,validation,0.2533,3.3335,0.2533,3.3335,1020,0.1025075912475586,0.1025075912475586,0.5220611095428467,0.6245687007904053,214.22942519187927,0.5220611095428467,0.6245687007904053,214.22942519187927
nc_papers100m_195trainer_0hop_balanced_local_bs16_800r_2,20260914_192750_ogbn-papers100M_FedAvg_bs16_seed42_beta10000p0,ogbn-papers100M,FedAvg,16,42,10000.0,341,validation,0.2537,3.3322,0.2537,3.3322,1023,0.10647201538085938,0.10647201538085938,0.5225296020507812,0.6290016174316406,214.8584268093109,0.5225296020507812,0.6290016174316406,214.8584268093109
nc_papers100m_195trainer_0hop_balanced_local_bs16_800r_2,20260914_192750_ogbn-papers100M_FedAvg_bs16_seed42_beta10000p0,ogbn-papers100M,FedAvg,16,42,10000.0,342,validation,0.2545,3.3302,0.2545,3.3302,1026,0.10583710670471191,0.10583710670471191,0.5208802223205566,0.6267173290252686,215.48514413833618,0.5208802223205566,0.6267173290252686,215.48514413833618
nc_papers100m_195trainer_0hop_balanced_local_bs16_800r_2,20260914_192750_ogbn-papers100M_FedAvg_bs16_seed42_beta10000p0,ogbn-papers100M,FedAvg,16,42,10000.0,343,validation,0.2546,3.3275,0.2546,3.3275,1029,0.1065211296081543,0.1065211296081543,0.5171985626220703,0.6237196922302246,216.1088638305664,0.5171985626220703,0.6237196922302246,216.1088638305664
nc_papers100m_195trainer_0hop_balanced_local_bs16_800r_2,20260914_192750_ogbn-papers100M_FedAvg_bs16_seed42_beta10000p0,ogbn-papers100M,FedAvg,16,42,10000.0,344,validation,0.2549,3.326,0.2549,3.326,1032,0.1022038459777832,0.1022038459777832,0.5163757801055908,0.618579626083374,216.72744345664978,0.5163757801055908,0.618579626083374,216.72744345664978
nc_papers100m_195trainer_0hop_balanced_local_bs16_800r_2,20260914_192750_ogbn-papers100M_FedAvg_bs16_seed42_beta10000p0,ogbn-papers100M,FedAvg,16,42,10000.0,345,validation,0.2548,3.3236,0.2548,3.3236,1035,0.1072072982788086,0.1072072982788086,0.5192947387695312,0.6265020370483398,217.35394549369812,0.5192947387695312,0.6265020370483398,217.35394549369812
nc_papers100m_195trainer_0hop_balanced_local_bs16_800r_2,20260914_192750_ogbn-papers100M_FedAvg_bs16_seed42_beta10000p0,ogbn-papers100M,FedAvg,16,42,10000.0,346,validation,0.2553,3.3213,0.2553,3.3213,1038,0.1023252010345459,0.1023252010345459,0.5188307762145996,0.6211559772491455,217.97510147094727,0.5188307762145996,0.6211559772491455,217.97510147094727
nc_papers100m_195trainer_0hop_balanced_local_bs16_800r_2,20260914_192750_ogbn-papers100M_FedAvg_bs16_seed42_beta10000p0,ogbn-papers100M,FedAvg,16,42,10000.0,347,validation,0.2551,3.32,0.2551,3.32,1041,0.10569477081298828,0.10569477081298828,0.5085642337799072,0.6142590045928955,218.58936047554016,0.5085642337799072,0.6142590045928955,218.58936047554016
nc_papers100m_195trainer_0hop_balanced_local_bs16_800r_2,20260914_192750_ogbn-papers100M_FedAvg_bs16_seed42_beta10000p0,ogbn-papers100M,FedAvg,16,42,10000.0,348,validation,0.2551,3.3186,0.2551,3.3186,1044,0.10289359092712402,0.10289359092712402,0.5173320770263672,0.6202256679534912,219.20958614349365,0.5173320770263672,0.6202256679534912,219.20958614349365
nc_papers100m_195trainer_0hop_balanced_local_bs16_800r_2,20260914_192750_ogbn-papers100M_FedAvg_bs16_seed42_beta10000p0,ogbn-papers100M,FedAvg,16,42,10000.0,349,validation,0.2553,3.3167,0.2553,3.3167,1047,0.10417723655700684,0.10417723655700684,0.5246880054473877,0.6288652420043945,219.83845138549805,0.5246880054473877,0.6288652420043945,219.83845138549805
nc_papers100m_195trainer_0hop_balanced_local_bs16_800r_2,20260914_192750_ogbn-papers100M_FedAvg_bs16_seed42_beta10000p0,ogbn-papers100M,FedAvg,16,42,10000.0,350,validation,0.256,3.3145,0.256,3.3145,1050,0.10367345809936523,0.10367345809936523,0.5164508819580078,0.620124340057373,220.45857572555542,0.5164508819580078,0.620124340057373,220.45857572555542
nc_papers100m_195trainer_0hop_balanced_local_bs16_800r_2,20260914_192750_ogbn-papers100M_FedAvg_bs16_seed42_beta10000p0,ogbn-papers100M,FedAvg,16,42,10000.0,351,validation,0.2555,3.3135,0.2555,3.3135,1053,0.10456466674804688,0.10456466674804688,0.5174803733825684,0.6220450401306152,221.08062076568604,0.5174803733825684,0.6220450401306152,221.08062076568604
nc_papers100m_195trainer_0hop_balanced_local_bs16_800r_2,20260914_192750_ogbn-papers100M_FedAvg_bs16_seed42_beta10000p0,ogbn-papers100M,FedAvg,16,42,10000.0,352,validation,0.256,3.312,0.256,3.312,1056,0.10099053382873535,0.10099053382873535,0.515322208404541,0.6163127422332764,221.6969335079193,0.515322208404541,0.6163127422332764,221.6969335079193
nc_papers100m_195trainer_0hop_balanced_local_bs16_800r_2,20260914_192750_ogbn-papers100M_FedAvg_bs16_seed42_beta10000p0,ogbn-papers100M,FedAvg,16,42,10000.0,353,validation,0.2554,3.3098,0.2554,3.3098,1059,0.10425448417663574,0.10425448417663574,0.5179245471954346,0.6221790313720703,222.31911253929138,0.5179245471954346,0.6221790313720703,222.31911253929138
nc_papers100m_195trainer_0hop_balanced_local_bs16_800r_2,20260914_192750_ogbn-papers100M_FedAvg_bs16_seed42_beta10000p0,ogbn-papers100M,FedAvg,16,42,10000.0,354,validation,0.2556,3.3089,0.2556,3.3089,1062,0.101654052734375,0.101654052734375,0.5214557647705078,0.6231098175048828,222.94222235679626,0.5214557647705078,0.6231098175048828,222.94222235679626
nc_papers100m_195trainer_0hop_balanced_local_bs16_800r_2,20260914_192750_ogbn-papers100M_FedAvg_bs16_seed42_beta10000p0,ogbn-papers100M,FedAvg,16,42,10000.0,355,validation,0.2558,3.3072,0.2558,3.3072,1065,0.10568928718566895,0.10568928718566895,0.5195631980895996,0.6252524852752686,223.56747484207153,0.5195631980895996,0.6252524852752686,223.56747484207153
nc_papers100m_195trainer_0hop_balanced_local_bs16_800r_2,20260914_192750_ogbn-papers100M_FedAvg_bs16_seed42_beta10000p0,ogbn-papers100M,FedAvg,16,42,10000.0,356,validation,0.2563,3.3063,0.2563,3.3063,1068,0.10585403442382812,0.10585403442382812,0.5117611885070801,0.6176152229309082,224.18509006500244,0.5117611885070801,0.6176152229309082,224.18509006500244
nc_papers100m_195trainer_0hop_balanced_local_bs16_800r_2,20260914_192750_ogbn-papers100M_FedAvg_bs16_seed42_beta10000p0,ogbn-papers100M,FedAvg,16,42,10000.0,357,validation,0.2561,3.3052,0.2561,3.3052,1071,0.10549759864807129,0.10549759864807129,0.5163822174072266,0.6218798160552979,224.80696988105774,0.5163822174072266,0.6218798160552979,224.80696988105774
nc_papers100m_195trainer_0hop_balanced_local_bs16_800r_2,20260914_192750_ogbn-papers100M_FedAvg_bs16_seed42_beta10000p0,ogbn-papers100M,FedAvg,16,42,10000.0,358,validation,0.2563,3.3041,0.2563,3.3041,1074,0.10296630859375,0.10296630859375,0.5163233280181885,0.6192896366119385,225.42625951766968,0.5163233280181885,0.6192896366119385,225.42625951766968
nc_papers100m_195trainer_0hop_balanced_local_bs16_800r_2,20260914_192750_ogbn-papers100M_FedAvg_bs16_seed42_beta10000p0,ogbn-papers100M,FedAvg,16,42,10000.0,359,validation,0.2565,3.3031,0.2565,3.3031,1077,0.10390877723693848,0.10390877723693848,0.5131621360778809,0.6170709133148193,226.0433304309845,0.5131621360778809,0.6170709133148193,226.0433304309845
nc_papers100m_195trainer_0hop_balanced_local_bs16_800r_2,20260914_192750_ogbn-papers100M_FedAvg_bs16_seed42_beta10000p0,ogbn-papers100M,FedAvg,16,42,10000.0,360,validation,0.2568,3.3012,0.2568,3.3012,1080,0.1056220531463623,0.1056220531463623,0.5170910358428955,0.6227130889892578,226.66604351997375,0.5170910358428955,0.6227130889892578,226.66604351997375
nc_papers100m_195trainer_0hop_balanced_local_bs16_800r_2,20260914_192750_ogbn-papers100M_FedAvg_bs16_seed42_beta10000p0,ogbn-papers100M,FedAvg,16,42,10000.0,361,validation,0.2571,3.2997,0.2571,3.2997,1083,0.1035010814666748,0.1035010814666748,0.5296671390533447,0.6331682205200195,227.29921174049377,0.5296671390533447,0.6331682205200195,227.29921174049377
nc_papers100m_195trainer_0hop_balanced_local_bs16_800r_2,20260914_192750_ogbn-papers100M_FedAvg_bs16_seed42_beta10000p0,ogbn-papers100M,FedAvg,16,42,10000.0,362,validation,0.2575,3.2968,0.2575,3.2968,1086,0.10661792755126953,0.10661792755126953,0.5171263217926025,0.6237442493438721,227.92295598983765,0.5171263217926025,0.6237442493438721,227.92295598983765
nc_papers100m_195trainer_0hop_balanced_local_bs16_800r_2,20260914_192750_ogbn-papers100M_FedAvg_bs16_seed42_beta10000p0,ogbn-papers100M,FedAvg,16,42,10000.0,363,validation,0.2575,3.2952,0.2575,3.2952,1089,0.10226893424987793,0.10226893424987793,0.5216314792633057,0.6239004135131836,228.54685640335083,0.5216314792633057,0.6239004135131836,228.54685640335083
nc_papers100m_195trainer_0hop_balanced_local_bs16_800r_2,20260914_192750_ogbn-papers100M_FedAvg_bs16_seed42_beta10000p0,ogbn-papers100M,FedAvg,16,42,10000.0,364,validation,0.2575,3.2935,0.2575,3.2935,1092,0.10282206535339355,0.10282206535339355,0.5145795345306396,0.6174015998840332,229.16425800323486,0.5145795345306396,0.6174015998840332,229.16425800323486
nc_papers100m_195trainer_0hop_balanced_local_bs16_800r_2,20260914_192750_ogbn-papers100M_FedAvg_bs16_seed42_beta10000p0,ogbn-papers100M,FedAvg,16,42,10000.0,365,validation,0.2576,3.2927,0.2576,3.2927,1095,0.1036691665649414,0.1036691665649414,0.5003902912139893,0.6040594577789307,229.7683174610138,0.5003902912139893,0.6040594577789307,229.7683174610138
nc_papers100m_195trainer_0hop_balanced_local_bs16_800r_2,20260914_192750_ogbn-papers100M_FedAvg_bs16_seed42_beta10000p0,ogbn-papers100M,FedAvg,16,42,10000.0,366,validation,0.2584,3.2901,0.2584,3.2901,1098,0.10240936279296875,0.10240936279296875,0.5083961486816406,0.6108055114746094,230.3791229724884,0.5083961486816406,0.6108055114746094,230.3791229724884
nc_papers100m_195trainer_0hop_balanced_local_bs16_800r_2,20260914_192750_ogbn-papers100M_FedAvg_bs16_seed42_beta10000p0,ogbn-papers100M,FedAvg,16,42,10000.0,367,validation,0.2588,3.2884,0.2588,3.2884,1101,0.10347461700439453,0.10347461700439453,0.5145080089569092,0.6179826259613037,230.9971055984497,0.5145080089569092,0.6179826259613037,230.9971055984497
nc_papers100m_195trainer_0hop_balanced_local_bs16_800r_2,20260914_192750_ogbn-papers100M_FedAvg_bs16_seed42_beta10000p0,ogbn-papers100M,FedAvg,16,42,10000.0,368,validation,0.2589,3.2866,0.2589,3.2866,1104,0.10691356658935547,0.10691356658935547,0.5189740657806396,0.6258876323699951,231.6229932308197,0.5189740657806396,0.6258876323699951,231.6229932308197
nc_papers100m_195trainer_0hop_balanced_local_bs16_800r_2,20260914_192750_ogbn-papers100M_FedAvg_bs16_seed42_beta10000p0,ogbn-papers100M,FedAvg,16,42,10000.0,369,validation,0.2589,3.2861,0.2589,3.2861,1107,0.10488438606262207,0.10488438606262207,0.5584096908569336,0.6632940769195557,232.28628730773926,0.5584096908569336,0.6632940769195557,232.28628730773926
nc_papers100m_195trainer_0hop_balanced_local_bs16_800r_2,20260914_192750_ogbn-papers100M_FedAvg_bs16_seed42_beta10000p0,ogbn-papers100M,FedAvg,16,42,10000.0,370,validation,0.2594,3.2848,0.2594,3.2848,1110,0.10232257843017578,0.10232257843017578,0.5103738307952881,0.6126964092254639,232.89898371696472,0.5103738307952881,0.6126964092254639,232.89898371696472
nc_papers100m_195trainer_0hop_balanced_local_bs16_800r_2,20260914_192750_ogbn-papers100M_FedAvg_bs16_seed42_beta10000p0,ogbn-papers100M,FedAvg,16,42,10000.0,371,validation,0.2594,3.283,0.2594,3.283,1113,0.10369753837585449,0.10369753837585449,0.506873369216919,0.6105709075927734,233.5095546245575,0.506873369216919,0.6105709075927734,233.5095546245575
nc_papers100m_195trainer_0hop_balanced_local_bs16_800r_2,20260914_192750_ogbn-papers100M_FedAvg_bs16_seed42_beta10000p0,ogbn-papers100M,FedAvg,16,42,10000.0,372,validation,0.2593,3.2815,0.2593,3.2815,1116,0.10269880294799805,0.10269880294799805,0.5208876132965088,0.6235864162445068,234.133141040802,0.5208876132965088,0.6235864162445068,234.133141040802
nc_papers100m_195trainer_0hop_balanced_local_bs16_800r_2,20260914_192750_ogbn-papers100M_FedAvg_bs16_seed42_beta10000p0,ogbn-papers100M,FedAvg,16,42,10000.0,373,validation,0.2591,3.2791,0.2591,3.2791,1119,0.10834741592407227,0.10834741592407227,0.509605884552002,0.6179533004760742,234.75109434127808,0.509605884552002,0.6179533004760742,234.75109434127808
nc_papers100m_195trainer_0hop_balanced_local_bs16_800r_2,20260914_192750_ogbn-papers100M_FedAvg_bs16_seed42_beta10000p0,ogbn-papers100M,FedAvg,16,42,10000.0,374,validation,0.2595,3.2772,0.2595,3.2772,1122,0.1017758846282959,0.1017758846282959,0.5171892642974854,0.6189651489257812,235.37005949020386,0.5171892642974854,0.6189651489257812,235.37005949020386
nc_papers100m_195trainer_0hop_balanced_local_bs16_800r_2,20260914_192750_ogbn-papers100M_FedAvg_bs16_seed42_beta10000p0,ogbn-papers100M,FedAvg,16,42,10000.0,375,validation,0.2592,3.2764,0.2592,3.2764,1125,0.1018974781036377,0.1018974781036377,0.5126514434814453,0.614548921585083,235.98460841178894,0.5126514434814453,0.614548921585083,235.98460841178894
nc_papers100m_195trainer_0hop_balanced_local_bs16_800r_2,20260914_192750_ogbn-papers100M_FedAvg_bs16_seed42_beta10000p0,ogbn-papers100M,FedAvg,16,42,10000.0,376,validation,0.2592,3.2746,0.2592,3.2746,1128,0.10643172264099121,0.10643172264099121,0.5133414268493652,0.6197731494903564,236.6043815612793,0.5133414268493652,0.6197731494903564,236.6043815612793
nc_papers100m_195trainer_0hop_balanced_local_bs16_800r_2,20260914_192750_ogbn-papers100M_FedAvg_bs16_seed42_beta10000p0,ogbn-papers100M,FedAvg,16,42,10000.0,377,validation,0.2602,3.2728,0.2602,3.2728,1131,0.10516619682312012,0.10516619682312012,0.5285210609436035,0.6336872577667236,237.23806881904602,0.5285210609436035,0.6336872577667236,237.23806881904602
nc_papers100m_195trainer_0hop_balanced_local_bs16_800r_2,20260914_192750_ogbn-papers100M_FedAvg_bs16_seed42_beta10000p0,ogbn-papers100M,FedAvg,16,42,10000.0,378,validation,0.2602,3.2708,0.2602,3.2708,1134,0.10322809219360352,0.10322809219360352,0.5121700763702393,0.6153981685638428,237.85346698760986,0.5121700763702393,0.6153981685638428,237.85346698760986
nc_papers100m_195trainer_0hop_balanced_local_bs16_800r_2,20260914_192750_ogbn-papers100M_FedAvg_bs16_seed42_beta10000p0,ogbn-papers100M,FedAvg,16,42,10000.0,379,validation,0.2598,3.2707,0.2598,3.2707,1137,0.10357141494750977,0.10357141494750977,0.505692720413208,0.6092641353607178,238.46273112297058,0.505692720413208,0.6092641353607178,238.46273112297058
nc_papers100m_195trainer_0hop_balanced_local_bs16_800r_2,20260914_192750_ogbn-papers100M_FedAvg_bs16_seed42_beta10000p0,ogbn-papers100M,FedAvg,16,42,10000.0,380,validation,0.2602,3.2699,0.2602,3.2699,1140,0.10197854042053223,0.10197854042053223,0.511390209197998,0.6133687496185303,239.0760998725891,0.511390209197998,0.6133687496185303,239.0760998725891
nc_papers100m_195trainer_0hop_balanced_local_bs16_800r_2,20260914_192750_ogbn-papers100M_FedAvg_bs16_seed42_beta10000p0,ogbn-papers100M,FedAvg,16,42,10000.0,381,validation,0.2605,3.2671,0.2605,3.2671,1143,0.10405611991882324,0.10405611991882324,0.5184183120727539,0.6224744319915771,239.6985743045807,0.5184183120727539,0.6224744319915771,239.6985743045807
nc_papers100m_195trainer_0hop_balanced_local_bs16_800r_2,20260914_192750_ogbn-papers100M_FedAvg_bs16_seed42_beta10000p0,ogbn-papers100M,FedAvg,16,42,10000.0,382,validation,0.2605,3.2662,0.2605,3.2662,1146,0.10906672477722168,0.10906672477722168,0.5246334075927734,0.6337001323699951,240.33227443695068,0.5246334075927734,0.6337001323699951,240.33227443695068
nc_papers100m_195trainer_0hop_balanced_local_bs16_800r_2,20260914_192750_ogbn-papers100M_FedAvg_bs16_seed42_beta10000p0,ogbn-papers100M,FedAvg,16,42,10000.0,383,validation,0.2609,3.2642,0.2609,3.2642,1149,0.10323715209960938,0.10323715209960938,0.5143938064575195,0.6176309585571289,240.9499053955078,0.5143938064575195,0.6176309585571289,240.9499053955078
nc_papers100m_195trainer_0hop_balanced_local_bs16_800r_2,20260914_192750_ogbn-papers100M_FedAvg_bs16_seed42_beta10000p0,ogbn-papers100M,FedAvg,16,42,10000.0,384,validation,0.2608,3.2633,0.2608,3.2633,1152,0.10211753845214844,0.10211753845214844,0.5143387317657471,0.6164562702178955,241.5663616657257,0.5143387317657471,0.6164562702178955,241.5663616657257
nc_papers100m_195trainer_0hop_balanced_local_bs16_800r_2,20260914_192750_ogbn-papers100M_FedAvg_bs16_seed42_beta10000p0,ogbn-papers100M,FedAvg,16,42,10000.0,385,validation,0.2611,3.2623,0.2611,3.2623,1155,0.10517334938049316,0.10517334938049316,0.511519193649292,0.6166925430297852,242.1830542087555,0.511519193649292,0.6166925430297852,242.1830542087555
nc_papers100m_195trainer_0hop_balanced_local_bs16_800r_2,20260914_192750_ogbn-papers100M_FedAvg_bs16_seed42_beta10000p0,ogbn-papers100M,FedAvg,16,42,10000.0,386,validation,0.2614,3.2608,0.2614,3.2608,1158,0.10410070419311523,0.10410070419311523,0.524928092956543,0.6290287971496582,242.81208300590515,0.524928092956543,0.6290287971496582,242.81208300590515
nc_papers100m_195trainer_0hop_balanced_local_bs16_800r_2,20260914_192750_ogbn-papers100M_FedAvg_bs16_seed42_beta10000p0,ogbn-papers100M,FedAvg,16,42,10000.0,387,validation,0.2618,3.2584,0.2618,3.2584,1161,0.1059122085571289,0.1059122085571289,0.517951250076294,0.6238634586334229,243.43594646453857,0.517951250076294,0.6238634586334229,243.43594646453857
nc_papers100m_195trainer_0hop_balanced_local_bs16_800r_2,20260914_192750_ogbn-papers100M_FedAvg_bs16_seed42_beta10000p0,ogbn-papers100M,FedAvg,16,42,10000.0,388,validation,0.2624,3.2563,0.2624,3.2563,1164,0.1039586067199707,0.1039586067199707,0.5112509727478027,0.6152095794677734,244.05115604400635,0.5112509727478027,0.6152095794677734,244.05115604400635
nc_papers100m_195trainer_0hop_balanced_local_bs16_800r_2,20260914_192750_ogbn-papers100M_FedAvg_bs16_seed42_beta10000p0,ogbn-papers100M,FedAvg,16,42,10000.0,389,validation,0.2627,3.2546,0.2627,3.2546,1167,0.10415768623352051,0.10415768623352051,0.5113515853881836,0.6155092716217041,244.66666531562805,0.5113515853881836,0.6155092716217041,244.66666531562805
nc_papers100m_195trainer_0hop_balanced_local_bs16_800r_2,20260914_192750_ogbn-papers100M_FedAvg_bs16_seed42_beta10000p0,ogbn-papers100M,FedAvg,16,42,10000.0,390,validation,0.2629,3.2529,0.2629,3.2529,1170,0.10199737548828125,0.10199737548828125,0.5073766708374023,0.6093740463256836,245.27603936195374,0.5073766708374023,0.6093740463256836,245.27603936195374
nc_papers100m_195trainer_0hop_balanced_local_bs16_800r_2,20260914_192750_ogbn-papers100M_FedAvg_bs16_seed42_beta10000p0,ogbn-papers100M,FedAvg,16,42,10000.0,391,validation,0.2631,3.2515,0.2631,3.2515,1173,0.10396766662597656,0.10396766662597656,0.5183453559875488,0.6223130226135254,245.89835238456726,0.5183453559875488,0.6223130226135254,245.89835238456726
nc_papers100m_195trainer_0hop_balanced_local_bs16_800r_2,20260914_192750_ogbn-papers100M_FedAvg_bs16_seed42_beta10000p0,ogbn-papers100M,FedAvg,16,42,10000.0,392,validation,0.2627,3.2501,0.2627,3.2501,1176,0.10753512382507324,0.10753512382507324,0.5101335048675537,0.617668628692627,246.5160210132599,0.5101335048675537,0.617668628692627,246.5160210132599
nc_papers100m_195trainer_0hop_balanced_local_bs16_800r_2,20260914_192750_ogbn-papers100M_FedAvg_bs16_seed42_beta10000p0,ogbn-papers100M,FedAvg,16,42,10000.0,393,validation,0.2624,3.2491,0.2624,3.2491,1179,0.10251998901367188,0.10251998901367188,0.5175015926361084,0.6200215816497803,247.13604259490967,0.5175015926361084,0.6200215816497803,247.13604259490967
nc_papers100m_195trainer_0hop_balanced_local_bs16_800r_2,20260914_192750_ogbn-papers100M_FedAvg_bs16_seed42_beta10000p0,ogbn-papers100M,FedAvg,16,42,10000.0,394,validation,0.2624,3.2468,0.2624,3.2468,1182,0.10204672813415527,0.10204672813415527,0.5208666324615479,0.6229133605957031,247.75895595550537,0.5208666324615479,0.6229133605957031,247.75895595550537
nc_papers100m_195trainer_0hop_balanced_local_bs16_800r_2,20260914_192750_ogbn-papers100M_FedAvg_bs16_seed42_beta10000p0,ogbn-papers100M,FedAvg,16,42,10000.0,395,validation,0.2625,3.2447,0.2625,3.2447,1185,0.1025552749633789,0.1025552749633789,0.5063023567199707,0.6088576316833496,248.36781358718872,0.5063023567199707,0.6088576316833496,248.36781358718872
nc_papers100m_195trainer_0hop_balanced_local_bs16_800r_2,20260914_192750_ogbn-papers100M_FedAvg_bs16_seed42_beta10000p0,ogbn-papers100M,FedAvg,16,42,10000.0,396,validation,0.263,3.2436,0.263,3.2436,1188,0.10375475883483887,0.10375475883483887,0.5127084255218506,0.6164631843566895,248.9842767715454,0.5127084255218506,0.6164631843566895,248.9842767715454
nc_papers100m_195trainer_0hop_balanced_local_bs16_800r_2,20260914_192750_ogbn-papers100M_FedAvg_bs16_seed42_beta10000p0,ogbn-papers100M,FedAvg,16,42,10000.0,397,validation,0.2626,3.2442,0.2626,3.2442,1191,0.10591888427734375,0.10591888427734375,0.5153310298919678,0.6212499141693115,249.60552668571472,0.5153310298919678,0.6212499141693115,249.60552668571472
nc_papers100m_195trainer_0hop_balanced_local_bs16_800r_2,20260914_192750_ogbn-papers100M_FedAvg_bs16_seed42_beta10000p0,ogbn-papers100M,FedAvg,16,42,10000.0,398,validation,0.2634,3.2416,0.2634,3.2416,1194,0.10573410987854004,0.10573410987854004,0.5120160579681396,0.6177501678466797,250.2232768535614,0.5120160579681396,0.6177501678466797,250.2232768535614
nc_papers100m_195trainer_0hop_balanced_local_bs16_800r_2,20260914_192750_ogbn-papers100M_FedAvg_bs16_seed42_beta10000p0,ogbn-papers100M,FedAvg,16,42,10000.0,399,validation,0.2633,3.2408,0.2633,3.2408,1197,0.10350322723388672,0.10350322723388672,0.509798526763916,0.6133017539978027,250.8365786075592,0.509798526763916,0.6133017539978027,250.8365786075592
nc_papers100m_195trainer_0hop_balanced_local_bs16_800r_2,20260914_192750_ogbn-papers100M_FedAvg_bs16_seed42_beta10000p0,ogbn-papers100M,FedAvg,16,42,10000.0,400,validation,0.2635,3.2401,0.2635,3.2401,1200,0.10205507278442383,0.10205507278442383,0.5156514644622803,0.6177065372467041,251.4542851448059,0.5156514644622803,0.6177065372467041,251.4542851448059
nc_papers100m_195trainer_0hop_balanced_local_bs16_800r_2,20260914_192750_ogbn-papers100M_FedAvg_bs16_seed42_beta10000p0,ogbn-papers100M,FedAvg,16,42,10000.0,401,validation,0.264,3.239,0.264,3.239,1203,0.10208296775817871,0.10208296775817871,0.5158662796020508,0.6179492473602295,252.07223439216614,0.5158662796020508,0.6179492473602295,252.07223439216614
nc_papers100m_195trainer_0hop_balanced_local_bs16_800r_2,20260914_192750_ogbn-papers100M_FedAvg_bs16_seed42_beta10000p0,ogbn-papers100M,FedAvg,16,42,10000.0,402,validation,0.2637,3.2379,0.2637,3.2379,1206,0.10478043556213379,0.10478043556213379,0.5219264030456543,0.6267068386077881,252.69894123077393,0.5219264030456543,0.6267068386077881,252.69894123077393
nc_papers100m_195trainer_0hop_balanced_local_bs16_800r_2,20260914_192750_ogbn-papers100M_FedAvg_bs16_seed42_beta10000p0,ogbn-papers100M,FedAvg,16,42,10000.0,403,validation,0.264,3.2357,0.264,3.2357,1209,0.1060335636138916,0.1060335636138916,0.5048084259033203,0.6108419895172119,253.30978322029114,0.5048084259033203,0.6108419895172119,253.30978322029114
nc_papers100m_195trainer_0hop_balanced_local_bs16_800r_2,20260914_192750_ogbn-papers100M_FedAvg_bs16_seed42_beta10000p0,ogbn-papers100M,FedAvg,16,42,10000.0,404,validation,0.2646,3.2339,0.2646,3.2339,1212,0.10500884056091309,0.10500884056091309,0.5054018497467041,0.6104106903076172,253.92019391059875,0.5054018497467041,0.6104106903076172,253.92019391059875
nc_papers100m_195trainer_0hop_balanced_local_bs16_800r_2,20260914_192750_ogbn-papers100M_FedAvg_bs16_seed42_beta10000p0,ogbn-papers100M,FedAvg,16,42,10000.0,405,validation,0.2644,3.2334,0.2644,3.2334,1215,0.10203051567077637,0.10203051567077637,0.5232110023498535,0.6252415180206299,254.54543542861938,0.5232110023498535,0.6252415180206299,254.54543542861938
nc_papers100m_195trainer_0hop_balanced_local_bs16_800r_2,20260914_192750_ogbn-papers100M_FedAvg_bs16_seed42_beta10000p0,ogbn-papers100M,FedAvg,16,42,10000.0,406,validation,0.2644,3.2309,0.2644,3.2309,1218,0.1058664321899414,0.1058664321899414,0.5061898231506348,0.6120562553405762,255.15749168395996,0.5061898231506348,0.6120562553405762,255.15749168395996
nc_papers100m_195trainer_0hop_balanced_local_bs16_800r_2,20260914_192750_ogbn-papers100M_FedAvg_bs16_seed42_beta10000p0,ogbn-papers100M,FedAvg,16,42,10000.0,407,validation,0.2652,3.229,0.2652,3.229,1221,0.10385918617248535,0.10385918617248535,0.5176212787628174,0.6214804649353027,255.77897214889526,0.5176212787628174,0.6214804649353027,255.77897214889526
nc_papers100m_195trainer_0hop_balanced_local_bs16_800r_2,20260914_192750_ogbn-papers100M_FedAvg_bs16_seed42_beta10000p0,ogbn-papers100M,FedAvg,16,42,10000.0,408,validation,0.265,3.2285,0.265,3.2285,1224,0.10537934303283691,0.10537934303283691,0.5086743831634521,0.6140537261962891,256.39302587509155,0.5086743831634521,0.6140537261962891,256.39302587509155
nc_papers100m_195trainer_0hop_balanced_local_bs16_800r_2,20260914_192750_ogbn-papers100M_FedAvg_bs16_seed42_beta10000p0,ogbn-papers100M,FedAvg,16,42,10000.0,409,validation,0.2652,3.2262,0.2652,3.2262,1227,0.10764098167419434,0.10764098167419434,0.5115432739257812,0.6191842555999756,257.0122101306915,0.5115432739257812,0.6191842555999756,257.0122101306915
nc_papers100m_195trainer_0hop_balanced_local_bs16_800r_2,20260914_192750_ogbn-papers100M_FedAvg_bs16_seed42_beta10000p0,ogbn-papers100M,FedAvg,16,42,10000.0,410,validation,0.2652,3.2257,0.2652,3.2257,1230,0.10457801818847656,0.10457801818847656,0.544346809387207,0.6489248275756836,257.6611349582672,0.544346809387207,0.6489248275756836,257.6611349582672
nc_papers100m_195trainer_0hop_balanced_local_bs16_800r_2,20260914_192750_ogbn-papers100M_FedAvg_bs16_seed42_beta10000p0,ogbn-papers100M,FedAvg,16,42,10000.0,411,validation,0.2654,3.2241,0.2654,3.2241,1233,0.10279989242553711,0.10279989242553711,0.5250899791717529,0.62788987159729,258.2890248298645,0.5250899791717529,0.62788987159729,258.2890248298645
nc_papers100m_195trainer_0hop_balanced_local_bs16_800r_2,20260914_192750_ogbn-papers100M_FedAvg_bs16_seed42_beta10000p0,ogbn-papers100M,FedAvg,16,42,10000.0,412,validation,0.2655,3.2229,0.2655,3.2229,1236,0.10190629959106445,0.10190629959106445,0.51450514793396,0.6164114475250244,258.9054362773895,0.51450514793396,0.6164114475250244,258.9054362773895
nc_papers100m_195trainer_0hop_balanced_local_bs16_800r_2,20260914_192750_ogbn-papers100M_FedAvg_bs16_seed42_beta10000p0,ogbn-papers100M,FedAvg,16,42,10000.0,413,validation,0.2656,3.2218,0.2656,3.2218,1239,0.10659551620483398,0.10659551620483398,0.5067017078399658,0.6132972240447998,259.5187335014343,0.5067017078399658,0.6132972240447998,259.5187335014343
nc_papers100m_195trainer_0hop_balanced_local_bs16_800r_2,20260914_192750_ogbn-papers100M_FedAvg_bs16_seed42_beta10000p0,ogbn-papers100M,FedAvg,16,42,10000.0,414,validation,0.2658,3.2201,0.2658,3.2201,1242,0.10564517974853516,0.10564517974853516,0.5185918807983398,0.624237060546875,260.1429705619812,0.5185918807983398,0.624237060546875,260.1429705619812
nc_papers100m_195trainer_0hop_balanced_local_bs16_800r_2,20260914_192750_ogbn-papers100M_FedAvg_bs16_seed42_beta10000p0,ogbn-papers100M,FedAvg,16,42,10000.0,415,validation,0.2658,3.2188,0.2658,3.2188,1245,0.10267400741577148,0.10267400741577148,0.5184218883514404,0.6210958957672119,260.7640664577484,0.5184218883514404,0.6210958957672119,260.7640664577484
nc_papers100m_195trainer_0hop_balanced_local_bs16_800r_2,20260914_192750_ogbn-papers100M_FedAvg_bs16_seed42_beta10000p0,ogbn-papers100M,FedAvg,16,42,10000.0,416,validation,0.2665,3.2167,0.2665,3.2167,1248,0.10359501838684082,0.10359501838684082,0.5189974308013916,0.6225924491882324,261.38665890693665,0.5189974308013916,0.6225924491882324,261.38665890693665
nc_papers100m_195trainer_0hop_balanced_local_bs16_800r_2,20260914_192750_ogbn-papers100M_FedAvg_bs16_seed42_beta10000p0,ogbn-papers100M,FedAvg,16,42,10000.0,417,validation,0.2663,3.2158,0.2663,3.2158,1251,0.10573673248291016,0.10573673248291016,0.5302093029022217,0.6359460353851318,262.0226049423218,0.5302093029022217,0.6359460353851318,262.0226049423218
nc_papers100m_195trainer_0hop_balanced_local_bs16_800r_2,20260914_192750_ogbn-papers100M_FedAvg_bs16_seed42_beta10000p0,ogbn-papers100M,FedAvg,16,42,10000.0,418,validation,0.2667,3.2143,0.2667,3.2143,1254,0.1044929027557373,0.1044929027557373,0.5341658592224121,0.6386587619781494,262.6612637042999,0.5341658592224121,0.6386587619781494,262.6612637042999
nc_papers100m_195trainer_0hop_balanced_local_bs16_800r_2,20260914_192750_ogbn-papers100M_FedAvg_bs16_seed42_beta10000p0,ogbn-papers100M,FedAvg,16,42,10000.0,419,validation,0.2662,3.214,0.2662,3.214,1257,0.10440230369567871,0.10440230369567871,0.5143165588378906,0.6187188625335693,263.2799825668335,0.5143165588378906,0.6187188625335693,263.2799825668335
nc_papers100m_195trainer_0hop_balanced_local_bs16_800r_2,20260914_192750_ogbn-papers100M_FedAvg_bs16_seed42_beta10000p0,ogbn-papers100M,FedAvg,16,42,10000.0,420,validation,0.2665,3.2129,0.2665,3.2129,1260,0.10512351989746094,0.10512351989746094,0.522956371307373,0.628079891204834,263.90806245803833,0.522956371307373,0.628079891204834,263.90806245803833
nc_papers100m_195trainer_0hop_balanced_local_bs16_800r_2,20260914_192750_ogbn-papers100M_FedAvg_bs16_seed42_beta10000p0,ogbn-papers100M,FedAvg,16,42,10000.0,421,validation,0.2671,3.2123,0.2671,3.2123,1263,0.10637497901916504,0.10637497901916504,0.5152215957641602,0.6215965747833252,264.52965903282166,0.5152215957641602,0.6215965747833252,264.52965903282166
nc_papers100m_195trainer_0hop_balanced_local_bs16_800r_2,20260914_192750_ogbn-papers100M_FedAvg_bs16_seed42_beta10000p0,ogbn-papers100M,FedAvg,16,42,10000.0,422,validation,0.2672,3.2107,0.2672,3.2107,1266,0.10259389877319336,0.10259389877319336,0.5132145881652832,0.6158084869384766,265.14546751976013,0.5132145881652832,0.6158084869384766,265.14546751976013
nc_papers100m_195trainer_0hop_balanced_local_bs16_800r_2,20260914_192750_ogbn-papers100M_FedAvg_bs16_seed42_beta10000p0,ogbn-papers100M,FedAvg,16,42,10000.0,423,validation,0.2675,3.2095,0.2675,3.2095,1269,0.10249853134155273,0.10249853134155273,0.5235316753387451,0.6260302066802979,265.77149772644043,0.5235316753387451,0.6260302066802979,265.77149772644043
nc_papers100m_195trainer_0hop_balanced_local_bs16_800r_2,20260914_192750_ogbn-papers100M_FedAvg_bs16_seed42_beta10000p0,ogbn-papers100M,FedAvg,16,42,10000.0,424,validation,0.2673,3.2077,0.2673,3.2077,1272,0.10283160209655762,0.10283160209655762,0.5232236385345459,0.6260552406311035,266.39755296707153,0.5232236385345459,0.6260552406311035,266.39755296707153
nc_papers100m_195trainer_0hop_balanced_local_bs16_800r_2,20260914_192750_ogbn-papers100M_FedAvg_bs16_seed42_beta10000p0,ogbn-papers100M,FedAvg,16,42,10000.0,425,validation,0.2672,3.2076,0.2672,3.2076,1275,0.10288429260253906,0.10288429260253906,0.5310423374176025,0.6339266300201416,267.0314795970917,0.5310423374176025,0.6339266300201416,267.0314795970917
nc_papers100m_195trainer_0hop_balanced_local_bs16_800r_2,20260914_192750_ogbn-papers100M_FedAvg_bs16_seed42_beta10000p0,ogbn-papers100M,FedAvg,16,42,10000.0,426,validation,0.2677,3.2061,0.2677,3.2061,1278,0.10526371002197266,0.10526371002197266,0.5194919109344482,0.6247556209564209,267.6562352180481,0.5194919109344482,0.6247556209564209,267.6562352180481
nc_papers100m_195trainer_0hop_balanced_local_bs16_800r_2,20260914_192750_ogbn-papers100M_FedAvg_bs16_seed42_beta10000p0,ogbn-papers100M,FedAvg,16,42,10000.0,427,validation,0.2678,3.2045,0.2678,3.2045,1281,0.10408663749694824,0.10408663749694824,0.5072331428527832,0.6113197803497314,268.2675549983978,0.5072331428527832,0.6113197803497314,268.2675549983978
nc_papers100m_195trainer_0hop_balanced_local_bs16_800r_2,20260914_192750_ogbn-papers100M_FedAvg_bs16_seed42_beta10000p0,ogbn-papers100M,FedAvg,16,42,10000.0,428,validation,0.2678,3.2021,0.2678,3.2021,1284,0.10108041763305664,0.10108041763305664,0.5127570629119873,0.613837480545044,268.88139247894287,0.5127570629119873,0.613837480545044,268.88139247894287
nc_papers100m_195trainer_0hop_balanced_local_bs16_800r_2,20260914_192750_ogbn-papers100M_FedAvg_bs16_seed42_beta10000p0,ogbn-papers100M,FedAvg,16,42,10000.0,429,validation,0.2683,3.2008,0.2683,3.2008,1287,0.10491824150085449,0.10491824150085449,0.5122547149658203,0.6171729564666748,269.49856543540955,0.5122547149658203,0.6171729564666748,269.49856543540955
nc_papers100m_195trainer_0hop_balanced_local_bs16_800r_2,20260914_192750_ogbn-papers100M_FedAvg_bs16_seed42_beta10000p0,ogbn-papers100M,FedAvg,16,42,10000.0,430,validation,0.2684,3.1996,0.2684,3.1996,1290,0.1032717227935791,0.1032717227935791,0.5199477672576904,0.6232194900512695,270.1217849254608,0.5199477672576904,0.6232194900512695,270.1217849254608
nc_papers100m_195trainer_0hop_balanced_local_bs16_800r_2,20260914_192750_ogbn-papers100M_FedAvg_bs16_seed42_beta10000p0,ogbn-papers100M,FedAvg,16,42,10000.0,431,validation,0.2683,3.1991,0.2683,3.1991,1293,0.10165882110595703,0.10165882110595703,0.5182864665985107,0.6199452877044678,270.7417302131653,0.5182864665985107,0.6199452877044678,270.7417302131653
nc_papers100m_195trainer_0hop_balanced_local_bs16_800r_2,20260914_192750_ogbn-papers100M_FedAvg_bs16_seed42_beta10000p0,ogbn-papers100M,FedAvg,16,42,10000.0,432,validation,0.2686,3.197,0.2686,3.197,1296,0.10308432579040527,0.10308432579040527,0.5119342803955078,0.6150186061859131,271.3567488193512,0.5119342803955078,0.6150186061859131,271.3567488193512
nc_papers100m_195trainer_0hop_balanced_local_bs16_800r_2,20260914_192750_ogbn-papers100M_FedAvg_bs16_seed42_beta10000p0,ogbn-papers100M,FedAvg,16,42,10000.0,433,validation,0.2685,3.1958,0.2685,3.1958,1299,0.10146093368530273,0.10146093368530273,0.514585018157959,0.6160459518432617,271.97279477119446,0.514585018157959,0.6160459518432617,271.97279477119446
nc_papers100m_195trainer_0hop_balanced_local_bs16_800r_2,20260914_192750_ogbn-papers100M_FedAvg_bs16_seed42_beta10000p0,ogbn-papers100M,FedAvg,16,42,10000.0,434,validation,0.2691,3.1949,0.2691,3.1949,1302,0.1016683578491211,0.1016683578491211,0.5221152305603027,0.6237835884094238,272.5965783596039,0.5221152305603027,0.6237835884094238,272.5965783596039
nc_papers100m_195trainer_0hop_balanced_local_bs16_800r_2,20260914_192750_ogbn-papers100M_FedAvg_bs16_seed42_beta10000p0,ogbn-papers100M,FedAvg,16,42,10000.0,435,validation,0.2689,3.1929,0.2689,3.1929,1305,0.10077857971191406,0.10077857971191406,0.5243349075317383,0.6251134872436523,273.22169184684753,0.5243349075317383,0.6251134872436523,273.22169184684753
nc_papers100m_195trainer_0hop_balanced_local_bs16_800r_2,20260914_192750_ogbn-papers100M_FedAvg_bs16_seed42_beta10000p0,ogbn-papers100M,FedAvg,16,42,10000.0,436,validation,0.2692,3.192,0.2692,3.192,1308,0.10544109344482422,0.10544109344482422,0.5048980712890625,0.6103391647338867,273.8320310115814,0.5048980712890625,0.6103391647338867,273.8320310115814
nc_papers100m_195trainer_0hop_balanced_local_bs16_800r_2,20260914_192750_ogbn-papers100M_FedAvg_bs16_seed42_beta10000p0,ogbn-papers100M,FedAvg,16,42,10000.0,437,validation,0.2698,3.19,0.2698,3.19,1311,0.10440540313720703,0.10440540313720703,0.5145711898803711,0.6189765930175781,274.451007604599,0.5145711898803711,0.6189765930175781,274.451007604599
nc_papers100m_195trainer_0hop_balanced_local_bs16_800r_2,20260914_192750_ogbn-papers100M_FedAvg_bs16_seed42_beta10000p0,ogbn-papers100M,FedAvg,16,42,10000.0,438,validation,0.2701,3.1887,0.2701,3.1887,1314,0.10176992416381836,0.10176992416381836,0.5147531032562256,0.616523027420044,275.06753063201904,0.5147531032562256,0.616523027420044,275.06753063201904
nc_papers100m_195trainer_0hop_balanced_local_bs16_800r_2,20260914_192750_ogbn-papers100M_FedAvg_bs16_seed42_beta10000p0,ogbn-papers100M,FedAvg,16,42,10000.0,439,validation,0.2701,3.1872,0.2701,3.1872,1317,0.10390710830688477,0.10390710830688477,0.5143787860870361,0.6182858943939209,275.68581652641296,0.5143787860870361,0.6182858943939209,275.68581652641296
nc_papers100m_195trainer_0hop_balanced_local_bs16_800r_2,20260914_192750_ogbn-papers100M_FedAvg_bs16_seed42_beta10000p0,ogbn-papers100M,FedAvg,16,42,10000.0,440,validation,0.2699,3.1871,0.2699,3.1871,1320,0.10177230834960938,0.10177230834960938,0.5250895023345947,0.6268618106842041,276.31267833709717,0.5250895023345947,0.6268618106842041,276.31267833709717
nc_papers100m_195trainer_0hop_balanced_local_bs16_800r_2,20260914_192750_ogbn-papers100M_FedAvg_bs16_seed42_beta10000p0,ogbn-papers100M,FedAvg,16,42,10000.0,441,validation,0.2702,3.1847,0.2702,3.1847,1323,0.10286688804626465,0.10286688804626465,0.5079126358032227,0.6107795238494873,276.92345786094666,0.5079126358032227,0.6107795238494873,276.92345786094666
nc_papers100m_195trainer_0hop_balanced_local_bs16_800r_2,20260914_192750_ogbn-papers100M_FedAvg_bs16_seed42_beta10000p0,ogbn-papers100M,FedAvg,16,42,10000.0,442,validation,0.2699,3.1836,0.2699,3.1836,1326,0.10434770584106445,0.10434770584106445,0.5218353271484375,0.626183032989502,277.54964089393616,0.5218353271484375,0.626183032989502,277.54964089393616
nc_papers100m_195trainer_0hop_balanced_local_bs16_800r_2,20260914_192750_ogbn-papers100M_FedAvg_bs16_seed42_beta10000p0,ogbn-papers100M,FedAvg,16,42,10000.0,443,validation,0.2703,3.1828,0.2703,3.1828,1329,0.10263299942016602,0.10263299942016602,0.5165984630584717,0.6192314624786377,278.1688723564148,0.5165984630584717,0.6192314624786377,278.1688723564148
nc_papers100m_195trainer_0hop_balanced_local_bs16_800r_2,20260914_192750_ogbn-papers100M_FedAvg_bs16_seed42_beta10000p0,ogbn-papers100M,FedAvg,16,42,10000.0,444,validation,0.27,3.1815,0.27,3.1815,1332,0.10203886032104492,0.10203886032104492,0.5177583694458008,0.6197972297668457,278.78866958618164,0.5177583694458008,0.6197972297668457,278.78866958618164
nc_papers100m_195trainer_0hop_balanced_local_bs16_800r_2,20260914_192750_ogbn-papers100M_FedAvg_bs16_seed42_beta10000p0,ogbn-papers100M,FedAvg,16,42,10000.0,445,validation,0.2708,3.1804,0.2708,3.1804,1335,0.10248255729675293,0.10248255729675293,0.5188500881195068,0.6213326454162598,279.4100022315979,0.5188500881195068,0.6213326454162598,279.4100022315979
nc_papers100m_195trainer_0hop_balanced_local_bs16_800r_2,20260914_192750_ogbn-papers100M_FedAvg_bs16_seed42_beta10000p0,ogbn-papers100M,FedAvg,16,42,10000.0,446,validation,0.2706,3.179,0.2706,3.179,1338,0.1028130054473877,0.1028130054473877,0.5065665245056152,0.6093795299530029,280.0193817615509,0.5065665245056152,0.6093795299530029,280.0193817615509
nc_papers100m_195trainer_0hop_balanced_local_bs16_800r_2,20260914_192750_ogbn-papers100M_FedAvg_bs16_seed42_beta10000p0,ogbn-papers100M,FedAvg,16,42,10000.0,447,validation,0.2701,3.178,0.2701,3.178,1341,0.10333681106567383,0.10333681106567383,0.508953332901001,0.6122901439666748,280.6316719055176,0.508953332901001,0.6122901439666748,280.6316719055176
nc_papers100m_195trainer_0hop_balanced_local_bs16_800r_2,20260914_192750_ogbn-papers100M_FedAvg_bs16_seed42_beta10000p0,ogbn-papers100M,FedAvg,16,42,10000.0,448,validation,0.2704,3.1767,0.2704,3.1767,1344,0.10073590278625488,0.10073590278625488,0.5135931968688965,0.6143290996551514,281.24600100517273,0.5135931968688965,0.6143290996551514,281.24600100517273
nc_papers100m_195trainer_0hop_balanced_local_bs16_800r_2,20260914_192750_ogbn-papers100M_FedAvg_bs16_seed42_beta10000p0,ogbn-papers100M,FedAvg,16,42,10000.0,449,validation,0.2704,3.1752,0.2704,3.1752,1347,0.10503792762756348,0.10503792762756348,0.5267691612243652,0.6318070888519287,281.87780809402466,0.5267691612243652,0.6318070888519287,281.87780809402466
nc_papers100m_195trainer_0hop_balanced_local_bs16_800r_2,20260914_192750_ogbn-papers100M_FedAvg_bs16_seed42_beta10000p0,ogbn-papers100M,FedAvg,16,42,10000.0,450,validation,0.2707,3.1739,0.2707,3.1739,1350,0.10216641426086426,0.10216641426086426,0.5182247161865234,0.6203911304473877,282.49819922447205,0.5182247161865234,0.6203911304473877,282.49819922447205
nc_papers100m_195trainer_0hop_balanced_local_bs16_800r_2,20260914_192750_ogbn-papers100M_FedAvg_bs16_seed42_beta10000p0,ogbn-papers100M,FedAvg,16,42,10000.0,451,validation,0.2709,3.1726,0.2709,3.1726,1353,0.10430788993835449,0.10430788993835449,0.5142326354980469,0.6185405254364014,283.11673974990845,0.5142326354980469,0.6185405254364014,283.11673974990845
nc_papers100m_195trainer_0hop_balanced_local_bs16_800r_2,20260914_192750_ogbn-papers100M_FedAvg_bs16_seed42_beta10000p0,ogbn-papers100M,FedAvg,16,42,10000.0,452,validation,0.2711,3.1716,0.2711,3.1716,1356,0.10367774963378906,0.10367774963378906,0.5069999694824219,0.6106777191162109,283.72741746902466,0.5069999694824219,0.6106777191162109,283.72741746902466
nc_papers100m_195trainer_0hop_balanced_local_bs16_800r_2,20260914_192750_ogbn-papers100M_FedAvg_bs16_seed42_beta10000p0,ogbn-papers100M,FedAvg,16,42,10000.0,453,validation,0.2716,3.1702,0.2716,3.1702,1359,0.10106849670410156,0.10106849670410156,0.5110037326812744,0.612072229385376,284.33948969841003,0.5110037326812744,0.612072229385376,284.33948969841003
nc_papers100m_195trainer_0hop_balanced_local_bs16_800r_2,20260914_192750_ogbn-papers100M_FedAvg_bs16_seed42_beta10000p0,ogbn-papers100M,FedAvg,16,42,10000.0,454,validation,0.2722,3.1677,0.2722,3.1677,1362,0.10219669342041016,0.10219669342041016,0.51951003074646,0.6217067241668701,284.9611964225769,0.51951003074646,0.6217067241668701,284.9611964225769
nc_papers100m_195trainer_0hop_balanced_local_bs16_800r_2,20260914_192750_ogbn-papers100M_FedAvg_bs16_seed42_beta10000p0,ogbn-papers100M,FedAvg,16,42,10000.0,455,validation,0.2723,3.1672,0.2723,3.1672,1365,0.10555887222290039,0.10555887222290039,0.5103917121887207,0.6159505844116211,285.5771470069885,0.5103917121887207,0.6159505844116211,285.5771470069885
nc_papers100m_195trainer_0hop_balanced_local_bs16_800r_2,20260914_192750_ogbn-papers100M_FedAvg_bs16_seed42_beta10000p0,ogbn-papers100M,FedAvg,16,42,10000.0,456,validation,0.2723,3.1661,0.2723,3.1661,1368,0.10303807258605957,0.10303807258605957,0.4989166259765625,0.6019546985626221,286.17910170555115,0.4989166259765625,0.6019546985626221,286.17910170555115
nc_papers100m_195trainer_0hop_balanced_local_bs16_800r_2,20260914_192750_ogbn-papers100M_FedAvg_bs16_seed42_beta10000p0,ogbn-papers100M,FedAvg,16,42,10000.0,457,validation,0.2721,3.1657,0.2721,3.1657,1371,0.10823416709899902,0.10823416709899902,0.5190122127532959,0.6272463798522949,286.80634808540344,0.5190122127532959,0.6272463798522949,286.80634808540344
nc_papers100m_195trainer_0hop_balanced_local_bs16_800r_2,20260914_192750_ogbn-papers100M_FedAvg_bs16_seed42_beta10000p0,ogbn-papers100M,FedAvg,16,42,10000.0,458,validation,0.2724,3.1647,0.2724,3.1647,1374,0.1032865047454834,0.1032865047454834,0.5187761783599854,0.6220626831054688,287.4284107685089,0.5187761783599854,0.6220626831054688,287.4284107685089
nc_papers100m_195trainer_0hop_balanced_local_bs16_800r_2,20260914_192750_ogbn-papers100M_FedAvg_bs16_seed42_beta10000p0,ogbn-papers100M,FedAvg,16,42,10000.0,459,validation,0.2727,3.1637,0.2727,3.1637,1377,0.10308265686035156,0.10308265686035156,0.5359272956848145,0.639009952545166,288.0674207210541,0.5359272956848145,0.639009952545166,288.0674207210541
nc_papers100m_195trainer_0hop_balanced_local_bs16_800r_2,20260914_192750_ogbn-papers100M_FedAvg_bs16_seed42_beta10000p0,ogbn-papers100M,FedAvg,16,42,10000.0,460,validation,0.2724,3.163,0.2724,3.163,1380,0.1030585765838623,0.1030585765838623,0.5074203014373779,0.6104788780212402,288.6778995990753,0.5074203014373779,0.6104788780212402,288.6778995990753
nc_papers100m_195trainer_0hop_balanced_local_bs16_800r_2,20260914_192750_ogbn-papers100M_FedAvg_bs16_seed42_beta10000p0,ogbn-papers100M,FedAvg,16,42,10000.0,461,validation,0.2728,3.1619,0.2728,3.1619,1383,0.10228753089904785,0.10228753089904785,0.5199029445648193,0.6221904754638672,289.3000900745392,0.5199029445648193,0.6221904754638672,289.3000900745392
nc_papers100m_195trainer_0hop_balanced_local_bs16_800r_2,20260914_192750_ogbn-papers100M_FedAvg_bs16_seed42_beta10000p0,ogbn-papers100M,FedAvg,16,42,10000.0,462,validation,0.2728,3.1601,0.2728,3.1601,1386,0.10441899299621582,0.10441899299621582,0.5132079124450684,0.6176269054412842,289.91771697998047,0.5132079124450684,0.6176269054412842,289.91771697998047
nc_papers100m_195trainer_0hop_balanced_local_bs16_800r_2,20260914_192750_ogbn-papers100M_FedAvg_bs16_seed42_beta10000p0,ogbn-papers100M,FedAvg,16,42,10000.0,463,validation,0.2728,3.1594,0.2728,3.1594,1389,0.10692906379699707,0.10692906379699707,0.5147225856781006,0.6216516494750977,290.53936862945557,0.5147225856781006,0.6216516494750977,290.53936862945557
nc_papers100m_195trainer_0hop_balanced_local_bs16_800r_2,20260914_192750_ogbn-papers100M_FedAvg_bs16_seed42_beta10000p0,ogbn-papers100M,FedAvg,16,42,10000.0,464,validation,0.273,3.1591,0.273,3.1591,1392,0.10045838356018066,0.10045838356018066,0.5280559062957764,0.628514289855957,291.1678829193115,0.5280559062957764,0.628514289855957,291.1678829193115
nc_papers100m_195trainer_0hop_balanced_local_bs16_800r_2,20260914_192750_ogbn-papers100M_FedAvg_bs16_seed42_beta10000p0,ogbn-papers100M,FedAvg,16,42,10000.0,465,validation,0.2725,3.1582,0.2725,3.1582,1395,0.10176396369934082,0.10176396369934082,0.5208919048309326,0.6226558685302734,291.7905387878418,0.5208919048309326,0.6226558685302734,291.7905387878418
nc_papers100m_195trainer_0hop_balanced_local_bs16_800r_2,20260914_192750_ogbn-papers100M_FedAvg_bs16_seed42_beta10000p0,ogbn-papers100M,FedAvg,16,42,10000.0,466,validation,0.2729,3.1579,0.2729,3.1579,1398,0.10265326499938965,0.10265326499938965,0.5173308849334717,0.6199841499328613,292.41052293777466,0.5173308849334717,0.6199841499328613,292.41052293777466
nc_papers100m_195trainer_0hop_balanced_local_bs16_800r_2,20260914_192750_ogbn-papers100M_FedAvg_bs16_seed42_beta10000p0,ogbn-papers100M,FedAvg,16,42,10000.0,467,validation,0.2734,3.1565,0.2734,3.1565,1401,0.10074090957641602,0.10074090957641602,0.5348391532897949,0.6355800628662109,293.04610300064087,0.5348391532897949,0.6355800628662109,293.04610300064087
nc_papers100m_195trainer_0hop_balanced_local_bs16_800r_2,20260914_192750_ogbn-papers100M_FedAvg_bs16_seed42_beta10000p0,ogbn-papers100M,FedAvg,16,42,10000.0,468,validation,0.2739,3.1545,0.2739,3.1545,1404,0.10334658622741699,0.10334658622741699,0.5169558525085449,0.6203024387359619,293.66640543937683,0.5169558525085449,0.6203024387359619,293.66640543937683
nc_papers100m_195trainer_0hop_balanced_local_bs16_800r_2,20260914_192750_ogbn-papers100M_FedAvg_bs16_seed42_beta10000p0,ogbn-papers100M,FedAvg,16,42,10000.0,469,validation,0.2739,3.1535,0.2739,3.1535,1407,0.10466599464416504,0.10466599464416504,0.5081417560577393,0.6128077507019043,294.27921319007874,0.5081417560577393,0.6128077507019043,294.27921319007874
nc_papers100m_195trainer_0hop_balanced_local_bs16_800r_2,20260914_192750_ogbn-papers100M_FedAvg_bs16_seed42_beta10000p0,ogbn-papers100M,FedAvg,16,42,10000.0,470,validation,0.274,3.1516,0.274,3.1516,1410,0.10348057746887207,0.10348057746887207,0.5083041191101074,0.6117846965789795,294.8909978866577,0.5083041191101074,0.6117846965789795,294.8909978866577
nc_papers100m_195trainer_0hop_balanced_local_bs16_800r_2,20260914_192750_ogbn-papers100M_FedAvg_bs16_seed42_beta10000p0,ogbn-papers100M,FedAvg,16,42,10000.0,471,validation,0.2743,3.151,0.2743,3.151,1413,0.10096526145935059,0.10096526145935059,0.5095295906066895,0.61049485206604,295.50149273872375,0.5095295906066895,0.61049485206604,295.50149273872375
nc_papers100m_195trainer_0hop_balanced_local_bs16_800r_2,20260914_192750_ogbn-papers100M_FedAvg_bs16_seed42_beta10000p0,ogbn-papers100M,FedAvg,16,42,10000.0,472,validation,0.2739,3.1504,0.2739,3.1504,1416,0.10171055793762207,0.10171055793762207,0.5182569026947021,0.6199674606323242,296.1214601993561,0.5182569026947021,0.6199674606323242,296.1214601993561
nc_papers100m_195trainer_0hop_balanced_local_bs16_800r_2,20260914_192750_ogbn-papers100M_FedAvg_bs16_seed42_beta10000p0,ogbn-papers100M,FedAvg,16,42,10000.0,473,validation,0.2738,3.1493,0.2738,3.1493,1419,0.10512876510620117,0.10512876510620117,0.5207319259643555,0.6258606910705566,296.74732089042664,0.5207319259643555,0.6258606910705566,296.74732089042664
nc_papers100m_195trainer_0hop_balanced_local_bs16_800r_2,20260914_192750_ogbn-papers100M_FedAvg_bs16_seed42_beta10000p0,ogbn-papers100M,FedAvg,16,42,10000.0,474,validation,0.2743,3.1481,0.2743,3.1481,1422,0.10610008239746094,0.10610008239746094,0.5201077461242676,0.6262078285217285,297.37352871894836,0.5201077461242676,0.6262078285217285,297.37352871894836
nc_papers100m_195trainer_0hop_balanced_local_bs16_800r_2,20260914_192750_ogbn-papers100M_FedAvg_bs16_seed42_beta10000p0,ogbn-papers100M,FedAvg,16,42,10000.0,475,validation,0.2743,3.1467,0.2743,3.1467,1425,0.10655784606933594,0.10655784606933594,0.5129830837249756,0.6195409297943115,297.9930696487427,0.5129830837249756,0.6195409297943115,297.9930696487427
nc_papers100m_195trainer_0hop_balanced_local_bs16_800r_2,20260914_192750_ogbn-papers100M_FedAvg_bs16_seed42_beta10000p0,ogbn-papers100M,FedAvg,16,42,10000.0,476,validation,0.2748,3.1451,0.2748,3.1451,1428,0.10261011123657227,0.10261011123657227,0.5008230209350586,0.6034331321716309,298.5965027809143,0.5008230209350586,0.6034331321716309,298.5965027809143
nc_papers100m_195trainer_0hop_balanced_local_bs16_800r_2,20260914_192750_ogbn-papers100M_FedAvg_bs16_seed42_beta10000p0,ogbn-papers100M,FedAvg,16,42,10000.0,477,validation,0.2745,3.1443,0.2745,3.1443,1431,0.10228872299194336,0.10228872299194336,0.5157482624053955,0.6180369853973389,299.21453976631165,0.5157482624053955,0.6180369853973389,299.21453976631165
nc_papers100m_195trainer_0hop_balanced_local_bs16_800r_2,20260914_192750_ogbn-papers100M_FedAvg_bs16_seed42_beta10000p0,ogbn-papers100M,FedAvg,16,42,10000.0,478,validation,0.2748,3.1427,0.2748,3.1427,1434,0.10723042488098145,0.10723042488098145,0.5128214359283447,0.6200518608093262,299.834591627121,0.5128214359283447,0.6200518608093262,299.834591627121
nc_papers100m_195trainer_0hop_balanced_local_bs16_800r_2,20260914_192750_ogbn-papers100M_FedAvg_bs16_seed42_beta10000p0,ogbn-papers100M,FedAvg,16,42,10000.0,479,validation,0.2748,3.1422,0.2748,3.1422,1437,0.1019902229309082,0.1019902229309082,0.5162382125854492,0.6182284355163574,300.45282006263733,0.5162382125854492,0.6182284355163574,300.45282006263733
nc_papers100m_195trainer_0hop_balanced_local_bs16_800r_2,20260914_192750_ogbn-papers100M_FedAvg_bs16_seed42_beta10000p0,ogbn-papers100M,FedAvg,16,42,10000.0,480,validation,0.2751,3.1404,0.2751,3.1404,1440,0.10077977180480957,0.10077977180480957,0.5089061260223389,0.6096858978271484,301.0625059604645,0.5089061260223389,0.6096858978271484,301.0625059604645
nc_papers100m_195trainer_0hop_balanced_local_bs16_800r_2,20260914_192750_ogbn-papers100M_FedAvg_bs16_seed42_beta10000p0,ogbn-papers100M,FedAvg,16,42,10000.0,481,validation,0.2753,3.1393,0.2753,3.1393,1443,0.10486364364624023,0.10486364364624023,0.5102200508117676,0.6150836944580078,301.6775896549225,0.5102200508117676,0.6150836944580078,301.6775896549225
nc_papers100m_195trainer_0hop_balanced_local_bs16_800r_2,20260914_192750_ogbn-papers100M_FedAvg_bs16_seed42_beta10000p0,ogbn-papers100M,FedAvg,16,42,10000.0,482,validation,0.2759,3.138,0.2759,3.138,1446,0.10270047187805176,0.10270047187805176,0.5157194137573242,0.618419885635376,302.29600954055786,0.5157194137573242,0.618419885635376,302.29600954055786
nc_papers100m_195trainer_0hop_balanced_local_bs16_800r_2,20260914_192750_ogbn-papers100M_FedAvg_bs16_seed42_beta10000p0,ogbn-papers100M,FedAvg,16,42,10000.0,483,validation,0.2759,3.1371,0.2759,3.1371,1449,0.10118389129638672,0.10118389129638672,0.5177676677703857,0.6189515590667725,302.91496109962463,0.5177676677703857,0.6189515590667725,302.91496109962463
nc_papers100m_195trainer_0hop_balanced_local_bs16_800r_2,20260914_192750_ogbn-papers100M_FedAvg_bs16_seed42_beta10000p0,ogbn-papers100M,FedAvg,16,42,10000.0,484,validation,0.2761,3.1352,0.2761,3.1352,1452,0.10265564918518066,0.10265564918518066,0.5082175731658936,0.6108732223510742,303.5258343219757,0.5082175731658936,0.6108732223510742,303.5258343219757
nc_papers100m_195trainer_0hop_balanced_local_bs16_800r_2,20260914_192750_ogbn-papers100M_FedAvg_bs16_seed42_beta10000p0,ogbn-papers100M,FedAvg,16,42,10000.0,485,validation,0.2765,3.1335,0.2765,3.1335,1455,0.10416793823242188,0.10416793823242188,0.5078306198120117,0.6119985580444336,304.13783288002014,0.5078306198120117,0.6119985580444336,304.13783288002014
nc_papers100m_195trainer_0hop_balanced_local_bs16_800r_2,20260914_192750_ogbn-papers100M_FedAvg_bs16_seed42_beta10000p0,ogbn-papers100M,FedAvg,16,42,10000.0,486,validation,0.2764,3.1319,0.2764,3.1319,1458,0.10171294212341309,0.10171294212341309,0.5164282321929932,0.6181411743164062,304.75597405433655,0.5164282321929932,0.6181411743164062,304.75597405433655
nc_papers100m_195trainer_0hop_balanced_local_bs16_800r_2,20260914_192750_ogbn-papers100M_FedAvg_bs16_seed42_beta10000p0,ogbn-papers100M,FedAvg,16,42,10000.0,487,validation,0.2761,3.1325,0.2761,3.1325,1461,0.10480737686157227,0.10480737686157227,0.5171518325805664,0.6219592094421387,305.3779332637787,0.5171518325805664,0.6219592094421387,305.3779332637787
nc_papers100m_195trainer_0hop_balanced_local_bs16_800r_2,20260914_192750_ogbn-papers100M_FedAvg_bs16_seed42_beta10000p0,ogbn-papers100M,FedAvg,16,42,10000.0,488,validation,0.2766,3.1315,0.2766,3.1315,1464,0.1034691333770752,0.1034691333770752,0.5121722221374512,0.6156413555145264,305.9935746192932,0.5121722221374512,0.6156413555145264,305.9935746192932
nc_papers100m_195trainer_0hop_balanced_local_bs16_800r_2,20260914_192750_ogbn-papers100M_FedAvg_bs16_seed42_beta10000p0,ogbn-papers100M,FedAvg,16,42,10000.0,489,validation,0.2767,3.1304,0.2767,3.1304,1467,0.10374236106872559,0.10374236106872559,0.518500804901123,0.6222431659698486,306.61581778526306,0.518500804901123,0.6222431659698486,306.61581778526306
nc_papers100m_195trainer_0hop_balanced_local_bs16_800r_2,20260914_192750_ogbn-papers100M_FedAvg_bs16_seed42_beta10000p0,ogbn-papers100M,FedAvg,16,42,10000.0,490,validation,0.2776,3.1283,0.2776,3.1283,1470,0.10552835464477539,0.10552835464477539,0.5152041912078857,0.6207325458526611,307.2365503311157,0.5152041912078857,0.6207325458526611,307.2365503311157
nc_papers100m_195trainer_0hop_balanced_local_bs16_800r_2,20260914_192750_ogbn-papers100M_FedAvg_bs16_seed42_beta10000p0,ogbn-papers100M,FedAvg,16,42,10000.0,491,validation,0.2775,3.1269,0.2775,3.1269,1473,0.1047663688659668,0.1047663688659668,0.518829345703125,0.6235957145690918,307.8601460456848,0.518829345703125,0.6235957145690918,307.8601460456848
nc_papers100m_195trainer_0hop_balanced_local_bs16_800r_2,20260914_192750_ogbn-papers100M_FedAvg_bs16_seed42_beta10000p0,ogbn-papers100M,FedAvg,16,42,10000.0,492,validation,0.2771,3.1267,0.2771,3.1267,1476,0.10306358337402344,0.10306358337402344,0.5271146297454834,0.6301782131195068,308.4903242588043,0.5271146297454834,0.6301782131195068,308.4903242588043
nc_papers100m_195trainer_0hop_balanced_local_bs16_800r_2,20260914_192750_ogbn-papers100M_FedAvg_bs16_seed42_beta10000p0,ogbn-papers100M,FedAvg,16,42,10000.0,493,validation,0.2773,3.1259,0.2773,3.1259,1479,0.10109806060791016,0.10109806060791016,0.5189898014068604,0.6200878620147705,309.1104121208191,0.5189898014068604,0.6200878620147705,309.1104121208191
nc_papers100m_195trainer_0hop_balanced_local_bs16_800r_2,20260914_192750_ogbn-papers100M_FedAvg_bs16_seed42_beta10000p0,ogbn-papers100M,FedAvg,16,42,10000.0,494,validation,0.2774,3.1243,0.2774,3.1243,1482,0.1022648811340332,0.1022648811340332,0.5101447105407715,0.6124095916748047,309.7228217124939,0.5101447105407715,0.6124095916748047,309.7228217124939
nc_papers100m_195trainer_0hop_balanced_local_bs16_800r_2,20260914_192750_ogbn-papers100M_FedAvg_bs16_seed42_beta10000p0,ogbn-papers100M,FedAvg,16,42,10000.0,495,validation,0.2778,3.1233,0.2778,3.1233,1485,0.10334014892578125,0.10334014892578125,0.5168547630310059,0.6201949119567871,310.3430166244507,0.5168547630310059,0.6201949119567871,310.3430166244507
nc_papers100m_195trainer_0hop_balanced_local_bs16_800r_2,20260914_192750_ogbn-papers100M_FedAvg_bs16_seed42_beta10000p0,ogbn-papers100M,FedAvg,16,42,10000.0,496,validation,0.2779,3.1211,0.2779,3.1211,1488,0.10811853408813477,0.10811853408813477,0.5218873023986816,0.6300058364868164,310.9730224609375,0.5218873023986816,0.6300058364868164,310.9730224609375
nc_papers100m_195trainer_0hop_balanced_local_bs16_800r_2,20260914_192750_ogbn-papers100M_FedAvg_bs16_seed42_beta10000p0,ogbn-papers100M,FedAvg,16,42,10000.0,497,validation,0.2775,3.1201,0.2775,3.1201,1491,0.10264325141906738,0.10264325141906738,0.5207314491271973,0.6233747005462646,311.59639716148376,0.5207314491271973,0.6233747005462646,311.59639716148376
nc_papers100m_195trainer_0hop_balanced_local_bs16_800r_2,20260914_192750_ogbn-papers100M_FedAvg_bs16_seed42_beta10000p0,ogbn-papers100M,FedAvg,16,42,10000.0,498,validation,0.2779,3.1191,0.2779,3.1191,1494,0.10164666175842285,0.10164666175842285,0.5279302597045898,0.6295769214630127,312.2259740829468,0.5279302597045898,0.6295769214630127,312.2259740829468
nc_papers100m_195trainer_0hop_balanced_local_bs16_800r_2,20260914_192750_ogbn-papers100M_FedAvg_bs16_seed42_beta10000p0,ogbn-papers100M,FedAvg,16,42,10000.0,499,validation,0.2782,3.118,0.2782,3.118,1497,0.10172247886657715,0.10172247886657715,0.5080122947692871,0.6097347736358643,312.83570885658264,0.5080122947692871,0.6097347736358643,312.83570885658264
nc_papers100m_195trainer_0hop_balanced_local_bs16_800r_2,20260914_192750_ogbn-papers100M_FedAvg_bs16_seed42_beta10000p0,ogbn-papers100M,FedAvg,16,42,10000.0,500,validation,0.2779,3.1179,0.2779,3.1179,1500,0.10343456268310547,0.10343456268310547,0.5396549701690674,0.6430895328521729,313.4787983894348,0.5396549701690674,0.6430895328521729,313.4787983894348
nc_papers100m_195trainer_0hop_balanced_local_bs16_800r_2,20260914_192750_ogbn-papers100M_FedAvg_bs16_seed42_beta10000p0,ogbn-papers100M,FedAvg,16,42,10000.0,501,validation,0.2782,3.116,0.2782,3.116,1503,0.1067647933959961,0.1067647933959961,0.5180943012237549,0.624859094619751,314.10365748405457,0.5180943012237549,0.624859094619751,314.10365748405457
nc_papers100m_195trainer_0hop_balanced_local_bs16_800r_2,20260914_192750_ogbn-papers100M_FedAvg_bs16_seed42_beta10000p0,ogbn-papers100M,FedAvg,16,42,10000.0,502,validation,0.279,3.1141,0.279,3.1141,1506,0.10111689567565918,0.10111689567565918,0.5229601860046387,0.6240770816802979,314.72773456573486,0.5229601860046387,0.6240770816802979,314.72773456573486
nc_papers100m_195trainer_0hop_balanced_local_bs16_800r_2,20260914_192750_ogbn-papers100M_FedAvg_bs16_seed42_beta10000p0,ogbn-papers100M,FedAvg,16,42,10000.0,503,validation,0.2789,3.1132,0.2789,3.1132,1509,0.10306501388549805,0.10306501388549805,0.5100679397583008,0.6131329536437988,315.34086751937866,0.5100679397583008,0.6131329536437988,315.34086751937866
nc_papers100m_195trainer_0hop_balanced_local_bs16_800r_2,20260914_192750_ogbn-papers100M_FedAvg_bs16_seed42_beta10000p0,ogbn-papers100M,FedAvg,16,42,10000.0,504,validation,0.2789,3.1127,0.2789,3.1127,1512,0.10236525535583496,0.10236525535583496,0.5071926116943359,0.6095578670501709,315.95042538642883,0.5071926116943359,0.6095578670501709,315.95042538642883
nc_papers100m_195trainer_0hop_balanced_local_bs16_800r_2,20260914_192750_ogbn-papers100M_FedAvg_bs16_seed42_beta10000p0,ogbn-papers100M,FedAvg,16,42,10000.0,505,validation,0.2793,3.1116,0.2793,3.1116,1515,0.10504484176635742,0.10504484176635742,0.5099587440490723,0.6150035858154297,316.56542897224426,0.5099587440490723,0.6150035858154297,316.56542897224426
nc_papers100m_195trainer_0hop_balanced_local_bs16_800r_2,20260914_192750_ogbn-papers100M_FedAvg_bs16_seed42_beta10000p0,ogbn-papers100M,FedAvg,16,42,10000.0,506,validation,0.2796,3.1116,0.2796,3.1116,1518,0.10302376747131348,0.10302376747131348,0.5197389125823975,0.6227626800537109,317.188191652298,0.5197389125823975,0.6227626800537109,317.188191652298
nc_papers100m_195trainer_0hop_balanced_local_bs16_800r_2,20260914_192750_ogbn-papers100M_FedAvg_bs16_seed42_beta10000p0,ogbn-papers100M,FedAvg,16,42,10000.0,507,validation,0.2791,3.1113,0.2791,3.1113,1521,0.10307145118713379,0.10307145118713379,0.5158333778381348,0.6189048290252686,317.80709648132324,0.5158333778381348,0.6189048290252686,317.80709648132324
nc_papers100m_195trainer_0hop_balanced_local_bs16_800r_2,20260914_192750_ogbn-papers100M_FedAvg_bs16_seed42_beta10000p0,ogbn-papers100M,FedAvg,16,42,10000.0,508,validation,0.2791,3.1102,0.2791,3.1102,1524,0.10604262351989746,0.10604262351989746,0.5191543102264404,0.6251969337463379,318.4322934150696,0.5191543102264404,0.6251969337463379,318.4322934150696
nc_papers100m_195trainer_0hop_balanced_local_bs16_800r_2,20260914_192750_ogbn-papers100M_FedAvg_bs16_seed42_beta10000p0,ogbn-papers100M,FedAvg,16,42,10000.0,509,validation,0.2792,3.1102,0.2792,3.1102,1527,0.10293269157409668,0.10293269157409668,0.5125291347503662,0.6154618263244629,319.04775524139404,0.5125291347503662,0.6154618263244629,319.04775524139404
nc_papers100m_195trainer_0hop_balanced_local_bs16_800r_2,20260914_192750_ogbn-papers100M_FedAvg_bs16_seed42_beta10000p0,ogbn-papers100M,FedAvg,16,42,10000.0,510,validation,0.2791,3.1081,0.2791,3.1081,1530,0.1008598804473877,0.1008598804473877,0.5137417316436768,0.6146016120910645,319.6623568534851,0.5137417316436768,0.6146016120910645,319.6623568534851
nc_papers100m_195trainer_0hop_balanced_local_bs16_800r_2,20260914_192750_ogbn-papers100M_FedAvg_bs16_seed42_beta10000p0,ogbn-papers100M,FedAvg,16,42,10000.0,511,validation,0.2792,3.1074,0.2792,3.1074,1533,0.10282778739929199,0.10282778739929199,0.521824836730957,0.624652624130249,320.28700947761536,0.521824836730957,0.624652624130249,320.28700947761536
nc_papers100m_195trainer_0hop_balanced_local_bs16_800r_2,20260914_192750_ogbn-papers100M_FedAvg_bs16_seed42_beta10000p0,ogbn-papers100M,FedAvg,16,42,10000.0,512,validation,0.2796,3.1063,0.2796,3.1063,1536,0.10297989845275879,0.10297989845275879,0.5225222110748291,0.6255021095275879,320.91251158714294,0.5225222110748291,0.6255021095275879,320.91251158714294
nc_papers100m_195trainer_0hop_balanced_local_bs16_800r_2,20260914_192750_ogbn-papers100M_FedAvg_bs16_seed42_beta10000p0,ogbn-papers100M,FedAvg,16,42,10000.0,513,validation,0.2799,3.1049,0.2799,3.1049,1539,0.10272097587585449,0.10272097587585449,0.5143582820892334,0.6170792579650879,321.52959084510803,0.5143582820892334,0.6170792579650879,321.52959084510803
nc_papers100m_195trainer_0hop_balanced_local_bs16_800r_2,20260914_192750_ogbn-papers100M_FedAvg_bs16_seed42_beta10000p0,ogbn-papers100M,FedAvg,16,42,10000.0,514,validation,0.2801,3.1033,0.2801,3.1033,1542,0.10718297958374023,0.10718297958374023,0.5049645900726318,0.6121475696563721,322.1417384147644,0.5049645900726318,0.6121475696563721,322.1417384147644
nc_papers100m_195trainer_0hop_balanced_local_bs16_800r_2,20260914_192750_ogbn-papers100M_FedAvg_bs16_seed42_beta10000p0,ogbn-papers100M,FedAvg,16,42,10000.0,515,validation,0.2804,3.1013,0.2804,3.1013,1545,0.10312962532043457,0.10312962532043457,0.5249323844909668,0.6280620098114014,322.7698004245758,0.5249323844909668,0.6280620098114014,322.7698004245758
nc_papers100m_195trainer_0hop_balanced_local_bs16_800r_2,20260914_192750_ogbn-papers100M_FedAvg_bs16_seed42_beta10000p0,ogbn-papers100M,FedAvg,16,42,10000.0,516,validation,0.2804,3.1013,0.2804,3.1013,1548,0.10258316993713379,0.10258316993713379,0.5211138725280762,0.62369704246521,323.393497467041,0.5211138725280762,0.62369704246521,323.393497467041
nc_papers100m_195trainer_0hop_balanced_local_bs16_800r_2,20260914_192750_ogbn-papers100M_FedAvg_bs16_seed42_beta10000p0,ogbn-papers100M,FedAvg,16,42,10000.0,517,validation,0.2802,3.1015,0.2802,3.1015,1551,0.10488557815551758,0.10488557815551758,0.5206286907196045,0.6255142688751221,324.01901173591614,0.5206286907196045,0.6255142688751221,324.01901173591614
nc_papers100m_195trainer_0hop_balanced_local_bs16_800r_2,20260914_192750_ogbn-papers100M_FedAvg_bs16_seed42_beta10000p0,ogbn-papers100M,FedAvg,16,42,10000.0,518,validation,0.2804,3.0989,0.2804,3.0989,1554,0.10417342185974121,0.10417342185974121,0.5175297260284424,0.6217031478881836,324.6407148838043,0.5175297260284424,0.6217031478881836,324.6407148838043
nc_papers100m_195trainer_0hop_balanced_local_bs16_800r_2,20260914_192750_ogbn-papers100M_FedAvg_bs16_seed42_beta10000p0,ogbn-papers100M,FedAvg,16,42,10000.0,519,validation,0.2803,3.0978,0.2803,3.0978,1557,0.10362005233764648,0.10362005233764648,0.5054042339324951,0.6090242862701416,325.24973917007446,0.5054042339324951,0.6090242862701416,325.24973917007446
nc_papers100m_195trainer_0hop_balanced_local_bs16_800r_2,20260914_192750_ogbn-papers100M_FedAvg_bs16_seed42_beta10000p0,ogbn-papers100M,FedAvg,16,42,10000.0,520,validation,0.2809,3.0963,0.2809,3.0963,1560,0.1028292179107666,0.1028292179107666,0.5227601528167725,0.6255893707275391,325.875328540802,0.5227601528167725,0.6255893707275391,325.875328540802
nc_papers100m_195trainer_0hop_balanced_local_bs16_800r_2,20260914_192750_ogbn-papers100M_FedAvg_bs16_seed42_beta10000p0,ogbn-papers100M,FedAvg,16,42,10000.0,521,validation,0.2811,3.095,0.2811,3.095,1563,0.10131311416625977,0.10131311416625977,0.5239818096160889,0.6252949237823486,326.50062346458435,0.5239818096160889,0.6252949237823486,326.50062346458435
nc_papers100m_195trainer_0hop_balanced_local_bs16_800r_2,20260914_192750_ogbn-papers100M_FedAvg_bs16_seed42_beta10000p0,ogbn-papers100M,FedAvg,16,42,10000.0,522,validation,0.2817,3.0933,0.2817,3.0933,1566,0.10601067543029785,0.10601067543029785,0.5132687091827393,0.6192793846130371,327.1199028491974,0.5132687091827393,0.6192793846130371,327.1199028491974
nc_papers100m_195trainer_0hop_balanced_local_bs16_800r_2,20260914_192750_ogbn-papers100M_FedAvg_bs16_seed42_beta10000p0,ogbn-papers100M,FedAvg,16,42,10000.0,523,validation,0.2809,3.0946,0.2809,3.0946,1569,0.10944628715515137,0.10944628715515137,0.505110502243042,0.6145567893981934,327.7344596385956,0.505110502243042,0.6145567893981934,327.7344596385956
nc_papers100m_195trainer_0hop_balanced_local_bs16_800r_2,20260914_192750_ogbn-papers100M_FedAvg_bs16_seed42_beta10000p0,ogbn-papers100M,FedAvg,16,42,10000.0,524,validation,0.2812,3.094,0.2812,3.094,1572,0.10564613342285156,0.10564613342285156,0.510756254196167,0.6164023876190186,328.3508620262146,0.510756254196167,0.6164023876190186,328.3508620262146
nc_papers100m_195trainer_0hop_balanced_local_bs16_800r_2,20260914_192750_ogbn-papers100M_FedAvg_bs16_seed42_beta10000p0,ogbn-papers100M,FedAvg,16,42,10000.0,525,validation,0.2819,3.0925,0.2819,3.0925,1575,0.10220789909362793,0.10220789909362793,0.5102636814117432,0.6124715805053711,328.96333360671997,0.5102636814117432,0.6124715805053711,328.96333360671997
nc_papers100m_195trainer_0hop_balanced_local_bs16_800r_2,20260914_192750_ogbn-papers100M_FedAvg_bs16_seed42_beta10000p0,ogbn-papers100M,FedAvg,16,42,10000.0,526,validation,0.2814,3.0906,0.2814,3.0906,1578,0.10249686241149902,0.10249686241149902,0.5166826248168945,0.6191794872283936,329.58251309394836,0.5166826248168945,0.6191794872283936,329.58251309394836
nc_papers100m_195trainer_0hop_balanced_local_bs16_800r_2,20260914_192750_ogbn-papers100M_FedAvg_bs16_seed42_beta10000p0,ogbn-papers100M,FedAvg,16,42,10000.0,527,validation,0.2816,3.0901,0.2816,3.0901,1581,0.10568547248840332,0.10568547248840332,0.5181453227996826,0.6238307952880859,330.20634388923645,0.5181453227996826,0.6238307952880859,330.20634388923645
nc_papers100m_195trainer_0hop_balanced_local_bs16_800r_2,20260914_192750_ogbn-papers100M_FedAvg_bs16_seed42_beta10000p0,ogbn-papers100M,FedAvg,16,42,10000.0,528,validation,0.2819,3.0886,0.2819,3.0886,1584,0.10667824745178223,0.10667824745178223,0.5185909271240234,0.6252691745758057,330.83161306381226,0.5185909271240234,0.6252691745758057,330.83161306381226
nc_papers100m_195trainer_0hop_balanced_local_bs16_800r_2,20260914_192750_ogbn-papers100M_FedAvg_bs16_seed42_beta10000p0,ogbn-papers100M,FedAvg,16,42,10000.0,529,validation,0.2821,3.0879,0.2821,3.0879,1587,0.10991978645324707,0.10991978645324707,0.5174944400787354,0.6274142265319824,331.45902729034424,0.5174944400787354,0.6274142265319824,331.45902729034424
nc_papers100m_195trainer_0hop_balanced_local_bs16_800r_2,20260914_192750_ogbn-papers100M_FedAvg_bs16_seed42_beta10000p0,ogbn-papers100M,FedAvg,16,42,10000.0,530,validation,0.2821,3.0877,0.2821,3.0877,1590,0.10346579551696777,0.10346579551696777,0.5190258026123047,0.6224915981292725,332.0815188884735,0.5190258026123047,0.6224915981292725,332.0815188884735
nc_papers100m_195trainer_0hop_balanced_local_bs16_800r_2,20260914_192750_ogbn-papers100M_FedAvg_bs16_seed42_beta10000p0,ogbn-papers100M,FedAvg,16,42,10000.0,531,validation,0.2826,3.0863,0.2826,3.0863,1593,0.1006617546081543,0.1006617546081543,0.5264809131622314,0.6271426677703857,332.7086615562439,0.5264809131622314,0.6271426677703857,332.7086615562439
nc_papers100m_195trainer_0hop_balanced_local_bs16_800r_2,20260914_192750_ogbn-papers100M_FedAvg_bs16_seed42_beta10000p0,ogbn-papers100M,FedAvg,16,42,10000.0,532,validation,0.2821,3.0855,0.2821,3.0855,1596,0.1014258861541748,0.1014258861541748,0.5099797248840332,0.611405611038208,333.3200671672821,0.5099797248840332,0.611405611038208,333.3200671672821
nc_papers100m_195trainer_0hop_balanced_local_bs16_800r_2,20260914_192750_ogbn-papers100M_FedAvg_bs16_seed42_beta10000p0,ogbn-papers100M,FedAvg,16,42,10000.0,533,validation,0.2826,3.0842,0.2826,3.0842,1599,0.10277223587036133,0.10277223587036133,0.5191295146942139,0.6219017505645752,333.9419689178467,0.5191295146942139,0.6219017505645752,333.9419689178467
nc_papers100m_195trainer_0hop_balanced_local_bs16_800r_2,20260914_192750_ogbn-papers100M_FedAvg_bs16_seed42_beta10000p0,ogbn-papers100M,FedAvg,16,42,10000.0,534,validation,0.2831,3.0829,0.2831,3.0829,1602,0.11218452453613281,0.11218452453613281,0.5187525749206543,0.6309370994567871,334.57290601730347,0.5187525749206543,0.6309370994567871,334.57290601730347
nc_papers100m_195trainer_0hop_balanced_local_bs16_800r_2,20260914_192750_ogbn-papers100M_FedAvg_bs16_seed42_beta10000p0,ogbn-papers100M,FedAvg,16,42,10000.0,535,validation,0.2834,3.081,0.2834,3.081,1605,0.10564970970153809,0.10564970970153809,0.5228934288024902,0.6285431385040283,335.2014491558075,0.5228934288024902,0.6285431385040283,335.2014491558075
nc_papers100m_195trainer_0hop_balanced_local_bs16_800r_2,20260914_192750_ogbn-papers100M_FedAvg_bs16_seed42_beta10000p0,ogbn-papers100M,FedAvg,16,42,10000.0,536,validation,0.2834,3.0806,0.2834,3.0806,1608,0.10133242607116699,0.10133242607116699,0.5191042423248291,0.6204366683959961,335.8218858242035,0.5191042423248291,0.6204366683959961,335.8218858242035
nc_papers100m_195trainer_0hop_balanced_local_bs16_800r_2,20260914_192750_ogbn-papers100M_FedAvg_bs16_seed42_beta10000p0,ogbn-papers100M,FedAvg,16,42,10000.0,537,validation,0.2834,3.0798,0.2834,3.0798,1611,0.10312747955322266,0.10312747955322266,0.5053043365478516,0.6084318161010742,336.43031764030457,0.5053043365478516,0.6084318161010742,336.43031764030457
nc_papers100m_195trainer_0hop_balanced_local_bs16_800r_2,20260914_192750_ogbn-papers100M_FedAvg_bs16_seed42_beta10000p0,ogbn-papers100M,FedAvg,16,42,10000.0,538,validation,0.284,3.0782,0.284,3.0782,1614,0.10394406318664551,0.10394406318664551,0.5178179740905762,0.6217620372772217,337.0520796775818,0.5178179740905762,0.6217620372772217,337.0520796775818
nc_papers100m_195trainer_0hop_balanced_local_bs16_800r_2,20260914_192750_ogbn-papers100M_FedAvg_bs16_seed42_beta10000p0,ogbn-papers100M,FedAvg,16,42,10000.0,539,validation,0.2845,3.0776,0.2845,3.0776,1617,0.10622572898864746,0.10622572898864746,0.5213351249694824,0.6275608539581299,337.6796405315399,0.5213351249694824,0.6275608539581299,337.6796405315399
nc_papers100m_195trainer_0hop_balanced_local_bs16_800r_2,20260914_192750_ogbn-papers100M_FedAvg_bs16_seed42_beta10000p0,ogbn-papers100M,FedAvg,16,42,10000.0,540,validation,0.2841,3.0765,0.2841,3.0765,1620,0.10872316360473633,0.10872316360473633,0.5189266204833984,0.6276497840881348,338.30729031562805,0.5189266204833984,0.6276497840881348,338.30729031562805
nc_papers100m_195trainer_0hop_balanced_local_bs16_800r_2,20260914_192750_ogbn-papers100M_FedAvg_bs16_seed42_beta10000p0,ogbn-papers100M,FedAvg,16,42,10000.0,541,validation,0.2841,3.0757,0.2841,3.0757,1623,0.10531449317932129,0.10531449317932129,0.5330824851989746,0.6383969783782959,338.94568729400635,0.5330824851989746,0.6383969783782959,338.94568729400635
nc_papers100m_195trainer_0hop_balanced_local_bs16_800r_2,20260914_192750_ogbn-papers100M_FedAvg_bs16_seed42_beta10000p0,ogbn-papers100M,FedAvg,16,42,10000.0,542,validation,0.2839,3.0748,0.2839,3.0748,1626,0.10330343246459961,0.10330343246459961,0.5104715824127197,0.6137750148773193,339.55946230888367,0.5104715824127197,0.6137750148773193,339.55946230888367
nc_papers100m_195trainer_0hop_balanced_local_bs16_800r_2,20260914_192750_ogbn-papers100M_FedAvg_bs16_seed42_beta10000p0,ogbn-papers100M,FedAvg,16,42,10000.0,543,validation,0.284,3.0739,0.284,3.0739,1629,0.10618734359741211,0.10618734359741211,0.511310338973999,0.6174976825714111,340.1769599914551,0.511310338973999,0.6174976825714111,340.1769599914551
nc_papers100m_195trainer_0hop_balanced_local_bs16_800r_2,20260914_192750_ogbn-papers100M_FedAvg_bs16_seed42_beta10000p0,ogbn-papers100M,FedAvg,16,42,10000.0,544,validation,0.2844,3.0729,0.2844,3.0729,1632,0.10600948333740234,0.10600948333740234,0.5104339122772217,0.616443395614624,340.7934033870697,0.5104339122772217,0.616443395614624,340.7934033870697
nc_papers100m_195trainer_0hop_balanced_local_bs16_800r_2,20260914_192750_ogbn-papers100M_FedAvg_bs16_seed42_beta10000p0,ogbn-papers100M,FedAvg,16,42,10000.0,545,validation,0.285,3.0718,0.285,3.0718,1635,0.10263228416442871,0.10263228416442871,0.5155041217803955,0.6181364059448242,341.4115397930145,0.5155041217803955,0.6181364059448242,341.4115397930145
nc_papers100m_195trainer_0hop_balanced_local_bs16_800r_2,20260914_192750_ogbn-papers100M_FedAvg_bs16_seed42_beta10000p0,ogbn-papers100M,FedAvg,16,42,10000.0,546,validation,0.2847,3.0707,0.2847,3.0707,1638,0.10312771797180176,0.10312771797180176,0.5110571384429932,0.6141848564147949,342.0257246494293,0.5110571384429932,0.6141848564147949,342.0257246494293
nc_papers100m_195trainer_0hop_balanced_local_bs16_800r_2,20260914_192750_ogbn-papers100M_FedAvg_bs16_seed42_beta10000p0,ogbn-papers100M,FedAvg,16,42,10000.0,547,validation,0.2848,3.0695,0.2848,3.0695,1641,0.10280060768127441,0.10280060768127441,0.5098631381988525,0.612663745880127,342.63838839530945,0.5098631381988525,0.612663745880127,342.63838839530945
nc_papers100m_195trainer_0hop_balanced_local_bs16_800r_2,20260914_192750_ogbn-papers100M_FedAvg_bs16_seed42_beta10000p0,ogbn-papers100M,FedAvg,16,42,10000.0,548,validation,0.2854,3.0689,0.2854,3.0689,1644,0.10249781608581543,0.10249781608581543,0.5043609142303467,0.6068587303161621,343.2452471256256,0.5043609142303467,0.6068587303161621,343.2452471256256
nc_papers100m_195trainer_0hop_balanced_local_bs16_800r_2,20260914_192750_ogbn-papers100M_FedAvg_bs16_seed42_beta10000p0,ogbn-papers100M,FedAvg,16,42,10000.0,549,validation,0.285,3.0671,0.285,3.0671,1647,0.10311698913574219,0.10311698913574219,0.5360739231109619,0.6391909122467041,343.8844380378723,0.5360739231109619,0.6391909122467041,343.8844380378723
nc_papers100m_195trainer_0hop_balanced_local_bs16_800r_2,20260914_192750_ogbn-papers100M_FedAvg_bs16_seed42_beta10000p0,ogbn-papers100M,FedAvg,16,42,10000.0,550,validation,0.2855,3.0666,0.2855,3.0666,1650,0.10029053688049316,0.10029053688049316,0.5131237506866455,0.6134142875671387,344.49785232543945,0.5131237506866455,0.6134142875671387,344.49785232543945
nc_papers100m_195trainer_0hop_balanced_local_bs16_800r_2,20260914_192750_ogbn-papers100M_FedAvg_bs16_seed42_beta10000p0,ogbn-papers100M,FedAvg,16,42,10000.0,551,validation,0.2858,3.0656,0.2858,3.0656,1653,0.10141921043395996,0.10141921043395996,0.5107667446136475,0.6121859550476074,345.11003828048706,0.5107667446136475,0.6121859550476074,345.11003828048706
nc_papers100m_195trainer_0hop_balanced_local_bs16_800r_2,20260914_192750_ogbn-papers100M_FedAvg_bs16_seed42_beta10000p0,ogbn-papers100M,FedAvg,16,42,10000.0,552,validation,0.2857,3.0646,0.2857,3.0646,1656,0.11159396171569824,0.11159396171569824,0.512871503829956,0.6244654655456543,345.7345037460327,0.512871503829956,0.6244654655456543,345.7345037460327
nc_papers100m_195trainer_0hop_balanced_local_bs16_800r_2,20260914_192750_ogbn-papers100M_FedAvg_bs16_seed42_beta10000p0,ogbn-papers100M,FedAvg,16,42,10000.0,553,validation,0.2861,3.0634,0.2861,3.0634,1659,0.10283303260803223,0.10283303260803223,0.5094647407531738,0.612297773361206,346.3468015193939,0.5094647407531738,0.612297773361206,346.3468015193939
nc_papers100m_195trainer_0hop_balanced_local_bs16_800r_2,20260914_192750_ogbn-papers100M_FedAvg_bs16_seed42_beta10000p0,ogbn-papers100M,FedAvg,16,42,10000.0,554,validation,0.2864,3.0624,0.2864,3.0624,1662,0.10300588607788086,0.10300588607788086,0.6636373996734619,0.7666432857513428,347.11344480514526,0.6636373996734619,0.7666432857513428,347.11344480514526
nc_papers100m_195trainer_0hop_balanced_local_bs16_800r_2,20260914_192750_ogbn-papers100M_FedAvg_bs16_seed42_beta10000p0,ogbn-papers100M,FedAvg,16,42,10000.0,555,validation,0.2864,3.0611,0.2864,3.0611,1665,0.10479044914245605,0.10479044914245605,0.508814811706543,0.613605260848999,347.72705006599426,0.508814811706543,0.613605260848999,347.72705006599426
nc_papers100m_195trainer_0hop_balanced_local_bs16_800r_2,20260914_192750_ogbn-papers100M_FedAvg_bs16_seed42_beta10000p0,ogbn-papers100M,FedAvg,16,42,10000.0,556,validation,0.2862,3.0608,0.2862,3.0608,1668,0.10361313819885254,0.10361313819885254,0.5119035243988037,0.6155166625976562,348.3425667285919,0.5119035243988037,0.6155166625976562,348.3425667285919
nc_papers100m_195trainer_0hop_balanced_local_bs16_800r_2,20260914_192750_ogbn-papers100M_FedAvg_bs16_seed42_beta10000p0,ogbn-papers100M,FedAvg,16,42,10000.0,557,validation,0.2862,3.0609,0.2862,3.0609,1671,0.1067495346069336,0.1067495346069336,0.5253655910491943,0.6321151256561279,348.97468185424805,0.5253655910491943,0.6321151256561279,348.97468185424805
nc_papers100m_195trainer_0hop_balanced_local_bs16_800r_2,20260914_192750_ogbn-papers100M_FedAvg_bs16_seed42_beta10000p0,ogbn-papers100M,FedAvg,16,42,10000.0,558,validation,0.2868,3.0596,0.2868,3.0596,1674,0.10092020034790039,0.10092020034790039,0.5083801746368408,0.6093003749847412,349.5839822292328,0.5083801746368408,0.6093003749847412,349.5839822292328
nc_papers100m_195trainer_0hop_balanced_local_bs16_800r_2,20260914_192750_ogbn-papers100M_FedAvg_bs16_seed42_beta10000p0,ogbn-papers100M,FedAvg,16,42,10000.0,559,validation,0.2866,3.0592,0.2866,3.0592,1677,0.10433316230773926,0.10433316230773926,0.5108866691589355,0.6152198314666748,350.19920206069946,0.5108866691589355,0.6152198314666748,350.19920206069946
nc_papers100m_195trainer_0hop_balanced_local_bs16_800r_2,20260914_192750_ogbn-papers100M_FedAvg_bs16_seed42_beta10000p0,ogbn-papers100M,FedAvg,16,42,10000.0,560,validation,0.2868,3.0584,0.2868,3.0584,1680,0.10284066200256348,0.10284066200256348,0.5082428455352783,0.6110835075378418,350.8102855682373,0.5082428455352783,0.6110835075378418,350.8102855682373
nc_papers100m_195trainer_0hop_balanced_local_bs16_800r_2,20260914_192750_ogbn-papers100M_FedAvg_bs16_seed42_beta10000p0,ogbn-papers100M,FedAvg,16,42,10000.0,561,validation,0.2875,3.0575,0.2875,3.0575,1683,0.1002817153930664,0.1002817153930664,0.5090451240539551,0.6093268394470215,351.4196124076843,0.5090451240539551,0.6093268394470215,351.4196124076843
nc_papers100m_195trainer_0hop_balanced_local_bs16_800r_2,20260914_192750_ogbn-papers100M_FedAvg_bs16_seed42_beta10000p0,ogbn-papers100M,FedAvg,16,42,10000.0,562,validation,0.2877,3.0562,0.2877,3.0562,1686,0.10631012916564941,0.10631012916564941,0.5151588916778564,0.6214690208435059,352.04108142852783,0.5151588916778564,0.6214690208435059,352.04108142852783
nc_papers100m_195trainer_0hop_balanced_local_bs16_800r_2,20260914_192750_ogbn-papers100M_FedAvg_bs16_seed42_beta10000p0,ogbn-papers100M,FedAvg,16,42,10000.0,563,validation,0.2876,3.0551,0.2876,3.0551,1689,0.1022334098815918,0.1022334098815918,0.5124773979187012,0.614710807800293,352.6557922363281,0.5124773979187012,0.614710807800293,352.6557922363281
nc_papers100m_195trainer_0hop_balanced_local_bs16_800r_2,20260914_192750_ogbn-papers100M_FedAvg_bs16_seed42_beta10000p0,ogbn-papers100M,FedAvg,16,42,10000.0,564,validation,0.2877,3.0544,0.2877,3.0544,1692,0.10256052017211914,0.10256052017211914,0.5201518535614014,0.6227123737335205,353.27850461006165,0.5201518535614014,0.6227123737335205,353.27850461006165
nc_papers100m_195trainer_0hop_balanced_local_bs16_800r_2,20260914_192750_ogbn-papers100M_FedAvg_bs16_seed42_beta10000p0,ogbn-papers100M,FedAvg,16,42,10000.0,565,validation,0.2874,3.0536,0.2874,3.0536,1695,0.10109829902648926,0.10109829902648926,0.5059018135070801,0.6070001125335693,353.8855047225952,0.5059018135070801,0.6070001125335693,353.8855047225952
nc_papers100m_195trainer_0hop_balanced_local_bs16_800r_2,20260914_192750_ogbn-papers100M_FedAvg_bs16_seed42_beta10000p0,ogbn-papers100M,FedAvg,16,42,10000.0,566,validation,0.2877,3.052,0.2877,3.052,1698,0.10222911834716797,0.10222911834716797,0.5057635307312012,0.6079926490783691,354.4934973716736,0.5057635307312012,0.6079926490783691,354.4934973716736
nc_papers100m_195trainer_0hop_balanced_local_bs16_800r_2,20260914_192750_ogbn-papers100M_FedAvg_bs16_seed42_beta10000p0,ogbn-papers100M,FedAvg,16,42,10000.0,567,validation,0.2884,3.0504,0.2884,3.0504,1701,0.10430264472961426,0.10430264472961426,0.5141000747680664,0.6184027194976807,355.11190009117126,0.5141000747680664,0.6184027194976807,355.11190009117126
nc_papers100m_195trainer_0hop_balanced_local_bs16_800r_2,20260914_192750_ogbn-papers100M_FedAvg_bs16_seed42_beta10000p0,ogbn-papers100M,FedAvg,16,42,10000.0,568,validation,0.2879,3.0504,0.2879,3.0504,1704,0.10201025009155273,0.10201025009155273,0.5164506435394287,0.6184608936309814,355.73036098480225,0.5164506435394287,0.6184608936309814,355.73036098480225
nc_papers100m_195trainer_0hop_balanced_local_bs16_800r_2,20260914_192750_ogbn-papers100M_FedAvg_bs16_seed42_beta10000p0,ogbn-papers100M,FedAvg,16,42,10000.0,569,validation,0.2882,3.0498,0.2882,3.0498,1707,0.10314083099365234,0.10314083099365234,0.5107333660125732,0.6138741970062256,356.3442351818085,0.5107333660125732,0.6138741970062256,356.3442351818085
nc_papers100m_195trainer_0hop_balanced_local_bs16_800r_2,20260914_192750_ogbn-papers100M_FedAvg_bs16_seed42_beta10000p0,ogbn-papers100M,FedAvg,16,42,10000.0,570,validation,0.2885,3.0484,0.2885,3.0484,1710,0.10245251655578613,0.10245251655578613,0.5220456123352051,0.6244981288909912,356.96873331069946,0.5220456123352051,0.6244981288909912,356.96873331069946
nc_papers100m_195trainer_0hop_balanced_local_bs16_800r_2,20260914_192750_ogbn-papers100M_FedAvg_bs16_seed42_beta10000p0,ogbn-papers100M,FedAvg,16,42,10000.0,571,validation,0.2885,3.0463,0.2885,3.0463,1713,0.1031351089477539,0.1031351089477539,0.5092079639434814,0.6123430728912354,357.5810763835907,0.5092079639434814,0.6123430728912354,357.5810763835907
nc_papers100m_195trainer_0hop_balanced_local_bs16_800r_2,20260914_192750_ogbn-papers100M_FedAvg_bs16_seed42_beta10000p0,ogbn-papers100M,FedAvg,16,42,10000.0,572,validation,0.2888,3.0464,0.2888,3.0464,1716,0.10232329368591309,0.10232329368591309,0.5164577960968018,0.6187810897827148,358.1998574733734,0.5164577960968018,0.6187810897827148,358.1998574733734
nc_papers100m_195trainer_0hop_balanced_local_bs16_800r_2,20260914_192750_ogbn-papers100M_FedAvg_bs16_seed42_beta10000p0,ogbn-papers100M,FedAvg,16,42,10000.0,573,validation,0.2887,3.0458,0.2887,3.0458,1719,0.10191988945007324,0.10191988945007324,0.5086121559143066,0.6105320453643799,358.8103895187378,0.5086121559143066,0.6105320453643799,358.8103895187378
nc_papers100m_195trainer_0hop_balanced_local_bs16_800r_2,20260914_192750_ogbn-papers100M_FedAvg_bs16_seed42_beta10000p0,ogbn-papers100M,FedAvg,16,42,10000.0,574,validation,0.288,3.045,0.288,3.045,1722,0.10390496253967285,0.10390496253967285,0.5106024742126465,0.6145074367523193,359.4248969554901,0.5106024742126465,0.6145074367523193,359.4248969554901
nc_papers100m_195trainer_0hop_balanced_local_bs16_800r_2,20260914_192750_ogbn-papers100M_FedAvg_bs16_seed42_beta10000p0,ogbn-papers100M,FedAvg,16,42,10000.0,575,validation,0.2886,3.044,0.2886,3.044,1725,0.10271191596984863,0.10271191596984863,0.512251615524292,0.6149635314941406,360.03986048698425,0.512251615524292,0.6149635314941406,360.03986048698425
nc_papers100m_195trainer_0hop_balanced_local_bs16_800r_2,20260914_192750_ogbn-papers100M_FedAvg_bs16_seed42_beta10000p0,ogbn-papers100M,FedAvg,16,42,10000.0,576,validation,0.2888,3.0432,0.2888,3.0432,1728,0.10283970832824707,0.10283970832824707,0.5028402805328369,0.605679988861084,360.64554047584534,0.5028402805328369,0.605679988861084,360.64554047584534
nc_papers100m_195trainer_0hop_balanced_local_bs16_800r_2,20260914_192750_ogbn-papers100M_FedAvg_bs16_seed42_beta10000p0,ogbn-papers100M,FedAvg,16,42,10000.0,577,validation,0.2892,3.0435,0.2892,3.0435,1731,0.10770845413208008,0.10770845413208008,0.5118935108184814,0.6196019649505615,361.2651424407959,0.5118935108184814,0.6196019649505615,361.2651424407959
nc_papers100m_195trainer_0hop_balanced_local_bs16_800r_2,20260914_192750_ogbn-papers100M_FedAvg_bs16_seed42_beta10000p0,ogbn-papers100M,FedAvg,16,42,10000.0,578,validation,0.2894,3.0425,0.2894,3.0425,1734,0.10303330421447754,0.10303330421447754,0.5068855285644531,0.6099188327789307,361.87506127357483,0.5068855285644531,0.6099188327789307,361.87506127357483
nc_papers100m_195trainer_0hop_balanced_local_bs16_800r_2,20260914_192750_ogbn-papers100M_FedAvg_bs16_seed42_beta10000p0,ogbn-papers100M,FedAvg,16,42,10000.0,579,validation,0.2893,3.0414,0.2893,3.0414,1737,0.10266518592834473,0.10266518592834473,0.5080358982086182,0.6107010841369629,362.4857623577118,0.5080358982086182,0.6107010841369629,362.4857623577118
nc_papers100m_195trainer_0hop_balanced_local_bs16_800r_2,20260914_192750_ogbn-papers100M_FedAvg_bs16_seed42_beta10000p0,ogbn-papers100M,FedAvg,16,42,10000.0,580,validation,0.2896,3.0404,0.2896,3.0404,1740,0.10393738746643066,0.10393738746643066,0.5107975006103516,0.6147348880767822,363.1004972457886,0.5107975006103516,0.6147348880767822,363.1004972457886
nc_papers100m_195trainer_0hop_balanced_local_bs16_800r_2,20260914_192750_ogbn-papers100M_FedAvg_bs16_seed42_beta10000p0,ogbn-papers100M,FedAvg,16,42,10000.0,581,validation,0.289,3.04,0.289,3.04,1743,0.10026383399963379,0.10026383399963379,0.5122847557067871,0.6125485897064209,363.713045835495,0.5122847557067871,0.6125485897064209,363.713045835495
nc_papers100m_195trainer_0hop_balanced_local_bs16_800r_2,20260914_192750_ogbn-papers100M_FedAvg_bs16_seed42_beta10000p0,ogbn-papers100M,FedAvg,16,42,10000.0,582,validation,0.2895,3.0394,0.2895,3.0394,1746,0.1061394214630127,0.1061394214630127,0.5146002769470215,0.6207396984100342,364.33378553390503,0.5146002769470215,0.6207396984100342,364.33378553390503
nc_papers100m_195trainer_0hop_balanced_local_bs16_800r_2,20260914_192750_ogbn-papers100M_FedAvg_bs16_seed42_beta10000p0,ogbn-papers100M,FedAvg,16,42,10000.0,583,validation,0.2893,3.038,0.2893,3.038,1749,0.10413050651550293,0.10413050651550293,0.5147709846496582,0.6189014911651611,364.9526870250702,0.5147709846496582,0.6189014911651611,364.9526870250702
nc_papers100m_195trainer_0hop_balanced_local_bs16_800r_2,20260914_192750_ogbn-papers100M_FedAvg_bs16_seed42_beta10000p0,ogbn-papers100M,FedAvg,16,42,10000.0,584,validation,0.2895,3.0379,0.2895,3.0379,1752,0.10513138771057129,0.10513138771057129,0.5136792659759521,0.6188106536865234,365.5714976787567,0.5136792659759521,0.6188106536865234,365.5714976787567
nc_papers100m_195trainer_0hop_balanced_local_bs16_800r_2,20260914_192750_ogbn-papers100M_FedAvg_bs16_seed42_beta10000p0,ogbn-papers100M,FedAvg,16,42,10000.0,585,validation,0.2893,3.0366,0.2893,3.0366,1755,0.10344409942626953,0.10344409942626953,0.5162675380706787,0.6197116374969482,366.19120931625366,0.5162675380706787,0.6197116374969482,366.19120931625366
nc_papers100m_195trainer_0hop_balanced_local_bs16_800r_2,20260914_192750_ogbn-papers100M_FedAvg_bs16_seed42_beta10000p0,ogbn-papers100M,FedAvg,16,42,10000.0,586,validation,0.2897,3.0361,0.2897,3.0361,1758,0.10223865509033203,0.10223865509033203,0.5058610439300537,0.6080996990203857,366.79930901527405,0.5058610439300537,0.6080996990203857,366.79930901527405
nc_papers100m_195trainer_0hop_balanced_local_bs16_800r_2,20260914_192750_ogbn-papers100M_FedAvg_bs16_seed42_beta10000p0,ogbn-papers100M,FedAvg,16,42,10000.0,587,validation,0.2903,3.0342,0.2903,3.0342,1761,0.1058342456817627,0.1058342456817627,0.5187067985534668,0.6245410442352295,367.4238500595093,0.5187067985534668,0.6245410442352295,367.4238500595093
nc_papers100m_195trainer_0hop_balanced_local_bs16_800r_2,20260914_192750_ogbn-papers100M_FedAvg_bs16_seed42_beta10000p0,ogbn-papers100M,FedAvg,16,42,10000.0,588,validation,0.2901,3.0336,0.2901,3.0336,1764,0.10771536827087402,0.10771536827087402,0.5122125148773193,0.6199278831481934,368.04377794265747,0.5122125148773193,0.6199278831481934,368.04377794265747
nc_papers100m_195trainer_0hop_balanced_local_bs16_800r_2,20260914_192750_ogbn-papers100M_FedAvg_bs16_seed42_beta10000p0,ogbn-papers100M,FedAvg,16,42,10000.0,589,validation,0.2903,3.0325,0.2903,3.0325,1767,0.10472702980041504,0.10472702980041504,0.5127363204956055,0.6174633502960205,368.6612412929535,0.5127363204956055,0.6174633502960205,368.6612412929535
nc_papers100m_195trainer_0hop_balanced_local_bs16_800r_2,20260914_192750_ogbn-papers100M_FedAvg_bs16_seed42_beta10000p0,ogbn-papers100M,FedAvg,16,42,10000.0,590,validation,0.2907,3.0319,0.2907,3.0319,1770,0.1016077995300293,0.1016077995300293,0.5381894111633301,0.6397972106933594,369.30103850364685,0.5381894111633301,0.6397972106933594,369.30103850364685
nc_papers100m_195trainer_0hop_balanced_local_bs16_800r_2,20260914_192750_ogbn-papers100M_FedAvg_bs16_seed42_beta10000p0,ogbn-papers100M,FedAvg,16,42,10000.0,591,validation,0.2907,3.0302,0.2907,3.0302,1773,0.10067915916442871,0.10067915916442871,0.5186688899993896,0.6193480491638184,369.92038655281067,0.5186688899993896,0.6193480491638184,369.92038655281067
nc_papers100m_195trainer_0hop_balanced_local_bs16_800r_2,20260914_192750_ogbn-papers100M_FedAvg_bs16_seed42_beta10000p0,ogbn-papers100M,FedAvg,16,42,10000.0,592,validation,0.291,3.0294,0.291,3.0294,1776,0.10484123229980469,0.10484123229980469,0.5130741596221924,0.6179153919219971,370.53830194473267,0.5130741596221924,0.6179153919219971,370.53830194473267
nc_papers100m_195trainer_0hop_balanced_local_bs16_800r_2,20260914_192750_ogbn-papers100M_FedAvg_bs16_seed42_beta10000p0,ogbn-papers100M,FedAvg,16,42,10000.0,593,validation,0.2913,3.029,0.2913,3.029,1779,0.10367417335510254,0.10367417335510254,0.5144777297973633,0.6181519031524658,371.15645384788513,0.5144777297973633,0.6181519031524658,371.15645384788513
nc_papers100m_195trainer_0hop_balanced_local_bs16_800r_2,20260914_192750_ogbn-papers100M_FedAvg_bs16_seed42_beta10000p0,ogbn-papers100M,FedAvg,16,42,10000.0,594,validation,0.2912,3.028,0.2912,3.028,1782,0.10418844223022461,0.10418844223022461,0.5055789947509766,0.6097674369812012,371.76622128486633,0.5055789947509766,0.6097674369812012,371.76622128486633
nc_papers100m_195trainer_0hop_balanced_local_bs16_800r_2,20260914_192750_ogbn-papers100M_FedAvg_bs16_seed42_beta10000p0,ogbn-papers100M,FedAvg,16,42,10000.0,595,validation,0.2913,3.0274,0.2913,3.0274,1785,0.10115456581115723,0.10115456581115723,0.5084805488586426,0.6096351146697998,372.37585639953613,0.5084805488586426,0.6096351146697998,372.37585639953613
nc_papers100m_195trainer_0hop_balanced_local_bs16_800r_2,20260914_192750_ogbn-papers100M_FedAvg_bs16_seed42_beta10000p0,ogbn-papers100M,FedAvg,16,42,10000.0,596,validation,0.2911,3.0263,0.2911,3.0263,1788,0.10307836532592773,0.10307836532592773,0.5064918994903564,0.6095702648162842,372.9854266643524,0.5064918994903564,0.6095702648162842,372.9854266643524
nc_papers100m_195trainer_0hop_balanced_local_bs16_800r_2,20260914_192750_ogbn-papers100M_FedAvg_bs16_seed42_beta10000p0,ogbn-papers100M,FedAvg,16,42,10000.0,597,validation,0.2916,3.0263,0.2916,3.0263,1791,0.10129094123840332,0.10129094123840332,0.5122601985931396,0.613551139831543,373.59897780418396,0.5122601985931396,0.613551139831543,373.59897780418396
nc_papers100m_195trainer_0hop_balanced_local_bs16_800r_2,20260914_192750_ogbn-papers100M_FedAvg_bs16_seed42_beta10000p0,ogbn-papers100M,FedAvg,16,42,10000.0,598,validation,0.2921,3.026,0.2921,3.026,1794,0.10619235038757324,0.10619235038757324,0.5263185501098633,0.6325109004974365,374.2314887046814,0.5263185501098633,0.6325109004974365,374.2314887046814
nc_papers100m_195trainer_0hop_balanced_local_bs16_800r_2,20260914_192750_ogbn-papers100M_FedAvg_bs16_seed42_beta10000p0,ogbn-papers100M,FedAvg,16,42,10000.0,599,validation,0.2927,3.0244,0.2927,3.0244,1797,0.1062765121459961,0.1062765121459961,0.5094940662384033,0.6157705783843994,374.8472592830658,0.5094940662384033,0.6157705783843994,374.8472592830658
nc_papers100m_195trainer_0hop_balanced_local_bs16_800r_2,20260914_192750_ogbn-papers100M_FedAvg_bs16_seed42_beta10000p0,ogbn-papers100M,FedAvg,16,42,10000.0,600,validation,0.2922,3.0229,0.2922,3.0229,1800,0.10428953170776367,0.10428953170776367,0.5098016262054443,0.614091157913208,375.461350440979,0.5098016262054443,0.614091157913208,375.461350440979
nc_papers100m_195trainer_0hop_balanced_local_bs16_800r_2,20260914_192750_ogbn-papers100M_FedAvg_bs16_seed42_beta10000p0,ogbn-papers100M,FedAvg,16,42,10000.0,601,validation,0.2923,3.0222,0.2923,3.0222,1803,0.10228443145751953,0.10228443145751953,0.5205264091491699,0.6228108406066895,376.0841612815857,0.5205264091491699,0.6228108406066895,376.0841612815857
nc_papers100m_195trainer_0hop_balanced_local_bs16_800r_2,20260914_192750_ogbn-papers100M_FedAvg_bs16_seed42_beta10000p0,ogbn-papers100M,FedAvg,16,42,10000.0,602,validation,0.2923,3.0223,0.2923,3.0223,1806,0.10138344764709473,0.10138344764709473,0.5158870220184326,0.6172704696655273,376.7014317512512,0.5158870220184326,0.6172704696655273,376.7014317512512
nc_papers100m_195trainer_0hop_balanced_local_bs16_800r_2,20260914_192750_ogbn-papers100M_FedAvg_bs16_seed42_beta10000p0,ogbn-papers100M,FedAvg,16,42,10000.0,603,validation,0.2928,3.0213,0.2928,3.0213,1809,0.10442829132080078,0.10442829132080078,0.5061538219451904,0.6105821132659912,377.3120138645172,0.5061538219451904,0.6105821132659912,377.3120138645172
nc_papers100m_195trainer_0hop_balanced_local_bs16_800r_2,20260914_192750_ogbn-papers100M_FedAvg_bs16_seed42_beta10000p0,ogbn-papers100M,FedAvg,16,42,10000.0,604,validation,0.2933,3.0201,0.2933,3.0201,1812,0.10665273666381836,0.10665273666381836,0.5098507404327393,0.6165034770965576,377.92851734161377,0.5098507404327393,0.6165034770965576,377.92851734161377
nc_papers100m_195trainer_0hop_balanced_local_bs16_800r_2,20260914_192750_ogbn-papers100M_FedAvg_bs16_seed42_beta10000p0,ogbn-papers100M,FedAvg,16,42,10000.0,605,validation,0.2933,3.0192,0.2933,3.0192,1815,0.10721874237060547,0.10721874237060547,0.5105569362640381,0.6177756786346436,378.5462930202484,0.5105569362640381,0.6177756786346436,378.5462930202484
nc_papers100m_195trainer_0hop_balanced_local_bs16_800r_2,20260914_192750_ogbn-papers100M_FedAvg_bs16_seed42_beta10000p0,ogbn-papers100M,FedAvg,16,42,10000.0,606,validation,0.293,3.0181,0.293,3.0181,1818,0.10213208198547363,0.10213208198547363,0.5073714256286621,0.6095035076141357,379.15579652786255,0.5073714256286621,0.6095035076141357,379.15579652786255
nc_papers100m_195trainer_0hop_balanced_local_bs16_800r_2,20260914_192750_ogbn-papers100M_FedAvg_bs16_seed42_beta10000p0,ogbn-papers100M,FedAvg,16,42,10000.0,607,validation,0.2934,3.0171,0.2934,3.0171,1821,0.10326504707336426,0.10326504707336426,0.5157525539398193,0.6190176010131836,379.77481412887573,0.5157525539398193,0.6190176010131836,379.77481412887573
nc_papers100m_195trainer_0hop_balanced_local_bs16_800r_2,20260914_192750_ogbn-papers100M_FedAvg_bs16_seed42_beta10000p0,ogbn-papers100M,FedAvg,16,42,10000.0,608,validation,0.2931,3.0164,0.2931,3.0164,1824,0.10363340377807617,0.10363340377807617,0.5161831378936768,0.6198165416717529,380.3946306705475,0.5161831378936768,0.6198165416717529,380.3946306705475
nc_papers100m_195trainer_0hop_balanced_local_bs16_800r_2,20260914_192750_ogbn-papers100M_FedAvg_bs16_seed42_beta10000p0,ogbn-papers100M,FedAvg,16,42,10000.0,609,validation,0.2932,3.0165,0.2932,3.0165,1827,0.10278820991516113,0.10278820991516113,0.5113880634307861,0.6141762733459473,381.00880694389343,0.5113880634307861,0.6141762733459473,381.00880694389343
nc_papers100m_195trainer_0hop_balanced_local_bs16_800r_2,20260914_192750_ogbn-papers100M_FedAvg_bs16_seed42_beta10000p0,ogbn-papers100M,FedAvg,16,42,10000.0,610,validation,0.2935,3.015,0.2935,3.015,1830,0.10501217842102051,0.10501217842102051,0.5190494060516357,0.6240615844726562,381.6328685283661,0.5190494060516357,0.6240615844726562,381.6328685283661
nc_papers100m_195trainer_0hop_balanced_local_bs16_800r_2,20260914_192750_ogbn-papers100M_FedAvg_bs16_seed42_beta10000p0,ogbn-papers100M,FedAvg,16,42,10000.0,611,validation,0.2939,3.0127,0.2939,3.0127,1833,0.10291934013366699,0.10291934013366699,0.510819673538208,0.613739013671875,382.24660754203796,0.510819673538208,0.613739013671875,382.24660754203796
nc_papers100m_195trainer_0hop_balanced_local_bs16_800r_2,20260914_192750_ogbn-papers100M_FedAvg_bs16_seed42_beta10000p0,ogbn-papers100M,FedAvg,16,42,10000.0,612,validation,0.2936,3.011,0.2936,3.011,1836,0.10160040855407715,0.10160040855407715,0.5159440040588379,0.617544412612915,382.8641519546509,0.5159440040588379,0.617544412612915,382.8641519546509
nc_papers100m_195trainer_0hop_balanced_local_bs16_800r_2,20260914_192750_ogbn-papers100M_FedAvg_bs16_seed42_beta10000p0,ogbn-papers100M,FedAvg,16,42,10000.0,613,validation,0.2934,3.0103,0.2934,3.0103,1839,0.10404276847839355,0.10404276847839355,0.5196175575256348,0.6236603260040283,383.4878122806549,0.5196175575256348,0.6236603260040283,383.4878122806549
nc_papers100m_195trainer_0hop_balanced_local_bs16_800r_2,20260914_192750_ogbn-papers100M_FedAvg_bs16_seed42_beta10000p0,ogbn-papers100M,FedAvg,16,42,10000.0,614,validation,0.2937,3.0101,0.2937,3.0101,1842,0.10320925712585449,0.10320925712585449,0.5087294578552246,0.6119387149810791,384.099750995636,0.5087294578552246,0.6119387149810791,384.099750995636
nc_papers100m_195trainer_0hop_balanced_local_bs16_800r_2,20260914_192750_ogbn-papers100M_FedAvg_bs16_seed42_beta10000p0,ogbn-papers100M,FedAvg,16,42,10000.0,615,validation,0.2935,3.0106,0.2935,3.0106,1845,0.10161805152893066,0.10161805152893066,0.5072553157806396,0.6088733673095703,384.70862436294556,0.5072553157806396,0.6088733673095703,384.70862436294556
nc_papers100m_195trainer_0hop_balanced_local_bs16_800r_2,20260914_192750_ogbn-papers100M_FedAvg_bs16_seed42_beta10000p0,ogbn-papers100M,FedAvg,16,42,10000.0,616,validation,0.2943,3.0089,0.2943,3.0089,1848,0.10172104835510254,0.10172104835510254,0.5187711715698242,0.6204922199249268,385.3291165828705,0.5187711715698242,0.6204922199249268,385.3291165828705
nc_papers100m_195trainer_0hop_balanced_local_bs16_800r_2,20260914_192750_ogbn-papers100M_FedAvg_bs16_seed42_beta10000p0,ogbn-papers100M,FedAvg,16,42,10000.0,617,validation,0.2941,3.008,0.2941,3.008,1851,0.10254502296447754,0.10254502296447754,0.5137157440185547,0.6162607669830322,385.9453773498535,0.5137157440185547,0.6162607669830322,385.9453773498535
nc_papers100m_195trainer_0hop_balanced_local_bs16_800r_2,20260914_192750_ogbn-papers100M_FedAvg_bs16_seed42_beta10000p0,ogbn-papers100M,FedAvg,16,42,10000.0,618,validation,0.2945,3.0068,0.2945,3.0068,1854,0.10334205627441406,0.10334205627441406,0.5039973258972168,0.6073393821716309,386.55271673202515,0.5039973258972168,0.6073393821716309,386.55271673202515
nc_papers100m_195trainer_0hop_balanced_local_bs16_800r_2,20260914_192750_ogbn-papers100M_FedAvg_bs16_seed42_beta10000p0,ogbn-papers100M,FedAvg,16,42,10000.0,619,validation,0.2947,3.0063,0.2947,3.0063,1857,0.10386991500854492,0.10386991500854492,0.5027754306793213,0.6066453456878662,387.159362077713,0.5027754306793213,0.6066453456878662,387.159362077713
nc_papers100m_195trainer_0hop_balanced_local_bs16_800r_2,20260914_192750_ogbn-papers100M_FedAvg_bs16_seed42_beta10000p0,ogbn-papers100M,FedAvg,16,42,10000.0,620,validation,0.2949,3.0054,0.2949,3.0054,1860,0.10241913795471191,0.10241913795471191,0.5140194892883301,0.616438627243042,387.77580070495605,0.5140194892883301,0.616438627243042,387.77580070495605
nc_papers100m_195trainer_0hop_balanced_local_bs16_800r_2,20260914_192750_ogbn-papers100M_FedAvg_bs16_seed42_beta10000p0,ogbn-papers100M,FedAvg,16,42,10000.0,621,validation,0.295,3.0046,0.295,3.0046,1863,0.10238170623779297,0.10238170623779297,0.514622688293457,0.61700439453125,388.3928050994873,0.514622688293457,0.61700439453125,388.3928050994873
nc_papers100m_195trainer_0hop_balanced_local_bs16_800r_2,20260914_192750_ogbn-papers100M_FedAvg_bs16_seed42_beta10000p0,ogbn-papers100M,FedAvg,16,42,10000.0,622,validation,0.2957,3.0034,0.2957,3.0034,1866,0.10145902633666992,0.10145902633666992,0.5184423923492432,0.6199014186859131,389.0127065181732,0.5184423923492432,0.6199014186859131,389.0127065181732
nc_papers100m_195trainer_0hop_balanced_local_bs16_800r_2,20260914_192750_ogbn-papers100M_FedAvg_bs16_seed42_beta10000p0,ogbn-papers100M,FedAvg,16,42,10000.0,623,validation,0.2956,3.002,0.2956,3.002,1869,0.10092473030090332,0.10092473030090332,0.5078780651092529,0.6088027954101562,389.6215093135834,0.5078780651092529,0.6088027954101562,389.6215093135834
nc_papers100m_195trainer_0hop_balanced_local_bs16_800r_2,20260914_192750_ogbn-papers100M_FedAvg_bs16_seed42_beta10000p0,ogbn-papers100M,FedAvg,16,42,10000.0,624,validation,0.296,3.0006,0.296,3.0006,1872,0.1022176742553711,0.1022176742553711,0.5072693824768066,0.6094870567321777,390.23099637031555,0.5072693824768066,0.6094870567321777,390.23099637031555
nc_papers100m_195trainer_0hop_balanced_local_bs16_800r_2,20260914_192750_ogbn-papers100M_FedAvg_bs16_seed42_beta10000p0,ogbn-papers100M,FedAvg,16,42,10000.0,625,validation,0.2955,3.0001,0.2955,3.0001,1875,0.10044598579406738,0.10044598579406738,0.5084679126739502,0.6089138984680176,390.83991026878357,0.5084679126739502,0.6089138984680176,390.83991026878357
nc_papers100m_195trainer_0hop_balanced_local_bs16_800r_2,20260914_192750_ogbn-papers100M_FedAvg_bs16_seed42_beta10000p0,ogbn-papers100M,FedAvg,16,42,10000.0,626,validation,0.2962,2.9979,0.2962,2.9979,1878,0.10149359703063965,0.10149359703063965,0.5128226280212402,0.6143162250518799,391.45422649383545,0.5128226280212402,0.6143162250518799,391.45422649383545
nc_papers100m_195trainer_0hop_balanced_local_bs16_800r_2,20260914_192750_ogbn-papers100M_FedAvg_bs16_seed42_beta10000p0,ogbn-papers100M,FedAvg,16,42,10000.0,627,validation,0.2957,2.9976,0.2957,2.9976,1881,0.10464215278625488,0.10464215278625488,0.5177435874938965,0.6223857402801514,392.0766122341156,0.5177435874938965,0.6223857402801514,392.0766122341156
nc_papers100m_195trainer_0hop_balanced_local_bs16_800r_2,20260914_192750_ogbn-papers100M_FedAvg_bs16_seed42_beta10000p0,ogbn-papers100M,FedAvg,16,42,10000.0,628,validation,0.2958,2.9968,0.2958,2.9968,1884,0.10273027420043945,0.10273027420043945,0.5047805309295654,0.6075108051300049,392.6841230392456,0.5047805309295654,0.6075108051300049,392.6841230392456
nc_papers100m_195trainer_0hop_balanced_local_bs16_800r_2,20260914_192750_ogbn-papers100M_FedAvg_bs16_seed42_beta10000p0,ogbn-papers100M,FedAvg,16,42,10000.0,629,validation,0.2955,2.9969,0.2955,2.9969,1887,0.10251688957214355,0.10251688957214355,0.5141122341156006,0.6166291236877441,393.30075216293335,0.5141122341156006,0.6166291236877441,393.30075216293335
nc_papers100m_195trainer_0hop_balanced_local_bs16_800r_2,20260914_192750_ogbn-papers100M_FedAvg_bs16_seed42_beta10000p0,ogbn-papers100M,FedAvg,16,42,10000.0,630,validation,0.2963,2.9961,0.2963,2.9961,1890,0.10167837142944336,0.10167837142944336,0.5096621513366699,0.6113405227661133,393.91209268569946,0.5096621513366699,0.6113405227661133,393.91209268569946
nc_papers100m_195trainer_0hop_balanced_local_bs16_800r_2,20260914_192750_ogbn-papers100M_FedAvg_bs16_seed42_beta10000p0,ogbn-papers100M,FedAvg,16,42,10000.0,631,validation,0.2959,2.9964,0.2959,2.9964,1893,0.10457873344421387,0.10457873344421387,0.535785436630249,0.6403641700744629,394.5524568557739,0.535785436630249,0.6403641700744629,394.5524568557739
nc_papers100m_195trainer_0hop_balanced_local_bs16_800r_2,20260914_192750_ogbn-papers100M_FedAvg_bs16_seed42_beta10000p0,ogbn-papers100M,FedAvg,16,42,10000.0,632,validation,0.2962,2.9948,0.2962,2.9948,1896,0.10294246673583984,0.10294246673583984,0.5140399932861328,0.6169824600219727,395.1694393157959,0.5140399932861328,0.6169824600219727,395.1694393157959
nc_papers100m_195trainer_0hop_balanced_local_bs16_800r_2,20260914_192750_ogbn-papers100M_FedAvg_bs16_seed42_beta10000p0,ogbn-papers100M,FedAvg,16,42,10000.0,633,validation,0.2968,2.9936,0.2968,2.9936,1899,0.1024026870727539,0.1024026870727539,0.5108306407928467,0.6132333278656006,395.7826726436615,0.5108306407928467,0.6132333278656006,395.7826726436615
nc_papers100m_195trainer_0hop_balanced_local_bs16_800r_2,20260914_192750_ogbn-papers100M_FedAvg_bs16_seed42_beta10000p0,ogbn-papers100M,FedAvg,16,42,10000.0,634,validation,0.2965,2.9932,0.2965,2.9932,1902,0.10359883308410645,0.10359883308410645,0.5091307163238525,0.612729549407959,396.39540219306946,0.5091307163238525,0.612729549407959,396.39540219306946
nc_papers100m_195trainer_0hop_balanced_local_bs16_800r_2,20260914_192750_ogbn-papers100M_FedAvg_bs16_seed42_beta10000p0,ogbn-papers100M,FedAvg,16,42,10000.0,635,validation,0.2967,2.993,0.2967,2.993,1905,0.1052858829498291,0.1052858829498291,0.5141298770904541,0.6194157600402832,397.01481795310974,0.5141298770904541,0.6194157600402832,397.01481795310974
nc_papers100m_195trainer_0hop_balanced_local_bs16_800r_2,20260914_192750_ogbn-papers100M_FedAvg_bs16_seed42_beta10000p0,ogbn-papers100M,FedAvg,16,42,10000.0,636,validation,0.2971,2.9918,0.2971,2.9918,1908,0.10204577445983887,0.10204577445983887,0.5180137157440186,0.6200594902038574,397.6348774433136,0.5180137157440186,0.6200594902038574,397.6348774433136
nc_papers100m_195trainer_0hop_balanced_local_bs16_800r_2,20260914_192750_ogbn-papers100M_FedAvg_bs16_seed42_beta10000p0,ogbn-papers100M,FedAvg,16,42,10000.0,637,validation,0.2975,2.9915,0.2975,2.9915,1911,0.1037607192993164,0.1037607192993164,0.5094034671783447,0.6131641864776611,398.24804162979126,0.5094034671783447,0.6131641864776611,398.24804162979126
nc_papers100m_195trainer_0hop_balanced_local_bs16_800r_2,20260914_192750_ogbn-papers100M_FedAvg_bs16_seed42_beta10000p0,ogbn-papers100M,FedAvg,16,42,10000.0,638,validation,0.2976,2.9908,0.2976,2.9908,1914,0.10202860832214355,0.10202860832214355,0.5102131366729736,0.6122417449951172,398.8602833747864,0.5102131366729736,0.6122417449951172,398.8602833747864
nc_papers100m_195trainer_0hop_balanced_local_bs16_800r_2,20260914_192750_ogbn-papers100M_FedAvg_bs16_seed42_beta10000p0,ogbn-papers100M,FedAvg,16,42,10000.0,639,validation,0.297,2.9909,0.297,2.9909,1917,0.1043853759765625,0.1043853759765625,0.5175361633300781,0.6219215393066406,399.482204914093,0.5175361633300781,0.6219215393066406,399.482204914093
nc_papers100m_195trainer_0hop_balanced_local_bs16_800r_2,20260914_192750_ogbn-papers100M_FedAvg_bs16_seed42_beta10000p0,ogbn-papers100M,FedAvg,16,42,10000.0,640,validation,0.2967,2.991,0.2967,2.991,1920,0.10485196113586426,0.10485196113586426,0.5073721408843994,0.6122241020202637,400.0944290161133,0.5073721408843994,0.6122241020202637,400.0944290161133
nc_papers100m_195trainer_0hop_balanced_local_bs16_800r_2,20260914_192750_ogbn-papers100M_FedAvg_bs16_seed42_beta10000p0,ogbn-papers100M,FedAvg,16,42,10000.0,641,validation,0.2969,2.9898,0.2969,2.9898,1923,0.10109686851501465,0.10109686851501465,0.5162887573242188,0.6173856258392334,400.7118146419525,0.5162887573242188,0.6173856258392334,400.7118146419525
nc_papers100m_195trainer_0hop_balanced_local_bs16_800r_2,20260914_192750_ogbn-papers100M_FedAvg_bs16_seed42_beta10000p0,ogbn-papers100M,FedAvg,16,42,10000.0,642,validation,0.2975,2.9892,0.2975,2.9892,1926,0.10106968879699707,0.10106968879699707,0.5076847076416016,0.6087543964385986,401.3205690383911,0.5076847076416016,0.6087543964385986,401.3205690383911
nc_papers100m_195trainer_0hop_balanced_local_bs16_800r_2,20260914_192750_ogbn-papers100M_FedAvg_bs16_seed42_beta10000p0,ogbn-papers100M,FedAvg,16,42,10000.0,643,validation,0.2972,2.9883,0.2972,2.9883,1929,0.1047980785369873,0.1047980785369873,0.5161139965057373,0.6209120750427246,401.94148111343384,0.5161139965057373,0.6209120750427246,401.94148111343384
nc_papers100m_195trainer_0hop_balanced_local_bs16_800r_2,20260914_192750_ogbn-papers100M_FedAvg_bs16_seed42_beta10000p0,ogbn-papers100M,FedAvg,16,42,10000.0,644,validation,0.2976,2.9871,0.2976,2.9871,1932,0.10388374328613281,0.10388374328613281,0.5131070613861084,0.6169908046722412,402.5584719181061,0.5131070613861084,0.6169908046722412,402.5584719181061
nc_papers100m_195trainer_0hop_balanced_local_bs16_800r_2,20260914_192750_ogbn-papers100M_FedAvg_bs16_seed42_beta10000p0,ogbn-papers100M,FedAvg,16,42,10000.0,645,validation,0.2975,2.9871,0.2975,2.9871,1935,0.10470795631408691,0.10470795631408691,0.5159957408905029,0.6207036972045898,403.17917561531067,0.5159957408905029,0.6207036972045898,403.17917561531067
nc_papers100m_195trainer_0hop_balanced_local_bs16_800r_2,20260914_192750_ogbn-papers100M_FedAvg_bs16_seed42_beta10000p0,ogbn-papers100M,FedAvg,16,42,10000.0,646,validation,0.2976,2.9874,0.2976,2.9874,1938,0.10495662689208984,0.10495662689208984,0.5196182727813721,0.6245748996734619,403.80375051498413,0.5196182727813721,0.6245748996734619,403.80375051498413
nc_papers100m_195trainer_0hop_balanced_local_bs16_800r_2,20260914_192750_ogbn-papers100M_FedAvg_bs16_seed42_beta10000p0,ogbn-papers100M,FedAvg,16,42,10000.0,647,validation,0.2976,2.9861,0.2976,2.9861,1941,0.1027534008026123,0.1027534008026123,0.5168607234954834,0.6196141242980957,404.4233646392822,0.5168607234954834,0.6196141242980957,404.4233646392822
nc_papers100m_195trainer_0hop_balanced_local_bs16_800r_2,20260914_192750_ogbn-papers100M_FedAvg_bs16_seed42_beta10000p0,ogbn-papers100M,FedAvg,16,42,10000.0,648,validation,0.298,2.9851,0.298,2.9851,1944,0.10351085662841797,0.10351085662841797,0.5076041221618652,0.6111149787902832,405.0344796180725,0.5076041221618652,0.6111149787902832,405.0344796180725
nc_papers100m_195trainer_0hop_balanced_local_bs16_800r_2,20260914_192750_ogbn-papers100M_FedAvg_bs16_seed42_beta10000p0,ogbn-papers100M,FedAvg,16,42,10000.0,649,validation,0.2979,2.9852,0.2979,2.9852,1947,0.10343599319458008,0.10343599319458008,0.5077369213104248,0.6111729145050049,405.6456525325775,0.5077369213104248,0.6111729145050049,405.6456525325775
nc_papers100m_195trainer_0hop_balanced_local_bs16_800r_2,20260914_192750_ogbn-papers100M_FedAvg_bs16_seed42_beta10000p0,ogbn-papers100M,FedAvg,16,42,10000.0,650,validation,0.2981,2.9834,0.2981,2.9834,1950,0.10089421272277832,0.10089421272277832,0.5090842247009277,0.609978437423706,406.2556309700012,0.5090842247009277,0.609978437423706,406.2556309700012
nc_papers100m_195trainer_0hop_balanced_local_bs16_800r_2,20260914_192750_ogbn-papers100M_FedAvg_bs16_seed42_beta10000p0,ogbn-papers100M,FedAvg,16,42,10000.0,651,validation,0.2987,2.9813,0.2987,2.9813,1953,0.10144925117492676,0.10144925117492676,0.5144767761230469,0.6159260272979736,406.8715569972992,0.5144767761230469,0.6159260272979736,406.8715569972992
nc_papers100m_195trainer_0hop_balanced_local_bs16_800r_2,20260914_192750_ogbn-papers100M_FedAvg_bs16_seed42_beta10000p0,ogbn-papers100M,FedAvg,16,42,10000.0,652,validation,0.2998,2.9794,0.2998,2.9794,1956,0.10496807098388672,0.10496807098388672,0.5113067626953125,0.6162748336791992,407.4878318309784,0.5113067626953125,0.6162748336791992,407.4878318309784
nc_papers100m_195trainer_0hop_balanced_local_bs16_800r_2,20260914_192750_ogbn-papers100M_FedAvg_bs16_seed42_beta10000p0,ogbn-papers100M,FedAvg,16,42,10000.0,653,validation,0.2992,2.9792,0.2992,2.9792,1959,0.10604977607727051,0.10604977607727051,0.5047411918640137,0.6107909679412842,408.0986227989197,0.5047411918640137,0.6107909679412842,408.0986227989197
nc_papers100m_195trainer_0hop_balanced_local_bs16_800r_2,20260914_192750_ogbn-papers100M_FedAvg_bs16_seed42_beta10000p0,ogbn-papers100M,FedAvg,16,42,10000.0,654,validation,0.2997,2.9779,0.2997,2.9779,1962,0.10465359687805176,0.10465359687805176,0.5116441249847412,0.616297721862793,408.71492052078247,0.5116441249847412,0.616297721862793,408.71492052078247
nc_papers100m_195trainer_0hop_balanced_local_bs16_800r_2,20260914_192750_ogbn-papers100M_FedAvg_bs16_seed42_beta10000p0,ogbn-papers100M,FedAvg,16,42,10000.0,655,validation,0.2996,2.9775,0.2996,2.9775,1965,0.10231757164001465,0.10231757164001465,0.5066955089569092,0.6090130805969238,409.3239336013794,0.5066955089569092,0.6090130805969238,409.3239336013794
nc_papers100m_195trainer_0hop_balanced_local_bs16_800r_2,20260914_192750_ogbn-papers100M_FedAvg_bs16_seed42_beta10000p0,ogbn-papers100M,FedAvg,16,42,10000.0,656,validation,0.2997,2.9769,0.2997,2.9769,1968,0.10257291793823242,0.10257291793823242,0.5167787075042725,0.6193516254425049,409.9432852268219,0.5167787075042725,0.6193516254425049,409.9432852268219
nc_papers100m_195trainer_0hop_balanced_local_bs16_800r_2,20260914_192750_ogbn-papers100M_FedAvg_bs16_seed42_beta10000p0,ogbn-papers100M,FedAvg,16,42,10000.0,657,validation,0.2997,2.9758,0.2997,2.9758,1971,0.10110688209533691,0.10110688209533691,0.5058979988098145,0.6070048809051514,410.55029010772705,0.5058979988098145,0.6070048809051514,410.55029010772705
nc_papers100m_195trainer_0hop_balanced_local_bs16_800r_2,20260914_192750_ogbn-papers100M_FedAvg_bs16_seed42_beta10000p0,ogbn-papers100M,FedAvg,16,42,10000.0,658,validation,0.3003,2.9753,0.3003,2.9753,1974,0.10160422325134277,0.10160422325134277,0.5118494033813477,0.6134536266326904,411.16374373435974,0.5118494033813477,0.6134536266326904,411.16374373435974
nc_papers100m_195trainer_0hop_balanced_local_bs16_800r_2,20260914_192750_ogbn-papers100M_FedAvg_bs16_seed42_beta10000p0,ogbn-papers100M,FedAvg,16,42,10000.0,659,validation,0.3003,2.9742,0.3003,2.9742,1977,0.1032259464263916,0.1032259464263916,0.505408525466919,0.6086344718933105,411.77237820625305,0.505408525466919,0.6086344718933105,411.77237820625305
nc_papers100m_195trainer_0hop_balanced_local_bs16_800r_2,20260914_192750_ogbn-papers100M_FedAvg_bs16_seed42_beta10000p0,ogbn-papers100M,FedAvg,16,42,10000.0,660,validation,0.3003,2.974,0.3003,2.974,1980,0.10384988784790039,0.10384988784790039,0.512692928314209,0.6165428161621094,412.38892102241516,0.512692928314209,0.6165428161621094,412.38892102241516
nc_papers100m_195trainer_0hop_balanced_local_bs16_800r_2,20260914_192750_ogbn-papers100M_FedAvg_bs16_seed42_beta10000p0,ogbn-papers100M,FedAvg,16,42,10000.0,661,validation,0.301,2.9737,0.301,2.9737,1983,0.10552215576171875,0.10552215576171875,0.5231080055236816,0.6286301612854004,413.01755118370056,0.5231080055236816,0.6286301612854004,413.01755118370056
nc_papers100m_195trainer_0hop_balanced_local_bs16_800r_2,20260914_192750_ogbn-papers100M_FedAvg_bs16_seed42_beta10000p0,ogbn-papers100M,FedAvg,16,42,10000.0,662,validation,0.3005,2.9734,0.3005,2.9734,1986,0.10595011711120605,0.10595011711120605,0.5201268196105957,0.6260769367218018,413.64362812042236,0.5201268196105957,0.6260769367218018,413.64362812042236
nc_papers100m_195trainer_0hop_balanced_local_bs16_800r_2,20260914_192750_ogbn-papers100M_FedAvg_bs16_seed42_beta10000p0,ogbn-papers100M,FedAvg,16,42,10000.0,663,validation,0.3002,2.9727,0.3002,2.9727,1989,0.10320401191711426,0.10320401191711426,0.5074961185455322,0.6107001304626465,414.254328250885,0.5074961185455322,0.6107001304626465,414.254328250885
nc_papers100m_195trainer_0hop_balanced_local_bs16_800r_2,20260914_192750_ogbn-papers100M_FedAvg_bs16_seed42_beta10000p0,ogbn-papers100M,FedAvg,16,42,10000.0,664,validation,0.3005,2.9717,0.3005,2.9717,1992,0.1058349609375,0.1058349609375,0.5302238464355469,0.6360588073730469,414.89038705825806,0.5302238464355469,0.6360588073730469,414.89038705825806
nc_papers100m_195trainer_0hop_balanced_local_bs16_800r_2,20260914_192750_ogbn-papers100M_FedAvg_bs16_seed42_beta10000p0,ogbn-papers100M,FedAvg,16,42,10000.0,665,validation,0.3014,2.9703,0.3014,2.9703,1995,0.10528922080993652,0.10528922080993652,0.5128819942474365,0.618171215057373,415.50855827331543,0.5128819942474365,0.618171215057373,415.50855827331543
nc_papers100m_195trainer_0hop_balanced_local_bs16_800r_2,20260914_192750_ogbn-papers100M_FedAvg_bs16_seed42_beta10000p0,ogbn-papers100M,FedAvg,16,42,10000.0,666,validation,0.301,2.9701,0.301,2.9701,1998,0.10152173042297363,0.10152173042297363,0.5236995220184326,0.6252212524414062,416.13377952575684,0.5236995220184326,0.6252212524414062,416.13377952575684
nc_papers100m_195trainer_0hop_balanced_local_bs16_800r_2,20260914_192750_ogbn-papers100M_FedAvg_bs16_seed42_beta10000p0,ogbn-papers100M,FedAvg,16,42,10000.0,667,validation,0.3017,2.9686,0.3017,2.9686,2001,0.10471749305725098,0.10471749305725098,0.51786208152771,0.6225795745849609,416.7563591003418,0.51786208152771,0.6225795745849609,416.7563591003418
nc_papers100m_195trainer_0hop_balanced_local_bs16_800r_2,20260914_192750_ogbn-papers100M_FedAvg_bs16_seed42_beta10000p0,ogbn-papers100M,FedAvg,16,42,10000.0,668,validation,0.3015,2.9683,0.3015,2.9683,2004,0.10228180885314941,0.10228180885314941,0.5068967342376709,0.6091785430908203,417.3655376434326,0.5068967342376709,0.6091785430908203,417.3655376434326
nc_papers100m_195trainer_0hop_balanced_local_bs16_800r_2,20260914_192750_ogbn-papers100M_FedAvg_bs16_seed42_beta10000p0,ogbn-papers100M,FedAvg,16,42,10000.0,669,validation,0.3013,2.9677,0.3013,2.9677,2007,0.10761380195617676,0.10761380195617676,0.5092039108276367,0.6168177127838135,417.98235535621643,0.5092039108276367,0.6168177127838135,417.98235535621643
nc_papers100m_195trainer_0hop_balanced_local_bs16_800r_2,20260914_192750_ogbn-papers100M_FedAvg_bs16_seed42_beta10000p0,ogbn-papers100M,FedAvg,16,42,10000.0,670,validation,0.301,2.9666,0.301,2.9666,2010,0.10410571098327637,0.10410571098327637,0.5124855041503906,0.616591215133667,418.5989465713501,0.5124855041503906,0.616591215133667,418.5989465713501
nc_papers100m_195trainer_0hop_balanced_local_bs16_800r_2,20260914_192750_ogbn-papers100M_FedAvg_bs16_seed42_beta10000p0,ogbn-papers100M,FedAvg,16,42,10000.0,671,validation,0.3009,2.9672,0.3009,2.9672,2013,0.10621452331542969,0.10621452331542969,0.524526834487915,0.6307413578033447,419.22968792915344,0.524526834487915,0.6307413578033447,419.22968792915344
nc_papers100m_195trainer_0hop_balanced_local_bs16_800r_2,20260914_192750_ogbn-papers100M_FedAvg_bs16_seed42_beta10000p0,ogbn-papers100M,FedAvg,16,42,10000.0,672,validation,0.301,2.9672,0.301,2.9672,2016,0.10336065292358398,0.10336065292358398,0.5291740894317627,0.6325347423553467,419.8622226715088,0.5291740894317627,0.6325347423553467,419.8622226715088
nc_papers100m_195trainer_0hop_balanced_local_bs16_800r_2,20260914_192750_ogbn-papers100M_FedAvg_bs16_seed42_beta10000p0,ogbn-papers100M,FedAvg,16,42,10000.0,673,validation,0.3005,2.9663,0.3005,2.9663,2019,0.10149955749511719,0.10149955749511719,0.5122036933898926,0.6137032508850098,420.4759259223938,0.5122036933898926,0.6137032508850098,420.4759259223938
nc_papers100m_195trainer_0hop_balanced_local_bs16_800r_2,20260914_192750_ogbn-papers100M_FedAvg_bs16_seed42_beta10000p0,ogbn-papers100M,FedAvg,16,42,10000.0,674,validation,0.3012,2.9649,0.3012,2.9649,2022,0.10120415687561035,0.10120415687561035,0.5029315948486328,0.6041357517242432,421.08006167411804,0.5029315948486328,0.6041357517242432,421.08006167411804
nc_papers100m_195trainer_0hop_balanced_local_bs16_800r_2,20260914_192750_ogbn-papers100M_FedAvg_bs16_seed42_beta10000p0,ogbn-papers100M,FedAvg,16,42,10000.0,675,validation,0.3012,2.964,0.3012,2.964,2025,0.10660123825073242,0.10660123825073242,0.5240225791931152,0.6306238174438477,421.7106854915619,0.5240225791931152,0.6306238174438477,421.7106854915619
nc_papers100m_195trainer_0hop_balanced_local_bs16_800r_2,20260914_192750_ogbn-papers100M_FedAvg_bs16_seed42_beta10000p0,ogbn-papers100M,FedAvg,16,42,10000.0,676,validation,0.3015,2.9629,0.3015,2.9629,2028,0.10540008544921875,0.10540008544921875,0.5195550918579102,0.6249551773071289,422.335640668869,0.5195550918579102,0.6249551773071289,422.335640668869
nc_papers100m_195trainer_0hop_balanced_local_bs16_800r_2,20260914_192750_ogbn-papers100M_FedAvg_bs16_seed42_beta10000p0,ogbn-papers100M,FedAvg,16,42,10000.0,677,validation,0.3018,2.9622,0.3018,2.9622,2031,0.10199642181396484,0.10199642181396484,0.516376256942749,0.6183726787567139,422.95401334762573,0.516376256942749,0.6183726787567139,422.95401334762573
nc_papers100m_195trainer_0hop_balanced_local_bs16_800r_2,20260914_192750_ogbn-papers100M_FedAvg_bs16_seed42_beta10000p0,ogbn-papers100M,FedAvg,16,42,10000.0,678,validation,0.3021,2.9617,0.3021,2.9617,2034,0.10174226760864258,0.10174226760864258,0.5064496994018555,0.608191967010498,423.56220531463623,0.5064496994018555,0.608191967010498,423.56220531463623
nc_papers100m_195trainer_0hop_balanced_local_bs16_800r_2,20260914_192750_ogbn-papers100M_FedAvg_bs16_seed42_beta10000p0,ogbn-papers100M,FedAvg,16,42,10000.0,679,validation,0.3021,2.9609,0.3021,2.9609,2037,0.10242557525634766,0.10242557525634766,0.511817216873169,0.6142427921295166,424.17644810676575,0.511817216873169,0.6142427921295166,424.17644810676575
nc_papers100m_195trainer_0hop_balanced_local_bs16_800r_2,20260914_192750_ogbn-papers100M_FedAvg_bs16_seed42_beta10000p0,ogbn-papers100M,FedAvg,16,42,10000.0,680,validation,0.3022,2.9611,0.3022,2.9611,2040,0.10035371780395508,0.10035371780395508,0.5169627666473389,0.617316484451294,424.79376459121704,0.5169627666473389,0.617316484451294,424.79376459121704
nc_papers100m_195trainer_0hop_balanced_local_bs16_800r_2,20260914_192750_ogbn-papers100M_FedAvg_bs16_seed42_beta10000p0,ogbn-papers100M,FedAvg,16,42,10000.0,681,validation,0.3026,2.9597,0.3026,2.9597,2043,0.10390639305114746,0.10390639305114746,0.5068626403808594,0.6107690334320068,425.40453362464905,0.5068626403808594,0.6107690334320068,425.40453362464905
nc_papers100m_195trainer_0hop_balanced_local_bs16_800r_2,20260914_192750_ogbn-papers100M_FedAvg_bs16_seed42_beta10000p0,ogbn-papers100M,FedAvg,16,42,10000.0,682,validation,0.3021,2.9597,0.3021,2.9597,2046,0.10155630111694336,0.10155630111694336,0.5126698017120361,0.6142261028289795,426.018759727478,0.5126698017120361,0.6142261028289795,426.018759727478
nc_papers100m_195trainer_0hop_balanced_local_bs16_800r_2,20260914_192750_ogbn-papers100M_FedAvg_bs16_seed42_beta10000p0,ogbn-papers100M,FedAvg,16,42,10000.0,683,validation,0.3023,2.9594,0.3023,2.9594,2049,0.10249519348144531,0.10249519348144531,0.511620044708252,0.6141152381896973,426.6328749656677,0.511620044708252,0.6141152381896973,426.6328749656677
nc_papers100m_195trainer_0hop_balanced_local_bs16_800r_2,20260914_192750_ogbn-papers100M_FedAvg_bs16_seed42_beta10000p0,ogbn-papers100M,FedAvg,16,42,10000.0,684,validation,0.3027,2.957,0.3027,2.957,2052,0.10315537452697754,0.10315537452697754,0.517864465713501,0.6210198402404785,427.2538948059082,0.517864465713501,0.6210198402404785,427.2538948059082
nc_papers100m_195trainer_0hop_balanced_local_bs16_800r_2,20260914_192750_ogbn-papers100M_FedAvg_bs16_seed42_beta10000p0,ogbn-papers100M,FedAvg,16,42,10000.0,685,validation,0.303,2.9566,0.303,2.9566,2055,0.10168123245239258,0.10168123245239258,0.5155012607574463,0.6171824932098389,427.87107729911804,0.5155012607574463,0.6171824932098389,427.87107729911804
nc_papers100m_195trainer_0hop_balanced_local_bs16_800r_2,20260914_192750_ogbn-papers100M_FedAvg_bs16_seed42_beta10000p0,ogbn-papers100M,FedAvg,16,42,10000.0,686,validation,0.3032,2.9564,0.3032,2.9564,2058,0.10176873207092285,0.10176873207092285,0.5163776874542236,0.6181464195251465,428.4892237186432,0.5163776874542236,0.6181464195251465,428.4892237186432
nc_papers100m_195trainer_0hop_balanced_local_bs16_800r_2,20260914_192750_ogbn-papers100M_FedAvg_bs16_seed42_beta10000p0,ogbn-papers100M,FedAvg,16,42,10000.0,687,validation,0.3032,2.956,0.3032,2.956,2061,0.1026911735534668,0.1026911735534668,0.5096721649169922,0.612363338470459,429.10158705711365,0.5096721649169922,0.612363338470459,429.10158705711365
nc_papers100m_195trainer_0hop_balanced_local_bs16_800r_2,20260914_192750_ogbn-papers100M_FedAvg_bs16_seed42_beta10000p0,ogbn-papers100M,FedAvg,16,42,10000.0,688,validation,0.3032,2.955,0.3032,2.955,2064,0.10208272933959961,0.10208272933959961,0.5016438961029053,0.6037266254425049,429.70531368255615,0.5016438961029053,0.6037266254425049,429.70531368255615
nc_papers100m_195trainer_0hop_balanced_local_bs16_800r_2,20260914_192750_ogbn-papers100M_FedAvg_bs16_seed42_beta10000p0,ogbn-papers100M,FedAvg,16,42,10000.0,689,validation,0.3037,2.9543,0.3037,2.9543,2067,0.10333251953125,0.10333251953125,0.5142116546630859,0.6175441741943359,430.3228578567505,0.5142116546630859,0.6175441741943359,430.3228578567505
nc_papers100m_195trainer_0hop_balanced_local_bs16_800r_2,20260914_192750_ogbn-papers100M_FedAvg_bs16_seed42_beta10000p0,ogbn-papers100M,FedAvg,16,42,10000.0,690,validation,0.3036,2.9541,0.3036,2.9541,2070,0.10275387763977051,0.10275387763977051,0.5218210220336914,0.6245748996734619,430.94743275642395,0.5218210220336914,0.6245748996734619,430.94743275642395
nc_papers100m_195trainer_0hop_balanced_local_bs16_800r_2,20260914_192750_ogbn-papers100M_FedAvg_bs16_seed42_beta10000p0,ogbn-papers100M,FedAvg,16,42,10000.0,691,validation,0.3037,2.9528,0.3037,2.9528,2073,0.10618948936462402,0.10618948936462402,0.5110785961151123,0.6172680854797363,431.5647008419037,0.5110785961151123,0.6172680854797363,431.5647008419037
nc_papers100m_195trainer_0hop_balanced_local_bs16_800r_2,20260914_192750_ogbn-papers100M_FedAvg_bs16_seed42_beta10000p0,ogbn-papers100M,FedAvg,16,42,10000.0,692,validation,0.3042,2.9526,0.3042,2.9526,2076,0.1024467945098877,0.1024467945098877,0.5098459720611572,0.6122927665710449,432.17699360847473,0.5098459720611572,0.6122927665710449,432.17699360847473
nc_papers100m_195trainer_0hop_balanced_local_bs16_800r_2,20260914_192750_ogbn-papers100M_FedAvg_bs16_seed42_beta10000p0,ogbn-papers100M,FedAvg,16,42,10000.0,693,validation,0.3041,2.9521,0.3041,2.9521,2079,0.10392189025878906,0.10392189025878906,0.502511739730835,0.606433629989624,432.78342723846436,0.502511739730835,0.606433629989624,432.78342723846436
nc_papers100m_195trainer_0hop_balanced_local_bs16_800r_2,20260914_192750_ogbn-papers100M_FedAvg_bs16_seed42_beta10000p0,ogbn-papers100M,FedAvg,16,42,10000.0,694,validation,0.3041,2.9507,0.3041,2.9507,2082,0.10084223747253418,0.10084223747253418,0.5115654468536377,0.6124076843261719,433.3958349227905,0.5115654468536377,0.6124076843261719,433.3958349227905
nc_papers100m_195trainer_0hop_balanced_local_bs16_800r_2,20260914_192750_ogbn-papers100M_FedAvg_bs16_seed42_beta10000p0,ogbn-papers100M,FedAvg,16,42,10000.0,695,validation,0.3033,2.9497,0.3033,2.9497,2085,0.10310745239257812,0.10310745239257812,0.5149798393249512,0.6180872917175293,434.01392221450806,0.5149798393249512,0.6180872917175293,434.01392221450806
nc_papers100m_195trainer_0hop_balanced_local_bs16_800r_2,20260914_192750_ogbn-papers100M_FedAvg_bs16_seed42_beta10000p0,ogbn-papers100M,FedAvg,16,42,10000.0,696,validation,0.3042,2.9488,0.3042,2.9488,2088,0.10339117050170898,0.10339117050170898,0.5114219188690186,0.6148130893707275,434.6287353038788,0.5114219188690186,0.6148130893707275,434.6287353038788
nc_papers100m_195trainer_0hop_balanced_local_bs16_800r_2,20260914_192750_ogbn-papers100M_FedAvg_bs16_seed42_beta10000p0,ogbn-papers100M,FedAvg,16,42,10000.0,697,validation,0.304,2.9482,0.304,2.9482,2091,0.10370159149169922,0.10370159149169922,0.5152812004089355,0.6189827919006348,435.2477180957794,0.5152812004089355,0.6189827919006348,435.2477180957794
nc_papers100m_195trainer_0hop_balanced_local_bs16_800r_2,20260914_192750_ogbn-papers100M_FedAvg_bs16_seed42_beta10000p0,ogbn-papers100M,FedAvg,16,42,10000.0,698,validation,0.3039,2.9478,0.3039,2.9478,2094,0.1030881404876709,0.1030881404876709,0.513817310333252,0.6169054508209229,435.86462354660034,0.513817310333252,0.6169054508209229,435.86462354660034
nc_papers100m_195trainer_0hop_balanced_local_bs16_800r_2,20260914_192750_ogbn-papers100M_FedAvg_bs16_seed42_beta10000p0,ogbn-papers100M,FedAvg,16,42,10000.0,699,validation,0.3044,2.9473,0.3044,2.9473,2097,0.10075998306274414,0.10075998306274414,0.5083301067352295,0.6090900897979736,436.4737136363983,0.5083301067352295,0.6090900897979736,436.4737136363983
nc_papers100m_195trainer_0hop_balanced_local_bs16_800r_2,20260914_192750_ogbn-papers100M_FedAvg_bs16_seed42_beta10000p0,ogbn-papers100M,FedAvg,16,42,10000.0,700,validation,0.3045,2.9457,0.3045,2.9457,2100,0.10381507873535156,0.10381507873535156,0.5182383060455322,0.6220533847808838,437.0957670211792,0.5182383060455322,0.6220533847808838,437.0957670211792
nc_papers100m_195trainer_0hop_balanced_local_bs16_800r_2,20260914_192750_ogbn-papers100M_FedAvg_bs16_seed42_beta10000p0,ogbn-papers100M,FedAvg,16,42,10000.0,701,validation,0.3042,2.9445,0.3042,2.9445,2103,0.10437202453613281,0.10437202453613281,0.5096402168273926,0.6140122413635254,437.7097792625427,0.5096402168273926,0.6140122413635254,437.7097792625427
nc_papers100m_195trainer_0hop_balanced_local_bs16_800r_2,20260914_192750_ogbn-papers100M_FedAvg_bs16_seed42_beta10000p0,ogbn-papers100M,FedAvg,16,42,10000.0,702,validation,0.3052,2.9427,0.3052,2.9427,2106,0.10356569290161133,0.10356569290161133,0.5155222415924072,0.6190879344940186,438.32886719703674,0.5155222415924072,0.6190879344940186,438.32886719703674
nc_papers100m_195trainer_0hop_balanced_local_bs16_800r_2,20260914_192750_ogbn-papers100M_FedAvg_bs16_seed42_beta10000p0,ogbn-papers100M,FedAvg,16,42,10000.0,703,validation,0.3056,2.9425,0.3056,2.9425,2109,0.1019906997680664,0.1019906997680664,0.5194852352142334,0.6214759349822998,438.95034313201904,0.5194852352142334,0.6214759349822998,438.95034313201904
nc_papers100m_195trainer_0hop_balanced_local_bs16_800r_2,20260914_192750_ogbn-papers100M_FedAvg_bs16_seed42_beta10000p0,ogbn-papers100M,FedAvg,16,42,10000.0,704,validation,0.3052,2.9419,0.3052,2.9419,2112,0.10377645492553711,0.10377645492553711,0.5229511260986328,0.6267275810241699,439.5770707130432,0.5229511260986328,0.6267275810241699,439.5770707130432
nc_papers100m_195trainer_0hop_balanced_local_bs16_800r_2,20260914_192750_ogbn-papers100M_FedAvg_bs16_seed42_beta10000p0,ogbn-papers100M,FedAvg,16,42,10000.0,705,validation,0.3054,2.9427,0.3054,2.9427,2115,0.1016225814819336,0.1016225814819336,0.5552058219909668,0.6568284034729004,440.2338991165161,0.5552058219909668,0.6568284034729004,440.2338991165161
nc_papers100m_195trainer_0hop_balanced_local_bs16_800r_2,20260914_192750_ogbn-papers100M_FedAvg_bs16_seed42_beta10000p0,ogbn-papers100M,FedAvg,16,42,10000.0,706,validation,0.3058,2.9426,0.3058,2.9426,2118,0.10387039184570312,0.10387039184570312,0.5032389163970947,0.6071093082427979,440.8410084247589,0.5032389163970947,0.6071093082427979,440.8410084247589
nc_papers100m_195trainer_0hop_balanced_local_bs16_800r_2,20260914_192750_ogbn-papers100M_FedAvg_bs16_seed42_beta10000p0,ogbn-papers100M,FedAvg,16,42,10000.0,707,validation,0.3064,2.9408,0.3064,2.9408,2121,0.10552501678466797,0.10552501678466797,0.5165669918060303,0.6220920085906982,441.4631004333496,0.5165669918060303,0.6220920085906982,441.4631004333496
nc_papers100m_195trainer_0hop_balanced_local_bs16_800r_2,20260914_192750_ogbn-papers100M_FedAvg_bs16_seed42_beta10000p0,ogbn-papers100M,FedAvg,16,42,10000.0,708,validation,0.3062,2.9409,0.3062,2.9409,2124,0.10674452781677246,0.10674452781677246,0.5234720706939697,0.6302165985107422,442.09331703186035,0.5234720706939697,0.6302165985107422,442.09331703186035
nc_papers100m_195trainer_0hop_balanced_local_bs16_800r_2,20260914_192750_ogbn-papers100M_FedAvg_bs16_seed42_beta10000p0,ogbn-papers100M,FedAvg,16,42,10000.0,709,validation,0.3063,2.9396,0.3063,2.9396,2127,0.10323452949523926,0.10323452949523926,0.5125448703765869,0.6157793998718262,442.7090964317322,0.5125448703765869,0.6157793998718262,442.7090964317322
nc_papers100m_195trainer_0hop_balanced_local_bs16_800r_2,20260914_192750_ogbn-papers100M_FedAvg_bs16_seed42_beta10000p0,ogbn-papers100M,FedAvg,16,42,10000.0,710,validation,0.3064,2.9389,0.3064,2.9389,2130,0.10047078132629395,0.10047078132629395,0.5206928253173828,0.6211636066436768,443.33026003837585,0.5206928253173828,0.6211636066436768,443.33026003837585
nc_papers100m_195trainer_0hop_balanced_local_bs16_800r_2,20260914_192750_ogbn-papers100M_FedAvg_bs16_seed42_beta10000p0,ogbn-papers100M,FedAvg,16,42,10000.0,711,validation,0.3062,2.9382,0.3062,2.9382,2133,0.10091137886047363,0.10091137886047363,0.5136709213256836,0.6145823001861572,443.944842338562,0.5136709213256836,0.6145823001861572,443.944842338562
nc_papers100m_195trainer_0hop_balanced_local_bs16_800r_2,20260914_192750_ogbn-papers100M_FedAvg_bs16_seed42_beta10000p0,ogbn-papers100M,FedAvg,16,42,10000.0,712,validation,0.3067,2.9379,0.3067,2.9379,2136,0.10206937789916992,0.10206937789916992,0.5189621448516846,0.6210315227508545,444.56587386131287,0.5189621448516846,0.6210315227508545,444.56587386131287
nc_papers100m_195trainer_0hop_balanced_local_bs16_800r_2,20260914_192750_ogbn-papers100M_FedAvg_bs16_seed42_beta10000p0,ogbn-papers100M,FedAvg,16,42,10000.0,713,validation,0.3067,2.9364,0.3067,2.9364,2139,0.10272860527038574,0.10272860527038574,0.5353028774261475,0.6380314826965332,445.2039053440094,0.5353028774261475,0.6380314826965332,445.2039053440094
nc_papers100m_195trainer_0hop_balanced_local_bs16_800r_2,20260914_192750_ogbn-papers100M_FedAvg_bs16_seed42_beta10000p0,ogbn-papers100M,FedAvg,16,42,10000.0,714,validation,0.3071,2.9356,0.3071,2.9356,2142,0.1051948070526123,0.1051948070526123,0.5200135707855225,0.6252083778381348,445.82911372184753,0.5200135707855225,0.6252083778381348,445.82911372184753
nc_papers100m_195trainer_0hop_balanced_local_bs16_800r_2,20260914_192750_ogbn-papers100M_FedAvg_bs16_seed42_beta10000p0,ogbn-papers100M,FedAvg,16,42,10000.0,715,validation,0.3067,2.9347,0.3067,2.9347,2145,0.10434222221374512,0.10434222221374512,0.5099685192108154,0.6143107414245605,446.4434244632721,0.5099685192108154,0.6143107414245605,446.4434244632721
nc_papers100m_195trainer_0hop_balanced_local_bs16_800r_2,20260914_192750_ogbn-papers100M_FedAvg_bs16_seed42_beta10000p0,ogbn-papers100M,FedAvg,16,42,10000.0,716,validation,0.3068,2.9337,0.3068,2.9337,2148,0.10103583335876465,0.10103583335876465,0.5207765102386475,0.6218123435974121,447.0652368068695,0.5207765102386475,0.6218123435974121,447.0652368068695
nc_papers100m_195trainer_0hop_balanced_local_bs16_800r_2,20260914_192750_ogbn-papers100M_FedAvg_bs16_seed42_beta10000p0,ogbn-papers100M,FedAvg,16,42,10000.0,717,validation,0.3067,2.9317,0.3067,2.9317,2151,0.10401654243469238,0.10401654243469238,0.5220844745635986,0.626101016998291,447.6913378238678,0.5220844745635986,0.626101016998291,447.6913378238678
nc_papers100m_195trainer_0hop_balanced_local_bs16_800r_2,20260914_192750_ogbn-papers100M_FedAvg_bs16_seed42_beta10000p0,ogbn-papers100M,FedAvg,16,42,10000.0,718,validation,0.3072,2.9322,0.3072,2.9322,2154,0.10239195823669434,0.10239195823669434,0.5348927974700928,0.6372847557067871,448.3286225795746,0.5348927974700928,0.6372847557067871,448.3286225795746
nc_papers100m_195trainer_0hop_balanced_local_bs16_800r_2,20260914_192750_ogbn-papers100M_FedAvg_bs16_seed42_beta10000p0,ogbn-papers100M,FedAvg,16,42,10000.0,719,validation,0.3072,2.9317,0.3072,2.9317,2157,0.10318708419799805,0.10318708419799805,0.5267865657806396,0.6299736499786377,448.9585962295532,0.5267865657806396,0.6299736499786377,448.9585962295532
nc_papers100m_195trainer_0hop_balanced_local_bs16_800r_2,20260914_192750_ogbn-papers100M_FedAvg_bs16_seed42_beta10000p0,ogbn-papers100M,FedAvg,16,42,10000.0,720,validation,0.3073,2.9316,0.3073,2.9316,2160,0.10541462898254395,0.10541462898254395,0.5282509326934814,0.6336655616760254,449.59226179122925,0.5282509326934814,0.6336655616760254,449.59226179122925
nc_papers100m_195trainer_0hop_balanced_local_bs16_800r_2,20260914_192750_ogbn-papers100M_FedAvg_bs16_seed42_beta10000p0,ogbn-papers100M,FedAvg,16,42,10000.0,721,validation,0.3074,2.9313,0.3074,2.9313,2163,0.10401797294616699,0.10401797294616699,0.5299887657165527,0.6340067386627197,450.22626852989197,0.5299887657165527,0.6340067386627197,450.22626852989197
nc_papers100m_195trainer_0hop_balanced_local_bs16_800r_2,20260914_192750_ogbn-papers100M_FedAvg_bs16_seed42_beta10000p0,ogbn-papers100M,FedAvg,16,42,10000.0,722,validation,0.3072,2.9317,0.3072,2.9317,2166,0.1019287109375,0.1019287109375,0.55314040184021,0.65506911277771,450.8813376426697,0.55314040184021,0.65506911277771,450.8813376426697
nc_papers100m_195trainer_0hop_balanced_local_bs16_800r_2,20260914_192750_ogbn-papers100M_FedAvg_bs16_seed42_beta10000p0,ogbn-papers100M,FedAvg,16,42,10000.0,723,validation,0.3072,2.9311,0.3072,2.9311,2169,0.10177183151245117,0.10177183151245117,0.532477855682373,0.6342496871948242,451.5155873298645,0.532477855682373,0.6342496871948242,451.5155873298645
nc_papers100m_195trainer_0hop_balanced_local_bs16_800r_2,20260914_192750_ogbn-papers100M_FedAvg_bs16_seed42_beta10000p0,ogbn-papers100M,FedAvg,16,42,10000.0,724,validation,0.308,2.9296,0.308,2.9296,2172,0.10692620277404785,0.10692620277404785,0.5251560211181641,0.6320822238922119,452.1476695537567,0.5251560211181641,0.6320822238922119,452.1476695537567
nc_papers100m_195trainer_0hop_balanced_local_bs16_800r_2,20260914_192750_ogbn-papers100M_FedAvg_bs16_seed42_beta10000p0,ogbn-papers100M,FedAvg,16,42,10000.0,725,validation,0.3077,2.928,0.3077,2.928,2175,0.10692882537841797,0.10692882537841797,0.5237832069396973,0.6307120323181152,452.77838158607483,0.5237832069396973,0.6307120323181152,452.77838158607483
nc_papers100m_195trainer_0hop_balanced_local_bs16_800r_2,20260914_192750_ogbn-papers100M_FedAvg_bs16_seed42_beta10000p0,ogbn-papers100M,FedAvg,16,42,10000.0,726,validation,0.3081,2.9272,0.3081,2.9272,2178,0.10311388969421387,0.10311388969421387,0.5257396697998047,0.6288535594940186,453.40723514556885,0.5257396697998047,0.6288535594940186,453.40723514556885
nc_papers100m_195trainer_0hop_balanced_local_bs16_800r_2,20260914_192750_ogbn-papers100M_FedAvg_bs16_seed42_beta10000p0,ogbn-papers100M,FedAvg,16,42,10000.0,727,validation,0.3083,2.9267,0.3083,2.9267,2181,0.10313224792480469,0.10313224792480469,0.5198442935943604,0.622976541519165,454.030211687088,0.5198442935943604,0.622976541519165,454.030211687088
nc_papers100m_195trainer_0hop_balanced_local_bs16_800r_2,20260914_192750_ogbn-papers100M_FedAvg_bs16_seed42_beta10000p0,ogbn-papers100M,FedAvg,16,42,10000.0,728,validation,0.3086,2.9259,0.3086,2.9259,2184,0.10354042053222656,0.10354042053222656,0.526005744934082,0.6295461654663086,454.6597578525543,0.526005744934082,0.6295461654663086,454.6597578525543
nc_papers100m_195trainer_0hop_balanced_local_bs16_800r_2,20260914_192750_ogbn-papers100M_FedAvg_bs16_seed42_beta10000p0,ogbn-papers100M,FedAvg,16,42,10000.0,729,validation,0.3084,2.9251,0.3084,2.9251,2187,0.10376214981079102,0.10376214981079102,0.5241141319274902,0.6278762817382812,455.2876341342926,0.5241141319274902,0.6278762817382812,455.2876341342926
nc_papers100m_195trainer_0hop_balanced_local_bs16_800r_2,20260914_192750_ogbn-papers100M_FedAvg_bs16_seed42_beta10000p0,ogbn-papers100M,FedAvg,16,42,10000.0,730,validation,0.3088,2.9245,0.3088,2.9245,2190,0.10316920280456543,0.10316920280456543,0.522050142288208,0.6252193450927734,455.9128534793854,0.522050142288208,0.6252193450927734,455.9128534793854
nc_papers100m_195trainer_0hop_balanced_local_bs16_800r_2,20260914_192750_ogbn-papers100M_FedAvg_bs16_seed42_beta10000p0,ogbn-papers100M,FedAvg,16,42,10000.0,731,validation,0.309,2.9244,0.309,2.9244,2193,0.10423707962036133,0.10423707962036133,0.5263338088989258,0.6305708885192871,456.54342436790466,0.5263338088989258,0.6305708885192871,456.54342436790466
nc_papers100m_195trainer_0hop_balanced_local_bs16_800r_2,20260914_192750_ogbn-papers100M_FedAvg_bs16_seed42_beta10000p0,ogbn-papers100M,FedAvg,16,42,10000.0,732,validation,0.3085,2.9244,0.3085,2.9244,2196,0.10400176048278809,0.10400176048278809,0.5341253280639648,0.6381270885467529,457.1815514564514,0.5341253280639648,0.6381270885467529,457.1815514564514
nc_papers100m_195trainer_0hop_balanced_local_bs16_800r_2,20260914_192750_ogbn-papers100M_FedAvg_bs16_seed42_beta10000p0,ogbn-papers100M,FedAvg,16,42,10000.0,733,validation,0.3085,2.9231,0.3085,2.9231,2199,0.10628128051757812,0.10628128051757812,0.5257918834686279,0.632073163986206,457.8136246204376,0.5257918834686279,0.632073163986206,457.8136246204376
nc_papers100m_195trainer_0hop_balanced_local_bs16_800r_2,20260914_192750_ogbn-papers100M_FedAvg_bs16_seed42_beta10000p0,ogbn-papers100M,FedAvg,16,42,10000.0,734,validation,0.3088,2.9223,0.3088,2.9223,2202,0.10335731506347656,0.10335731506347656,0.5207104682922363,0.6240677833557129,458.43769240379333,0.5207104682922363,0.6240677833557129,458.43769240379333
nc_papers100m_195trainer_0hop_balanced_local_bs16_800r_2,20260914_192750_ogbn-papers100M_FedAvg_bs16_seed42_beta10000p0,ogbn-papers100M,FedAvg,16,42,10000.0,735,validation,0.3093,2.9208,0.3093,2.9208,2205,0.10760140419006348,0.10760140419006348,0.5212490558624268,0.6288504600524902,459.0665428638458,0.5212490558624268,0.6288504600524902,459.0665428638458
nc_papers100m_195trainer_0hop_balanced_local_bs16_800r_2,20260914_192750_ogbn-papers100M_FedAvg_bs16_seed42_beta10000p0,ogbn-papers100M,FedAvg,16,42,10000.0,736,validation,0.3093,2.9206,0.3093,2.9206,2208,0.11199307441711426,0.11199307441711426,0.5223369598388672,0.6343300342559814,459.7008728981018,0.5223369598388672,0.6343300342559814,459.7008728981018
nc_papers100m_195trainer_0hop_balanced_local_bs16_800r_2,20260914_192750_ogbn-papers100M_FedAvg_bs16_seed42_beta10000p0,ogbn-papers100M,FedAvg,16,42,10000.0,737,validation,0.3095,2.9204,0.3095,2.9204,2211,0.10247945785522461,0.10247945785522461,0.5256552696228027,0.6281347274780273,460.32900762557983,0.5256552696228027,0.6281347274780273,460.32900762557983
nc_papers100m_195trainer_0hop_balanced_local_bs16_800r_2,20260914_192750_ogbn-papers100M_FedAvg_bs16_seed42_beta10000p0,ogbn-papers100M,FedAvg,16,42,10000.0,738,validation,0.3098,2.9195,0.3098,2.9195,2214,0.10585141181945801,0.10585141181945801,0.5264430046081543,0.6322944164276123,460.96130204200745,0.5264430046081543,0.6322944164276123,460.96130204200745
nc_papers100m_195trainer_0hop_balanced_local_bs16_800r_2,20260914_192750_ogbn-papers100M_FedAvg_bs16_seed42_beta10000p0,ogbn-papers100M,FedAvg,16,42,10000.0,739,validation,0.3102,2.9176,0.3102,2.9176,2217,0.10302376747131348,0.10302376747131348,0.5219430923461914,0.6249668598175049,461.58626890182495,0.5219430923461914,0.6249668598175049,461.58626890182495
nc_papers100m_195trainer_0hop_balanced_local_bs16_800r_2,20260914_192750_ogbn-papers100M_FedAvg_bs16_seed42_beta10000p0,ogbn-papers100M,FedAvg,16,42,10000.0,740,validation,0.31,2.9177,0.31,2.9177,2220,0.10427546501159668,0.10427546501159668,0.528923511505127,0.6331989765167236,462.2194678783417,0.528923511505127,0.6331989765167236,462.2194678783417
nc_papers100m_195trainer_0hop_balanced_local_bs16_800r_2,20260914_192750_ogbn-papers100M_FedAvg_bs16_seed42_beta10000p0,ogbn-papers100M,FedAvg,16,42,10000.0,741,validation,0.3094,2.918,0.3094,2.918,2223,0.10488200187683105,0.10488200187683105,0.5260741710662842,0.6309561729431152,462.8504240512848,0.5260741710662842,0.6309561729431152,462.8504240512848
nc_papers100m_195trainer_0hop_balanced_local_bs16_800r_2,20260914_192750_ogbn-papers100M_FedAvg_bs16_seed42_beta10000p0,ogbn-papers100M,FedAvg,16,42,10000.0,742,validation,0.3098,2.918,0.3098,2.918,2226,0.10308670997619629,0.10308670997619629,0.5353171825408936,0.6384038925170898,463.4888279438019,0.5353171825408936,0.6384038925170898,463.4888279438019
nc_papers100m_195trainer_0hop_balanced_local_bs16_800r_2,20260914_192750_ogbn-papers100M_FedAvg_bs16_seed42_beta10000p0,ogbn-papers100M,FedAvg,16,42,10000.0,743,validation,0.31,2.9163,0.31,2.9163,2229,0.10621404647827148,0.10621404647827148,0.5207962989807129,0.6270103454589844,464.11583828926086,0.5207962989807129,0.6270103454589844,464.11583828926086
nc_papers100m_195trainer_0hop_balanced_local_bs16_800r_2,20260914_192750_ogbn-papers100M_FedAvg_bs16_seed42_beta10000p0,ogbn-papers100M,FedAvg,16,42,10000.0,744,validation,0.31,2.9156,0.31,2.9156,2232,0.10313725471496582,0.10313725471496582,0.5320281982421875,0.6351654529571533,464.751003742218,0.5320281982421875,0.6351654529571533,464.751003742218
nc_papers100m_195trainer_0hop_balanced_local_bs16_800r_2,20260914_192750_ogbn-papers100M_FedAvg_bs16_seed42_beta10000p0,ogbn-papers100M,FedAvg,16,42,10000.0,745,validation,0.3096,2.915,0.3096,2.915,2235,0.10396194458007812,0.10396194458007812,0.5271916389465332,0.6311535835266113,465.38215732574463,0.5271916389465332,0.6311535835266113,465.38215732574463
nc_papers100m_195trainer_0hop_balanced_local_bs16_800r_2,20260914_192750_ogbn-papers100M_FedAvg_bs16_seed42_beta10000p0,ogbn-papers100M,FedAvg,16,42,10000.0,746,validation,0.3102,2.9143,0.3102,2.9143,2238,0.10307598114013672,0.10307598114013672,0.5376856327056885,0.6407616138458252,466.02291893959045,0.5376856327056885,0.6407616138458252,466.02291893959045
nc_papers100m_195trainer_0hop_balanced_local_bs16_800r_2,20260914_192750_ogbn-papers100M_FedAvg_bs16_seed42_beta10000p0,ogbn-papers100M,FedAvg,16,42,10000.0,747,validation,0.3102,2.9144,0.3102,2.9144,2241,0.1048431396484375,0.1048431396484375,0.523162841796875,0.6280059814453125,466.65092492103577,0.523162841796875,0.6280059814453125,466.65092492103577
nc_papers100m_195trainer_0hop_balanced_local_bs16_800r_2,20260914_192750_ogbn-papers100M_FedAvg_bs16_seed42_beta10000p0,ogbn-papers100M,FedAvg,16,42,10000.0,748,validation,0.3105,2.9139,0.3105,2.9139,2244,0.10264706611633301,0.10264706611633301,0.5264301300048828,0.6290771961212158,467.280002117157,0.5264301300048828,0.6290771961212158,467.280002117157
nc_papers100m_195trainer_0hop_balanced_local_bs16_800r_2,20260914_192750_ogbn-papers100M_FedAvg_bs16_seed42_beta10000p0,ogbn-papers100M,FedAvg,16,42,10000.0,749,validation,0.3104,2.9125,0.3104,2.9125,2247,0.10237526893615723,0.10237526893615723,0.5235617160797119,0.6259369850158691,467.90593910217285,0.5235617160797119,0.6259369850158691,467.90593910217285
nc_papers100m_195trainer_0hop_balanced_local_bs16_800r_2,20260914_192750_ogbn-papers100M_FedAvg_bs16_seed42_beta10000p0,ogbn-papers100M,FedAvg,16,42,10000.0,750,validation,0.3102,2.9123,0.3102,2.9123,2250,0.10363888740539551,0.10363888740539551,0.5186219215393066,0.6222608089447021,468.52819991111755,0.5186219215393066,0.6222608089447021,468.52819991111755
nc_papers100m_195trainer_0hop_balanced_local_bs16_800r_2,20260914_192750_ogbn-papers100M_FedAvg_bs16_seed42_beta10000p0,ogbn-papers100M,FedAvg,16,42,10000.0,751,validation,0.3107,2.9121,0.3107,2.9121,2253,0.10183072090148926,0.10183072090148926,0.5339927673339844,0.6358234882354736,469.164023399353,0.5339927673339844,0.6358234882354736,469.164023399353
nc_papers100m_195trainer_0hop_balanced_local_bs16_800r_2,20260914_192750_ogbn-papers100M_FedAvg_bs16_seed42_beta10000p0,ogbn-papers100M,FedAvg,16,42,10000.0,752,validation,0.3102,2.9115,0.3102,2.9115,2256,0.10367250442504883,0.10367250442504883,0.5319578647613525,0.6356303691864014,469.79965376853943,0.5319578647613525,0.6356303691864014,469.79965376853943
nc_papers100m_195trainer_0hop_balanced_local_bs16_800r_2,20260914_192750_ogbn-papers100M_FedAvg_bs16_seed42_beta10000p0,ogbn-papers100M,FedAvg,16,42,10000.0,753,validation,0.3108,2.9111,0.3108,2.9111,2259,0.1032261848449707,0.1032261848449707,0.5149919986724854,0.618218183517456,470.4178719520569,0.5149919986724854,0.618218183517456,470.4178719520569
nc_papers100m_195trainer_0hop_balanced_local_bs16_800r_2,20260914_192750_ogbn-papers100M_FedAvg_bs16_seed42_beta10000p0,ogbn-papers100M,FedAvg,16,42,10000.0,754,validation,0.3108,2.9102,0.3108,2.9102,2262,0.10532331466674805,0.10532331466674805,0.5232222080230713,0.6285455226898193,471.0464174747467,0.5232222080230713,0.6285455226898193,471.0464174747467
nc_papers100m_195trainer_0hop_balanced_local_bs16_800r_2,20260914_192750_ogbn-papers100M_FedAvg_bs16_seed42_beta10000p0,ogbn-papers100M,FedAvg,16,42,10000.0,755,validation,0.3104,2.9102,0.3104,2.9102,2265,0.10447478294372559,0.10447478294372559,0.5331075191497803,0.6375823020935059,471.6839997768402,0.5331075191497803,0.6375823020935059,471.6839997768402
nc_papers100m_195trainer_0hop_balanced_local_bs16_800r_2,20260914_192750_ogbn-papers100M_FedAvg_bs16_seed42_beta10000p0,ogbn-papers100M,FedAvg,16,42,10000.0,756,validation,0.3103,2.9086,0.3103,2.9086,2268,0.10353350639343262,0.10353350639343262,0.5290968418121338,0.6326303482055664,472.3166301250458,0.5290968418121338,0.6326303482055664,472.3166301250458
nc_papers100m_195trainer_0hop_balanced_local_bs16_800r_2,20260914_192750_ogbn-papers100M_FedAvg_bs16_seed42_beta10000p0,ogbn-papers100M,FedAvg,16,42,10000.0,757,validation,0.3115,2.9078,0.3115,2.9078,2271,0.10277700424194336,0.10277700424194336,0.523184061050415,0.6259610652923584,472.94259119033813,0.523184061050415,0.6259610652923584,472.94259119033813
nc_papers100m_195trainer_0hop_balanced_local_bs16_800r_2,20260914_192750_ogbn-papers100M_FedAvg_bs16_seed42_beta10000p0,ogbn-papers100M,FedAvg,16,42,10000.0,758,validation,0.3111,2.9077,0.3111,2.9077,2274,0.10168027877807617,0.10168027877807617,0.5201349258422852,0.6218152046203613,473.5644063949585,0.5201349258422852,0.6218152046203613,473.5644063949585
nc_papers100m_195trainer_0hop_balanced_local_bs16_800r_2,20260914_192750_ogbn-papers100M_FedAvg_bs16_seed42_beta10000p0,ogbn-papers100M,FedAvg,16,42,10000.0,759,validation,0.3111,2.9077,0.3111,2.9077,2277,0.10233139991760254,0.10233139991760254,0.51961350440979,0.6219449043273926,474.1863512992859,0.51961350440979,0.6219449043273926,474.1863512992859
nc_papers100m_195trainer_0hop_balanced_local_bs16_800r_2,20260914_192750_ogbn-papers100M_FedAvg_bs16_seed42_beta10000p0,ogbn-papers100M,FedAvg,16,42,10000.0,760,validation,0.3112,2.9071,0.3112,2.9071,2280,0.10363888740539551,0.10363888740539551,0.5256962776184082,0.6293351650238037,474.8156864643097,0.5256962776184082,0.6293351650238037,474.8156864643097
nc_papers100m_195trainer_0hop_balanced_local_bs16_800r_2,20260914_192750_ogbn-papers100M_FedAvg_bs16_seed42_beta10000p0,ogbn-papers100M,FedAvg,16,42,10000.0,761,validation,0.3117,2.9057,0.3117,2.9057,2283,0.10249161720275879,0.10249161720275879,0.5231578350067139,0.6256494522094727,475.44133591651917,0.5231578350067139,0.6256494522094727,475.44133591651917
nc_papers100m_195trainer_0hop_balanced_local_bs16_800r_2,20260914_192750_ogbn-papers100M_FedAvg_bs16_seed42_beta10000p0,ogbn-papers100M,FedAvg,16,42,10000.0,762,validation,0.3118,2.9049,0.3118,2.9049,2286,0.10306549072265625,0.10306549072265625,0.5291924476623535,0.6322579383850098,476.0735938549042,0.5291924476623535,0.6322579383850098,476.0735938549042
nc_papers100m_195trainer_0hop_balanced_local_bs16_800r_2,20260914_192750_ogbn-papers100M_FedAvg_bs16_seed42_beta10000p0,ogbn-papers100M,FedAvg,16,42,10000.0,763,validation,0.312,2.9035,0.312,2.9035,2289,0.10270047187805176,0.10270047187805176,0.5143163204193115,0.6170167922973633,476.69061064720154,0.5143163204193115,0.6170167922973633,476.69061064720154
nc_papers100m_195trainer_0hop_balanced_local_bs16_800r_2,20260914_192750_ogbn-papers100M_FedAvg_bs16_seed42_beta10000p0,ogbn-papers100M,FedAvg,16,42,10000.0,764,validation,0.3118,2.904,0.3118,2.904,2292,0.10279130935668945,0.10279130935668945,0.528892993927002,0.6316843032836914,477.32229495048523,0.528892993927002,0.6316843032836914,477.32229495048523
nc_papers100m_195trainer_0hop_balanced_local_bs16_800r_2,20260914_192750_ogbn-papers100M_FedAvg_bs16_seed42_beta10000p0,ogbn-papers100M,FedAvg,16,42,10000.0,765,validation,0.3119,2.9038,0.3119,2.9038,2295,0.10313534736633301,0.10313534736633301,0.5312519073486328,0.6343872547149658,477.9566822052002,0.5312519073486328,0.6343872547149658,477.9566822052002
nc_papers100m_195trainer_0hop_balanced_local_bs16_800r_2,20260914_192750_ogbn-papers100M_FedAvg_bs16_seed42_beta10000p0,ogbn-papers100M,FedAvg,16,42,10000.0,766,validation,0.3122,2.9039,0.3122,2.9039,2298,0.10241365432739258,0.10241365432739258,0.521099328994751,0.6235129833221436,478.58019518852234,0.521099328994751,0.6235129833221436,478.58019518852234
nc_papers100m_195trainer_0hop_balanced_local_bs16_800r_2,20260914_192750_ogbn-papers100M_FedAvg_bs16_seed42_beta10000p0,ogbn-papers100M,FedAvg,16,42,10000.0,767,validation,0.3121,2.9032,0.3121,2.9032,2301,0.10286784172058105,0.10286784172058105,0.5153021812438965,0.6181700229644775,479.1983652114868,0.5153021812438965,0.6181700229644775,479.1983652114868
nc_papers100m_195trainer_0hop_balanced_local_bs16_800r_2,20260914_192750_ogbn-papers100M_FedAvg_bs16_seed42_beta10000p0,ogbn-papers100M,FedAvg,16,42,10000.0,768,validation,0.3123,2.9023,0.3123,2.9023,2304,0.10346221923828125,0.10346221923828125,0.5274674892425537,0.630929708480835,479.82929491996765,0.5274674892425537,0.630929708480835,479.82929491996765
nc_papers100m_195trainer_0hop_balanced_local_bs16_800r_2,20260914_192750_ogbn-papers100M_FedAvg_bs16_seed42_beta10000p0,ogbn-papers100M,FedAvg,16,42,10000.0,769,validation,0.3121,2.9013,0.3121,2.9013,2307,0.10563135147094727,0.10563135147094727,0.5325338840484619,0.6381652355194092,480.46746015548706,0.5325338840484619,0.6381652355194092,480.46746015548706
nc_papers100m_195trainer_0hop_balanced_local_bs16_800r_2,20260914_192750_ogbn-papers100M_FedAvg_bs16_seed42_beta10000p0,ogbn-papers100M,FedAvg,16,42,10000.0,770,validation,0.3127,2.9005,0.3127,2.9005,2310,0.10552620887756348,0.10552620887756348,0.5457115173339844,0.6512377262115479,481.1186978816986,0.5457115173339844,0.6512377262115479,481.1186978816986
nc_papers100m_195trainer_0hop_balanced_local_bs16_800r_2,20260914_192750_ogbn-papers100M_FedAvg_bs16_seed42_beta10000p0,ogbn-papers100M,FedAvg,16,42,10000.0,771,validation,0.3121,2.9003,0.3121,2.9003,2313,0.104766845703125,0.104766845703125,0.5140812397003174,0.6188480854034424,481.73754596710205,0.5140812397003174,0.6188480854034424,481.73754596710205
nc_papers100m_195trainer_0hop_balanced_local_bs16_800r_2,20260914_192750_ogbn-papers100M_FedAvg_bs16_seed42_beta10000p0,ogbn-papers100M,FedAvg,16,42,10000.0,772,validation,0.3125,2.9003,0.3125,2.9003,2316,0.10497426986694336,0.10497426986694336,0.5110359191894531,0.6160101890563965,482.35355615615845,0.5110359191894531,0.6160101890563965,482.35355615615845
nc_papers100m_195trainer_0hop_balanced_local_bs16_800r_2,20260914_192750_ogbn-papers100M_FedAvg_bs16_seed42_beta10000p0,ogbn-papers100M,FedAvg,16,42,10000.0,773,validation,0.3125,2.8995,0.3125,2.8995,2319,0.10280513763427734,0.10280513763427734,0.522352933883667,0.6251580715179443,482.9787142276764,0.522352933883667,0.6251580715179443,482.9787142276764
nc_papers100m_195trainer_0hop_balanced_local_bs16_800r_2,20260914_192750_ogbn-papers100M_FedAvg_bs16_seed42_beta10000p0,ogbn-papers100M,FedAvg,16,42,10000.0,774,validation,0.3125,2.8985,0.3125,2.8985,2322,0.1059412956237793,0.1059412956237793,0.5197644233703613,0.6257057189941406,483.60441994667053,0.5197644233703613,0.6257057189941406,483.60441994667053
nc_papers100m_195trainer_0hop_balanced_local_bs16_800r_2,20260914_192750_ogbn-papers100M_FedAvg_bs16_seed42_beta10000p0,ogbn-papers100M,FedAvg,16,42,10000.0,775,validation,0.3126,2.8984,0.3126,2.8984,2325,0.10221457481384277,0.10221457481384277,0.5184524059295654,0.6206669807434082,484.22508692741394,0.5184524059295654,0.6206669807434082,484.22508692741394
nc_papers100m_195trainer_0hop_balanced_local_bs16_800r_2,20260914_192750_ogbn-papers100M_FedAvg_bs16_seed42_beta10000p0,ogbn-papers100M,FedAvg,16,42,10000.0,776,validation,0.3129,2.8983,0.3129,2.8983,2328,0.10247278213500977,0.10247278213500977,0.5129909515380859,0.6154637336730957,484.84055066108704,0.5129909515380859,0.6154637336730957,484.84055066108704
nc_papers100m_195trainer_0hop_balanced_local_bs16_800r_2,20260914_192750_ogbn-papers100M_FedAvg_bs16_seed42_beta10000p0,ogbn-papers100M,FedAvg,16,42,10000.0,777,validation,0.313,2.8964,0.313,2.8964,2331,0.10276412963867188,0.10276412963867188,0.5169010162353516,0.6196651458740234,485.46021580696106,0.5169010162353516,0.6196651458740234,485.46021580696106
nc_papers100m_195trainer_0hop_balanced_local_bs16_800r_2,20260914_192750_ogbn-papers100M_FedAvg_bs16_seed42_beta10000p0,ogbn-papers100M,FedAvg,16,42,10000.0,778,validation,0.3132,2.8957,0.3132,2.8957,2334,0.10180139541625977,0.10180139541625977,0.532712459564209,0.6345138549804688,486.0947296619415,0.532712459564209,0.6345138549804688,486.0947296619415
nc_papers100m_195trainer_0hop_balanced_local_bs16_800r_2,20260914_192750_ogbn-papers100M_FedAvg_bs16_seed42_beta10000p0,ogbn-papers100M,FedAvg,16,42,10000.0,779,validation,0.3134,2.895,0.3134,2.895,2337,0.10477638244628906,0.10477638244628906,0.5178649425506592,0.6226413249969482,486.7173709869385,0.5178649425506592,0.6226413249969482,486.7173709869385
nc_papers100m_195trainer_0hop_balanced_local_bs16_800r_2,20260914_192750_ogbn-papers100M_FedAvg_bs16_seed42_beta10000p0,ogbn-papers100M,FedAvg,16,42,10000.0,780,validation,0.3137,2.8932,0.3137,2.8932,2340,0.10232758522033691,0.10232758522033691,0.5093209743499756,0.6116485595703125,487.3290195465088,0.5093209743499756,0.6116485595703125,487.3290195465088
nc_papers100m_195trainer_0hop_balanced_local_bs16_800r_2,20260914_192750_ogbn-papers100M_FedAvg_bs16_seed42_beta10000p0,ogbn-papers100M,FedAvg,16,42,10000.0,781,validation,0.3137,2.8936,0.3137,2.8936,2343,0.10282230377197266,0.10282230377197266,0.5136854648590088,0.6165077686309814,487.94552731513977,0.5136854648590088,0.6165077686309814,487.94552731513977
nc_papers100m_195trainer_0hop_balanced_local_bs16_800r_2,20260914_192750_ogbn-papers100M_FedAvg_bs16_seed42_beta10000p0,ogbn-papers100M,FedAvg,16,42,10000.0,782,validation,0.3137,2.8936,0.3137,2.8936,2346,0.10367107391357422,0.10367107391357422,0.5132980346679688,0.616969108581543,488.5624964237213,0.5132980346679688,0.616969108581543,488.5624964237213
nc_papers100m_195trainer_0hop_balanced_local_bs16_800r_2,20260914_192750_ogbn-papers100M_FedAvg_bs16_seed42_beta10000p0,ogbn-papers100M,FedAvg,16,42,10000.0,783,validation,0.3144,2.8914,0.3144,2.8914,2349,0.10643172264099121,0.10643172264099121,0.5254571437835693,0.6318888664245605,489.1943852901459,0.5254571437835693,0.6318888664245605,489.1943852901459
nc_papers100m_195trainer_0hop_balanced_local_bs16_800r_2,20260914_192750_ogbn-papers100M_FedAvg_bs16_seed42_beta10000p0,ogbn-papers100M,FedAvg,16,42,10000.0,784,validation,0.3147,2.8898,0.3147,2.8898,2352,0.10602498054504395,0.10602498054504395,0.5161833763122559,0.6222083568572998,489.8165936470032,0.5161833763122559,0.6222083568572998,489.8165936470032
nc_papers100m_195trainer_0hop_balanced_local_bs16_800r_2,20260914_192750_ogbn-papers100M_FedAvg_bs16_seed42_beta10000p0,ogbn-papers100M,FedAvg,16,42,10000.0,785,validation,0.3144,2.8901,0.3144,2.8901,2355,0.10387277603149414,0.10387277603149414,0.5180983543395996,0.6219711303710938,490.43856477737427,0.5180983543395996,0.6219711303710938,490.43856477737427
nc_papers100m_195trainer_0hop_balanced_local_bs16_800r_2,20260914_192750_ogbn-papers100M_FedAvg_bs16_seed42_beta10000p0,ogbn-papers100M,FedAvg,16,42,10000.0,786,validation,0.3144,2.8899,0.3144,2.8899,2358,0.10305547714233398,0.10305547714233398,0.5111284255981445,0.6141839027404785,491.05274868011475,0.5111284255981445,0.6141839027404785,491.05274868011475
nc_papers100m_195trainer_0hop_balanced_local_bs16_800r_2,20260914_192750_ogbn-papers100M_FedAvg_bs16_seed42_beta10000p0,ogbn-papers100M,FedAvg,16,42,10000.0,787,validation,0.3139,2.8909,0.3139,2.8909,2361,0.10194540023803711,0.10194540023803711,0.5087454319000244,0.6106908321380615,491.6634395122528,0.5087454319000244,0.6106908321380615,491.6634395122528
nc_papers100m_195trainer_0hop_balanced_local_bs16_800r_2,20260914_192750_ogbn-papers100M_FedAvg_bs16_seed42_beta10000p0,ogbn-papers100M,FedAvg,16,42,10000.0,788,validation,0.3144,2.8897,0.3144,2.8897,2364,0.10327553749084473,0.10327553749084473,0.5191810131072998,0.6224565505981445,492.28589606285095,0.5191810131072998,0.6224565505981445,492.28589606285095
nc_papers100m_195trainer_0hop_balanced_local_bs16_800r_2,20260914_192750_ogbn-papers100M_FedAvg_bs16_seed42_beta10000p0,ogbn-papers100M,FedAvg,16,42,10000.0,789,validation,0.3142,2.8897,0.3142,2.8897,2367,0.10578775405883789,0.10578775405883789,0.5251634120941162,0.6309511661529541,492.9168472290039,0.5251634120941162,0.6309511661529541,492.9168472290039
nc_papers100m_195trainer_0hop_balanced_local_bs16_800r_2,20260914_192750_ogbn-papers100M_FedAvg_bs16_seed42_beta10000p0,ogbn-papers100M,FedAvg,16,42,10000.0,790,validation,0.3145,2.8892,0.3145,2.8892,2370,0.10274052619934082,0.10274052619934082,0.512580156326294,0.6153206825256348,493.53216791152954,0.512580156326294,0.6153206825256348,493.53216791152954
nc_papers100m_195trainer_0hop_balanced_local_bs16_800r_2,20260914_192750_ogbn-papers100M_FedAvg_bs16_seed42_beta10000p0,ogbn-papers100M,FedAvg,16,42,10000.0,791,validation,0.3142,2.8882,0.3142,2.8882,2373,0.10458159446716309,0.10458159446716309,0.5147373676300049,0.619318962097168,494.1514868736267,0.5147373676300049,0.619318962097168,494.1514868736267
nc_papers100m_195trainer_0hop_balanced_local_bs16_800r_2,20260914_192750_ogbn-papers100M_FedAvg_bs16_seed42_beta10000p0,ogbn-papers100M,FedAvg,16,42,10000.0,792,validation,0.315,2.8876,0.315,2.8876,2376,0.10157442092895508,0.10157442092895508,0.5136773586273193,0.6152517795562744,494.766738653183,0.5136773586273193,0.6152517795562744,494.766738653183
nc_papers100m_195trainer_0hop_balanced_local_bs16_800r_2,20260914_192750_ogbn-papers100M_FedAvg_bs16_seed42_beta10000p0,ogbn-papers100M,FedAvg,16,42,10000.0,793,validation,0.3144,2.8874,0.3144,2.8874,2379,0.10381078720092773,0.10381078720092773,0.518470048904419,0.6222808361053467,495.38901948928833,0.518470048904419,0.6222808361053467,495.38901948928833
nc_papers100m_195trainer_0hop_balanced_local_bs16_800r_2,20260914_192750_ogbn-papers100M_FedAvg_bs16_seed42_beta10000p0,ogbn-papers100M,FedAvg,16,42,10000.0,794,validation,0.3146,2.8866,0.3146,2.8866,2382,0.10205435752868652,0.10205435752868652,0.6807188987731934,0.7827732563018799,496.1717927455902,0.6807188987731934,0.7827732563018799,496.1717927455902
nc_papers100m_195trainer_0hop_balanced_local_bs16_800r_2,20260914_192750_ogbn-papers100M_FedAvg_bs16_seed42_beta10000p0,ogbn-papers100M,FedAvg,16,42,10000.0,795,validation,0.315,2.8856,0.315,2.8856,2385,0.10659122467041016,0.10659122467041016,0.5108129978179932,0.6174042224884033,496.7891969680786,0.5108129978179932,0.6174042224884033,496.7891969680786
nc_papers100m_195trainer_0hop_balanced_local_bs16_800r_2,20260914_192750_ogbn-papers100M_FedAvg_bs16_seed42_beta10000p0,ogbn-papers100M,FedAvg,16,42,10000.0,796,validation,0.3155,2.8837,0.3155,2.8837,2388,0.10495686531066895,0.10495686531066895,0.5127308368682861,0.6176877021789551,497.40688467025757,0.5127308368682861,0.6176877021789551,497.40688467025757
nc_papers100m_195trainer_0hop_balanced_local_bs16_800r_2,20260914_192750_ogbn-papers100M_FedAvg_bs16_seed42_beta10000p0,ogbn-papers100M,FedAvg,16,42,10000.0,797,validation,0.3153,2.8834,0.3153,2.8834,2391,0.10103201866149902,0.10103201866149902,0.5132012367248535,0.6142332553863525,498.0211179256439,0.5132012367248535,0.6142332553863525,498.0211179256439
nc_papers100m_195trainer_0hop_balanced_local_bs16_800r_2,20260914_192750_ogbn-papers100M_FedAvg_bs16_seed42_beta10000p0,ogbn-papers100M,FedAvg,16,42,10000.0,798,validation,0.3158,2.8837,0.3158,2.8837,2394,0.10592174530029297,0.10592174530029297,0.5166795253753662,0.6226012706756592,498.6437191963196,0.5166795253753662,0.6226012706756592,498.6437191963196
nc_papers100m_195trainer_0hop_balanced_local_bs16_800r_2,20260914_192750_ogbn-papers100M_FedAvg_bs16_seed42_beta10000p0,ogbn-papers100M,FedAvg,16,42,10000.0,799,validation,0.3155,2.883,0.3155,2.883,2397,0.10606575012207031,0.10606575012207031,0.5121285915374756,0.6181943416595459,499.2619135379791,0.5121285915374756,0.6181943416595459,499.2619135379791
nc_papers100m_195trainer_0hop_balanced_local_bs16_800r_2,20260914_192750_ogbn-papers100M_FedAvg_bs16_seed42_beta10000p0,ogbn-papers100M,FedAvg,16,42,10000.0,800,validation,0.3153,2.8818,0.3153,2.8818,2400,0.10615682601928711,0.10615682601928711,0.5198931694030762,0.6260499954223633,499.8879635334015,0.5198931694030762,0.6260499954223633,499.8879635334015
