batch_size,trainer_id,memory_metric,memory_bytes,memory_mib,node_count,internal_edge_count,snapshot_count,run_id,nodes_fit_inlier,edges_fit_inlier
16,0,process_peak_rss_bytes,1594466304,1520.6015625,569539,42085,165,20260914_192750_ogbn-papers100M_FedAvg_bs16_seed42_beta10000p0,True,False
16,1,process_peak_rss_bytes,1594249216,1520.39453125,569539,42192,165,20260914_192750_ogbn-papers100M_FedAvg_bs16_seed42_beta10000p0,True,False
16,2,process_peak_rss_bytes,1613901824,1539.13671875,569539,42649,165,20260914_192750_ogbn-papers100M_FedAvg_bs16_seed42_beta10000p0,True,True
16,3,process_peak_rss_bytes,1603248128,1528.9765625,569539,42566,165,20260914_192750_ogbn-papers100M_FedAvg_bs16_seed42_beta10000p0,True,False
16,4,process_peak_rss_bytes,1603256320,1528.984375,569539,42106,165,20260914_192750_ogbn-papers100M_FedAvg_bs16_seed42_beta10000p0,True,False
16,5,process_peak_rss_bytes,1610510336,1535.90234375,569539,42478,165,20260914_192750_ogbn-papers100M_FedAvg_bs16_seed42_beta10000p0,True,True
16,6,process_peak_rss_bytes,1593708544,1519.87890625,569539,41630,165,20260914_192750_ogbn-papers100M_FedAvg_bs16_seed42_beta10000p0,True,False
16,7,process_peak_rss_bytes,1609973760,1535.390625,569539,42632,165,20260914_192750_ogbn-papers100M_FedAvg_bs16_seed42_beta10000p0,True,True
16,8,process_peak_rss_bytes,1600524288,1526.37890625,569539,41951,165,20260914_192750_ogbn-papers100M_FedAvg_bs16_seed42_beta10000p0,True,False
16,9,process_peak_rss_bytes,1574703104,1501.75390625,569539,43121,165,20260914_192750_ogbn-papers100M_FedAvg_bs16_seed42_beta10000p0,True,False
16,10,process_peak_rss_bytes,1636220928,1560.421875,569539,42455,165,20260914_192750_ogbn-papers100M_FedAvg_bs16_seed42_beta10000p0,True,True
16,11,process_peak_rss_bytes,1601519616,1527.328125,569539,42613,165,20260914_192750_ogbn-papers100M_FedAvg_bs16_seed42_beta10000p0,True,False
16,12,process_peak_rss_bytes,1629556736,1554.06640625,569539,42902,165,20260914_192750_ogbn-papers100M_FedAvg_bs16_seed42_beta10000p0,True,True
16,13,process_peak_rss_bytes,1609764864,1535.19140625,569539,42317,165,20260914_192750_ogbn-papers100M_FedAvg_bs16_seed42_beta10000p0,True,True
16,14,process_peak_rss_bytes,1602895872,1528.640625,569539,42296,165,20260914_192750_ogbn-papers100M_FedAvg_bs16_seed42_beta10000p0,True,False
16,15,process_peak_rss_bytes,1595752448,1521.828125,569539,42146,165,20260914_192750_ogbn-papers100M_FedAvg_bs16_seed42_beta10000p0,True,False
16,16,process_peak_rss_bytes,1627545600,1552.1484375,569539,41922,165,20260914_192750_ogbn-papers100M_FedAvg_bs16_seed42_beta10000p0,True,True
16,17,process_peak_rss_bytes,1625284608,1549.9921875,569539,42390,165,20260914_192750_ogbn-papers100M_FedAvg_bs16_seed42_beta10000p0,True,True
16,18,process_peak_rss_bytes,1599811584,1525.69921875,569539,41847,165,20260914_192750_ogbn-papers100M_FedAvg_bs16_seed42_beta10000p0,True,False
16,19,process_peak_rss_bytes,1612312576,1537.62109375,569539,42582,165,20260914_192750_ogbn-papers100M_FedAvg_bs16_seed42_beta10000p0,True,True
16,20,process_peak_rss_bytes,1618526208,1543.546875,569539,42966,165,20260914_192750_ogbn-papers100M_FedAvg_bs16_seed42_beta10000p0,True,True
16,21,process_peak_rss_bytes,1581346816,1508.08984375,569539,42584,165,20260914_192750_ogbn-papers100M_FedAvg_bs16_seed42_beta10000p0,True,False
16,22,process_peak_rss_bytes,1605423104,1531.05078125,569539,42003,165,20260914_192750_ogbn-papers100M_FedAvg_bs16_seed42_beta10000p0,True,False
16,23,process_peak_rss_bytes,1632337920,1556.71875,569539,42415,165,20260914_192750_ogbn-papers100M_FedAvg_bs16_seed42_beta10000p0,True,True
16,24,process_peak_rss_bytes,1599938560,1525.8203125,569539,41850,165,20260914_192750_ogbn-papers100M_FedAvg_bs16_seed42_beta10000p0,True,False
16,25,process_peak_rss_bytes,1593237504,1519.4296875,569539,42152,165,20260914_192750_ogbn-papers100M_FedAvg_bs16_seed42_beta10000p0,True,False
16,26,process_peak_rss_bytes,1618010112,1543.0546875,569539,42344,165,20260914_192750_ogbn-papers100M_FedAvg_bs16_seed42_beta10000p0,True,True
16,27,process_peak_rss_bytes,1616588800,1541.69921875,569539,42322,165,20260914_192750_ogbn-papers100M_FedAvg_bs16_seed42_beta10000p0,True,True
16,28,process_peak_rss_bytes,1592291328,1518.52734375,569539,43060,165,20260914_192750_ogbn-papers100M_FedAvg_bs16_seed42_beta10000p0,True,False
16,29,process_peak_rss_bytes,1587003392,1513.484375,569539,43189,165,20260914_192750_ogbn-papers100M_FedAvg_bs16_seed42_beta10000p0,True,False
16,30,process_peak_rss_bytes,1633882112,1558.19140625,569539,42646,165,20260914_192750_ogbn-papers100M_FedAvg_bs16_seed42_beta10000p0,True,True
16,31,process_peak_rss_bytes,1614131200,1539.35546875,569539,42757,165,20260914_192750_ogbn-papers100M_FedAvg_bs16_seed42_beta10000p0,True,True
16,32,process_peak_rss_bytes,1604608000,1530.2734375,569539,42148,165,20260914_192750_ogbn-papers100M_FedAvg_bs16_seed42_beta10000p0,True,False
16,33,process_peak_rss_bytes,1616429056,1541.546875,569539,43164,165,20260914_192750_ogbn-papers100M_FedAvg_bs16_seed42_beta10000p0,True,True
16,34,process_peak_rss_bytes,1623580672,1548.3671875,569539,42454,165,20260914_192750_ogbn-papers100M_FedAvg_bs16_seed42_beta10000p0,True,True
16,35,process_peak_rss_bytes,1626058752,1550.73046875,569539,43289,165,20260914_192750_ogbn-papers100M_FedAvg_bs16_seed42_beta10000p0,True,True
16,36,process_peak_rss_bytes,1607393280,1532.9296875,569539,42743,165,20260914_192750_ogbn-papers100M_FedAvg_bs16_seed42_beta10000p0,True,True
16,37,process_peak_rss_bytes,1599475712,1525.37890625,569539,42489,165,20260914_192750_ogbn-papers100M_FedAvg_bs16_seed42_beta10000p0,True,False
16,38,process_peak_rss_bytes,1592328192,1518.5625,569539,43384,165,20260914_192750_ogbn-papers100M_FedAvg_bs16_seed42_beta10000p0,True,False
16,39,process_peak_rss_bytes,1609039872,1534.5,569539,43634,165,20260914_192750_ogbn-papers100M_FedAvg_bs16_seed42_beta10000p0,True,True
16,40,process_peak_rss_bytes,1606619136,1532.19140625,569539,42548,165,20260914_192750_ogbn-papers100M_FedAvg_bs16_seed42_beta10000p0,True,True
16,41,process_peak_rss_bytes,1590611968,1516.92578125,569539,42113,165,20260914_192750_ogbn-papers100M_FedAvg_bs16_seed42_beta10000p0,True,False
16,42,process_peak_rss_bytes,1595314176,1521.41015625,569539,42360,165,20260914_192750_ogbn-papers100M_FedAvg_bs16_seed42_beta10000p0,True,False
16,43,process_peak_rss_bytes,1587093504,1513.5703125,569539,42194,165,20260914_192750_ogbn-papers100M_FedAvg_bs16_seed42_beta10000p0,True,False
16,44,process_peak_rss_bytes,1601437696,1527.25,569539,42371,165,20260914_192750_ogbn-papers100M_FedAvg_bs16_seed42_beta10000p0,True,False
16,45,process_peak_rss_bytes,1607553024,1533.08203125,569539,42610,165,20260914_192750_ogbn-papers100M_FedAvg_bs16_seed42_beta10000p0,True,True
16,46,process_peak_rss_bytes,1645682688,1569.4453125,569538,42482,165,20260914_192750_ogbn-papers100M_FedAvg_bs16_seed42_beta10000p0,True,True
16,47,process_peak_rss_bytes,1676677120,1599.00390625,569538,42568,165,20260914_192750_ogbn-papers100M_FedAvg_bs16_seed42_beta10000p0,True,True
16,48,process_peak_rss_bytes,1668907008,1591.59375,569538,42836,165,20260914_192750_ogbn-papers100M_FedAvg_bs16_seed42_beta10000p0,True,True
16,49,process_peak_rss_bytes,1653022720,1576.4453125,569538,42558,165,20260914_192750_ogbn-papers100M_FedAvg_bs16_seed42_beta10000p0,True,True
16,50,process_peak_rss_bytes,1676492800,1598.828125,569538,42598,165,20260914_192750_ogbn-papers100M_FedAvg_bs16_seed42_beta10000p0,True,True
16,51,process_peak_rss_bytes,1654120448,1577.4921875,569538,42423,165,20260914_192750_ogbn-papers100M_FedAvg_bs16_seed42_beta10000p0,True,True
16,52,process_peak_rss_bytes,1682378752,1604.44140625,569538,42096,165,20260914_192750_ogbn-papers100M_FedAvg_bs16_seed42_beta10000p0,True,True
16,53,process_peak_rss_bytes,1655496704,1578.8046875,569538,42819,165,20260914_192750_ogbn-papers100M_FedAvg_bs16_seed42_beta10000p0,True,True
16,54,process_peak_rss_bytes,1655914496,1579.203125,569538,41987,165,20260914_192750_ogbn-papers100M_FedAvg_bs16_seed42_beta10000p0,True,True
16,55,process_peak_rss_bytes,1666793472,1589.578125,569538,42945,165,20260914_192750_ogbn-papers100M_FedAvg_bs16_seed42_beta10000p0,True,True
16,56,process_peak_rss_bytes,1674067968,1596.515625,569538,42997,165,20260914_192750_ogbn-papers100M_FedAvg_bs16_seed42_beta10000p0,True,True
16,57,process_peak_rss_bytes,1645355008,1569.1328125,569538,42743,165,20260914_192750_ogbn-papers100M_FedAvg_bs16_seed42_beta10000p0,True,True
16,58,process_peak_rss_bytes,1659314176,1582.4453125,569538,43148,165,20260914_192750_ogbn-papers100M_FedAvg_bs16_seed42_beta10000p0,True,True
16,59,process_peak_rss_bytes,1700900864,1622.10546875,569538,42756,165,20260914_192750_ogbn-papers100M_FedAvg_bs16_seed42_beta10000p0,True,False
16,60,process_peak_rss_bytes,1663164416,1586.1171875,569538,41749,165,20260914_192750_ogbn-papers100M_FedAvg_bs16_seed42_beta10000p0,True,True
16,61,process_peak_rss_bytes,1666367488,1589.171875,569538,42354,165,20260914_192750_ogbn-papers100M_FedAvg_bs16_seed42_beta10000p0,True,True
16,62,process_peak_rss_bytes,1660735488,1583.80078125,569538,43049,165,20260914_192750_ogbn-papers100M_FedAvg_bs16_seed42_beta10000p0,True,True
16,63,process_peak_rss_bytes,1631842304,1556.24609375,569538,42524,165,20260914_192750_ogbn-papers100M_FedAvg_bs16_seed42_beta10000p0,True,True
16,64,process_peak_rss_bytes,1662214144,1585.2109375,569538,42105,165,20260914_192750_ogbn-papers100M_FedAvg_bs16_seed42_beta10000p0,True,True
16,65,process_peak_rss_bytes,1663406080,1586.34765625,569538,42707,165,20260914_192750_ogbn-papers100M_FedAvg_bs16_seed42_beta10000p0,True,True
16,66,process_peak_rss_bytes,1682092032,1604.16796875,569538,42115,165,20260914_192750_ogbn-papers100M_FedAvg_bs16_seed42_beta10000p0,True,True
16,67,process_peak_rss_bytes,1627041792,1551.66796875,569538,42991,165,20260914_192750_ogbn-papers100M_FedAvg_bs16_seed42_beta10000p0,True,True
16,68,process_peak_rss_bytes,1653706752,1577.09765625,569538,42019,165,20260914_192750_ogbn-papers100M_FedAvg_bs16_seed42_beta10000p0,True,True
16,69,process_peak_rss_bytes,1681317888,1603.4296875,569538,42344,165,20260914_192750_ogbn-papers100M_FedAvg_bs16_seed42_beta10000p0,True,True
16,70,process_peak_rss_bytes,1680756736,1602.89453125,569538,42297,165,20260914_192750_ogbn-papers100M_FedAvg_bs16_seed42_beta10000p0,True,True
16,71,process_peak_rss_bytes,1676525568,1598.859375,569538,42864,165,20260914_192750_ogbn-papers100M_FedAvg_bs16_seed42_beta10000p0,True,True
16,72,process_peak_rss_bytes,1674366976,1596.80078125,569538,42513,165,20260914_192750_ogbn-papers100M_FedAvg_bs16_seed42_beta10000p0,True,True
16,73,process_peak_rss_bytes,1665024000,1587.890625,569538,41910,165,20260914_192750_ogbn-papers100M_FedAvg_bs16_seed42_beta10000p0,True,True
16,74,process_peak_rss_bytes,1659449344,1582.57421875,569538,42845,165,20260914_192750_ogbn-papers100M_FedAvg_bs16_seed42_beta10000p0,True,True
16,75,process_peak_rss_bytes,1659555840,1582.67578125,569538,42471,165,20260914_192750_ogbn-papers100M_FedAvg_bs16_seed42_beta10000p0,True,True
16,76,process_peak_rss_bytes,1659527168,1582.6484375,569538,42738,165,20260914_192750_ogbn-papers100M_FedAvg_bs16_seed42_beta10000p0,True,True
16,77,process_peak_rss_bytes,1655640064,1578.94140625,569538,42424,165,20260914_192750_ogbn-papers100M_FedAvg_bs16_seed42_beta10000p0,True,True
16,78,process_peak_rss_bytes,1667461120,1590.21484375,569538,42456,165,20260914_192750_ogbn-papers100M_FedAvg_bs16_seed42_beta10000p0,True,True
16,79,process_peak_rss_bytes,1651240960,1574.74609375,569538,42850,165,20260914_192750_ogbn-papers100M_FedAvg_bs16_seed42_beta10000p0,True,True
16,80,process_peak_rss_bytes,1660825600,1583.88671875,569538,42105,165,20260914_192750_ogbn-papers100M_FedAvg_bs16_seed42_beta10000p0,True,True
16,81,process_peak_rss_bytes,1683128320,1605.15625,569538,43104,165,20260914_192750_ogbn-papers100M_FedAvg_bs16_seed42_beta10000p0,True,True
16,82,process_peak_rss_bytes,1655889920,1579.1796875,569538,42245,165,20260914_192750_ogbn-papers100M_FedAvg_bs16_seed42_beta10000p0,True,True
16,83,process_peak_rss_bytes,1638838272,1562.91796875,569538,42180,165,20260914_192750_ogbn-papers100M_FedAvg_bs16_seed42_beta10000p0,True,True
16,84,process_peak_rss_bytes,1649934336,1573.5,569538,42400,165,20260914_192750_ogbn-papers100M_FedAvg_bs16_seed42_beta10000p0,True,True
16,85,process_peak_rss_bytes,1678831616,1601.05859375,569538,42420,165,20260914_192750_ogbn-papers100M_FedAvg_bs16_seed42_beta10000p0,True,True
16,86,process_peak_rss_bytes,1667354624,1590.11328125,569538,42300,165,20260914_192750_ogbn-papers100M_FedAvg_bs16_seed42_beta10000p0,True,True
16,87,process_peak_rss_bytes,1682526208,1604.58203125,569538,42097,165,20260914_192750_ogbn-papers100M_FedAvg_bs16_seed42_beta10000p0,True,True
16,88,process_peak_rss_bytes,1666117632,1588.93359375,569538,43090,165,20260914_192750_ogbn-papers100M_FedAvg_bs16_seed42_beta10000p0,True,True
16,89,process_peak_rss_bytes,1682378752,1604.44140625,569538,42182,165,20260914_192750_ogbn-papers100M_FedAvg_bs16_seed42_beta10000p0,True,True
16,90,process_peak_rss_bytes,1699622912,1620.88671875,569538,42803,165,20260914_192750_ogbn-papers100M_FedAvg_bs16_seed42_beta10000p0,True,False
16,91,process_peak_rss_bytes,1693478912,1615.02734375,569538,42567,165,20260914_192750_ogbn-papers100M_FedAvg_bs16_seed42_beta10000p0,True,True
16,92,process_peak_rss_bytes,1663193088,1586.14453125,569538,42263,165,20260914_192750_ogbn-papers100M_FedAvg_bs16_seed42_beta10000p0,True,True
16,93,process_peak_rss_bytes,1708064768,1628.9375,569538,41896,165,20260914_192750_ogbn-papers100M_FedAvg_bs16_seed42_beta10000p0,True,False
16,94,process_peak_rss_bytes,1618706432,1543.71875,569538,42067,165,20260914_192750_ogbn-papers100M_FedAvg_bs16_seed42_beta10000p0,True,True
16,95,process_peak_rss_bytes,1659256832,1582.390625,569538,41918,165,20260914_192750_ogbn-papers100M_FedAvg_bs16_seed42_beta10000p0,True,True
16,96,process_peak_rss_bytes,1664823296,1587.69921875,569538,42003,165,20260914_192750_ogbn-papers100M_FedAvg_bs16_seed42_beta10000p0,True,True
16,97,process_peak_rss_bytes,1654824960,1578.1640625,569538,42810,165,20260914_192750_ogbn-papers100M_FedAvg_bs16_seed42_beta10000p0,True,True
16,98,process_peak_rss_bytes,1675452416,1597.8359375,569538,42584,165,20260914_192750_ogbn-papers100M_FedAvg_bs16_seed42_beta10000p0,True,True
16,99,process_peak_rss_bytes,1669795840,1592.44140625,569538,42216,165,20260914_192750_ogbn-papers100M_FedAvg_bs16_seed42_beta10000p0,True,True
16,100,process_peak_rss_bytes,1660407808,1583.48828125,569538,42148,165,20260914_192750_ogbn-papers100M_FedAvg_bs16_seed42_beta10000p0,True,True
16,101,process_peak_rss_bytes,1676328960,1598.671875,569538,41381,165,20260914_192750_ogbn-papers100M_FedAvg_bs16_seed42_beta10000p0,True,True
16,102,process_peak_rss_bytes,1670144000,1592.7734375,569538,42621,165,20260914_192750_ogbn-papers100M_FedAvg_bs16_seed42_beta10000p0,True,True
16,103,process_peak_rss_bytes,1682735104,1604.78125,569538,42422,165,20260914_192750_ogbn-papers100M_FedAvg_bs16_seed42_beta10000p0,True,True
16,104,process_peak_rss_bytes,1647333376,1571.01953125,569538,42519,165,20260914_192750_ogbn-papers100M_FedAvg_bs16_seed42_beta10000p0,True,True
16,105,process_peak_rss_bytes,1667416064,1590.171875,569538,42552,165,20260914_192750_ogbn-papers100M_FedAvg_bs16_seed42_beta10000p0,True,True
16,106,process_peak_rss_bytes,1656520704,1579.78125,569538,42631,165,20260914_192750_ogbn-papers100M_FedAvg_bs16_seed42_beta10000p0,True,True
16,107,process_peak_rss_bytes,1648418816,1572.0546875,569538,42612,165,20260914_192750_ogbn-papers100M_FedAvg_bs16_seed42_beta10000p0,True,True
16,108,process_peak_rss_bytes,1689415680,1611.15234375,569538,42490,165,20260914_192750_ogbn-papers100M_FedAvg_bs16_seed42_beta10000p0,True,True
16,109,process_peak_rss_bytes,1656606720,1579.86328125,569538,42260,165,20260914_192750_ogbn-papers100M_FedAvg_bs16_seed42_beta10000p0,True,True
16,110,process_peak_rss_bytes,1661616128,1584.640625,569538,42979,165,20260914_192750_ogbn-papers100M_FedAvg_bs16_seed42_beta10000p0,True,True
16,111,process_peak_rss_bytes,1659166720,1582.3046875,569538,41990,165,20260914_192750_ogbn-papers100M_FedAvg_bs16_seed42_beta10000p0,True,True
16,112,process_peak_rss_bytes,1680797696,1602.93359375,569538,41881,165,20260914_192750_ogbn-papers100M_FedAvg_bs16_seed42_beta10000p0,True,True
16,113,process_peak_rss_bytes,1648013312,1571.66796875,569538,42543,165,20260914_192750_ogbn-papers100M_FedAvg_bs16_seed42_beta10000p0,True,True
16,114,process_peak_rss_bytes,1675526144,1597.90625,569538,42145,165,20260914_192750_ogbn-papers100M_FedAvg_bs16_seed42_beta10000p0,True,True
16,115,process_peak_rss_bytes,1655017472,1578.34765625,569538,42653,165,20260914_192750_ogbn-papers100M_FedAvg_bs16_seed42_beta10000p0,True,True
16,116,process_peak_rss_bytes,1655930880,1579.21875,569538,42140,165,20260914_192750_ogbn-papers100M_FedAvg_bs16_seed42_beta10000p0,True,True
16,117,process_peak_rss_bytes,1678721024,1600.953125,569538,42206,165,20260914_192750_ogbn-papers100M_FedAvg_bs16_seed42_beta10000p0,True,True
16,118,process_peak_rss_bytes,1663541248,1586.4765625,569538,41664,165,20260914_192750_ogbn-papers100M_FedAvg_bs16_seed42_beta10000p0,True,True
16,119,process_peak_rss_bytes,1627643904,1552.2421875,569538,42642,165,20260914_192750_ogbn-papers100M_FedAvg_bs16_seed42_beta10000p0,True,True
16,120,process_peak_rss_bytes,1665093632,1587.95703125,569538,43040,165,20260914_192750_ogbn-papers100M_FedAvg_bs16_seed42_beta10000p0,True,True
16,121,process_peak_rss_bytes,1676247040,1598.59375,569538,41451,165,20260914_192750_ogbn-papers100M_FedAvg_bs16_seed42_beta10000p0,True,True
16,122,process_peak_rss_bytes,1650012160,1573.57421875,569538,42278,165,20260914_192750_ogbn-papers100M_FedAvg_bs16_seed42_beta10000p0,True,True
16,123,process_peak_rss_bytes,1658691584,1581.8515625,569538,42105,165,20260914_192750_ogbn-papers100M_FedAvg_bs16_seed42_beta10000p0,True,True
16,124,process_peak_rss_bytes,1684938752,1606.8828125,569538,43578,165,20260914_192750_ogbn-papers100M_FedAvg_bs16_seed42_beta10000p0,True,True
16,125,process_peak_rss_bytes,1662763008,1585.734375,569538,42832,165,20260914_192750_ogbn-papers100M_FedAvg_bs16_seed42_beta10000p0,True,True
16,126,process_peak_rss_bytes,1623326720,1548.125,569538,42506,165,20260914_192750_ogbn-papers100M_FedAvg_bs16_seed42_beta10000p0,True,True
16,127,process_peak_rss_bytes,1656078336,1579.359375,569538,42021,165,20260914_192750_ogbn-papers100M_FedAvg_bs16_seed42_beta10000p0,True,True
16,128,process_peak_rss_bytes,1649328128,1572.921875,569538,42892,165,20260914_192750_ogbn-papers100M_FedAvg_bs16_seed42_beta10000p0,True,True
16,129,process_peak_rss_bytes,1678114816,1600.375,569538,42089,165,20260914_192750_ogbn-papers100M_FedAvg_bs16_seed42_beta10000p0,True,True
16,130,process_peak_rss_bytes,1668890624,1591.578125,569538,42978,165,20260914_192750_ogbn-papers100M_FedAvg_bs16_seed42_beta10000p0,True,True
16,131,process_peak_rss_bytes,1674715136,1597.1328125,569538,42644,165,20260914_192750_ogbn-papers100M_FedAvg_bs16_seed42_beta10000p0,True,True
16,132,process_peak_rss_bytes,1674063872,1596.51171875,569538,42241,165,20260914_192750_ogbn-papers100M_FedAvg_bs16_seed42_beta10000p0,True,True
16,133,process_peak_rss_bytes,1650200576,1573.75390625,569538,42714,165,20260914_192750_ogbn-papers100M_FedAvg_bs16_seed42_beta10000p0,True,True
16,134,process_peak_rss_bytes,1662746624,1585.71875,569538,44260,165,20260914_192750_ogbn-papers100M_FedAvg_bs16_seed42_beta10000p0,True,True
16,135,process_peak_rss_bytes,1653035008,1576.45703125,569538,42984,165,20260914_192750_ogbn-papers100M_FedAvg_bs16_seed42_beta10000p0,True,True
16,136,process_peak_rss_bytes,1665122304,1587.984375,569538,43648,165,20260914_192750_ogbn-papers100M_FedAvg_bs16_seed42_beta10000p0,True,True
16,137,process_peak_rss_bytes,1657868288,1581.06640625,569538,43556,165,20260914_192750_ogbn-papers100M_FedAvg_bs16_seed42_beta10000p0,True,True
16,138,process_peak_rss_bytes,1651855360,1575.33203125,569538,42964,165,20260914_192750_ogbn-papers100M_FedAvg_bs16_seed42_beta10000p0,True,True
16,139,process_peak_rss_bytes,1669967872,1592.60546875,569538,42537,165,20260914_192750_ogbn-papers100M_FedAvg_bs16_seed42_beta10000p0,True,True
16,140,process_peak_rss_bytes,1689235456,1610.98046875,569538,42870,165,20260914_192750_ogbn-papers100M_FedAvg_bs16_seed42_beta10000p0,True,True
16,141,process_peak_rss_bytes,1682567168,1604.62109375,569538,42495,165,20260914_192750_ogbn-papers100M_FedAvg_bs16_seed42_beta10000p0,True,True
16,142,process_peak_rss_bytes,1686962176,1608.8125,569538,42349,165,20260914_192750_ogbn-papers100M_FedAvg_bs16_seed42_beta10000p0,True,True
16,143,process_peak_rss_bytes,1676267520,1598.61328125,569538,41728,165,20260914_192750_ogbn-papers100M_FedAvg_bs16_seed42_beta10000p0,True,True
16,144,process_peak_rss_bytes,1675870208,1598.234375,569538,42912,165,20260914_192750_ogbn-papers100M_FedAvg_bs16_seed42_beta10000p0,True,True
16,145,process_peak_rss_bytes,1640091648,1564.11328125,569538,43085,165,20260914_192750_ogbn-papers100M_FedAvg_bs16_seed42_beta10000p0,True,True
16,146,process_peak_rss_bytes,1638199296,1562.30859375,569538,43108,165,20260914_192750_ogbn-papers100M_FedAvg_bs16_seed42_beta10000p0,True,True
16,147,process_peak_rss_bytes,1646456832,1570.18359375,569538,43269,165,20260914_192750_ogbn-papers100M_FedAvg_bs16_seed42_beta10000p0,True,True
16,148,process_peak_rss_bytes,1655480320,1578.7890625,569538,42626,165,20260914_192750_ogbn-papers100M_FedAvg_bs16_seed42_beta10000p0,True,True
16,149,process_peak_rss_bytes,1636130816,1560.3359375,569538,42342,165,20260914_192750_ogbn-papers100M_FedAvg_bs16_seed42_beta10000p0,True,True
16,150,process_peak_rss_bytes,1664909312,1587.78125,569538,41834,165,20260914_192750_ogbn-papers100M_FedAvg_bs16_seed42_beta10000p0,True,True
16,151,process_peak_rss_bytes,1648492544,1572.125,569538,42539,165,20260914_192750_ogbn-papers100M_FedAvg_bs16_seed42_beta10000p0,True,True
16,152,process_peak_rss_bytes,1629319168,1553.83984375,569538,41816,165,20260914_192750_ogbn-papers100M_FedAvg_bs16_seed42_beta10000p0,True,True
16,153,process_peak_rss_bytes,1656803328,1580.05078125,569538,42146,165,20260914_192750_ogbn-papers100M_FedAvg_bs16_seed42_beta10000p0,True,True
16,154,process_peak_rss_bytes,1652854784,1576.28515625,569538,42176,165,20260914_192750_ogbn-papers100M_FedAvg_bs16_seed42_beta10000p0,True,True
16,155,process_peak_rss_bytes,1650163712,1573.71875,569538,42579,165,20260914_192750_ogbn-papers100M_FedAvg_bs16_seed42_beta10000p0,True,True
16,156,process_peak_rss_bytes,1656733696,1579.984375,569538,42692,165,20260914_192750_ogbn-papers100M_FedAvg_bs16_seed42_beta10000p0,True,True
16,157,process_peak_rss_bytes,1679052800,1601.26953125,569538,42495,165,20260914_192750_ogbn-papers100M_FedAvg_bs16_seed42_beta10000p0,True,True
16,158,process_peak_rss_bytes,1651347456,1574.84765625,569538,42523,165,20260914_192750_ogbn-papers100M_FedAvg_bs16_seed42_beta10000p0,True,True
16,159,process_peak_rss_bytes,1673699328,1596.1640625,569538,42420,165,20260914_192750_ogbn-papers100M_FedAvg_bs16_seed42_beta10000p0,True,True
16,160,process_peak_rss_bytes,1679745024,1601.9296875,569538,43253,165,20260914_192750_ogbn-papers100M_FedAvg_bs16_seed42_beta10000p0,True,True
16,161,process_peak_rss_bytes,1671995392,1594.5390625,569538,42194,165,20260914_192750_ogbn-papers100M_FedAvg_bs16_seed42_beta10000p0,True,True
16,162,process_peak_rss_bytes,1696272384,1617.69140625,569538,42360,165,20260914_192750_ogbn-papers100M_FedAvg_bs16_seed42_beta10000p0,True,False
16,163,process_peak_rss_bytes,1648492544,1572.125,569538,42567,165,20260914_192750_ogbn-papers100M_FedAvg_bs16_seed42_beta10000p0,True,True
16,164,process_peak_rss_bytes,1659736064,1582.84765625,569538,41939,165,20260914_192750_ogbn-papers100M_FedAvg_bs16_seed42_beta10000p0,True,True
16,165,process_peak_rss_bytes,1650290688,1573.83984375,569538,43107,165,20260914_192750_ogbn-papers100M_FedAvg_bs16_seed42_beta10000p0,True,True
16,166,process_peak_rss_bytes,1672888320,1595.390625,569538,42220,165,20260914_192750_ogbn-papers100M_FedAvg_bs16_seed42_beta10000p0,True,True
16,167,process_peak_rss_bytes,1668272128,1590.98828125,569538,41828,165,20260914_192750_ogbn-papers100M_FedAvg_bs16_seed42_beta10000p0,True,True
16,168,process_peak_rss_bytes,1656156160,1579.43359375,569538,42494,165,20260914_192750_ogbn-papers100M_FedAvg_bs16_seed42_beta10000p0,True,True
16,169,process_peak_rss_bytes,1694793728,1616.28125,569538,42483,165,20260914_192750_ogbn-papers100M_FedAvg_bs16_seed42_beta10000p0,True,True
16,170,process_peak_rss_bytes,1674989568,1597.39453125,569538,42465,165,20260914_192750_ogbn-papers100M_FedAvg_bs16_seed42_beta10000p0,True,True
16,171,process_peak_rss_bytes,1649664000,1573.2421875,569538,42399,165,20260914_192750_ogbn-papers100M_FedAvg_bs16_seed42_beta10000p0,True,True
16,172,process_peak_rss_bytes,1680601088,1602.74609375,569538,42341,165,20260914_192750_ogbn-papers100M_FedAvg_bs16_seed42_beta10000p0,True,True
16,173,process_peak_rss_bytes,1672511488,1595.03125,569538,42635,165,20260914_192750_ogbn-papers100M_FedAvg_bs16_seed42_beta10000p0,True,True
16,174,process_peak_rss_bytes,1697914880,1619.2578125,569538,42816,165,20260914_192750_ogbn-papers100M_FedAvg_bs16_seed42_beta10000p0,True,False
16,175,process_peak_rss_bytes,1644957696,1568.75390625,569538,42144,165,20260914_192750_ogbn-papers100M_FedAvg_bs16_seed42_beta10000p0,True,True
16,176,process_peak_rss_bytes,1673056256,1595.55078125,569538,42031,165,20260914_192750_ogbn-papers100M_FedAvg_bs16_seed42_beta10000p0,True,True
16,177,process_peak_rss_bytes,1655181312,1578.50390625,569538,42925,165,20260914_192750_ogbn-papers100M_FedAvg_bs16_seed42_beta10000p0,True,True
16,178,process_peak_rss_bytes,1669832704,1592.4765625,569538,42505,165,20260914_192750_ogbn-papers100M_FedAvg_bs16_seed42_beta10000p0,True,True
16,179,process_peak_rss_bytes,1672314880,1594.84375,569538,42742,165,20260914_192750_ogbn-papers100M_FedAvg_bs16_seed42_beta10000p0,True,True
16,180,process_peak_rss_bytes,1659887616,1582.9921875,569538,42844,165,20260914_192750_ogbn-papers100M_FedAvg_bs16_seed42_beta10000p0,True,True
16,181,process_peak_rss_bytes,1690828800,1612.5,569538,42424,165,20260914_192750_ogbn-papers100M_FedAvg_bs16_seed42_beta10000p0,True,True
16,182,process_peak_rss_bytes,1645572096,1569.33984375,569538,42304,165,20260914_192750_ogbn-papers100M_FedAvg_bs16_seed42_beta10000p0,True,True
16,183,process_peak_rss_bytes,1693650944,1615.19140625,569538,41650,165,20260914_192750_ogbn-papers100M_FedAvg_bs16_seed42_beta10000p0,True,True
16,184,process_peak_rss_bytes,1636331520,1560.52734375,569538,42971,165,20260914_192750_ogbn-papers100M_FedAvg_bs16_seed42_beta10000p0,True,True
16,185,process_peak_rss_bytes,1674784768,1597.19921875,569538,41887,165,20260914_192750_ogbn-papers100M_FedAvg_bs16_seed42_beta10000p0,True,True
16,186,process_peak_rss_bytes,1658503168,1581.671875,569538,42308,165,20260914_192750_ogbn-papers100M_FedAvg_bs16_seed42_beta10000p0,True,True
16,187,process_peak_rss_bytes,1675403264,1597.7890625,569538,42395,165,20260914_192750_ogbn-papers100M_FedAvg_bs16_seed42_beta10000p0,True,True
16,188,process_peak_rss_bytes,1663107072,1586.0625,569538,42504,165,20260914_192750_ogbn-papers100M_FedAvg_bs16_seed42_beta10000p0,True,True
16,189,process_peak_rss_bytes,1645944832,1569.6953125,569538,41857,165,20260914_192750_ogbn-papers100M_FedAvg_bs16_seed42_beta10000p0,True,True
16,190,process_peak_rss_bytes,1709203456,1630.0234375,569538,42537,165,20260914_192750_ogbn-papers100M_FedAvg_bs16_seed42_beta10000p0,True,False
16,191,process_peak_rss_bytes,1649610752,1573.19140625,569538,42364,165,20260914_192750_ogbn-papers100M_FedAvg_bs16_seed42_beta10000p0,True,True
16,192,process_peak_rss_bytes,1664544768,1587.43359375,569538,42279,165,20260914_192750_ogbn-papers100M_FedAvg_bs16_seed42_beta10000p0,True,True
16,193,process_peak_rss_bytes,1678352384,1600.6015625,569538,42402,165,20260914_192750_ogbn-papers100M_FedAvg_bs16_seed42_beta10000p0,True,True
16,194,process_peak_rss_bytes,1676750848,1599.07421875,569538,42488,165,20260914_192750_ogbn-papers100M_FedAvg_bs16_seed42_beta10000p0,True,True
32,0,process_peak_rss_bytes,1616416768,1541.53515625,569539,42085,165,20260914_194714_ogbn-papers100M_FedAvg_bs32_seed42_beta10000p0,True,False
32,1,process_peak_rss_bytes,1698877440,1620.17578125,569539,42192,165,20260914_194714_ogbn-papers100M_FedAvg_bs32_seed42_beta10000p0,True,True
32,2,process_peak_rss_bytes,1717133312,1637.5859375,569539,42649,165,20260914_194714_ogbn-papers100M_FedAvg_bs32_seed42_beta10000p0,True,False
32,3,process_peak_rss_bytes,1639026688,1563.09765625,569539,42566,165,20260914_194714_ogbn-papers100M_FedAvg_bs32_seed42_beta10000p0,True,True
32,4,process_peak_rss_bytes,1632972800,1557.32421875,569539,42106,165,20260914_194714_ogbn-papers100M_FedAvg_bs32_seed42_beta10000p0,True,False
32,5,process_peak_rss_bytes,1626398720,1551.0546875,569539,42478,165,20260914_194714_ogbn-papers100M_FedAvg_bs32_seed42_beta10000p0,True,False
32,6,process_peak_rss_bytes,1649315840,1572.91015625,569539,41630,165,20260914_194714_ogbn-papers100M_FedAvg_bs32_seed42_beta10000p0,True,True
32,7,process_peak_rss_bytes,1586384896,1512.89453125,569539,42632,165,20260914_194714_ogbn-papers100M_FedAvg_bs32_seed42_beta10000p0,True,False
32,8,process_peak_rss_bytes,1649975296,1573.5390625,569539,41951,165,20260914_194714_ogbn-papers100M_FedAvg_bs32_seed42_beta10000p0,True,True
32,9,process_peak_rss_bytes,1651441664,1574.9375,569539,43121,165,20260914_194714_ogbn-papers100M_FedAvg_bs32_seed42_beta10000p0,True,True
32,10,process_peak_rss_bytes,1627140096,1551.76171875,569539,42455,165,20260914_194714_ogbn-papers100M_FedAvg_bs32_seed42_beta10000p0,True,False
32,11,process_peak_rss_bytes,1633189888,1557.53125,569539,42613,165,20260914_194714_ogbn-papers100M_FedAvg_bs32_seed42_beta10000p0,True,False
32,12,process_peak_rss_bytes,1650892800,1574.4140625,569539,42902,165,20260914_194714_ogbn-papers100M_FedAvg_bs32_seed42_beta10000p0,True,True
32,13,process_peak_rss_bytes,1632280576,1556.6640625,569539,42317,165,20260914_194714_ogbn-papers100M_FedAvg_bs32_seed42_beta10000p0,True,False
32,14,process_peak_rss_bytes,1659531264,1582.65234375,569539,42296,165,20260914_194714_ogbn-papers100M_FedAvg_bs32_seed42_beta10000p0,True,True
32,15,process_peak_rss_bytes,1674338304,1596.7734375,569539,42146,165,20260914_194714_ogbn-papers100M_FedAvg_bs32_seed42_beta10000p0,True,True
32,16,process_peak_rss_bytes,1644867584,1568.66796875,569539,41922,165,20260914_194714_ogbn-papers100M_FedAvg_bs32_seed42_beta10000p0,True,True
32,17,process_peak_rss_bytes,1633943552,1558.25,569539,42390,165,20260914_194714_ogbn-papers100M_FedAvg_bs32_seed42_beta10000p0,True,False
32,18,process_peak_rss_bytes,1664188416,1587.09375,569539,41847,165,20260914_194714_ogbn-papers100M_FedAvg_bs32_seed42_beta10000p0,True,True
32,19,process_peak_rss_bytes,1604288512,1529.96875,569539,42582,165,20260914_194714_ogbn-papers100M_FedAvg_bs32_seed42_beta10000p0,True,False
32,20,process_peak_rss_bytes,1639878656,1563.91015625,569539,42966,165,20260914_194714_ogbn-papers100M_FedAvg_bs32_seed42_beta10000p0,True,False
32,21,process_peak_rss_bytes,1625878528,1550.55859375,569539,42584,165,20260914_194714_ogbn-papers100M_FedAvg_bs32_seed42_beta10000p0,True,False
32,22,process_peak_rss_bytes,1707921408,1628.80078125,569539,42003,165,20260914_194714_ogbn-papers100M_FedAvg_bs32_seed42_beta10000p0,True,True
32,23,process_peak_rss_bytes,1646309376,1570.04296875,569539,42415,165,20260914_194714_ogbn-papers100M_FedAvg_bs32_seed42_beta10000p0,True,True
32,24,process_peak_rss_bytes,1661042688,1584.09375,569539,41850,165,20260914_194714_ogbn-papers100M_FedAvg_bs32_seed42_beta10000p0,True,True
32,25,process_peak_rss_bytes,1649143808,1572.74609375,569539,42152,165,20260914_194714_ogbn-papers100M_FedAvg_bs32_seed42_beta10000p0,True,True
32,26,process_peak_rss_bytes,1631309824,1555.73828125,569539,42344,165,20260914_194714_ogbn-papers100M_FedAvg_bs32_seed42_beta10000p0,True,False
32,27,process_peak_rss_bytes,1672171520,1594.70703125,569539,42322,165,20260914_194714_ogbn-papers100M_FedAvg_bs32_seed42_beta10000p0,True,True
32,28,process_peak_rss_bytes,1665028096,1587.89453125,569539,43060,165,20260914_194714_ogbn-papers100M_FedAvg_bs32_seed42_beta10000p0,True,True
32,29,process_peak_rss_bytes,1652891648,1576.3203125,569539,43189,165,20260914_194714_ogbn-papers100M_FedAvg_bs32_seed42_beta10000p0,True,True
32,30,process_peak_rss_bytes,1669824512,1592.46875,569539,42646,165,20260914_194714_ogbn-papers100M_FedAvg_bs32_seed42_beta10000p0,True,True
32,31,process_peak_rss_bytes,1633329152,1557.6640625,569539,42757,165,20260914_194714_ogbn-papers100M_FedAvg_bs32_seed42_beta10000p0,True,False
32,32,process_peak_rss_bytes,1684430848,1606.3984375,569539,42148,165,20260914_194714_ogbn-papers100M_FedAvg_bs32_seed42_beta10000p0,True,True
32,33,process_peak_rss_bytes,1716137984,1636.63671875,569539,43164,165,20260914_194714_ogbn-papers100M_FedAvg_bs32_seed42_beta10000p0,True,False
32,34,process_peak_rss_bytes,1649197056,1572.796875,569539,42454,165,20260914_194714_ogbn-papers100M_FedAvg_bs32_seed42_beta10000p0,True,True
32,35,process_peak_rss_bytes,1597898752,1523.875,569539,43289,165,20260914_194714_ogbn-papers100M_FedAvg_bs32_seed42_beta10000p0,True,False
32,36,process_peak_rss_bytes,1682984960,1605.01953125,569539,42743,165,20260914_194714_ogbn-papers100M_FedAvg_bs32_seed42_beta10000p0,True,True
32,37,process_peak_rss_bytes,1663238144,1586.1875,569539,42489,165,20260914_194714_ogbn-papers100M_FedAvg_bs32_seed42_beta10000p0,True,True
32,38,process_peak_rss_bytes,1676779520,1599.1015625,569539,43384,165,20260914_194714_ogbn-papers100M_FedAvg_bs32_seed42_beta10000p0,True,True
32,39,process_peak_rss_bytes,1724223488,1644.34765625,569539,43634,165,20260914_194714_ogbn-papers100M_FedAvg_bs32_seed42_beta10000p0,True,False
32,40,process_peak_rss_bytes,1653780480,1577.16796875,569539,42548,165,20260914_194714_ogbn-papers100M_FedAvg_bs32_seed42_beta10000p0,True,True
32,41,process_peak_rss_bytes,1593266176,1519.45703125,569539,42113,165,20260914_194714_ogbn-papers100M_FedAvg_bs32_seed42_beta10000p0,True,False
32,42,process_peak_rss_bytes,1661681664,1584.703125,569539,42360,165,20260914_194714_ogbn-papers100M_FedAvg_bs32_seed42_beta10000p0,True,True
32,43,process_peak_rss_bytes,1675149312,1597.546875,569539,42194,165,20260914_194714_ogbn-papers100M_FedAvg_bs32_seed42_beta10000p0,True,True
32,44,process_peak_rss_bytes,1709101056,1629.92578125,569539,42371,165,20260914_194714_ogbn-papers100M_FedAvg_bs32_seed42_beta10000p0,True,True
32,45,process_peak_rss_bytes,1660321792,1583.40625,569539,42610,165,20260914_194714_ogbn-papers100M_FedAvg_bs32_seed42_beta10000p0,True,True
32,46,process_peak_rss_bytes,1685901312,1607.80078125,569538,42482,165,20260914_194714_ogbn-papers100M_FedAvg_bs32_seed42_beta10000p0,True,True
32,47,process_peak_rss_bytes,1649455104,1573.04296875,569538,42568,165,20260914_194714_ogbn-papers100M_FedAvg_bs32_seed42_beta10000p0,True,True
32,48,process_peak_rss_bytes,1673236480,1595.72265625,569538,42836,165,20260914_194714_ogbn-papers100M_FedAvg_bs32_seed42_beta10000p0,True,True
32,49,process_peak_rss_bytes,1668132864,1590.85546875,569538,42558,165,20260914_194714_ogbn-papers100M_FedAvg_bs32_seed42_beta10000p0,True,True
32,50,process_peak_rss_bytes,1677434880,1599.7265625,569538,42598,165,20260914_194714_ogbn-papers100M_FedAvg_bs32_seed42_beta10000p0,True,True
32,51,process_peak_rss_bytes,1664614400,1587.5,569538,42423,165,20260914_194714_ogbn-papers100M_FedAvg_bs32_seed42_beta10000p0,True,True
32,52,process_peak_rss_bytes,1678315520,1600.56640625,569538,42096,165,20260914_194714_ogbn-papers100M_FedAvg_bs32_seed42_beta10000p0,True,True
32,53,process_peak_rss_bytes,1663930368,1586.84765625,569538,42819,165,20260914_194714_ogbn-papers100M_FedAvg_bs32_seed42_beta10000p0,True,True
32,54,process_peak_rss_bytes,1653424128,1576.828125,569538,41987,165,20260914_194714_ogbn-papers100M_FedAvg_bs32_seed42_beta10000p0,True,True
32,55,process_peak_rss_bytes,1686032384,1607.92578125,569538,42945,165,20260914_194714_ogbn-papers100M_FedAvg_bs32_seed42_beta10000p0,True,True
32,56,process_peak_rss_bytes,1671892992,1594.44140625,569538,42997,165,20260914_194714_ogbn-papers100M_FedAvg_bs32_seed42_beta10000p0,True,True
32,57,process_peak_rss_bytes,1683095552,1605.125,569538,42743,165,20260914_194714_ogbn-papers100M_FedAvg_bs32_seed42_beta10000p0,True,True
32,58,process_peak_rss_bytes,1654185984,1577.5546875,569538,43148,165,20260914_194714_ogbn-papers100M_FedAvg_bs32_seed42_beta10000p0,True,True
32,59,process_peak_rss_bytes,1715179520,1635.72265625,569538,42756,165,20260914_194714_ogbn-papers100M_FedAvg_bs32_seed42_beta10000p0,True,False
32,60,process_peak_rss_bytes,1683447808,1605.4609375,569538,41749,165,20260914_194714_ogbn-papers100M_FedAvg_bs32_seed42_beta10000p0,True,True
32,61,process_peak_rss_bytes,1668210688,1590.9296875,569538,42354,165,20260914_194714_ogbn-papers100M_FedAvg_bs32_seed42_beta10000p0,True,True
32,62,process_peak_rss_bytes,1657393152,1580.61328125,569538,43049,165,20260914_194714_ogbn-papers100M_FedAvg_bs32_seed42_beta10000p0,True,True
32,63,process_peak_rss_bytes,1687318528,1609.15234375,569538,42524,165,20260914_194714_ogbn-papers100M_FedAvg_bs32_seed42_beta10000p0,True,True
32,64,process_peak_rss_bytes,1668423680,1591.1328125,569538,42105,165,20260914_194714_ogbn-papers100M_FedAvg_bs32_seed42_beta10000p0,True,True
32,65,process_peak_rss_bytes,1671606272,1594.16796875,569538,42707,165,20260914_194714_ogbn-papers100M_FedAvg_bs32_seed42_beta10000p0,True,True
32,66,process_peak_rss_bytes,1673986048,1596.4375,569538,42115,165,20260914_194714_ogbn-papers100M_FedAvg_bs32_seed42_beta10000p0,True,True
32,67,process_peak_rss_bytes,1697869824,1619.21484375,569538,42991,165,20260914_194714_ogbn-papers100M_FedAvg_bs32_seed42_beta10000p0,True,True
32,68,process_peak_rss_bytes,1706397696,1627.34765625,569538,42019,165,20260914_194714_ogbn-papers100M_FedAvg_bs32_seed42_beta10000p0,True,True
32,69,process_peak_rss_bytes,1665089536,1587.953125,569538,42344,165,20260914_194714_ogbn-papers100M_FedAvg_bs32_seed42_beta10000p0,True,True
32,70,process_peak_rss_bytes,1665802240,1588.6328125,569538,42297,165,20260914_194714_ogbn-papers100M_FedAvg_bs32_seed42_beta10000p0,True,True
32,71,process_peak_rss_bytes,1688014848,1609.81640625,569538,42864,165,20260914_194714_ogbn-papers100M_FedAvg_bs32_seed42_beta10000p0,True,True
32,72,process_peak_rss_bytes,1684811776,1606.76171875,569538,42513,165,20260914_194714_ogbn-papers100M_FedAvg_bs32_seed42_beta10000p0,True,True
32,73,process_peak_rss_bytes,1659703296,1582.81640625,569538,41910,165,20260914_194714_ogbn-papers100M_FedAvg_bs32_seed42_beta10000p0,True,True
32,74,process_peak_rss_bytes,1664610304,1587.49609375,569538,42845,165,20260914_194714_ogbn-papers100M_FedAvg_bs32_seed42_beta10000p0,True,True
32,75,process_peak_rss_bytes,1678995456,1601.21484375,569538,42471,165,20260914_194714_ogbn-papers100M_FedAvg_bs32_seed42_beta10000p0,True,True
32,76,process_peak_rss_bytes,1673625600,1596.09375,569538,42738,165,20260914_194714_ogbn-papers100M_FedAvg_bs32_seed42_beta10000p0,True,True
32,77,process_peak_rss_bytes,1710796800,1631.54296875,569538,42424,165,20260914_194714_ogbn-papers100M_FedAvg_bs32_seed42_beta10000p0,True,False
32,78,process_peak_rss_bytes,1690038272,1611.74609375,569538,42456,165,20260914_194714_ogbn-papers100M_FedAvg_bs32_seed42_beta10000p0,True,True
32,79,process_peak_rss_bytes,1665654784,1588.4921875,569538,42850,165,20260914_194714_ogbn-papers100M_FedAvg_bs32_seed42_beta10000p0,True,True
32,80,process_peak_rss_bytes,1664430080,1587.32421875,569538,42105,165,20260914_194714_ogbn-papers100M_FedAvg_bs32_seed42_beta10000p0,True,True
32,81,process_peak_rss_bytes,1654657024,1578.00390625,569538,43104,165,20260914_194714_ogbn-papers100M_FedAvg_bs32_seed42_beta10000p0,True,True
32,82,process_peak_rss_bytes,1688342528,1610.12890625,569538,42245,165,20260914_194714_ogbn-papers100M_FedAvg_bs32_seed42_beta10000p0,True,True
32,83,process_peak_rss_bytes,1714143232,1634.734375,569538,42180,165,20260914_194714_ogbn-papers100M_FedAvg_bs32_seed42_beta10000p0,True,False
32,84,process_peak_rss_bytes,1688178688,1609.97265625,569538,42400,165,20260914_194714_ogbn-papers100M_FedAvg_bs32_seed42_beta10000p0,True,True
32,85,process_peak_rss_bytes,1695772672,1617.21484375,569538,42420,165,20260914_194714_ogbn-papers100M_FedAvg_bs32_seed42_beta10000p0,True,True
32,86,process_peak_rss_bytes,1655959552,1579.24609375,569538,42300,165,20260914_194714_ogbn-papers100M_FedAvg_bs32_seed42_beta10000p0,True,True
32,87,process_peak_rss_bytes,1674125312,1596.5703125,569538,42097,165,20260914_194714_ogbn-papers100M_FedAvg_bs32_seed42_beta10000p0,True,True
32,88,process_peak_rss_bytes,1677565952,1599.8515625,569538,43090,165,20260914_194714_ogbn-papers100M_FedAvg_bs32_seed42_beta10000p0,True,True
32,89,process_peak_rss_bytes,1668915200,1591.6015625,569538,42182,165,20260914_194714_ogbn-papers100M_FedAvg_bs32_seed42_beta10000p0,True,True
32,90,process_peak_rss_bytes,1679343616,1601.546875,569538,42803,165,20260914_194714_ogbn-papers100M_FedAvg_bs32_seed42_beta10000p0,True,True
32,91,process_peak_rss_bytes,1661476864,1584.5078125,569538,42567,165,20260914_194714_ogbn-papers100M_FedAvg_bs32_seed42_beta10000p0,True,True
32,92,process_peak_rss_bytes,1676939264,1599.25390625,569538,42263,165,20260914_194714_ogbn-papers100M_FedAvg_bs32_seed42_beta10000p0,True,True
32,93,process_peak_rss_bytes,1669509120,1592.16796875,569538,41896,165,20260914_194714_ogbn-papers100M_FedAvg_bs32_seed42_beta10000p0,True,True
32,94,process_peak_rss_bytes,1662930944,1585.89453125,569538,42067,165,20260914_194714_ogbn-papers100M_FedAvg_bs32_seed42_beta10000p0,True,True
32,95,process_peak_rss_bytes,1688309760,1610.09765625,569538,41918,165,20260914_194714_ogbn-papers100M_FedAvg_bs32_seed42_beta10000p0,True,True
32,96,process_peak_rss_bytes,1659097088,1582.23828125,569538,42003,165,20260914_194714_ogbn-papers100M_FedAvg_bs32_seed42_beta10000p0,True,True
32,97,process_peak_rss_bytes,1666732032,1589.51953125,569538,42810,165,20260914_194714_ogbn-papers100M_FedAvg_bs32_seed42_beta10000p0,True,True
32,98,process_peak_rss_bytes,1697460224,1618.82421875,569538,42584,165,20260914_194714_ogbn-papers100M_FedAvg_bs32_seed42_beta10000p0,True,True
32,99,process_peak_rss_bytes,1713422336,1634.046875,569538,42216,165,20260914_194714_ogbn-papers100M_FedAvg_bs32_seed42_beta10000p0,True,False
32,100,process_peak_rss_bytes,1687482368,1609.30859375,569538,42148,165,20260914_194714_ogbn-papers100M_FedAvg_bs32_seed42_beta10000p0,True,True
32,101,process_peak_rss_bytes,1672519680,1595.0390625,569538,41381,165,20260914_194714_ogbn-papers100M_FedAvg_bs32_seed42_beta10000p0,True,True
32,102,process_peak_rss_bytes,1681088512,1603.2109375,569538,42621,165,20260914_194714_ogbn-papers100M_FedAvg_bs32_seed42_beta10000p0,True,True
32,103,process_peak_rss_bytes,1679220736,1601.4296875,569538,42422,165,20260914_194714_ogbn-papers100M_FedAvg_bs32_seed42_beta10000p0,True,True
32,104,process_peak_rss_bytes,1689235456,1610.98046875,569538,42519,165,20260914_194714_ogbn-papers100M_FedAvg_bs32_seed42_beta10000p0,True,True
32,105,process_peak_rss_bytes,1712254976,1632.93359375,569538,42552,165,20260914_194714_ogbn-papers100M_FedAvg_bs32_seed42_beta10000p0,True,False
32,106,process_peak_rss_bytes,1663397888,1586.33984375,569538,42631,165,20260914_194714_ogbn-papers100M_FedAvg_bs32_seed42_beta10000p0,True,True
32,107,process_peak_rss_bytes,1673355264,1595.8359375,569538,42612,165,20260914_194714_ogbn-papers100M_FedAvg_bs32_seed42_beta10000p0,True,True
32,108,process_peak_rss_bytes,1700970496,1622.171875,569538,42490,165,20260914_194714_ogbn-papers100M_FedAvg_bs32_seed42_beta10000p0,True,True
32,109,process_peak_rss_bytes,1675141120,1597.5390625,569538,42260,165,20260914_194714_ogbn-papers100M_FedAvg_bs32_seed42_beta10000p0,True,True
32,110,process_peak_rss_bytes,1692540928,1614.1328125,569538,42979,165,20260914_194714_ogbn-papers100M_FedAvg_bs32_seed42_beta10000p0,True,True
32,111,process_peak_rss_bytes,1684811776,1606.76171875,569538,41990,165,20260914_194714_ogbn-papers100M_FedAvg_bs32_seed42_beta10000p0,True,True
32,112,process_peak_rss_bytes,1669685248,1592.3359375,569538,41881,165,20260914_194714_ogbn-papers100M_FedAvg_bs32_seed42_beta10000p0,True,True
32,113,process_peak_rss_bytes,1709735936,1630.53125,569538,42543,165,20260914_194714_ogbn-papers100M_FedAvg_bs32_seed42_beta10000p0,True,True
32,114,process_peak_rss_bytes,1708077056,1628.94921875,569538,42145,165,20260914_194714_ogbn-papers100M_FedAvg_bs32_seed42_beta10000p0,True,True
32,115,process_peak_rss_bytes,1709154304,1629.9765625,569538,42653,165,20260914_194714_ogbn-papers100M_FedAvg_bs32_seed42_beta10000p0,True,True
32,116,process_peak_rss_bytes,1678147584,1600.40625,569538,42140,165,20260914_194714_ogbn-papers100M_FedAvg_bs32_seed42_beta10000p0,True,True
32,117,process_peak_rss_bytes,1670053888,1592.6875,569538,42206,165,20260914_194714_ogbn-papers100M_FedAvg_bs32_seed42_beta10000p0,True,True
32,118,process_peak_rss_bytes,1681293312,1603.40625,569538,41664,165,20260914_194714_ogbn-papers100M_FedAvg_bs32_seed42_beta10000p0,True,True
32,119,process_peak_rss_bytes,1680625664,1602.76953125,569538,42642,165,20260914_194714_ogbn-papers100M_FedAvg_bs32_seed42_beta10000p0,True,True
32,120,process_peak_rss_bytes,1700028416,1621.2734375,569538,43040,165,20260914_194714_ogbn-papers100M_FedAvg_bs32_seed42_beta10000p0,True,True
32,121,process_peak_rss_bytes,1676656640,1598.984375,569538,41451,165,20260914_194714_ogbn-papers100M_FedAvg_bs32_seed42_beta10000p0,True,True
32,122,process_peak_rss_bytes,1682796544,1604.83984375,569538,42278,165,20260914_194714_ogbn-papers100M_FedAvg_bs32_seed42_beta10000p0,True,True
32,123,process_peak_rss_bytes,1675399168,1597.78515625,569538,42105,165,20260914_194714_ogbn-papers100M_FedAvg_bs32_seed42_beta10000p0,True,True
32,124,process_peak_rss_bytes,1712394240,1633.06640625,569538,43578,165,20260914_194714_ogbn-papers100M_FedAvg_bs32_seed42_beta10000p0,True,True
32,125,process_peak_rss_bytes,1695772672,1617.21484375,569538,42832,165,20260914_194714_ogbn-papers100M_FedAvg_bs32_seed42_beta10000p0,True,True
32,126,process_peak_rss_bytes,1650880512,1574.40234375,569538,42506,165,20260914_194714_ogbn-papers100M_FedAvg_bs32_seed42_beta10000p0,True,True
32,127,process_peak_rss_bytes,1697198080,1618.57421875,569538,42021,165,20260914_194714_ogbn-papers100M_FedAvg_bs32_seed42_beta10000p0,True,True
32,128,process_peak_rss_bytes,1706524672,1627.46875,569538,42892,165,20260914_194714_ogbn-papers100M_FedAvg_bs32_seed42_beta10000p0,True,True
32,129,process_peak_rss_bytes,1724485632,1644.59765625,569538,42089,165,20260914_194714_ogbn-papers100M_FedAvg_bs32_seed42_beta10000p0,True,False
32,130,process_peak_rss_bytes,1674035200,1596.484375,569538,42978,165,20260914_194714_ogbn-papers100M_FedAvg_bs32_seed42_beta10000p0,True,True
32,131,process_peak_rss_bytes,1655656448,1578.95703125,569538,42644,165,20260914_194714_ogbn-papers100M_FedAvg_bs32_seed42_beta10000p0,True,True
32,132,process_peak_rss_bytes,1692983296,1614.5546875,569538,42241,165,20260914_194714_ogbn-papers100M_FedAvg_bs32_seed42_beta10000p0,True,True
32,133,process_peak_rss_bytes,1677926400,1600.1953125,569538,42714,165,20260914_194714_ogbn-papers100M_FedAvg_bs32_seed42_beta10000p0,True,True
32,134,process_peak_rss_bytes,1698373632,1619.6953125,569538,44260,165,20260914_194714_ogbn-papers100M_FedAvg_bs32_seed42_beta10000p0,True,True
32,135,process_peak_rss_bytes,1648328704,1571.96875,569538,42984,165,20260914_194714_ogbn-papers100M_FedAvg_bs32_seed42_beta10000p0,True,True
32,136,process_peak_rss_bytes,1674993664,1597.3984375,569538,43648,165,20260914_194714_ogbn-papers100M_FedAvg_bs32_seed42_beta10000p0,True,True
32,137,process_peak_rss_bytes,1675988992,1598.34765625,569538,43556,165,20260914_194714_ogbn-papers100M_FedAvg_bs32_seed42_beta10000p0,True,True
32,138,process_peak_rss_bytes,1682354176,1604.41796875,569538,42964,165,20260914_194714_ogbn-papers100M_FedAvg_bs32_seed42_beta10000p0,True,True
32,139,process_peak_rss_bytes,1682784256,1604.828125,569538,42537,165,20260914_194714_ogbn-papers100M_FedAvg_bs32_seed42_beta10000p0,True,True
32,140,process_peak_rss_bytes,1710989312,1631.7265625,569538,42870,165,20260914_194714_ogbn-papers100M_FedAvg_bs32_seed42_beta10000p0,True,True
32,141,process_peak_rss_bytes,1689686016,1611.41015625,569538,42495,165,20260914_194714_ogbn-papers100M_FedAvg_bs32_seed42_beta10000p0,True,True
32,142,process_peak_rss_bytes,1675362304,1597.75,569538,42349,165,20260914_194714_ogbn-papers100M_FedAvg_bs32_seed42_beta10000p0,True,True
32,143,process_peak_rss_bytes,1680031744,1602.203125,569538,41728,165,20260914_194714_ogbn-papers100M_FedAvg_bs32_seed42_beta10000p0,True,True
32,144,process_peak_rss_bytes,1679908864,1602.0859375,569538,42912,165,20260914_194714_ogbn-papers100M_FedAvg_bs32_seed42_beta10000p0,True,True
32,145,process_peak_rss_bytes,1665597440,1588.4375,569538,43085,165,20260914_194714_ogbn-papers100M_FedAvg_bs32_seed42_beta10000p0,True,True
32,146,process_peak_rss_bytes,1703428096,1624.515625,569538,43108,165,20260914_194714_ogbn-papers100M_FedAvg_bs32_seed42_beta10000p0,True,True
32,147,process_peak_rss_bytes,1700515840,1621.73828125,569538,43269,165,20260914_194714_ogbn-papers100M_FedAvg_bs32_seed42_beta10000p0,True,True
32,148,process_peak_rss_bytes,1690193920,1611.89453125,569538,42626,165,20260914_194714_ogbn-papers100M_FedAvg_bs32_seed42_beta10000p0,True,True
32,149,process_peak_rss_bytes,1658343424,1581.51953125,569538,42342,165,20260914_194714_ogbn-papers100M_FedAvg_bs32_seed42_beta10000p0,True,True
32,150,process_peak_rss_bytes,1666187264,1589.0,569538,41834,165,20260914_194714_ogbn-papers100M_FedAvg_bs32_seed42_beta10000p0,True,True
32,151,process_peak_rss_bytes,1659039744,1582.18359375,569538,42539,165,20260914_194714_ogbn-papers100M_FedAvg_bs32_seed42_beta10000p0,True,True
32,152,process_peak_rss_bytes,1689583616,1611.3125,569538,41816,165,20260914_194714_ogbn-papers100M_FedAvg_bs32_seed42_beta10000p0,True,True
32,153,process_peak_rss_bytes,1645056000,1568.84765625,569538,42146,165,20260914_194714_ogbn-papers100M_FedAvg_bs32_seed42_beta10000p0,True,True
32,154,process_peak_rss_bytes,1682485248,1604.54296875,569538,42176,165,20260914_194714_ogbn-papers100M_FedAvg_bs32_seed42_beta10000p0,True,True
32,155,process_peak_rss_bytes,1682333696,1604.3984375,569538,42579,165,20260914_194714_ogbn-papers100M_FedAvg_bs32_seed42_beta10000p0,True,True
32,156,process_peak_rss_bytes,1678503936,1600.74609375,569538,42692,165,20260914_194714_ogbn-papers100M_FedAvg_bs32_seed42_beta10000p0,True,True
32,157,process_peak_rss_bytes,1651027968,1574.54296875,569538,42495,165,20260914_194714_ogbn-papers100M_FedAvg_bs32_seed42_beta10000p0,True,True
32,158,process_peak_rss_bytes,1679171584,1601.3828125,569538,42523,165,20260914_194714_ogbn-papers100M_FedAvg_bs32_seed42_beta10000p0,True,True
32,159,process_peak_rss_bytes,1693810688,1615.34375,569538,42420,165,20260914_194714_ogbn-papers100M_FedAvg_bs32_seed42_beta10000p0,True,True
32,160,process_peak_rss_bytes,1703079936,1624.18359375,569538,43253,165,20260914_194714_ogbn-papers100M_FedAvg_bs32_seed42_beta10000p0,True,True
32,161,process_peak_rss_bytes,1704914944,1625.93359375,569538,42194,165,20260914_194714_ogbn-papers100M_FedAvg_bs32_seed42_beta10000p0,True,True
32,162,process_peak_rss_bytes,1673502720,1595.9765625,569538,42360,165,20260914_194714_ogbn-papers100M_FedAvg_bs32_seed42_beta10000p0,True,True
32,163,process_peak_rss_bytes,1683165184,1605.19140625,569538,42567,165,20260914_194714_ogbn-papers100M_FedAvg_bs32_seed42_beta10000p0,True,True
32,164,process_peak_rss_bytes,1702674432,1623.796875,569538,41939,165,20260914_194714_ogbn-papers100M_FedAvg_bs32_seed42_beta10000p0,True,True
32,165,process_peak_rss_bytes,1656668160,1579.921875,569538,43107,165,20260914_194714_ogbn-papers100M_FedAvg_bs32_seed42_beta10000p0,True,True
32,166,process_peak_rss_bytes,1670852608,1593.44921875,569538,42220,165,20260914_194714_ogbn-papers100M_FedAvg_bs32_seed42_beta10000p0,True,True
32,167,process_peak_rss_bytes,1654992896,1578.32421875,569538,41828,165,20260914_194714_ogbn-papers100M_FedAvg_bs32_seed42_beta10000p0,True,True
32,168,process_peak_rss_bytes,1722269696,1642.484375,569538,42494,165,20260914_194714_ogbn-papers100M_FedAvg_bs32_seed42_beta10000p0,True,False
32,169,process_peak_rss_bytes,1708896256,1629.73046875,569538,42483,165,20260914_194714_ogbn-papers100M_FedAvg_bs32_seed42_beta10000p0,True,True
32,170,process_peak_rss_bytes,1699794944,1621.05078125,569538,42465,165,20260914_194714_ogbn-papers100M_FedAvg_bs32_seed42_beta10000p0,True,True
32,171,process_peak_rss_bytes,1681932288,1604.015625,569538,42399,165,20260914_194714_ogbn-papers100M_FedAvg_bs32_seed42_beta10000p0,True,True
32,172,process_peak_rss_bytes,1673854976,1596.3125,569538,42341,165,20260914_194714_ogbn-papers100M_FedAvg_bs32_seed42_beta10000p0,True,True
32,173,process_peak_rss_bytes,1676091392,1598.4453125,569538,42635,165,20260914_194714_ogbn-papers100M_FedAvg_bs32_seed42_beta10000p0,True,True
32,174,process_peak_rss_bytes,1685721088,1607.62890625,569538,42816,165,20260914_194714_ogbn-papers100M_FedAvg_bs32_seed42_beta10000p0,True,True
32,175,process_peak_rss_bytes,1702223872,1623.3671875,569538,42144,165,20260914_194714_ogbn-papers100M_FedAvg_bs32_seed42_beta10000p0,True,True
32,176,process_peak_rss_bytes,1661472768,1584.50390625,569538,42031,165,20260914_194714_ogbn-papers100M_FedAvg_bs32_seed42_beta10000p0,True,True
32,177,process_peak_rss_bytes,1682214912,1604.28515625,569538,42925,165,20260914_194714_ogbn-papers100M_FedAvg_bs32_seed42_beta10000p0,True,True
32,178,process_peak_rss_bytes,1687527424,1609.3515625,569538,42505,165,20260914_194714_ogbn-papers100M_FedAvg_bs32_seed42_beta10000p0,True,True
32,179,process_peak_rss_bytes,1653706752,1577.09765625,569538,42742,165,20260914_194714_ogbn-papers100M_FedAvg_bs32_seed42_beta10000p0,True,True
32,180,process_peak_rss_bytes,1681969152,1604.05078125,569538,42844,165,20260914_194714_ogbn-papers100M_FedAvg_bs32_seed42_beta10000p0,True,True
32,181,process_peak_rss_bytes,1701515264,1622.69140625,569538,42424,165,20260914_194714_ogbn-papers100M_FedAvg_bs32_seed42_beta10000p0,True,True
32,182,process_peak_rss_bytes,1677660160,1599.94140625,569538,42304,165,20260914_194714_ogbn-papers100M_FedAvg_bs32_seed42_beta10000p0,True,True
32,183,process_peak_rss_bytes,1667231744,1589.99609375,569538,41650,165,20260914_194714_ogbn-papers100M_FedAvg_bs32_seed42_beta10000p0,True,True
32,184,process_peak_rss_bytes,1676656640,1598.984375,569538,42971,165,20260914_194714_ogbn-papers100M_FedAvg_bs32_seed42_beta10000p0,True,True
32,185,process_peak_rss_bytes,1674481664,1596.91015625,569538,41887,165,20260914_194714_ogbn-papers100M_FedAvg_bs32_seed42_beta10000p0,True,True
32,186,process_peak_rss_bytes,1691029504,1612.69140625,569538,42308,165,20260914_194714_ogbn-papers100M_FedAvg_bs32_seed42_beta10000p0,True,True
32,187,process_peak_rss_bytes,1651441664,1574.9375,569538,42395,165,20260914_194714_ogbn-papers100M_FedAvg_bs32_seed42_beta10000p0,True,True
32,188,process_peak_rss_bytes,1667915776,1590.6484375,569538,42504,165,20260914_194714_ogbn-papers100M_FedAvg_bs32_seed42_beta10000p0,True,True
32,189,process_peak_rss_bytes,1677897728,1600.16796875,569538,41857,165,20260914_194714_ogbn-papers100M_FedAvg_bs32_seed42_beta10000p0,True,True
32,190,process_peak_rss_bytes,1687846912,1609.65625,569538,42537,165,20260914_194714_ogbn-papers100M_FedAvg_bs32_seed42_beta10000p0,True,True
32,191,process_peak_rss_bytes,1667768320,1590.5078125,569538,42364,165,20260914_194714_ogbn-papers100M_FedAvg_bs32_seed42_beta10000p0,True,True
32,192,process_peak_rss_bytes,1681616896,1603.71484375,569538,42279,165,20260914_194714_ogbn-papers100M_FedAvg_bs32_seed42_beta10000p0,True,True
32,193,process_peak_rss_bytes,1694474240,1615.9765625,569538,42402,165,20260914_194714_ogbn-papers100M_FedAvg_bs32_seed42_beta10000p0,True,True
32,194,process_peak_rss_bytes,1669169152,1591.84375,569538,42488,165,20260914_194714_ogbn-papers100M_FedAvg_bs32_seed42_beta10000p0,True,True
64,0,process_peak_rss_bytes,1628434432,1552.99609375,569539,42085,165,20260914_200157_ogbn-papers100M_FedAvg_bs64_seed42_beta10000p0,True,True
64,1,process_peak_rss_bytes,1596088320,1522.1484375,569539,42192,165,20260914_200157_ogbn-papers100M_FedAvg_bs64_seed42_beta10000p0,True,False
64,2,process_peak_rss_bytes,1621766144,1546.63671875,569539,42649,165,20260914_200157_ogbn-papers100M_FedAvg_bs64_seed42_beta10000p0,True,False
64,3,process_peak_rss_bytes,1635889152,1560.10546875,569539,42566,165,20260914_200157_ogbn-papers100M_FedAvg_bs64_seed42_beta10000p0,True,True
64,4,process_peak_rss_bytes,1625985024,1550.66015625,569539,42106,165,20260914_200157_ogbn-papers100M_FedAvg_bs64_seed42_beta10000p0,True,True
64,5,process_peak_rss_bytes,1636020224,1560.23046875,569539,42478,165,20260914_200157_ogbn-papers100M_FedAvg_bs64_seed42_beta10000p0,True,True
64,6,process_peak_rss_bytes,1673166848,1595.65625,569539,41630,165,20260914_200157_ogbn-papers100M_FedAvg_bs64_seed42_beta10000p0,True,True
64,7,process_peak_rss_bytes,1633804288,1558.1171875,569539,42632,165,20260914_200157_ogbn-papers100M_FedAvg_bs64_seed42_beta10000p0,True,True
64,8,process_peak_rss_bytes,1626521600,1551.171875,569539,41951,165,20260914_200157_ogbn-papers100M_FedAvg_bs64_seed42_beta10000p0,True,True
64,9,process_peak_rss_bytes,1630072832,1554.55859375,569539,43121,165,20260914_200157_ogbn-papers100M_FedAvg_bs64_seed42_beta10000p0,True,True
64,10,process_peak_rss_bytes,1642479616,1566.390625,569539,42455,165,20260914_200157_ogbn-papers100M_FedAvg_bs64_seed42_beta10000p0,True,True
64,11,process_peak_rss_bytes,1625518080,1550.21484375,569539,42613,165,20260914_200157_ogbn-papers100M_FedAvg_bs64_seed42_beta10000p0,True,True
64,12,process_peak_rss_bytes,1601150976,1526.9765625,569539,42902,165,20260914_200157_ogbn-papers100M_FedAvg_bs64_seed42_beta10000p0,True,False
64,13,process_peak_rss_bytes,1606033408,1531.6328125,569539,42317,165,20260914_200157_ogbn-papers100M_FedAvg_bs64_seed42_beta10000p0,True,False
64,14,process_peak_rss_bytes,1672409088,1594.93359375,569539,42296,165,20260914_200157_ogbn-papers100M_FedAvg_bs64_seed42_beta10000p0,True,True
64,15,process_peak_rss_bytes,1635799040,1560.01953125,569539,42146,165,20260914_200157_ogbn-papers100M_FedAvg_bs64_seed42_beta10000p0,True,True
64,16,process_peak_rss_bytes,1632206848,1556.59375,569539,41922,165,20260914_200157_ogbn-papers100M_FedAvg_bs64_seed42_beta10000p0,True,True
64,17,process_peak_rss_bytes,1638707200,1562.79296875,569539,42390,165,20260914_200157_ogbn-papers100M_FedAvg_bs64_seed42_beta10000p0,True,True
64,18,process_peak_rss_bytes,1621852160,1546.71875,569539,41847,165,20260914_200157_ogbn-papers100M_FedAvg_bs64_seed42_beta10000p0,True,False
64,19,process_peak_rss_bytes,1624473600,1549.21875,569539,42582,165,20260914_200157_ogbn-papers100M_FedAvg_bs64_seed42_beta10000p0,True,True
64,20,process_peak_rss_bytes,1596985344,1523.00390625,569539,42966,165,20260914_200157_ogbn-papers100M_FedAvg_bs64_seed42_beta10000p0,True,False
64,21,process_peak_rss_bytes,1611575296,1536.91796875,569539,42584,165,20260914_200157_ogbn-papers100M_FedAvg_bs64_seed42_beta10000p0,True,False
64,22,process_peak_rss_bytes,1620766720,1545.68359375,569539,42003,165,20260914_200157_ogbn-papers100M_FedAvg_bs64_seed42_beta10000p0,True,False
64,23,process_peak_rss_bytes,1618083840,1543.125,569539,42415,165,20260914_200157_ogbn-papers100M_FedAvg_bs64_seed42_beta10000p0,True,False
64,24,process_peak_rss_bytes,1619439616,1544.41796875,569539,41850,165,20260914_200157_ogbn-papers100M_FedAvg_bs64_seed42_beta10000p0,True,False
64,25,process_peak_rss_bytes,1607888896,1533.40234375,569539,42152,165,20260914_200157_ogbn-papers100M_FedAvg_bs64_seed42_beta10000p0,True,False
64,26,process_peak_rss_bytes,1670639616,1593.24609375,569539,42344,165,20260914_200157_ogbn-papers100M_FedAvg_bs64_seed42_beta10000p0,True,True
64,27,process_peak_rss_bytes,1618915328,1543.91796875,569539,42322,165,20260914_200157_ogbn-papers100M_FedAvg_bs64_seed42_beta10000p0,True,False
64,28,process_peak_rss_bytes,1603244032,1528.97265625,569539,43060,165,20260914_200157_ogbn-papers100M_FedAvg_bs64_seed42_beta10000p0,True,False
64,29,process_peak_rss_bytes,1643008000,1566.89453125,569539,43189,165,20260914_200157_ogbn-papers100M_FedAvg_bs64_seed42_beta10000p0,True,True
64,30,process_peak_rss_bytes,1669582848,1592.23828125,569539,42646,165,20260914_200157_ogbn-papers100M_FedAvg_bs64_seed42_beta10000p0,True,True
64,31,process_peak_rss_bytes,1620049920,1545.0,569539,42757,165,20260914_200157_ogbn-papers100M_FedAvg_bs64_seed42_beta10000p0,True,False
64,32,process_peak_rss_bytes,1596612608,1522.6484375,569539,42148,165,20260914_200157_ogbn-papers100M_FedAvg_bs64_seed42_beta10000p0,True,False
64,33,process_peak_rss_bytes,1607884800,1533.3984375,569539,43164,165,20260914_200157_ogbn-papers100M_FedAvg_bs64_seed42_beta10000p0,True,False
64,34,process_peak_rss_bytes,1612886016,1538.16796875,569539,42454,165,20260914_200157_ogbn-papers100M_FedAvg_bs64_seed42_beta10000p0,True,False
64,35,process_peak_rss_bytes,1611530240,1536.875,569539,43289,165,20260914_200157_ogbn-papers100M_FedAvg_bs64_seed42_beta10000p0,True,False
64,36,process_peak_rss_bytes,1651724288,1575.20703125,569539,42743,165,20260914_200157_ogbn-papers100M_FedAvg_bs64_seed42_beta10000p0,True,True
64,37,process_peak_rss_bytes,1652486144,1575.93359375,569539,42489,165,20260914_200157_ogbn-papers100M_FedAvg_bs64_seed42_beta10000p0,True,True
64,38,process_peak_rss_bytes,1631363072,1555.7890625,569539,43384,165,20260914_200157_ogbn-papers100M_FedAvg_bs64_seed42_beta10000p0,True,True
64,39,process_peak_rss_bytes,1611251712,1536.609375,569539,43634,165,20260914_200157_ogbn-papers100M_FedAvg_bs64_seed42_beta10000p0,True,False
64,40,process_peak_rss_bytes,1630679040,1555.13671875,569539,42548,165,20260914_200157_ogbn-papers100M_FedAvg_bs64_seed42_beta10000p0,True,True
64,41,process_peak_rss_bytes,1593901056,1520.0625,569539,42113,165,20260914_200157_ogbn-papers100M_FedAvg_bs64_seed42_beta10000p0,True,False
64,42,process_peak_rss_bytes,1588203520,1514.62890625,569539,42360,165,20260914_200157_ogbn-papers100M_FedAvg_bs64_seed42_beta10000p0,True,False
64,43,process_peak_rss_bytes,1629036544,1553.5703125,569539,42194,165,20260914_200157_ogbn-papers100M_FedAvg_bs64_seed42_beta10000p0,True,True
64,44,process_peak_rss_bytes,1629814784,1554.3125,569539,42371,165,20260914_200157_ogbn-papers100M_FedAvg_bs64_seed42_beta10000p0,True,True
64,45,process_peak_rss_bytes,1619390464,1544.37109375,569539,42610,165,20260914_200157_ogbn-papers100M_FedAvg_bs64_seed42_beta10000p0,True,False
64,46,process_peak_rss_bytes,1656442880,1579.70703125,569538,42482,165,20260914_200157_ogbn-papers100M_FedAvg_bs64_seed42_beta10000p0,True,True
64,47,process_peak_rss_bytes,1689948160,1611.66015625,569538,42568,165,20260914_200157_ogbn-papers100M_FedAvg_bs64_seed42_beta10000p0,True,True
64,48,process_peak_rss_bytes,1667502080,1590.25390625,569538,42836,165,20260914_200157_ogbn-papers100M_FedAvg_bs64_seed42_beta10000p0,True,True
64,49,process_peak_rss_bytes,1659375616,1582.50390625,569538,42558,165,20260914_200157_ogbn-papers100M_FedAvg_bs64_seed42_beta10000p0,True,True
64,50,process_peak_rss_bytes,1698136064,1619.46875,569538,42598,165,20260914_200157_ogbn-papers100M_FedAvg_bs64_seed42_beta10000p0,True,True
64,51,process_peak_rss_bytes,1661595648,1584.62109375,569538,42423,165,20260914_200157_ogbn-papers100M_FedAvg_bs64_seed42_beta10000p0,True,True
64,52,process_peak_rss_bytes,1682726912,1604.7734375,569538,42096,165,20260914_200157_ogbn-papers100M_FedAvg_bs64_seed42_beta10000p0,True,True
64,53,process_peak_rss_bytes,1681514496,1603.6171875,569538,42819,165,20260914_200157_ogbn-papers100M_FedAvg_bs64_seed42_beta10000p0,True,True
64,54,process_peak_rss_bytes,1660481536,1583.55859375,569538,41987,165,20260914_200157_ogbn-papers100M_FedAvg_bs64_seed42_beta10000p0,True,True
64,55,process_peak_rss_bytes,1682313216,1604.37890625,569538,42945,165,20260914_200157_ogbn-papers100M_FedAvg_bs64_seed42_beta10000p0,True,True
64,56,process_peak_rss_bytes,1653362688,1576.76953125,569538,42997,165,20260914_200157_ogbn-papers100M_FedAvg_bs64_seed42_beta10000p0,True,True
64,57,process_peak_rss_bytes,1648541696,1572.171875,569538,42743,165,20260914_200157_ogbn-papers100M_FedAvg_bs64_seed42_beta10000p0,True,True
64,58,process_peak_rss_bytes,1660993536,1584.046875,569538,43148,165,20260914_200157_ogbn-papers100M_FedAvg_bs64_seed42_beta10000p0,True,True
64,59,process_peak_rss_bytes,1694670848,1616.1640625,569538,42756,165,20260914_200157_ogbn-papers100M_FedAvg_bs64_seed42_beta10000p0,True,True
64,60,process_peak_rss_bytes,1663070208,1586.02734375,569538,41749,165,20260914_200157_ogbn-papers100M_FedAvg_bs64_seed42_beta10000p0,True,True
64,61,process_peak_rss_bytes,1698758656,1620.0625,569538,42354,165,20260914_200157_ogbn-papers100M_FedAvg_bs64_seed42_beta10000p0,True,True
64,62,process_peak_rss_bytes,1685299200,1607.2265625,569538,43049,165,20260914_200157_ogbn-papers100M_FedAvg_bs64_seed42_beta10000p0,True,True
64,63,process_peak_rss_bytes,1673588736,1596.05859375,569538,42524,165,20260914_200157_ogbn-papers100M_FedAvg_bs64_seed42_beta10000p0,True,True
64,64,process_peak_rss_bytes,1683116032,1605.14453125,569538,42105,165,20260914_200157_ogbn-papers100M_FedAvg_bs64_seed42_beta10000p0,True,True
64,65,process_peak_rss_bytes,1703731200,1624.8046875,569538,42707,165,20260914_200157_ogbn-papers100M_FedAvg_bs64_seed42_beta10000p0,True,True
64,66,process_peak_rss_bytes,1662234624,1585.23046875,569538,42115,165,20260914_200157_ogbn-papers100M_FedAvg_bs64_seed42_beta10000p0,True,True
64,67,process_peak_rss_bytes,1701982208,1623.13671875,569538,42991,165,20260914_200157_ogbn-papers100M_FedAvg_bs64_seed42_beta10000p0,True,True
64,68,process_peak_rss_bytes,1678082048,1600.34375,569538,42019,165,20260914_200157_ogbn-papers100M_FedAvg_bs64_seed42_beta10000p0,True,True
64,69,process_peak_rss_bytes,1706680320,1627.6171875,569538,42344,165,20260914_200157_ogbn-papers100M_FedAvg_bs64_seed42_beta10000p0,True,True
64,70,process_peak_rss_bytes,1668063232,1590.7890625,569538,42297,165,20260914_200157_ogbn-papers100M_FedAvg_bs64_seed42_beta10000p0,True,True
64,71,process_peak_rss_bytes,1676099584,1598.453125,569538,42864,165,20260914_200157_ogbn-papers100M_FedAvg_bs64_seed42_beta10000p0,True,True
64,72,process_peak_rss_bytes,1667284992,1590.046875,569538,42513,165,20260914_200157_ogbn-papers100M_FedAvg_bs64_seed42_beta10000p0,True,True
64,73,process_peak_rss_bytes,1685819392,1607.72265625,569538,41910,165,20260914_200157_ogbn-papers100M_FedAvg_bs64_seed42_beta10000p0,True,True
64,74,process_peak_rss_bytes,1700696064,1621.91015625,569538,42845,165,20260914_200157_ogbn-papers100M_FedAvg_bs64_seed42_beta10000p0,True,True
64,75,process_peak_rss_bytes,1676709888,1599.03515625,569538,42471,165,20260914_200157_ogbn-papers100M_FedAvg_bs64_seed42_beta10000p0,True,True
64,76,process_peak_rss_bytes,1668378624,1591.08984375,569538,42738,165,20260914_200157_ogbn-papers100M_FedAvg_bs64_seed42_beta10000p0,True,True
64,77,process_peak_rss_bytes,1680433152,1602.5859375,569538,42424,165,20260914_200157_ogbn-papers100M_FedAvg_bs64_seed42_beta10000p0,True,True
64,78,process_peak_rss_bytes,1679368192,1601.5703125,569538,42456,165,20260914_200157_ogbn-papers100M_FedAvg_bs64_seed42_beta10000p0,True,True
64,79,process_peak_rss_bytes,1659912192,1583.015625,569538,42850,165,20260914_200157_ogbn-papers100M_FedAvg_bs64_seed42_beta10000p0,True,True
64,80,process_peak_rss_bytes,1702133760,1623.28125,569538,42105,165,20260914_200157_ogbn-papers100M_FedAvg_bs64_seed42_beta10000p0,True,True
64,81,process_peak_rss_bytes,1700569088,1621.7890625,569538,43104,165,20260914_200157_ogbn-papers100M_FedAvg_bs64_seed42_beta10000p0,True,True
64,82,process_peak_rss_bytes,1680936960,1603.06640625,569538,42245,165,20260914_200157_ogbn-papers100M_FedAvg_bs64_seed42_beta10000p0,True,True
64,83,process_peak_rss_bytes,1648910336,1572.5234375,569538,42180,165,20260914_200157_ogbn-papers100M_FedAvg_bs64_seed42_beta10000p0,True,True
64,84,process_peak_rss_bytes,1680621568,1602.765625,569538,42400,165,20260914_200157_ogbn-papers100M_FedAvg_bs64_seed42_beta10000p0,True,True
64,85,process_peak_rss_bytes,1676009472,1598.3671875,569538,42420,165,20260914_200157_ogbn-papers100M_FedAvg_bs64_seed42_beta10000p0,True,True
64,86,process_peak_rss_bytes,1683501056,1605.51171875,569538,42300,165,20260914_200157_ogbn-papers100M_FedAvg_bs64_seed42_beta10000p0,True,True
64,87,process_peak_rss_bytes,1700974592,1622.17578125,569538,42097,165,20260914_200157_ogbn-papers100M_FedAvg_bs64_seed42_beta10000p0,True,True
64,88,process_peak_rss_bytes,1648640000,1572.265625,569538,43090,165,20260914_200157_ogbn-papers100M_FedAvg_bs64_seed42_beta10000p0,True,True
64,89,process_peak_rss_bytes,1693171712,1614.734375,569538,42182,165,20260914_200157_ogbn-papers100M_FedAvg_bs64_seed42_beta10000p0,True,True
64,90,process_peak_rss_bytes,1686360064,1608.23828125,569538,42803,165,20260914_200157_ogbn-papers100M_FedAvg_bs64_seed42_beta10000p0,True,True
64,91,process_peak_rss_bytes,1673056256,1595.55078125,569538,42567,165,20260914_200157_ogbn-papers100M_FedAvg_bs64_seed42_beta10000p0,True,True
64,92,process_peak_rss_bytes,1677930496,1600.19921875,569538,42263,165,20260914_200157_ogbn-papers100M_FedAvg_bs64_seed42_beta10000p0,True,True
64,93,process_peak_rss_bytes,1669664768,1592.31640625,569538,41896,165,20260914_200157_ogbn-papers100M_FedAvg_bs64_seed42_beta10000p0,True,True
64,94,process_peak_rss_bytes,1659076608,1582.21875,569538,42067,165,20260914_200157_ogbn-papers100M_FedAvg_bs64_seed42_beta10000p0,True,True
64,95,process_peak_rss_bytes,1636786176,1560.9609375,569538,41918,165,20260914_200157_ogbn-papers100M_FedAvg_bs64_seed42_beta10000p0,True,True
64,96,process_peak_rss_bytes,1696247808,1617.66796875,569538,42003,165,20260914_200157_ogbn-papers100M_FedAvg_bs64_seed42_beta10000p0,True,True
64,97,process_peak_rss_bytes,1690288128,1611.984375,569538,42810,165,20260914_200157_ogbn-papers100M_FedAvg_bs64_seed42_beta10000p0,True,True
64,98,process_peak_rss_bytes,1647050752,1570.75,569538,42584,165,20260914_200157_ogbn-papers100M_FedAvg_bs64_seed42_beta10000p0,True,True
64,99,process_peak_rss_bytes,1673297920,1595.78125,569538,42216,165,20260914_200157_ogbn-papers100M_FedAvg_bs64_seed42_beta10000p0,True,True
64,100,process_peak_rss_bytes,1681145856,1603.265625,569538,42148,165,20260914_200157_ogbn-papers100M_FedAvg_bs64_seed42_beta10000p0,True,True
64,101,process_peak_rss_bytes,1673027584,1595.5234375,569538,41381,165,20260914_200157_ogbn-papers100M_FedAvg_bs64_seed42_beta10000p0,True,True
64,102,process_peak_rss_bytes,1697234944,1618.609375,569538,42621,165,20260914_200157_ogbn-papers100M_FedAvg_bs64_seed42_beta10000p0,True,True
64,103,process_peak_rss_bytes,1667788800,1590.52734375,569538,42422,165,20260914_200157_ogbn-papers100M_FedAvg_bs64_seed42_beta10000p0,True,True
64,104,process_peak_rss_bytes,1648922624,1572.53515625,569538,42519,165,20260914_200157_ogbn-papers100M_FedAvg_bs64_seed42_beta10000p0,True,True
64,105,process_peak_rss_bytes,1647321088,1571.0078125,569538,42552,165,20260914_200157_ogbn-papers100M_FedAvg_bs64_seed42_beta10000p0,True,True
64,106,process_peak_rss_bytes,1701867520,1623.02734375,569538,42631,165,20260914_200157_ogbn-papers100M_FedAvg_bs64_seed42_beta10000p0,True,True
64,107,process_peak_rss_bytes,1695268864,1616.734375,569538,42612,165,20260914_200157_ogbn-papers100M_FedAvg_bs64_seed42_beta10000p0,True,True
64,108,process_peak_rss_bytes,1703018496,1624.125,569538,42490,165,20260914_200157_ogbn-papers100M_FedAvg_bs64_seed42_beta10000p0,True,True
64,109,process_peak_rss_bytes,1664008192,1586.921875,569538,42260,165,20260914_200157_ogbn-papers100M_FedAvg_bs64_seed42_beta10000p0,True,True
64,110,process_peak_rss_bytes,1698516992,1619.83203125,569538,42979,165,20260914_200157_ogbn-papers100M_FedAvg_bs64_seed42_beta10000p0,True,True
64,111,process_peak_rss_bytes,1693605888,1615.1484375,569538,41990,165,20260914_200157_ogbn-papers100M_FedAvg_bs64_seed42_beta10000p0,True,True
64,112,process_peak_rss_bytes,1663209472,1586.16015625,569538,41881,165,20260914_200157_ogbn-papers100M_FedAvg_bs64_seed42_beta10000p0,True,True
64,113,process_peak_rss_bytes,1658138624,1581.32421875,569538,42543,165,20260914_200157_ogbn-papers100M_FedAvg_bs64_seed42_beta10000p0,True,True
64,114,process_peak_rss_bytes,1663123456,1586.078125,569538,42145,165,20260914_200157_ogbn-papers100M_FedAvg_bs64_seed42_beta10000p0,True,True
64,115,process_peak_rss_bytes,1688104960,1609.90234375,569538,42653,165,20260914_200157_ogbn-papers100M_FedAvg_bs64_seed42_beta10000p0,True,True
64,116,process_peak_rss_bytes,1660039168,1583.13671875,569538,42140,165,20260914_200157_ogbn-papers100M_FedAvg_bs64_seed42_beta10000p0,True,True
64,117,process_peak_rss_bytes,1689772032,1611.4921875,569538,42206,165,20260914_200157_ogbn-papers100M_FedAvg_bs64_seed42_beta10000p0,True,True
64,118,process_peak_rss_bytes,1656102912,1579.3828125,569538,41664,165,20260914_200157_ogbn-papers100M_FedAvg_bs64_seed42_beta10000p0,True,True
64,119,process_peak_rss_bytes,1710665728,1631.41796875,569538,42642,165,20260914_200157_ogbn-papers100M_FedAvg_bs64_seed42_beta10000p0,True,False
64,120,process_peak_rss_bytes,1674809344,1597.22265625,569538,43040,165,20260914_200157_ogbn-papers100M_FedAvg_bs64_seed42_beta10000p0,True,True
64,121,process_peak_rss_bytes,1696538624,1617.9453125,569538,41451,165,20260914_200157_ogbn-papers100M_FedAvg_bs64_seed42_beta10000p0,True,True
64,122,process_peak_rss_bytes,1696604160,1618.0078125,569538,42278,165,20260914_200157_ogbn-papers100M_FedAvg_bs64_seed42_beta10000p0,True,True
64,123,process_peak_rss_bytes,1686466560,1608.33984375,569538,42105,165,20260914_200157_ogbn-papers100M_FedAvg_bs64_seed42_beta10000p0,True,True
64,124,process_peak_rss_bytes,1701462016,1622.640625,569538,43578,165,20260914_200157_ogbn-papers100M_FedAvg_bs64_seed42_beta10000p0,True,True
64,125,process_peak_rss_bytes,1669861376,1592.50390625,569538,42832,165,20260914_200157_ogbn-papers100M_FedAvg_bs64_seed42_beta10000p0,True,True
64,126,process_peak_rss_bytes,1656987648,1580.2265625,569538,42506,165,20260914_200157_ogbn-papers100M_FedAvg_bs64_seed42_beta10000p0,True,True
64,127,process_peak_rss_bytes,1655541760,1578.84765625,569538,42021,165,20260914_200157_ogbn-papers100M_FedAvg_bs64_seed42_beta10000p0,True,True
64,128,process_peak_rss_bytes,1701363712,1622.546875,569538,42892,165,20260914_200157_ogbn-papers100M_FedAvg_bs64_seed42_beta10000p0,True,True
64,129,process_peak_rss_bytes,1659547648,1582.66796875,569538,42089,165,20260914_200157_ogbn-papers100M_FedAvg_bs64_seed42_beta10000p0,True,True
64,130,process_peak_rss_bytes,1645146112,1568.93359375,569538,42978,165,20260914_200157_ogbn-papers100M_FedAvg_bs64_seed42_beta10000p0,True,True
64,131,process_peak_rss_bytes,1680560128,1602.70703125,569538,42644,165,20260914_200157_ogbn-papers100M_FedAvg_bs64_seed42_beta10000p0,True,True
64,132,process_peak_rss_bytes,1687900160,1609.70703125,569538,42241,165,20260914_200157_ogbn-papers100M_FedAvg_bs64_seed42_beta10000p0,True,True
64,133,process_peak_rss_bytes,1683451904,1605.46484375,569538,42714,165,20260914_200157_ogbn-papers100M_FedAvg_bs64_seed42_beta10000p0,True,True
64,134,process_peak_rss_bytes,1664696320,1587.578125,569538,44260,165,20260914_200157_ogbn-papers100M_FedAvg_bs64_seed42_beta10000p0,True,True
64,135,process_peak_rss_bytes,1672175616,1594.7109375,569538,42984,165,20260914_200157_ogbn-papers100M_FedAvg_bs64_seed42_beta10000p0,True,True
64,136,process_peak_rss_bytes,1674338304,1596.7734375,569538,43648,165,20260914_200157_ogbn-papers100M_FedAvg_bs64_seed42_beta10000p0,True,True
64,137,process_peak_rss_bytes,1691406336,1613.05078125,569538,43556,165,20260914_200157_ogbn-papers100M_FedAvg_bs64_seed42_beta10000p0,True,True
64,138,process_peak_rss_bytes,1658458112,1581.62890625,569538,42964,165,20260914_200157_ogbn-papers100M_FedAvg_bs64_seed42_beta10000p0,True,True
64,139,process_peak_rss_bytes,1676636160,1598.96484375,569538,42537,165,20260914_200157_ogbn-papers100M_FedAvg_bs64_seed42_beta10000p0,True,True
64,140,process_peak_rss_bytes,1675501568,1597.8828125,569538,42870,165,20260914_200157_ogbn-papers100M_FedAvg_bs64_seed42_beta10000p0,True,True
64,141,process_peak_rss_bytes,1713078272,1633.71875,569538,42495,165,20260914_200157_ogbn-papers100M_FedAvg_bs64_seed42_beta10000p0,True,False
64,142,process_peak_rss_bytes,1707503616,1628.40234375,569538,42349,165,20260914_200157_ogbn-papers100M_FedAvg_bs64_seed42_beta10000p0,True,True
64,143,process_peak_rss_bytes,1677299712,1599.59765625,569538,41728,165,20260914_200157_ogbn-papers100M_FedAvg_bs64_seed42_beta10000p0,True,True
64,144,process_peak_rss_bytes,1671151616,1593.734375,569538,42912,165,20260914_200157_ogbn-papers100M_FedAvg_bs64_seed42_beta10000p0,True,True
64,145,process_peak_rss_bytes,1688477696,1610.2578125,569538,43085,165,20260914_200157_ogbn-papers100M_FedAvg_bs64_seed42_beta10000p0,True,True
64,146,process_peak_rss_bytes,1671548928,1594.11328125,569538,43108,165,20260914_200157_ogbn-papers100M_FedAvg_bs64_seed42_beta10000p0,True,True
64,147,process_peak_rss_bytes,1689731072,1611.453125,569538,43269,165,20260914_200157_ogbn-papers100M_FedAvg_bs64_seed42_beta10000p0,True,True
64,148,process_peak_rss_bytes,1670520832,1593.1328125,569538,42626,165,20260914_200157_ogbn-papers100M_FedAvg_bs64_seed42_beta10000p0,True,True
64,149,process_peak_rss_bytes,1677266944,1599.56640625,569538,42342,165,20260914_200157_ogbn-papers100M_FedAvg_bs64_seed42_beta10000p0,True,True
64,150,process_peak_rss_bytes,1695076352,1616.55078125,569538,41834,165,20260914_200157_ogbn-papers100M_FedAvg_bs64_seed42_beta10000p0,True,True
64,151,process_peak_rss_bytes,1685565440,1607.48046875,569538,42539,165,20260914_200157_ogbn-papers100M_FedAvg_bs64_seed42_beta10000p0,True,True
64,152,process_peak_rss_bytes,1701089280,1622.28515625,569538,41816,165,20260914_200157_ogbn-papers100M_FedAvg_bs64_seed42_beta10000p0,True,True
64,153,process_peak_rss_bytes,1673584640,1596.0546875,569538,42146,165,20260914_200157_ogbn-papers100M_FedAvg_bs64_seed42_beta10000p0,True,True
64,154,process_peak_rss_bytes,1698631680,1619.94140625,569538,42176,165,20260914_200157_ogbn-papers100M_FedAvg_bs64_seed42_beta10000p0,True,True
64,155,process_peak_rss_bytes,1684774912,1606.7265625,569538,42579,165,20260914_200157_ogbn-papers100M_FedAvg_bs64_seed42_beta10000p0,True,True
64,156,process_peak_rss_bytes,1684971520,1606.9140625,569538,42692,165,20260914_200157_ogbn-papers100M_FedAvg_bs64_seed42_beta10000p0,True,True
64,157,process_peak_rss_bytes,1671503872,1594.0703125,569538,42495,165,20260914_200157_ogbn-papers100M_FedAvg_bs64_seed42_beta10000p0,True,True
64,158,process_peak_rss_bytes,1677783040,1600.05859375,569538,42523,165,20260914_200157_ogbn-papers100M_FedAvg_bs64_seed42_beta10000p0,True,True
64,159,process_peak_rss_bytes,1669926912,1592.56640625,569538,42420,165,20260914_200157_ogbn-papers100M_FedAvg_bs64_seed42_beta10000p0,True,True
64,160,process_peak_rss_bytes,1693028352,1614.59765625,569538,43253,165,20260914_200157_ogbn-papers100M_FedAvg_bs64_seed42_beta10000p0,True,True
64,161,process_peak_rss_bytes,1696055296,1617.484375,569538,42194,165,20260914_200157_ogbn-papers100M_FedAvg_bs64_seed42_beta10000p0,True,True
64,162,process_peak_rss_bytes,1667883008,1590.6171875,569538,42360,165,20260914_200157_ogbn-papers100M_FedAvg_bs64_seed42_beta10000p0,True,True
64,163,process_peak_rss_bytes,1676697600,1599.0234375,569538,42567,165,20260914_200157_ogbn-papers100M_FedAvg_bs64_seed42_beta10000p0,True,True
64,164,process_peak_rss_bytes,1667403776,1590.16015625,569538,41939,165,20260914_200157_ogbn-papers100M_FedAvg_bs64_seed42_beta10000p0,True,True
64,165,process_peak_rss_bytes,1667936256,1590.66796875,569538,43107,165,20260914_200157_ogbn-papers100M_FedAvg_bs64_seed42_beta10000p0,True,True
64,166,process_peak_rss_bytes,1678422016,1600.66796875,569538,42220,165,20260914_200157_ogbn-papers100M_FedAvg_bs64_seed42_beta10000p0,True,True
64,167,process_peak_rss_bytes,1668825088,1591.515625,569538,41828,165,20260914_200157_ogbn-papers100M_FedAvg_bs64_seed42_beta10000p0,True,True
64,168,process_peak_rss_bytes,1675149312,1597.546875,569538,42494,165,20260914_200157_ogbn-papers100M_FedAvg_bs64_seed42_beta10000p0,True,True
64,169,process_peak_rss_bytes,1669201920,1591.875,569538,42483,165,20260914_200157_ogbn-papers100M_FedAvg_bs64_seed42_beta10000p0,True,True
64,170,process_peak_rss_bytes,1685577728,1607.4921875,569538,42465,165,20260914_200157_ogbn-papers100M_FedAvg_bs64_seed42_beta10000p0,True,True
64,171,process_peak_rss_bytes,1671770112,1594.32421875,569538,42399,165,20260914_200157_ogbn-papers100M_FedAvg_bs64_seed42_beta10000p0,True,True
64,172,process_peak_rss_bytes,1690337280,1612.03125,569538,42341,165,20260914_200157_ogbn-papers100M_FedAvg_bs64_seed42_beta10000p0,True,True
64,173,process_peak_rss_bytes,1688711168,1610.48046875,569538,42635,165,20260914_200157_ogbn-papers100M_FedAvg_bs64_seed42_beta10000p0,True,True
64,174,process_peak_rss_bytes,1657692160,1580.8984375,569538,42816,165,20260914_200157_ogbn-papers100M_FedAvg_bs64_seed42_beta10000p0,True,True
64,175,process_peak_rss_bytes,1663455232,1586.39453125,569538,42144,165,20260914_200157_ogbn-papers100M_FedAvg_bs64_seed42_beta10000p0,True,True
64,176,process_peak_rss_bytes,1662754816,1585.7265625,569538,42031,165,20260914_200157_ogbn-papers100M_FedAvg_bs64_seed42_beta10000p0,True,True
64,177,process_peak_rss_bytes,1677000704,1599.3125,569538,42925,165,20260914_200157_ogbn-papers100M_FedAvg_bs64_seed42_beta10000p0,True,True
64,178,process_peak_rss_bytes,1706749952,1627.68359375,569538,42505,165,20260914_200157_ogbn-papers100M_FedAvg_bs64_seed42_beta10000p0,True,True
64,179,process_peak_rss_bytes,1680171008,1602.3359375,569538,42742,165,20260914_200157_ogbn-papers100M_FedAvg_bs64_seed42_beta10000p0,True,True
64,180,process_peak_rss_bytes,1692733440,1614.31640625,569538,42844,165,20260914_200157_ogbn-papers100M_FedAvg_bs64_seed42_beta10000p0,True,True
64,181,process_peak_rss_bytes,1701015552,1622.21484375,569538,42424,165,20260914_200157_ogbn-papers100M_FedAvg_bs64_seed42_beta10000p0,True,True
64,182,process_peak_rss_bytes,1706307584,1627.26171875,569538,42304,165,20260914_200157_ogbn-papers100M_FedAvg_bs64_seed42_beta10000p0,True,True
64,183,process_peak_rss_bytes,1697796096,1619.14453125,569538,41650,165,20260914_200157_ogbn-papers100M_FedAvg_bs64_seed42_beta10000p0,True,True
64,184,process_peak_rss_bytes,1662754816,1585.7265625,569538,42971,165,20260914_200157_ogbn-papers100M_FedAvg_bs64_seed42_beta10000p0,True,True
64,185,process_peak_rss_bytes,1704251392,1625.30078125,569538,41887,165,20260914_200157_ogbn-papers100M_FedAvg_bs64_seed42_beta10000p0,True,True
64,186,process_peak_rss_bytes,1658494976,1581.6640625,569538,42308,165,20260914_200157_ogbn-papers100M_FedAvg_bs64_seed42_beta10000p0,True,True
64,187,process_peak_rss_bytes,1705512960,1626.50390625,569538,42395,165,20260914_200157_ogbn-papers100M_FedAvg_bs64_seed42_beta10000p0,True,True
64,188,process_peak_rss_bytes,1701597184,1622.76953125,569538,42504,165,20260914_200157_ogbn-papers100M_FedAvg_bs64_seed42_beta10000p0,True,True
64,189,process_peak_rss_bytes,1697202176,1618.578125,569538,41857,165,20260914_200157_ogbn-papers100M_FedAvg_bs64_seed42_beta10000p0,True,True
64,190,process_peak_rss_bytes,1668042752,1590.76953125,569538,42537,165,20260914_200157_ogbn-papers100M_FedAvg_bs64_seed42_beta10000p0,True,True
64,191,process_peak_rss_bytes,1673056256,1595.55078125,569538,42364,165,20260914_200157_ogbn-papers100M_FedAvg_bs64_seed42_beta10000p0,True,True
64,192,process_peak_rss_bytes,1675550720,1597.9296875,569538,42279,165,20260914_200157_ogbn-papers100M_FedAvg_bs64_seed42_beta10000p0,True,True
64,193,process_peak_rss_bytes,1691176960,1612.83203125,569538,42402,165,20260914_200157_ogbn-papers100M_FedAvg_bs64_seed42_beta10000p0,True,True
64,194,process_peak_rss_bytes,1666908160,1589.6875,569538,42488,165,20260914_200157_ogbn-papers100M_FedAvg_bs64_seed42_beta10000p0,True,True
128,0,process_peak_rss_bytes,1592303616,1518.5390625,569539,42085,165,20260914_201408_ogbn-papers100M_FedAvg_bs128_seed42_beta10000p0,True,False
128,1,process_peak_rss_bytes,1607249920,1532.79296875,569539,42192,165,20260914_201408_ogbn-papers100M_FedAvg_bs128_seed42_beta10000p0,True,False
128,2,process_peak_rss_bytes,1591988224,1518.23828125,569539,42649,165,20260914_201408_ogbn-papers100M_FedAvg_bs128_seed42_beta10000p0,True,False
128,3,process_peak_rss_bytes,1634082816,1558.3828125,569539,42566,165,20260914_201408_ogbn-papers100M_FedAvg_bs128_seed42_beta10000p0,True,True
128,4,process_peak_rss_bytes,1626574848,1551.22265625,569539,42106,165,20260914_201408_ogbn-papers100M_FedAvg_bs128_seed42_beta10000p0,True,True
128,5,process_peak_rss_bytes,1630556160,1555.01953125,569539,42478,165,20260914_201408_ogbn-papers100M_FedAvg_bs128_seed42_beta10000p0,True,True
128,6,process_peak_rss_bytes,1605754880,1531.3671875,569539,41630,165,20260914_201408_ogbn-papers100M_FedAvg_bs128_seed42_beta10000p0,True,False
128,7,process_peak_rss_bytes,1590169600,1516.50390625,569539,42632,165,20260914_201408_ogbn-papers100M_FedAvg_bs128_seed42_beta10000p0,True,False
128,8,process_peak_rss_bytes,1601306624,1527.125,569539,41951,165,20260914_201408_ogbn-papers100M_FedAvg_bs128_seed42_beta10000p0,True,False
128,9,process_peak_rss_bytes,1649389568,1572.98046875,569539,43121,165,20260914_201408_ogbn-papers100M_FedAvg_bs128_seed42_beta10000p0,True,True
128,10,process_peak_rss_bytes,1619423232,1544.40234375,569539,42455,165,20260914_201408_ogbn-papers100M_FedAvg_bs128_seed42_beta10000p0,True,True
128,11,process_peak_rss_bytes,1602785280,1528.53515625,569539,42613,165,20260914_201408_ogbn-papers100M_FedAvg_bs128_seed42_beta10000p0,True,False
128,12,process_peak_rss_bytes,1609441280,1534.8828125,569539,42902,165,20260914_201408_ogbn-papers100M_FedAvg_bs128_seed42_beta10000p0,True,False
128,13,process_peak_rss_bytes,1618006016,1543.05078125,569539,42317,165,20260914_201408_ogbn-papers100M_FedAvg_bs128_seed42_beta10000p0,True,True
128,14,process_peak_rss_bytes,1597317120,1523.3203125,569539,42296,165,20260914_201408_ogbn-papers100M_FedAvg_bs128_seed42_beta10000p0,True,False
128,15,process_peak_rss_bytes,1664520192,1587.41015625,569539,42146,165,20260914_201408_ogbn-papers100M_FedAvg_bs128_seed42_beta10000p0,True,True
128,16,process_peak_rss_bytes,1601613824,1527.41796875,569539,41922,165,20260914_201408_ogbn-papers100M_FedAvg_bs128_seed42_beta10000p0,True,False
128,17,process_peak_rss_bytes,1683509248,1605.51953125,569539,42390,165,20260914_201408_ogbn-papers100M_FedAvg_bs128_seed42_beta10000p0,True,True
128,18,process_peak_rss_bytes,1643798528,1567.6484375,569539,41847,165,20260914_201408_ogbn-papers100M_FedAvg_bs128_seed42_beta10000p0,True,True
128,19,process_peak_rss_bytes,1648545792,1572.17578125,569539,42582,165,20260914_201408_ogbn-papers100M_FedAvg_bs128_seed42_beta10000p0,True,True
128,20,process_peak_rss_bytes,1616478208,1541.59375,569539,42966,165,20260914_201408_ogbn-papers100M_FedAvg_bs128_seed42_beta10000p0,True,False
128,21,process_peak_rss_bytes,1611051008,1536.41796875,569539,42584,165,20260914_201408_ogbn-papers100M_FedAvg_bs128_seed42_beta10000p0,True,False
128,22,process_peak_rss_bytes,1626955776,1551.5859375,569539,42003,165,20260914_201408_ogbn-papers100M_FedAvg_bs128_seed42_beta10000p0,True,True
128,23,process_peak_rss_bytes,1647747072,1571.4140625,569539,42415,165,20260914_201408_ogbn-papers100M_FedAvg_bs128_seed42_beta10000p0,True,True
128,24,process_peak_rss_bytes,1657794560,1580.99609375,569539,41850,165,20260914_201408_ogbn-papers100M_FedAvg_bs128_seed42_beta10000p0,True,True
128,25,process_peak_rss_bytes,1623642112,1548.42578125,569539,42152,165,20260914_201408_ogbn-papers100M_FedAvg_bs128_seed42_beta10000p0,True,True
128,26,process_peak_rss_bytes,1640710144,1564.703125,569539,42344,165,20260914_201408_ogbn-papers100M_FedAvg_bs128_seed42_beta10000p0,True,True
128,27,process_peak_rss_bytes,1608282112,1533.77734375,569539,42322,165,20260914_201408_ogbn-papers100M_FedAvg_bs128_seed42_beta10000p0,True,False
128,28,process_peak_rss_bytes,1588301824,1514.72265625,569539,43060,165,20260914_201408_ogbn-papers100M_FedAvg_bs128_seed42_beta10000p0,True,False
128,29,process_peak_rss_bytes,1651347456,1574.84765625,569539,43189,165,20260914_201408_ogbn-papers100M_FedAvg_bs128_seed42_beta10000p0,True,True
128,30,process_peak_rss_bytes,1654767616,1578.109375,569539,42646,165,20260914_201408_ogbn-papers100M_FedAvg_bs128_seed42_beta10000p0,True,True
128,31,process_peak_rss_bytes,1594650624,1520.77734375,569539,42757,165,20260914_201408_ogbn-papers100M_FedAvg_bs128_seed42_beta10000p0,True,False
128,32,process_peak_rss_bytes,1595203584,1521.3046875,569539,42148,165,20260914_201408_ogbn-papers100M_FedAvg_bs128_seed42_beta10000p0,True,False
128,33,process_peak_rss_bytes,1593389056,1519.57421875,569539,43164,165,20260914_201408_ogbn-papers100M_FedAvg_bs128_seed42_beta10000p0,True,False
128,34,process_peak_rss_bytes,1635704832,1559.9296875,569539,42454,165,20260914_201408_ogbn-papers100M_FedAvg_bs128_seed42_beta10000p0,True,True
128,35,process_peak_rss_bytes,1613168640,1538.4375,569539,43289,165,20260914_201408_ogbn-papers100M_FedAvg_bs128_seed42_beta10000p0,True,False
128,36,process_peak_rss_bytes,1657839616,1581.0390625,569539,42743,165,20260914_201408_ogbn-papers100M_FedAvg_bs128_seed42_beta10000p0,True,True
128,37,process_peak_rss_bytes,1620742144,1545.66015625,569539,42489,165,20260914_201408_ogbn-papers100M_FedAvg_bs128_seed42_beta10000p0,True,True
128,38,process_peak_rss_bytes,1606922240,1532.48046875,569539,43384,165,20260914_201408_ogbn-papers100M_FedAvg_bs128_seed42_beta10000p0,True,False
128,39,process_peak_rss_bytes,1654120448,1577.4921875,569539,43634,165,20260914_201408_ogbn-papers100M_FedAvg_bs128_seed42_beta10000p0,True,True
128,40,process_peak_rss_bytes,1604026368,1529.71875,569539,42548,165,20260914_201408_ogbn-papers100M_FedAvg_bs128_seed42_beta10000p0,True,False
128,41,process_peak_rss_bytes,1593126912,1519.32421875,569539,42113,165,20260914_201408_ogbn-papers100M_FedAvg_bs128_seed42_beta10000p0,True,False
128,42,process_peak_rss_bytes,1598808064,1524.7421875,569539,42360,165,20260914_201408_ogbn-papers100M_FedAvg_bs128_seed42_beta10000p0,True,False
128,43,process_peak_rss_bytes,1602887680,1528.6328125,569539,42194,165,20260914_201408_ogbn-papers100M_FedAvg_bs128_seed42_beta10000p0,True,False
128,44,process_peak_rss_bytes,1663082496,1586.0390625,569539,42371,165,20260914_201408_ogbn-papers100M_FedAvg_bs128_seed42_beta10000p0,True,True
128,45,process_peak_rss_bytes,1627451392,1552.05859375,569539,42610,165,20260914_201408_ogbn-papers100M_FedAvg_bs128_seed42_beta10000p0,True,True
128,46,process_peak_rss_bytes,1678315520,1600.56640625,569538,42482,165,20260914_201408_ogbn-papers100M_FedAvg_bs128_seed42_beta10000p0,True,True
128,47,process_peak_rss_bytes,1664135168,1587.04296875,569538,42568,165,20260914_201408_ogbn-papers100M_FedAvg_bs128_seed42_beta10000p0,True,True
128,48,process_peak_rss_bytes,1657950208,1581.14453125,569538,42836,165,20260914_201408_ogbn-papers100M_FedAvg_bs128_seed42_beta10000p0,True,True
128,49,process_peak_rss_bytes,1672335360,1594.86328125,569538,42558,165,20260914_201408_ogbn-papers100M_FedAvg_bs128_seed42_beta10000p0,True,True
128,50,process_peak_rss_bytes,1687613440,1609.43359375,569538,42598,165,20260914_201408_ogbn-papers100M_FedAvg_bs128_seed42_beta10000p0,True,True
128,51,process_peak_rss_bytes,1696309248,1617.7265625,569538,42423,165,20260914_201408_ogbn-papers100M_FedAvg_bs128_seed42_beta10000p0,True,True
128,52,process_peak_rss_bytes,1670393856,1593.01171875,569538,42096,165,20260914_201408_ogbn-papers100M_FedAvg_bs128_seed42_beta10000p0,True,True
128,53,process_peak_rss_bytes,1665122304,1587.984375,569538,42819,165,20260914_201408_ogbn-papers100M_FedAvg_bs128_seed42_beta10000p0,True,True
128,54,process_peak_rss_bytes,1698693120,1620.0,569538,41987,165,20260914_201408_ogbn-papers100M_FedAvg_bs128_seed42_beta10000p0,True,False
128,55,process_peak_rss_bytes,1679982592,1602.15625,569538,42945,165,20260914_201408_ogbn-papers100M_FedAvg_bs128_seed42_beta10000p0,True,True
128,56,process_peak_rss_bytes,1666031616,1588.8515625,569538,42997,165,20260914_201408_ogbn-papers100M_FedAvg_bs128_seed42_beta10000p0,True,True
128,57,process_peak_rss_bytes,1695059968,1616.53515625,569538,42743,165,20260914_201408_ogbn-papers100M_FedAvg_bs128_seed42_beta10000p0,True,True
128,58,process_peak_rss_bytes,1657384960,1580.60546875,569538,43148,165,20260914_201408_ogbn-papers100M_FedAvg_bs128_seed42_beta10000p0,True,True
128,59,process_peak_rss_bytes,1655525376,1578.83203125,569538,42756,165,20260914_201408_ogbn-papers100M_FedAvg_bs128_seed42_beta10000p0,True,True
128,60,process_peak_rss_bytes,1656819712,1580.06640625,569538,41749,165,20260914_201408_ogbn-papers100M_FedAvg_bs128_seed42_beta10000p0,True,True
128,61,process_peak_rss_bytes,1635872768,1560.08984375,569538,42354,165,20260914_201408_ogbn-papers100M_FedAvg_bs128_seed42_beta10000p0,True,True
128,62,process_peak_rss_bytes,1656000512,1579.28515625,569538,43049,165,20260914_201408_ogbn-papers100M_FedAvg_bs128_seed42_beta10000p0,True,True
128,63,process_peak_rss_bytes,1697030144,1618.4140625,569538,42524,165,20260914_201408_ogbn-papers100M_FedAvg_bs128_seed42_beta10000p0,True,True
128,64,process_peak_rss_bytes,1684672512,1606.62890625,569538,42105,165,20260914_201408_ogbn-papers100M_FedAvg_bs128_seed42_beta10000p0,True,True
128,65,process_peak_rss_bytes,1701343232,1622.52734375,569538,42707,165,20260914_201408_ogbn-papers100M_FedAvg_bs128_seed42_beta10000p0,True,False
128,66,process_peak_rss_bytes,1654104064,1577.4765625,569538,42115,165,20260914_201408_ogbn-papers100M_FedAvg_bs128_seed42_beta10000p0,True,True
128,67,process_peak_rss_bytes,1660338176,1583.421875,569538,42991,165,20260914_201408_ogbn-papers100M_FedAvg_bs128_seed42_beta10000p0,True,True
128,68,process_peak_rss_bytes,1673609216,1596.078125,569538,42019,165,20260914_201408_ogbn-papers100M_FedAvg_bs128_seed42_beta10000p0,True,True
128,69,process_peak_rss_bytes,1672744960,1595.25390625,569538,42344,165,20260914_201408_ogbn-papers100M_FedAvg_bs128_seed42_beta10000p0,True,True
128,70,process_peak_rss_bytes,1673187328,1595.67578125,569538,42297,165,20260914_201408_ogbn-papers100M_FedAvg_bs128_seed42_beta10000p0,True,True
128,71,process_peak_rss_bytes,1641877504,1565.81640625,569538,42864,165,20260914_201408_ogbn-papers100M_FedAvg_bs128_seed42_beta10000p0,True,True
128,72,process_peak_rss_bytes,1647775744,1571.44140625,569538,42513,165,20260914_201408_ogbn-papers100M_FedAvg_bs128_seed42_beta10000p0,True,True
128,73,process_peak_rss_bytes,1690591232,1612.2734375,569538,41910,165,20260914_201408_ogbn-papers100M_FedAvg_bs128_seed42_beta10000p0,True,True
128,74,process_peak_rss_bytes,1692164096,1613.7734375,569538,42845,165,20260914_201408_ogbn-papers100M_FedAvg_bs128_seed42_beta10000p0,True,True
128,75,process_peak_rss_bytes,1673752576,1596.21484375,569538,42471,165,20260914_201408_ogbn-papers100M_FedAvg_bs128_seed42_beta10000p0,True,True
128,76,process_peak_rss_bytes,1678344192,1600.59375,569538,42738,165,20260914_201408_ogbn-papers100M_FedAvg_bs128_seed42_beta10000p0,True,True
128,77,process_peak_rss_bytes,1677291520,1599.58984375,569538,42424,165,20260914_201408_ogbn-papers100M_FedAvg_bs128_seed42_beta10000p0,True,True
128,78,process_peak_rss_bytes,1648050176,1571.703125,569538,42456,165,20260914_201408_ogbn-papers100M_FedAvg_bs128_seed42_beta10000p0,True,True
128,79,process_peak_rss_bytes,1685450752,1607.37109375,569538,42850,165,20260914_201408_ogbn-papers100M_FedAvg_bs128_seed42_beta10000p0,True,True
128,80,process_peak_rss_bytes,1642295296,1566.21484375,569538,42105,165,20260914_201408_ogbn-papers100M_FedAvg_bs128_seed42_beta10000p0,True,True
128,81,process_peak_rss_bytes,1669263360,1591.93359375,569538,43104,165,20260914_201408_ogbn-papers100M_FedAvg_bs128_seed42_beta10000p0,True,True
128,82,process_peak_rss_bytes,1659863040,1582.96875,569538,42245,165,20260914_201408_ogbn-papers100M_FedAvg_bs128_seed42_beta10000p0,True,True
128,83,process_peak_rss_bytes,1684357120,1606.328125,569538,42180,165,20260914_201408_ogbn-papers100M_FedAvg_bs128_seed42_beta10000p0,True,True
128,84,process_peak_rss_bytes,1657356288,1580.578125,569538,42400,165,20260914_201408_ogbn-papers100M_FedAvg_bs128_seed42_beta10000p0,True,True
128,85,process_peak_rss_bytes,1702957056,1624.06640625,569538,42420,165,20260914_201408_ogbn-papers100M_FedAvg_bs128_seed42_beta10000p0,True,False
128,86,process_peak_rss_bytes,1666842624,1589.625,569538,42300,165,20260914_201408_ogbn-papers100M_FedAvg_bs128_seed42_beta10000p0,True,True
128,87,process_peak_rss_bytes,1654915072,1578.25,569538,42097,165,20260914_201408_ogbn-papers100M_FedAvg_bs128_seed42_beta10000p0,True,True
128,88,process_peak_rss_bytes,1669943296,1592.58203125,569538,43090,165,20260914_201408_ogbn-papers100M_FedAvg_bs128_seed42_beta10000p0,True,True
128,89,process_peak_rss_bytes,1650147328,1573.703125,569538,42182,165,20260914_201408_ogbn-papers100M_FedAvg_bs128_seed42_beta10000p0,True,True
128,90,process_peak_rss_bytes,1641316352,1565.28125,569538,42803,165,20260914_201408_ogbn-papers100M_FedAvg_bs128_seed42_beta10000p0,True,True
128,91,process_peak_rss_bytes,1673191424,1595.6796875,569538,42567,165,20260914_201408_ogbn-papers100M_FedAvg_bs128_seed42_beta10000p0,True,True
128,92,process_peak_rss_bytes,1679183872,1601.39453125,569538,42263,165,20260914_201408_ogbn-papers100M_FedAvg_bs128_seed42_beta10000p0,True,True
128,93,process_peak_rss_bytes,1668194304,1590.9140625,569538,41896,165,20260914_201408_ogbn-papers100M_FedAvg_bs128_seed42_beta10000p0,True,True
128,94,process_peak_rss_bytes,1645318144,1569.09765625,569538,42067,165,20260914_201408_ogbn-papers100M_FedAvg_bs128_seed42_beta10000p0,True,True
128,95,process_peak_rss_bytes,1638191104,1562.30078125,569538,41918,165,20260914_201408_ogbn-papers100M_FedAvg_bs128_seed42_beta10000p0,True,True
128,96,process_peak_rss_bytes,1696710656,1618.109375,569538,42003,165,20260914_201408_ogbn-papers100M_FedAvg_bs128_seed42_beta10000p0,True,True
128,97,process_peak_rss_bytes,1671462912,1594.03125,569538,42810,165,20260914_201408_ogbn-papers100M_FedAvg_bs128_seed42_beta10000p0,True,True
128,98,process_peak_rss_bytes,1640230912,1564.24609375,569538,42584,165,20260914_201408_ogbn-papers100M_FedAvg_bs128_seed42_beta10000p0,True,True
128,99,process_peak_rss_bytes,1660391424,1583.47265625,569538,42216,165,20260914_201408_ogbn-papers100M_FedAvg_bs128_seed42_beta10000p0,True,True
128,100,process_peak_rss_bytes,1699360768,1620.63671875,569538,42148,165,20260914_201408_ogbn-papers100M_FedAvg_bs128_seed42_beta10000p0,True,False
128,101,process_peak_rss_bytes,1675354112,1597.7421875,569538,41381,165,20260914_201408_ogbn-papers100M_FedAvg_bs128_seed42_beta10000p0,True,True
128,102,process_peak_rss_bytes,1653301248,1576.7109375,569538,42621,165,20260914_201408_ogbn-papers100M_FedAvg_bs128_seed42_beta10000p0,True,True
128,103,process_peak_rss_bytes,1657454592,1580.671875,569538,42422,165,20260914_201408_ogbn-papers100M_FedAvg_bs128_seed42_beta10000p0,True,True
128,104,process_peak_rss_bytes,1649598464,1573.1796875,569538,42519,165,20260914_201408_ogbn-papers100M_FedAvg_bs128_seed42_beta10000p0,True,True
128,105,process_peak_rss_bytes,1647898624,1571.55859375,569538,42552,165,20260914_201408_ogbn-papers100M_FedAvg_bs128_seed42_beta10000p0,True,True
128,106,process_peak_rss_bytes,1664966656,1587.8359375,569538,42631,165,20260914_201408_ogbn-papers100M_FedAvg_bs128_seed42_beta10000p0,True,True
128,107,process_peak_rss_bytes,1664352256,1587.25,569538,42612,165,20260914_201408_ogbn-papers100M_FedAvg_bs128_seed42_beta10000p0,True,True
128,108,process_peak_rss_bytes,1684975616,1606.91796875,569538,42490,165,20260914_201408_ogbn-papers100M_FedAvg_bs128_seed42_beta10000p0,True,True
128,109,process_peak_rss_bytes,1684004864,1605.9921875,569538,42260,165,20260914_201408_ogbn-papers100M_FedAvg_bs128_seed42_beta10000p0,True,True
128,110,process_peak_rss_bytes,1681760256,1603.8515625,569538,42979,165,20260914_201408_ogbn-papers100M_FedAvg_bs128_seed42_beta10000p0,True,True
128,111,process_peak_rss_bytes,1653743616,1577.1328125,569538,41990,165,20260914_201408_ogbn-papers100M_FedAvg_bs128_seed42_beta10000p0,True,True
128,112,process_peak_rss_bytes,1684926464,1606.87109375,569538,41881,165,20260914_201408_ogbn-papers100M_FedAvg_bs128_seed42_beta10000p0,True,True
128,113,process_peak_rss_bytes,1660252160,1583.33984375,569538,42543,165,20260914_201408_ogbn-papers100M_FedAvg_bs128_seed42_beta10000p0,True,True
128,114,process_peak_rss_bytes,1655848960,1579.140625,569538,42145,165,20260914_201408_ogbn-papers100M_FedAvg_bs128_seed42_beta10000p0,True,True
128,115,process_peak_rss_bytes,1656631296,1579.88671875,569538,42653,165,20260914_201408_ogbn-papers100M_FedAvg_bs128_seed42_beta10000p0,True,True
128,116,process_peak_rss_bytes,1679654912,1601.84375,569538,42140,165,20260914_201408_ogbn-papers100M_FedAvg_bs128_seed42_beta10000p0,True,True
128,117,process_peak_rss_bytes,1654738944,1578.08203125,569538,42206,165,20260914_201408_ogbn-papers100M_FedAvg_bs128_seed42_beta10000p0,True,True
128,118,process_peak_rss_bytes,1683705856,1605.70703125,569538,41664,165,20260914_201408_ogbn-papers100M_FedAvg_bs128_seed42_beta10000p0,True,True
128,119,process_peak_rss_bytes,1692483584,1614.078125,569538,42642,165,20260914_201408_ogbn-papers100M_FedAvg_bs128_seed42_beta10000p0,True,True
128,120,process_peak_rss_bytes,1664692224,1587.57421875,569538,43040,165,20260914_201408_ogbn-papers100M_FedAvg_bs128_seed42_beta10000p0,True,True
128,121,process_peak_rss_bytes,1643278336,1567.15234375,569538,41451,165,20260914_201408_ogbn-papers100M_FedAvg_bs128_seed42_beta10000p0,True,True
128,122,process_peak_rss_bytes,1680777216,1602.9140625,569538,42278,165,20260914_201408_ogbn-papers100M_FedAvg_bs128_seed42_beta10000p0,True,True
128,123,process_peak_rss_bytes,1685741568,1607.6484375,569538,42105,165,20260914_201408_ogbn-papers100M_FedAvg_bs128_seed42_beta10000p0,True,True
128,124,process_peak_rss_bytes,1671221248,1593.80078125,569538,43578,165,20260914_201408_ogbn-papers100M_FedAvg_bs128_seed42_beta10000p0,True,True
128,125,process_peak_rss_bytes,1650434048,1573.9765625,569538,42832,165,20260914_201408_ogbn-papers100M_FedAvg_bs128_seed42_beta10000p0,True,True
128,126,process_peak_rss_bytes,1651044352,1574.55859375,569538,42506,165,20260914_201408_ogbn-papers100M_FedAvg_bs128_seed42_beta10000p0,True,True
128,127,process_peak_rss_bytes,1649782784,1573.35546875,569538,42021,165,20260914_201408_ogbn-papers100M_FedAvg_bs128_seed42_beta10000p0,True,True
128,128,process_peak_rss_bytes,1672667136,1595.1796875,569538,42892,165,20260914_201408_ogbn-papers100M_FedAvg_bs128_seed42_beta10000p0,True,True
128,129,process_peak_rss_bytes,1668362240,1591.07421875,569538,42089,165,20260914_201408_ogbn-papers100M_FedAvg_bs128_seed42_beta10000p0,True,True
128,130,process_peak_rss_bytes,1656758272,1580.0078125,569538,42978,165,20260914_201408_ogbn-papers100M_FedAvg_bs128_seed42_beta10000p0,True,True
128,131,process_peak_rss_bytes,1643196416,1567.07421875,569538,42644,165,20260914_201408_ogbn-papers100M_FedAvg_bs128_seed42_beta10000p0,True,True
128,132,process_peak_rss_bytes,1641816064,1565.7578125,569538,42241,165,20260914_201408_ogbn-papers100M_FedAvg_bs128_seed42_beta10000p0,True,True
128,133,process_peak_rss_bytes,1653391360,1576.796875,569538,42714,165,20260914_201408_ogbn-papers100M_FedAvg_bs128_seed42_beta10000p0,True,True
128,134,process_peak_rss_bytes,1656160256,1579.4375,569538,44260,165,20260914_201408_ogbn-papers100M_FedAvg_bs128_seed42_beta10000p0,True,True
128,135,process_peak_rss_bytes,1674338304,1596.7734375,569538,42984,165,20260914_201408_ogbn-papers100M_FedAvg_bs128_seed42_beta10000p0,True,True
128,136,process_peak_rss_bytes,1664466944,1587.359375,569538,43648,165,20260914_201408_ogbn-papers100M_FedAvg_bs128_seed42_beta10000p0,True,True
128,137,process_peak_rss_bytes,1673641984,1596.109375,569538,43556,165,20260914_201408_ogbn-papers100M_FedAvg_bs128_seed42_beta10000p0,True,True
128,138,process_peak_rss_bytes,1655324672,1578.640625,569538,42964,165,20260914_201408_ogbn-papers100M_FedAvg_bs128_seed42_beta10000p0,True,True
128,139,process_peak_rss_bytes,1659760640,1582.87109375,569538,42537,165,20260914_201408_ogbn-papers100M_FedAvg_bs128_seed42_beta10000p0,True,True
128,140,process_peak_rss_bytes,1651068928,1574.58203125,569538,42870,165,20260914_201408_ogbn-papers100M_FedAvg_bs128_seed42_beta10000p0,True,True
128,141,process_peak_rss_bytes,1673371648,1595.8515625,569538,42495,165,20260914_201408_ogbn-papers100M_FedAvg_bs128_seed42_beta10000p0,True,True
128,142,process_peak_rss_bytes,1653563392,1576.9609375,569538,42349,165,20260914_201408_ogbn-papers100M_FedAvg_bs128_seed42_beta10000p0,True,True
128,143,process_peak_rss_bytes,1675829248,1598.1953125,569538,41728,165,20260914_201408_ogbn-papers100M_FedAvg_bs128_seed42_beta10000p0,True,True
128,144,process_peak_rss_bytes,1686765568,1608.625,569538,42912,165,20260914_201408_ogbn-papers100M_FedAvg_bs128_seed42_beta10000p0,True,True
128,145,process_peak_rss_bytes,1677611008,1599.89453125,569538,43085,165,20260914_201408_ogbn-papers100M_FedAvg_bs128_seed42_beta10000p0,True,True
128,146,process_peak_rss_bytes,1653174272,1576.58984375,569538,43108,165,20260914_201408_ogbn-papers100M_FedAvg_bs128_seed42_beta10000p0,True,True
128,147,process_peak_rss_bytes,1656676352,1579.9296875,569538,43269,165,20260914_201408_ogbn-papers100M_FedAvg_bs128_seed42_beta10000p0,True,True
128,148,process_peak_rss_bytes,1658318848,1581.49609375,569538,42626,165,20260914_201408_ogbn-papers100M_FedAvg_bs128_seed42_beta10000p0,True,True
128,149,process_peak_rss_bytes,1656631296,1579.88671875,569538,42342,165,20260914_201408_ogbn-papers100M_FedAvg_bs128_seed42_beta10000p0,True,True
128,150,process_peak_rss_bytes,1653334016,1576.7421875,569538,41834,165,20260914_201408_ogbn-papers100M_FedAvg_bs128_seed42_beta10000p0,True,True
128,151,process_peak_rss_bytes,1670819840,1593.41796875,569538,42539,165,20260914_201408_ogbn-papers100M_FedAvg_bs128_seed42_beta10000p0,True,True
128,152,process_peak_rss_bytes,1676120064,1598.47265625,569538,41816,165,20260914_201408_ogbn-papers100M_FedAvg_bs128_seed42_beta10000p0,True,True
128,153,process_peak_rss_bytes,1648914432,1572.52734375,569538,42146,165,20260914_201408_ogbn-papers100M_FedAvg_bs128_seed42_beta10000p0,True,True
128,154,process_peak_rss_bytes,1660198912,1583.2890625,569538,42176,165,20260914_201408_ogbn-papers100M_FedAvg_bs128_seed42_beta10000p0,True,True
128,155,process_peak_rss_bytes,1663082496,1586.0390625,569538,42579,165,20260914_201408_ogbn-papers100M_FedAvg_bs128_seed42_beta10000p0,True,True
128,156,process_peak_rss_bytes,1635921920,1560.13671875,569538,42692,165,20260914_201408_ogbn-papers100M_FedAvg_bs128_seed42_beta10000p0,True,True
128,157,process_peak_rss_bytes,1679441920,1601.640625,569538,42495,165,20260914_201408_ogbn-papers100M_FedAvg_bs128_seed42_beta10000p0,True,True
128,158,process_peak_rss_bytes,1684611072,1606.5703125,569538,42523,165,20260914_201408_ogbn-papers100M_FedAvg_bs128_seed42_beta10000p0,True,True
128,159,process_peak_rss_bytes,1655271424,1578.58984375,569538,42420,165,20260914_201408_ogbn-papers100M_FedAvg_bs128_seed42_beta10000p0,True,True
128,160,process_peak_rss_bytes,1674612736,1597.03515625,569538,43253,165,20260914_201408_ogbn-papers100M_FedAvg_bs128_seed42_beta10000p0,True,True
128,161,process_peak_rss_bytes,1664581632,1587.46875,569538,42194,165,20260914_201408_ogbn-papers100M_FedAvg_bs128_seed42_beta10000p0,True,True
128,162,process_peak_rss_bytes,1683324928,1605.34375,569538,42360,165,20260914_201408_ogbn-papers100M_FedAvg_bs128_seed42_beta10000p0,True,True
128,163,process_peak_rss_bytes,1704841216,1625.86328125,569538,42567,165,20260914_201408_ogbn-papers100M_FedAvg_bs128_seed42_beta10000p0,True,False
128,164,process_peak_rss_bytes,1671806976,1594.359375,569538,41939,165,20260914_201408_ogbn-papers100M_FedAvg_bs128_seed42_beta10000p0,True,True
128,165,process_peak_rss_bytes,1682800640,1604.84375,569538,43107,165,20260914_201408_ogbn-papers100M_FedAvg_bs128_seed42_beta10000p0,True,True
128,166,process_peak_rss_bytes,1706655744,1627.59375,569538,42220,165,20260914_201408_ogbn-papers100M_FedAvg_bs128_seed42_beta10000p0,True,False
128,167,process_peak_rss_bytes,1645309952,1569.08984375,569538,41828,165,20260914_201408_ogbn-papers100M_FedAvg_bs128_seed42_beta10000p0,True,True
128,168,process_peak_rss_bytes,1656344576,1579.61328125,569538,42494,165,20260914_201408_ogbn-papers100M_FedAvg_bs128_seed42_beta10000p0,True,True
128,169,process_peak_rss_bytes,1682886656,1604.92578125,569538,42483,165,20260914_201408_ogbn-papers100M_FedAvg_bs128_seed42_beta10000p0,True,True
128,170,process_peak_rss_bytes,1678569472,1600.80859375,569538,42465,165,20260914_201408_ogbn-papers100M_FedAvg_bs128_seed42_beta10000p0,True,True
128,171,process_peak_rss_bytes,1650003968,1573.56640625,569538,42399,165,20260914_201408_ogbn-papers100M_FedAvg_bs128_seed42_beta10000p0,True,True
128,172,process_peak_rss_bytes,1688109056,1609.90625,569538,42341,165,20260914_201408_ogbn-papers100M_FedAvg_bs128_seed42_beta10000p0,True,True
128,173,process_peak_rss_bytes,1678479360,1600.72265625,569538,42635,165,20260914_201408_ogbn-papers100M_FedAvg_bs128_seed42_beta10000p0,True,True
128,174,process_peak_rss_bytes,1665134592,1587.99609375,569538,42816,165,20260914_201408_ogbn-papers100M_FedAvg_bs128_seed42_beta10000p0,True,True
128,175,process_peak_rss_bytes,1668325376,1591.0390625,569538,42144,165,20260914_201408_ogbn-papers100M_FedAvg_bs128_seed42_beta10000p0,True,True
128,176,process_peak_rss_bytes,1660407808,1583.48828125,569538,42031,165,20260914_201408_ogbn-papers100M_FedAvg_bs128_seed42_beta10000p0,True,True
128,177,process_peak_rss_bytes,1661587456,1584.61328125,569538,42925,165,20260914_201408_ogbn-papers100M_FedAvg_bs128_seed42_beta10000p0,True,True
128,178,process_peak_rss_bytes,1681457152,1603.5625,569538,42505,165,20260914_201408_ogbn-papers100M_FedAvg_bs128_seed42_beta10000p0,True,True
128,179,process_peak_rss_bytes,1685442560,1607.36328125,569538,42742,165,20260914_201408_ogbn-papers100M_FedAvg_bs128_seed42_beta10000p0,True,True
128,180,process_peak_rss_bytes,1683103744,1605.1328125,569538,42844,165,20260914_201408_ogbn-papers100M_FedAvg_bs128_seed42_beta10000p0,True,True
128,181,process_peak_rss_bytes,1665228800,1588.0859375,569538,42424,165,20260914_201408_ogbn-papers100M_FedAvg_bs128_seed42_beta10000p0,True,True
128,182,process_peak_rss_bytes,1691955200,1613.57421875,569538,42304,165,20260914_201408_ogbn-papers100M_FedAvg_bs128_seed42_beta10000p0,True,True
128,183,process_peak_rss_bytes,1670598656,1593.20703125,569538,41650,165,20260914_201408_ogbn-papers100M_FedAvg_bs128_seed42_beta10000p0,True,True
128,184,process_peak_rss_bytes,1674158080,1596.6015625,569538,42971,165,20260914_201408_ogbn-papers100M_FedAvg_bs128_seed42_beta10000p0,True,True
128,185,process_peak_rss_bytes,1663221760,1586.171875,569538,41887,165,20260914_201408_ogbn-papers100M_FedAvg_bs128_seed42_beta10000p0,True,True
128,186,process_peak_rss_bytes,1676025856,1598.3828125,569538,42308,165,20260914_201408_ogbn-papers100M_FedAvg_bs128_seed42_beta10000p0,True,True
128,187,process_peak_rss_bytes,1697595392,1618.953125,569538,42395,165,20260914_201408_ogbn-papers100M_FedAvg_bs128_seed42_beta10000p0,True,True
128,188,process_peak_rss_bytes,1653850112,1577.234375,569538,42504,165,20260914_201408_ogbn-papers100M_FedAvg_bs128_seed42_beta10000p0,True,True
128,189,process_peak_rss_bytes,1667837952,1590.57421875,569538,41857,165,20260914_201408_ogbn-papers100M_FedAvg_bs128_seed42_beta10000p0,True,True
128,190,process_peak_rss_bytes,1692954624,1614.52734375,569538,42537,165,20260914_201408_ogbn-papers100M_FedAvg_bs128_seed42_beta10000p0,True,True
128,191,process_peak_rss_bytes,1649655808,1573.234375,569538,42364,165,20260914_201408_ogbn-papers100M_FedAvg_bs128_seed42_beta10000p0,True,True
128,192,process_peak_rss_bytes,1640964096,1564.9453125,569538,42279,165,20260914_201408_ogbn-papers100M_FedAvg_bs128_seed42_beta10000p0,True,True
128,193,process_peak_rss_bytes,1690607616,1612.2890625,569538,42402,165,20260914_201408_ogbn-papers100M_FedAvg_bs128_seed42_beta10000p0,True,True
128,194,process_peak_rss_bytes,1682026496,1604.10546875,569538,42488,165,20260914_201408_ogbn-papers100M_FedAvg_bs128_seed42_beta10000p0,True,True
256,0,process_peak_rss_bytes,1594294272,1520.4375,569539,42085,165,20260914_202556_ogbn-papers100M_FedAvg_bs256_seed42_beta10000p0,True,False
256,1,process_peak_rss_bytes,1640681472,1564.67578125,569539,42192,165,20260914_202556_ogbn-papers100M_FedAvg_bs256_seed42_beta10000p0,True,True
256,2,process_peak_rss_bytes,1614872576,1540.0625,569539,42649,165,20260914_202556_ogbn-papers100M_FedAvg_bs256_seed42_beta10000p0,True,True
256,3,process_peak_rss_bytes,1588391936,1514.80859375,569539,42566,165,20260914_202556_ogbn-papers100M_FedAvg_bs256_seed42_beta10000p0,True,False
256,4,process_peak_rss_bytes,1596133376,1522.19140625,569539,42106,165,20260914_202556_ogbn-papers100M_FedAvg_bs256_seed42_beta10000p0,True,False
256,5,process_peak_rss_bytes,1611554816,1536.8984375,569539,42478,165,20260914_202556_ogbn-papers100M_FedAvg_bs256_seed42_beta10000p0,True,True
256,6,process_peak_rss_bytes,1598742528,1524.6796875,569539,41630,165,20260914_202556_ogbn-papers100M_FedAvg_bs256_seed42_beta10000p0,True,False
256,7,process_peak_rss_bytes,1600389120,1526.25,569539,42632,165,20260914_202556_ogbn-papers100M_FedAvg_bs256_seed42_beta10000p0,True,False
256,8,process_peak_rss_bytes,1587748864,1514.1953125,569539,41951,165,20260914_202556_ogbn-papers100M_FedAvg_bs256_seed42_beta10000p0,True,False
256,9,process_peak_rss_bytes,1579126784,1505.97265625,569539,43121,165,20260914_202556_ogbn-papers100M_FedAvg_bs256_seed42_beta10000p0,True,False
256,10,process_peak_rss_bytes,1637167104,1561.32421875,569539,42455,165,20260914_202556_ogbn-papers100M_FedAvg_bs256_seed42_beta10000p0,True,True
256,11,process_peak_rss_bytes,1587458048,1513.91796875,569539,42613,165,20260914_202556_ogbn-papers100M_FedAvg_bs256_seed42_beta10000p0,True,False
256,12,process_peak_rss_bytes,1609887744,1535.30859375,569539,42902,165,20260914_202556_ogbn-papers100M_FedAvg_bs256_seed42_beta10000p0,True,True
256,13,process_peak_rss_bytes,1617604608,1542.66796875,569539,42317,165,20260914_202556_ogbn-papers100M_FedAvg_bs256_seed42_beta10000p0,True,True
256,14,process_peak_rss_bytes,1604403200,1530.078125,569539,42296,165,20260914_202556_ogbn-papers100M_FedAvg_bs256_seed42_beta10000p0,True,False
256,15,process_peak_rss_bytes,1601765376,1527.5625,569539,42146,165,20260914_202556_ogbn-papers100M_FedAvg_bs256_seed42_beta10000p0,True,False
256,16,process_peak_rss_bytes,1620713472,1545.6328125,569539,41922,165,20260914_202556_ogbn-papers100M_FedAvg_bs256_seed42_beta10000p0,True,True
256,17,process_peak_rss_bytes,1603895296,1529.59375,569539,42390,165,20260914_202556_ogbn-papers100M_FedAvg_bs256_seed42_beta10000p0,True,False
256,18,process_peak_rss_bytes,1611907072,1537.234375,569539,41847,165,20260914_202556_ogbn-papers100M_FedAvg_bs256_seed42_beta10000p0,True,True
256,19,process_peak_rss_bytes,1605238784,1530.875,569539,42582,165,20260914_202556_ogbn-papers100M_FedAvg_bs256_seed42_beta10000p0,True,False
256,20,process_peak_rss_bytes,1594937344,1521.05078125,569539,42966,165,20260914_202556_ogbn-papers100M_FedAvg_bs256_seed42_beta10000p0,True,False
256,21,process_peak_rss_bytes,1611796480,1537.12890625,569539,42584,165,20260914_202556_ogbn-papers100M_FedAvg_bs256_seed42_beta10000p0,True,True
256,22,process_peak_rss_bytes,1602981888,1528.72265625,569539,42003,165,20260914_202556_ogbn-papers100M_FedAvg_bs256_seed42_beta10000p0,True,False
256,23,process_peak_rss_bytes,1621032960,1545.9375,569539,42415,165,20260914_202556_ogbn-papers100M_FedAvg_bs256_seed42_beta10000p0,True,True
256,24,process_peak_rss_bytes,1629192192,1553.71875,569539,41850,165,20260914_202556_ogbn-papers100M_FedAvg_bs256_seed42_beta10000p0,True,True
256,25,process_peak_rss_bytes,1584807936,1511.390625,569539,42152,165,20260914_202556_ogbn-papers100M_FedAvg_bs256_seed42_beta10000p0,True,False
256,26,process_peak_rss_bytes,1598418944,1524.37109375,569539,42344,165,20260914_202556_ogbn-papers100M_FedAvg_bs256_seed42_beta10000p0,True,False
256,27,process_peak_rss_bytes,1647906816,1571.56640625,569539,42322,165,20260914_202556_ogbn-papers100M_FedAvg_bs256_seed42_beta10000p0,True,True
256,28,process_peak_rss_bytes,1590841344,1517.14453125,569539,43060,165,20260914_202556_ogbn-papers100M_FedAvg_bs256_seed42_beta10000p0,True,False
256,29,process_peak_rss_bytes,1607536640,1533.06640625,569539,43189,165,20260914_202556_ogbn-papers100M_FedAvg_bs256_seed42_beta10000p0,True,True
256,30,process_peak_rss_bytes,1603272704,1529.0,569539,42646,165,20260914_202556_ogbn-papers100M_FedAvg_bs256_seed42_beta10000p0,True,False
256,31,process_peak_rss_bytes,1581318144,1508.0625,569539,42757,165,20260914_202556_ogbn-papers100M_FedAvg_bs256_seed42_beta10000p0,True,False
256,32,process_peak_rss_bytes,1586348032,1512.859375,569539,42148,165,20260914_202556_ogbn-papers100M_FedAvg_bs256_seed42_beta10000p0,True,False
256,33,process_peak_rss_bytes,1616068608,1541.203125,569539,43164,165,20260914_202556_ogbn-papers100M_FedAvg_bs256_seed42_beta10000p0,True,True
256,34,process_peak_rss_bytes,1598210048,1524.171875,569539,42454,165,20260914_202556_ogbn-papers100M_FedAvg_bs256_seed42_beta10000p0,True,False
256,35,process_peak_rss_bytes,1607147520,1532.6953125,569539,43289,165,20260914_202556_ogbn-papers100M_FedAvg_bs256_seed42_beta10000p0,True,True
256,36,process_peak_rss_bytes,1612050432,1537.37109375,569539,42743,165,20260914_202556_ogbn-papers100M_FedAvg_bs256_seed42_beta10000p0,True,True
256,37,process_peak_rss_bytes,1607315456,1532.85546875,569539,42489,165,20260914_202556_ogbn-papers100M_FedAvg_bs256_seed42_beta10000p0,True,False
256,38,process_peak_rss_bytes,1603272704,1529.0,569539,43384,165,20260914_202556_ogbn-papers100M_FedAvg_bs256_seed42_beta10000p0,True,False
256,39,process_peak_rss_bytes,1600569344,1526.421875,569539,43634,165,20260914_202556_ogbn-papers100M_FedAvg_bs256_seed42_beta10000p0,True,False
256,40,process_peak_rss_bytes,1596510208,1522.55078125,569539,42548,165,20260914_202556_ogbn-papers100M_FedAvg_bs256_seed42_beta10000p0,True,False
256,41,process_peak_rss_bytes,1611431936,1536.78125,569539,42113,165,20260914_202556_ogbn-papers100M_FedAvg_bs256_seed42_beta10000p0,True,True
256,42,process_peak_rss_bytes,1620393984,1545.328125,569539,42360,165,20260914_202556_ogbn-papers100M_FedAvg_bs256_seed42_beta10000p0,True,True
256,43,process_peak_rss_bytes,1604915200,1530.56640625,569539,42194,165,20260914_202556_ogbn-papers100M_FedAvg_bs256_seed42_beta10000p0,True,False
256,44,process_peak_rss_bytes,1640669184,1564.6640625,569539,42371,165,20260914_202556_ogbn-papers100M_FedAvg_bs256_seed42_beta10000p0,True,True
256,45,process_peak_rss_bytes,1629249536,1553.7734375,569539,42610,165,20260914_202556_ogbn-papers100M_FedAvg_bs256_seed42_beta10000p0,True,True
256,46,process_peak_rss_bytes,1661714432,1584.734375,569538,42482,165,20260914_202556_ogbn-papers100M_FedAvg_bs256_seed42_beta10000p0,True,True
256,47,process_peak_rss_bytes,1676767232,1599.08984375,569538,42568,165,20260914_202556_ogbn-papers100M_FedAvg_bs256_seed42_beta10000p0,True,True
256,48,process_peak_rss_bytes,1670307840,1592.9296875,569538,42836,165,20260914_202556_ogbn-papers100M_FedAvg_bs256_seed42_beta10000p0,True,True
256,49,process_peak_rss_bytes,1695641600,1617.08984375,569538,42558,165,20260914_202556_ogbn-papers100M_FedAvg_bs256_seed42_beta10000p0,True,True
256,50,process_peak_rss_bytes,1672073216,1594.61328125,569538,42598,165,20260914_202556_ogbn-papers100M_FedAvg_bs256_seed42_beta10000p0,True,True
256,51,process_peak_rss_bytes,1682804736,1604.84765625,569538,42423,165,20260914_202556_ogbn-papers100M_FedAvg_bs256_seed42_beta10000p0,True,True
256,52,process_peak_rss_bytes,1711419392,1632.13671875,569538,42096,165,20260914_202556_ogbn-papers100M_FedAvg_bs256_seed42_beta10000p0,True,False
256,53,process_peak_rss_bytes,1654996992,1578.328125,569538,42819,165,20260914_202556_ogbn-papers100M_FedAvg_bs256_seed42_beta10000p0,True,True
256,54,process_peak_rss_bytes,1660215296,1583.3046875,569538,41987,165,20260914_202556_ogbn-papers100M_FedAvg_bs256_seed42_beta10000p0,True,True
256,55,process_peak_rss_bytes,1671426048,1593.99609375,569538,42945,165,20260914_202556_ogbn-papers100M_FedAvg_bs256_seed42_beta10000p0,True,True
256,56,process_peak_rss_bytes,1676001280,1598.359375,569538,42997,165,20260914_202556_ogbn-papers100M_FedAvg_bs256_seed42_beta10000p0,True,True
256,57,process_peak_rss_bytes,1655197696,1578.51953125,569538,42743,165,20260914_202556_ogbn-papers100M_FedAvg_bs256_seed42_beta10000p0,True,True
256,58,process_peak_rss_bytes,1695723520,1617.16796875,569538,43148,165,20260914_202556_ogbn-papers100M_FedAvg_bs256_seed42_beta10000p0,True,True
256,59,process_peak_rss_bytes,1665654784,1588.4921875,569538,42756,165,20260914_202556_ogbn-papers100M_FedAvg_bs256_seed42_beta10000p0,True,True
256,60,process_peak_rss_bytes,1694846976,1616.33203125,569538,41749,165,20260914_202556_ogbn-papers100M_FedAvg_bs256_seed42_beta10000p0,True,True
256,61,process_peak_rss_bytes,1658019840,1581.2109375,569538,42354,165,20260914_202556_ogbn-papers100M_FedAvg_bs256_seed42_beta10000p0,True,True
256,62,process_peak_rss_bytes,1688973312,1610.73046875,569538,43049,165,20260914_202556_ogbn-papers100M_FedAvg_bs256_seed42_beta10000p0,True,True
256,63,process_peak_rss_bytes,1674764288,1597.1796875,569538,42524,165,20260914_202556_ogbn-papers100M_FedAvg_bs256_seed42_beta10000p0,True,True
256,64,process_peak_rss_bytes,1679667200,1601.85546875,569538,42105,165,20260914_202556_ogbn-papers100M_FedAvg_bs256_seed42_beta10000p0,True,True
256,65,process_peak_rss_bytes,1695649792,1617.09765625,569538,42707,165,20260914_202556_ogbn-papers100M_FedAvg_bs256_seed42_beta10000p0,True,True
256,66,process_peak_rss_bytes,1674084352,1596.53125,569538,42115,165,20260914_202556_ogbn-papers100M_FedAvg_bs256_seed42_beta10000p0,True,True
256,67,process_peak_rss_bytes,1654931456,1578.265625,569538,42991,165,20260914_202556_ogbn-papers100M_FedAvg_bs256_seed42_beta10000p0,True,True
256,68,process_peak_rss_bytes,1672290304,1594.8203125,569538,42019,165,20260914_202556_ogbn-papers100M_FedAvg_bs256_seed42_beta10000p0,True,True
256,69,process_peak_rss_bytes,1694429184,1615.93359375,569538,42344,165,20260914_202556_ogbn-papers100M_FedAvg_bs256_seed42_beta10000p0,True,True
256,70,process_peak_rss_bytes,1673293824,1595.77734375,569538,42297,165,20260914_202556_ogbn-papers100M_FedAvg_bs256_seed42_beta10000p0,True,True
256,71,process_peak_rss_bytes,1681928192,1604.01171875,569538,42864,165,20260914_202556_ogbn-papers100M_FedAvg_bs256_seed42_beta10000p0,True,True
256,72,process_peak_rss_bytes,1655271424,1578.58984375,569538,42513,165,20260914_202556_ogbn-papers100M_FedAvg_bs256_seed42_beta10000p0,True,True
256,73,process_peak_rss_bytes,1671860224,1594.41015625,569538,41910,165,20260914_202556_ogbn-papers100M_FedAvg_bs256_seed42_beta10000p0,True,True
256,74,process_peak_rss_bytes,1645608960,1569.375,569538,42845,165,20260914_202556_ogbn-papers100M_FedAvg_bs256_seed42_beta10000p0,True,True
256,75,process_peak_rss_bytes,1707851776,1628.734375,569538,42471,165,20260914_202556_ogbn-papers100M_FedAvg_bs256_seed42_beta10000p0,True,False
256,76,process_peak_rss_bytes,1659809792,1582.91796875,569538,42738,165,20260914_202556_ogbn-papers100M_FedAvg_bs256_seed42_beta10000p0,True,True
256,77,process_peak_rss_bytes,1659170816,1582.30859375,569538,42424,165,20260914_202556_ogbn-papers100M_FedAvg_bs256_seed42_beta10000p0,True,True
256,78,process_peak_rss_bytes,1674981376,1597.38671875,569538,42456,165,20260914_202556_ogbn-papers100M_FedAvg_bs256_seed42_beta10000p0,True,True
256,79,process_peak_rss_bytes,1650798592,1574.32421875,569538,42850,165,20260914_202556_ogbn-papers100M_FedAvg_bs256_seed42_beta10000p0,True,True
256,80,process_peak_rss_bytes,1680527360,1602.67578125,569538,42105,165,20260914_202556_ogbn-papers100M_FedAvg_bs256_seed42_beta10000p0,True,True
256,81,process_peak_rss_bytes,1672085504,1594.625,569538,43104,165,20260914_202556_ogbn-papers100M_FedAvg_bs256_seed42_beta10000p0,True,True
256,82,process_peak_rss_bytes,1696505856,1617.9140625,569538,42245,165,20260914_202556_ogbn-papers100M_FedAvg_bs256_seed42_beta10000p0,True,True
256,83,process_peak_rss_bytes,1669197824,1591.87109375,569538,42180,165,20260914_202556_ogbn-papers100M_FedAvg_bs256_seed42_beta10000p0,True,True
256,84,process_peak_rss_bytes,1682931712,1604.96875,569538,42400,165,20260914_202556_ogbn-papers100M_FedAvg_bs256_seed42_beta10000p0,True,True
256,85,process_peak_rss_bytes,1669861376,1592.50390625,569538,42420,165,20260914_202556_ogbn-papers100M_FedAvg_bs256_seed42_beta10000p0,True,True
256,86,process_peak_rss_bytes,1678639104,1600.875,569538,42300,165,20260914_202556_ogbn-papers100M_FedAvg_bs256_seed42_beta10000p0,True,True
256,87,process_peak_rss_bytes,1661652992,1584.67578125,569538,42097,165,20260914_202556_ogbn-papers100M_FedAvg_bs256_seed42_beta10000p0,True,True
256,88,process_peak_rss_bytes,1658015744,1581.20703125,569538,43090,165,20260914_202556_ogbn-papers100M_FedAvg_bs256_seed42_beta10000p0,True,True
256,89,process_peak_rss_bytes,1664995328,1587.86328125,569538,42182,165,20260914_202556_ogbn-papers100M_FedAvg_bs256_seed42_beta10000p0,True,True
256,90,process_peak_rss_bytes,1640775680,1564.765625,569538,42803,165,20260914_202556_ogbn-papers100M_FedAvg_bs256_seed42_beta10000p0,True,True
256,91,process_peak_rss_bytes,1688240128,1610.03125,569538,42567,165,20260914_202556_ogbn-papers100M_FedAvg_bs256_seed42_beta10000p0,True,True
256,92,process_peak_rss_bytes,1688956928,1610.71484375,569538,42263,165,20260914_202556_ogbn-papers100M_FedAvg_bs256_seed42_beta10000p0,True,True
256,93,process_peak_rss_bytes,1663287296,1586.234375,569538,41896,165,20260914_202556_ogbn-papers100M_FedAvg_bs256_seed42_beta10000p0,True,True
256,94,process_peak_rss_bytes,1685716992,1607.625,569538,42067,165,20260914_202556_ogbn-papers100M_FedAvg_bs256_seed42_beta10000p0,True,True
256,95,process_peak_rss_bytes,1681027072,1603.15234375,569538,41918,165,20260914_202556_ogbn-papers100M_FedAvg_bs256_seed42_beta10000p0,True,True
256,96,process_peak_rss_bytes,1680015360,1602.1875,569538,42003,165,20260914_202556_ogbn-papers100M_FedAvg_bs256_seed42_beta10000p0,True,True
256,97,process_peak_rss_bytes,1660977152,1584.03125,569538,42810,165,20260914_202556_ogbn-papers100M_FedAvg_bs256_seed42_beta10000p0,True,True
256,98,process_peak_rss_bytes,1671237632,1593.81640625,569538,42584,165,20260914_202556_ogbn-papers100M_FedAvg_bs256_seed42_beta10000p0,True,True
256,99,process_peak_rss_bytes,1691484160,1613.125,569538,42216,165,20260914_202556_ogbn-papers100M_FedAvg_bs256_seed42_beta10000p0,True,True
256,100,process_peak_rss_bytes,1644265472,1568.09375,569538,42148,165,20260914_202556_ogbn-papers100M_FedAvg_bs256_seed42_beta10000p0,True,True
256,101,process_peak_rss_bytes,1664098304,1587.0078125,569538,41381,165,20260914_202556_ogbn-papers100M_FedAvg_bs256_seed42_beta10000p0,True,True
256,102,process_peak_rss_bytes,1697034240,1618.41796875,569538,42621,165,20260914_202556_ogbn-papers100M_FedAvg_bs256_seed42_beta10000p0,True,True
256,103,process_peak_rss_bytes,1687023616,1608.87109375,569538,42422,165,20260914_202556_ogbn-papers100M_FedAvg_bs256_seed42_beta10000p0,True,True
256,104,process_peak_rss_bytes,1674858496,1597.26953125,569538,42519,165,20260914_202556_ogbn-papers100M_FedAvg_bs256_seed42_beta10000p0,True,True
256,105,process_peak_rss_bytes,1699831808,1621.0859375,569538,42552,165,20260914_202556_ogbn-papers100M_FedAvg_bs256_seed42_beta10000p0,True,True
256,106,process_peak_rss_bytes,1682669568,1604.71875,569538,42631,165,20260914_202556_ogbn-papers100M_FedAvg_bs256_seed42_beta10000p0,True,True
256,107,process_peak_rss_bytes,1679785984,1601.96875,569538,42612,165,20260914_202556_ogbn-papers100M_FedAvg_bs256_seed42_beta10000p0,True,True
256,108,process_peak_rss_bytes,1660878848,1583.9375,569538,42490,165,20260914_202556_ogbn-papers100M_FedAvg_bs256_seed42_beta10000p0,True,True
256,109,process_peak_rss_bytes,1686429696,1608.3046875,569538,42260,165,20260914_202556_ogbn-papers100M_FedAvg_bs256_seed42_beta10000p0,True,True
256,110,process_peak_rss_bytes,1649762304,1573.3359375,569538,42979,165,20260914_202556_ogbn-papers100M_FedAvg_bs256_seed42_beta10000p0,True,True
256,111,process_peak_rss_bytes,1664774144,1587.65234375,569538,41990,165,20260914_202556_ogbn-papers100M_FedAvg_bs256_seed42_beta10000p0,True,True
256,112,process_peak_rss_bytes,1657262080,1580.48828125,569538,41881,165,20260914_202556_ogbn-papers100M_FedAvg_bs256_seed42_beta10000p0,True,True
256,113,process_peak_rss_bytes,1664704512,1587.5859375,569538,42543,165,20260914_202556_ogbn-papers100M_FedAvg_bs256_seed42_beta10000p0,True,True
256,114,process_peak_rss_bytes,1688928256,1610.6875,569538,42145,165,20260914_202556_ogbn-papers100M_FedAvg_bs256_seed42_beta10000p0,True,True
256,115,process_peak_rss_bytes,1684459520,1606.42578125,569538,42653,165,20260914_202556_ogbn-papers100M_FedAvg_bs256_seed42_beta10000p0,True,True
256,116,process_peak_rss_bytes,1658322944,1581.5,569538,42140,165,20260914_202556_ogbn-papers100M_FedAvg_bs256_seed42_beta10000p0,True,True
256,117,process_peak_rss_bytes,1681653760,1603.75,569538,42206,165,20260914_202556_ogbn-papers100M_FedAvg_bs256_seed42_beta10000p0,True,True
256,118,process_peak_rss_bytes,1699139584,1620.42578125,569538,41664,165,20260914_202556_ogbn-papers100M_FedAvg_bs256_seed42_beta10000p0,True,True
256,119,process_peak_rss_bytes,1683218432,1605.2421875,569538,42642,165,20260914_202556_ogbn-papers100M_FedAvg_bs256_seed42_beta10000p0,True,True
256,120,process_peak_rss_bytes,1671315456,1593.890625,569538,43040,165,20260914_202556_ogbn-papers100M_FedAvg_bs256_seed42_beta10000p0,True,True
256,121,process_peak_rss_bytes,1651093504,1574.60546875,569538,41451,165,20260914_202556_ogbn-papers100M_FedAvg_bs256_seed42_beta10000p0,True,True
256,122,process_peak_rss_bytes,1674018816,1596.46875,569538,42278,165,20260914_202556_ogbn-papers100M_FedAvg_bs256_seed42_beta10000p0,True,True
256,123,process_peak_rss_bytes,1687261184,1609.09765625,569538,42105,165,20260914_202556_ogbn-papers100M_FedAvg_bs256_seed42_beta10000p0,True,True
256,124,process_peak_rss_bytes,1670897664,1593.4921875,569538,43578,165,20260914_202556_ogbn-papers100M_FedAvg_bs256_seed42_beta10000p0,True,True
256,125,process_peak_rss_bytes,1694126080,1615.64453125,569538,42832,165,20260914_202556_ogbn-papers100M_FedAvg_bs256_seed42_beta10000p0,True,True
256,126,process_peak_rss_bytes,1651564544,1575.0546875,569538,42506,165,20260914_202556_ogbn-papers100M_FedAvg_bs256_seed42_beta10000p0,True,True
256,127,process_peak_rss_bytes,1657417728,1580.63671875,569538,42021,165,20260914_202556_ogbn-papers100M_FedAvg_bs256_seed42_beta10000p0,True,True
256,128,process_peak_rss_bytes,1652752384,1576.1875,569538,42892,165,20260914_202556_ogbn-papers100M_FedAvg_bs256_seed42_beta10000p0,True,True
256,129,process_peak_rss_bytes,1667526656,1590.27734375,569538,42089,165,20260914_202556_ogbn-papers100M_FedAvg_bs256_seed42_beta10000p0,True,True
256,130,process_peak_rss_bytes,1655492608,1578.80078125,569538,42978,165,20260914_202556_ogbn-papers100M_FedAvg_bs256_seed42_beta10000p0,True,True
256,131,process_peak_rss_bytes,1666486272,1589.28515625,569538,42644,165,20260914_202556_ogbn-papers100M_FedAvg_bs256_seed42_beta10000p0,True,True
256,132,process_peak_rss_bytes,1682030592,1604.109375,569538,42241,165,20260914_202556_ogbn-papers100M_FedAvg_bs256_seed42_beta10000p0,True,True
256,133,process_peak_rss_bytes,1681440768,1603.546875,569538,42714,165,20260914_202556_ogbn-papers100M_FedAvg_bs256_seed42_beta10000p0,True,True
256,134,process_peak_rss_bytes,1658695680,1581.85546875,569538,44260,165,20260914_202556_ogbn-papers100M_FedAvg_bs256_seed42_beta10000p0,True,True
256,135,process_peak_rss_bytes,1712377856,1633.05078125,569538,42984,165,20260914_202556_ogbn-papers100M_FedAvg_bs256_seed42_beta10000p0,True,False
256,136,process_peak_rss_bytes,1684692992,1606.6484375,569538,43648,165,20260914_202556_ogbn-papers100M_FedAvg_bs256_seed42_beta10000p0,True,True
256,137,process_peak_rss_bytes,1654456320,1577.8125,569538,43556,165,20260914_202556_ogbn-papers100M_FedAvg_bs256_seed42_beta10000p0,True,True
256,138,process_peak_rss_bytes,1689718784,1611.44140625,569538,42964,165,20260914_202556_ogbn-papers100M_FedAvg_bs256_seed42_beta10000p0,True,True
256,139,process_peak_rss_bytes,1645834240,1569.58984375,569538,42537,165,20260914_202556_ogbn-papers100M_FedAvg_bs256_seed42_beta10000p0,True,True
256,140,process_peak_rss_bytes,1667682304,1590.42578125,569538,42870,165,20260914_202556_ogbn-papers100M_FedAvg_bs256_seed42_beta10000p0,True,True
256,141,process_peak_rss_bytes,1678548992,1600.7890625,569538,42495,165,20260914_202556_ogbn-papers100M_FedAvg_bs256_seed42_beta10000p0,True,True
256,142,process_peak_rss_bytes,1674846208,1597.2578125,569538,42349,165,20260914_202556_ogbn-papers100M_FedAvg_bs256_seed42_beta10000p0,True,True
256,143,process_peak_rss_bytes,1678057472,1600.3203125,569538,41728,165,20260914_202556_ogbn-papers100M_FedAvg_bs256_seed42_beta10000p0,True,True
256,144,process_peak_rss_bytes,1658535936,1581.703125,569538,42912,165,20260914_202556_ogbn-papers100M_FedAvg_bs256_seed42_beta10000p0,True,True
256,145,process_peak_rss_bytes,1657434112,1580.65234375,569538,43085,165,20260914_202556_ogbn-papers100M_FedAvg_bs256_seed42_beta10000p0,True,True
256,146,process_peak_rss_bytes,1665642496,1588.48046875,569538,43108,165,20260914_202556_ogbn-papers100M_FedAvg_bs256_seed42_beta10000p0,True,True
256,147,process_peak_rss_bytes,1680408576,1602.5625,569538,43269,165,20260914_202556_ogbn-papers100M_FedAvg_bs256_seed42_beta10000p0,True,True
256,148,process_peak_rss_bytes,1669492736,1592.15234375,569538,42626,165,20260914_202556_ogbn-papers100M_FedAvg_bs256_seed42_beta10000p0,True,True
256,149,process_peak_rss_bytes,1646804992,1570.515625,569538,42342,165,20260914_202556_ogbn-papers100M_FedAvg_bs256_seed42_beta10000p0,True,True
256,150,process_peak_rss_bytes,1660858368,1583.91796875,569538,41834,165,20260914_202556_ogbn-papers100M_FedAvg_bs256_seed42_beta10000p0,True,True
256,151,process_peak_rss_bytes,1662644224,1585.62109375,569538,42539,165,20260914_202556_ogbn-papers100M_FedAvg_bs256_seed42_beta10000p0,True,True
256,152,process_peak_rss_bytes,1646063616,1569.80859375,569538,41816,165,20260914_202556_ogbn-papers100M_FedAvg_bs256_seed42_beta10000p0,True,True
256,153,process_peak_rss_bytes,1667907584,1590.640625,569538,42146,165,20260914_202556_ogbn-papers100M_FedAvg_bs256_seed42_beta10000p0,True,True
256,154,process_peak_rss_bytes,1670492160,1593.10546875,569538,42176,165,20260914_202556_ogbn-papers100M_FedAvg_bs256_seed42_beta10000p0,True,True
256,155,process_peak_rss_bytes,1670316032,1592.9375,569538,42579,165,20260914_202556_ogbn-papers100M_FedAvg_bs256_seed42_beta10000p0,True,True
256,156,process_peak_rss_bytes,1706369024,1627.3203125,569538,42692,165,20260914_202556_ogbn-papers100M_FedAvg_bs256_seed42_beta10000p0,True,False
256,157,process_peak_rss_bytes,1642602496,1566.5078125,569538,42495,165,20260914_202556_ogbn-papers100M_FedAvg_bs256_seed42_beta10000p0,True,True
256,158,process_peak_rss_bytes,1660399616,1583.48046875,569538,42523,165,20260914_202556_ogbn-papers100M_FedAvg_bs256_seed42_beta10000p0,True,True
256,159,process_peak_rss_bytes,1655795712,1579.08984375,569538,42420,165,20260914_202556_ogbn-papers100M_FedAvg_bs256_seed42_beta10000p0,True,True
256,160,process_peak_rss_bytes,1687339008,1609.171875,569538,43253,165,20260914_202556_ogbn-papers100M_FedAvg_bs256_seed42_beta10000p0,True,True
256,161,process_peak_rss_bytes,1667915776,1590.6484375,569538,42194,165,20260914_202556_ogbn-papers100M_FedAvg_bs256_seed42_beta10000p0,True,True
256,162,process_peak_rss_bytes,1670217728,1592.84375,569538,42360,165,20260914_202556_ogbn-papers100M_FedAvg_bs256_seed42_beta10000p0,True,True
256,163,process_peak_rss_bytes,1691824128,1613.44921875,569538,42567,165,20260914_202556_ogbn-papers100M_FedAvg_bs256_seed42_beta10000p0,True,True
256,164,process_peak_rss_bytes,1653825536,1577.2109375,569538,41939,165,20260914_202556_ogbn-papers100M_FedAvg_bs256_seed42_beta10000p0,True,True
256,165,process_peak_rss_bytes,1682923520,1604.9609375,569538,43107,165,20260914_202556_ogbn-papers100M_FedAvg_bs256_seed42_beta10000p0,True,True
256,166,process_peak_rss_bytes,1676984320,1599.296875,569538,42220,165,20260914_202556_ogbn-papers100M_FedAvg_bs256_seed42_beta10000p0,True,True
256,167,process_peak_rss_bytes,1659785216,1582.89453125,569538,41828,165,20260914_202556_ogbn-papers100M_FedAvg_bs256_seed42_beta10000p0,True,True
256,168,process_peak_rss_bytes,1654312960,1577.67578125,569538,42494,165,20260914_202556_ogbn-papers100M_FedAvg_bs256_seed42_beta10000p0,True,True
256,169,process_peak_rss_bytes,1652785152,1576.21875,569538,42483,165,20260914_202556_ogbn-papers100M_FedAvg_bs256_seed42_beta10000p0,True,True
256,170,process_peak_rss_bytes,1653039104,1576.4609375,569538,42465,165,20260914_202556_ogbn-papers100M_FedAvg_bs256_seed42_beta10000p0,True,True
256,171,process_peak_rss_bytes,1658204160,1581.38671875,569538,42399,165,20260914_202556_ogbn-papers100M_FedAvg_bs256_seed42_beta10000p0,True,True
256,172,process_peak_rss_bytes,1670721536,1593.32421875,569538,42341,165,20260914_202556_ogbn-papers100M_FedAvg_bs256_seed42_beta10000p0,True,True
256,173,process_peak_rss_bytes,1697562624,1618.921875,569538,42635,165,20260914_202556_ogbn-papers100M_FedAvg_bs256_seed42_beta10000p0,True,True
256,174,process_peak_rss_bytes,1675677696,1598.05078125,569538,42816,165,20260914_202556_ogbn-papers100M_FedAvg_bs256_seed42_beta10000p0,True,True
256,175,process_peak_rss_bytes,1669701632,1592.3515625,569538,42144,165,20260914_202556_ogbn-papers100M_FedAvg_bs256_seed42_beta10000p0,True,True
256,176,process_peak_rss_bytes,1671593984,1594.15625,569538,42031,165,20260914_202556_ogbn-papers100M_FedAvg_bs256_seed42_beta10000p0,True,True
256,177,process_peak_rss_bytes,1657757696,1580.9609375,569538,42925,165,20260914_202556_ogbn-papers100M_FedAvg_bs256_seed42_beta10000p0,True,True
256,178,process_peak_rss_bytes,1665867776,1588.6953125,569538,42505,165,20260914_202556_ogbn-papers100M_FedAvg_bs256_seed42_beta10000p0,True,True
256,179,process_peak_rss_bytes,1675812864,1598.1796875,569538,42742,165,20260914_202556_ogbn-papers100M_FedAvg_bs256_seed42_beta10000p0,True,True
256,180,process_peak_rss_bytes,1670369280,1592.98828125,569538,42844,165,20260914_202556_ogbn-papers100M_FedAvg_bs256_seed42_beta10000p0,True,True
256,181,process_peak_rss_bytes,1663655936,1586.5859375,569538,42424,165,20260914_202556_ogbn-papers100M_FedAvg_bs256_seed42_beta10000p0,True,True
256,182,process_peak_rss_bytes,1685733376,1607.640625,569538,42304,165,20260914_202556_ogbn-papers100M_FedAvg_bs256_seed42_beta10000p0,True,True
256,183,process_peak_rss_bytes,1691971584,1613.58984375,569538,41650,165,20260914_202556_ogbn-papers100M_FedAvg_bs256_seed42_beta10000p0,True,True
256,184,process_peak_rss_bytes,1661083648,1584.1328125,569538,42971,165,20260914_202556_ogbn-papers100M_FedAvg_bs256_seed42_beta10000p0,True,True
256,185,process_peak_rss_bytes,1672413184,1594.9375,569538,41887,165,20260914_202556_ogbn-papers100M_FedAvg_bs256_seed42_beta10000p0,True,True
256,186,process_peak_rss_bytes,1665708032,1588.54296875,569538,42308,165,20260914_202556_ogbn-papers100M_FedAvg_bs256_seed42_beta10000p0,True,True
256,187,process_peak_rss_bytes,1695064064,1616.5390625,569538,42395,165,20260914_202556_ogbn-papers100M_FedAvg_bs256_seed42_beta10000p0,True,True
256,188,process_peak_rss_bytes,1689821184,1611.5390625,569538,42504,165,20260914_202556_ogbn-papers100M_FedAvg_bs256_seed42_beta10000p0,True,True
256,189,process_peak_rss_bytes,1687539712,1609.36328125,569538,41857,165,20260914_202556_ogbn-papers100M_FedAvg_bs256_seed42_beta10000p0,True,True
256,190,process_peak_rss_bytes,1682018304,1604.09765625,569538,42537,165,20260914_202556_ogbn-papers100M_FedAvg_bs256_seed42_beta10000p0,True,True
256,191,process_peak_rss_bytes,1666658304,1589.44921875,569538,42364,165,20260914_202556_ogbn-papers100M_FedAvg_bs256_seed42_beta10000p0,True,True
256,192,process_peak_rss_bytes,1651974144,1575.4453125,569538,42279,165,20260914_202556_ogbn-papers100M_FedAvg_bs256_seed42_beta10000p0,True,True
256,193,process_peak_rss_bytes,1672187904,1594.72265625,569538,42402,165,20260914_202556_ogbn-papers100M_FedAvg_bs256_seed42_beta10000p0,True,True
256,194,process_peak_rss_bytes,1648660480,1572.28515625,569538,42488,165,20260914_202556_ogbn-papers100M_FedAvg_bs256_seed42_beta10000p0,True,True
512,0,process_peak_rss_bytes,1600569344,1526.421875,569539,42085,165,20260914_203749_ogbn-papers100M_FedAvg_bs512_seed42_beta10000p0,True,False
512,1,process_peak_rss_bytes,1616744448,1541.84765625,569539,42192,165,20260914_203749_ogbn-papers100M_FedAvg_bs512_seed42_beta10000p0,True,True
512,2,process_peak_rss_bytes,1617084416,1542.171875,569539,42649,165,20260914_203749_ogbn-papers100M_FedAvg_bs512_seed42_beta10000p0,True,True
512,3,process_peak_rss_bytes,1632649216,1557.015625,569539,42566,165,20260914_203749_ogbn-papers100M_FedAvg_bs512_seed42_beta10000p0,True,True
512,4,process_peak_rss_bytes,1621200896,1546.09765625,569539,42106,165,20260914_203749_ogbn-papers100M_FedAvg_bs512_seed42_beta10000p0,True,True
512,5,process_peak_rss_bytes,1612738560,1538.02734375,569539,42478,165,20260914_203749_ogbn-papers100M_FedAvg_bs512_seed42_beta10000p0,True,True
512,6,process_peak_rss_bytes,1609650176,1535.08203125,569539,41630,165,20260914_203749_ogbn-papers100M_FedAvg_bs512_seed42_beta10000p0,True,True
512,7,process_peak_rss_bytes,1604263936,1529.9453125,569539,42632,165,20260914_203749_ogbn-papers100M_FedAvg_bs512_seed42_beta10000p0,True,False
512,8,process_peak_rss_bytes,1607266304,1532.80859375,569539,41951,165,20260914_203749_ogbn-papers100M_FedAvg_bs512_seed42_beta10000p0,True,False
512,9,process_peak_rss_bytes,1587355648,1513.8203125,569539,43121,165,20260914_203749_ogbn-papers100M_FedAvg_bs512_seed42_beta10000p0,True,False
512,10,process_peak_rss_bytes,1587470336,1513.9296875,569539,42455,165,20260914_203749_ogbn-papers100M_FedAvg_bs512_seed42_beta10000p0,True,False
512,11,process_peak_rss_bytes,1589313536,1515.6875,569539,42613,165,20260914_203749_ogbn-papers100M_FedAvg_bs512_seed42_beta10000p0,True,False
512,12,process_peak_rss_bytes,1616130048,1541.26171875,569539,42902,165,20260914_203749_ogbn-papers100M_FedAvg_bs512_seed42_beta10000p0,True,True
512,13,process_peak_rss_bytes,1598627840,1524.5703125,569539,42317,165,20260914_203749_ogbn-papers100M_FedAvg_bs512_seed42_beta10000p0,True,False
512,14,process_peak_rss_bytes,1625403392,1550.10546875,569539,42296,165,20260914_203749_ogbn-papers100M_FedAvg_bs512_seed42_beta10000p0,True,True
512,15,process_peak_rss_bytes,1607090176,1532.640625,569539,42146,165,20260914_203749_ogbn-papers100M_FedAvg_bs512_seed42_beta10000p0,True,False
512,16,process_peak_rss_bytes,1589399552,1515.76953125,569539,41922,165,20260914_203749_ogbn-papers100M_FedAvg_bs512_seed42_beta10000p0,True,False
512,17,process_peak_rss_bytes,1585917952,1512.44921875,569539,42390,165,20260914_203749_ogbn-papers100M_FedAvg_bs512_seed42_beta10000p0,True,False
512,18,process_peak_rss_bytes,1611223040,1536.58203125,569539,41847,165,20260914_203749_ogbn-papers100M_FedAvg_bs512_seed42_beta10000p0,True,True
512,19,process_peak_rss_bytes,1608945664,1534.41015625,569539,42582,165,20260914_203749_ogbn-papers100M_FedAvg_bs512_seed42_beta10000p0,True,True
512,20,process_peak_rss_bytes,1591205888,1517.4921875,569539,42966,165,20260914_203749_ogbn-papers100M_FedAvg_bs512_seed42_beta10000p0,True,False
512,21,process_peak_rss_bytes,1634328576,1558.6171875,569539,42584,165,20260914_203749_ogbn-papers100M_FedAvg_bs512_seed42_beta10000p0,True,True
512,22,process_peak_rss_bytes,1602174976,1527.953125,569539,42003,165,20260914_203749_ogbn-papers100M_FedAvg_bs512_seed42_beta10000p0,True,False
512,23,process_peak_rss_bytes,1607192576,1532.73828125,569539,42415,165,20260914_203749_ogbn-papers100M_FedAvg_bs512_seed42_beta10000p0,True,False
512,24,process_peak_rss_bytes,1586266112,1512.78125,569539,41850,165,20260914_203749_ogbn-papers100M_FedAvg_bs512_seed42_beta10000p0,True,False
512,25,process_peak_rss_bytes,1601732608,1527.53125,569539,42152,165,20260914_203749_ogbn-papers100M_FedAvg_bs512_seed42_beta10000p0,True,False
512,26,process_peak_rss_bytes,1589157888,1515.5390625,569539,42344,165,20260914_203749_ogbn-papers100M_FedAvg_bs512_seed42_beta10000p0,True,False
512,27,process_peak_rss_bytes,1637847040,1561.97265625,569539,42322,165,20260914_203749_ogbn-papers100M_FedAvg_bs512_seed42_beta10000p0,True,True
512,28,process_peak_rss_bytes,1607073792,1532.625,569539,43060,165,20260914_203749_ogbn-papers100M_FedAvg_bs512_seed42_beta10000p0,True,False
512,29,process_peak_rss_bytes,1624444928,1549.19140625,569539,43189,165,20260914_203749_ogbn-papers100M_FedAvg_bs512_seed42_beta10000p0,True,True
512,30,process_peak_rss_bytes,1652195328,1575.65625,569539,42646,165,20260914_203749_ogbn-papers100M_FedAvg_bs512_seed42_beta10000p0,True,True
512,31,process_peak_rss_bytes,1600532480,1526.38671875,569539,42757,165,20260914_203749_ogbn-papers100M_FedAvg_bs512_seed42_beta10000p0,True,False
512,32,process_peak_rss_bytes,1601249280,1527.0703125,569539,42148,165,20260914_203749_ogbn-papers100M_FedAvg_bs512_seed42_beta10000p0,True,False
512,33,process_peak_rss_bytes,1590300672,1516.62890625,569539,43164,165,20260914_203749_ogbn-papers100M_FedAvg_bs512_seed42_beta10000p0,True,False
512,34,process_peak_rss_bytes,1629597696,1554.10546875,569539,42454,165,20260914_203749_ogbn-papers100M_FedAvg_bs512_seed42_beta10000p0,True,True
512,35,process_peak_rss_bytes,1647337472,1571.0234375,569539,43289,165,20260914_203749_ogbn-papers100M_FedAvg_bs512_seed42_beta10000p0,True,True
512,36,process_peak_rss_bytes,1616076800,1541.2109375,569539,42743,165,20260914_203749_ogbn-papers100M_FedAvg_bs512_seed42_beta10000p0,True,True
512,37,process_peak_rss_bytes,1595273216,1521.37109375,569539,42489,165,20260914_203749_ogbn-papers100M_FedAvg_bs512_seed42_beta10000p0,True,False
512,38,process_peak_rss_bytes,1590124544,1516.4609375,569539,43384,165,20260914_203749_ogbn-papers100M_FedAvg_bs512_seed42_beta10000p0,True,False
512,39,process_peak_rss_bytes,1599307776,1525.21875,569539,43634,165,20260914_203749_ogbn-papers100M_FedAvg_bs512_seed42_beta10000p0,True,False
512,40,process_peak_rss_bytes,1578246144,1505.1328125,569539,42548,165,20260914_203749_ogbn-papers100M_FedAvg_bs512_seed42_beta10000p0,True,False
512,41,process_peak_rss_bytes,1611808768,1537.140625,569539,42113,165,20260914_203749_ogbn-papers100M_FedAvg_bs512_seed42_beta10000p0,True,True
512,42,process_peak_rss_bytes,1621049344,1545.953125,569539,42360,165,20260914_203749_ogbn-papers100M_FedAvg_bs512_seed42_beta10000p0,True,True
512,43,process_peak_rss_bytes,1611698176,1537.03515625,569539,42194,165,20260914_203749_ogbn-papers100M_FedAvg_bs512_seed42_beta10000p0,True,True
512,44,process_peak_rss_bytes,1601085440,1526.9140625,569539,42371,165,20260914_203749_ogbn-papers100M_FedAvg_bs512_seed42_beta10000p0,True,False
512,45,process_peak_rss_bytes,1610665984,1536.05078125,569539,42610,165,20260914_203749_ogbn-papers100M_FedAvg_bs512_seed42_beta10000p0,True,True
512,46,process_peak_rss_bytes,1669746688,1592.39453125,569538,42482,165,20260914_203749_ogbn-papers100M_FedAvg_bs512_seed42_beta10000p0,True,True
512,47,process_peak_rss_bytes,1657331712,1580.5546875,569538,42568,165,20260914_203749_ogbn-papers100M_FedAvg_bs512_seed42_beta10000p0,True,True
512,48,process_peak_rss_bytes,1677000704,1599.3125,569538,42836,165,20260914_203749_ogbn-papers100M_FedAvg_bs512_seed42_beta10000p0,True,True
512,49,process_peak_rss_bytes,1674993664,1597.3984375,569538,42558,165,20260914_203749_ogbn-papers100M_FedAvg_bs512_seed42_beta10000p0,True,True
512,50,process_peak_rss_bytes,1691914240,1613.53515625,569538,42598,165,20260914_203749_ogbn-papers100M_FedAvg_bs512_seed42_beta10000p0,True,True
512,51,process_peak_rss_bytes,1646198784,1569.9375,569538,42423,165,20260914_203749_ogbn-papers100M_FedAvg_bs512_seed42_beta10000p0,True,True
512,52,process_peak_rss_bytes,1649274880,1572.87109375,569538,42096,165,20260914_203749_ogbn-papers100M_FedAvg_bs512_seed42_beta10000p0,True,True
512,53,process_peak_rss_bytes,1646501888,1570.2265625,569538,42819,165,20260914_203749_ogbn-papers100M_FedAvg_bs512_seed42_beta10000p0,True,True
512,54,process_peak_rss_bytes,1700003840,1621.25,569538,41987,165,20260914_203749_ogbn-papers100M_FedAvg_bs512_seed42_beta10000p0,True,True
512,55,process_peak_rss_bytes,1642397696,1566.3125,569538,42945,165,20260914_203749_ogbn-papers100M_FedAvg_bs512_seed42_beta10000p0,True,True
512,56,process_peak_rss_bytes,1653796864,1577.18359375,569538,42997,165,20260914_203749_ogbn-papers100M_FedAvg_bs512_seed42_beta10000p0,True,True
512,57,process_peak_rss_bytes,1656938496,1580.1796875,569538,42743,165,20260914_203749_ogbn-papers100M_FedAvg_bs512_seed42_beta10000p0,True,True
512,58,process_peak_rss_bytes,1672306688,1594.8359375,569538,43148,165,20260914_203749_ogbn-papers100M_FedAvg_bs512_seed42_beta10000p0,True,True
512,59,process_peak_rss_bytes,1659052032,1582.1953125,569538,42756,165,20260914_203749_ogbn-papers100M_FedAvg_bs512_seed42_beta10000p0,True,True
512,60,process_peak_rss_bytes,1639915520,1563.9453125,569538,41749,165,20260914_203749_ogbn-papers100M_FedAvg_bs512_seed42_beta10000p0,True,True
512,61,process_peak_rss_bytes,1649393664,1572.984375,569538,42354,165,20260914_203749_ogbn-papers100M_FedAvg_bs512_seed42_beta10000p0,True,True
512,62,process_peak_rss_bytes,1641136128,1565.109375,569538,43049,165,20260914_203749_ogbn-papers100M_FedAvg_bs512_seed42_beta10000p0,True,True
512,63,process_peak_rss_bytes,1672626176,1595.140625,569538,42524,165,20260914_203749_ogbn-papers100M_FedAvg_bs512_seed42_beta10000p0,True,True
512,64,process_peak_rss_bytes,1665200128,1588.05859375,569538,42105,165,20260914_203749_ogbn-papers100M_FedAvg_bs512_seed42_beta10000p0,True,True
512,65,process_peak_rss_bytes,1633665024,1557.984375,569538,42707,165,20260914_203749_ogbn-papers100M_FedAvg_bs512_seed42_beta10000p0,True,True
512,66,process_peak_rss_bytes,1684488192,1606.453125,569538,42115,165,20260914_203749_ogbn-papers100M_FedAvg_bs512_seed42_beta10000p0,True,True
512,67,process_peak_rss_bytes,1657217024,1580.4453125,569538,42991,165,20260914_203749_ogbn-papers100M_FedAvg_bs512_seed42_beta10000p0,True,True
512,68,process_peak_rss_bytes,1652252672,1575.7109375,569538,42019,165,20260914_203749_ogbn-papers100M_FedAvg_bs512_seed42_beta10000p0,True,True
512,69,process_peak_rss_bytes,1682989056,1605.0234375,569538,42344,165,20260914_203749_ogbn-papers100M_FedAvg_bs512_seed42_beta10000p0,True,True
512,70,process_peak_rss_bytes,1644695552,1568.50390625,569538,42297,165,20260914_203749_ogbn-papers100M_FedAvg_bs512_seed42_beta10000p0,True,True
512,71,process_peak_rss_bytes,1650057216,1573.6171875,569538,42864,165,20260914_203749_ogbn-papers100M_FedAvg_bs512_seed42_beta10000p0,True,True
512,72,process_peak_rss_bytes,1678413824,1600.66015625,569538,42513,165,20260914_203749_ogbn-papers100M_FedAvg_bs512_seed42_beta10000p0,True,True
512,73,process_peak_rss_bytes,1648926720,1572.5390625,569538,41910,165,20260914_203749_ogbn-papers100M_FedAvg_bs512_seed42_beta10000p0,True,True
512,74,process_peak_rss_bytes,1667489792,1590.2421875,569538,42845,165,20260914_203749_ogbn-papers100M_FedAvg_bs512_seed42_beta10000p0,True,True
512,75,process_peak_rss_bytes,1670291456,1592.9140625,569538,42471,165,20260914_203749_ogbn-papers100M_FedAvg_bs512_seed42_beta10000p0,True,True
512,76,process_peak_rss_bytes,1639759872,1563.796875,569538,42738,165,20260914_203749_ogbn-papers100M_FedAvg_bs512_seed42_beta10000p0,True,True
512,77,process_peak_rss_bytes,1653252096,1576.6640625,569538,42424,165,20260914_203749_ogbn-papers100M_FedAvg_bs512_seed42_beta10000p0,True,True
512,78,process_peak_rss_bytes,1654194176,1577.5625,569538,42456,165,20260914_203749_ogbn-papers100M_FedAvg_bs512_seed42_beta10000p0,True,True
512,79,process_peak_rss_bytes,1671127040,1593.7109375,569538,42850,165,20260914_203749_ogbn-papers100M_FedAvg_bs512_seed42_beta10000p0,True,True
512,80,process_peak_rss_bytes,1674752000,1597.16796875,569538,42105,165,20260914_203749_ogbn-papers100M_FedAvg_bs512_seed42_beta10000p0,True,True
512,81,process_peak_rss_bytes,1654796288,1578.13671875,569538,43104,165,20260914_203749_ogbn-papers100M_FedAvg_bs512_seed42_beta10000p0,True,True
512,82,process_peak_rss_bytes,1655562240,1578.8671875,569538,42245,165,20260914_203749_ogbn-papers100M_FedAvg_bs512_seed42_beta10000p0,True,True
512,83,process_peak_rss_bytes,1667309568,1590.0703125,569538,42180,165,20260914_203749_ogbn-papers100M_FedAvg_bs512_seed42_beta10000p0,True,True
512,84,process_peak_rss_bytes,1655406592,1578.71875,569538,42400,165,20260914_203749_ogbn-papers100M_FedAvg_bs512_seed42_beta10000p0,True,True
512,85,process_peak_rss_bytes,1654321152,1577.68359375,569538,42420,165,20260914_203749_ogbn-papers100M_FedAvg_bs512_seed42_beta10000p0,True,True
512,86,process_peak_rss_bytes,1653288960,1576.69921875,569538,42300,165,20260914_203749_ogbn-papers100M_FedAvg_bs512_seed42_beta10000p0,True,True
512,87,process_peak_rss_bytes,1694158848,1615.67578125,569538,42097,165,20260914_203749_ogbn-papers100M_FedAvg_bs512_seed42_beta10000p0,True,True
512,88,process_peak_rss_bytes,1669414912,1592.078125,569538,43090,165,20260914_203749_ogbn-papers100M_FedAvg_bs512_seed42_beta10000p0,True,True
512,89,process_peak_rss_bytes,1661140992,1584.1875,569538,42182,165,20260914_203749_ogbn-papers100M_FedAvg_bs512_seed42_beta10000p0,True,True
512,90,process_peak_rss_bytes,1666392064,1589.1953125,569538,42803,165,20260914_203749_ogbn-papers100M_FedAvg_bs512_seed42_beta10000p0,True,True
512,91,process_peak_rss_bytes,1679290368,1601.49609375,569538,42567,165,20260914_203749_ogbn-papers100M_FedAvg_bs512_seed42_beta10000p0,True,True
512,92,process_peak_rss_bytes,1681080320,1603.203125,569538,42263,165,20260914_203749_ogbn-papers100M_FedAvg_bs512_seed42_beta10000p0,True,True
512,93,process_peak_rss_bytes,1683922944,1605.9140625,569538,41896,165,20260914_203749_ogbn-papers100M_FedAvg_bs512_seed42_beta10000p0,True,True
512,94,process_peak_rss_bytes,1653161984,1576.578125,569538,42067,165,20260914_203749_ogbn-papers100M_FedAvg_bs512_seed42_beta10000p0,True,True
512,95,process_peak_rss_bytes,1654497280,1577.8515625,569538,41918,165,20260914_203749_ogbn-papers100M_FedAvg_bs512_seed42_beta10000p0,True,True
512,96,process_peak_rss_bytes,1660698624,1583.765625,569538,42003,165,20260914_203749_ogbn-papers100M_FedAvg_bs512_seed42_beta10000p0,True,True
512,97,process_peak_rss_bytes,1688371200,1610.15625,569538,42810,165,20260914_203749_ogbn-papers100M_FedAvg_bs512_seed42_beta10000p0,True,True
512,98,process_peak_rss_bytes,1664233472,1587.13671875,569538,42584,165,20260914_203749_ogbn-papers100M_FedAvg_bs512_seed42_beta10000p0,True,True
512,99,process_peak_rss_bytes,1682952192,1604.98828125,569538,42216,165,20260914_203749_ogbn-papers100M_FedAvg_bs512_seed42_beta10000p0,True,True
512,100,process_peak_rss_bytes,1677586432,1599.87109375,569538,42148,165,20260914_203749_ogbn-papers100M_FedAvg_bs512_seed42_beta10000p0,True,True
512,101,process_peak_rss_bytes,1663868928,1586.7890625,569538,41381,165,20260914_203749_ogbn-papers100M_FedAvg_bs512_seed42_beta10000p0,True,True
512,102,process_peak_rss_bytes,1685114880,1607.05078125,569538,42621,165,20260914_203749_ogbn-papers100M_FedAvg_bs512_seed42_beta10000p0,True,True
512,103,process_peak_rss_bytes,1655844864,1579.13671875,569538,42422,165,20260914_203749_ogbn-papers100M_FedAvg_bs512_seed42_beta10000p0,True,True
512,104,process_peak_rss_bytes,1732632576,1652.3671875,569538,42519,165,20260914_203749_ogbn-papers100M_FedAvg_bs512_seed42_beta10000p0,True,False
512,105,process_peak_rss_bytes,1669758976,1592.40625,569538,42552,165,20260914_203749_ogbn-papers100M_FedAvg_bs512_seed42_beta10000p0,True,True
512,106,process_peak_rss_bytes,1678311424,1600.5625,569538,42631,165,20260914_203749_ogbn-papers100M_FedAvg_bs512_seed42_beta10000p0,True,True
512,107,process_peak_rss_bytes,1659269120,1582.40234375,569538,42612,165,20260914_203749_ogbn-papers100M_FedAvg_bs512_seed42_beta10000p0,True,True
512,108,process_peak_rss_bytes,1674321920,1596.7578125,569538,42490,165,20260914_203749_ogbn-papers100M_FedAvg_bs512_seed42_beta10000p0,True,True
512,109,process_peak_rss_bytes,1684246528,1606.22265625,569538,42260,165,20260914_203749_ogbn-papers100M_FedAvg_bs512_seed42_beta10000p0,True,True
512,110,process_peak_rss_bytes,1674371072,1596.8046875,569538,42979,165,20260914_203749_ogbn-papers100M_FedAvg_bs512_seed42_beta10000p0,True,True
512,111,process_peak_rss_bytes,1696309248,1617.7265625,569538,41990,165,20260914_203749_ogbn-papers100M_FedAvg_bs512_seed42_beta10000p0,True,True
512,112,process_peak_rss_bytes,1691750400,1613.37890625,569538,41881,165,20260914_203749_ogbn-papers100M_FedAvg_bs512_seed42_beta10000p0,True,True
512,113,process_peak_rss_bytes,1675915264,1598.27734375,569538,42543,165,20260914_203749_ogbn-papers100M_FedAvg_bs512_seed42_beta10000p0,True,True
512,114,process_peak_rss_bytes,1642635264,1566.5390625,569538,42145,165,20260914_203749_ogbn-papers100M_FedAvg_bs512_seed42_beta10000p0,True,True
512,115,process_peak_rss_bytes,1668648960,1591.34765625,569538,42653,165,20260914_203749_ogbn-papers100M_FedAvg_bs512_seed42_beta10000p0,True,True
512,116,process_peak_rss_bytes,1704251392,1625.30078125,569538,42140,165,20260914_203749_ogbn-papers100M_FedAvg_bs512_seed42_beta10000p0,True,False
512,117,process_peak_rss_bytes,1678442496,1600.6875,569538,42206,165,20260914_203749_ogbn-papers100M_FedAvg_bs512_seed42_beta10000p0,True,True
512,118,process_peak_rss_bytes,1668878336,1591.56640625,569538,41664,165,20260914_203749_ogbn-papers100M_FedAvg_bs512_seed42_beta10000p0,True,True
512,119,process_peak_rss_bytes,1665810432,1588.640625,569538,42642,165,20260914_203749_ogbn-papers100M_FedAvg_bs512_seed42_beta10000p0,True,True
512,120,process_peak_rss_bytes,1689604096,1611.33203125,569538,43040,165,20260914_203749_ogbn-papers100M_FedAvg_bs512_seed42_beta10000p0,True,True
512,121,process_peak_rss_bytes,1696329728,1617.74609375,569538,41451,165,20260914_203749_ogbn-papers100M_FedAvg_bs512_seed42_beta10000p0,True,True
512,122,process_peak_rss_bytes,1689292800,1611.03515625,569538,42278,165,20260914_203749_ogbn-papers100M_FedAvg_bs512_seed42_beta10000p0,True,True
512,123,process_peak_rss_bytes,1672765440,1595.2734375,569538,42105,165,20260914_203749_ogbn-papers100M_FedAvg_bs512_seed42_beta10000p0,True,True
512,124,process_peak_rss_bytes,1725239296,1645.31640625,569538,43578,165,20260914_203749_ogbn-papers100M_FedAvg_bs512_seed42_beta10000p0,True,False
512,125,process_peak_rss_bytes,1651728384,1575.2109375,569538,42832,165,20260914_203749_ogbn-papers100M_FedAvg_bs512_seed42_beta10000p0,True,True
512,126,process_peak_rss_bytes,1681231872,1603.34765625,569538,42506,165,20260914_203749_ogbn-papers100M_FedAvg_bs512_seed42_beta10000p0,True,True
512,127,process_peak_rss_bytes,1673289728,1595.7734375,569538,42021,165,20260914_203749_ogbn-papers100M_FedAvg_bs512_seed42_beta10000p0,True,True
512,128,process_peak_rss_bytes,1662185472,1585.18359375,569538,42892,165,20260914_203749_ogbn-papers100M_FedAvg_bs512_seed42_beta10000p0,True,True
512,129,process_peak_rss_bytes,1650974720,1574.4921875,569538,42089,165,20260914_203749_ogbn-papers100M_FedAvg_bs512_seed42_beta10000p0,True,True
512,130,process_peak_rss_bytes,1635475456,1559.7109375,569538,42978,165,20260914_203749_ogbn-papers100M_FedAvg_bs512_seed42_beta10000p0,True,True
512,131,process_peak_rss_bytes,1662812160,1585.78125,569538,42644,165,20260914_203749_ogbn-papers100M_FedAvg_bs512_seed42_beta10000p0,True,True
512,132,process_peak_rss_bytes,1676824576,1599.14453125,569538,42241,165,20260914_203749_ogbn-papers100M_FedAvg_bs512_seed42_beta10000p0,True,True
512,133,process_peak_rss_bytes,1664684032,1587.56640625,569538,42714,165,20260914_203749_ogbn-papers100M_FedAvg_bs512_seed42_beta10000p0,True,True
512,134,process_peak_rss_bytes,1678888960,1601.11328125,569538,44260,165,20260914_203749_ogbn-papers100M_FedAvg_bs512_seed42_beta10000p0,True,True
512,135,process_peak_rss_bytes,1690431488,1612.12109375,569538,42984,165,20260914_203749_ogbn-papers100M_FedAvg_bs512_seed42_beta10000p0,True,True
512,136,process_peak_rss_bytes,1681453056,1603.55859375,569538,43648,165,20260914_203749_ogbn-papers100M_FedAvg_bs512_seed42_beta10000p0,True,True
512,137,process_peak_rss_bytes,1642754048,1566.65234375,569538,43556,165,20260914_203749_ogbn-papers100M_FedAvg_bs512_seed42_beta10000p0,True,True
512,138,process_peak_rss_bytes,1665810432,1588.640625,569538,42964,165,20260914_203749_ogbn-papers100M_FedAvg_bs512_seed42_beta10000p0,True,True
512,139,process_peak_rss_bytes,1651929088,1575.40234375,569538,42537,165,20260914_203749_ogbn-papers100M_FedAvg_bs512_seed42_beta10000p0,True,True
512,140,process_peak_rss_bytes,1662898176,1585.86328125,569538,42870,165,20260914_203749_ogbn-papers100M_FedAvg_bs512_seed42_beta10000p0,True,True
512,141,process_peak_rss_bytes,1674887168,1597.296875,569538,42495,165,20260914_203749_ogbn-papers100M_FedAvg_bs512_seed42_beta10000p0,True,True
512,142,process_peak_rss_bytes,1673383936,1595.86328125,569538,42349,165,20260914_203749_ogbn-papers100M_FedAvg_bs512_seed42_beta10000p0,True,True
512,143,process_peak_rss_bytes,1681965056,1604.046875,569538,41728,165,20260914_203749_ogbn-papers100M_FedAvg_bs512_seed42_beta10000p0,True,True
512,144,process_peak_rss_bytes,1705914368,1626.88671875,569538,42912,165,20260914_203749_ogbn-papers100M_FedAvg_bs512_seed42_beta10000p0,True,False
512,145,process_peak_rss_bytes,1667878912,1590.61328125,569538,43085,165,20260914_203749_ogbn-papers100M_FedAvg_bs512_seed42_beta10000p0,True,True
512,146,process_peak_rss_bytes,1673056256,1595.55078125,569538,43108,165,20260914_203749_ogbn-papers100M_FedAvg_bs512_seed42_beta10000p0,True,True
512,147,process_peak_rss_bytes,1676001280,1598.359375,569538,43269,165,20260914_203749_ogbn-papers100M_FedAvg_bs512_seed42_beta10000p0,True,True
512,148,process_peak_rss_bytes,1665662976,1588.5,569538,42626,165,20260914_203749_ogbn-papers100M_FedAvg_bs512_seed42_beta10000p0,True,True
512,149,process_peak_rss_bytes,1684533248,1606.49609375,569538,42342,165,20260914_203749_ogbn-papers100M_FedAvg_bs512_seed42_beta10000p0,True,True
512,150,process_peak_rss_bytes,1637924864,1562.046875,569538,41834,165,20260914_203749_ogbn-papers100M_FedAvg_bs512_seed42_beta10000p0,True,True
512,151,process_peak_rss_bytes,1649176576,1572.77734375,569538,42539,165,20260914_203749_ogbn-papers100M_FedAvg_bs512_seed42_beta10000p0,True,True
512,152,process_peak_rss_bytes,1696677888,1618.078125,569538,41816,165,20260914_203749_ogbn-papers100M_FedAvg_bs512_seed42_beta10000p0,True,True
512,153,process_peak_rss_bytes,1683460096,1605.47265625,569538,42146,165,20260914_203749_ogbn-papers100M_FedAvg_bs512_seed42_beta10000p0,True,True
512,154,process_peak_rss_bytes,1674739712,1597.15625,569538,42176,165,20260914_203749_ogbn-papers100M_FedAvg_bs512_seed42_beta10000p0,True,True
512,155,process_peak_rss_bytes,1681887232,1603.97265625,569538,42579,165,20260914_203749_ogbn-papers100M_FedAvg_bs512_seed42_beta10000p0,True,True
512,156,process_peak_rss_bytes,1662640128,1585.6171875,569538,42692,165,20260914_203749_ogbn-papers100M_FedAvg_bs512_seed42_beta10000p0,True,True
512,157,process_peak_rss_bytes,1700851712,1622.05859375,569538,42495,165,20260914_203749_ogbn-papers100M_FedAvg_bs512_seed42_beta10000p0,True,True
512,158,process_peak_rss_bytes,1677332480,1599.62890625,569538,42523,165,20260914_203749_ogbn-papers100M_FedAvg_bs512_seed42_beta10000p0,True,True
512,159,process_peak_rss_bytes,1686249472,1608.1328125,569538,42420,165,20260914_203749_ogbn-papers100M_FedAvg_bs512_seed42_beta10000p0,True,True
512,160,process_peak_rss_bytes,1641672704,1565.62109375,569538,43253,165,20260914_203749_ogbn-papers100M_FedAvg_bs512_seed42_beta10000p0,True,True
512,161,process_peak_rss_bytes,1654833152,1578.171875,569538,42194,165,20260914_203749_ogbn-papers100M_FedAvg_bs512_seed42_beta10000p0,True,True
512,162,process_peak_rss_bytes,1662173184,1585.171875,569538,42360,165,20260914_203749_ogbn-papers100M_FedAvg_bs512_seed42_beta10000p0,True,True
512,163,process_peak_rss_bytes,1683513344,1605.5234375,569538,42567,165,20260914_203749_ogbn-papers100M_FedAvg_bs512_seed42_beta10000p0,True,True
512,164,process_peak_rss_bytes,1669062656,1591.7421875,569538,41939,165,20260914_203749_ogbn-papers100M_FedAvg_bs512_seed42_beta10000p0,True,True
512,165,process_peak_rss_bytes,1684221952,1606.19921875,569538,43107,165,20260914_203749_ogbn-papers100M_FedAvg_bs512_seed42_beta10000p0,True,True
512,166,process_peak_rss_bytes,1677918208,1600.1875,569538,42220,165,20260914_203749_ogbn-papers100M_FedAvg_bs512_seed42_beta10000p0,True,True
512,167,process_peak_rss_bytes,1639124992,1563.19140625,569538,41828,165,20260914_203749_ogbn-papers100M_FedAvg_bs512_seed42_beta10000p0,True,True
512,168,process_peak_rss_bytes,1697542144,1618.90234375,569538,42494,165,20260914_203749_ogbn-papers100M_FedAvg_bs512_seed42_beta10000p0,True,True
512,169,process_peak_rss_bytes,1686675456,1608.5390625,569538,42483,165,20260914_203749_ogbn-papers100M_FedAvg_bs512_seed42_beta10000p0,True,True
512,170,process_peak_rss_bytes,1666117632,1588.93359375,569538,42465,165,20260914_203749_ogbn-papers100M_FedAvg_bs512_seed42_beta10000p0,True,True
512,171,process_peak_rss_bytes,1694715904,1616.20703125,569538,42399,165,20260914_203749_ogbn-papers100M_FedAvg_bs512_seed42_beta10000p0,True,True
512,172,process_peak_rss_bytes,1684205568,1606.18359375,569538,42341,165,20260914_203749_ogbn-papers100M_FedAvg_bs512_seed42_beta10000p0,True,True
512,173,process_peak_rss_bytes,1660657664,1583.7265625,569538,42635,165,20260914_203749_ogbn-papers100M_FedAvg_bs512_seed42_beta10000p0,True,True
512,174,process_peak_rss_bytes,1667485696,1590.23828125,569538,42816,165,20260914_203749_ogbn-papers100M_FedAvg_bs512_seed42_beta10000p0,True,True
512,175,process_peak_rss_bytes,1656422400,1579.6875,569538,42144,165,20260914_203749_ogbn-papers100M_FedAvg_bs512_seed42_beta10000p0,True,True
512,176,process_peak_rss_bytes,1637380096,1561.52734375,569538,42031,165,20260914_203749_ogbn-papers100M_FedAvg_bs512_seed42_beta10000p0,True,True
512,177,process_peak_rss_bytes,1666269184,1589.078125,569538,42925,165,20260914_203749_ogbn-papers100M_FedAvg_bs512_seed42_beta10000p0,True,True
512,178,process_peak_rss_bytes,1673125888,1595.6171875,569538,42505,165,20260914_203749_ogbn-papers100M_FedAvg_bs512_seed42_beta10000p0,True,True
512,179,process_peak_rss_bytes,1672765440,1595.2734375,569538,42742,165,20260914_203749_ogbn-papers100M_FedAvg_bs512_seed42_beta10000p0,True,True
512,180,process_peak_rss_bytes,1680494592,1602.64453125,569538,42844,165,20260914_203749_ogbn-papers100M_FedAvg_bs512_seed42_beta10000p0,True,True
512,181,process_peak_rss_bytes,1669718016,1592.3671875,569538,42424,165,20260914_203749_ogbn-papers100M_FedAvg_bs512_seed42_beta10000p0,True,True
512,182,process_peak_rss_bytes,1712664576,1633.32421875,569538,42304,165,20260914_203749_ogbn-papers100M_FedAvg_bs512_seed42_beta10000p0,True,False
512,183,process_peak_rss_bytes,1657511936,1580.7265625,569538,41650,165,20260914_203749_ogbn-papers100M_FedAvg_bs512_seed42_beta10000p0,True,True
512,184,process_peak_rss_bytes,1662754816,1585.7265625,569538,42971,165,20260914_203749_ogbn-papers100M_FedAvg_bs512_seed42_beta10000p0,True,True
512,185,process_peak_rss_bytes,1680662528,1602.8046875,569538,41887,165,20260914_203749_ogbn-papers100M_FedAvg_bs512_seed42_beta10000p0,True,True
512,186,process_peak_rss_bytes,1656606720,1579.86328125,569538,42308,165,20260914_203749_ogbn-papers100M_FedAvg_bs512_seed42_beta10000p0,True,True
512,187,process_peak_rss_bytes,1661091840,1584.140625,569538,42395,165,20260914_203749_ogbn-papers100M_FedAvg_bs512_seed42_beta10000p0,True,True
512,188,process_peak_rss_bytes,1654976512,1578.30859375,569538,42504,165,20260914_203749_ogbn-papers100M_FedAvg_bs512_seed42_beta10000p0,True,True
512,189,process_peak_rss_bytes,1675038720,1597.44140625,569538,41857,165,20260914_203749_ogbn-papers100M_FedAvg_bs512_seed42_beta10000p0,True,True
512,190,process_peak_rss_bytes,1665691648,1588.52734375,569538,42537,165,20260914_203749_ogbn-papers100M_FedAvg_bs512_seed42_beta10000p0,True,True
512,191,process_peak_rss_bytes,1690009600,1611.71875,569538,42364,165,20260914_203749_ogbn-papers100M_FedAvg_bs512_seed42_beta10000p0,True,True
512,192,process_peak_rss_bytes,1654034432,1577.41015625,569538,42279,165,20260914_203749_ogbn-papers100M_FedAvg_bs512_seed42_beta10000p0,True,True
512,193,process_peak_rss_bytes,1662619648,1585.59765625,569538,42402,165,20260914_203749_ogbn-papers100M_FedAvg_bs512_seed42_beta10000p0,True,True
512,194,process_peak_rss_bytes,1667272704,1590.03515625,569538,42488,165,20260914_203749_ogbn-papers100M_FedAvg_bs512_seed42_beta10000p0,True,True
1024,0,process_peak_rss_bytes,1581330432,1508.07421875,569539,42085,165,20260914_204924_ogbn-papers100M_FedAvg_bs1024_seed42_beta10000p0,True,False
1024,1,process_peak_rss_bytes,1585152000,1511.71875,569539,42192,165,20260914_204924_ogbn-papers100M_FedAvg_bs1024_seed42_beta10000p0,True,False
1024,2,process_peak_rss_bytes,1593479168,1519.66015625,569539,42649,165,20260914_204924_ogbn-papers100M_FedAvg_bs1024_seed42_beta10000p0,True,True
1024,3,process_peak_rss_bytes,1595981824,1522.046875,569539,42566,165,20260914_204924_ogbn-papers100M_FedAvg_bs1024_seed42_beta10000p0,True,True
1024,4,process_peak_rss_bytes,1594707968,1520.83203125,569539,42106,165,20260914_204924_ogbn-papers100M_FedAvg_bs1024_seed42_beta10000p0,True,True
1024,5,process_peak_rss_bytes,1589854208,1516.203125,569539,42478,165,20260914_204924_ogbn-papers100M_FedAvg_bs1024_seed42_beta10000p0,True,False
1024,6,process_peak_rss_bytes,1608220672,1533.71875,569539,41630,165,20260914_204924_ogbn-papers100M_FedAvg_bs1024_seed42_beta10000p0,True,True
1024,7,process_peak_rss_bytes,1580388352,1507.17578125,569539,42632,165,20260914_204924_ogbn-papers100M_FedAvg_bs1024_seed42_beta10000p0,True,False
1024,8,process_peak_rss_bytes,1611083776,1536.44921875,569539,41951,165,20260914_204924_ogbn-papers100M_FedAvg_bs1024_seed42_beta10000p0,True,True
1024,9,process_peak_rss_bytes,1567039488,1494.4453125,569539,43121,165,20260914_204924_ogbn-papers100M_FedAvg_bs1024_seed42_beta10000p0,True,False
1024,10,process_peak_rss_bytes,1597186048,1523.1953125,569539,42455,165,20260914_204924_ogbn-papers100M_FedAvg_bs1024_seed42_beta10000p0,True,True
1024,11,process_peak_rss_bytes,1568456704,1495.796875,569539,42613,165,20260914_204924_ogbn-papers100M_FedAvg_bs1024_seed42_beta10000p0,True,False
1024,12,process_peak_rss_bytes,1586720768,1513.21484375,569539,42902,165,20260914_204924_ogbn-papers100M_FedAvg_bs1024_seed42_beta10000p0,True,False
1024,13,process_peak_rss_bytes,1592102912,1518.34765625,569539,42317,165,20260914_204924_ogbn-papers100M_FedAvg_bs1024_seed42_beta10000p0,True,True
1024,14,process_peak_rss_bytes,1579724800,1506.54296875,569539,42296,165,20260914_204924_ogbn-papers100M_FedAvg_bs1024_seed42_beta10000p0,True,False
1024,15,process_peak_rss_bytes,1590333440,1516.66015625,569539,42146,165,20260914_204924_ogbn-papers100M_FedAvg_bs1024_seed42_beta10000p0,True,False
1024,16,process_peak_rss_bytes,1587339264,1513.8046875,569539,41922,165,20260914_204924_ogbn-papers100M_FedAvg_bs1024_seed42_beta10000p0,True,False
1024,17,process_peak_rss_bytes,1601515520,1527.32421875,569539,42390,165,20260914_204924_ogbn-papers100M_FedAvg_bs1024_seed42_beta10000p0,True,True
1024,18,process_peak_rss_bytes,1585709056,1512.25,569539,41847,165,20260914_204924_ogbn-papers100M_FedAvg_bs1024_seed42_beta10000p0,True,False
1024,19,process_peak_rss_bytes,1572564992,1499.71484375,569539,42582,165,20260914_204924_ogbn-papers100M_FedAvg_bs1024_seed42_beta10000p0,True,False
1024,20,process_peak_rss_bytes,1576382464,1503.35546875,569539,42966,165,20260914_204924_ogbn-papers100M_FedAvg_bs1024_seed42_beta10000p0,True,False
1024,21,process_peak_rss_bytes,1604341760,1530.01953125,569539,42584,165,20260914_204924_ogbn-papers100M_FedAvg_bs1024_seed42_beta10000p0,True,True
1024,22,process_peak_rss_bytes,1583284224,1509.9375,569539,42003,165,20260914_204924_ogbn-papers100M_FedAvg_bs1024_seed42_beta10000p0,True,False
1024,23,process_peak_rss_bytes,1622126592,1546.98046875,569539,42415,165,20260914_204924_ogbn-papers100M_FedAvg_bs1024_seed42_beta10000p0,True,True
1024,24,process_peak_rss_bytes,1626996736,1551.625,569539,41850,165,20260914_204924_ogbn-papers100M_FedAvg_bs1024_seed42_beta10000p0,True,True
1024,25,process_peak_rss_bytes,1596092416,1522.15234375,569539,42152,165,20260914_204924_ogbn-papers100M_FedAvg_bs1024_seed42_beta10000p0,True,True
1024,26,process_peak_rss_bytes,1596788736,1522.81640625,569539,42344,165,20260914_204924_ogbn-papers100M_FedAvg_bs1024_seed42_beta10000p0,True,True
1024,27,process_peak_rss_bytes,1603231744,1528.9609375,569539,42322,165,20260914_204924_ogbn-papers100M_FedAvg_bs1024_seed42_beta10000p0,True,True
1024,28,process_peak_rss_bytes,1607598080,1533.125,569539,43060,165,20260914_204924_ogbn-papers100M_FedAvg_bs1024_seed42_beta10000p0,True,True
1024,29,process_peak_rss_bytes,1571844096,1499.02734375,569539,43189,165,20260914_204924_ogbn-papers100M_FedAvg_bs1024_seed42_beta10000p0,True,False
1024,30,process_peak_rss_bytes,1578024960,1504.921875,569539,42646,165,20260914_204924_ogbn-papers100M_FedAvg_bs1024_seed42_beta10000p0,True,False
1024,31,process_peak_rss_bytes,1584136192,1510.75,569539,42757,165,20260914_204924_ogbn-papers100M_FedAvg_bs1024_seed42_beta10000p0,True,False
1024,32,process_peak_rss_bytes,1590497280,1516.81640625,569539,42148,165,20260914_204924_ogbn-papers100M_FedAvg_bs1024_seed42_beta10000p0,True,False
1024,33,process_peak_rss_bytes,1579696128,1506.515625,569539,43164,165,20260914_204924_ogbn-papers100M_FedAvg_bs1024_seed42_beta10000p0,True,False
1024,34,process_peak_rss_bytes,1591566336,1517.8359375,569539,42454,165,20260914_204924_ogbn-papers100M_FedAvg_bs1024_seed42_beta10000p0,True,True
1024,35,process_peak_rss_bytes,1579720704,1506.5390625,569539,43289,165,20260914_204924_ogbn-papers100M_FedAvg_bs1024_seed42_beta10000p0,True,False
1024,36,process_peak_rss_bytes,1610915840,1536.2890625,569539,42743,165,20260914_204924_ogbn-papers100M_FedAvg_bs1024_seed42_beta10000p0,True,True
1024,37,process_peak_rss_bytes,1579286528,1506.125,569539,42489,165,20260914_204924_ogbn-papers100M_FedAvg_bs1024_seed42_beta10000p0,True,False
1024,38,process_peak_rss_bytes,1590906880,1517.20703125,569539,43384,165,20260914_204924_ogbn-papers100M_FedAvg_bs1024_seed42_beta10000p0,True,True
1024,39,process_peak_rss_bytes,1581010944,1507.76953125,569539,43634,165,20260914_204924_ogbn-papers100M_FedAvg_bs1024_seed42_beta10000p0,True,False
1024,40,process_peak_rss_bytes,1605951488,1531.5546875,569539,42548,165,20260914_204924_ogbn-papers100M_FedAvg_bs1024_seed42_beta10000p0,True,True
1024,41,process_peak_rss_bytes,1600737280,1526.58203125,569539,42113,165,20260914_204924_ogbn-papers100M_FedAvg_bs1024_seed42_beta10000p0,True,True
1024,42,process_peak_rss_bytes,1583611904,1510.25,569539,42360,165,20260914_204924_ogbn-papers100M_FedAvg_bs1024_seed42_beta10000p0,True,False
1024,43,process_peak_rss_bytes,1606393856,1531.9765625,569539,42194,165,20260914_204924_ogbn-papers100M_FedAvg_bs1024_seed42_beta10000p0,True,True
1024,44,process_peak_rss_bytes,1602424832,1528.19140625,569539,42371,165,20260914_204924_ogbn-papers100M_FedAvg_bs1024_seed42_beta10000p0,True,True
1024,45,process_peak_rss_bytes,1612419072,1537.72265625,569539,42610,165,20260914_204924_ogbn-papers100M_FedAvg_bs1024_seed42_beta10000p0,True,True
1024,46,process_peak_rss_bytes,1638400000,1562.5,569538,42482,165,20260914_204924_ogbn-papers100M_FedAvg_bs1024_seed42_beta10000p0,True,True
1024,47,process_peak_rss_bytes,1604726784,1530.38671875,569538,42568,165,20260914_204924_ogbn-papers100M_FedAvg_bs1024_seed42_beta10000p0,True,True
1024,48,process_peak_rss_bytes,1654505472,1577.859375,569538,42836,165,20260914_204924_ogbn-papers100M_FedAvg_bs1024_seed42_beta10000p0,True,True
1024,49,process_peak_rss_bytes,1640210432,1564.2265625,569538,42558,165,20260914_204924_ogbn-papers100M_FedAvg_bs1024_seed42_beta10000p0,True,True
1024,50,process_peak_rss_bytes,1635577856,1559.80859375,569538,42598,165,20260914_204924_ogbn-papers100M_FedAvg_bs1024_seed42_beta10000p0,True,True
1024,51,process_peak_rss_bytes,1617862656,1542.9140625,569538,42423,165,20260914_204924_ogbn-papers100M_FedAvg_bs1024_seed42_beta10000p0,True,True
1024,52,process_peak_rss_bytes,1624084480,1548.84765625,569538,42096,165,20260914_204924_ogbn-papers100M_FedAvg_bs1024_seed42_beta10000p0,True,True
1024,53,process_peak_rss_bytes,1630842880,1555.29296875,569538,42819,165,20260914_204924_ogbn-papers100M_FedAvg_bs1024_seed42_beta10000p0,True,True
1024,54,process_peak_rss_bytes,1648369664,1572.0078125,569538,41987,165,20260914_204924_ogbn-papers100M_FedAvg_bs1024_seed42_beta10000p0,True,True
1024,55,process_peak_rss_bytes,1649373184,1572.96484375,569538,42945,165,20260914_204924_ogbn-papers100M_FedAvg_bs1024_seed42_beta10000p0,True,True
1024,56,process_peak_rss_bytes,1639084032,1563.15234375,569538,42997,165,20260914_204924_ogbn-papers100M_FedAvg_bs1024_seed42_beta10000p0,True,True
1024,57,process_peak_rss_bytes,1621221376,1546.1171875,569538,42743,165,20260914_204924_ogbn-papers100M_FedAvg_bs1024_seed42_beta10000p0,True,True
1024,58,process_peak_rss_bytes,1640062976,1564.0859375,569538,43148,165,20260914_204924_ogbn-papers100M_FedAvg_bs1024_seed42_beta10000p0,True,True
1024,59,process_peak_rss_bytes,1664409600,1587.3046875,569538,42756,165,20260914_204924_ogbn-papers100M_FedAvg_bs1024_seed42_beta10000p0,True,True
1024,60,process_peak_rss_bytes,1646661632,1570.37890625,569538,41749,165,20260914_204924_ogbn-papers100M_FedAvg_bs1024_seed42_beta10000p0,True,True
1024,61,process_peak_rss_bytes,1645543424,1569.3125,569538,42354,165,20260914_204924_ogbn-papers100M_FedAvg_bs1024_seed42_beta10000p0,True,True
1024,62,process_peak_rss_bytes,1637855232,1561.98046875,569538,43049,165,20260914_204924_ogbn-papers100M_FedAvg_bs1024_seed42_beta10000p0,True,True
1024,63,process_peak_rss_bytes,1651077120,1574.58984375,569538,42524,165,20260914_204924_ogbn-papers100M_FedAvg_bs1024_seed42_beta10000p0,True,True
1024,64,process_peak_rss_bytes,1639575552,1563.62109375,569538,42105,165,20260914_204924_ogbn-papers100M_FedAvg_bs1024_seed42_beta10000p0,True,True
1024,65,process_peak_rss_bytes,1654865920,1578.203125,569538,42707,165,20260914_204924_ogbn-papers100M_FedAvg_bs1024_seed42_beta10000p0,True,True
1024,66,process_peak_rss_bytes,1601789952,1527.5859375,569538,42115,165,20260914_204924_ogbn-papers100M_FedAvg_bs1024_seed42_beta10000p0,True,True
1024,67,process_peak_rss_bytes,1612578816,1537.875,569538,42991,165,20260914_204924_ogbn-papers100M_FedAvg_bs1024_seed42_beta10000p0,True,True
1024,68,process_peak_rss_bytes,1637605376,1561.7421875,569538,42019,165,20260914_204924_ogbn-papers100M_FedAvg_bs1024_seed42_beta10000p0,True,True
1024,69,process_peak_rss_bytes,1645793280,1569.55078125,569538,42344,165,20260914_204924_ogbn-papers100M_FedAvg_bs1024_seed42_beta10000p0,True,True
1024,70,process_peak_rss_bytes,1650667520,1574.19921875,569538,42297,165,20260914_204924_ogbn-papers100M_FedAvg_bs1024_seed42_beta10000p0,True,True
1024,71,process_peak_rss_bytes,1634070528,1558.37109375,569538,42864,165,20260914_204924_ogbn-papers100M_FedAvg_bs1024_seed42_beta10000p0,True,True
1024,72,process_peak_rss_bytes,1646428160,1570.15625,569538,42513,165,20260914_204924_ogbn-papers100M_FedAvg_bs1024_seed42_beta10000p0,True,True
1024,73,process_peak_rss_bytes,1642577920,1566.484375,569538,41910,165,20260914_204924_ogbn-papers100M_FedAvg_bs1024_seed42_beta10000p0,True,True
1024,74,process_peak_rss_bytes,1646399488,1570.12890625,569538,42845,165,20260914_204924_ogbn-papers100M_FedAvg_bs1024_seed42_beta10000p0,True,True
1024,75,process_peak_rss_bytes,1647988736,1571.64453125,569538,42471,165,20260914_204924_ogbn-papers100M_FedAvg_bs1024_seed42_beta10000p0,True,True
1024,76,process_peak_rss_bytes,1647960064,1571.6171875,569538,42738,165,20260914_204924_ogbn-papers100M_FedAvg_bs1024_seed42_beta10000p0,True,True
1024,77,process_peak_rss_bytes,1639108608,1563.17578125,569538,42424,165,20260914_204924_ogbn-papers100M_FedAvg_bs1024_seed42_beta10000p0,True,True
1024,78,process_peak_rss_bytes,1680293888,1602.453125,569538,42456,165,20260914_204924_ogbn-papers100M_FedAvg_bs1024_seed42_beta10000p0,True,False
1024,79,process_peak_rss_bytes,1626075136,1550.74609375,569538,42850,165,20260914_204924_ogbn-papers100M_FedAvg_bs1024_seed42_beta10000p0,True,True
1024,80,process_peak_rss_bytes,1646551040,1570.2734375,569538,42105,165,20260914_204924_ogbn-papers100M_FedAvg_bs1024_seed42_beta10000p0,True,True
1024,81,process_peak_rss_bytes,1619247104,1544.234375,569538,43104,165,20260914_204924_ogbn-papers100M_FedAvg_bs1024_seed42_beta10000p0,True,True
1024,82,process_peak_rss_bytes,1629949952,1554.44140625,569538,42245,165,20260914_204924_ogbn-papers100M_FedAvg_bs1024_seed42_beta10000p0,True,True
1024,83,process_peak_rss_bytes,1660837888,1583.8984375,569538,42180,165,20260914_204924_ogbn-papers100M_FedAvg_bs1024_seed42_beta10000p0,True,True
1024,84,process_peak_rss_bytes,1652371456,1575.82421875,569538,42400,165,20260914_204924_ogbn-papers100M_FedAvg_bs1024_seed42_beta10000p0,True,True
1024,85,process_peak_rss_bytes,1633062912,1557.41015625,569538,42420,165,20260914_204924_ogbn-papers100M_FedAvg_bs1024_seed42_beta10000p0,True,True
1024,86,process_peak_rss_bytes,1649655808,1573.234375,569538,42300,165,20260914_204924_ogbn-papers100M_FedAvg_bs1024_seed42_beta10000p0,True,True
1024,87,process_peak_rss_bytes,1684058112,1606.04296875,569538,42097,165,20260914_204924_ogbn-papers100M_FedAvg_bs1024_seed42_beta10000p0,True,False
1024,88,process_peak_rss_bytes,1632436224,1556.8125,569538,43090,165,20260914_204924_ogbn-papers100M_FedAvg_bs1024_seed42_beta10000p0,True,True
1024,89,process_peak_rss_bytes,1655042048,1578.37109375,569538,42182,165,20260914_204924_ogbn-papers100M_FedAvg_bs1024_seed42_beta10000p0,True,True
1024,90,process_peak_rss_bytes,1610309632,1535.7109375,569538,42803,165,20260914_204924_ogbn-papers100M_FedAvg_bs1024_seed42_beta10000p0,True,True
1024,91,process_peak_rss_bytes,1662300160,1585.29296875,569538,42567,165,20260914_204924_ogbn-papers100M_FedAvg_bs1024_seed42_beta10000p0,True,True
1024,92,process_peak_rss_bytes,1631727616,1556.13671875,569538,42263,165,20260914_204924_ogbn-papers100M_FedAvg_bs1024_seed42_beta10000p0,True,True
1024,93,process_peak_rss_bytes,1631490048,1555.91015625,569538,41896,165,20260914_204924_ogbn-papers100M_FedAvg_bs1024_seed42_beta10000p0,True,True
1024,94,process_peak_rss_bytes,1631969280,1556.3671875,569538,42067,165,20260914_204924_ogbn-papers100M_FedAvg_bs1024_seed42_beta10000p0,True,True
1024,95,process_peak_rss_bytes,1642115072,1566.04296875,569538,41918,165,20260914_204924_ogbn-papers100M_FedAvg_bs1024_seed42_beta10000p0,True,True
1024,96,process_peak_rss_bytes,1652813824,1576.24609375,569538,42003,165,20260914_204924_ogbn-papers100M_FedAvg_bs1024_seed42_beta10000p0,True,True
1024,97,process_peak_rss_bytes,1627095040,1551.71875,569538,42810,165,20260914_204924_ogbn-papers100M_FedAvg_bs1024_seed42_beta10000p0,True,True
1024,98,process_peak_rss_bytes,1633554432,1557.87890625,569538,42584,165,20260914_204924_ogbn-papers100M_FedAvg_bs1024_seed42_beta10000p0,True,True
1024,99,process_peak_rss_bytes,1624109056,1548.87109375,569538,42216,165,20260914_204924_ogbn-papers100M_FedAvg_bs1024_seed42_beta10000p0,True,True
1024,100,process_peak_rss_bytes,1639600128,1563.64453125,569538,42148,165,20260914_204924_ogbn-papers100M_FedAvg_bs1024_seed42_beta10000p0,True,True
1024,101,process_peak_rss_bytes,1631481856,1555.90234375,569538,41381,165,20260914_204924_ogbn-papers100M_FedAvg_bs1024_seed42_beta10000p0,True,True
1024,102,process_peak_rss_bytes,1636585472,1560.76953125,569538,42621,165,20260914_204924_ogbn-papers100M_FedAvg_bs1024_seed42_beta10000p0,True,True
1024,103,process_peak_rss_bytes,1624821760,1549.55078125,569538,42422,165,20260914_204924_ogbn-papers100M_FedAvg_bs1024_seed42_beta10000p0,True,True
1024,104,process_peak_rss_bytes,1646579712,1570.30078125,569538,42519,165,20260914_204924_ogbn-papers100M_FedAvg_bs1024_seed42_beta10000p0,True,True
1024,105,process_peak_rss_bytes,1645789184,1569.546875,569538,42552,165,20260914_204924_ogbn-papers100M_FedAvg_bs1024_seed42_beta10000p0,True,True
1024,106,process_peak_rss_bytes,1632931840,1557.28515625,569538,42631,165,20260914_204924_ogbn-papers100M_FedAvg_bs1024_seed42_beta10000p0,True,True
1024,107,process_peak_rss_bytes,1638916096,1562.9921875,569538,42612,165,20260914_204924_ogbn-papers100M_FedAvg_bs1024_seed42_beta10000p0,True,True
1024,108,process_peak_rss_bytes,1643241472,1567.1171875,569538,42490,165,20260914_204924_ogbn-papers100M_FedAvg_bs1024_seed42_beta10000p0,True,True
1024,109,process_peak_rss_bytes,1630302208,1554.77734375,569538,42260,165,20260914_204924_ogbn-papers100M_FedAvg_bs1024_seed42_beta10000p0,True,True
1024,110,process_peak_rss_bytes,1634623488,1558.8984375,569538,42979,165,20260914_204924_ogbn-papers100M_FedAvg_bs1024_seed42_beta10000p0,True,True
1024,111,process_peak_rss_bytes,1614901248,1540.08984375,569538,41990,165,20260914_204924_ogbn-papers100M_FedAvg_bs1024_seed42_beta10000p0,True,True
1024,112,process_peak_rss_bytes,1633652736,1557.97265625,569538,41881,165,20260914_204924_ogbn-papers100M_FedAvg_bs1024_seed42_beta10000p0,True,True
1024,113,process_peak_rss_bytes,1636339712,1560.53515625,569538,42543,165,20260914_204924_ogbn-papers100M_FedAvg_bs1024_seed42_beta10000p0,True,True
1024,114,process_peak_rss_bytes,1631637504,1556.05078125,569538,42145,165,20260914_204924_ogbn-papers100M_FedAvg_bs1024_seed42_beta10000p0,True,True
1024,115,process_peak_rss_bytes,1646424064,1570.15234375,569538,42653,165,20260914_204924_ogbn-papers100M_FedAvg_bs1024_seed42_beta10000p0,True,True
1024,116,process_peak_rss_bytes,1634349056,1558.63671875,569538,42140,165,20260914_204924_ogbn-papers100M_FedAvg_bs1024_seed42_beta10000p0,True,True
1024,117,process_peak_rss_bytes,1649283072,1572.87890625,569538,42206,165,20260914_204924_ogbn-papers100M_FedAvg_bs1024_seed42_beta10000p0,True,True
1024,118,process_peak_rss_bytes,1650003968,1573.56640625,569538,41664,165,20260914_204924_ogbn-papers100M_FedAvg_bs1024_seed42_beta10000p0,True,True
1024,119,process_peak_rss_bytes,1635061760,1559.31640625,569538,42642,165,20260914_204924_ogbn-papers100M_FedAvg_bs1024_seed42_beta10000p0,True,True
1024,120,process_peak_rss_bytes,1634144256,1558.44140625,569538,43040,165,20260914_204924_ogbn-papers100M_FedAvg_bs1024_seed42_beta10000p0,True,True
1024,121,process_peak_rss_bytes,1632751616,1557.11328125,569538,41451,165,20260914_204924_ogbn-papers100M_FedAvg_bs1024_seed42_beta10000p0,True,True
1024,122,process_peak_rss_bytes,1639391232,1563.4453125,569538,42278,165,20260914_204924_ogbn-papers100M_FedAvg_bs1024_seed42_beta10000p0,True,True
1024,123,process_peak_rss_bytes,1629941760,1554.43359375,569538,42105,165,20260914_204924_ogbn-papers100M_FedAvg_bs1024_seed42_beta10000p0,True,True
1024,124,process_peak_rss_bytes,1638412288,1562.51171875,569538,43578,165,20260914_204924_ogbn-papers100M_FedAvg_bs1024_seed42_beta10000p0,True,True
1024,125,process_peak_rss_bytes,1642074112,1566.00390625,569538,42832,165,20260914_204924_ogbn-papers100M_FedAvg_bs1024_seed42_beta10000p0,True,True
1024,126,process_peak_rss_bytes,1610018816,1535.43359375,569538,42506,165,20260914_204924_ogbn-papers100M_FedAvg_bs1024_seed42_beta10000p0,True,True
1024,127,process_peak_rss_bytes,1654325248,1577.6875,569538,42021,165,20260914_204924_ogbn-papers100M_FedAvg_bs1024_seed42_beta10000p0,True,True
1024,128,process_peak_rss_bytes,1664696320,1587.578125,569538,42892,165,20260914_204924_ogbn-papers100M_FedAvg_bs1024_seed42_beta10000p0,True,True
1024,129,process_peak_rss_bytes,1647738880,1571.40625,569538,42089,165,20260914_204924_ogbn-papers100M_FedAvg_bs1024_seed42_beta10000p0,True,True
1024,130,process_peak_rss_bytes,1639518208,1563.56640625,569538,42978,165,20260914_204924_ogbn-papers100M_FedAvg_bs1024_seed42_beta10000p0,True,True
1024,131,process_peak_rss_bytes,1638277120,1562.3828125,569538,42644,165,20260914_204924_ogbn-papers100M_FedAvg_bs1024_seed42_beta10000p0,True,True
1024,132,process_peak_rss_bytes,1653755904,1577.14453125,569538,42241,165,20260914_204924_ogbn-papers100M_FedAvg_bs1024_seed42_beta10000p0,True,True
1024,133,process_peak_rss_bytes,1612804096,1538.08984375,569538,42714,165,20260914_204924_ogbn-papers100M_FedAvg_bs1024_seed42_beta10000p0,True,True
1024,134,process_peak_rss_bytes,1654714368,1578.05859375,569538,44260,165,20260914_204924_ogbn-papers100M_FedAvg_bs1024_seed42_beta10000p0,True,True
1024,135,process_peak_rss_bytes,1681367040,1603.4765625,569538,42984,165,20260914_204924_ogbn-papers100M_FedAvg_bs1024_seed42_beta10000p0,True,False
1024,136,process_peak_rss_bytes,1632993280,1557.34375,569538,43648,165,20260914_204924_ogbn-papers100M_FedAvg_bs1024_seed42_beta10000p0,True,True
1024,137,process_peak_rss_bytes,1660940288,1583.99609375,569538,43556,165,20260914_204924_ogbn-papers100M_FedAvg_bs1024_seed42_beta10000p0,True,True
1024,138,process_peak_rss_bytes,1652330496,1575.78515625,569538,42964,165,20260914_204924_ogbn-papers100M_FedAvg_bs1024_seed42_beta10000p0,True,True
1024,139,process_peak_rss_bytes,1634336768,1558.625,569538,42537,165,20260914_204924_ogbn-papers100M_FedAvg_bs1024_seed42_beta10000p0,True,True
1024,140,process_peak_rss_bytes,1679015936,1601.234375,569538,42870,165,20260914_204924_ogbn-papers100M_FedAvg_bs1024_seed42_beta10000p0,True,False
1024,141,process_peak_rss_bytes,1641353216,1565.31640625,569538,42495,165,20260914_204924_ogbn-papers100M_FedAvg_bs1024_seed42_beta10000p0,True,True
1024,142,process_peak_rss_bytes,1639485440,1563.53515625,569538,42349,165,20260914_204924_ogbn-papers100M_FedAvg_bs1024_seed42_beta10000p0,True,True
1024,143,process_peak_rss_bytes,1638400000,1562.5,569538,41728,165,20260914_204924_ogbn-papers100M_FedAvg_bs1024_seed42_beta10000p0,True,True
1024,144,process_peak_rss_bytes,1634099200,1558.3984375,569538,42912,165,20260914_204924_ogbn-papers100M_FedAvg_bs1024_seed42_beta10000p0,True,True
1024,145,process_peak_rss_bytes,1654693888,1578.0390625,569538,43085,165,20260914_204924_ogbn-papers100M_FedAvg_bs1024_seed42_beta10000p0,True,True
1024,146,process_peak_rss_bytes,1621336064,1546.2265625,569538,43108,165,20260914_204924_ogbn-papers100M_FedAvg_bs1024_seed42_beta10000p0,True,True
1024,147,process_peak_rss_bytes,1629261824,1553.78515625,569538,43269,165,20260914_204924_ogbn-papers100M_FedAvg_bs1024_seed42_beta10000p0,True,True
1024,148,process_peak_rss_bytes,1692483584,1614.078125,569538,42626,165,20260914_204924_ogbn-papers100M_FedAvg_bs1024_seed42_beta10000p0,True,False
1024,149,process_peak_rss_bytes,1661112320,1584.16015625,569538,42342,165,20260914_204924_ogbn-papers100M_FedAvg_bs1024_seed42_beta10000p0,True,True
1024,150,process_peak_rss_bytes,1633505280,1557.83203125,569538,41834,165,20260914_204924_ogbn-papers100M_FedAvg_bs1024_seed42_beta10000p0,True,True
1024,151,process_peak_rss_bytes,1640603648,1564.6015625,569538,42539,165,20260914_204924_ogbn-papers100M_FedAvg_bs1024_seed42_beta10000p0,True,True
1024,152,process_peak_rss_bytes,1642106880,1566.03515625,569538,41816,165,20260914_204924_ogbn-papers100M_FedAvg_bs1024_seed42_beta10000p0,True,True
1024,153,process_peak_rss_bytes,1617051648,1542.140625,569538,42146,165,20260914_204924_ogbn-papers100M_FedAvg_bs1024_seed42_beta10000p0,True,True
1024,154,process_peak_rss_bytes,1625980928,1550.65625,569538,42176,165,20260914_204924_ogbn-papers100M_FedAvg_bs1024_seed42_beta10000p0,True,True
1024,155,process_peak_rss_bytes,1628995584,1553.53125,569538,42579,165,20260914_204924_ogbn-papers100M_FedAvg_bs1024_seed42_beta10000p0,True,True
1024,156,process_peak_rss_bytes,1621979136,1546.83984375,569538,42692,165,20260914_204924_ogbn-papers100M_FedAvg_bs1024_seed42_beta10000p0,True,True
1024,157,process_peak_rss_bytes,1648783360,1572.40234375,569538,42495,165,20260914_204924_ogbn-papers100M_FedAvg_bs1024_seed42_beta10000p0,True,True
1024,158,process_peak_rss_bytes,1630588928,1555.05078125,569538,42523,165,20260914_204924_ogbn-papers100M_FedAvg_bs1024_seed42_beta10000p0,True,True
1024,159,process_peak_rss_bytes,1660272640,1583.359375,569538,42420,165,20260914_204924_ogbn-papers100M_FedAvg_bs1024_seed42_beta10000p0,True,True
1024,160,process_peak_rss_bytes,1630076928,1554.5625,569538,43253,165,20260914_204924_ogbn-papers100M_FedAvg_bs1024_seed42_beta10000p0,True,True
1024,161,process_peak_rss_bytes,1654415360,1577.7734375,569538,42194,165,20260914_204924_ogbn-papers100M_FedAvg_bs1024_seed42_beta10000p0,True,True
1024,162,process_peak_rss_bytes,1634893824,1559.15625,569538,42360,165,20260914_204924_ogbn-papers100M_FedAvg_bs1024_seed42_beta10000p0,True,True
1024,163,process_peak_rss_bytes,1616543744,1541.65625,569538,42567,165,20260914_204924_ogbn-papers100M_FedAvg_bs1024_seed42_beta10000p0,True,True
1024,164,process_peak_rss_bytes,1637531648,1561.671875,569538,41939,165,20260914_204924_ogbn-papers100M_FedAvg_bs1024_seed42_beta10000p0,True,True
1024,165,process_peak_rss_bytes,1671237632,1593.81640625,569538,43107,165,20260914_204924_ogbn-papers100M_FedAvg_bs1024_seed42_beta10000p0,True,False
1024,166,process_peak_rss_bytes,1654763520,1578.10546875,569538,42220,165,20260914_204924_ogbn-papers100M_FedAvg_bs1024_seed42_beta10000p0,True,True
1024,167,process_peak_rss_bytes,1645285376,1569.06640625,569538,41828,165,20260914_204924_ogbn-papers100M_FedAvg_bs1024_seed42_beta10000p0,True,True
1024,168,process_peak_rss_bytes,1656631296,1579.88671875,569538,42494,165,20260914_204924_ogbn-papers100M_FedAvg_bs1024_seed42_beta10000p0,True,True
1024,169,process_peak_rss_bytes,1642110976,1566.0390625,569538,42483,165,20260914_204924_ogbn-papers100M_FedAvg_bs1024_seed42_beta10000p0,True,True
1024,170,process_peak_rss_bytes,1624928256,1549.65234375,569538,42465,165,20260914_204924_ogbn-papers100M_FedAvg_bs1024_seed42_beta10000p0,True,True
1024,171,process_peak_rss_bytes,1655214080,1578.53515625,569538,42399,165,20260914_204924_ogbn-papers100M_FedAvg_bs1024_seed42_beta10000p0,True,True
1024,172,process_peak_rss_bytes,1638813696,1562.89453125,569538,42341,165,20260914_204924_ogbn-papers100M_FedAvg_bs1024_seed42_beta10000p0,True,True
1024,173,process_peak_rss_bytes,1637097472,1561.2578125,569538,42635,165,20260914_204924_ogbn-papers100M_FedAvg_bs1024_seed42_beta10000p0,True,True
1024,174,process_peak_rss_bytes,1646379008,1570.109375,569538,42816,165,20260914_204924_ogbn-papers100M_FedAvg_bs1024_seed42_beta10000p0,True,True
1024,175,process_peak_rss_bytes,1642954752,1566.84375,569538,42144,165,20260914_204924_ogbn-papers100M_FedAvg_bs1024_seed42_beta10000p0,True,True
1024,176,process_peak_rss_bytes,1636511744,1560.69921875,569538,42031,165,20260914_204924_ogbn-papers100M_FedAvg_bs1024_seed42_beta10000p0,True,True
1024,177,process_peak_rss_bytes,1651322880,1574.82421875,569538,42925,165,20260914_204924_ogbn-papers100M_FedAvg_bs1024_seed42_beta10000p0,True,True
1024,178,process_peak_rss_bytes,1645862912,1569.6171875,569538,42505,165,20260914_204924_ogbn-papers100M_FedAvg_bs1024_seed42_beta10000p0,True,True
1024,179,process_peak_rss_bytes,1655828480,1579.12109375,569538,42742,165,20260914_204924_ogbn-papers100M_FedAvg_bs1024_seed42_beta10000p0,True,True
1024,180,process_peak_rss_bytes,1638346752,1562.44921875,569538,42844,165,20260914_204924_ogbn-papers100M_FedAvg_bs1024_seed42_beta10000p0,True,True
1024,181,process_peak_rss_bytes,1620877312,1545.7890625,569538,42424,165,20260914_204924_ogbn-papers100M_FedAvg_bs1024_seed42_beta10000p0,True,True
1024,182,process_peak_rss_bytes,1661124608,1584.171875,569538,42304,165,20260914_204924_ogbn-papers100M_FedAvg_bs1024_seed42_beta10000p0,True,True
1024,183,process_peak_rss_bytes,1628258304,1552.828125,569538,41650,165,20260914_204924_ogbn-papers100M_FedAvg_bs1024_seed42_beta10000p0,True,True
1024,184,process_peak_rss_bytes,1650073600,1573.6328125,569538,42971,165,20260914_204924_ogbn-papers100M_FedAvg_bs1024_seed42_beta10000p0,True,True
1024,185,process_peak_rss_bytes,1649307648,1572.90234375,569538,41887,165,20260914_204924_ogbn-papers100M_FedAvg_bs1024_seed42_beta10000p0,True,True
1024,186,process_peak_rss_bytes,1674989568,1597.39453125,569538,42308,165,20260914_204924_ogbn-papers100M_FedAvg_bs1024_seed42_beta10000p0,True,False
1024,187,process_peak_rss_bytes,1630515200,1554.98046875,569538,42395,165,20260914_204924_ogbn-papers100M_FedAvg_bs1024_seed42_beta10000p0,True,True
1024,188,process_peak_rss_bytes,1688031232,1609.83203125,569538,42504,165,20260914_204924_ogbn-papers100M_FedAvg_bs1024_seed42_beta10000p0,True,False
1024,189,process_peak_rss_bytes,1639034880,1563.10546875,569538,41857,165,20260914_204924_ogbn-papers100M_FedAvg_bs1024_seed42_beta10000p0,True,True
1024,190,process_peak_rss_bytes,1638428672,1562.52734375,569538,42537,165,20260914_204924_ogbn-papers100M_FedAvg_bs1024_seed42_beta10000p0,True,True
1024,191,process_peak_rss_bytes,1638752256,1562.8359375,569538,42364,165,20260914_204924_ogbn-papers100M_FedAvg_bs1024_seed42_beta10000p0,True,True
1024,192,process_peak_rss_bytes,1641533440,1565.48828125,569538,42279,165,20260914_204924_ogbn-papers100M_FedAvg_bs1024_seed42_beta10000p0,True,True
1024,193,process_peak_rss_bytes,1669787648,1592.43359375,569538,42402,165,20260914_204924_ogbn-papers100M_FedAvg_bs1024_seed42_beta10000p0,True,False
1024,194,process_peak_rss_bytes,1676570624,1598.90234375,569538,42488,165,20260914_204924_ogbn-papers100M_FedAvg_bs1024_seed42_beta10000p0,True,False
2048,0,process_peak_rss_bytes,1616629760,1541.73828125,569539,42085,165,20260914_211623_ogbn-papers100M_FedAvg_bs2048_seed42_beta10000p0,True,False
2048,1,process_peak_rss_bytes,1608171520,1533.671875,569539,42192,165,20260914_211623_ogbn-papers100M_FedAvg_bs2048_seed42_beta10000p0,True,False
2048,2,process_peak_rss_bytes,1578344448,1505.2265625,569539,42649,165,20260914_211623_ogbn-papers100M_FedAvg_bs2048_seed42_beta10000p0,True,False
2048,3,process_peak_rss_bytes,1619529728,1544.50390625,569539,42566,165,20260914_211623_ogbn-papers100M_FedAvg_bs2048_seed42_beta10000p0,True,True
2048,4,process_peak_rss_bytes,1643757568,1567.609375,569539,42106,165,20260914_211623_ogbn-papers100M_FedAvg_bs2048_seed42_beta10000p0,True,True
2048,5,process_peak_rss_bytes,1592754176,1518.96875,569539,42478,165,20260914_211623_ogbn-papers100M_FedAvg_bs2048_seed42_beta10000p0,True,False
2048,6,process_peak_rss_bytes,1618071552,1543.11328125,569539,41630,165,20260914_211623_ogbn-papers100M_FedAvg_bs2048_seed42_beta10000p0,True,False
2048,7,process_peak_rss_bytes,1655656448,1578.95703125,569539,42632,165,20260914_211623_ogbn-papers100M_FedAvg_bs2048_seed42_beta10000p0,True,True
2048,8,process_peak_rss_bytes,1601773568,1527.5703125,569539,41951,165,20260914_211623_ogbn-papers100M_FedAvg_bs2048_seed42_beta10000p0,True,False
2048,9,process_peak_rss_bytes,1598251008,1524.2109375,569539,43121,165,20260914_211623_ogbn-papers100M_FedAvg_bs2048_seed42_beta10000p0,True,False
2048,10,process_peak_rss_bytes,1635917824,1560.1328125,569539,42455,165,20260914_211623_ogbn-papers100M_FedAvg_bs2048_seed42_beta10000p0,True,True
2048,11,process_peak_rss_bytes,1611575296,1536.91796875,569539,42613,165,20260914_211623_ogbn-papers100M_FedAvg_bs2048_seed42_beta10000p0,True,False
2048,12,process_peak_rss_bytes,1599078400,1525.0,569539,42902,165,20260914_211623_ogbn-papers100M_FedAvg_bs2048_seed42_beta10000p0,True,False
2048,13,process_peak_rss_bytes,1614479360,1539.6875,569539,42317,165,20260914_211623_ogbn-papers100M_FedAvg_bs2048_seed42_beta10000p0,True,False
2048,14,process_peak_rss_bytes,1617391616,1542.46484375,569539,42296,165,20260914_211623_ogbn-papers100M_FedAvg_bs2048_seed42_beta10000p0,True,False
2048,15,process_peak_rss_bytes,1651523584,1575.015625,569539,42146,165,20260914_211623_ogbn-papers100M_FedAvg_bs2048_seed42_beta10000p0,True,True
2048,16,process_peak_rss_bytes,1627308032,1551.921875,569539,41922,165,20260914_211623_ogbn-papers100M_FedAvg_bs2048_seed42_beta10000p0,True,True
2048,17,process_peak_rss_bytes,1629597696,1554.10546875,569539,42390,165,20260914_211623_ogbn-papers100M_FedAvg_bs2048_seed42_beta10000p0,True,True
2048,18,process_peak_rss_bytes,1616457728,1541.57421875,569539,41847,165,20260914_211623_ogbn-papers100M_FedAvg_bs2048_seed42_beta10000p0,True,False
2048,19,process_peak_rss_bytes,1626226688,1550.890625,569539,42582,165,20260914_211623_ogbn-papers100M_FedAvg_bs2048_seed42_beta10000p0,True,True
2048,20,process_peak_rss_bytes,1662279680,1585.2734375,569539,42966,165,20260914_211623_ogbn-papers100M_FedAvg_bs2048_seed42_beta10000p0,True,True
2048,21,process_peak_rss_bytes,1639448576,1563.5,569539,42584,165,20260914_211623_ogbn-papers100M_FedAvg_bs2048_seed42_beta10000p0,True,True
2048,22,process_peak_rss_bytes,1624064000,1548.828125,569539,42003,165,20260914_211623_ogbn-papers100M_FedAvg_bs2048_seed42_beta10000p0,True,True
2048,23,process_peak_rss_bytes,1619771392,1544.734375,569539,42415,165,20260914_211623_ogbn-papers100M_FedAvg_bs2048_seed42_beta10000p0,True,True
2048,24,process_peak_rss_bytes,1589719040,1516.07421875,569539,41850,165,20260914_211623_ogbn-papers100M_FedAvg_bs2048_seed42_beta10000p0,True,False
2048,25,process_peak_rss_bytes,1637646336,1561.78125,569539,42152,165,20260914_211623_ogbn-papers100M_FedAvg_bs2048_seed42_beta10000p0,True,True
2048,26,process_peak_rss_bytes,1614807040,1540.0,569539,42344,165,20260914_211623_ogbn-papers100M_FedAvg_bs2048_seed42_beta10000p0,True,False
2048,27,process_peak_rss_bytes,1630134272,1554.6171875,569539,42322,165,20260914_211623_ogbn-papers100M_FedAvg_bs2048_seed42_beta10000p0,True,True
2048,28,process_peak_rss_bytes,1608458240,1533.9453125,569539,43060,165,20260914_211623_ogbn-papers100M_FedAvg_bs2048_seed42_beta10000p0,True,False
2048,29,process_peak_rss_bytes,1624002560,1548.76953125,569539,43189,165,20260914_211623_ogbn-papers100M_FedAvg_bs2048_seed42_beta10000p0,True,True
2048,30,process_peak_rss_bytes,1632038912,1556.43359375,569539,42646,165,20260914_211623_ogbn-papers100M_FedAvg_bs2048_seed42_beta10000p0,True,True
2048,31,process_peak_rss_bytes,1597509632,1523.50390625,569539,42757,165,20260914_211623_ogbn-papers100M_FedAvg_bs2048_seed42_beta10000p0,True,False
2048,32,process_peak_rss_bytes,1629061120,1553.59375,569539,42148,165,20260914_211623_ogbn-papers100M_FedAvg_bs2048_seed42_beta10000p0,True,True
2048,33,process_peak_rss_bytes,1595965440,1522.03125,569539,43164,165,20260914_211623_ogbn-papers100M_FedAvg_bs2048_seed42_beta10000p0,True,False
2048,34,process_peak_rss_bytes,1643077632,1566.9609375,569539,42454,165,20260914_211623_ogbn-papers100M_FedAvg_bs2048_seed42_beta10000p0,True,True
2048,35,process_peak_rss_bytes,1600045056,1525.921875,569539,43289,165,20260914_211623_ogbn-papers100M_FedAvg_bs2048_seed42_beta10000p0,True,False
2048,36,process_peak_rss_bytes,1677320192,1599.6171875,569539,42743,165,20260914_211623_ogbn-papers100M_FedAvg_bs2048_seed42_beta10000p0,True,True
2048,37,process_peak_rss_bytes,1622331392,1547.17578125,569539,42489,165,20260914_211623_ogbn-papers100M_FedAvg_bs2048_seed42_beta10000p0,True,True
2048,38,process_peak_rss_bytes,1625088000,1549.8046875,569539,43384,165,20260914_211623_ogbn-papers100M_FedAvg_bs2048_seed42_beta10000p0,True,True
2048,39,process_peak_rss_bytes,1616461824,1541.578125,569539,43634,165,20260914_211623_ogbn-papers100M_FedAvg_bs2048_seed42_beta10000p0,True,False
2048,40,process_peak_rss_bytes,1634439168,1558.72265625,569539,42548,165,20260914_211623_ogbn-papers100M_FedAvg_bs2048_seed42_beta10000p0,True,True
2048,41,process_peak_rss_bytes,1639809024,1563.84375,569539,42113,165,20260914_211623_ogbn-papers100M_FedAvg_bs2048_seed42_beta10000p0,True,True
2048,42,process_peak_rss_bytes,1616257024,1541.3828125,569539,42360,165,20260914_211623_ogbn-papers100M_FedAvg_bs2048_seed42_beta10000p0,True,False
2048,43,process_peak_rss_bytes,1610514432,1535.90625,569539,42194,165,20260914_211623_ogbn-papers100M_FedAvg_bs2048_seed42_beta10000p0,True,False
2048,44,process_peak_rss_bytes,1642160128,1566.0859375,569539,42371,165,20260914_211623_ogbn-papers100M_FedAvg_bs2048_seed42_beta10000p0,True,True
2048,45,process_peak_rss_bytes,1654910976,1578.24609375,569539,42610,165,20260914_211623_ogbn-papers100M_FedAvg_bs2048_seed42_beta10000p0,True,True
2048,46,process_peak_rss_bytes,1650061312,1573.62109375,569538,42482,165,20260914_211623_ogbn-papers100M_FedAvg_bs2048_seed42_beta10000p0,True,True
2048,47,process_peak_rss_bytes,1658400768,1581.57421875,569538,42568,165,20260914_211623_ogbn-papers100M_FedAvg_bs2048_seed42_beta10000p0,True,True
2048,48,process_peak_rss_bytes,1637494784,1561.63671875,569538,42836,165,20260914_211623_ogbn-papers100M_FedAvg_bs2048_seed42_beta10000p0,True,True
2048,49,process_peak_rss_bytes,1695182848,1616.65234375,569538,42558,165,20260914_211623_ogbn-papers100M_FedAvg_bs2048_seed42_beta10000p0,True,True
2048,50,process_peak_rss_bytes,1661431808,1584.46484375,569538,42598,165,20260914_211623_ogbn-papers100M_FedAvg_bs2048_seed42_beta10000p0,True,True
2048,51,process_peak_rss_bytes,1673592832,1596.0625,569538,42423,165,20260914_211623_ogbn-papers100M_FedAvg_bs2048_seed42_beta10000p0,True,True
2048,52,process_peak_rss_bytes,1676550144,1598.8828125,569538,42096,165,20260914_211623_ogbn-papers100M_FedAvg_bs2048_seed42_beta10000p0,True,True
2048,53,process_peak_rss_bytes,1694924800,1616.40625,569538,42819,165,20260914_211623_ogbn-papers100M_FedAvg_bs2048_seed42_beta10000p0,True,True
2048,54,process_peak_rss_bytes,1648128000,1571.77734375,569538,41987,165,20260914_211623_ogbn-papers100M_FedAvg_bs2048_seed42_beta10000p0,True,True
2048,55,process_peak_rss_bytes,1664303104,1587.203125,569538,42945,165,20260914_211623_ogbn-papers100M_FedAvg_bs2048_seed42_beta10000p0,True,True
2048,56,process_peak_rss_bytes,1675427840,1597.8125,569538,42997,165,20260914_211623_ogbn-papers100M_FedAvg_bs2048_seed42_beta10000p0,True,True
2048,57,process_peak_rss_bytes,1720819712,1641.1015625,569538,42743,165,20260914_211623_ogbn-papers100M_FedAvg_bs2048_seed42_beta10000p0,True,False
2048,58,process_peak_rss_bytes,1687658496,1609.4765625,569538,43148,165,20260914_211623_ogbn-papers100M_FedAvg_bs2048_seed42_beta10000p0,True,True
2048,59,process_peak_rss_bytes,1681539072,1603.640625,569538,42756,165,20260914_211623_ogbn-papers100M_FedAvg_bs2048_seed42_beta10000p0,True,True
2048,60,process_peak_rss_bytes,1651277824,1574.78125,569538,41749,165,20260914_211623_ogbn-papers100M_FedAvg_bs2048_seed42_beta10000p0,True,True
2048,61,process_peak_rss_bytes,1664614400,1587.5,569538,42354,165,20260914_211623_ogbn-papers100M_FedAvg_bs2048_seed42_beta10000p0,True,True
2048,62,process_peak_rss_bytes,1679826944,1602.0078125,569538,43049,165,20260914_211623_ogbn-papers100M_FedAvg_bs2048_seed42_beta10000p0,True,True
2048,63,process_peak_rss_bytes,1656438784,1579.703125,569538,42524,165,20260914_211623_ogbn-papers100M_FedAvg_bs2048_seed42_beta10000p0,True,True
2048,64,process_peak_rss_bytes,1695449088,1616.90625,569538,42105,165,20260914_211623_ogbn-papers100M_FedAvg_bs2048_seed42_beta10000p0,True,True
2048,65,process_peak_rss_bytes,1670656000,1593.26171875,569538,42707,165,20260914_211623_ogbn-papers100M_FedAvg_bs2048_seed42_beta10000p0,True,True
2048,66,process_peak_rss_bytes,1669357568,1592.0234375,569538,42115,165,20260914_211623_ogbn-papers100M_FedAvg_bs2048_seed42_beta10000p0,True,True
2048,67,process_peak_rss_bytes,1684578304,1606.5390625,569538,42991,165,20260914_211623_ogbn-papers100M_FedAvg_bs2048_seed42_beta10000p0,True,True
2048,68,process_peak_rss_bytes,1668710400,1591.40625,569538,42019,165,20260914_211623_ogbn-papers100M_FedAvg_bs2048_seed42_beta10000p0,True,True
2048,69,process_peak_rss_bytes,1657982976,1581.17578125,569538,42344,165,20260914_211623_ogbn-papers100M_FedAvg_bs2048_seed42_beta10000p0,True,True
2048,70,process_peak_rss_bytes,1690284032,1611.98046875,569538,42297,165,20260914_211623_ogbn-papers100M_FedAvg_bs2048_seed42_beta10000p0,True,True
2048,71,process_peak_rss_bytes,1670938624,1593.53125,569538,42864,165,20260914_211623_ogbn-papers100M_FedAvg_bs2048_seed42_beta10000p0,True,True
2048,72,process_peak_rss_bytes,1660985344,1584.0390625,569538,42513,165,20260914_211623_ogbn-papers100M_FedAvg_bs2048_seed42_beta10000p0,True,True
2048,73,process_peak_rss_bytes,1665236992,1588.09375,569538,41910,165,20260914_211623_ogbn-papers100M_FedAvg_bs2048_seed42_beta10000p0,True,True
2048,74,process_peak_rss_bytes,1654517760,1577.87109375,569538,42845,165,20260914_211623_ogbn-papers100M_FedAvg_bs2048_seed42_beta10000p0,True,True
2048,75,process_peak_rss_bytes,1667465216,1590.21875,569538,42471,165,20260914_211623_ogbn-papers100M_FedAvg_bs2048_seed42_beta10000p0,True,True
2048,76,process_peak_rss_bytes,1643405312,1567.2734375,569538,42738,165,20260914_211623_ogbn-papers100M_FedAvg_bs2048_seed42_beta10000p0,True,True
2048,77,process_peak_rss_bytes,1694142464,1615.66015625,569538,42424,165,20260914_211623_ogbn-papers100M_FedAvg_bs2048_seed42_beta10000p0,True,True
2048,78,process_peak_rss_bytes,1660121088,1583.21484375,569538,42456,165,20260914_211623_ogbn-papers100M_FedAvg_bs2048_seed42_beta10000p0,True,True
2048,79,process_peak_rss_bytes,1669730304,1592.37890625,569538,42850,165,20260914_211623_ogbn-papers100M_FedAvg_bs2048_seed42_beta10000p0,True,True
2048,80,process_peak_rss_bytes,1689559040,1611.2890625,569538,42105,165,20260914_211623_ogbn-papers100M_FedAvg_bs2048_seed42_beta10000p0,True,True
2048,81,process_peak_rss_bytes,1688293376,1610.08203125,569538,43104,165,20260914_211623_ogbn-papers100M_FedAvg_bs2048_seed42_beta10000p0,True,True
2048,82,process_peak_rss_bytes,1655300096,1578.6171875,569538,42245,165,20260914_211623_ogbn-papers100M_FedAvg_bs2048_seed42_beta10000p0,True,True
2048,83,process_peak_rss_bytes,1667026944,1589.80078125,569538,42180,165,20260914_211623_ogbn-papers100M_FedAvg_bs2048_seed42_beta10000p0,True,True
2048,84,process_peak_rss_bytes,1704472576,1625.51171875,569538,42400,165,20260914_211623_ogbn-papers100M_FedAvg_bs2048_seed42_beta10000p0,True,False
2048,85,process_peak_rss_bytes,1653374976,1576.78125,569538,42420,165,20260914_211623_ogbn-papers100M_FedAvg_bs2048_seed42_beta10000p0,True,True
2048,86,process_peak_rss_bytes,1668702208,1591.3984375,569538,42300,165,20260914_211623_ogbn-papers100M_FedAvg_bs2048_seed42_beta10000p0,True,True
2048,87,process_peak_rss_bytes,1675923456,1598.28515625,569538,42097,165,20260914_211623_ogbn-papers100M_FedAvg_bs2048_seed42_beta10000p0,True,True
2048,88,process_peak_rss_bytes,1657876480,1581.07421875,569538,43090,165,20260914_211623_ogbn-papers100M_FedAvg_bs2048_seed42_beta10000p0,True,True
2048,89,process_peak_rss_bytes,1663512576,1586.44921875,569538,42182,165,20260914_211623_ogbn-papers100M_FedAvg_bs2048_seed42_beta10000p0,True,True
2048,90,process_peak_rss_bytes,1656053760,1579.3359375,569538,42803,165,20260914_211623_ogbn-papers100M_FedAvg_bs2048_seed42_beta10000p0,True,True
2048,91,process_peak_rss_bytes,1659744256,1582.85546875,569538,42567,165,20260914_211623_ogbn-papers100M_FedAvg_bs2048_seed42_beta10000p0,True,True
2048,92,process_peak_rss_bytes,1683619840,1605.625,569538,42263,165,20260914_211623_ogbn-papers100M_FedAvg_bs2048_seed42_beta10000p0,True,True
2048,93,process_peak_rss_bytes,1680064512,1602.234375,569538,41896,165,20260914_211623_ogbn-papers100M_FedAvg_bs2048_seed42_beta10000p0,True,True
2048,94,process_peak_rss_bytes,1698701312,1620.0078125,569538,42067,165,20260914_211623_ogbn-papers100M_FedAvg_bs2048_seed42_beta10000p0,True,True
2048,95,process_peak_rss_bytes,1662500864,1585.484375,569538,41918,165,20260914_211623_ogbn-papers100M_FedAvg_bs2048_seed42_beta10000p0,True,True
2048,96,process_peak_rss_bytes,1677152256,1599.45703125,569538,42003,165,20260914_211623_ogbn-papers100M_FedAvg_bs2048_seed42_beta10000p0,True,True
2048,97,process_peak_rss_bytes,1675239424,1597.6328125,569538,42810,165,20260914_211623_ogbn-papers100M_FedAvg_bs2048_seed42_beta10000p0,True,True
2048,98,process_peak_rss_bytes,1644978176,1568.7734375,569538,42584,165,20260914_211623_ogbn-papers100M_FedAvg_bs2048_seed42_beta10000p0,True,True
2048,99,process_peak_rss_bytes,1703546880,1624.62890625,569538,42216,165,20260914_211623_ogbn-papers100M_FedAvg_bs2048_seed42_beta10000p0,True,False
2048,100,process_peak_rss_bytes,1655640064,1578.94140625,569538,42148,165,20260914_211623_ogbn-papers100M_FedAvg_bs2048_seed42_beta10000p0,True,True
2048,101,process_peak_rss_bytes,1690136576,1611.83984375,569538,41381,165,20260914_211623_ogbn-papers100M_FedAvg_bs2048_seed42_beta10000p0,True,True
2048,102,process_peak_rss_bytes,1674428416,1596.859375,569538,42621,165,20260914_211623_ogbn-papers100M_FedAvg_bs2048_seed42_beta10000p0,True,True
2048,103,process_peak_rss_bytes,1649471488,1573.05859375,569538,42422,165,20260914_211623_ogbn-papers100M_FedAvg_bs2048_seed42_beta10000p0,True,True
2048,104,process_peak_rss_bytes,1667051520,1589.82421875,569538,42519,165,20260914_211623_ogbn-papers100M_FedAvg_bs2048_seed42_beta10000p0,True,True
2048,105,process_peak_rss_bytes,1663795200,1586.71875,569538,42552,165,20260914_211623_ogbn-papers100M_FedAvg_bs2048_seed42_beta10000p0,True,True
2048,106,process_peak_rss_bytes,1670189056,1592.81640625,569538,42631,165,20260914_211623_ogbn-papers100M_FedAvg_bs2048_seed42_beta10000p0,True,True
2048,107,process_peak_rss_bytes,1664212992,1587.1171875,569538,42612,165,20260914_211623_ogbn-papers100M_FedAvg_bs2048_seed42_beta10000p0,True,True
2048,108,process_peak_rss_bytes,1667248128,1590.01171875,569538,42490,165,20260914_211623_ogbn-papers100M_FedAvg_bs2048_seed42_beta10000p0,True,True
2048,109,process_peak_rss_bytes,1681670144,1603.765625,569538,42260,165,20260914_211623_ogbn-papers100M_FedAvg_bs2048_seed42_beta10000p0,True,True
2048,110,process_peak_rss_bytes,1707778048,1628.6640625,569538,42979,165,20260914_211623_ogbn-papers100M_FedAvg_bs2048_seed42_beta10000p0,True,False
2048,111,process_peak_rss_bytes,1667710976,1590.453125,569538,41990,165,20260914_211623_ogbn-papers100M_FedAvg_bs2048_seed42_beta10000p0,True,True
2048,112,process_peak_rss_bytes,1667502080,1590.25390625,569538,41881,165,20260914_211623_ogbn-papers100M_FedAvg_bs2048_seed42_beta10000p0,True,True
2048,113,process_peak_rss_bytes,1669763072,1592.41015625,569538,42543,165,20260914_211623_ogbn-papers100M_FedAvg_bs2048_seed42_beta10000p0,True,True
2048,114,process_peak_rss_bytes,1643646976,1567.50390625,569538,42145,165,20260914_211623_ogbn-papers100M_FedAvg_bs2048_seed42_beta10000p0,True,True
2048,115,process_peak_rss_bytes,1659064320,1582.20703125,569538,42653,165,20260914_211623_ogbn-papers100M_FedAvg_bs2048_seed42_beta10000p0,True,True
2048,116,process_peak_rss_bytes,1680781312,1602.91796875,569538,42140,165,20260914_211623_ogbn-papers100M_FedAvg_bs2048_seed42_beta10000p0,True,True
2048,117,process_peak_rss_bytes,1708310528,1629.171875,569538,42206,165,20260914_211623_ogbn-papers100M_FedAvg_bs2048_seed42_beta10000p0,True,False
2048,118,process_peak_rss_bytes,1655455744,1578.765625,569538,41664,165,20260914_211623_ogbn-papers100M_FedAvg_bs2048_seed42_beta10000p0,True,True
2048,119,process_peak_rss_bytes,1675186176,1597.58203125,569538,42642,165,20260914_211623_ogbn-papers100M_FedAvg_bs2048_seed42_beta10000p0,True,True
2048,120,process_peak_rss_bytes,1676316672,1598.66015625,569538,43040,165,20260914_211623_ogbn-papers100M_FedAvg_bs2048_seed42_beta10000p0,True,True
2048,121,process_peak_rss_bytes,1673515008,1595.98828125,569538,41451,165,20260914_211623_ogbn-papers100M_FedAvg_bs2048_seed42_beta10000p0,True,True
2048,122,process_peak_rss_bytes,1672581120,1595.09765625,569538,42278,165,20260914_211623_ogbn-papers100M_FedAvg_bs2048_seed42_beta10000p0,True,True
2048,123,process_peak_rss_bytes,1661906944,1584.91796875,569538,42105,165,20260914_211623_ogbn-papers100M_FedAvg_bs2048_seed42_beta10000p0,True,True
2048,124,process_peak_rss_bytes,1701961728,1623.1171875,569538,43578,165,20260914_211623_ogbn-papers100M_FedAvg_bs2048_seed42_beta10000p0,True,True
2048,125,process_peak_rss_bytes,1676533760,1598.8671875,569538,42832,165,20260914_211623_ogbn-papers100M_FedAvg_bs2048_seed42_beta10000p0,True,True
2048,126,process_peak_rss_bytes,1665654784,1588.4921875,569538,42506,165,20260914_211623_ogbn-papers100M_FedAvg_bs2048_seed42_beta10000p0,True,True
2048,127,process_peak_rss_bytes,1685905408,1607.8046875,569538,42021,165,20260914_211623_ogbn-papers100M_FedAvg_bs2048_seed42_beta10000p0,True,True
2048,128,process_peak_rss_bytes,1686073344,1607.96484375,569538,42892,165,20260914_211623_ogbn-papers100M_FedAvg_bs2048_seed42_beta10000p0,True,True
2048,129,process_peak_rss_bytes,1714991104,1635.54296875,569538,42089,165,20260914_211623_ogbn-papers100M_FedAvg_bs2048_seed42_beta10000p0,True,False
2048,130,process_peak_rss_bytes,1677021184,1599.33203125,569538,42978,165,20260914_211623_ogbn-papers100M_FedAvg_bs2048_seed42_beta10000p0,True,True
2048,131,process_peak_rss_bytes,1700462592,1621.6875,569538,42644,165,20260914_211623_ogbn-papers100M_FedAvg_bs2048_seed42_beta10000p0,True,True
2048,132,process_peak_rss_bytes,1673555968,1596.02734375,569538,42241,165,20260914_211623_ogbn-papers100M_FedAvg_bs2048_seed42_beta10000p0,True,True
2048,133,process_peak_rss_bytes,1672155136,1594.69140625,569538,42714,165,20260914_211623_ogbn-papers100M_FedAvg_bs2048_seed42_beta10000p0,True,True
2048,134,process_peak_rss_bytes,1663369216,1586.3125,569538,44260,165,20260914_211623_ogbn-papers100M_FedAvg_bs2048_seed42_beta10000p0,True,True
2048,135,process_peak_rss_bytes,1649676288,1573.25390625,569538,42984,165,20260914_211623_ogbn-papers100M_FedAvg_bs2048_seed42_beta10000p0,True,True
2048,136,process_peak_rss_bytes,1680195584,1602.359375,569538,43648,165,20260914_211623_ogbn-papers100M_FedAvg_bs2048_seed42_beta10000p0,True,True
2048,137,process_peak_rss_bytes,1661239296,1584.28125,569538,43556,165,20260914_211623_ogbn-papers100M_FedAvg_bs2048_seed42_beta10000p0,True,True
2048,138,process_peak_rss_bytes,1649373184,1572.96484375,569538,42964,165,20260914_211623_ogbn-papers100M_FedAvg_bs2048_seed42_beta10000p0,True,True
2048,139,process_peak_rss_bytes,1665609728,1588.44921875,569538,42537,165,20260914_211623_ogbn-papers100M_FedAvg_bs2048_seed42_beta10000p0,True,True
2048,140,process_peak_rss_bytes,1680998400,1603.125,569538,42870,165,20260914_211623_ogbn-papers100M_FedAvg_bs2048_seed42_beta10000p0,True,True
2048,141,process_peak_rss_bytes,1702879232,1623.9921875,569538,42495,165,20260914_211623_ogbn-papers100M_FedAvg_bs2048_seed42_beta10000p0,True,False
2048,142,process_peak_rss_bytes,1684115456,1606.09765625,569538,42349,165,20260914_211623_ogbn-papers100M_FedAvg_bs2048_seed42_beta10000p0,True,True
2048,143,process_peak_rss_bytes,1647501312,1571.1796875,569538,41728,165,20260914_211623_ogbn-papers100M_FedAvg_bs2048_seed42_beta10000p0,True,True
2048,144,process_peak_rss_bytes,1663336448,1586.28125,569538,42912,165,20260914_211623_ogbn-papers100M_FedAvg_bs2048_seed42_beta10000p0,True,True
2048,145,process_peak_rss_bytes,1659924480,1583.02734375,569538,43085,165,20260914_211623_ogbn-papers100M_FedAvg_bs2048_seed42_beta10000p0,True,True
2048,146,process_peak_rss_bytes,1657753600,1580.95703125,569538,43108,165,20260914_211623_ogbn-papers100M_FedAvg_bs2048_seed42_beta10000p0,True,True
2048,147,process_peak_rss_bytes,1706852352,1627.78125,569538,43269,165,20260914_211623_ogbn-papers100M_FedAvg_bs2048_seed42_beta10000p0,True,False
2048,148,process_peak_rss_bytes,1669459968,1592.12109375,569538,42626,165,20260914_211623_ogbn-papers100M_FedAvg_bs2048_seed42_beta10000p0,True,True
2048,149,process_peak_rss_bytes,1687011328,1608.859375,569538,42342,165,20260914_211623_ogbn-papers100M_FedAvg_bs2048_seed42_beta10000p0,True,True
2048,150,process_peak_rss_bytes,1669099520,1591.77734375,569538,41834,165,20260914_211623_ogbn-papers100M_FedAvg_bs2048_seed42_beta10000p0,True,True
2048,151,process_peak_rss_bytes,1695318016,1616.78125,569538,42539,165,20260914_211623_ogbn-papers100M_FedAvg_bs2048_seed42_beta10000p0,True,True
2048,152,process_peak_rss_bytes,1674076160,1596.5234375,569538,41816,165,20260914_211623_ogbn-papers100M_FedAvg_bs2048_seed42_beta10000p0,True,True
2048,153,process_peak_rss_bytes,1681780736,1603.87109375,569538,42146,165,20260914_211623_ogbn-papers100M_FedAvg_bs2048_seed42_beta10000p0,True,True
2048,154,process_peak_rss_bytes,1662742528,1585.71484375,569538,42176,165,20260914_211623_ogbn-papers100M_FedAvg_bs2048_seed42_beta10000p0,True,True
2048,155,process_peak_rss_bytes,1659068416,1582.2109375,569538,42579,165,20260914_211623_ogbn-papers100M_FedAvg_bs2048_seed42_beta10000p0,True,True
2048,156,process_peak_rss_bytes,1663426560,1586.3671875,569538,42692,165,20260914_211623_ogbn-papers100M_FedAvg_bs2048_seed42_beta10000p0,True,True
2048,157,process_peak_rss_bytes,1656143872,1579.421875,569538,42495,165,20260914_211623_ogbn-papers100M_FedAvg_bs2048_seed42_beta10000p0,True,True
2048,158,process_peak_rss_bytes,1651974144,1575.4453125,569538,42523,165,20260914_211623_ogbn-papers100M_FedAvg_bs2048_seed42_beta10000p0,True,True
2048,159,process_peak_rss_bytes,1667682304,1590.42578125,569538,42420,165,20260914_211623_ogbn-papers100M_FedAvg_bs2048_seed42_beta10000p0,True,True
2048,160,process_peak_rss_bytes,1645752320,1569.51171875,569538,43253,165,20260914_211623_ogbn-papers100M_FedAvg_bs2048_seed42_beta10000p0,True,True
2048,161,process_peak_rss_bytes,1666179072,1588.9921875,569538,42194,165,20260914_211623_ogbn-papers100M_FedAvg_bs2048_seed42_beta10000p0,True,True
2048,162,process_peak_rss_bytes,1681018880,1603.14453125,569538,42360,165,20260914_211623_ogbn-papers100M_FedAvg_bs2048_seed42_beta10000p0,True,True
2048,163,process_peak_rss_bytes,1671127040,1593.7109375,569538,42567,165,20260914_211623_ogbn-papers100M_FedAvg_bs2048_seed42_beta10000p0,True,True
2048,164,process_peak_rss_bytes,1649856512,1573.42578125,569538,41939,165,20260914_211623_ogbn-papers100M_FedAvg_bs2048_seed42_beta10000p0,True,True
2048,165,process_peak_rss_bytes,1686544384,1608.4140625,569538,43107,165,20260914_211623_ogbn-papers100M_FedAvg_bs2048_seed42_beta10000p0,True,True
2048,166,process_peak_rss_bytes,1645195264,1568.98046875,569538,42220,165,20260914_211623_ogbn-papers100M_FedAvg_bs2048_seed42_beta10000p0,True,True
2048,167,process_peak_rss_bytes,1682604032,1604.65625,569538,41828,165,20260914_211623_ogbn-papers100M_FedAvg_bs2048_seed42_beta10000p0,True,True
2048,168,process_peak_rss_bytes,1669758976,1592.40625,569538,42494,165,20260914_211623_ogbn-papers100M_FedAvg_bs2048_seed42_beta10000p0,True,True
2048,169,process_peak_rss_bytes,1688309760,1610.09765625,569538,42483,165,20260914_211623_ogbn-papers100M_FedAvg_bs2048_seed42_beta10000p0,True,True
2048,170,process_peak_rss_bytes,1641336832,1565.30078125,569538,42465,165,20260914_211623_ogbn-papers100M_FedAvg_bs2048_seed42_beta10000p0,True,True
2048,171,process_peak_rss_bytes,1662087168,1585.08984375,569538,42399,165,20260914_211623_ogbn-papers100M_FedAvg_bs2048_seed42_beta10000p0,True,True
2048,172,process_peak_rss_bytes,1658372096,1581.546875,569538,42341,165,20260914_211623_ogbn-papers100M_FedAvg_bs2048_seed42_beta10000p0,True,True
2048,173,process_peak_rss_bytes,1690304512,1612.0,569538,42635,165,20260914_211623_ogbn-papers100M_FedAvg_bs2048_seed42_beta10000p0,True,True
2048,174,process_peak_rss_bytes,1701928960,1623.0859375,569538,42816,165,20260914_211623_ogbn-papers100M_FedAvg_bs2048_seed42_beta10000p0,True,True
2048,175,process_peak_rss_bytes,1673691136,1596.15625,569538,42144,165,20260914_211623_ogbn-papers100M_FedAvg_bs2048_seed42_beta10000p0,True,True
2048,176,process_peak_rss_bytes,1695719424,1617.1640625,569538,42031,165,20260914_211623_ogbn-papers100M_FedAvg_bs2048_seed42_beta10000p0,True,True
2048,177,process_peak_rss_bytes,1668513792,1591.21875,569538,42925,165,20260914_211623_ogbn-papers100M_FedAvg_bs2048_seed42_beta10000p0,True,True
2048,178,process_peak_rss_bytes,1674039296,1596.48828125,569538,42505,165,20260914_211623_ogbn-papers100M_FedAvg_bs2048_seed42_beta10000p0,True,True
2048,179,process_peak_rss_bytes,1652572160,1576.015625,569538,42742,165,20260914_211623_ogbn-papers100M_FedAvg_bs2048_seed42_beta10000p0,True,True
2048,180,process_peak_rss_bytes,1670074368,1592.70703125,569538,42844,165,20260914_211623_ogbn-papers100M_FedAvg_bs2048_seed42_beta10000p0,True,True
2048,181,process_peak_rss_bytes,1686167552,1608.0546875,569538,42424,165,20260914_211623_ogbn-papers100M_FedAvg_bs2048_seed42_beta10000p0,True,True
2048,182,process_peak_rss_bytes,1703485440,1624.5703125,569538,42304,165,20260914_211623_ogbn-papers100M_FedAvg_bs2048_seed42_beta10000p0,True,False
2048,183,process_peak_rss_bytes,1655607296,1578.91015625,569538,41650,165,20260914_211623_ogbn-papers100M_FedAvg_bs2048_seed42_beta10000p0,True,True
2048,184,process_peak_rss_bytes,1700388864,1621.6171875,569538,42971,165,20260914_211623_ogbn-papers100M_FedAvg_bs2048_seed42_beta10000p0,True,True
2048,185,process_peak_rss_bytes,1647390720,1571.07421875,569538,41887,165,20260914_211623_ogbn-papers100M_FedAvg_bs2048_seed42_beta10000p0,True,True
2048,186,process_peak_rss_bytes,1669988352,1592.625,569538,42308,165,20260914_211623_ogbn-papers100M_FedAvg_bs2048_seed42_beta10000p0,True,True
2048,187,process_peak_rss_bytes,1661231104,1584.2734375,569538,42395,165,20260914_211623_ogbn-papers100M_FedAvg_bs2048_seed42_beta10000p0,True,True
2048,188,process_peak_rss_bytes,1707167744,1628.08203125,569538,42504,165,20260914_211623_ogbn-papers100M_FedAvg_bs2048_seed42_beta10000p0,True,False
2048,189,process_peak_rss_bytes,1659883520,1582.98828125,569538,41857,165,20260914_211623_ogbn-papers100M_FedAvg_bs2048_seed42_beta10000p0,True,True
2048,190,process_peak_rss_bytes,1688158208,1609.953125,569538,42537,165,20260914_211623_ogbn-papers100M_FedAvg_bs2048_seed42_beta10000p0,True,True
2048,191,process_peak_rss_bytes,1671270400,1593.84765625,569538,42364,165,20260914_211623_ogbn-papers100M_FedAvg_bs2048_seed42_beta10000p0,True,True
2048,192,process_peak_rss_bytes,1682436096,1604.49609375,569538,42279,165,20260914_211623_ogbn-papers100M_FedAvg_bs2048_seed42_beta10000p0,True,True
2048,193,process_peak_rss_bytes,1645260800,1569.04296875,569538,42402,165,20260914_211623_ogbn-papers100M_FedAvg_bs2048_seed42_beta10000p0,True,True
2048,194,process_peak_rss_bytes,1657483264,1580.69921875,569538,42488,165,20260914_211623_ogbn-papers100M_FedAvg_bs2048_seed42_beta10000p0,True,True
4096,0,process_peak_rss_bytes,1589747712,1516.1015625,569539,42085,165,20260914_212747_ogbn-papers100M_FedAvg_bs4096_seed42_beta10000p0,True,False
4096,1,process_peak_rss_bytes,1633472512,1557.80078125,569539,42192,165,20260914_212747_ogbn-papers100M_FedAvg_bs4096_seed42_beta10000p0,True,True
4096,2,process_peak_rss_bytes,1603100672,1528.8359375,569539,42649,165,20260914_212747_ogbn-papers100M_FedAvg_bs4096_seed42_beta10000p0,True,False
4096,3,process_peak_rss_bytes,1616728064,1541.83203125,569539,42566,165,20260914_212747_ogbn-papers100M_FedAvg_bs4096_seed42_beta10000p0,True,True
4096,4,process_peak_rss_bytes,1596624896,1522.66015625,569539,42106,165,20260914_212747_ogbn-papers100M_FedAvg_bs4096_seed42_beta10000p0,True,False
4096,5,process_peak_rss_bytes,1603694592,1529.40234375,569539,42478,165,20260914_212747_ogbn-papers100M_FedAvg_bs4096_seed42_beta10000p0,True,False
4096,6,process_peak_rss_bytes,1630785536,1555.23828125,569539,41630,165,20260914_212747_ogbn-papers100M_FedAvg_bs4096_seed42_beta10000p0,True,True
4096,7,process_peak_rss_bytes,1615577088,1540.734375,569539,42632,165,20260914_212747_ogbn-papers100M_FedAvg_bs4096_seed42_beta10000p0,True,True
4096,8,process_peak_rss_bytes,1620226048,1545.16796875,569539,41951,165,20260914_212747_ogbn-papers100M_FedAvg_bs4096_seed42_beta10000p0,True,True
4096,9,process_peak_rss_bytes,1594331136,1520.47265625,569539,43121,165,20260914_212747_ogbn-papers100M_FedAvg_bs4096_seed42_beta10000p0,True,False
4096,10,process_peak_rss_bytes,1623703552,1548.484375,569539,42455,165,20260914_212747_ogbn-papers100M_FedAvg_bs4096_seed42_beta10000p0,True,True
4096,11,process_peak_rss_bytes,1620254720,1545.1953125,569539,42613,165,20260914_212747_ogbn-papers100M_FedAvg_bs4096_seed42_beta10000p0,True,True
4096,12,process_peak_rss_bytes,1606193152,1531.78515625,569539,42902,165,20260914_212747_ogbn-papers100M_FedAvg_bs4096_seed42_beta10000p0,True,False
4096,13,process_peak_rss_bytes,1613697024,1538.94140625,569539,42317,165,20260914_212747_ogbn-papers100M_FedAvg_bs4096_seed42_beta10000p0,True,False
4096,14,process_peak_rss_bytes,1579057152,1505.90625,569539,42296,165,20260914_212747_ogbn-papers100M_FedAvg_bs4096_seed42_beta10000p0,True,False
4096,15,process_peak_rss_bytes,1623875584,1548.6484375,569539,42146,165,20260914_212747_ogbn-papers100M_FedAvg_bs4096_seed42_beta10000p0,True,True
4096,16,process_peak_rss_bytes,1611366400,1536.71875,569539,41922,165,20260914_212747_ogbn-papers100M_FedAvg_bs4096_seed42_beta10000p0,True,False
4096,17,process_peak_rss_bytes,1631707136,1556.1171875,569539,42390,165,20260914_212747_ogbn-papers100M_FedAvg_bs4096_seed42_beta10000p0,True,True
4096,18,process_peak_rss_bytes,1618415616,1543.44140625,569539,41847,165,20260914_212747_ogbn-papers100M_FedAvg_bs4096_seed42_beta10000p0,True,True
4096,19,process_peak_rss_bytes,1630232576,1554.7109375,569539,42582,165,20260914_212747_ogbn-papers100M_FedAvg_bs4096_seed42_beta10000p0,True,True
4096,20,process_peak_rss_bytes,1613369344,1538.62890625,569539,42966,165,20260914_212747_ogbn-papers100M_FedAvg_bs4096_seed42_beta10000p0,True,True
4096,21,process_peak_rss_bytes,1596678144,1522.7109375,569539,42584,165,20260914_212747_ogbn-papers100M_FedAvg_bs4096_seed42_beta10000p0,True,False
4096,22,process_peak_rss_bytes,1617641472,1542.703125,569539,42003,165,20260914_212747_ogbn-papers100M_FedAvg_bs4096_seed42_beta10000p0,True,True
4096,23,process_peak_rss_bytes,1632411648,1556.7890625,569539,42415,165,20260914_212747_ogbn-papers100M_FedAvg_bs4096_seed42_beta10000p0,True,True
4096,24,process_peak_rss_bytes,1641771008,1565.71484375,569539,41850,165,20260914_212747_ogbn-papers100M_FedAvg_bs4096_seed42_beta10000p0,True,True
4096,25,process_peak_rss_bytes,1619865600,1544.82421875,569539,42152,165,20260914_212747_ogbn-papers100M_FedAvg_bs4096_seed42_beta10000p0,True,True
4096,26,process_peak_rss_bytes,1623134208,1547.94140625,569539,42344,165,20260914_212747_ogbn-papers100M_FedAvg_bs4096_seed42_beta10000p0,True,True
4096,27,process_peak_rss_bytes,1625653248,1550.34375,569539,42322,165,20260914_212747_ogbn-papers100M_FedAvg_bs4096_seed42_beta10000p0,True,True
4096,28,process_peak_rss_bytes,1593966592,1520.125,569539,43060,165,20260914_212747_ogbn-papers100M_FedAvg_bs4096_seed42_beta10000p0,True,False
4096,29,process_peak_rss_bytes,1607630848,1533.15625,569539,43189,165,20260914_212747_ogbn-papers100M_FedAvg_bs4096_seed42_beta10000p0,True,False
4096,30,process_peak_rss_bytes,1611227136,1536.5859375,569539,42646,165,20260914_212747_ogbn-papers100M_FedAvg_bs4096_seed42_beta10000p0,True,False
4096,31,process_peak_rss_bytes,1604304896,1529.984375,569539,42757,165,20260914_212747_ogbn-papers100M_FedAvg_bs4096_seed42_beta10000p0,True,False
4096,32,process_peak_rss_bytes,1645879296,1569.6328125,569539,42148,165,20260914_212747_ogbn-papers100M_FedAvg_bs4096_seed42_beta10000p0,True,True
4096,33,process_peak_rss_bytes,1596407808,1522.453125,569539,43164,165,20260914_212747_ogbn-papers100M_FedAvg_bs4096_seed42_beta10000p0,True,False
4096,34,process_peak_rss_bytes,1605746688,1531.359375,569539,42454,165,20260914_212747_ogbn-papers100M_FedAvg_bs4096_seed42_beta10000p0,True,False
4096,35,process_peak_rss_bytes,1594449920,1520.5859375,569539,43289,165,20260914_212747_ogbn-papers100M_FedAvg_bs4096_seed42_beta10000p0,True,False
4096,36,process_peak_rss_bytes,1596125184,1522.18359375,569539,42743,165,20260914_212747_ogbn-papers100M_FedAvg_bs4096_seed42_beta10000p0,True,False
4096,37,process_peak_rss_bytes,1602650112,1528.40625,569539,42489,165,20260914_212747_ogbn-papers100M_FedAvg_bs4096_seed42_beta10000p0,True,False
4096,38,process_peak_rss_bytes,1596432384,1522.4765625,569539,43384,165,20260914_212747_ogbn-papers100M_FedAvg_bs4096_seed42_beta10000p0,True,False
4096,39,process_peak_rss_bytes,1630908416,1555.35546875,569539,43634,165,20260914_212747_ogbn-papers100M_FedAvg_bs4096_seed42_beta10000p0,True,True
4096,40,process_peak_rss_bytes,1610608640,1535.99609375,569539,42548,165,20260914_212747_ogbn-papers100M_FedAvg_bs4096_seed42_beta10000p0,True,False
4096,41,process_peak_rss_bytes,1617510400,1542.578125,569539,42113,165,20260914_212747_ogbn-papers100M_FedAvg_bs4096_seed42_beta10000p0,True,True
4096,42,process_peak_rss_bytes,1626243072,1550.90625,569539,42360,165,20260914_212747_ogbn-papers100M_FedAvg_bs4096_seed42_beta10000p0,True,True
4096,43,process_peak_rss_bytes,1629941760,1554.43359375,569539,42194,165,20260914_212747_ogbn-papers100M_FedAvg_bs4096_seed42_beta10000p0,True,True
4096,44,process_peak_rss_bytes,1653436416,1576.83984375,569539,42371,165,20260914_212747_ogbn-papers100M_FedAvg_bs4096_seed42_beta10000p0,True,True
4096,45,process_peak_rss_bytes,1624776704,1549.5078125,569539,42610,165,20260914_212747_ogbn-papers100M_FedAvg_bs4096_seed42_beta10000p0,True,True
4096,46,process_peak_rss_bytes,1697132544,1618.51171875,569538,42482,165,20260914_212747_ogbn-papers100M_FedAvg_bs4096_seed42_beta10000p0,True,True
4096,47,process_peak_rss_bytes,1664319488,1587.21875,569538,42568,165,20260914_212747_ogbn-papers100M_FedAvg_bs4096_seed42_beta10000p0,True,True
4096,48,process_peak_rss_bytes,1668681728,1591.37890625,569538,42836,165,20260914_212747_ogbn-papers100M_FedAvg_bs4096_seed42_beta10000p0,True,True
4096,49,process_peak_rss_bytes,1653956608,1577.3359375,569538,42558,165,20260914_212747_ogbn-papers100M_FedAvg_bs4096_seed42_beta10000p0,True,True
4096,50,process_peak_rss_bytes,1670791168,1593.390625,569538,42598,165,20260914_212747_ogbn-papers100M_FedAvg_bs4096_seed42_beta10000p0,True,True
4096,51,process_peak_rss_bytes,1666301952,1589.109375,569538,42423,165,20260914_212747_ogbn-papers100M_FedAvg_bs4096_seed42_beta10000p0,True,True
4096,52,process_peak_rss_bytes,1685155840,1607.08984375,569538,42096,165,20260914_212747_ogbn-papers100M_FedAvg_bs4096_seed42_beta10000p0,True,True
4096,53,process_peak_rss_bytes,1703305216,1624.3984375,569538,42819,165,20260914_212747_ogbn-papers100M_FedAvg_bs4096_seed42_beta10000p0,True,False
4096,54,process_peak_rss_bytes,1644728320,1568.53515625,569538,41987,165,20260914_212747_ogbn-papers100M_FedAvg_bs4096_seed42_beta10000p0,True,True
4096,55,process_peak_rss_bytes,1683718144,1605.71875,569538,42945,165,20260914_212747_ogbn-papers100M_FedAvg_bs4096_seed42_beta10000p0,True,True
4096,56,process_peak_rss_bytes,1661726720,1584.74609375,569538,42997,165,20260914_212747_ogbn-papers100M_FedAvg_bs4096_seed42_beta10000p0,True,True
4096,57,process_peak_rss_bytes,1711292416,1632.015625,569538,42743,165,20260914_212747_ogbn-papers100M_FedAvg_bs4096_seed42_beta10000p0,True,False
4096,58,process_peak_rss_bytes,1657442304,1580.66015625,569538,43148,165,20260914_212747_ogbn-papers100M_FedAvg_bs4096_seed42_beta10000p0,True,True
4096,59,process_peak_rss_bytes,1686048768,1607.94140625,569538,42756,165,20260914_212747_ogbn-papers100M_FedAvg_bs4096_seed42_beta10000p0,True,True
4096,60,process_peak_rss_bytes,1651322880,1574.82421875,569538,41749,165,20260914_212747_ogbn-papers100M_FedAvg_bs4096_seed42_beta10000p0,True,True
4096,61,process_peak_rss_bytes,1663860736,1586.78125,569538,42354,165,20260914_212747_ogbn-papers100M_FedAvg_bs4096_seed42_beta10000p0,True,True
4096,62,process_peak_rss_bytes,1657794560,1580.99609375,569538,43049,165,20260914_212747_ogbn-papers100M_FedAvg_bs4096_seed42_beta10000p0,True,True
4096,63,process_peak_rss_bytes,1661587456,1584.61328125,569538,42524,165,20260914_212747_ogbn-papers100M_FedAvg_bs4096_seed42_beta10000p0,True,True
4096,64,process_peak_rss_bytes,1684144128,1606.125,569538,42105,165,20260914_212747_ogbn-papers100M_FedAvg_bs4096_seed42_beta10000p0,True,True
4096,65,process_peak_rss_bytes,1651339264,1574.83984375,569538,42707,165,20260914_212747_ogbn-papers100M_FedAvg_bs4096_seed42_beta10000p0,True,True
4096,66,process_peak_rss_bytes,1676980224,1599.29296875,569538,42115,165,20260914_212747_ogbn-papers100M_FedAvg_bs4096_seed42_beta10000p0,True,True
4096,67,process_peak_rss_bytes,1652154368,1575.6171875,569538,42991,165,20260914_212747_ogbn-papers100M_FedAvg_bs4096_seed42_beta10000p0,True,True
4096,68,process_peak_rss_bytes,1659920384,1583.0234375,569538,42019,165,20260914_212747_ogbn-papers100M_FedAvg_bs4096_seed42_beta10000p0,True,True
4096,69,process_peak_rss_bytes,1673334784,1595.81640625,569538,42344,165,20260914_212747_ogbn-papers100M_FedAvg_bs4096_seed42_beta10000p0,True,True
4096,70,process_peak_rss_bytes,1669677056,1592.328125,569538,42297,165,20260914_212747_ogbn-papers100M_FedAvg_bs4096_seed42_beta10000p0,True,True
4096,71,process_peak_rss_bytes,1677385728,1599.6796875,569538,42864,165,20260914_212747_ogbn-papers100M_FedAvg_bs4096_seed42_beta10000p0,True,True
4096,72,process_peak_rss_bytes,1671639040,1594.19921875,569538,42513,165,20260914_212747_ogbn-papers100M_FedAvg_bs4096_seed42_beta10000p0,True,True
4096,73,process_peak_rss_bytes,1668493312,1591.19921875,569538,41910,165,20260914_212747_ogbn-papers100M_FedAvg_bs4096_seed42_beta10000p0,True,True
4096,74,process_peak_rss_bytes,1684332544,1606.3046875,569538,42845,165,20260914_212747_ogbn-papers100M_FedAvg_bs4096_seed42_beta10000p0,True,True
4096,75,process_peak_rss_bytes,1666838528,1589.62109375,569538,42471,165,20260914_212747_ogbn-papers100M_FedAvg_bs4096_seed42_beta10000p0,True,True
4096,76,process_peak_rss_bytes,1643528192,1567.390625,569538,42738,165,20260914_212747_ogbn-papers100M_FedAvg_bs4096_seed42_beta10000p0,True,True
4096,77,process_peak_rss_bytes,1670049792,1592.68359375,569538,42424,165,20260914_212747_ogbn-papers100M_FedAvg_bs4096_seed42_beta10000p0,True,True
4096,78,process_peak_rss_bytes,1707454464,1628.35546875,569538,42456,165,20260914_212747_ogbn-papers100M_FedAvg_bs4096_seed42_beta10000p0,True,False
4096,79,process_peak_rss_bytes,1695879168,1617.31640625,569538,42850,165,20260914_212747_ogbn-papers100M_FedAvg_bs4096_seed42_beta10000p0,True,True
4096,80,process_peak_rss_bytes,1654198272,1577.56640625,569538,42105,165,20260914_212747_ogbn-papers100M_FedAvg_bs4096_seed42_beta10000p0,True,True
4096,81,process_peak_rss_bytes,1670361088,1592.98046875,569538,43104,165,20260914_212747_ogbn-papers100M_FedAvg_bs4096_seed42_beta10000p0,True,True
4096,82,process_peak_rss_bytes,1658417152,1581.58984375,569538,42245,165,20260914_212747_ogbn-papers100M_FedAvg_bs4096_seed42_beta10000p0,True,True
4096,83,process_peak_rss_bytes,1678356480,1600.60546875,569538,42180,165,20260914_212747_ogbn-papers100M_FedAvg_bs4096_seed42_beta10000p0,True,True
4096,84,process_peak_rss_bytes,1652850688,1576.28125,569538,42400,165,20260914_212747_ogbn-papers100M_FedAvg_bs4096_seed42_beta10000p0,True,True
4096,85,process_peak_rss_bytes,1695440896,1616.8984375,569538,42420,165,20260914_212747_ogbn-papers100M_FedAvg_bs4096_seed42_beta10000p0,True,True
4096,86,process_peak_rss_bytes,1687887872,1609.6953125,569538,42300,165,20260914_212747_ogbn-papers100M_FedAvg_bs4096_seed42_beta10000p0,True,True
4096,87,process_peak_rss_bytes,1654452224,1577.80859375,569538,42097,165,20260914_212747_ogbn-papers100M_FedAvg_bs4096_seed42_beta10000p0,True,True
4096,88,process_peak_rss_bytes,1672806400,1595.3125,569538,43090,165,20260914_212747_ogbn-papers100M_FedAvg_bs4096_seed42_beta10000p0,True,True
4096,89,process_peak_rss_bytes,1662783488,1585.75390625,569538,42182,165,20260914_212747_ogbn-papers100M_FedAvg_bs4096_seed42_beta10000p0,True,True
4096,90,process_peak_rss_bytes,1658138624,1581.32421875,569538,42803,165,20260914_212747_ogbn-papers100M_FedAvg_bs4096_seed42_beta10000p0,True,True
4096,91,process_peak_rss_bytes,1675780096,1598.1484375,569538,42567,165,20260914_212747_ogbn-papers100M_FedAvg_bs4096_seed42_beta10000p0,True,True
4096,92,process_peak_rss_bytes,1685200896,1607.1328125,569538,42263,165,20260914_212747_ogbn-papers100M_FedAvg_bs4096_seed42_beta10000p0,True,True
4096,93,process_peak_rss_bytes,1658454016,1581.625,569538,41896,165,20260914_212747_ogbn-papers100M_FedAvg_bs4096_seed42_beta10000p0,True,True
4096,94,process_peak_rss_bytes,1688551424,1610.328125,569538,42067,165,20260914_212747_ogbn-papers100M_FedAvg_bs4096_seed42_beta10000p0,True,True
4096,95,process_peak_rss_bytes,1656090624,1579.37109375,569538,41918,165,20260914_212747_ogbn-papers100M_FedAvg_bs4096_seed42_beta10000p0,True,True
4096,96,process_peak_rss_bytes,1695707136,1617.15234375,569538,42003,165,20260914_212747_ogbn-papers100M_FedAvg_bs4096_seed42_beta10000p0,True,True
4096,97,process_peak_rss_bytes,1682067456,1604.14453125,569538,42810,165,20260914_212747_ogbn-papers100M_FedAvg_bs4096_seed42_beta10000p0,True,True
4096,98,process_peak_rss_bytes,1668366336,1591.078125,569538,42584,165,20260914_212747_ogbn-papers100M_FedAvg_bs4096_seed42_beta10000p0,True,True
4096,99,process_peak_rss_bytes,1666015232,1588.8359375,569538,42216,165,20260914_212747_ogbn-papers100M_FedAvg_bs4096_seed42_beta10000p0,True,True
4096,100,process_peak_rss_bytes,1694310400,1615.8203125,569538,42148,165,20260914_212747_ogbn-papers100M_FedAvg_bs4096_seed42_beta10000p0,True,True
4096,101,process_peak_rss_bytes,1648136192,1571.78515625,569538,41381,165,20260914_212747_ogbn-papers100M_FedAvg_bs4096_seed42_beta10000p0,True,True
4096,102,process_peak_rss_bytes,1666531328,1589.328125,569538,42621,165,20260914_212747_ogbn-papers100M_FedAvg_bs4096_seed42_beta10000p0,True,True
4096,103,process_peak_rss_bytes,1663315968,1586.26171875,569538,42422,165,20260914_212747_ogbn-papers100M_FedAvg_bs4096_seed42_beta10000p0,True,True
4096,104,process_peak_rss_bytes,1694650368,1616.14453125,569538,42519,165,20260914_212747_ogbn-papers100M_FedAvg_bs4096_seed42_beta10000p0,True,True
4096,105,process_peak_rss_bytes,1656606720,1579.86328125,569538,42552,165,20260914_212747_ogbn-papers100M_FedAvg_bs4096_seed42_beta10000p0,True,True
4096,106,process_peak_rss_bytes,1662676992,1585.65234375,569538,42631,165,20260914_212747_ogbn-papers100M_FedAvg_bs4096_seed42_beta10000p0,True,True
4096,107,process_peak_rss_bytes,1665187840,1588.046875,569538,42612,165,20260914_212747_ogbn-papers100M_FedAvg_bs4096_seed42_beta10000p0,True,True
4096,108,process_peak_rss_bytes,1677889536,1600.16015625,569538,42490,165,20260914_212747_ogbn-papers100M_FedAvg_bs4096_seed42_beta10000p0,True,True
4096,109,process_peak_rss_bytes,1673986048,1596.4375,569538,42260,165,20260914_212747_ogbn-papers100M_FedAvg_bs4096_seed42_beta10000p0,True,True
4096,110,process_peak_rss_bytes,1683628032,1605.6328125,569538,42979,165,20260914_212747_ogbn-papers100M_FedAvg_bs4096_seed42_beta10000p0,True,True
4096,111,process_peak_rss_bytes,1668747264,1591.44140625,569538,41990,165,20260914_212747_ogbn-papers100M_FedAvg_bs4096_seed42_beta10000p0,True,True
4096,112,process_peak_rss_bytes,1677901824,1600.171875,569538,41881,165,20260914_212747_ogbn-papers100M_FedAvg_bs4096_seed42_beta10000p0,True,True
4096,113,process_peak_rss_bytes,1688113152,1609.91015625,569538,42543,165,20260914_212747_ogbn-papers100M_FedAvg_bs4096_seed42_beta10000p0,True,True
4096,114,process_peak_rss_bytes,1716555776,1637.03515625,569538,42145,165,20260914_212747_ogbn-papers100M_FedAvg_bs4096_seed42_beta10000p0,True,False
4096,115,process_peak_rss_bytes,1675382784,1597.76953125,569538,42653,165,20260914_212747_ogbn-papers100M_FedAvg_bs4096_seed42_beta10000p0,True,True
4096,116,process_peak_rss_bytes,1657585664,1580.796875,569538,42140,165,20260914_212747_ogbn-papers100M_FedAvg_bs4096_seed42_beta10000p0,True,True
4096,117,process_peak_rss_bytes,1678684160,1600.91796875,569538,42206,165,20260914_212747_ogbn-papers100M_FedAvg_bs4096_seed42_beta10000p0,True,True
4096,118,process_peak_rss_bytes,1669312512,1591.98046875,569538,41664,165,20260914_212747_ogbn-papers100M_FedAvg_bs4096_seed42_beta10000p0,True,True
4096,119,process_peak_rss_bytes,1653817344,1577.203125,569538,42642,165,20260914_212747_ogbn-papers100M_FedAvg_bs4096_seed42_beta10000p0,True,True
4096,120,process_peak_rss_bytes,1639337984,1563.39453125,569538,43040,165,20260914_212747_ogbn-papers100M_FedAvg_bs4096_seed42_beta10000p0,True,True
4096,121,process_peak_rss_bytes,1656864768,1580.109375,569538,41451,165,20260914_212747_ogbn-papers100M_FedAvg_bs4096_seed42_beta10000p0,True,True
4096,122,process_peak_rss_bytes,1709334528,1630.1484375,569538,42278,165,20260914_212747_ogbn-papers100M_FedAvg_bs4096_seed42_beta10000p0,True,False
4096,123,process_peak_rss_bytes,1697783808,1619.1328125,569538,42105,165,20260914_212747_ogbn-papers100M_FedAvg_bs4096_seed42_beta10000p0,True,True
4096,124,process_peak_rss_bytes,1679294464,1601.5,569538,43578,165,20260914_212747_ogbn-papers100M_FedAvg_bs4096_seed42_beta10000p0,True,True
4096,125,process_peak_rss_bytes,1683857408,1605.8515625,569538,42832,165,20260914_212747_ogbn-papers100M_FedAvg_bs4096_seed42_beta10000p0,True,True
4096,126,process_peak_rss_bytes,1668345856,1591.05859375,569538,42506,165,20260914_212747_ogbn-papers100M_FedAvg_bs4096_seed42_beta10000p0,True,True
4096,127,process_peak_rss_bytes,1659461632,1582.5859375,569538,42021,165,20260914_212747_ogbn-papers100M_FedAvg_bs4096_seed42_beta10000p0,True,True
4096,128,process_peak_rss_bytes,1672011776,1594.5546875,569538,42892,165,20260914_212747_ogbn-papers100M_FedAvg_bs4096_seed42_beta10000p0,True,True
4096,129,process_peak_rss_bytes,1673740288,1596.203125,569538,42089,165,20260914_212747_ogbn-papers100M_FedAvg_bs4096_seed42_beta10000p0,True,True
4096,130,process_peak_rss_bytes,1659416576,1582.54296875,569538,42978,165,20260914_212747_ogbn-papers100M_FedAvg_bs4096_seed42_beta10000p0,True,True
4096,131,process_peak_rss_bytes,1662656512,1585.6328125,569538,42644,165,20260914_212747_ogbn-papers100M_FedAvg_bs4096_seed42_beta10000p0,True,True
4096,132,process_peak_rss_bytes,1669021696,1591.703125,569538,42241,165,20260914_212747_ogbn-papers100M_FedAvg_bs4096_seed42_beta10000p0,True,True
4096,133,process_peak_rss_bytes,1651253248,1574.7578125,569538,42714,165,20260914_212747_ogbn-papers100M_FedAvg_bs4096_seed42_beta10000p0,True,True
4096,134,process_peak_rss_bytes,1654239232,1577.60546875,569538,44260,165,20260914_212747_ogbn-papers100M_FedAvg_bs4096_seed42_beta10000p0,True,True
4096,135,process_peak_rss_bytes,1651867648,1575.34375,569538,42984,165,20260914_212747_ogbn-papers100M_FedAvg_bs4096_seed42_beta10000p0,True,True
4096,136,process_peak_rss_bytes,1672851456,1595.35546875,569538,43648,165,20260914_212747_ogbn-papers100M_FedAvg_bs4096_seed42_beta10000p0,True,True
4096,137,process_peak_rss_bytes,1656942592,1580.18359375,569538,43556,165,20260914_212747_ogbn-papers100M_FedAvg_bs4096_seed42_beta10000p0,True,True
4096,138,process_peak_rss_bytes,1659768832,1582.87890625,569538,42964,165,20260914_212747_ogbn-papers100M_FedAvg_bs4096_seed42_beta10000p0,True,True
4096,139,process_peak_rss_bytes,1658716160,1581.875,569538,42537,165,20260914_212747_ogbn-papers100M_FedAvg_bs4096_seed42_beta10000p0,True,True
4096,140,process_peak_rss_bytes,1651748864,1575.23046875,569538,42870,165,20260914_212747_ogbn-papers100M_FedAvg_bs4096_seed42_beta10000p0,True,True
4096,141,process_peak_rss_bytes,1670844416,1593.44140625,569538,42495,165,20260914_212747_ogbn-papers100M_FedAvg_bs4096_seed42_beta10000p0,True,True
4096,142,process_peak_rss_bytes,1707728896,1628.6171875,569538,42349,165,20260914_212747_ogbn-papers100M_FedAvg_bs4096_seed42_beta10000p0,True,False
4096,143,process_peak_rss_bytes,1703043072,1624.1484375,569538,41728,165,20260914_212747_ogbn-papers100M_FedAvg_bs4096_seed42_beta10000p0,True,True
4096,144,process_peak_rss_bytes,1690660864,1612.33984375,569538,42912,165,20260914_212747_ogbn-papers100M_FedAvg_bs4096_seed42_beta10000p0,True,True
4096,145,process_peak_rss_bytes,1692663808,1614.25,569538,43085,165,20260914_212747_ogbn-papers100M_FedAvg_bs4096_seed42_beta10000p0,True,True
4096,146,process_peak_rss_bytes,1684959232,1606.90234375,569538,43108,165,20260914_212747_ogbn-papers100M_FedAvg_bs4096_seed42_beta10000p0,True,True
4096,147,process_peak_rss_bytes,1678180352,1600.4375,569538,43269,165,20260914_212747_ogbn-papers100M_FedAvg_bs4096_seed42_beta10000p0,True,True
4096,148,process_peak_rss_bytes,1652445184,1575.89453125,569538,42626,165,20260914_212747_ogbn-papers100M_FedAvg_bs4096_seed42_beta10000p0,True,True
4096,149,process_peak_rss_bytes,1664499712,1587.390625,569538,42342,165,20260914_212747_ogbn-papers100M_FedAvg_bs4096_seed42_beta10000p0,True,True
4096,150,process_peak_rss_bytes,1663942656,1586.859375,569538,41834,165,20260914_212747_ogbn-papers100M_FedAvg_bs4096_seed42_beta10000p0,True,True
4096,151,process_peak_rss_bytes,1690402816,1612.09375,569538,42539,165,20260914_212747_ogbn-papers100M_FedAvg_bs4096_seed42_beta10000p0,True,True
4096,152,process_peak_rss_bytes,1653915648,1577.296875,569538,41816,165,20260914_212747_ogbn-papers100M_FedAvg_bs4096_seed42_beta10000p0,True,True
4096,153,process_peak_rss_bytes,1676607488,1598.9375,569538,42146,165,20260914_212747_ogbn-papers100M_FedAvg_bs4096_seed42_beta10000p0,True,True
4096,154,process_peak_rss_bytes,1670012928,1592.6484375,569538,42176,165,20260914_212747_ogbn-papers100M_FedAvg_bs4096_seed42_beta10000p0,True,True
4096,155,process_peak_rss_bytes,1675124736,1597.5234375,569538,42579,165,20260914_212747_ogbn-papers100M_FedAvg_bs4096_seed42_beta10000p0,True,True
4096,156,process_peak_rss_bytes,1646583808,1570.3046875,569538,42692,165,20260914_212747_ogbn-papers100M_FedAvg_bs4096_seed42_beta10000p0,True,True
4096,157,process_peak_rss_bytes,1689427968,1611.1640625,569538,42495,165,20260914_212747_ogbn-papers100M_FedAvg_bs4096_seed42_beta10000p0,True,True
4096,158,process_peak_rss_bytes,1658232832,1581.4140625,569538,42523,165,20260914_212747_ogbn-papers100M_FedAvg_bs4096_seed42_beta10000p0,True,True
4096,159,process_peak_rss_bytes,1674780672,1597.1953125,569538,42420,165,20260914_212747_ogbn-papers100M_FedAvg_bs4096_seed42_beta10000p0,True,True
4096,160,process_peak_rss_bytes,1674285056,1596.72265625,569538,43253,165,20260914_212747_ogbn-papers100M_FedAvg_bs4096_seed42_beta10000p0,True,True
4096,161,process_peak_rss_bytes,1633562624,1557.88671875,569538,42194,165,20260914_212747_ogbn-papers100M_FedAvg_bs4096_seed42_beta10000p0,True,True
4096,162,process_peak_rss_bytes,1648857088,1572.47265625,569538,42360,165,20260914_212747_ogbn-papers100M_FedAvg_bs4096_seed42_beta10000p0,True,True
4096,163,process_peak_rss_bytes,1659265024,1582.3984375,569538,42567,165,20260914_212747_ogbn-papers100M_FedAvg_bs4096_seed42_beta10000p0,True,True
4096,164,process_peak_rss_bytes,1671725056,1594.28125,569538,41939,165,20260914_212747_ogbn-papers100M_FedAvg_bs4096_seed42_beta10000p0,True,True
4096,165,process_peak_rss_bytes,1664389120,1587.28515625,569538,43107,165,20260914_212747_ogbn-papers100M_FedAvg_bs4096_seed42_beta10000p0,True,True
4096,166,process_peak_rss_bytes,1673084928,1595.578125,569538,42220,165,20260914_212747_ogbn-papers100M_FedAvg_bs4096_seed42_beta10000p0,True,True
4096,167,process_peak_rss_bytes,1649373184,1572.96484375,569538,41828,165,20260914_212747_ogbn-papers100M_FedAvg_bs4096_seed42_beta10000p0,True,True
4096,168,process_peak_rss_bytes,1665163264,1588.0234375,569538,42494,165,20260914_212747_ogbn-papers100M_FedAvg_bs4096_seed42_beta10000p0,True,True
4096,169,process_peak_rss_bytes,1674805248,1597.21875,569538,42483,165,20260914_212747_ogbn-papers100M_FedAvg_bs4096_seed42_beta10000p0,True,True
4096,170,process_peak_rss_bytes,1673256960,1595.7421875,569538,42465,165,20260914_212747_ogbn-papers100M_FedAvg_bs4096_seed42_beta10000p0,True,True
4096,171,process_peak_rss_bytes,1656811520,1580.05859375,569538,42399,165,20260914_212747_ogbn-papers100M_FedAvg_bs4096_seed42_beta10000p0,True,True
4096,172,process_peak_rss_bytes,1692540928,1614.1328125,569538,42341,165,20260914_212747_ogbn-papers100M_FedAvg_bs4096_seed42_beta10000p0,True,True
4096,173,process_peak_rss_bytes,1679536128,1601.73046875,569538,42635,165,20260914_212747_ogbn-papers100M_FedAvg_bs4096_seed42_beta10000p0,True,True
4096,174,process_peak_rss_bytes,1668894720,1591.58203125,569538,42816,165,20260914_212747_ogbn-papers100M_FedAvg_bs4096_seed42_beta10000p0,True,True
4096,175,process_peak_rss_bytes,1671172096,1593.75390625,569538,42144,165,20260914_212747_ogbn-papers100M_FedAvg_bs4096_seed42_beta10000p0,True,True
4096,176,process_peak_rss_bytes,1671487488,1594.0546875,569538,42031,165,20260914_212747_ogbn-papers100M_FedAvg_bs4096_seed42_beta10000p0,True,True
4096,177,process_peak_rss_bytes,1683808256,1605.8046875,569538,42925,165,20260914_212747_ogbn-papers100M_FedAvg_bs4096_seed42_beta10000p0,True,True
4096,178,process_peak_rss_bytes,1691258880,1612.91015625,569538,42505,165,20260914_212747_ogbn-papers100M_FedAvg_bs4096_seed42_beta10000p0,True,True
4096,179,process_peak_rss_bytes,1681772544,1603.86328125,569538,42742,165,20260914_212747_ogbn-papers100M_FedAvg_bs4096_seed42_beta10000p0,True,True
4096,180,process_peak_rss_bytes,1686392832,1608.26953125,569538,42844,165,20260914_212747_ogbn-papers100M_FedAvg_bs4096_seed42_beta10000p0,True,True
4096,181,process_peak_rss_bytes,1678262272,1600.515625,569538,42424,165,20260914_212747_ogbn-papers100M_FedAvg_bs4096_seed42_beta10000p0,True,True
4096,182,process_peak_rss_bytes,1649000448,1572.609375,569538,42304,165,20260914_212747_ogbn-papers100M_FedAvg_bs4096_seed42_beta10000p0,True,True
4096,183,process_peak_rss_bytes,1664348160,1587.24609375,569538,41650,165,20260914_212747_ogbn-papers100M_FedAvg_bs4096_seed42_beta10000p0,True,True
4096,184,process_peak_rss_bytes,1661874176,1584.88671875,569538,42971,165,20260914_212747_ogbn-papers100M_FedAvg_bs4096_seed42_beta10000p0,True,True
4096,185,process_peak_rss_bytes,1680285696,1602.4453125,569538,41887,165,20260914_212747_ogbn-papers100M_FedAvg_bs4096_seed42_beta10000p0,True,True
4096,186,process_peak_rss_bytes,1682694144,1604.7421875,569538,42308,165,20260914_212747_ogbn-papers100M_FedAvg_bs4096_seed42_beta10000p0,True,True
4096,187,process_peak_rss_bytes,1686405120,1608.28125,569538,42395,165,20260914_212747_ogbn-papers100M_FedAvg_bs4096_seed42_beta10000p0,True,True
4096,188,process_peak_rss_bytes,1715056640,1635.60546875,569538,42504,165,20260914_212747_ogbn-papers100M_FedAvg_bs4096_seed42_beta10000p0,True,False
4096,189,process_peak_rss_bytes,1685204992,1607.13671875,569538,41857,165,20260914_212747_ogbn-papers100M_FedAvg_bs4096_seed42_beta10000p0,True,True
4096,190,process_peak_rss_bytes,1670705152,1593.30859375,569538,42537,165,20260914_212747_ogbn-papers100M_FedAvg_bs4096_seed42_beta10000p0,True,True
4096,191,process_peak_rss_bytes,1663864832,1586.78515625,569538,42364,165,20260914_212747_ogbn-papers100M_FedAvg_bs4096_seed42_beta10000p0,True,True
4096,192,process_peak_rss_bytes,1694699520,1616.19140625,569538,42279,165,20260914_212747_ogbn-papers100M_FedAvg_bs4096_seed42_beta10000p0,True,True
4096,193,process_peak_rss_bytes,1674379264,1596.8125,569538,42402,165,20260914_212747_ogbn-papers100M_FedAvg_bs4096_seed42_beta10000p0,True,True
4096,194,process_peak_rss_bytes,1688096768,1609.89453125,569538,42488,165,20260914_212747_ogbn-papers100M_FedAvg_bs4096_seed42_beta10000p0,True,True
