experiment_name,run_id,dataset,method,batch_size,seed,iid_beta,round,evaluation_split,evaluation_acc,evaluation_loss,val_acc,val_loss,local_steps,train_time_sec,training_time_sec,parameter_sync_time_sec,train_sync_time_sec,cumulative_train_sync_time_sec,comm_time_sec,train_comm_time_sec,cum_train_comm_time_sec
nc_papers100m_195trainer_0hop_balanced_local_bs32_800r,20260914_194714_ogbn-papers100M_FedAvg_bs32_seed42_beta10000p0,ogbn-papers100M,FedAvg,32,42,10000.0,1,validation,0.0058,5.1513,0.0058,5.1513,3,0.9194512367248535,0.9194512367248535,0.5343341827392578,1.4537854194641113,1.4537854194641113,0.5343341827392578,1.4537854194641113,1.4537854194641113
nc_papers100m_195trainer_0hop_balanced_local_bs32_800r,20260914_194714_ogbn-papers100M_FedAvg_bs32_seed42_beta10000p0,ogbn-papers100M,FedAvg,32,42,10000.0,2,validation,0.0077,5.1448,0.0077,5.1448,6,0.11328649520874023,0.11328649520874023,0.5147173404693604,0.6280038356781006,2.081789255142212,0.5147173404693604,0.6280038356781006,2.081789255142212
nc_papers100m_195trainer_0hop_balanced_local_bs32_800r,20260914_194714_ogbn-papers100M_FedAvg_bs32_seed42_beta10000p0,ogbn-papers100M,FedAvg,32,42,10000.0,3,validation,0.0096,5.1386,0.0096,5.1386,9,0.11590933799743652,0.11590933799743652,0.524317741394043,0.6402270793914795,2.7220163345336914,0.524317741394043,0.6402270793914795,2.7220163345336914
nc_papers100m_195trainer_0hop_balanced_local_bs32_800r,20260914_194714_ogbn-papers100M_FedAvg_bs32_seed42_beta10000p0,ogbn-papers100M,FedAvg,32,42,10000.0,4,validation,0.012,5.1322,0.012,5.1322,12,0.11864948272705078,0.11864948272705078,0.5223343372344971,0.6409838199615479,3.3630001544952393,0.5223343372344971,0.6409838199615479,3.3630001544952393
nc_papers100m_195trainer_0hop_balanced_local_bs32_800r,20260914_194714_ogbn-papers100M_FedAvg_bs32_seed42_beta10000p0,ogbn-papers100M,FedAvg,32,42,10000.0,5,validation,0.0138,5.1254,0.0138,5.1254,15,0.11303901672363281,0.11303901672363281,0.5252244472503662,0.638263463973999,4.001263618469238,0.5252244472503662,0.638263463973999,4.001263618469238
nc_papers100m_195trainer_0hop_balanced_local_bs32_800r,20260914_194714_ogbn-papers100M_FedAvg_bs32_seed42_beta10000p0,ogbn-papers100M,FedAvg,32,42,10000.0,6,validation,0.0164,5.1174,0.0164,5.1174,18,0.11193013191223145,0.11193013191223145,0.5257351398468018,0.6376652717590332,4.6389288902282715,0.5257351398468018,0.6376652717590332,4.6389288902282715
nc_papers100m_195trainer_0hop_balanced_local_bs32_800r,20260914_194714_ogbn-papers100M_FedAvg_bs32_seed42_beta10000p0,ogbn-papers100M,FedAvg,32,42,10000.0,7,validation,0.0193,5.1083,0.0193,5.1083,21,0.11163520812988281,0.11163520812988281,0.5240528583526611,0.635688066482544,5.274616956710815,0.5240528583526611,0.635688066482544,5.274616956710815
nc_papers100m_195trainer_0hop_balanced_local_bs32_800r,20260914_194714_ogbn-papers100M_FedAvg_bs32_seed42_beta10000p0,ogbn-papers100M,FedAvg,32,42,10000.0,8,validation,0.0226,5.098,0.0226,5.098,24,0.10635066032409668,0.10635066032409668,0.5238873958587646,0.6302380561828613,5.904855012893677,0.5238873958587646,0.6302380561828613,5.904855012893677
nc_papers100m_195trainer_0hop_balanced_local_bs32_800r,20260914_194714_ogbn-papers100M_FedAvg_bs32_seed42_beta10000p0,ogbn-papers100M,FedAvg,32,42,10000.0,9,validation,0.0265,5.0865,0.0265,5.0865,27,0.11776924133300781,0.11776924133300781,0.5206875801086426,0.6384568214416504,6.543311834335327,0.5206875801086426,0.6384568214416504,6.543311834335327
nc_papers100m_195trainer_0hop_balanced_local_bs32_800r,20260914_194714_ogbn-papers100M_FedAvg_bs32_seed42_beta10000p0,ogbn-papers100M,FedAvg,32,42,10000.0,10,validation,0.0296,5.0738,0.0296,5.0738,30,0.1098628044128418,0.1098628044128418,0.5253715515136719,0.6352343559265137,7.178546190261841,0.5253715515136719,0.6352343559265137,7.178546190261841
nc_papers100m_195trainer_0hop_balanced_local_bs32_800r,20260914_194714_ogbn-papers100M_FedAvg_bs32_seed42_beta10000p0,ogbn-papers100M,FedAvg,32,42,10000.0,11,validation,0.0327,5.0601,0.0327,5.0601,33,0.1150205135345459,0.1150205135345459,0.5109908580780029,0.6260113716125488,7.80455756187439,0.5109908580780029,0.6260113716125488,7.80455756187439
nc_papers100m_195trainer_0hop_balanced_local_bs32_800r,20260914_194714_ogbn-papers100M_FedAvg_bs32_seed42_beta10000p0,ogbn-papers100M,FedAvg,32,42,10000.0,12,validation,0.0359,5.0456,0.0359,5.0456,36,0.10974335670471191,0.10974335670471191,0.5148720741271973,0.6246154308319092,8.429172992706299,0.5148720741271973,0.6246154308319092,8.429172992706299
nc_papers100m_195trainer_0hop_balanced_local_bs32_800r,20260914_194714_ogbn-papers100M_FedAvg_bs32_seed42_beta10000p0,ogbn-papers100M,FedAvg,32,42,10000.0,13,validation,0.0388,5.0307,0.0388,5.0307,39,0.11046028137207031,0.11046028137207031,0.516190767288208,0.6266510486602783,9.055824041366577,0.516190767288208,0.6266510486602783,9.055824041366577
nc_papers100m_195trainer_0hop_balanced_local_bs32_800r,20260914_194714_ogbn-papers100M_FedAvg_bs32_seed42_beta10000p0,ogbn-papers100M,FedAvg,32,42,10000.0,14,validation,0.0412,5.0154,0.0412,5.0154,42,0.11226463317871094,0.11226463317871094,0.5182771682739258,0.6305418014526367,9.686365842819214,0.5182771682739258,0.6305418014526367,9.686365842819214
nc_papers100m_195trainer_0hop_balanced_local_bs32_800r,20260914_194714_ogbn-papers100M_FedAvg_bs32_seed42_beta10000p0,ogbn-papers100M,FedAvg,32,42,10000.0,15,validation,0.0434,5.0003,0.0434,5.0003,45,0.11067724227905273,0.11067724227905273,0.5253207683563232,0.635998010635376,10.32236385345459,0.5253207683563232,0.635998010635376,10.32236385345459
nc_papers100m_195trainer_0hop_balanced_local_bs32_800r,20260914_194714_ogbn-papers100M_FedAvg_bs32_seed42_beta10000p0,ogbn-papers100M,FedAvg,32,42,10000.0,16,validation,0.0455,4.9849,0.0455,4.9849,48,0.11072587966918945,0.11072587966918945,0.5151107311248779,0.6258366107940674,10.948200464248657,0.5151107311248779,0.6258366107940674,10.948200464248657
nc_papers100m_195trainer_0hop_balanced_local_bs32_800r,20260914_194714_ogbn-papers100M_FedAvg_bs32_seed42_beta10000p0,ogbn-papers100M,FedAvg,32,42,10000.0,17,validation,0.0472,4.9697,0.0472,4.9697,51,0.1089634895324707,0.1089634895324707,0.5216281414031982,0.630591630935669,11.578792095184326,0.5216281414031982,0.630591630935669,11.578792095184326
nc_papers100m_195trainer_0hop_balanced_local_bs32_800r,20260914_194714_ogbn-papers100M_FedAvg_bs32_seed42_beta10000p0,ogbn-papers100M,FedAvg,32,42,10000.0,18,validation,0.049,4.9537,0.049,4.9537,54,0.10598254203796387,0.10598254203796387,0.5197606086730957,0.6257431507110596,12.204535245895386,0.5197606086730957,0.6257431507110596,12.204535245895386
nc_papers100m_195trainer_0hop_balanced_local_bs32_800r,20260914_194714_ogbn-papers100M_FedAvg_bs32_seed42_beta10000p0,ogbn-papers100M,FedAvg,32,42,10000.0,19,validation,0.0507,4.9379,0.0507,4.9379,57,0.10498714447021484,0.10498714447021484,0.5331504344940186,0.6381375789642334,12.84267282485962,0.5331504344940186,0.6381375789642334,12.84267282485962
nc_papers100m_195trainer_0hop_balanced_local_bs32_800r,20260914_194714_ogbn-papers100M_FedAvg_bs32_seed42_beta10000p0,ogbn-papers100M,FedAvg,32,42,10000.0,20,validation,0.0523,4.9223,0.0523,4.9223,60,0.10399508476257324,0.10399508476257324,0.5151126384735107,0.619107723236084,13.461780548095703,0.5151126384735107,0.619107723236084,13.461780548095703
nc_papers100m_195trainer_0hop_balanced_local_bs32_800r,20260914_194714_ogbn-papers100M_FedAvg_bs32_seed42_beta10000p0,ogbn-papers100M,FedAvg,32,42,10000.0,21,validation,0.054,4.906,0.054,4.906,63,0.10836625099182129,0.10836625099182129,0.51090407371521,0.6192703247070312,14.081050872802734,0.51090407371521,0.6192703247070312,14.081050872802734
nc_papers100m_195trainer_0hop_balanced_local_bs32_800r,20260914_194714_ogbn-papers100M_FedAvg_bs32_seed42_beta10000p0,ogbn-papers100M,FedAvg,32,42,10000.0,22,validation,0.0557,4.8897,0.0557,4.8897,66,0.10999751091003418,0.10999751091003418,0.5086290836334229,0.618626594543457,14.699677467346191,0.5086290836334229,0.618626594543457,14.699677467346191
nc_papers100m_195trainer_0hop_balanced_local_bs32_800r,20260914_194714_ogbn-papers100M_FedAvg_bs32_seed42_beta10000p0,ogbn-papers100M,FedAvg,32,42,10000.0,23,validation,0.0572,4.8734,0.0572,4.8734,69,0.10611248016357422,0.10611248016357422,0.5105099678039551,0.6166224479675293,15.31629991531372,0.5105099678039551,0.6166224479675293,15.31629991531372
nc_papers100m_195trainer_0hop_balanced_local_bs32_800r,20260914_194714_ogbn-papers100M_FedAvg_bs32_seed42_beta10000p0,ogbn-papers100M,FedAvg,32,42,10000.0,24,validation,0.0586,4.8578,0.0586,4.8578,72,0.10421538352966309,0.10421538352966309,0.514350414276123,0.6185657978057861,15.934865713119507,0.514350414276123,0.6185657978057861,15.934865713119507
nc_papers100m_195trainer_0hop_balanced_local_bs32_800r,20260914_194714_ogbn-papers100M_FedAvg_bs32_seed42_beta10000p0,ogbn-papers100M,FedAvg,32,42,10000.0,25,validation,0.0602,4.8418,0.0602,4.8418,75,0.10915994644165039,0.10915994644165039,0.5258438587188721,0.6350038051605225,16.56986951828003,0.5258438587188721,0.6350038051605225,16.56986951828003
nc_papers100m_195trainer_0hop_balanced_local_bs32_800r,20260914_194714_ogbn-papers100M_FedAvg_bs32_seed42_beta10000p0,ogbn-papers100M,FedAvg,32,42,10000.0,26,validation,0.0618,4.8257,0.0618,4.8257,78,0.11232113838195801,0.11232113838195801,0.5280845165252686,0.6404056549072266,17.210275173187256,0.5280845165252686,0.6404056549072266,17.210275173187256
nc_papers100m_195trainer_0hop_balanced_local_bs32_800r,20260914_194714_ogbn-papers100M_FedAvg_bs32_seed42_beta10000p0,ogbn-papers100M,FedAvg,32,42,10000.0,27,validation,0.0637,4.81,0.0637,4.81,81,0.11150074005126953,0.11150074005126953,0.5234498977661133,0.6349506378173828,17.84522581100464,0.5234498977661133,0.6349506378173828,17.84522581100464
nc_papers100m_195trainer_0hop_balanced_local_bs32_800r,20260914_194714_ogbn-papers100M_FedAvg_bs32_seed42_beta10000p0,ogbn-papers100M,FedAvg,32,42,10000.0,28,validation,0.0659,4.7943,0.0659,4.7943,84,0.10498595237731934,0.10498595237731934,0.523993730545044,0.6289796829223633,18.474205493927002,0.523993730545044,0.6289796829223633,18.474205493927002
nc_papers100m_195trainer_0hop_balanced_local_bs32_800r,20260914_194714_ogbn-papers100M_FedAvg_bs32_seed42_beta10000p0,ogbn-papers100M,FedAvg,32,42,10000.0,29,validation,0.0674,4.7797,0.0674,4.7797,87,0.1051187515258789,0.1051187515258789,0.5314376354217529,0.6365563869476318,19.110761880874634,0.5314376354217529,0.6365563869476318,19.110761880874634
nc_papers100m_195trainer_0hop_balanced_local_bs32_800r,20260914_194714_ogbn-papers100M_FedAvg_bs32_seed42_beta10000p0,ogbn-papers100M,FedAvg,32,42,10000.0,30,validation,0.0689,4.7654,0.0689,4.7654,90,0.1017770767211914,0.1017770767211914,0.5254271030426025,0.627204179763794,19.737966060638428,0.5254271030426025,0.627204179763794,19.737966060638428
nc_papers100m_195trainer_0hop_balanced_local_bs32_800r,20260914_194714_ogbn-papers100M_FedAvg_bs32_seed42_beta10000p0,ogbn-papers100M,FedAvg,32,42,10000.0,31,validation,0.0705,4.751,0.0705,4.751,93,0.10910654067993164,0.10910654067993164,0.5289726257324219,0.6380791664123535,20.37604522705078,0.5289726257324219,0.6380791664123535,20.37604522705078
nc_papers100m_195trainer_0hop_balanced_local_bs32_800r,20260914_194714_ogbn-papers100M_FedAvg_bs32_seed42_beta10000p0,ogbn-papers100M,FedAvg,32,42,10000.0,32,validation,0.0721,4.7371,0.0721,4.7371,96,0.10815668106079102,0.10815668106079102,0.5243279933929443,0.6324846744537354,21.008529901504517,0.5243279933929443,0.6324846744537354,21.008529901504517
nc_papers100m_195trainer_0hop_balanced_local_bs32_800r,20260914_194714_ogbn-papers100M_FedAvg_bs32_seed42_beta10000p0,ogbn-papers100M,FedAvg,32,42,10000.0,33,validation,0.074,4.7226,0.074,4.7226,99,0.10201001167297363,0.10201001167297363,0.5243828296661377,0.6263928413391113,21.634922742843628,0.5243828296661377,0.6263928413391113,21.634922742843628
nc_papers100m_195trainer_0hop_balanced_local_bs32_800r,20260914_194714_ogbn-papers100M_FedAvg_bs32_seed42_beta10000p0,ogbn-papers100M,FedAvg,32,42,10000.0,34,validation,0.0759,4.7091,0.0759,4.7091,102,0.10200142860412598,0.10200142860412598,0.5255954265594482,0.6275968551635742,22.262519598007202,0.5255954265594482,0.6275968551635742,22.262519598007202
nc_papers100m_195trainer_0hop_balanced_local_bs32_800r,20260914_194714_ogbn-papers100M_FedAvg_bs32_seed42_beta10000p0,ogbn-papers100M,FedAvg,32,42,10000.0,35,validation,0.0774,4.6953,0.0774,4.6953,105,0.1107473373413086,0.1107473373413086,0.5255393981933594,0.636286735534668,22.89880633354187,0.5255393981933594,0.636286735534668,22.89880633354187
nc_papers100m_195trainer_0hop_balanced_local_bs32_800r,20260914_194714_ogbn-papers100M_FedAvg_bs32_seed42_beta10000p0,ogbn-papers100M,FedAvg,32,42,10000.0,36,validation,0.0788,4.6822,0.0788,4.6822,108,0.11018228530883789,0.11018228530883789,0.517218828201294,0.6274011135101318,23.526207447052002,0.517218828201294,0.6274011135101318,23.526207447052002
nc_papers100m_195trainer_0hop_balanced_local_bs32_800r,20260914_194714_ogbn-papers100M_FedAvg_bs32_seed42_beta10000p0,ogbn-papers100M,FedAvg,32,42,10000.0,37,validation,0.0804,4.6694,0.0804,4.6694,111,0.10798954963684082,0.10798954963684082,0.5326583385467529,0.6406478881835938,24.166855335235596,0.5326583385467529,0.6406478881835938,24.166855335235596
nc_papers100m_195trainer_0hop_balanced_local_bs32_800r,20260914_194714_ogbn-papers100M_FedAvg_bs32_seed42_beta10000p0,ogbn-papers100M,FedAvg,32,42,10000.0,38,validation,0.082,4.6564,0.082,4.6564,114,0.10543251037597656,0.10543251037597656,0.5191752910614014,0.6246078014373779,24.791463136672974,0.5191752910614014,0.6246078014373779,24.791463136672974
nc_papers100m_195trainer_0hop_balanced_local_bs32_800r,20260914_194714_ogbn-papers100M_FedAvg_bs32_seed42_beta10000p0,ogbn-papers100M,FedAvg,32,42,10000.0,39,validation,0.0836,4.6436,0.0836,4.6436,117,0.10338521003723145,0.10338521003723145,0.515765905380249,0.6191511154174805,25.410614252090454,0.515765905380249,0.6191511154174805,25.410614252090454
nc_papers100m_195trainer_0hop_balanced_local_bs32_800r,20260914_194714_ogbn-papers100M_FedAvg_bs32_seed42_beta10000p0,ogbn-papers100M,FedAvg,32,42,10000.0,40,validation,0.085,4.631,0.085,4.631,120,0.10482311248779297,0.10482311248779297,0.523571252822876,0.628394365310669,26.039008617401123,0.523571252822876,0.628394365310669,26.039008617401123
nc_papers100m_195trainer_0hop_balanced_local_bs32_800r,20260914_194714_ogbn-papers100M_FedAvg_bs32_seed42_beta10000p0,ogbn-papers100M,FedAvg,32,42,10000.0,41,validation,0.0862,4.6182,0.0862,4.6182,123,0.10602092742919922,0.10602092742919922,0.5102941989898682,0.6163151264190674,26.65532374382019,0.5102941989898682,0.6163151264190674,26.65532374382019
nc_papers100m_195trainer_0hop_balanced_local_bs32_800r,20260914_194714_ogbn-papers100M_FedAvg_bs32_seed42_beta10000p0,ogbn-papers100M,FedAvg,32,42,10000.0,42,validation,0.0874,4.6065,0.0874,4.6065,126,0.10957002639770508,0.10957002639770508,0.5117230415344238,0.6212930679321289,27.27661681175232,0.5117230415344238,0.6212930679321289,27.27661681175232
nc_papers100m_195trainer_0hop_balanced_local_bs32_800r,20260914_194714_ogbn-papers100M_FedAvg_bs32_seed42_beta10000p0,ogbn-papers100M,FedAvg,32,42,10000.0,43,validation,0.0891,4.5943,0.0891,4.5943,129,0.10844302177429199,0.10844302177429199,0.5118508338928223,0.6202938556671143,27.896910667419434,0.5118508338928223,0.6202938556671143,27.896910667419434
nc_papers100m_195trainer_0hop_balanced_local_bs32_800r,20260914_194714_ogbn-papers100M_FedAvg_bs32_seed42_beta10000p0,ogbn-papers100M,FedAvg,32,42,10000.0,44,validation,0.0904,4.5823,0.0904,4.5823,132,0.1030426025390625,0.1030426025390625,0.5068099498748779,0.6098525524139404,28.506763219833374,0.5068099498748779,0.6098525524139404,28.506763219833374
nc_papers100m_195trainer_0hop_balanced_local_bs32_800r,20260914_194714_ogbn-papers100M_FedAvg_bs32_seed42_beta10000p0,ogbn-papers100M,FedAvg,32,42,10000.0,45,validation,0.0917,4.5705,0.0917,4.5705,135,0.1053926944732666,0.1053926944732666,0.5211284160614014,0.626521110534668,29.133284330368042,0.5211284160614014,0.626521110534668,29.133284330368042
nc_papers100m_195trainer_0hop_balanced_local_bs32_800r,20260914_194714_ogbn-papers100M_FedAvg_bs32_seed42_beta10000p0,ogbn-papers100M,FedAvg,32,42,10000.0,46,validation,0.0932,4.5589,0.0932,4.5589,138,0.10836148262023926,0.10836148262023926,0.5169079303741455,0.6252694129943848,29.758553743362427,0.5169079303741455,0.6252694129943848,29.758553743362427
nc_papers100m_195trainer_0hop_balanced_local_bs32_800r,20260914_194714_ogbn-papers100M_FedAvg_bs32_seed42_beta10000p0,ogbn-papers100M,FedAvg,32,42,10000.0,47,validation,0.0947,4.5477,0.0947,4.5477,141,0.11062002182006836,0.11062002182006836,0.519869327545166,0.6304893493652344,30.38904309272766,0.519869327545166,0.6304893493652344,30.38904309272766
nc_papers100m_195trainer_0hop_balanced_local_bs32_800r,20260914_194714_ogbn-papers100M_FedAvg_bs32_seed42_beta10000p0,ogbn-papers100M,FedAvg,32,42,10000.0,48,validation,0.0956,4.537,0.0956,4.537,144,0.10734009742736816,0.10734009742736816,0.5276894569396973,0.6350295543670654,31.024072647094727,0.5276894569396973,0.6350295543670654,31.024072647094727
nc_papers100m_195trainer_0hop_balanced_local_bs32_800r,20260914_194714_ogbn-papers100M_FedAvg_bs32_seed42_beta10000p0,ogbn-papers100M,FedAvg,32,42,10000.0,49,validation,0.097,4.5259,0.097,4.5259,147,0.1067817211151123,0.1067817211151123,0.5334208011627197,0.640202522277832,31.66427516937256,0.5334208011627197,0.640202522277832,31.66427516937256
nc_papers100m_195trainer_0hop_balanced_local_bs32_800r,20260914_194714_ogbn-papers100M_FedAvg_bs32_seed42_beta10000p0,ogbn-papers100M,FedAvg,32,42,10000.0,50,validation,0.0986,4.5144,0.0986,4.5144,150,0.10416889190673828,0.10416889190673828,0.5361731052398682,0.6403419971466064,32.304617166519165,0.5361731052398682,0.6403419971466064,32.304617166519165
nc_papers100m_195trainer_0hop_balanced_local_bs32_800r,20260914_194714_ogbn-papers100M_FedAvg_bs32_seed42_beta10000p0,ogbn-papers100M,FedAvg,32,42,10000.0,51,validation,0.0998,4.5039,0.0998,4.5039,153,0.10231828689575195,0.10231828689575195,0.5204391479492188,0.6227574348449707,32.927374601364136,0.5204391479492188,0.6227574348449707,32.927374601364136
nc_papers100m_195trainer_0hop_balanced_local_bs32_800r,20260914_194714_ogbn-papers100M_FedAvg_bs32_seed42_beta10000p0,ogbn-papers100M,FedAvg,32,42,10000.0,52,validation,0.1007,4.4932,0.1007,4.4932,156,0.10346436500549316,0.10346436500549316,0.5197217464447021,0.6231861114501953,33.55056071281433,0.5197217464447021,0.6231861114501953,33.55056071281433
nc_papers100m_195trainer_0hop_balanced_local_bs32_800r,20260914_194714_ogbn-papers100M_FedAvg_bs32_seed42_beta10000p0,ogbn-papers100M,FedAvg,32,42,10000.0,53,validation,0.1021,4.4834,0.1021,4.4834,159,0.10872507095336914,0.10872507095336914,0.522974967956543,0.6317000389099121,34.18226075172424,0.522974967956543,0.6317000389099121,34.18226075172424
nc_papers100m_195trainer_0hop_balanced_local_bs32_800r,20260914_194714_ogbn-papers100M_FedAvg_bs32_seed42_beta10000p0,ogbn-papers100M,FedAvg,32,42,10000.0,54,validation,0.1033,4.4725,0.1033,4.4725,162,0.10760235786437988,0.10760235786437988,0.5174691677093506,0.6250715255737305,34.807332277297974,0.5174691677093506,0.6250715255737305,34.807332277297974
nc_papers100m_195trainer_0hop_balanced_local_bs32_800r,20260914_194714_ogbn-papers100M_FedAvg_bs32_seed42_beta10000p0,ogbn-papers100M,FedAvg,32,42,10000.0,55,validation,0.1047,4.4624,0.1047,4.4624,165,0.10210466384887695,0.10210466384887695,0.5228495597839355,0.6249542236328125,35.432286500930786,0.5228495597839355,0.6249542236328125,35.432286500930786
nc_papers100m_195trainer_0hop_balanced_local_bs32_800r,20260914_194714_ogbn-papers100M_FedAvg_bs32_seed42_beta10000p0,ogbn-papers100M,FedAvg,32,42,10000.0,56,validation,0.1054,4.4519,0.1054,4.4519,168,0.10513424873352051,0.10513424873352051,0.5112917423248291,0.6164259910583496,36.048712491989136,0.5112917423248291,0.6164259910583496,36.048712491989136
nc_papers100m_195trainer_0hop_balanced_local_bs32_800r,20260914_194714_ogbn-papers100M_FedAvg_bs32_seed42_beta10000p0,ogbn-papers100M,FedAvg,32,42,10000.0,57,validation,0.1069,4.4419,0.1069,4.4419,171,0.10815215110778809,0.10815215110778809,0.5154514312744141,0.6236035823822021,36.67231607437134,0.5154514312744141,0.6236035823822021,36.67231607437134
nc_papers100m_195trainer_0hop_balanced_local_bs32_800r,20260914_194714_ogbn-papers100M_FedAvg_bs32_seed42_beta10000p0,ogbn-papers100M,FedAvg,32,42,10000.0,58,validation,0.108,4.4315,0.108,4.4315,174,0.10980606079101562,0.10980606079101562,0.514815092086792,0.6246211528778076,37.296937227249146,0.514815092086792,0.6246211528778076,37.296937227249146
nc_papers100m_195trainer_0hop_balanced_local_bs32_800r,20260914_194714_ogbn-papers100M_FedAvg_bs32_seed42_beta10000p0,ogbn-papers100M,FedAvg,32,42,10000.0,59,validation,0.1095,4.4211,0.1095,4.4211,177,0.10760331153869629,0.10760331153869629,0.5125470161437988,0.6201503276824951,37.91708755493164,0.5125470161437988,0.6201503276824951,37.91708755493164
nc_papers100m_195trainer_0hop_balanced_local_bs32_800r,20260914_194714_ogbn-papers100M_FedAvg_bs32_seed42_beta10000p0,ogbn-papers100M,FedAvg,32,42,10000.0,60,validation,0.1109,4.4111,0.1109,4.4111,180,0.1085050106048584,0.1085050106048584,0.5143334865570068,0.6228384971618652,38.539926052093506,0.5143334865570068,0.6228384971618652,38.539926052093506
nc_papers100m_195trainer_0hop_balanced_local_bs32_800r,20260914_194714_ogbn-papers100M_FedAvg_bs32_seed42_beta10000p0,ogbn-papers100M,FedAvg,32,42,10000.0,61,validation,0.1121,4.4009,0.1121,4.4009,183,0.10606241226196289,0.10606241226196289,0.5330069065093994,0.6390693187713623,39.17899537086487,0.5330069065093994,0.6390693187713623,39.17899537086487
nc_papers100m_195trainer_0hop_balanced_local_bs32_800r,20260914_194714_ogbn-papers100M_FedAvg_bs32_seed42_beta10000p0,ogbn-papers100M,FedAvg,32,42,10000.0,62,validation,0.1136,4.3915,0.1136,4.3915,186,0.10333871841430664,0.10333871841430664,0.5184516906738281,0.6217904090881348,39.800785779953,0.5184516906738281,0.6217904090881348,39.800785779953
nc_papers100m_195trainer_0hop_balanced_local_bs32_800r,20260914_194714_ogbn-papers100M_FedAvg_bs32_seed42_beta10000p0,ogbn-papers100M,FedAvg,32,42,10000.0,63,validation,0.115,4.3813,0.115,4.3813,189,0.10805654525756836,0.10805654525756836,0.5216054916381836,0.629662036895752,40.430447816848755,0.5216054916381836,0.629662036895752,40.430447816848755
nc_papers100m_195trainer_0hop_balanced_local_bs32_800r,20260914_194714_ogbn-papers100M_FedAvg_bs32_seed42_beta10000p0,ogbn-papers100M,FedAvg,32,42,10000.0,64,validation,0.1164,4.3722,0.1164,4.3722,192,0.10850405693054199,0.10850405693054199,0.5229432582855225,0.6314473152160645,41.06189513206482,0.5229432582855225,0.6314473152160645,41.06189513206482
nc_papers100m_195trainer_0hop_balanced_local_bs32_800r,20260914_194714_ogbn-papers100M_FedAvg_bs32_seed42_beta10000p0,ogbn-papers100M,FedAvg,32,42,10000.0,65,validation,0.1178,4.3626,0.1178,4.3626,195,0.11088776588439941,0.11088776588439941,0.518993616104126,0.6298813819885254,41.691776514053345,0.518993616104126,0.6298813819885254,41.691776514053345
nc_papers100m_195trainer_0hop_balanced_local_bs32_800r,20260914_194714_ogbn-papers100M_FedAvg_bs32_seed42_beta10000p0,ogbn-papers100M,FedAvg,32,42,10000.0,66,validation,0.119,4.3529,0.119,4.3529,198,0.10696530342102051,0.10696530342102051,0.5238256454467773,0.6307909488677979,42.32256746292114,0.5238256454467773,0.6307909488677979,42.32256746292114
nc_papers100m_195trainer_0hop_balanced_local_bs32_800r,20260914_194714_ogbn-papers100M_FedAvg_bs32_seed42_beta10000p0,ogbn-papers100M,FedAvg,32,42,10000.0,67,validation,0.1207,4.3439,0.1207,4.3439,201,0.10289955139160156,0.10289955139160156,0.527571439743042,0.6304709911346436,42.953038454055786,0.527571439743042,0.6304709911346436,42.953038454055786
nc_papers100m_195trainer_0hop_balanced_local_bs32_800r,20260914_194714_ogbn-papers100M_FedAvg_bs32_seed42_beta10000p0,ogbn-papers100M,FedAvg,32,42,10000.0,68,validation,0.122,4.3349,0.122,4.3349,204,0.10311675071716309,0.10311675071716309,0.512629508972168,0.615746259689331,43.56878471374512,0.512629508972168,0.615746259689331,43.56878471374512
nc_papers100m_195trainer_0hop_balanced_local_bs32_800r,20260914_194714_ogbn-papers100M_FedAvg_bs32_seed42_beta10000p0,ogbn-papers100M,FedAvg,32,42,10000.0,69,validation,0.1233,4.3257,0.1233,4.3257,207,0.10697102546691895,0.10697102546691895,0.5246400833129883,0.6316111087799072,44.200395822525024,0.5246400833129883,0.6316111087799072,44.200395822525024
nc_papers100m_195trainer_0hop_balanced_local_bs32_800r,20260914_194714_ogbn-papers100M_FedAvg_bs32_seed42_beta10000p0,ogbn-papers100M,FedAvg,32,42,10000.0,70,validation,0.1242,4.3164,0.1242,4.3164,210,0.10923624038696289,0.10923624038696289,0.5225913524627686,0.6318275928497314,44.832223415374756,0.5225913524627686,0.6318275928497314,44.832223415374756
nc_papers100m_195trainer_0hop_balanced_local_bs32_800r,20260914_194714_ogbn-papers100M_FedAvg_bs32_seed42_beta10000p0,ogbn-papers100M,FedAvg,32,42,10000.0,71,validation,0.1252,4.3075,0.1252,4.3075,213,0.10803794860839844,0.10803794860839844,0.5477402210235596,0.655778169631958,45.488001585006714,0.5477402210235596,0.655778169631958,45.488001585006714
nc_papers100m_195trainer_0hop_balanced_local_bs32_800r,20260914_194714_ogbn-papers100M_FedAvg_bs32_seed42_beta10000p0,ogbn-papers100M,FedAvg,32,42,10000.0,72,validation,0.1269,4.2986,0.1269,4.2986,216,0.10417675971984863,0.10417675971984863,0.5154192447662354,0.619596004486084,46.1075975894928,0.5154192447662354,0.619596004486084,46.1075975894928
nc_papers100m_195trainer_0hop_balanced_local_bs32_800r,20260914_194714_ogbn-papers100M_FedAvg_bs32_seed42_beta10000p0,ogbn-papers100M,FedAvg,32,42,10000.0,73,validation,0.1281,4.2899,0.1281,4.2899,219,0.10353422164916992,0.10353422164916992,0.5263607501983643,0.6298949718475342,46.73749256134033,0.5263607501983643,0.6298949718475342,46.73749256134033
nc_papers100m_195trainer_0hop_balanced_local_bs32_800r,20260914_194714_ogbn-papers100M_FedAvg_bs32_seed42_beta10000p0,ogbn-papers100M,FedAvg,32,42,10000.0,74,validation,0.1293,4.2819,0.1293,4.2819,222,0.10340452194213867,0.10340452194213867,0.5220417976379395,0.6254463195800781,47.36293888092041,0.5220417976379395,0.6254463195800781,47.36293888092041
nc_papers100m_195trainer_0hop_balanced_local_bs32_800r,20260914_194714_ogbn-papers100M_FedAvg_bs32_seed42_beta10000p0,ogbn-papers100M,FedAvg,32,42,10000.0,75,validation,0.1302,4.2734,0.1302,4.2734,225,0.10942339897155762,0.10942339897155762,0.5199038982391357,0.6293272972106934,47.9922661781311,0.5199038982391357,0.6293272972106934,47.9922661781311
nc_papers100m_195trainer_0hop_balanced_local_bs32_800r,20260914_194714_ogbn-papers100M_FedAvg_bs32_seed42_beta10000p0,ogbn-papers100M,FedAvg,32,42,10000.0,76,validation,0.1317,4.265,0.1317,4.265,228,0.11723065376281738,0.11723065376281738,0.5188665390014648,0.6360971927642822,48.628363370895386,0.5188665390014648,0.6360971927642822,48.628363370895386
nc_papers100m_195trainer_0hop_balanced_local_bs32_800r,20260914_194714_ogbn-papers100M_FedAvg_bs32_seed42_beta10000p0,ogbn-papers100M,FedAvg,32,42,10000.0,77,validation,0.133,4.2562,0.133,4.2562,231,0.10616898536682129,0.10616898536682129,0.518974781036377,0.6251437664031982,49.253507137298584,0.518974781036377,0.6251437664031982,49.253507137298584
nc_papers100m_195trainer_0hop_balanced_local_bs32_800r,20260914_194714_ogbn-papers100M_FedAvg_bs32_seed42_beta10000p0,ogbn-papers100M,FedAvg,32,42,10000.0,78,validation,0.1344,4.2474,0.1344,4.2474,234,0.10685205459594727,0.10685205459594727,0.5112588405609131,0.6181108951568604,49.871618032455444,0.5112588405609131,0.6181108951568604,49.871618032455444
nc_papers100m_195trainer_0hop_balanced_local_bs32_800r,20260914_194714_ogbn-papers100M_FedAvg_bs32_seed42_beta10000p0,ogbn-papers100M,FedAvg,32,42,10000.0,79,validation,0.1355,4.2395,0.1355,4.2395,237,0.1056208610534668,0.1056208610534668,0.5187230110168457,0.6243438720703125,50.49596190452576,0.5187230110168457,0.6243438720703125,50.49596190452576
nc_papers100m_195trainer_0hop_balanced_local_bs32_800r,20260914_194714_ogbn-papers100M_FedAvg_bs32_seed42_beta10000p0,ogbn-papers100M,FedAvg,32,42,10000.0,80,validation,0.1372,4.2312,0.1372,4.2312,240,0.11006450653076172,0.11006450653076172,0.5173351764678955,0.6273996829986572,51.123361587524414,0.5173351764678955,0.6273996829986572,51.123361587524414
nc_papers100m_195trainer_0hop_balanced_local_bs32_800r,20260914_194714_ogbn-papers100M_FedAvg_bs32_seed42_beta10000p0,ogbn-papers100M,FedAvg,32,42,10000.0,81,validation,0.1379,4.2236,0.1379,4.2236,243,0.11204886436462402,0.11204886436462402,0.521324872970581,0.6333737373352051,51.75673532485962,0.521324872970581,0.6333737373352051,51.75673532485962
nc_papers100m_195trainer_0hop_balanced_local_bs32_800r,20260914_194714_ogbn-papers100M_FedAvg_bs32_seed42_beta10000p0,ogbn-papers100M,FedAvg,32,42,10000.0,82,validation,0.1391,4.2159,0.1391,4.2159,246,0.113128662109375,0.113128662109375,0.511641263961792,0.624769926071167,52.381505250930786,0.511641263961792,0.624769926071167,52.381505250930786
nc_papers100m_195trainer_0hop_balanced_local_bs32_800r,20260914_194714_ogbn-papers100M_FedAvg_bs32_seed42_beta10000p0,ogbn-papers100M,FedAvg,32,42,10000.0,83,validation,0.1402,4.2085,0.1402,4.2085,249,0.10610389709472656,0.10610389709472656,0.5229933261871338,0.6290972232818604,53.01060247421265,0.5229933261871338,0.6290972232818604,53.01060247421265
nc_papers100m_195trainer_0hop_balanced_local_bs32_800r,20260914_194714_ogbn-papers100M_FedAvg_bs32_seed42_beta10000p0,ogbn-papers100M,FedAvg,32,42,10000.0,84,validation,0.1415,4.2006,0.1415,4.2006,252,0.10509085655212402,0.10509085655212402,0.5236828327178955,0.6287736892700195,53.639376163482666,0.5236828327178955,0.6287736892700195,53.639376163482666
nc_papers100m_195trainer_0hop_balanced_local_bs32_800r,20260914_194714_ogbn-papers100M_FedAvg_bs32_seed42_beta10000p0,ogbn-papers100M,FedAvg,32,42,10000.0,85,validation,0.1424,4.1926,0.1424,4.1926,255,0.10522723197937012,0.10522723197937012,0.5263652801513672,0.6315925121307373,54.2709686756134,0.5263652801513672,0.6315925121307373,54.2709686756134
nc_papers100m_195trainer_0hop_balanced_local_bs32_800r,20260914_194714_ogbn-papers100M_FedAvg_bs32_seed42_beta10000p0,ogbn-papers100M,FedAvg,32,42,10000.0,86,validation,0.1431,4.1855,0.1431,4.1855,258,0.10950541496276855,0.10950541496276855,0.5169894695281982,0.6264948844909668,54.89746356010437,0.5169894695281982,0.6264948844909668,54.89746356010437
nc_papers100m_195trainer_0hop_balanced_local_bs32_800r,20260914_194714_ogbn-papers100M_FedAvg_bs32_seed42_beta10000p0,ogbn-papers100M,FedAvg,32,42,10000.0,87,validation,0.1445,4.1775,0.1445,4.1775,261,0.11151289939880371,0.11151289939880371,0.5197277069091797,0.6312406063079834,55.52870416641235,0.5197277069091797,0.6312406063079834,55.52870416641235
nc_papers100m_195trainer_0hop_balanced_local_bs32_800r,20260914_194714_ogbn-papers100M_FedAvg_bs32_seed42_beta10000p0,ogbn-papers100M,FedAvg,32,42,10000.0,88,validation,0.1456,4.17,0.1456,4.17,264,0.10577797889709473,0.10577797889709473,0.5204906463623047,0.6262686252593994,56.15497279167175,0.5204906463623047,0.6262686252593994,56.15497279167175
nc_papers100m_195trainer_0hop_balanced_local_bs32_800r,20260914_194714_ogbn-papers100M_FedAvg_bs32_seed42_beta10000p0,ogbn-papers100M,FedAvg,32,42,10000.0,89,validation,0.1465,4.1624,0.1465,4.1624,267,0.10591387748718262,0.10591387748718262,0.5239017009735107,0.6298155784606934,56.784788370132446,0.5239017009735107,0.6298155784606934,56.784788370132446
nc_papers100m_195trainer_0hop_balanced_local_bs32_800r,20260914_194714_ogbn-papers100M_FedAvg_bs32_seed42_beta10000p0,ogbn-papers100M,FedAvg,32,42,10000.0,90,validation,0.1476,4.1546,0.1476,4.1546,270,0.10312271118164062,0.10312271118164062,0.5124180316925049,0.6155407428741455,57.40032911300659,0.5124180316925049,0.6155407428741455,57.40032911300659
nc_papers100m_195trainer_0hop_balanced_local_bs32_800r,20260914_194714_ogbn-papers100M_FedAvg_bs32_seed42_beta10000p0,ogbn-papers100M,FedAvg,32,42,10000.0,91,validation,0.1487,4.1471,0.1487,4.1471,273,0.10679864883422852,0.10679864883422852,0.5145282745361328,0.6213269233703613,58.02165603637695,0.5145282745361328,0.6213269233703613,58.02165603637695
nc_papers100m_195trainer_0hop_balanced_local_bs32_800r,20260914_194714_ogbn-papers100M_FedAvg_bs32_seed42_beta10000p0,ogbn-papers100M,FedAvg,32,42,10000.0,92,validation,0.15,4.1396,0.15,4.1396,276,0.1087501049041748,0.1087501049041748,0.5695676803588867,0.6783177852630615,58.699973821640015,0.5695676803588867,0.6783177852630615,58.699973821640015
nc_papers100m_195trainer_0hop_balanced_local_bs32_800r,20260914_194714_ogbn-papers100M_FedAvg_bs32_seed42_beta10000p0,ogbn-papers100M,FedAvg,32,42,10000.0,93,validation,0.1513,4.1325,0.1513,4.1325,279,0.10532093048095703,0.10532093048095703,0.5117881298065186,0.6171090602874756,59.31708288192749,0.5117881298065186,0.6171090602874756,59.31708288192749
nc_papers100m_195trainer_0hop_balanced_local_bs32_800r,20260914_194714_ogbn-papers100M_FedAvg_bs32_seed42_beta10000p0,ogbn-papers100M,FedAvg,32,42,10000.0,94,validation,0.1524,4.1251,0.1524,4.1251,282,0.10354351997375488,0.10354351997375488,0.5183773040771484,0.6219208240509033,59.939003705978394,0.5183773040771484,0.6219208240509033,59.939003705978394
nc_papers100m_195trainer_0hop_balanced_local_bs32_800r,20260914_194714_ogbn-papers100M_FedAvg_bs32_seed42_beta10000p0,ogbn-papers100M,FedAvg,32,42,10000.0,95,validation,0.1533,4.1181,0.1533,4.1181,285,0.10709762573242188,0.10709762573242188,0.5175836086273193,0.6246812343597412,60.563684940338135,0.5175836086273193,0.6246812343597412,60.563684940338135
nc_papers100m_195trainer_0hop_balanced_local_bs32_800r,20260914_194714_ogbn-papers100M_FedAvg_bs32_seed42_beta10000p0,ogbn-papers100M,FedAvg,32,42,10000.0,96,validation,0.1544,4.1107,0.1544,4.1107,288,0.10576653480529785,0.10576653480529785,0.5144429206848145,0.6202094554901123,61.18389439582825,0.5144429206848145,0.6202094554901123,61.18389439582825
nc_papers100m_195trainer_0hop_balanced_local_bs32_800r,20260914_194714_ogbn-papers100M_FedAvg_bs32_seed42_beta10000p0,ogbn-papers100M,FedAvg,32,42,10000.0,97,validation,0.1552,4.104,0.1552,4.104,291,0.11080217361450195,0.11080217361450195,0.5126340389251709,0.6234362125396729,61.80733060836792,0.5126340389251709,0.6234362125396729,61.80733060836792
nc_papers100m_195trainer_0hop_balanced_local_bs32_800r,20260914_194714_ogbn-papers100M_FedAvg_bs32_seed42_beta10000p0,ogbn-papers100M,FedAvg,32,42,10000.0,98,validation,0.1564,4.0976,0.1564,4.0976,294,0.11104726791381836,0.11104726791381836,0.5201244354248047,0.631171703338623,62.43850231170654,0.5201244354248047,0.631171703338623,62.43850231170654
nc_papers100m_195trainer_0hop_balanced_local_bs32_800r,20260914_194714_ogbn-papers100M_FedAvg_bs32_seed42_beta10000p0,ogbn-papers100M,FedAvg,32,42,10000.0,99,validation,0.1571,4.0901,0.1571,4.0901,297,0.10550403594970703,0.10550403594970703,0.5308890342712402,0.6363930702209473,63.07489538192749,0.5308890342712402,0.6363930702209473,63.07489538192749
nc_papers100m_195trainer_0hop_balanced_local_bs32_800r,20260914_194714_ogbn-papers100M_FedAvg_bs32_seed42_beta10000p0,ogbn-papers100M,FedAvg,32,42,10000.0,100,validation,0.1581,4.0835,0.1581,4.0835,300,0.10448813438415527,0.10448813438415527,0.5398898124694824,0.6443779468536377,63.71927332878113,0.5398898124694824,0.6443779468536377,63.71927332878113
nc_papers100m_195trainer_0hop_balanced_local_bs32_800r,20260914_194714_ogbn-papers100M_FedAvg_bs32_seed42_beta10000p0,ogbn-papers100M,FedAvg,32,42,10000.0,101,validation,0.1593,4.0769,0.1593,4.0769,303,0.10293698310852051,0.10293698310852051,0.5281233787536621,0.6310603618621826,64.35033369064331,0.5281233787536621,0.6310603618621826,64.35033369064331
nc_papers100m_195trainer_0hop_balanced_local_bs32_800r,20260914_194714_ogbn-papers100M_FedAvg_bs32_seed42_beta10000p0,ogbn-papers100M,FedAvg,32,42,10000.0,102,validation,0.1606,4.0701,0.1606,4.0701,306,0.10787129402160645,0.10787129402160645,0.5351734161376953,0.6430447101593018,64.99337840080261,0.5351734161376953,0.6430447101593018,64.99337840080261
nc_papers100m_195trainer_0hop_balanced_local_bs32_800r,20260914_194714_ogbn-papers100M_FedAvg_bs32_seed42_beta10000p0,ogbn-papers100M,FedAvg,32,42,10000.0,103,validation,0.1616,4.0637,0.1616,4.0637,309,0.10832452774047852,0.10832452774047852,0.6806917190551758,0.7890162467956543,65.78239464759827,0.6806917190551758,0.7890162467956543,65.78239464759827
nc_papers100m_195trainer_0hop_balanced_local_bs32_800r,20260914_194714_ogbn-papers100M_FedAvg_bs32_seed42_beta10000p0,ogbn-papers100M,FedAvg,32,42,10000.0,104,validation,0.163,4.057,0.163,4.057,312,0.10410952568054199,0.10410952568054199,0.5288248062133789,0.6329343318939209,66.41532897949219,0.5288248062133789,0.6329343318939209,66.41532897949219
nc_papers100m_195trainer_0hop_balanced_local_bs32_800r,20260914_194714_ogbn-papers100M_FedAvg_bs32_seed42_beta10000p0,ogbn-papers100M,FedAvg,32,42,10000.0,105,validation,0.1638,4.0506,0.1638,4.0506,315,0.10543346405029297,0.10543346405029297,0.5253539085388184,0.6307873725891113,67.0461163520813,0.5253539085388184,0.6307873725891113,67.0461163520813
nc_papers100m_195trainer_0hop_balanced_local_bs32_800r,20260914_194714_ogbn-papers100M_FedAvg_bs32_seed42_beta10000p0,ogbn-papers100M,FedAvg,32,42,10000.0,106,validation,0.1648,4.0445,0.1648,4.0445,318,0.1040034294128418,0.1040034294128418,0.5247700214385986,0.6287734508514404,67.67488980293274,0.5247700214385986,0.6287734508514404,67.67488980293274
nc_papers100m_195trainer_0hop_balanced_local_bs32_800r,20260914_194714_ogbn-papers100M_FedAvg_bs32_seed42_beta10000p0,ogbn-papers100M,FedAvg,32,42,10000.0,107,validation,0.1658,4.0376,0.1658,4.0376,321,0.10765409469604492,0.10765409469604492,0.5190660953521729,0.6267201900482178,68.30160999298096,0.5190660953521729,0.6267201900482178,68.30160999298096
nc_papers100m_195trainer_0hop_balanced_local_bs32_800r,20260914_194714_ogbn-papers100M_FedAvg_bs32_seed42_beta10000p0,ogbn-papers100M,FedAvg,32,42,10000.0,108,validation,0.1664,4.0311,0.1664,4.0311,324,0.10736584663391113,0.10736584663391113,0.5194423198699951,0.6268081665039062,68.92841815948486,0.5194423198699951,0.6268081665039062,68.92841815948486
nc_papers100m_195trainer_0hop_balanced_local_bs32_800r,20260914_194714_ogbn-papers100M_FedAvg_bs32_seed42_beta10000p0,ogbn-papers100M,FedAvg,32,42,10000.0,109,validation,0.1674,4.025,0.1674,4.025,327,0.10402107238769531,0.10402107238769531,0.5215699672698975,0.6255910396575928,69.55400919914246,0.5215699672698975,0.6255910396575928,69.55400919914246
nc_papers100m_195trainer_0hop_balanced_local_bs32_800r,20260914_194714_ogbn-papers100M_FedAvg_bs32_seed42_beta10000p0,ogbn-papers100M,FedAvg,32,42,10000.0,110,validation,0.168,4.0184,0.168,4.0184,330,0.10252261161804199,0.10252261161804199,0.5221047401428223,0.6246273517608643,70.17863655090332,0.5221047401428223,0.6246273517608643,70.17863655090332
nc_papers100m_195trainer_0hop_balanced_local_bs32_800r,20260914_194714_ogbn-papers100M_FedAvg_bs32_seed42_beta10000p0,ogbn-papers100M,FedAvg,32,42,10000.0,111,validation,0.1689,4.0132,0.1689,4.0132,333,0.1056971549987793,0.1056971549987793,0.5201578140258789,0.6258549690246582,70.80449151992798,0.5201578140258789,0.6258549690246582,70.80449151992798
nc_papers100m_195trainer_0hop_balanced_local_bs32_800r,20260914_194714_ogbn-papers100M_FedAvg_bs32_seed42_beta10000p0,ogbn-papers100M,FedAvg,32,42,10000.0,112,validation,0.1695,4.0073,0.1695,4.0073,336,0.10506319999694824,0.10506319999694824,0.5132298469543457,0.618293046951294,71.42278456687927,0.5132298469543457,0.618293046951294,71.42278456687927
nc_papers100m_195trainer_0hop_balanced_local_bs32_800r,20260914_194714_ogbn-papers100M_FedAvg_bs32_seed42_beta10000p0,ogbn-papers100M,FedAvg,32,42,10000.0,113,validation,0.1699,4.0014,0.1699,4.0014,339,0.10978364944458008,0.10978364944458008,0.524552583694458,0.6343362331390381,72.05712080001831,0.524552583694458,0.6343362331390381,72.05712080001831
nc_papers100m_195trainer_0hop_balanced_local_bs32_800r,20260914_194714_ogbn-papers100M_FedAvg_bs32_seed42_beta10000p0,ogbn-papers100M,FedAvg,32,42,10000.0,114,validation,0.1711,3.996,0.1711,3.996,342,0.1085515022277832,0.1085515022277832,0.513953447341919,0.6225049495697021,72.67962574958801,0.513953447341919,0.6225049495697021,72.67962574958801
nc_papers100m_195trainer_0hop_balanced_local_bs32_800r,20260914_194714_ogbn-papers100M_FedAvg_bs32_seed42_beta10000p0,ogbn-papers100M,FedAvg,32,42,10000.0,115,validation,0.1723,3.9897,0.1723,3.9897,345,0.10419154167175293,0.10419154167175293,0.5113630294799805,0.6155545711517334,73.29518032073975,0.5113630294799805,0.6155545711517334,73.29518032073975
nc_papers100m_195trainer_0hop_balanced_local_bs32_800r,20260914_194714_ogbn-papers100M_FedAvg_bs32_seed42_beta10000p0,ogbn-papers100M,FedAvg,32,42,10000.0,116,validation,0.1734,3.984,0.1734,3.984,348,0.10246491432189941,0.10246491432189941,0.5051209926605225,0.6075859069824219,73.90276622772217,0.5051209926605225,0.6075859069824219,73.90276622772217
nc_papers100m_195trainer_0hop_balanced_local_bs32_800r,20260914_194714_ogbn-papers100M_FedAvg_bs32_seed42_beta10000p0,ogbn-papers100M,FedAvg,32,42,10000.0,117,validation,0.1742,3.9783,0.1742,3.9783,351,0.10410571098327637,0.10410571098327637,0.5144326686859131,0.6185383796691895,74.52130460739136,0.5144326686859131,0.6185383796691895,74.52130460739136
nc_papers100m_195trainer_0hop_balanced_local_bs32_800r,20260914_194714_ogbn-papers100M_FedAvg_bs32_seed42_beta10000p0,ogbn-papers100M,FedAvg,32,42,10000.0,118,validation,0.175,3.9729,0.175,3.9729,354,0.1087331771850586,0.1087331771850586,0.519202470779419,0.6279356479644775,75.14924025535583,0.519202470779419,0.6279356479644775,75.14924025535583
nc_papers100m_195trainer_0hop_balanced_local_bs32_800r,20260914_194714_ogbn-papers100M_FedAvg_bs32_seed42_beta10000p0,ogbn-papers100M,FedAvg,32,42,10000.0,119,validation,0.1754,3.9675,0.1754,3.9675,357,0.1086735725402832,0.1086735725402832,0.5248634815216064,0.6335370540618896,75.78277730941772,0.5248634815216064,0.6335370540618896,75.78277730941772
nc_papers100m_195trainer_0hop_balanced_local_bs32_800r,20260914_194714_ogbn-papers100M_FedAvg_bs32_seed42_beta10000p0,ogbn-papers100M,FedAvg,32,42,10000.0,120,validation,0.1764,3.962,0.1764,3.962,360,0.1051340103149414,0.1051340103149414,0.5253276824951172,0.6304616928100586,76.41323900222778,0.5253276824951172,0.6304616928100586,76.41323900222778
nc_papers100m_195trainer_0hop_balanced_local_bs32_800r,20260914_194714_ogbn-papers100M_FedAvg_bs32_seed42_beta10000p0,ogbn-papers100M,FedAvg,32,42,10000.0,121,validation,0.1769,3.9568,0.1769,3.9568,363,0.10629963874816895,0.10629963874816895,0.5274703502655029,0.6337699890136719,77.04700899124146,0.5274703502655029,0.6337699890136719,77.04700899124146
nc_papers100m_195trainer_0hop_balanced_local_bs32_800r,20260914_194714_ogbn-papers100M_FedAvg_bs32_seed42_beta10000p0,ogbn-papers100M,FedAvg,32,42,10000.0,122,validation,0.178,3.9507,0.178,3.9507,366,0.10230350494384766,0.10230350494384766,0.5282440185546875,0.6305475234985352,77.67755651473999,0.5282440185546875,0.6305475234985352,77.67755651473999
nc_papers100m_195trainer_0hop_balanced_local_bs32_800r,20260914_194714_ogbn-papers100M_FedAvg_bs32_seed42_beta10000p0,ogbn-papers100M,FedAvg,32,42,10000.0,123,validation,0.1787,3.945,0.1787,3.945,369,0.10422706604003906,0.10422706604003906,0.5434277057647705,0.6476547718048096,78.3252112865448,0.5434277057647705,0.6476547718048096,78.3252112865448
nc_papers100m_195trainer_0hop_balanced_local_bs32_800r,20260914_194714_ogbn-papers100M_FedAvg_bs32_seed42_beta10000p0,ogbn-papers100M,FedAvg,32,42,10000.0,124,validation,0.1797,3.94,0.1797,3.94,372,0.10649991035461426,0.10649991035461426,0.5351612567901611,0.6416611671447754,78.96687245368958,0.5351612567901611,0.6416611671447754,78.96687245368958
nc_papers100m_195trainer_0hop_balanced_local_bs32_800r,20260914_194714_ogbn-papers100M_FedAvg_bs32_seed42_beta10000p0,ogbn-papers100M,FedAvg,32,42,10000.0,125,validation,0.1808,3.9345,0.1808,3.9345,375,0.10561394691467285,0.10561394691467285,0.5339827537536621,0.639596700668335,79.60646915435791,0.5339827537536621,0.639596700668335,79.60646915435791
nc_papers100m_195trainer_0hop_balanced_local_bs32_800r,20260914_194714_ogbn-papers100M_FedAvg_bs32_seed42_beta10000p0,ogbn-papers100M,FedAvg,32,42,10000.0,126,validation,0.1816,3.9289,0.1816,3.9289,378,0.10865902900695801,0.10865902900695801,0.5319685935974121,0.6406276226043701,80.24709677696228,0.5319685935974121,0.6406276226043701,80.24709677696228
nc_papers100m_195trainer_0hop_balanced_local_bs32_800r,20260914_194714_ogbn-papers100M_FedAvg_bs32_seed42_beta10000p0,ogbn-papers100M,FedAvg,32,42,10000.0,127,validation,0.1821,3.9235,0.1821,3.9235,381,0.10471200942993164,0.10471200942993164,0.5384523868560791,0.6431643962860107,80.89026117324829,0.5384523868560791,0.6431643962860107,80.89026117324829
nc_papers100m_195trainer_0hop_balanced_local_bs32_800r,20260914_194714_ogbn-papers100M_FedAvg_bs32_seed42_beta10000p0,ogbn-papers100M,FedAvg,32,42,10000.0,128,validation,0.1829,3.9189,0.1829,3.9189,384,0.10484147071838379,0.10484147071838379,0.5396301746368408,0.6444716453552246,81.53473281860352,0.5396301746368408,0.6444716453552246,81.53473281860352
nc_papers100m_195trainer_0hop_balanced_local_bs32_800r,20260914_194714_ogbn-papers100M_FedAvg_bs32_seed42_beta10000p0,ogbn-papers100M,FedAvg,32,42,10000.0,129,validation,0.184,3.9134,0.184,3.9134,387,0.10722637176513672,0.10722637176513672,0.52583909034729,0.6330654621124268,82.16779828071594,0.52583909034729,0.6330654621124268,82.16779828071594
nc_papers100m_195trainer_0hop_balanced_local_bs32_800r,20260914_194714_ogbn-papers100M_FedAvg_bs32_seed42_beta10000p0,ogbn-papers100M,FedAvg,32,42,10000.0,130,validation,0.1843,3.9085,0.1843,3.9085,390,0.10722112655639648,0.10722112655639648,0.5158271789550781,0.6230483055114746,82.79084658622742,0.5158271789550781,0.6230483055114746,82.79084658622742
nc_papers100m_195trainer_0hop_balanced_local_bs32_800r,20260914_194714_ogbn-papers100M_FedAvg_bs32_seed42_beta10000p0,ogbn-papers100M,FedAvg,32,42,10000.0,131,validation,0.1852,3.9033,0.1852,3.9033,393,0.11060738563537598,0.11060738563537598,0.5237319469451904,0.6343393325805664,83.42518591880798,0.5237319469451904,0.6343393325805664,83.42518591880798
nc_papers100m_195trainer_0hop_balanced_local_bs32_800r,20260914_194714_ogbn-papers100M_FedAvg_bs32_seed42_beta10000p0,ogbn-papers100M,FedAvg,32,42,10000.0,132,validation,0.1862,3.8984,0.1862,3.8984,396,0.10328388214111328,0.10328388214111328,0.518812894821167,0.6220967769622803,84.04728269577026,0.518812894821167,0.6220967769622803,84.04728269577026
nc_papers100m_195trainer_0hop_balanced_local_bs32_800r,20260914_194714_ogbn-papers100M_FedAvg_bs32_seed42_beta10000p0,ogbn-papers100M,FedAvg,32,42,10000.0,133,validation,0.1868,3.894,0.1868,3.894,399,0.10318398475646973,0.10318398475646973,0.5216379165649414,0.6248219013214111,84.67210459709167,0.5216379165649414,0.6248219013214111,84.67210459709167
nc_papers100m_195trainer_0hop_balanced_local_bs32_800r,20260914_194714_ogbn-papers100M_FedAvg_bs32_seed42_beta10000p0,ogbn-papers100M,FedAvg,32,42,10000.0,134,validation,0.1876,3.889,0.1876,3.889,402,0.10718965530395508,0.10718965530395508,0.5105578899383545,0.6177475452423096,85.28985214233398,0.5105578899383545,0.6177475452423096,85.28985214233398
nc_papers100m_195trainer_0hop_balanced_local_bs32_800r,20260914_194714_ogbn-papers100M_FedAvg_bs32_seed42_beta10000p0,ogbn-papers100M,FedAvg,32,42,10000.0,135,validation,0.1885,3.8837,0.1885,3.8837,405,0.10819435119628906,0.10819435119628906,0.5133342742919922,0.6215286254882812,85.91138076782227,0.5133342742919922,0.6215286254882812,85.91138076782227
nc_papers100m_195trainer_0hop_balanced_local_bs32_800r,20260914_194714_ogbn-papers100M_FedAvg_bs32_seed42_beta10000p0,ogbn-papers100M,FedAvg,32,42,10000.0,136,validation,0.1894,3.8791,0.1894,3.8791,408,0.11310696601867676,0.11310696601867676,0.5092527866363525,0.6223597526550293,86.5337405204773,0.5092527866363525,0.6223597526550293,86.5337405204773
nc_papers100m_195trainer_0hop_balanced_local_bs32_800r,20260914_194714_ogbn-papers100M_FedAvg_bs32_seed42_beta10000p0,ogbn-papers100M,FedAvg,32,42,10000.0,137,validation,0.1897,3.8745,0.1897,3.8745,411,0.10977888107299805,0.10977888107299805,0.5124428272247314,0.6222217082977295,87.15596222877502,0.5124428272247314,0.6222217082977295,87.15596222877502
nc_papers100m_195trainer_0hop_balanced_local_bs32_800r,20260914_194714_ogbn-papers100M_FedAvg_bs32_seed42_beta10000p0,ogbn-papers100M,FedAvg,32,42,10000.0,138,validation,0.1902,3.8706,0.1902,3.8706,414,0.10637354850769043,0.10637354850769043,0.5208284854888916,0.627202033996582,87.7831642627716,0.5208284854888916,0.627202033996582,87.7831642627716
nc_papers100m_195trainer_0hop_balanced_local_bs32_800r,20260914_194714_ogbn-papers100M_FedAvg_bs32_seed42_beta10000p0,ogbn-papers100M,FedAvg,32,42,10000.0,139,validation,0.191,3.866,0.191,3.866,417,0.10355901718139648,0.10355901718139648,0.5211496353149414,0.6247086524963379,88.40787291526794,0.5211496353149414,0.6247086524963379,88.40787291526794
nc_papers100m_195trainer_0hop_balanced_local_bs32_800r,20260914_194714_ogbn-papers100M_FedAvg_bs32_seed42_beta10000p0,ogbn-papers100M,FedAvg,32,42,10000.0,140,validation,0.1917,3.8611,0.1917,3.8611,420,0.10987734794616699,0.10987734794616699,0.5226428508758545,0.6325201988220215,89.04039311408997,0.5226428508758545,0.6325201988220215,89.04039311408997
nc_papers100m_195trainer_0hop_balanced_local_bs32_800r,20260914_194714_ogbn-papers100M_FedAvg_bs32_seed42_beta10000p0,ogbn-papers100M,FedAvg,32,42,10000.0,141,validation,0.1924,3.8569,0.1924,3.8569,423,0.10866928100585938,0.10866928100585938,0.5301055908203125,0.6387748718261719,89.67916798591614,0.5301055908203125,0.6387748718261719,89.67916798591614
nc_papers100m_195trainer_0hop_balanced_local_bs32_800r,20260914_194714_ogbn-papers100M_FedAvg_bs32_seed42_beta10000p0,ogbn-papers100M,FedAvg,32,42,10000.0,142,validation,0.1928,3.8519,0.1928,3.8519,426,0.11489391326904297,0.11489391326904297,0.526512622833252,0.6414065361022949,90.32057452201843,0.526512622833252,0.6414065361022949,90.32057452201843
nc_papers100m_195trainer_0hop_balanced_local_bs32_800r,20260914_194714_ogbn-papers100M_FedAvg_bs32_seed42_beta10000p0,ogbn-papers100M,FedAvg,32,42,10000.0,143,validation,0.193,3.8474,0.193,3.8474,429,0.10375142097473145,0.10375142097473145,0.5232772827148438,0.6270287036895752,90.94760322570801,0.5232772827148438,0.6270287036895752,90.94760322570801
nc_papers100m_195trainer_0hop_balanced_local_bs32_800r,20260914_194714_ogbn-papers100M_FedAvg_bs32_seed42_beta10000p0,ogbn-papers100M,FedAvg,32,42,10000.0,144,validation,0.1939,3.8428,0.1939,3.8428,432,0.10398530960083008,0.10398530960083008,0.5640034675598145,0.6679887771606445,91.61559200286865,0.5640034675598145,0.6679887771606445,91.61559200286865
nc_papers100m_195trainer_0hop_balanced_local_bs32_800r,20260914_194714_ogbn-papers100M_FedAvg_bs32_seed42_beta10000p0,ogbn-papers100M,FedAvg,32,42,10000.0,145,validation,0.1945,3.8387,0.1945,3.8387,435,0.10375094413757324,0.10375094413757324,0.51668381690979,0.6204347610473633,92.23602676391602,0.51668381690979,0.6204347610473633,92.23602676391602
nc_papers100m_195trainer_0hop_balanced_local_bs32_800r,20260914_194714_ogbn-papers100M_FedAvg_bs32_seed42_beta10000p0,ogbn-papers100M,FedAvg,32,42,10000.0,146,validation,0.195,3.8346,0.195,3.8346,438,0.1053164005279541,0.1053164005279541,0.5224061012268066,0.6277225017547607,92.86374926567078,0.5224061012268066,0.6277225017547607,92.86374926567078
nc_papers100m_195trainer_0hop_balanced_local_bs32_800r,20260914_194714_ogbn-papers100M_FedAvg_bs32_seed42_beta10000p0,ogbn-papers100M,FedAvg,32,42,10000.0,147,validation,0.1956,3.8304,0.1956,3.8304,441,0.10834217071533203,0.10834217071533203,0.5171148777008057,0.6254570484161377,93.48920631408691,0.5171148777008057,0.6254570484161377,93.48920631408691
nc_papers100m_195trainer_0hop_balanced_local_bs32_800r,20260914_194714_ogbn-papers100M_FedAvg_bs32_seed42_beta10000p0,ogbn-papers100M,FedAvg,32,42,10000.0,148,validation,0.1964,3.8264,0.1964,3.8264,444,0.10699939727783203,0.10699939727783203,0.513779878616333,0.620779275894165,94.10998558998108,0.513779878616333,0.620779275894165,94.10998558998108
nc_papers100m_195trainer_0hop_balanced_local_bs32_800r,20260914_194714_ogbn-papers100M_FedAvg_bs32_seed42_beta10000p0,ogbn-papers100M,FedAvg,32,42,10000.0,149,validation,0.1969,3.8221,0.1969,3.8221,447,0.10534906387329102,0.10534906387329102,0.5176389217376709,0.6229879856109619,94.73297357559204,0.5176389217376709,0.6229879856109619,94.73297357559204
nc_papers100m_195trainer_0hop_balanced_local_bs32_800r,20260914_194714_ogbn-papers100M_FedAvg_bs32_seed42_beta10000p0,ogbn-papers100M,FedAvg,32,42,10000.0,150,validation,0.1976,3.8173,0.1976,3.8173,450,0.10449647903442383,0.10449647903442383,0.5197768211364746,0.6242733001708984,95.35724687576294,0.5197768211364746,0.6242733001708984,95.35724687576294
nc_papers100m_195trainer_0hop_balanced_local_bs32_800r,20260914_194714_ogbn-papers100M_FedAvg_bs32_seed42_beta10000p0,ogbn-papers100M,FedAvg,32,42,10000.0,151,validation,0.1982,3.8126,0.1982,3.8126,453,0.10353803634643555,0.10353803634643555,0.5172545909881592,0.6207926273345947,95.97803950309753,0.5172545909881592,0.6207926273345947,95.97803950309753
nc_papers100m_195trainer_0hop_balanced_local_bs32_800r,20260914_194714_ogbn-papers100M_FedAvg_bs32_seed42_beta10000p0,ogbn-papers100M,FedAvg,32,42,10000.0,152,validation,0.1991,3.8088,0.1991,3.8088,456,0.1080770492553711,0.1080770492553711,0.5167300701141357,0.6248071193695068,96.60284662246704,0.5167300701141357,0.6248071193695068,96.60284662246704
nc_papers100m_195trainer_0hop_balanced_local_bs32_800r,20260914_194714_ogbn-papers100M_FedAvg_bs32_seed42_beta10000p0,ogbn-papers100M,FedAvg,32,42,10000.0,153,validation,0.1996,3.8045,0.1996,3.8045,459,0.10935401916503906,0.10935401916503906,0.5203757286071777,0.6297297477722168,97.23257637023926,0.5203757286071777,0.6297297477722168,97.23257637023926
nc_papers100m_195trainer_0hop_balanced_local_bs32_800r,20260914_194714_ogbn-papers100M_FedAvg_bs32_seed42_beta10000p0,ogbn-papers100M,FedAvg,32,42,10000.0,154,validation,0.2,3.8,0.2,3.8,462,0.1060495376586914,0.1060495376586914,0.5157413482666016,0.621790885925293,97.85436725616455,0.5157413482666016,0.621790885925293,97.85436725616455
nc_papers100m_195trainer_0hop_balanced_local_bs32_800r,20260914_194714_ogbn-papers100M_FedAvg_bs32_seed42_beta10000p0,ogbn-papers100M,FedAvg,32,42,10000.0,155,validation,0.2003,3.7963,0.2003,3.7963,465,0.10490083694458008,0.10490083694458008,0.518843412399292,0.6237442493438721,98.47811150550842,0.518843412399292,0.6237442493438721,98.47811150550842
nc_papers100m_195trainer_0hop_balanced_local_bs32_800r,20260914_194714_ogbn-papers100M_FedAvg_bs32_seed42_beta10000p0,ogbn-papers100M,FedAvg,32,42,10000.0,156,validation,0.2007,3.7925,0.2007,3.7925,468,0.10843658447265625,0.10843658447265625,0.5185856819152832,0.6270222663879395,99.10513377189636,0.5185856819152832,0.6270222663879395,99.10513377189636
nc_papers100m_195trainer_0hop_balanced_local_bs32_800r,20260914_194714_ogbn-papers100M_FedAvg_bs32_seed42_beta10000p0,ogbn-papers100M,FedAvg,32,42,10000.0,157,validation,0.2016,3.7879,0.2016,3.7879,471,0.10735177993774414,0.10735177993774414,0.5218725204467773,0.6292243003845215,99.73435807228088,0.5218725204467773,0.6292243003845215,99.73435807228088
nc_papers100m_195trainer_0hop_balanced_local_bs32_800r,20260914_194714_ogbn-papers100M_FedAvg_bs32_seed42_beta10000p0,ogbn-papers100M,FedAvg,32,42,10000.0,158,validation,0.202,3.784,0.202,3.784,474,0.10496211051940918,0.10496211051940918,0.517174243927002,0.6221363544464111,100.3564944267273,0.517174243927002,0.6221363544464111,100.3564944267273
nc_papers100m_195trainer_0hop_balanced_local_bs32_800r,20260914_194714_ogbn-papers100M_FedAvg_bs32_seed42_beta10000p0,ogbn-papers100M,FedAvg,32,42,10000.0,159,validation,0.2025,3.7791,0.2025,3.7791,477,0.10397720336914062,0.10397720336914062,0.5149016380310059,0.6188788414001465,100.97537326812744,0.5149016380310059,0.6188788414001465,100.97537326812744
nc_papers100m_195trainer_0hop_balanced_local_bs32_800r,20260914_194714_ogbn-papers100M_FedAvg_bs32_seed42_beta10000p0,ogbn-papers100M,FedAvg,32,42,10000.0,160,validation,0.2026,3.7755,0.2026,3.7755,480,0.10394859313964844,0.10394859313964844,0.5173122882843018,0.6212608814239502,101.59663414955139,0.5173122882843018,0.6212608814239502,101.59663414955139
nc_papers100m_195trainer_0hop_balanced_local_bs32_800r,20260914_194714_ogbn-papers100M_FedAvg_bs32_seed42_beta10000p0,ogbn-papers100M,FedAvg,32,42,10000.0,161,validation,0.2032,3.7715,0.2032,3.7715,483,0.1042170524597168,0.1042170524597168,0.5277619361877441,0.6319789886474609,102.22861313819885,0.5277619361877441,0.6319789886474609,102.22861313819885
nc_papers100m_195trainer_0hop_balanced_local_bs32_800r,20260914_194714_ogbn-papers100M_FedAvg_bs32_seed42_beta10000p0,ogbn-papers100M,FedAvg,32,42,10000.0,162,validation,0.2037,3.768,0.2037,3.768,486,0.10432934761047363,0.10432934761047363,0.5271346569061279,0.6314640045166016,102.86007714271545,0.5271346569061279,0.6314640045166016,102.86007714271545
nc_papers100m_195trainer_0hop_balanced_local_bs32_800r,20260914_194714_ogbn-papers100M_FedAvg_bs32_seed42_beta10000p0,ogbn-papers100M,FedAvg,32,42,10000.0,163,validation,0.2047,3.7638,0.2047,3.7638,489,0.10396385192871094,0.10396385192871094,0.514392614364624,0.618356466293335,103.47843360900879,0.514392614364624,0.618356466293335,103.47843360900879
nc_papers100m_195trainer_0hop_balanced_local_bs32_800r,20260914_194714_ogbn-papers100M_FedAvg_bs32_seed42_beta10000p0,ogbn-papers100M,FedAvg,32,42,10000.0,164,validation,0.2046,3.7595,0.2046,3.7595,492,0.10635495185852051,0.10635495185852051,0.5224754810333252,0.6288304328918457,104.10726404190063,0.5224754810333252,0.6288304328918457,104.10726404190063
nc_papers100m_195trainer_0hop_balanced_local_bs32_800r,20260914_194714_ogbn-papers100M_FedAvg_bs32_seed42_beta10000p0,ogbn-papers100M,FedAvg,32,42,10000.0,165,validation,0.2057,3.7554,0.2057,3.7554,495,0.10436391830444336,0.10436391830444336,0.5586283206939697,0.6629922389984131,104.77025628089905,0.5586283206939697,0.6629922389984131,104.77025628089905
nc_papers100m_195trainer_0hop_balanced_local_bs32_800r,20260914_194714_ogbn-papers100M_FedAvg_bs32_seed42_beta10000p0,ogbn-papers100M,FedAvg,32,42,10000.0,166,validation,0.2064,3.7516,0.2064,3.7516,498,0.10672116279602051,0.10672116279602051,0.5204658508300781,0.6271870136260986,105.39744329452515,0.5204658508300781,0.6271870136260986,105.39744329452515
nc_papers100m_195trainer_0hop_balanced_local_bs32_800r,20260914_194714_ogbn-papers100M_FedAvg_bs32_seed42_beta10000p0,ogbn-papers100M,FedAvg,32,42,10000.0,167,validation,0.207,3.7478,0.207,3.7478,501,0.10512137413024902,0.10512137413024902,0.5129570960998535,0.6180784702301025,106.01552176475525,0.5129570960998535,0.6180784702301025,106.01552176475525
nc_papers100m_195trainer_0hop_balanced_local_bs32_800r,20260914_194714_ogbn-papers100M_FedAvg_bs32_seed42_beta10000p0,ogbn-papers100M,FedAvg,32,42,10000.0,168,validation,0.2074,3.744,0.2074,3.744,504,0.10628843307495117,0.10628843307495117,0.5147957801818848,0.6210842132568359,106.63660597801208,0.5147957801818848,0.6210842132568359,106.63660597801208
nc_papers100m_195trainer_0hop_balanced_local_bs32_800r,20260914_194714_ogbn-papers100M_FedAvg_bs32_seed42_beta10000p0,ogbn-papers100M,FedAvg,32,42,10000.0,169,validation,0.2074,3.7398,0.2074,3.7398,507,0.10796427726745605,0.10796427726745605,0.512204647064209,0.620168924331665,107.25677490234375,0.512204647064209,0.620168924331665,107.25677490234375
nc_papers100m_195trainer_0hop_balanced_local_bs32_800r,20260914_194714_ogbn-papers100M_FedAvg_bs32_seed42_beta10000p0,ogbn-papers100M,FedAvg,32,42,10000.0,170,validation,0.2081,3.7365,0.2081,3.7365,510,0.10258793830871582,0.10258793830871582,0.5105173587799072,0.613105297088623,107.86988019943237,0.5105173587799072,0.613105297088623,107.86988019943237
nc_papers100m_195trainer_0hop_balanced_local_bs32_800r,20260914_194714_ogbn-papers100M_FedAvg_bs32_seed42_beta10000p0,ogbn-papers100M,FedAvg,32,42,10000.0,171,validation,0.2085,3.7327,0.2085,3.7327,513,0.10573887825012207,0.10573887825012207,0.508338212966919,0.614077091217041,108.48395729064941,0.508338212966919,0.614077091217041,108.48395729064941
nc_papers100m_195trainer_0hop_balanced_local_bs32_800r,20260914_194714_ogbn-papers100M_FedAvg_bs32_seed42_beta10000p0,ogbn-papers100M,FedAvg,32,42,10000.0,172,validation,0.2091,3.7285,0.2091,3.7285,516,0.10432982444763184,0.10432982444763184,0.5200819969177246,0.6244118213653564,109.10836911201477,0.5200819969177246,0.6244118213653564,109.10836911201477
nc_papers100m_195trainer_0hop_balanced_local_bs32_800r,20260914_194714_ogbn-papers100M_FedAvg_bs32_seed42_beta10000p0,ogbn-papers100M,FedAvg,32,42,10000.0,173,validation,0.2093,3.7254,0.2093,3.7254,519,0.10435938835144043,0.10435938835144043,0.5145790576934814,0.6189384460449219,109.72730755805969,0.5145790576934814,0.6189384460449219,109.72730755805969
nc_papers100m_195trainer_0hop_balanced_local_bs32_800r,20260914_194714_ogbn-papers100M_FedAvg_bs32_seed42_beta10000p0,ogbn-papers100M,FedAvg,32,42,10000.0,174,validation,0.2103,3.7222,0.2103,3.7222,522,0.1065981388092041,0.1065981388092041,0.5223872661590576,0.6289854049682617,110.35629296302795,0.5223872661590576,0.6289854049682617,110.35629296302795
nc_papers100m_195trainer_0hop_balanced_local_bs32_800r,20260914_194714_ogbn-papers100M_FedAvg_bs32_seed42_beta10000p0,ogbn-papers100M,FedAvg,32,42,10000.0,175,validation,0.2103,3.7185,0.2103,3.7185,525,0.10169148445129395,0.10169148445129395,0.5211770534515381,0.622868537902832,110.97916150093079,0.5211770534515381,0.622868537902832,110.97916150093079
nc_papers100m_195trainer_0hop_balanced_local_bs32_800r,20260914_194714_ogbn-papers100M_FedAvg_bs32_seed42_beta10000p0,ogbn-papers100M,FedAvg,32,42,10000.0,176,validation,0.2115,3.7146,0.2115,3.7146,528,0.10706233978271484,0.10706233978271484,0.5110409259796143,0.6181032657623291,111.59726476669312,0.5110409259796143,0.6181032657623291,111.59726476669312
nc_papers100m_195trainer_0hop_balanced_local_bs32_800r,20260914_194714_ogbn-papers100M_FedAvg_bs32_seed42_beta10000p0,ogbn-papers100M,FedAvg,32,42,10000.0,177,validation,0.2117,3.7113,0.2117,3.7113,531,0.10218620300292969,0.10218620300292969,0.5162780284881592,0.6184642314910889,112.2157289981842,0.5162780284881592,0.6184642314910889,112.2157289981842
nc_papers100m_195trainer_0hop_balanced_local_bs32_800r,20260914_194714_ogbn-papers100M_FedAvg_bs32_seed42_beta10000p0,ogbn-papers100M,FedAvg,32,42,10000.0,178,validation,0.2119,3.7079,0.2119,3.7079,534,0.10337305068969727,0.10337305068969727,0.5190615653991699,0.6224346160888672,112.83816361427307,0.5190615653991699,0.6224346160888672,112.83816361427307
nc_papers100m_195trainer_0hop_balanced_local_bs32_800r,20260914_194714_ogbn-papers100M_FedAvg_bs32_seed42_beta10000p0,ogbn-papers100M,FedAvg,32,42,10000.0,179,validation,0.2123,3.7051,0.2123,3.7051,537,0.10524964332580566,0.10524964332580566,0.5116448402404785,0.6168944835662842,113.45505809783936,0.5116448402404785,0.6168944835662842,113.45505809783936
nc_papers100m_195trainer_0hop_balanced_local_bs32_800r,20260914_194714_ogbn-papers100M_FedAvg_bs32_seed42_beta10000p0,ogbn-papers100M,FedAvg,32,42,10000.0,180,validation,0.2128,3.7012,0.2128,3.7012,540,0.10395622253417969,0.10395622253417969,0.5227875709533691,0.6267437934875488,114.0818018913269,0.5227875709533691,0.6267437934875488,114.0818018913269
nc_papers100m_195trainer_0hop_balanced_local_bs32_800r,20260914_194714_ogbn-papers100M_FedAvg_bs32_seed42_beta10000p0,ogbn-papers100M,FedAvg,32,42,10000.0,181,validation,0.2131,3.698,0.2131,3.698,543,0.1049659252166748,0.1049659252166748,0.5125775337219238,0.6175434589385986,114.6993453502655,0.5125775337219238,0.6175434589385986,114.6993453502655
nc_papers100m_195trainer_0hop_balanced_local_bs32_800r,20260914_194714_ogbn-papers100M_FedAvg_bs32_seed42_beta10000p0,ogbn-papers100M,FedAvg,32,42,10000.0,182,validation,0.2136,3.6944,0.2136,3.6944,546,0.10468268394470215,0.10468268394470215,0.509197473526001,0.6138801574707031,115.3132255077362,0.509197473526001,0.6138801574707031,115.3132255077362
nc_papers100m_195trainer_0hop_balanced_local_bs32_800r,20260914_194714_ogbn-papers100M_FedAvg_bs32_seed42_beta10000p0,ogbn-papers100M,FedAvg,32,42,10000.0,183,validation,0.2142,3.6906,0.2142,3.6906,549,0.10322856903076172,0.10322856903076172,0.5078117847442627,0.6110403537750244,115.92426586151123,0.5078117847442627,0.6110403537750244,115.92426586151123
nc_papers100m_195trainer_0hop_balanced_local_bs32_800r,20260914_194714_ogbn-papers100M_FedAvg_bs32_seed42_beta10000p0,ogbn-papers100M,FedAvg,32,42,10000.0,184,validation,0.2147,3.6862,0.2147,3.6862,552,0.1064903736114502,0.1064903736114502,0.5106840133666992,0.6171743869781494,116.54144024848938,0.5106840133666992,0.6171743869781494,116.54144024848938
nc_papers100m_195trainer_0hop_balanced_local_bs32_800r,20260914_194714_ogbn-papers100M_FedAvg_bs32_seed42_beta10000p0,ogbn-papers100M,FedAvg,32,42,10000.0,185,validation,0.2152,3.683,0.2152,3.683,555,0.10214781761169434,0.10214781761169434,0.5045275688171387,0.606675386428833,117.14811563491821,0.5045275688171387,0.606675386428833,117.14811563491821
nc_papers100m_195trainer_0hop_balanced_local_bs32_800r,20260914_194714_ogbn-papers100M_FedAvg_bs32_seed42_beta10000p0,ogbn-papers100M,FedAvg,32,42,10000.0,186,validation,0.2156,3.6798,0.2156,3.6798,558,0.10550117492675781,0.10550117492675781,0.5589179992675781,0.6644191741943359,117.81253480911255,0.5589179992675781,0.6644191741943359,117.81253480911255
nc_papers100m_195trainer_0hop_balanced_local_bs32_800r,20260914_194714_ogbn-papers100M_FedAvg_bs32_seed42_beta10000p0,ogbn-papers100M,FedAvg,32,42,10000.0,187,validation,0.216,3.6759,0.216,3.6759,561,0.10604238510131836,0.10604238510131836,0.5181224346160889,0.6241648197174072,118.43669962882996,0.5181224346160889,0.6241648197174072,118.43669962882996
nc_papers100m_195trainer_0hop_balanced_local_bs32_800r,20260914_194714_ogbn-papers100M_FedAvg_bs32_seed42_beta10000p0,ogbn-papers100M,FedAvg,32,42,10000.0,188,validation,0.2163,3.672,0.2163,3.672,564,0.10463356971740723,0.10463356971740723,0.5119588375091553,0.6165924072265625,119.05329203605652,0.5119588375091553,0.6165924072265625,119.05329203605652
nc_papers100m_195trainer_0hop_balanced_local_bs32_800r,20260914_194714_ogbn-papers100M_FedAvg_bs32_seed42_beta10000p0,ogbn-papers100M,FedAvg,32,42,10000.0,189,validation,0.2169,3.6689,0.2169,3.6689,567,0.10327672958374023,0.10327672958374023,0.518322229385376,0.6215989589691162,119.67489099502563,0.518322229385376,0.6215989589691162,119.67489099502563
nc_papers100m_195trainer_0hop_balanced_local_bs32_800r,20260914_194714_ogbn-papers100M_FedAvg_bs32_seed42_beta10000p0,ogbn-papers100M,FedAvg,32,42,10000.0,190,validation,0.2171,3.6667,0.2171,3.6667,570,0.10426473617553711,0.10426473617553711,0.527869701385498,0.6321344375610352,120.30702543258667,0.527869701385498,0.6321344375610352,120.30702543258667
nc_papers100m_195trainer_0hop_balanced_local_bs32_800r,20260914_194714_ogbn-papers100M_FedAvg_bs32_seed42_beta10000p0,ogbn-papers100M,FedAvg,32,42,10000.0,191,validation,0.2174,3.6634,0.2174,3.6634,573,0.1104586124420166,0.1104586124420166,0.5275750160217285,0.6380336284637451,120.94505906105042,0.5275750160217285,0.6380336284637451,120.94505906105042
nc_papers100m_195trainer_0hop_balanced_local_bs32_800r,20260914_194714_ogbn-papers100M_FedAvg_bs32_seed42_beta10000p0,ogbn-papers100M,FedAvg,32,42,10000.0,192,validation,0.2181,3.66,0.2181,3.66,576,0.1029975414276123,0.1029975414276123,0.5238502025604248,0.6268477439880371,121.57190680503845,0.5238502025604248,0.6268477439880371,121.57190680503845
nc_papers100m_195trainer_0hop_balanced_local_bs32_800r,20260914_194714_ogbn-papers100M_FedAvg_bs32_seed42_beta10000p0,ogbn-papers100M,FedAvg,32,42,10000.0,193,validation,0.2186,3.6565,0.2186,3.6565,579,0.10293221473693848,0.10293221473693848,0.5235066413879395,0.6264388561248779,122.19834566116333,0.5235066413879395,0.6264388561248779,122.19834566116333
nc_papers100m_195trainer_0hop_balanced_local_bs32_800r,20260914_194714_ogbn-papers100M_FedAvg_bs32_seed42_beta10000p0,ogbn-papers100M,FedAvg,32,42,10000.0,194,validation,0.2192,3.6534,0.2192,3.6534,582,0.10379981994628906,0.10379981994628906,0.5145153999328613,0.6183152198791504,122.81666088104248,0.5145153999328613,0.6183152198791504,122.81666088104248
nc_papers100m_195trainer_0hop_balanced_local_bs32_800r,20260914_194714_ogbn-papers100M_FedAvg_bs32_seed42_beta10000p0,ogbn-papers100M,FedAvg,32,42,10000.0,195,validation,0.2195,3.6503,0.2195,3.6503,585,0.10930418968200684,0.10930418968200684,0.5138373374938965,0.6231415271759033,123.43980240821838,0.5138373374938965,0.6231415271759033,123.43980240821838
nc_papers100m_195trainer_0hop_balanced_local_bs32_800r,20260914_194714_ogbn-papers100M_FedAvg_bs32_seed42_beta10000p0,ogbn-papers100M,FedAvg,32,42,10000.0,196,validation,0.2198,3.6473,0.2198,3.6473,588,0.10890626907348633,0.10890626907348633,0.5162999629974365,0.6252062320709229,124.0650086402893,0.5162999629974365,0.6252062320709229,124.0650086402893
nc_papers100m_195trainer_0hop_balanced_local_bs32_800r,20260914_194714_ogbn-papers100M_FedAvg_bs32_seed42_beta10000p0,ogbn-papers100M,FedAvg,32,42,10000.0,197,validation,0.2203,3.6443,0.2203,3.6443,591,0.10484910011291504,0.10484910011291504,0.5121579170227051,0.6170070171356201,124.68201565742493,0.5121579170227051,0.6170070171356201,124.68201565742493
nc_papers100m_195trainer_0hop_balanced_local_bs32_800r,20260914_194714_ogbn-papers100M_FedAvg_bs32_seed42_beta10000p0,ogbn-papers100M,FedAvg,32,42,10000.0,198,validation,0.2204,3.6413,0.2204,3.6413,594,0.1055750846862793,0.1055750846862793,0.5101480484008789,0.6157231330871582,125.29773879051208,0.5101480484008789,0.6157231330871582,125.29773879051208
nc_papers100m_195trainer_0hop_balanced_local_bs32_800r,20260914_194714_ogbn-papers100M_FedAvg_bs32_seed42_beta10000p0,ogbn-papers100M,FedAvg,32,42,10000.0,199,validation,0.2208,3.6386,0.2208,3.6386,597,0.10436010360717773,0.10436010360717773,0.5090112686157227,0.6133713722229004,125.91111016273499,0.5090112686157227,0.6133713722229004,125.91111016273499
nc_papers100m_195trainer_0hop_balanced_local_bs32_800r,20260914_194714_ogbn-papers100M_FedAvg_bs32_seed42_beta10000p0,ogbn-papers100M,FedAvg,32,42,10000.0,200,validation,0.2212,3.6346,0.2212,3.6346,600,0.10421442985534668,0.10421442985534668,0.5117652416229248,0.6159796714782715,126.52708983421326,0.5117652416229248,0.6159796714782715,126.52708983421326
nc_papers100m_195trainer_0hop_balanced_local_bs32_800r,20260914_194714_ogbn-papers100M_FedAvg_bs32_seed42_beta10000p0,ogbn-papers100M,FedAvg,32,42,10000.0,201,validation,0.2215,3.631,0.2215,3.631,603,0.10913872718811035,0.10913872718811035,0.5098018646240234,0.6189405918121338,127.14603042602539,0.5098018646240234,0.6189405918121338,127.14603042602539
nc_papers100m_195trainer_0hop_balanced_local_bs32_800r,20260914_194714_ogbn-papers100M_FedAvg_bs32_seed42_beta10000p0,ogbn-papers100M,FedAvg,32,42,10000.0,202,validation,0.2213,3.6283,0.2213,3.6283,606,0.10484910011291504,0.10484910011291504,0.5169074535369873,0.6217565536499023,127.7677869796753,0.5169074535369873,0.6217565536499023,127.7677869796753
nc_papers100m_195trainer_0hop_balanced_local_bs32_800r,20260914_194714_ogbn-papers100M_FedAvg_bs32_seed42_beta10000p0,ogbn-papers100M,FedAvg,32,42,10000.0,203,validation,0.2218,3.625,0.2218,3.625,609,0.10568690299987793,0.10568690299987793,0.5099067687988281,0.615593671798706,128.383380651474,0.5099067687988281,0.615593671798706,128.383380651474
nc_papers100m_195trainer_0hop_balanced_local_bs32_800r,20260914_194714_ogbn-papers100M_FedAvg_bs32_seed42_beta10000p0,ogbn-papers100M,FedAvg,32,42,10000.0,204,validation,0.2221,3.6225,0.2221,3.6225,612,0.1079714298248291,0.1079714298248291,0.5198276042938232,0.6277990341186523,129.01117968559265,0.5198276042938232,0.6277990341186523,129.01117968559265
nc_papers100m_195trainer_0hop_balanced_local_bs32_800r,20260914_194714_ogbn-papers100M_FedAvg_bs32_seed42_beta10000p0,ogbn-papers100M,FedAvg,32,42,10000.0,205,validation,0.2229,3.6195,0.2229,3.6195,615,0.10701870918273926,0.10701870918273926,0.5243339538574219,0.6313526630401611,129.6425323486328,0.5243339538574219,0.6313526630401611,129.6425323486328
nc_papers100m_195trainer_0hop_balanced_local_bs32_800r,20260914_194714_ogbn-papers100M_FedAvg_bs32_seed42_beta10000p0,ogbn-papers100M,FedAvg,32,42,10000.0,206,validation,0.2228,3.6168,0.2228,3.6168,618,0.10839033126831055,0.10839033126831055,0.5209925174713135,0.629382848739624,130.27191519737244,0.5209925174713135,0.629382848739624,130.27191519737244
nc_papers100m_195trainer_0hop_balanced_local_bs32_800r,20260914_194714_ogbn-papers100M_FedAvg_bs32_seed42_beta10000p0,ogbn-papers100M,FedAvg,32,42,10000.0,207,validation,0.2236,3.6133,0.2236,3.6133,621,0.11169290542602539,0.11169290542602539,0.5735118389129639,0.6852047443389893,130.95711994171143,0.5735118389129639,0.6852047443389893,130.95711994171143
nc_papers100m_195trainer_0hop_balanced_local_bs32_800r,20260914_194714_ogbn-papers100M_FedAvg_bs32_seed42_beta10000p0,ogbn-papers100M,FedAvg,32,42,10000.0,208,validation,0.2238,3.6105,0.2238,3.6105,624,0.10263228416442871,0.10263228416442871,0.525576114654541,0.6282083988189697,131.5853283405304,0.525576114654541,0.6282083988189697,131.5853283405304
nc_papers100m_195trainer_0hop_balanced_local_bs32_800r,20260914_194714_ogbn-papers100M_FedAvg_bs32_seed42_beta10000p0,ogbn-papers100M,FedAvg,32,42,10000.0,209,validation,0.2242,3.6084,0.2242,3.6084,627,0.1037600040435791,0.1037600040435791,0.5118913650512695,0.6156513690948486,132.20097970962524,0.5118913650512695,0.6156513690948486,132.20097970962524
nc_papers100m_195trainer_0hop_balanced_local_bs32_800r,20260914_194714_ogbn-papers100M_FedAvg_bs32_seed42_beta10000p0,ogbn-papers100M,FedAvg,32,42,10000.0,210,validation,0.2249,3.6056,0.2249,3.6056,630,0.10386395454406738,0.10386395454406738,0.5229263305664062,0.6267902851104736,132.82776999473572,0.5229263305664062,0.6267902851104736,132.82776999473572
nc_papers100m_195trainer_0hop_balanced_local_bs32_800r,20260914_194714_ogbn-papers100M_FedAvg_bs32_seed42_beta10000p0,ogbn-papers100M,FedAvg,32,42,10000.0,211,validation,0.2248,3.603,0.2248,3.603,633,0.10421538352966309,0.10421538352966309,0.5127851963043213,0.6170005798339844,133.4447705745697,0.5127851963043213,0.6170005798339844,133.4447705745697
nc_papers100m_195trainer_0hop_balanced_local_bs32_800r,20260914_194714_ogbn-papers100M_FedAvg_bs32_seed42_beta10000p0,ogbn-papers100M,FedAvg,32,42,10000.0,212,validation,0.2255,3.5995,0.2255,3.5995,636,0.10816240310668945,0.10816240310668945,0.5171165466308594,0.6252789497375488,134.07004952430725,0.5171165466308594,0.6252789497375488,134.07004952430725
nc_papers100m_195trainer_0hop_balanced_local_bs32_800r,20260914_194714_ogbn-papers100M_FedAvg_bs32_seed42_beta10000p0,ogbn-papers100M,FedAvg,32,42,10000.0,213,validation,0.2256,3.5962,0.2256,3.5962,639,0.10768818855285645,0.10768818855285645,0.5203478336334229,0.6280360221862793,134.69808554649353,0.5203478336334229,0.6280360221862793,134.69808554649353
nc_papers100m_195trainer_0hop_balanced_local_bs32_800r,20260914_194714_ogbn-papers100M_FedAvg_bs32_seed42_beta10000p0,ogbn-papers100M,FedAvg,32,42,10000.0,214,validation,0.2258,3.5939,0.2258,3.5939,642,0.10429644584655762,0.10429644584655762,0.5132067203521729,0.6175031661987305,135.31558871269226,0.5132067203521729,0.6175031661987305,135.31558871269226
nc_papers100m_195trainer_0hop_balanced_local_bs32_800r,20260914_194714_ogbn-papers100M_FedAvg_bs32_seed42_beta10000p0,ogbn-papers100M,FedAvg,32,42,10000.0,215,validation,0.2259,3.5916,0.2259,3.5916,645,0.10876321792602539,0.10876321792602539,0.5105164051055908,0.6192796230316162,135.93486833572388,0.5105164051055908,0.6192796230316162,135.93486833572388
nc_papers100m_195trainer_0hop_balanced_local_bs32_800r,20260914_194714_ogbn-papers100M_FedAvg_bs32_seed42_beta10000p0,ogbn-papers100M,FedAvg,32,42,10000.0,216,validation,0.2263,3.5893,0.2263,3.5893,648,0.10520315170288086,0.10520315170288086,0.5117373466491699,0.6169404983520508,136.55180883407593,0.5117373466491699,0.6169404983520508,136.55180883407593
nc_papers100m_195trainer_0hop_balanced_local_bs32_800r,20260914_194714_ogbn-papers100M_FedAvg_bs32_seed42_beta10000p0,ogbn-papers100M,FedAvg,32,42,10000.0,217,validation,0.2269,3.5867,0.2269,3.5867,651,0.11118793487548828,0.11118793487548828,0.5090577602386475,0.6202456951141357,137.17205452919006,0.5090577602386475,0.6202456951141357,137.17205452919006
nc_papers100m_195trainer_0hop_balanced_local_bs32_800r,20260914_194714_ogbn-papers100M_FedAvg_bs32_seed42_beta10000p0,ogbn-papers100M,FedAvg,32,42,10000.0,218,validation,0.2275,3.5839,0.2275,3.5839,654,0.10642147064208984,0.10642147064208984,0.5118694305419922,0.618290901184082,137.79034543037415,0.5118694305419922,0.618290901184082,137.79034543037415
nc_papers100m_195trainer_0hop_balanced_local_bs32_800r,20260914_194714_ogbn-papers100M_FedAvg_bs32_seed42_beta10000p0,ogbn-papers100M,FedAvg,32,42,10000.0,219,validation,0.2276,3.5815,0.2276,3.5815,657,0.10474324226379395,0.10474324226379395,0.507199764251709,0.6119430065155029,138.40228843688965,0.507199764251709,0.6119430065155029,138.40228843688965
nc_papers100m_195trainer_0hop_balanced_local_bs32_800r,20260914_194714_ogbn-papers100M_FedAvg_bs32_seed42_beta10000p0,ogbn-papers100M,FedAvg,32,42,10000.0,220,validation,0.2279,3.5776,0.2279,3.5776,660,0.10578513145446777,0.10578513145446777,0.5140678882598877,0.6198530197143555,139.022141456604,0.5140678882598877,0.6198530197143555,139.022141456604
nc_papers100m_195trainer_0hop_balanced_local_bs32_800r,20260914_194714_ogbn-papers100M_FedAvg_bs32_seed42_beta10000p0,ogbn-papers100M,FedAvg,32,42,10000.0,221,validation,0.2281,3.5743,0.2281,3.5743,663,0.10720705986022949,0.10720705986022949,0.5163877010345459,0.6235947608947754,139.64573621749878,0.5163877010345459,0.6235947608947754,139.64573621749878
nc_papers100m_195trainer_0hop_balanced_local_bs32_800r,20260914_194714_ogbn-papers100M_FedAvg_bs32_seed42_beta10000p0,ogbn-papers100M,FedAvg,32,42,10000.0,222,validation,0.2281,3.5725,0.2281,3.5725,666,0.10754632949829102,0.10754632949829102,0.5192344188690186,0.6267807483673096,140.2725169658661,0.5192344188690186,0.6267807483673096,140.2725169658661
nc_papers100m_195trainer_0hop_balanced_local_bs32_800r,20260914_194714_ogbn-papers100M_FedAvg_bs32_seed42_beta10000p0,ogbn-papers100M,FedAvg,32,42,10000.0,223,validation,0.2285,3.5697,0.2285,3.5697,669,0.10617446899414062,0.10617446899414062,0.5259170532226562,0.6320915222167969,140.90460848808289,0.5259170532226562,0.6320915222167969,140.90460848808289
nc_papers100m_195trainer_0hop_balanced_local_bs32_800r,20260914_194714_ogbn-papers100M_FedAvg_bs32_seed42_beta10000p0,ogbn-papers100M,FedAvg,32,42,10000.0,224,validation,0.229,3.5669,0.229,3.5669,672,0.10452008247375488,0.10452008247375488,0.5151925086975098,0.6197125911712646,141.52432107925415,0.5151925086975098,0.6197125911712646,141.52432107925415
nc_papers100m_195trainer_0hop_balanced_local_bs32_800r,20260914_194714_ogbn-papers100M_FedAvg_bs32_seed42_beta10000p0,ogbn-papers100M,FedAvg,32,42,10000.0,225,validation,0.2292,3.5642,0.2292,3.5642,675,0.10512471199035645,0.10512471199035645,0.5137090682983398,0.6188337802886963,142.14315485954285,0.5137090682983398,0.6188337802886963,142.14315485954285
nc_papers100m_195trainer_0hop_balanced_local_bs32_800r,20260914_194714_ogbn-papers100M_FedAvg_bs32_seed42_beta10000p0,ogbn-papers100M,FedAvg,32,42,10000.0,226,validation,0.23,3.5616,0.23,3.5616,678,0.1100759506225586,0.1100759506225586,0.5139267444610596,0.6240026950836182,142.76715755462646,0.5139267444610596,0.6240026950836182,142.76715755462646
nc_papers100m_195trainer_0hop_balanced_local_bs32_800r,20260914_194714_ogbn-papers100M_FedAvg_bs32_seed42_beta10000p0,ogbn-papers100M,FedAvg,32,42,10000.0,227,validation,0.2304,3.5591,0.2304,3.5591,681,0.10506749153137207,0.10506749153137207,0.510627031326294,0.615694522857666,143.38285207748413,0.510627031326294,0.615694522857666,143.38285207748413
nc_papers100m_195trainer_0hop_balanced_local_bs32_800r,20260914_194714_ogbn-papers100M_FedAvg_bs32_seed42_beta10000p0,ogbn-papers100M,FedAvg,32,42,10000.0,228,validation,0.2304,3.5564,0.2304,3.5564,684,0.10623693466186523,0.10623693466186523,0.5523989200592041,0.6586358547210693,144.0414879322052,0.5523989200592041,0.6586358547210693,144.0414879322052
nc_papers100m_195trainer_0hop_balanced_local_bs32_800r,20260914_194714_ogbn-papers100M_FedAvg_bs32_seed42_beta10000p0,ogbn-papers100M,FedAvg,32,42,10000.0,229,validation,0.2304,3.5536,0.2304,3.5536,687,0.10689091682434082,0.10689091682434082,0.5180561542510986,0.6249470710754395,144.66643500328064,0.5180561542510986,0.6249470710754395,144.66643500328064
nc_papers100m_195trainer_0hop_balanced_local_bs32_800r,20260914_194714_ogbn-papers100M_FedAvg_bs32_seed42_beta10000p0,ogbn-papers100M,FedAvg,32,42,10000.0,230,validation,0.2306,3.5506,0.2306,3.5506,690,0.10392498970031738,0.10392498970031738,0.5019025802612305,0.6058275699615479,145.2722625732422,0.5019025802612305,0.6058275699615479,145.2722625732422
nc_papers100m_195trainer_0hop_balanced_local_bs32_800r,20260914_194714_ogbn-papers100M_FedAvg_bs32_seed42_beta10000p0,ogbn-papers100M,FedAvg,32,42,10000.0,231,validation,0.2312,3.5483,0.2312,3.5483,693,0.10333514213562012,0.10333514213562012,0.5137622356414795,0.6170973777770996,145.8893599510193,0.5137622356414795,0.6170973777770996,145.8893599510193
nc_papers100m_195trainer_0hop_balanced_local_bs32_800r,20260914_194714_ogbn-papers100M_FedAvg_bs32_seed42_beta10000p0,ogbn-papers100M,FedAvg,32,42,10000.0,232,validation,0.2314,3.546,0.2314,3.546,696,0.10703539848327637,0.10703539848327637,0.5106077194213867,0.6176431179046631,146.50700306892395,0.5106077194213867,0.6176431179046631,146.50700306892395
nc_papers100m_195trainer_0hop_balanced_local_bs32_800r,20260914_194714_ogbn-papers100M_FedAvg_bs32_seed42_beta10000p0,ogbn-papers100M,FedAvg,32,42,10000.0,233,validation,0.2316,3.5428,0.2316,3.5428,699,0.10434174537658691,0.10434174537658691,0.512993574142456,0.617335319519043,147.124338388443,0.512993574142456,0.617335319519043,147.124338388443
nc_papers100m_195trainer_0hop_balanced_local_bs32_800r,20260914_194714_ogbn-papers100M_FedAvg_bs32_seed42_beta10000p0,ogbn-papers100M,FedAvg,32,42,10000.0,234,validation,0.2323,3.5393,0.2323,3.5393,702,0.1051640510559082,0.1051640510559082,0.5136640071868896,0.6188280582427979,147.7431664466858,0.5136640071868896,0.6188280582427979,147.7431664466858
nc_papers100m_195trainer_0hop_balanced_local_bs32_800r,20260914_194714_ogbn-papers100M_FedAvg_bs32_seed42_beta10000p0,ogbn-papers100M,FedAvg,32,42,10000.0,235,validation,0.2323,3.5371,0.2323,3.5371,705,0.10415220260620117,0.10415220260620117,0.5083901882171631,0.6125423908233643,148.35570883750916,0.5083901882171631,0.6125423908233643,148.35570883750916
nc_papers100m_195trainer_0hop_balanced_local_bs32_800r,20260914_194714_ogbn-papers100M_FedAvg_bs32_seed42_beta10000p0,ogbn-papers100M,FedAvg,32,42,10000.0,236,validation,0.2325,3.5338,0.2325,3.5338,708,0.10341405868530273,0.10341405868530273,0.5082972049713135,0.6117112636566162,148.96742010116577,0.5082972049713135,0.6117112636566162,148.96742010116577
nc_papers100m_195trainer_0hop_balanced_local_bs32_800r,20260914_194714_ogbn-papers100M_FedAvg_bs32_seed42_beta10000p0,ogbn-papers100M,FedAvg,32,42,10000.0,237,validation,0.2329,3.5313,0.2329,3.5313,711,0.10842180252075195,0.10842180252075195,0.5106410980224609,0.6190629005432129,149.58648300170898,0.5106410980224609,0.6190629005432129,149.58648300170898
nc_papers100m_195trainer_0hop_balanced_local_bs32_800r,20260914_194714_ogbn-papers100M_FedAvg_bs32_seed42_beta10000p0,ogbn-papers100M,FedAvg,32,42,10000.0,238,validation,0.2331,3.5295,0.2331,3.5295,714,0.10488295555114746,0.10488295555114746,0.5134477615356445,0.618330717086792,150.20481371879578,0.5134477615356445,0.618330717086792,150.20481371879578
nc_papers100m_195trainer_0hop_balanced_local_bs32_800r,20260914_194714_ogbn-papers100M_FedAvg_bs32_seed42_beta10000p0,ogbn-papers100M,FedAvg,32,42,10000.0,239,validation,0.2331,3.5272,0.2331,3.5272,717,0.10455703735351562,0.10455703735351562,0.5179424285888672,0.6224994659423828,150.82731318473816,0.5179424285888672,0.6224994659423828,150.82731318473816
nc_papers100m_195trainer_0hop_balanced_local_bs32_800r,20260914_194714_ogbn-papers100M_FedAvg_bs32_seed42_beta10000p0,ogbn-papers100M,FedAvg,32,42,10000.0,240,validation,0.2334,3.524,0.2334,3.524,720,0.10560894012451172,0.10560894012451172,0.5030996799468994,0.6087086200714111,151.43602180480957,0.5030996799468994,0.6087086200714111,151.43602180480957
nc_papers100m_195trainer_0hop_balanced_local_bs32_800r,20260914_194714_ogbn-papers100M_FedAvg_bs32_seed42_beta10000p0,ogbn-papers100M,FedAvg,32,42,10000.0,241,validation,0.2341,3.5208,0.2341,3.5208,723,0.10810160636901855,0.10810160636901855,0.5210378170013428,0.6291394233703613,152.06516122817993,0.5210378170013428,0.6291394233703613,152.06516122817993
nc_papers100m_195trainer_0hop_balanced_local_bs32_800r,20260914_194714_ogbn-papers100M_FedAvg_bs32_seed42_beta10000p0,ogbn-papers100M,FedAvg,32,42,10000.0,242,validation,0.2342,3.5185,0.2342,3.5185,726,0.10348057746887207,0.10348057746887207,0.5147676467895508,0.6182482242584229,152.68340945243835,0.5147676467895508,0.6182482242584229,152.68340945243835
nc_papers100m_195trainer_0hop_balanced_local_bs32_800r,20260914_194714_ogbn-papers100M_FedAvg_bs32_seed42_beta10000p0,ogbn-papers100M,FedAvg,32,42,10000.0,243,validation,0.2347,3.5166,0.2347,3.5166,729,0.10573863983154297,0.10573863983154297,0.5178768634796143,0.6236155033111572,153.3070249557495,0.5178768634796143,0.6236155033111572,153.3070249557495
nc_papers100m_195trainer_0hop_balanced_local_bs32_800r,20260914_194714_ogbn-papers100M_FedAvg_bs32_seed42_beta10000p0,ogbn-papers100M,FedAvg,32,42,10000.0,244,validation,0.2347,3.5138,0.2347,3.5138,732,0.10463929176330566,0.10463929176330566,0.5152368545532227,0.6198761463165283,153.92690110206604,0.5152368545532227,0.6198761463165283,153.92690110206604
nc_papers100m_195trainer_0hop_balanced_local_bs32_800r,20260914_194714_ogbn-papers100M_FedAvg_bs32_seed42_beta10000p0,ogbn-papers100M,FedAvg,32,42,10000.0,245,validation,0.2351,3.5116,0.2351,3.5116,735,0.10384750366210938,0.10384750366210938,0.5064992904663086,0.610346794128418,154.53724789619446,0.5064992904663086,0.610346794128418,154.53724789619446
nc_papers100m_195trainer_0hop_balanced_local_bs32_800r,20260914_194714_ogbn-papers100M_FedAvg_bs32_seed42_beta10000p0,ogbn-papers100M,FedAvg,32,42,10000.0,246,validation,0.2354,3.5092,0.2354,3.5092,738,0.10781645774841309,0.10781645774841309,0.507448673248291,0.6152651309967041,155.15251302719116,0.507448673248291,0.6152651309967041,155.15251302719116
nc_papers100m_195trainer_0hop_balanced_local_bs32_800r,20260914_194714_ogbn-papers100M_FedAvg_bs32_seed42_beta10000p0,ogbn-papers100M,FedAvg,32,42,10000.0,247,validation,0.2355,3.5068,0.2355,3.5068,741,0.1073753833770752,0.1073753833770752,0.5153889656066895,0.6227643489837646,155.77527737617493,0.5153889656066895,0.6227643489837646,155.77527737617493
nc_papers100m_195trainer_0hop_balanced_local_bs32_800r,20260914_194714_ogbn-papers100M_FedAvg_bs32_seed42_beta10000p0,ogbn-papers100M,FedAvg,32,42,10000.0,248,validation,0.2361,3.5042,0.2361,3.5042,744,0.10436201095581055,0.10436201095581055,0.5180904865264893,0.6224524974822998,156.39772987365723,0.5180904865264893,0.6224524974822998,156.39772987365723
nc_papers100m_195trainer_0hop_balanced_local_bs32_800r,20260914_194714_ogbn-papers100M_FedAvg_bs32_seed42_beta10000p0,ogbn-papers100M,FedAvg,32,42,10000.0,249,validation,0.2361,3.5023,0.2361,3.5023,747,0.10398650169372559,0.10398650169372559,0.5495665073394775,0.6535530090332031,157.05128288269043,0.5495665073394775,0.6535530090332031,157.05128288269043
nc_papers100m_195trainer_0hop_balanced_local_bs32_800r,20260914_194714_ogbn-papers100M_FedAvg_bs32_seed42_beta10000p0,ogbn-papers100M,FedAvg,32,42,10000.0,250,validation,0.236,3.5007,0.236,3.5007,750,0.10495662689208984,0.10495662689208984,0.5147647857666016,0.6197214126586914,157.67100429534912,0.5147647857666016,0.6197214126586914,157.67100429534912
nc_papers100m_195trainer_0hop_balanced_local_bs32_800r,20260914_194714_ogbn-papers100M_FedAvg_bs32_seed42_beta10000p0,ogbn-papers100M,FedAvg,32,42,10000.0,251,validation,0.2364,3.498,0.2364,3.498,753,0.10936355590820312,0.10936355590820312,0.5167641639709473,0.6261277198791504,158.29713201522827,0.5167641639709473,0.6261277198791504,158.29713201522827
nc_papers100m_195trainer_0hop_balanced_local_bs32_800r,20260914_194714_ogbn-papers100M_FedAvg_bs32_seed42_beta10000p0,ogbn-papers100M,FedAvg,32,42,10000.0,252,validation,0.237,3.495,0.237,3.495,756,0.10580229759216309,0.10580229759216309,0.5174722671508789,0.623274564743042,158.9204065799713,0.5174722671508789,0.623274564743042,158.9204065799713
nc_papers100m_195trainer_0hop_balanced_local_bs32_800r,20260914_194714_ogbn-papers100M_FedAvg_bs32_seed42_beta10000p0,ogbn-papers100M,FedAvg,32,42,10000.0,253,validation,0.2372,3.4921,0.2372,3.4921,759,0.1090996265411377,0.1090996265411377,0.522197961807251,0.6312975883483887,159.5517041683197,0.522197961807251,0.6312975883483887,159.5517041683197
nc_papers100m_195trainer_0hop_balanced_local_bs32_800r,20260914_194714_ogbn-papers100M_FedAvg_bs32_seed42_beta10000p0,ogbn-papers100M,FedAvg,32,42,10000.0,254,validation,0.2375,3.4903,0.2375,3.4903,762,0.10575532913208008,0.10575532913208008,0.5164718627929688,0.6222271919250488,160.17393136024475,0.5164718627929688,0.6222271919250488,160.17393136024475
nc_papers100m_195trainer_0hop_balanced_local_bs32_800r,20260914_194714_ogbn-papers100M_FedAvg_bs32_seed42_beta10000p0,ogbn-papers100M,FedAvg,32,42,10000.0,255,validation,0.238,3.4875,0.238,3.4875,765,0.10831165313720703,0.10831165313720703,0.5248358249664307,0.6331474781036377,160.8070788383484,0.5248358249664307,0.6331474781036377,160.8070788383484
nc_papers100m_195trainer_0hop_balanced_local_bs32_800r,20260914_194714_ogbn-papers100M_FedAvg_bs32_seed42_beta10000p0,ogbn-papers100M,FedAvg,32,42,10000.0,256,validation,0.238,3.4853,0.238,3.4853,768,0.11305427551269531,0.11305427551269531,0.5148212909698486,0.627875566482544,161.43495440483093,0.5148212909698486,0.627875566482544,161.43495440483093
nc_papers100m_195trainer_0hop_balanced_local_bs32_800r,20260914_194714_ogbn-papers100M_FedAvg_bs32_seed42_beta10000p0,ogbn-papers100M,FedAvg,32,42,10000.0,257,validation,0.2381,3.4824,0.2381,3.4824,771,0.10352516174316406,0.10352516174316406,0.5249495506286621,0.6284747123718262,162.06342911720276,0.5249495506286621,0.6284747123718262,162.06342911720276
nc_papers100m_195trainer_0hop_balanced_local_bs32_800r,20260914_194714_ogbn-papers100M_FedAvg_bs32_seed42_beta10000p0,ogbn-papers100M,FedAvg,32,42,10000.0,258,validation,0.2385,3.48,0.2385,3.48,774,0.10519099235534668,0.10519099235534668,0.510289192199707,0.6154801845550537,162.6789093017578,0.510289192199707,0.6154801845550537,162.6789093017578
nc_papers100m_195trainer_0hop_balanced_local_bs32_800r,20260914_194714_ogbn-papers100M_FedAvg_bs32_seed42_beta10000p0,ogbn-papers100M,FedAvg,32,42,10000.0,259,validation,0.239,3.4772,0.239,3.4772,777,0.10399913787841797,0.10399913787841797,0.517329216003418,0.6213283538818359,163.30023765563965,0.517329216003418,0.6213283538818359,163.30023765563965
nc_papers100m_195trainer_0hop_balanced_local_bs32_800r,20260914_194714_ogbn-papers100M_FedAvg_bs32_seed42_beta10000p0,ogbn-papers100M,FedAvg,32,42,10000.0,260,validation,0.239,3.4745,0.239,3.4745,780,0.10529065132141113,0.10529065132141113,0.5190997123718262,0.6243903636932373,163.92462801933289,0.5190997123718262,0.6243903636932373,163.92462801933289
nc_papers100m_195trainer_0hop_balanced_local_bs32_800r,20260914_194714_ogbn-papers100M_FedAvg_bs32_seed42_beta10000p0,ogbn-papers100M,FedAvg,32,42,10000.0,261,validation,0.239,3.4729,0.239,3.4729,783,0.10743021965026855,0.10743021965026855,0.5094282627105713,0.6168584823608398,164.54148650169373,0.5094282627105713,0.6168584823608398,164.54148650169373
nc_papers100m_195trainer_0hop_balanced_local_bs32_800r,20260914_194714_ogbn-papers100M_FedAvg_bs32_seed42_beta10000p0,ogbn-papers100M,FedAvg,32,42,10000.0,262,validation,0.239,3.4708,0.239,3.4708,786,0.10661101341247559,0.10661101341247559,0.5175676345825195,0.6241786479949951,165.16566514968872,0.5175676345825195,0.6241786479949951,165.16566514968872
nc_papers100m_195trainer_0hop_balanced_local_bs32_800r,20260914_194714_ogbn-papers100M_FedAvg_bs32_seed42_beta10000p0,ogbn-papers100M,FedAvg,32,42,10000.0,263,validation,0.2396,3.4687,0.2396,3.4687,789,0.1046760082244873,0.1046760082244873,0.5106780529022217,0.615354061126709,165.78101921081543,0.5106780529022217,0.615354061126709,165.78101921081543
nc_papers100m_195trainer_0hop_balanced_local_bs32_800r,20260914_194714_ogbn-papers100M_FedAvg_bs32_seed42_beta10000p0,ogbn-papers100M,FedAvg,32,42,10000.0,264,validation,0.2394,3.4668,0.2394,3.4668,792,0.10488080978393555,0.10488080978393555,0.5087323188781738,0.6136131286621094,166.39463233947754,0.5087323188781738,0.6136131286621094,166.39463233947754
nc_papers100m_195trainer_0hop_balanced_local_bs32_800r,20260914_194714_ogbn-papers100M_FedAvg_bs32_seed42_beta10000p0,ogbn-papers100M,FedAvg,32,42,10000.0,265,validation,0.2394,3.4647,0.2394,3.4647,795,0.10342717170715332,0.10342717170715332,0.5030567646026611,0.6064839363098145,167.00111627578735,0.5030567646026611,0.6064839363098145,167.00111627578735
nc_papers100m_195trainer_0hop_balanced_local_bs32_800r,20260914_194714_ogbn-papers100M_FedAvg_bs32_seed42_beta10000p0,ogbn-papers100M,FedAvg,32,42,10000.0,266,validation,0.2401,3.4628,0.2401,3.4628,798,0.10909199714660645,0.10909199714660645,0.5120761394500732,0.6211681365966797,167.62228441238403,0.5120761394500732,0.6211681365966797,167.62228441238403
nc_papers100m_195trainer_0hop_balanced_local_bs32_800r,20260914_194714_ogbn-papers100M_FedAvg_bs32_seed42_beta10000p0,ogbn-papers100M,FedAvg,32,42,10000.0,267,validation,0.2402,3.461,0.2402,3.461,801,0.10512018203735352,0.10512018203735352,0.5092499256134033,0.6143701076507568,168.2366545200348,0.5092499256134033,0.6143701076507568,168.2366545200348
nc_papers100m_195trainer_0hop_balanced_local_bs32_800r,20260914_194714_ogbn-papers100M_FedAvg_bs32_seed42_beta10000p0,ogbn-papers100M,FedAvg,32,42,10000.0,268,validation,0.2403,3.4588,0.2403,3.4588,804,0.10583662986755371,0.10583662986755371,0.5152847766876221,0.6211214065551758,168.85777592658997,0.5152847766876221,0.6211214065551758,168.85777592658997
nc_papers100m_195trainer_0hop_balanced_local_bs32_800r,20260914_194714_ogbn-papers100M_FedAvg_bs32_seed42_beta10000p0,ogbn-papers100M,FedAvg,32,42,10000.0,269,validation,0.2404,3.4558,0.2404,3.4558,807,0.10686779022216797,0.10686779022216797,0.5074265003204346,0.6142942905426025,169.47207021713257,0.5074265003204346,0.6142942905426025,169.47207021713257
nc_papers100m_195trainer_0hop_balanced_local_bs32_800r,20260914_194714_ogbn-papers100M_FedAvg_bs32_seed42_beta10000p0,ogbn-papers100M,FedAvg,32,42,10000.0,270,validation,0.2404,3.4533,0.2404,3.4533,810,0.10228776931762695,0.10228776931762695,0.5377249717712402,0.6400127410888672,170.11208295822144,0.5377249717712402,0.6400127410888672,170.11208295822144
nc_papers100m_195trainer_0hop_balanced_local_bs32_800r,20260914_194714_ogbn-papers100M_FedAvg_bs32_seed42_beta10000p0,ogbn-papers100M,FedAvg,32,42,10000.0,271,validation,0.2403,3.4518,0.2403,3.4518,813,0.10538029670715332,0.10538029670715332,0.5141959190368652,0.6195762157440186,170.73165917396545,0.5141959190368652,0.6195762157440186,170.73165917396545
nc_papers100m_195trainer_0hop_balanced_local_bs32_800r,20260914_194714_ogbn-papers100M_FedAvg_bs32_seed42_beta10000p0,ogbn-papers100M,FedAvg,32,42,10000.0,272,validation,0.241,3.4496,0.241,3.4496,816,0.11296224594116211,0.11296224594116211,0.5194828510284424,0.6324450969696045,171.36410427093506,0.5194828510284424,0.6324450969696045,171.36410427093506
nc_papers100m_195trainer_0hop_balanced_local_bs32_800r,20260914_194714_ogbn-papers100M_FedAvg_bs32_seed42_beta10000p0,ogbn-papers100M,FedAvg,32,42,10000.0,273,validation,0.2413,3.4468,0.2413,3.4468,819,0.10477828979492188,0.10477828979492188,0.5225844383239746,0.6273627281188965,171.99146699905396,0.5225844383239746,0.6273627281188965,171.99146699905396
nc_papers100m_195trainer_0hop_balanced_local_bs32_800r,20260914_194714_ogbn-papers100M_FedAvg_bs32_seed42_beta10000p0,ogbn-papers100M,FedAvg,32,42,10000.0,274,validation,0.2415,3.4444,0.2415,3.4444,822,0.10292196273803711,0.10292196273803711,0.513761043548584,0.6166830062866211,172.60815000534058,0.513761043548584,0.6166830062866211,172.60815000534058
nc_papers100m_195trainer_0hop_balanced_local_bs32_800r,20260914_194714_ogbn-papers100M_FedAvg_bs32_seed42_beta10000p0,ogbn-papers100M,FedAvg,32,42,10000.0,275,validation,0.2421,3.4414,0.2421,3.4414,825,0.10582256317138672,0.10582256317138672,0.5145564079284668,0.6203789710998535,173.22852897644043,0.5145564079284668,0.6203789710998535,173.22852897644043
nc_papers100m_195trainer_0hop_balanced_local_bs32_800r,20260914_194714_ogbn-papers100M_FedAvg_bs32_seed42_beta10000p0,ogbn-papers100M,FedAvg,32,42,10000.0,276,validation,0.2426,3.44,0.2426,3.44,828,0.10427355766296387,0.10427355766296387,0.5249512195587158,0.6292247772216797,173.8577537536621,0.5249512195587158,0.6292247772216797,173.8577537536621
nc_papers100m_195trainer_0hop_balanced_local_bs32_800r,20260914_194714_ogbn-papers100M_FedAvg_bs32_seed42_beta10000p0,ogbn-papers100M,FedAvg,32,42,10000.0,277,validation,0.2428,3.4381,0.2428,3.4381,831,0.10685348510742188,0.10685348510742188,0.5219192504882812,0.6287727355957031,174.4865264892578,0.5219192504882812,0.6287727355957031,174.4865264892578
nc_papers100m_195trainer_0hop_balanced_local_bs32_800r,20260914_194714_ogbn-papers100M_FedAvg_bs32_seed42_beta10000p0,ogbn-papers100M,FedAvg,32,42,10000.0,278,validation,0.2431,3.4354,0.2431,3.4354,834,0.10613369941711426,0.10613369941711426,0.5098698139190674,0.6160035133361816,175.102530002594,0.5098698139190674,0.6160035133361816,175.102530002594
nc_papers100m_195trainer_0hop_balanced_local_bs32_800r,20260914_194714_ogbn-papers100M_FedAvg_bs32_seed42_beta10000p0,ogbn-papers100M,FedAvg,32,42,10000.0,279,validation,0.2433,3.4322,0.2433,3.4322,837,0.10669445991516113,0.10669445991516113,0.5222845077514648,0.628978967666626,175.73150897026062,0.5222845077514648,0.628978967666626,175.73150897026062
nc_papers100m_195trainer_0hop_balanced_local_bs32_800r,20260914_194714_ogbn-papers100M_FedAvg_bs32_seed42_beta10000p0,ogbn-papers100M,FedAvg,32,42,10000.0,280,validation,0.2437,3.4298,0.2437,3.4298,840,0.10359311103820801,0.10359311103820801,0.5055580139160156,0.6091511249542236,176.34066009521484,0.5055580139160156,0.6091511249542236,176.34066009521484
nc_papers100m_195trainer_0hop_balanced_local_bs32_800r,20260914_194714_ogbn-papers100M_FedAvg_bs32_seed42_beta10000p0,ogbn-papers100M,FedAvg,32,42,10000.0,281,validation,0.2438,3.4285,0.2438,3.4285,843,0.10351443290710449,0.10351443290710449,0.5211434364318848,0.6246578693389893,176.96531796455383,0.5211434364318848,0.6246578693389893,176.96531796455383
nc_papers100m_195trainer_0hop_balanced_local_bs32_800r,20260914_194714_ogbn-papers100M_FedAvg_bs32_seed42_beta10000p0,ogbn-papers100M,FedAvg,32,42,10000.0,282,validation,0.2437,3.4267,0.2437,3.4267,846,0.10316634178161621,0.10316634178161621,0.5103845596313477,0.6135509014129639,177.5788688659668,0.5103845596313477,0.6135509014129639,177.5788688659668
nc_papers100m_195trainer_0hop_balanced_local_bs32_800r,20260914_194714_ogbn-papers100M_FedAvg_bs32_seed42_beta10000p0,ogbn-papers100M,FedAvg,32,42,10000.0,283,validation,0.2444,3.4242,0.2444,3.4242,849,0.10700297355651855,0.10700297355651855,0.5108270645141602,0.6178300380706787,178.19669890403748,0.5108270645141602,0.6178300380706787,178.19669890403748
nc_papers100m_195trainer_0hop_balanced_local_bs32_800r,20260914_194714_ogbn-papers100M_FedAvg_bs32_seed42_beta10000p0,ogbn-papers100M,FedAvg,32,42,10000.0,284,validation,0.2443,3.4228,0.2443,3.4228,852,0.10555028915405273,0.10555028915405273,0.5129070281982422,0.6184573173522949,178.81515622138977,0.5129070281982422,0.6184573173522949,178.81515622138977
nc_papers100m_195trainer_0hop_balanced_local_bs32_800r,20260914_194714_ogbn-papers100M_FedAvg_bs32_seed42_beta10000p0,ogbn-papers100M,FedAvg,32,42,10000.0,285,validation,0.2442,3.4209,0.2442,3.4209,855,0.10514497756958008,0.10514497756958008,0.5168449878692627,0.6219899654388428,179.4371461868286,0.5168449878692627,0.6219899654388428,179.4371461868286
nc_papers100m_195trainer_0hop_balanced_local_bs32_800r,20260914_194714_ogbn-papers100M_FedAvg_bs32_seed42_beta10000p0,ogbn-papers100M,FedAvg,32,42,10000.0,286,validation,0.245,3.4185,0.245,3.4185,858,0.102996826171875,0.102996826171875,0.5093812942504883,0.6123781204223633,180.04952430725098,0.5093812942504883,0.6123781204223633,180.04952430725098
nc_papers100m_195trainer_0hop_balanced_local_bs32_800r,20260914_194714_ogbn-papers100M_FedAvg_bs32_seed42_beta10000p0,ogbn-papers100M,FedAvg,32,42,10000.0,287,validation,0.2449,3.4167,0.2449,3.4167,861,0.1050114631652832,0.1050114631652832,0.5136909484863281,0.6187024116516113,180.6682267189026,0.5136909484863281,0.6187024116516113,180.6682267189026
nc_papers100m_195trainer_0hop_balanced_local_bs32_800r,20260914_194714_ogbn-papers100M_FedAvg_bs32_seed42_beta10000p0,ogbn-papers100M,FedAvg,32,42,10000.0,288,validation,0.2449,3.4148,0.2449,3.4148,864,0.10606932640075684,0.10606932640075684,0.5230026245117188,0.6290719509124756,181.29729866981506,0.5230026245117188,0.6290719509124756,181.29729866981506
nc_papers100m_195trainer_0hop_balanced_local_bs32_800r,20260914_194714_ogbn-papers100M_FedAvg_bs32_seed42_beta10000p0,ogbn-papers100M,FedAvg,32,42,10000.0,289,validation,0.245,3.4127,0.245,3.4127,867,0.10502910614013672,0.10502910614013672,0.5132133960723877,0.6182425022125244,181.9155411720276,0.5132133960723877,0.6182425022125244,181.9155411720276
nc_papers100m_195trainer_0hop_balanced_local_bs32_800r,20260914_194714_ogbn-papers100M_FedAvg_bs32_seed42_beta10000p0,ogbn-papers100M,FedAvg,32,42,10000.0,290,validation,0.2455,3.4095,0.2455,3.4095,870,0.10245275497436523,0.10245275497436523,0.5192086696624756,0.6216614246368408,182.53720259666443,0.5192086696624756,0.6216614246368408,182.53720259666443
nc_papers100m_195trainer_0hop_balanced_local_bs32_800r,20260914_194714_ogbn-papers100M_FedAvg_bs32_seed42_beta10000p0,ogbn-papers100M,FedAvg,32,42,10000.0,291,validation,0.2457,3.4078,0.2457,3.4078,873,0.10541820526123047,0.10541820526123047,0.5411021709442139,0.6465203762054443,183.18372297286987,0.5411021709442139,0.6465203762054443,183.18372297286987
nc_papers100m_195trainer_0hop_balanced_local_bs32_800r,20260914_194714_ogbn-papers100M_FedAvg_bs32_seed42_beta10000p0,ogbn-papers100M,FedAvg,32,42,10000.0,292,validation,0.2461,3.405,0.2461,3.405,876,0.10459041595458984,0.10459041595458984,0.5197341442108154,0.6243245601654053,183.80804753303528,0.5197341442108154,0.6243245601654053,183.80804753303528
nc_papers100m_195trainer_0hop_balanced_local_bs32_800r,20260914_194714_ogbn-papers100M_FedAvg_bs32_seed42_beta10000p0,ogbn-papers100M,FedAvg,32,42,10000.0,293,validation,0.2462,3.4033,0.2462,3.4033,879,0.1035151481628418,0.1035151481628418,0.5140674114227295,0.6175825595855713,184.42563009262085,0.5140674114227295,0.6175825595855713,184.42563009262085
nc_papers100m_195trainer_0hop_balanced_local_bs32_800r,20260914_194714_ogbn-papers100M_FedAvg_bs32_seed42_beta10000p0,ogbn-papers100M,FedAvg,32,42,10000.0,294,validation,0.2465,3.4014,0.2465,3.4014,882,0.10442709922790527,0.10442709922790527,0.5108911991119385,0.6153182983398438,185.0409483909607,0.5108911991119385,0.6153182983398438,185.0409483909607
nc_papers100m_195trainer_0hop_balanced_local_bs32_800r,20260914_194714_ogbn-papers100M_FedAvg_bs32_seed42_beta10000p0,ogbn-papers100M,FedAvg,32,42,10000.0,295,validation,0.2465,3.3996,0.2465,3.3996,885,0.10490942001342773,0.10490942001342773,0.5109460353851318,0.6158554553985596,185.65680384635925,0.5109460353851318,0.6158554553985596,185.65680384635925
nc_papers100m_195trainer_0hop_balanced_local_bs32_800r,20260914_194714_ogbn-papers100M_FedAvg_bs32_seed42_beta10000p0,ogbn-papers100M,FedAvg,32,42,10000.0,296,validation,0.2466,3.3978,0.2466,3.3978,888,0.1098012924194336,0.1098012924194336,0.5169599056243896,0.6267611980438232,186.28356504440308,0.5169599056243896,0.6267611980438232,186.28356504440308
nc_papers100m_195trainer_0hop_balanced_local_bs32_800r,20260914_194714_ogbn-papers100M_FedAvg_bs32_seed42_beta10000p0,ogbn-papers100M,FedAvg,32,42,10000.0,297,validation,0.2468,3.3963,0.2468,3.3963,891,0.10364961624145508,0.10364961624145508,0.514777660369873,0.6184272766113281,186.9019923210144,0.514777660369873,0.6184272766113281,186.9019923210144
nc_papers100m_195trainer_0hop_balanced_local_bs32_800r,20260914_194714_ogbn-papers100M_FedAvg_bs32_seed42_beta10000p0,ogbn-papers100M,FedAvg,32,42,10000.0,298,validation,0.2472,3.3936,0.2472,3.3936,894,0.10776376724243164,0.10776376724243164,0.5103678703308105,0.6181316375732422,187.52012395858765,0.5103678703308105,0.6181316375732422,187.52012395858765
nc_papers100m_195trainer_0hop_balanced_local_bs32_800r,20260914_194714_ogbn-papers100M_FedAvg_bs32_seed42_beta10000p0,ogbn-papers100M,FedAvg,32,42,10000.0,299,validation,0.2474,3.3912,0.2474,3.3912,897,0.10619449615478516,0.10619449615478516,0.5073940753936768,0.6135885715484619,188.1337125301361,0.5073940753936768,0.6135885715484619,188.1337125301361
nc_papers100m_195trainer_0hop_balanced_local_bs32_800r,20260914_194714_ogbn-papers100M_FedAvg_bs32_seed42_beta10000p0,ogbn-papers100M,FedAvg,32,42,10000.0,300,validation,0.248,3.3891,0.248,3.3891,900,0.10720324516296387,0.10720324516296387,0.5087592601776123,0.6159625053405762,188.74967503547668,0.5087592601776123,0.6159625053405762,188.74967503547668
nc_papers100m_195trainer_0hop_balanced_local_bs32_800r,20260914_194714_ogbn-papers100M_FedAvg_bs32_seed42_beta10000p0,ogbn-papers100M,FedAvg,32,42,10000.0,301,validation,0.2478,3.3871,0.2478,3.3871,903,0.10765933990478516,0.10765933990478516,0.5169129371643066,0.6245722770690918,189.37424731254578,0.5169129371643066,0.6245722770690918,189.37424731254578
nc_papers100m_195trainer_0hop_balanced_local_bs32_800r,20260914_194714_ogbn-papers100M_FedAvg_bs32_seed42_beta10000p0,ogbn-papers100M,FedAvg,32,42,10000.0,302,validation,0.2479,3.3854,0.2479,3.3854,906,0.1066899299621582,0.1066899299621582,0.5111873149871826,0.6178772449493408,189.99212455749512,0.5111873149871826,0.6178772449493408,189.99212455749512
nc_papers100m_195trainer_0hop_balanced_local_bs32_800r,20260914_194714_ogbn-papers100M_FedAvg_bs32_seed42_beta10000p0,ogbn-papers100M,FedAvg,32,42,10000.0,303,validation,0.248,3.3836,0.248,3.3836,909,0.10343170166015625,0.10343170166015625,0.5217561721801758,0.625187873840332,190.61731243133545,0.5217561721801758,0.625187873840332,190.61731243133545
nc_papers100m_195trainer_0hop_balanced_local_bs32_800r,20260914_194714_ogbn-papers100M_FedAvg_bs32_seed42_beta10000p0,ogbn-papers100M,FedAvg,32,42,10000.0,304,validation,0.2479,3.3815,0.2479,3.3815,912,0.11170816421508789,0.11170816421508789,0.5207436084747314,0.6324517726898193,191.24976420402527,0.5207436084747314,0.6324517726898193,191.24976420402527
nc_papers100m_195trainer_0hop_balanced_local_bs32_800r,20260914_194714_ogbn-papers100M_FedAvg_bs32_seed42_beta10000p0,ogbn-papers100M,FedAvg,32,42,10000.0,305,validation,0.248,3.3802,0.248,3.3802,915,0.10636401176452637,0.10636401176452637,0.518829345703125,0.6251933574676514,191.87495756149292,0.518829345703125,0.6251933574676514,191.87495756149292
nc_papers100m_195trainer_0hop_balanced_local_bs32_800r,20260914_194714_ogbn-papers100M_FedAvg_bs32_seed42_beta10000p0,ogbn-papers100M,FedAvg,32,42,10000.0,306,validation,0.2485,3.3782,0.2485,3.3782,918,0.10465049743652344,0.10465049743652344,0.5157310962677002,0.6203815937042236,192.49533915519714,0.5157310962677002,0.6203815937042236,192.49533915519714
nc_papers100m_195trainer_0hop_balanced_local_bs32_800r,20260914_194714_ogbn-papers100M_FedAvg_bs32_seed42_beta10000p0,ogbn-papers100M,FedAvg,32,42,10000.0,307,validation,0.249,3.376,0.249,3.376,921,0.1039888858795166,0.1039888858795166,0.5058290958404541,0.6098179817199707,193.10515713691711,0.5058290958404541,0.6098179817199707,193.10515713691711
nc_papers100m_195trainer_0hop_balanced_local_bs32_800r,20260914_194714_ogbn-papers100M_FedAvg_bs32_seed42_beta10000p0,ogbn-papers100M,FedAvg,32,42,10000.0,308,validation,0.2494,3.3743,0.2494,3.3743,924,0.10390591621398926,0.10390591621398926,0.5142242908477783,0.6181302070617676,193.72328734397888,0.5142242908477783,0.6181302070617676,193.72328734397888
nc_papers100m_195trainer_0hop_balanced_local_bs32_800r,20260914_194714_ogbn-papers100M_FedAvg_bs32_seed42_beta10000p0,ogbn-papers100M,FedAvg,32,42,10000.0,309,validation,0.2496,3.3718,0.2496,3.3718,927,0.10311341285705566,0.10311341285705566,0.5200657844543457,0.6231791973114014,194.34646654129028,0.5200657844543457,0.6231791973114014,194.34646654129028
nc_papers100m_195trainer_0hop_balanced_local_bs32_800r,20260914_194714_ogbn-papers100M_FedAvg_bs32_seed42_beta10000p0,ogbn-papers100M,FedAvg,32,42,10000.0,310,validation,0.25,3.3692,0.25,3.3692,930,0.10416531562805176,0.10416531562805176,0.512242317199707,0.6164076328277588,194.96287417411804,0.512242317199707,0.6164076328277588,194.96287417411804
nc_papers100m_195trainer_0hop_balanced_local_bs32_800r,20260914_194714_ogbn-papers100M_FedAvg_bs32_seed42_beta10000p0,ogbn-papers100M,FedAvg,32,42,10000.0,311,validation,0.2502,3.3675,0.2502,3.3675,933,0.10507512092590332,0.10507512092590332,0.5144968032836914,0.6195719242095947,195.58244609832764,0.5144968032836914,0.6195719242095947,195.58244609832764
nc_papers100m_195trainer_0hop_balanced_local_bs32_800r,20260914_194714_ogbn-papers100M_FedAvg_bs32_seed42_beta10000p0,ogbn-papers100M,FedAvg,32,42,10000.0,312,validation,0.25,3.3659,0.25,3.3659,936,0.10341596603393555,0.10341596603393555,0.5666687488555908,0.6700847148895264,196.25253081321716,0.5666687488555908,0.6700847148895264,196.25253081321716
nc_papers100m_195trainer_0hop_balanced_local_bs32_800r,20260914_194714_ogbn-papers100M_FedAvg_bs32_seed42_beta10000p0,ogbn-papers100M,FedAvg,32,42,10000.0,313,validation,0.2505,3.364,0.2505,3.364,939,0.10340380668640137,0.10340380668640137,0.5191564559936523,0.6225602626800537,196.87509107589722,0.5191564559936523,0.6225602626800537,196.87509107589722
nc_papers100m_195trainer_0hop_balanced_local_bs32_800r,20260914_194714_ogbn-papers100M_FedAvg_bs32_seed42_beta10000p0,ogbn-papers100M,FedAvg,32,42,10000.0,314,validation,0.2506,3.3623,0.2506,3.3623,942,0.1053915023803711,0.1053915023803711,0.5133035182952881,0.6186950206756592,197.49378609657288,0.5133035182952881,0.6186950206756592,197.49378609657288
nc_papers100m_195trainer_0hop_balanced_local_bs32_800r,20260914_194714_ogbn-papers100M_FedAvg_bs32_seed42_beta10000p0,ogbn-papers100M,FedAvg,32,42,10000.0,315,validation,0.2508,3.3604,0.2508,3.3604,945,0.10891008377075195,0.10891008377075195,0.5126481056213379,0.6215581893920898,198.11534428596497,0.5126481056213379,0.6215581893920898,198.11534428596497
nc_papers100m_195trainer_0hop_balanced_local_bs32_800r,20260914_194714_ogbn-papers100M_FedAvg_bs32_seed42_beta10000p0,ogbn-papers100M,FedAvg,32,42,10000.0,316,validation,0.2507,3.3585,0.2507,3.3585,948,0.1068885326385498,0.1068885326385498,0.5226523876190186,0.6295409202575684,198.74488520622253,0.5226523876190186,0.6295409202575684,198.74488520622253
nc_papers100m_195trainer_0hop_balanced_local_bs32_800r,20260914_194714_ogbn-papers100M_FedAvg_bs32_seed42_beta10000p0,ogbn-papers100M,FedAvg,32,42,10000.0,317,validation,0.2511,3.3561,0.2511,3.3561,951,0.10680651664733887,0.10680651664733887,0.5119726657867432,0.618779182434082,199.36366438865662,0.5119726657867432,0.618779182434082,199.36366438865662
nc_papers100m_195trainer_0hop_balanced_local_bs32_800r,20260914_194714_ogbn-papers100M_FedAvg_bs32_seed42_beta10000p0,ogbn-papers100M,FedAvg,32,42,10000.0,318,validation,0.2509,3.3544,0.2509,3.3544,954,0.10738754272460938,0.10738754272460938,0.5252208709716797,0.6326084136962891,199.9962728023529,0.5252208709716797,0.6326084136962891,199.9962728023529
nc_papers100m_195trainer_0hop_balanced_local_bs32_800r,20260914_194714_ogbn-papers100M_FedAvg_bs32_seed42_beta10000p0,ogbn-papers100M,FedAvg,32,42,10000.0,319,validation,0.251,3.3521,0.251,3.3521,957,0.10451364517211914,0.10451364517211914,0.524101972579956,0.6286156177520752,200.62488842010498,0.524101972579956,0.6286156177520752,200.62488842010498
nc_papers100m_195trainer_0hop_balanced_local_bs32_800r,20260914_194714_ogbn-papers100M_FedAvg_bs32_seed42_beta10000p0,ogbn-papers100M,FedAvg,32,42,10000.0,320,validation,0.2513,3.3499,0.2513,3.3499,960,0.10466814041137695,0.10466814041137695,0.5102267265319824,0.6148948669433594,201.23978328704834,0.5102267265319824,0.6148948669433594,201.23978328704834
nc_papers100m_195trainer_0hop_balanced_local_bs32_800r,20260914_194714_ogbn-papers100M_FedAvg_bs32_seed42_beta10000p0,ogbn-papers100M,FedAvg,32,42,10000.0,321,validation,0.2514,3.3479,0.2514,3.3479,963,0.10950064659118652,0.10950064659118652,0.669144868850708,0.7786455154418945,202.01842880249023,0.669144868850708,0.7786455154418945,202.01842880249023
nc_papers100m_195trainer_0hop_balanced_local_bs32_800r,20260914_194714_ogbn-papers100M_FedAvg_bs32_seed42_beta10000p0,ogbn-papers100M,FedAvg,32,42,10000.0,322,validation,0.2518,3.3472,0.2518,3.3472,966,0.10723280906677246,0.10723280906677246,0.5275957584381104,0.6348285675048828,202.65325736999512,0.5275957584381104,0.6348285675048828,202.65325736999512
nc_papers100m_195trainer_0hop_balanced_local_bs32_800r,20260914_194714_ogbn-papers100M_FedAvg_bs32_seed42_beta10000p0,ogbn-papers100M,FedAvg,32,42,10000.0,323,validation,0.2521,3.3449,0.2521,3.3449,969,0.10588598251342773,0.10588598251342773,0.522676944732666,0.6285629272460938,203.2818202972412,0.522676944732666,0.6285629272460938,203.2818202972412
nc_papers100m_195trainer_0hop_balanced_local_bs32_800r,20260914_194714_ogbn-papers100M_FedAvg_bs32_seed42_beta10000p0,ogbn-papers100M,FedAvg,32,42,10000.0,324,validation,0.2524,3.3428,0.2524,3.3428,972,0.10478663444519043,0.10478663444519043,0.5222690105438232,0.6270556449890137,203.90887594223022,0.5222690105438232,0.6270556449890137,203.90887594223022
nc_papers100m_195trainer_0hop_balanced_local_bs32_800r,20260914_194714_ogbn-papers100M_FedAvg_bs32_seed42_beta10000p0,ogbn-papers100M,FedAvg,32,42,10000.0,325,validation,0.2524,3.3411,0.2524,3.3411,975,0.10626387596130371,0.10626387596130371,0.514254093170166,0.6205179691314697,204.5293939113617,0.514254093170166,0.6205179691314697,204.5293939113617
nc_papers100m_195trainer_0hop_balanced_local_bs32_800r,20260914_194714_ogbn-papers100M_FedAvg_bs32_seed42_beta10000p0,ogbn-papers100M,FedAvg,32,42,10000.0,326,validation,0.2526,3.3394,0.2526,3.3394,978,0.1086273193359375,0.1086273193359375,0.5182735919952393,0.6269009113311768,205.15629482269287,0.5182735919952393,0.6269009113311768,205.15629482269287
nc_papers100m_195trainer_0hop_balanced_local_bs32_800r,20260914_194714_ogbn-papers100M_FedAvg_bs32_seed42_beta10000p0,ogbn-papers100M,FedAvg,32,42,10000.0,327,validation,0.2523,3.3386,0.2523,3.3386,981,0.1051628589630127,0.1051628589630127,0.508887767791748,0.6140506267547607,205.77034544944763,0.508887767791748,0.6140506267547607,205.77034544944763
nc_papers100m_195trainer_0hop_balanced_local_bs32_800r,20260914_194714_ogbn-papers100M_FedAvg_bs32_seed42_beta10000p0,ogbn-papers100M,FedAvg,32,42,10000.0,328,validation,0.2526,3.337,0.2526,3.337,984,0.10328054428100586,0.10328054428100586,0.5095593929290771,0.612839937210083,206.38318538665771,0.5095593929290771,0.612839937210083,206.38318538665771
nc_papers100m_195trainer_0hop_balanced_local_bs32_800r,20260914_194714_ogbn-papers100M_FedAvg_bs32_seed42_beta10000p0,ogbn-papers100M,FedAvg,32,42,10000.0,329,validation,0.2532,3.3348,0.2532,3.3348,987,0.10527801513671875,0.10527801513671875,0.5148065090179443,0.6200845241546631,207.00326991081238,0.5148065090179443,0.6200845241546631,207.00326991081238
nc_papers100m_195trainer_0hop_balanced_local_bs32_800r,20260914_194714_ogbn-papers100M_FedAvg_bs32_seed42_beta10000p0,ogbn-papers100M,FedAvg,32,42,10000.0,330,validation,0.2534,3.3333,0.2534,3.3333,990,0.1043691635131836,0.1043691635131836,0.5066037178039551,0.6109728813171387,207.61424279212952,0.5066037178039551,0.6109728813171387,207.61424279212952
nc_papers100m_195trainer_0hop_balanced_local_bs32_800r,20260914_194714_ogbn-papers100M_FedAvg_bs32_seed42_beta10000p0,ogbn-papers100M,FedAvg,32,42,10000.0,331,validation,0.2533,3.3323,0.2533,3.3323,993,0.10600948333740234,0.10600948333740234,0.5106222629547119,0.6166317462921143,208.23087453842163,0.5106222629547119,0.6166317462921143,208.23087453842163
nc_papers100m_195trainer_0hop_balanced_local_bs32_800r,20260914_194714_ogbn-papers100M_FedAvg_bs32_seed42_beta10000p0,ogbn-papers100M,FedAvg,32,42,10000.0,332,validation,0.2539,3.3305,0.2539,3.3305,996,0.10702347755432129,0.10702347755432129,0.5121021270751953,0.6191256046295166,208.85000014305115,0.5121021270751953,0.6191256046295166,208.85000014305115
nc_papers100m_195trainer_0hop_balanced_local_bs32_800r,20260914_194714_ogbn-papers100M_FedAvg_bs32_seed42_beta10000p0,ogbn-papers100M,FedAvg,32,42,10000.0,333,validation,0.2536,3.3291,0.2536,3.3291,999,0.10425424575805664,0.10425424575805664,0.520611047744751,0.6248652935028076,209.47486543655396,0.520611047744751,0.6248652935028076,209.47486543655396
nc_papers100m_195trainer_0hop_balanced_local_bs32_800r,20260914_194714_ogbn-papers100M_FedAvg_bs32_seed42_beta10000p0,ogbn-papers100M,FedAvg,32,42,10000.0,334,validation,0.2539,3.3273,0.2539,3.3273,1002,0.10572600364685059,0.10572600364685059,0.5140671730041504,0.619793176651001,210.09465861320496,0.5140671730041504,0.619793176651001,210.09465861320496
nc_papers100m_195trainer_0hop_balanced_local_bs32_800r,20260914_194714_ogbn-papers100M_FedAvg_bs32_seed42_beta10000p0,ogbn-papers100M,FedAvg,32,42,10000.0,335,validation,0.2545,3.3256,0.2545,3.3256,1005,0.10532736778259277,0.10532736778259277,0.5084772109985352,0.6138045787811279,210.70846319198608,0.5084772109985352,0.6138045787811279,210.70846319198608
nc_papers100m_195trainer_0hop_balanced_local_bs32_800r,20260914_194714_ogbn-papers100M_FedAvg_bs32_seed42_beta10000p0,ogbn-papers100M,FedAvg,32,42,10000.0,336,validation,0.2545,3.3241,0.2545,3.3241,1008,0.10904765129089355,0.10904765129089355,0.5088071823120117,0.6178548336029053,211.326318025589,0.5088071823120117,0.6178548336029053,211.326318025589
nc_papers100m_195trainer_0hop_balanced_local_bs32_800r,20260914_194714_ogbn-papers100M_FedAvg_bs32_seed42_beta10000p0,ogbn-papers100M,FedAvg,32,42,10000.0,337,validation,0.2545,3.3221,0.2545,3.3221,1011,0.10774016380310059,0.10774016380310059,0.5100538730621338,0.6177940368652344,211.94411206245422,0.5100538730621338,0.6177940368652344,211.94411206245422
nc_papers100m_195trainer_0hop_balanced_local_bs32_800r,20260914_194714_ogbn-papers100M_FedAvg_bs32_seed42_beta10000p0,ogbn-papers100M,FedAvg,32,42,10000.0,338,validation,0.2548,3.3201,0.2548,3.3201,1014,0.10939145088195801,0.10939145088195801,0.5602681636810303,0.6696596145629883,212.6137716770172,0.5602681636810303,0.6696596145629883,212.6137716770172
nc_papers100m_195trainer_0hop_balanced_local_bs32_800r,20260914_194714_ogbn-papers100M_FedAvg_bs32_seed42_beta10000p0,ogbn-papers100M,FedAvg,32,42,10000.0,339,validation,0.2551,3.3184,0.2551,3.3184,1017,0.10447835922241211,0.10447835922241211,0.5278346538543701,0.6323130130767822,213.246084690094,0.5278346538543701,0.6323130130767822,213.246084690094
nc_papers100m_195trainer_0hop_balanced_local_bs32_800r,20260914_194714_ogbn-papers100M_FedAvg_bs32_seed42_beta10000p0,ogbn-papers100M,FedAvg,32,42,10000.0,340,validation,0.2549,3.317,0.2549,3.317,1020,0.1046152114868164,0.1046152114868164,0.5168020725250244,0.6214172840118408,213.86750197410583,0.5168020725250244,0.6214172840118408,213.86750197410583
nc_papers100m_195trainer_0hop_balanced_local_bs32_800r,20260914_194714_ogbn-papers100M_FedAvg_bs32_seed42_beta10000p0,ogbn-papers100M,FedAvg,32,42,10000.0,341,validation,0.2555,3.3142,0.2555,3.3142,1023,0.104705810546875,0.104705810546875,0.526853084564209,0.631558895111084,214.49906086921692,0.526853084564209,0.631558895111084,214.49906086921692
nc_papers100m_195trainer_0hop_balanced_local_bs32_800r,20260914_194714_ogbn-papers100M_FedAvg_bs32_seed42_beta10000p0,ogbn-papers100M,FedAvg,32,42,10000.0,342,validation,0.2553,3.3126,0.2553,3.3126,1026,0.10659456253051758,0.10659456253051758,0.5172605514526367,0.6238551139831543,215.12291598320007,0.5172605514526367,0.6238551139831543,215.12291598320007
nc_papers100m_195trainer_0hop_balanced_local_bs32_800r,20260914_194714_ogbn-papers100M_FedAvg_bs32_seed42_beta10000p0,ogbn-papers100M,FedAvg,32,42,10000.0,343,validation,0.2555,3.311,0.2555,3.311,1029,0.10549640655517578,0.10549640655517578,0.5218734741210938,0.6273698806762695,215.75028586387634,0.5218734741210938,0.6273698806762695,215.75028586387634
nc_papers100m_195trainer_0hop_balanced_local_bs32_800r,20260914_194714_ogbn-papers100M_FedAvg_bs32_seed42_beta10000p0,ogbn-papers100M,FedAvg,32,42,10000.0,344,validation,0.2554,3.3089,0.2554,3.3089,1032,0.10507822036743164,0.10507822036743164,0.5176007747650146,0.6226789951324463,216.3729648590088,0.5176007747650146,0.6226789951324463,216.3729648590088
nc_papers100m_195trainer_0hop_balanced_local_bs32_800r,20260914_194714_ogbn-papers100M_FedAvg_bs32_seed42_beta10000p0,ogbn-papers100M,FedAvg,32,42,10000.0,345,validation,0.2555,3.3072,0.2555,3.3072,1035,0.10456562042236328,0.10456562042236328,0.516970157623291,0.6215357780456543,216.99450063705444,0.516970157623291,0.6215357780456543,216.99450063705444
nc_papers100m_195trainer_0hop_balanced_local_bs32_800r,20260914_194714_ogbn-papers100M_FedAvg_bs32_seed42_beta10000p0,ogbn-papers100M,FedAvg,32,42,10000.0,346,validation,0.2563,3.306,0.2563,3.306,1038,0.10569071769714355,0.10569071769714355,0.5135388374328613,0.6192295551300049,217.61373019218445,0.5135388374328613,0.6192295551300049,217.61373019218445
nc_papers100m_195trainer_0hop_balanced_local_bs32_800r,20260914_194714_ogbn-papers100M_FedAvg_bs32_seed42_beta10000p0,ogbn-papers100M,FedAvg,32,42,10000.0,347,validation,0.2565,3.3042,0.2565,3.3042,1041,0.1040034294128418,0.1040034294128418,0.5087974071502686,0.6128008365631104,218.22653102874756,0.5087974071502686,0.6128008365631104,218.22653102874756
nc_papers100m_195trainer_0hop_balanced_local_bs32_800r,20260914_194714_ogbn-papers100M_FedAvg_bs32_seed42_beta10000p0,ogbn-papers100M,FedAvg,32,42,10000.0,348,validation,0.2565,3.3021,0.2565,3.3021,1044,0.10552358627319336,0.10552358627319336,0.5014128684997559,0.6069364547729492,218.8334674835205,0.5014128684997559,0.6069364547729492,218.8334674835205
nc_papers100m_195trainer_0hop_balanced_local_bs32_800r,20260914_194714_ogbn-papers100M_FedAvg_bs32_seed42_beta10000p0,ogbn-papers100M,FedAvg,32,42,10000.0,349,validation,0.257,3.3006,0.257,3.3006,1047,0.10764884948730469,0.10764884948730469,0.5102710723876953,0.617919921875,219.4513874053955,0.5102710723876953,0.617919921875,219.4513874053955
nc_papers100m_195trainer_0hop_balanced_local_bs32_800r,20260914_194714_ogbn-papers100M_FedAvg_bs32_seed42_beta10000p0,ogbn-papers100M,FedAvg,32,42,10000.0,350,validation,0.2572,3.2985,0.2572,3.2985,1050,0.10440325736999512,0.10440325736999512,0.5086092948913574,0.6130125522613525,220.06439995765686,0.5086092948913574,0.6130125522613525,220.06439995765686
nc_papers100m_195trainer_0hop_balanced_local_bs32_800r,20260914_194714_ogbn-papers100M_FedAvg_bs32_seed42_beta10000p0,ogbn-papers100M,FedAvg,32,42,10000.0,351,validation,0.2572,3.2962,0.2572,3.2962,1053,0.10317182540893555,0.10317182540893555,0.5106892585754395,0.613861083984375,220.67826104164124,0.5106892585754395,0.613861083984375,220.67826104164124
nc_papers100m_195trainer_0hop_balanced_local_bs32_800r,20260914_194714_ogbn-papers100M_FedAvg_bs32_seed42_beta10000p0,ogbn-papers100M,FedAvg,32,42,10000.0,352,validation,0.2574,3.2946,0.2574,3.2946,1056,0.10566902160644531,0.10566902160644531,0.5129187107086182,0.6185877323150635,221.2968487739563,0.5129187107086182,0.6185877323150635,221.2968487739563
nc_papers100m_195trainer_0hop_balanced_local_bs32_800r,20260914_194714_ogbn-papers100M_FedAvg_bs32_seed42_beta10000p0,ogbn-papers100M,FedAvg,32,42,10000.0,353,validation,0.2581,3.2927,0.2581,3.2927,1059,0.10673999786376953,0.10673999786376953,0.513343334197998,0.6200833320617676,221.91693210601807,0.513343334197998,0.6200833320617676,221.91693210601807
nc_papers100m_195trainer_0hop_balanced_local_bs32_800r,20260914_194714_ogbn-papers100M_FedAvg_bs32_seed42_beta10000p0,ogbn-papers100M,FedAvg,32,42,10000.0,354,validation,0.2578,3.2911,0.2578,3.2911,1062,0.10617232322692871,0.10617232322692871,0.5253117084503174,0.6314840316772461,222.5484161376953,0.5253117084503174,0.6314840316772461,222.5484161376953
nc_papers100m_195trainer_0hop_balanced_local_bs32_800r,20260914_194714_ogbn-papers100M_FedAvg_bs32_seed42_beta10000p0,ogbn-papers100M,FedAvg,32,42,10000.0,355,validation,0.2576,3.2901,0.2576,3.2901,1065,0.10480570793151855,0.10480570793151855,0.5242235660552979,0.6290292739868164,223.17744541168213,0.5242235660552979,0.6290292739868164,223.17744541168213
nc_papers100m_195trainer_0hop_balanced_local_bs32_800r,20260914_194714_ogbn-papers100M_FedAvg_bs32_seed42_beta10000p0,ogbn-papers100M,FedAvg,32,42,10000.0,356,validation,0.2583,3.289,0.2583,3.289,1068,0.10399794578552246,0.10399794578552246,0.5185182094573975,0.6225161552429199,223.79996156692505,0.5185182094573975,0.6225161552429199,223.79996156692505
nc_papers100m_195trainer_0hop_balanced_local_bs32_800r,20260914_194714_ogbn-papers100M_FedAvg_bs32_seed42_beta10000p0,ogbn-papers100M,FedAvg,32,42,10000.0,357,validation,0.2581,3.2876,0.2581,3.2876,1071,0.10466527938842773,0.10466527938842773,0.513498067855835,0.6181633472442627,224.4181249141693,0.513498067855835,0.6181633472442627,224.4181249141693
nc_papers100m_195trainer_0hop_balanced_local_bs32_800r,20260914_194714_ogbn-papers100M_FedAvg_bs32_seed42_beta10000p0,ogbn-papers100M,FedAvg,32,42,10000.0,358,validation,0.2586,3.2855,0.2586,3.2855,1074,0.10737252235412598,0.10737252235412598,0.5219993591308594,0.6293718814849854,225.0474967956543,0.5219993591308594,0.6293718814849854,225.0474967956543
nc_papers100m_195trainer_0hop_balanced_local_bs32_800r,20260914_194714_ogbn-papers100M_FedAvg_bs32_seed42_beta10000p0,ogbn-papers100M,FedAvg,32,42,10000.0,359,validation,0.2587,3.2847,0.2587,3.2847,1077,0.10516071319580078,0.10516071319580078,0.5214104652404785,0.6265711784362793,225.67406797409058,0.5214104652404785,0.6265711784362793,225.67406797409058
nc_papers100m_195trainer_0hop_balanced_local_bs32_800r,20260914_194714_ogbn-papers100M_FedAvg_bs32_seed42_beta10000p0,ogbn-papers100M,FedAvg,32,42,10000.0,360,validation,0.2584,3.2827,0.2584,3.2827,1080,0.10579133033752441,0.10579133033752441,0.5166745185852051,0.6224658489227295,226.2965338230133,0.5166745185852051,0.6224658489227295,226.2965338230133
nc_papers100m_195trainer_0hop_balanced_local_bs32_800r,20260914_194714_ogbn-papers100M_FedAvg_bs32_seed42_beta10000p0,ogbn-papers100M,FedAvg,32,42,10000.0,361,validation,0.2592,3.2809,0.2592,3.2809,1083,0.10215330123901367,0.10215330123901367,0.5117142200469971,0.6138675212860107,226.91040134429932,0.5117142200469971,0.6138675212860107,226.91040134429932
nc_papers100m_195trainer_0hop_balanced_local_bs32_800r,20260914_194714_ogbn-papers100M_FedAvg_bs32_seed42_beta10000p0,ogbn-papers100M,FedAvg,32,42,10000.0,362,validation,0.2592,3.2795,0.2592,3.2795,1086,0.10691142082214355,0.10691142082214355,0.5172634124755859,0.6241748332977295,227.53457617759705,0.5172634124755859,0.6241748332977295,227.53457617759705
nc_papers100m_195trainer_0hop_balanced_local_bs32_800r,20260914_194714_ogbn-papers100M_FedAvg_bs32_seed42_beta10000p0,ogbn-papers100M,FedAvg,32,42,10000.0,363,validation,0.2591,3.2784,0.2591,3.2784,1089,0.10357880592346191,0.10357880592346191,0.5142757892608643,0.6178545951843262,228.15243077278137,0.5142757892608643,0.6178545951843262,228.15243077278137
nc_papers100m_195trainer_0hop_balanced_local_bs32_800r,20260914_194714_ogbn-papers100M_FedAvg_bs32_seed42_beta10000p0,ogbn-papers100M,FedAvg,32,42,10000.0,364,validation,0.2592,3.2769,0.2592,3.2769,1092,0.10621070861816406,0.10621070861816406,0.5214564800262451,0.6276671886444092,228.78009796142578,0.5214564800262451,0.6276671886444092,228.78009796142578
nc_papers100m_195trainer_0hop_balanced_local_bs32_800r,20260914_194714_ogbn-papers100M_FedAvg_bs32_seed42_beta10000p0,ogbn-papers100M,FedAvg,32,42,10000.0,365,validation,0.2592,3.2754,0.2592,3.2754,1095,0.10524654388427734,0.10524654388427734,0.5081603527069092,0.6134068965911865,229.39350485801697,0.5081603527069092,0.6134068965911865,229.39350485801697
nc_papers100m_195trainer_0hop_balanced_local_bs32_800r,20260914_194714_ogbn-papers100M_FedAvg_bs32_seed42_beta10000p0,ogbn-papers100M,FedAvg,32,42,10000.0,366,validation,0.2597,3.2735,0.2597,3.2735,1098,0.10185384750366211,0.10185384750366211,0.5131163597106934,0.6149702072143555,230.00847506523132,0.5131163597106934,0.6149702072143555,230.00847506523132
nc_papers100m_195trainer_0hop_balanced_local_bs32_800r,20260914_194714_ogbn-papers100M_FedAvg_bs32_seed42_beta10000p0,ogbn-papers100M,FedAvg,32,42,10000.0,367,validation,0.2594,3.2719,0.2594,3.2719,1101,0.10220193862915039,0.10220193862915039,0.5053889751434326,0.607590913772583,230.6160659790039,0.5053889751434326,0.607590913772583,230.6160659790039
nc_papers100m_195trainer_0hop_balanced_local_bs32_800r,20260914_194714_ogbn-papers100M_FedAvg_bs32_seed42_beta10000p0,ogbn-papers100M,FedAvg,32,42,10000.0,368,validation,0.2601,3.2708,0.2601,3.2708,1104,0.10899662971496582,0.10899662971496582,0.503690242767334,0.6126868724822998,231.2287528514862,0.503690242767334,0.6126868724822998,231.2287528514862
nc_papers100m_195trainer_0hop_balanced_local_bs32_800r,20260914_194714_ogbn-papers100M_FedAvg_bs32_seed42_beta10000p0,ogbn-papers100M,FedAvg,32,42,10000.0,369,validation,0.2601,3.27,0.2601,3.27,1107,0.10376715660095215,0.10376715660095215,0.5087063312530518,0.6124734878540039,231.8412263393402,0.5087063312530518,0.6124734878540039,231.8412263393402
nc_papers100m_195trainer_0hop_balanced_local_bs32_800r,20260914_194714_ogbn-papers100M_FedAvg_bs32_seed42_beta10000p0,ogbn-papers100M,FedAvg,32,42,10000.0,370,validation,0.2601,3.2683,0.2601,3.2683,1110,0.10456967353820801,0.10456967353820801,0.5092868804931641,0.6138565540313721,232.45508289337158,0.5092868804931641,0.6138565540313721,232.45508289337158
nc_papers100m_195trainer_0hop_balanced_local_bs32_800r,20260914_194714_ogbn-papers100M_FedAvg_bs32_seed42_beta10000p0,ogbn-papers100M,FedAvg,32,42,10000.0,371,validation,0.2604,3.2667,0.2604,3.2667,1113,0.10928940773010254,0.10928940773010254,0.5221054553985596,0.6313948631286621,233.08647775650024,0.5221054553985596,0.6313948631286621,233.08647775650024
nc_papers100m_195trainer_0hop_balanced_local_bs32_800r,20260914_194714_ogbn-papers100M_FedAvg_bs32_seed42_beta10000p0,ogbn-papers100M,FedAvg,32,42,10000.0,372,validation,0.2606,3.2645,0.2606,3.2645,1116,0.10466408729553223,0.10466408729553223,0.513890266418457,0.6185543537139893,233.70503211021423,0.513890266418457,0.6185543537139893,233.70503211021423
nc_papers100m_195trainer_0hop_balanced_local_bs32_800r,20260914_194714_ogbn-papers100M_FedAvg_bs32_seed42_beta10000p0,ogbn-papers100M,FedAvg,32,42,10000.0,373,validation,0.2608,3.263,0.2608,3.263,1119,0.10249924659729004,0.10249924659729004,0.5190744400024414,0.6215736865997314,234.32660579681396,0.5190744400024414,0.6215736865997314,234.32660579681396
nc_papers100m_195trainer_0hop_balanced_local_bs32_800r,20260914_194714_ogbn-papers100M_FedAvg_bs32_seed42_beta10000p0,ogbn-papers100M,FedAvg,32,42,10000.0,374,validation,0.261,3.2618,0.261,3.2618,1122,0.10487604141235352,0.10487604141235352,0.5165853500366211,0.6214613914489746,234.94806718826294,0.5165853500366211,0.6214613914489746,234.94806718826294
nc_papers100m_195trainer_0hop_balanced_local_bs32_800r,20260914_194714_ogbn-papers100M_FedAvg_bs32_seed42_beta10000p0,ogbn-papers100M,FedAvg,32,42,10000.0,375,validation,0.2612,3.2607,0.2612,3.2607,1125,0.10694670677185059,0.10694670677185059,0.5495960712432861,0.6565427780151367,235.60460996627808,0.5495960712432861,0.6565427780151367,235.60460996627808
nc_papers100m_195trainer_0hop_balanced_local_bs32_800r,20260914_194714_ogbn-papers100M_FedAvg_bs32_seed42_beta10000p0,ogbn-papers100M,FedAvg,32,42,10000.0,376,validation,0.2615,3.259,0.2615,3.259,1128,0.10757946968078613,0.10757946968078613,0.5161721706390381,0.6237516403198242,236.2283616065979,0.5161721706390381,0.6237516403198242,236.2283616065979
nc_papers100m_195trainer_0hop_balanced_local_bs32_800r,20260914_194714_ogbn-papers100M_FedAvg_bs32_seed42_beta10000p0,ogbn-papers100M,FedAvg,32,42,10000.0,377,validation,0.2616,3.2574,0.2616,3.2574,1131,0.1050417423248291,0.1050417423248291,0.5156416893005371,0.6206834316253662,236.84904503822327,0.5156416893005371,0.6206834316253662,236.84904503822327
nc_papers100m_195trainer_0hop_balanced_local_bs32_800r,20260914_194714_ogbn-papers100M_FedAvg_bs32_seed42_beta10000p0,ogbn-papers100M,FedAvg,32,42,10000.0,378,validation,0.2617,3.2559,0.2617,3.2559,1134,0.10335659980773926,0.10335659980773926,0.5155158042907715,0.6188724040985107,237.46791744232178,0.5155158042907715,0.6188724040985107,237.46791744232178
nc_papers100m_195trainer_0hop_balanced_local_bs32_800r,20260914_194714_ogbn-papers100M_FedAvg_bs32_seed42_beta10000p0,ogbn-papers100M,FedAvg,32,42,10000.0,379,validation,0.2619,3.2542,0.2619,3.2542,1137,0.10458540916442871,0.10458540916442871,0.5197875499725342,0.6243729591369629,238.09229040145874,0.5197875499725342,0.6243729591369629,238.09229040145874
nc_papers100m_195trainer_0hop_balanced_local_bs32_800r,20260914_194714_ogbn-papers100M_FedAvg_bs32_seed42_beta10000p0,ogbn-papers100M,FedAvg,32,42,10000.0,380,validation,0.2619,3.2533,0.2619,3.2533,1140,0.10452675819396973,0.10452675819396973,0.516721248626709,0.6212480068206787,238.71353840827942,0.516721248626709,0.6212480068206787,238.71353840827942
nc_papers100m_195trainer_0hop_balanced_local_bs32_800r,20260914_194714_ogbn-papers100M_FedAvg_bs32_seed42_beta10000p0,ogbn-papers100M,FedAvg,32,42,10000.0,381,validation,0.2623,3.2517,0.2623,3.2517,1143,0.10739421844482422,0.10739421844482422,0.5121145248413086,0.6195087432861328,239.33304715156555,0.5121145248413086,0.6195087432861328,239.33304715156555
nc_papers100m_195trainer_0hop_balanced_local_bs32_800r,20260914_194714_ogbn-papers100M_FedAvg_bs32_seed42_beta10000p0,ogbn-papers100M,FedAvg,32,42,10000.0,382,validation,0.2623,3.2502,0.2623,3.2502,1146,0.10431337356567383,0.10431337356567383,0.5109264850616455,0.6152398586273193,239.94828701019287,0.5109264850616455,0.6152398586273193,239.94828701019287
nc_papers100m_195trainer_0hop_balanced_local_bs32_800r,20260914_194714_ogbn-papers100M_FedAvg_bs32_seed42_beta10000p0,ogbn-papers100M,FedAvg,32,42,10000.0,383,validation,0.263,3.2483,0.263,3.2483,1149,0.10275840759277344,0.10275840759277344,0.5055997371673584,0.6083581447601318,240.556645154953,0.5055997371673584,0.6083581447601318,240.556645154953
nc_papers100m_195trainer_0hop_balanced_local_bs32_800r,20260914_194714_ogbn-papers100M_FedAvg_bs32_seed42_beta10000p0,ogbn-papers100M,FedAvg,32,42,10000.0,384,validation,0.2633,3.2463,0.2633,3.2463,1152,0.10444092750549316,0.10444092750549316,0.5096204280853271,0.6140613555908203,241.17070651054382,0.5096204280853271,0.6140613555908203,241.17070651054382
nc_papers100m_195trainer_0hop_balanced_local_bs32_800r,20260914_194714_ogbn-papers100M_FedAvg_bs32_seed42_beta10000p0,ogbn-papers100M,FedAvg,32,42,10000.0,385,validation,0.2633,3.2457,0.2633,3.2457,1155,0.10707569122314453,0.10707569122314453,0.5204410552978516,0.6275167465209961,241.79822325706482,0.5204410552978516,0.6275167465209961,241.79822325706482
nc_papers100m_195trainer_0hop_balanced_local_bs32_800r,20260914_194714_ogbn-papers100M_FedAvg_bs32_seed42_beta10000p0,ogbn-papers100M,FedAvg,32,42,10000.0,386,validation,0.2633,3.2435,0.2633,3.2435,1158,0.10747766494750977,0.10747766494750977,0.5097124576568604,0.6171901226043701,242.4154133796692,0.5097124576568604,0.6171901226043701,242.4154133796692
nc_papers100m_195trainer_0hop_balanced_local_bs32_800r,20260914_194714_ogbn-papers100M_FedAvg_bs32_seed42_beta10000p0,ogbn-papers100M,FedAvg,32,42,10000.0,387,validation,0.2633,3.2416,0.2633,3.2416,1161,0.10492467880249023,0.10492467880249023,0.5169970989227295,0.6219217777252197,243.0373351573944,0.5169970989227295,0.6219217777252197,243.0373351573944
nc_papers100m_195trainer_0hop_balanced_local_bs32_800r,20260914_194714_ogbn-papers100M_FedAvg_bs32_seed42_beta10000p0,ogbn-papers100M,FedAvg,32,42,10000.0,388,validation,0.2636,3.2404,0.2636,3.2404,1164,0.10439038276672363,0.10439038276672363,0.5124034881591797,0.6167938709259033,243.6541290283203,0.5124034881591797,0.6167938709259033,243.6541290283203
nc_papers100m_195trainer_0hop_balanced_local_bs32_800r,20260914_194714_ogbn-papers100M_FedAvg_bs32_seed42_beta10000p0,ogbn-papers100M,FedAvg,32,42,10000.0,389,validation,0.2638,3.2388,0.2638,3.2388,1167,0.10311722755432129,0.10311722755432129,0.5085780620574951,0.6116952896118164,244.26582431793213,0.5085780620574951,0.6116952896118164,244.26582431793213
nc_papers100m_195trainer_0hop_balanced_local_bs32_800r,20260914_194714_ogbn-papers100M_FedAvg_bs32_seed42_beta10000p0,ogbn-papers100M,FedAvg,32,42,10000.0,390,validation,0.2639,3.237,0.2639,3.237,1170,0.10295534133911133,0.10295534133911133,0.5105395317077637,0.613494873046875,244.879319190979,0.5105395317077637,0.613494873046875,244.879319190979
nc_papers100m_195trainer_0hop_balanced_local_bs32_800r,20260914_194714_ogbn-papers100M_FedAvg_bs32_seed42_beta10000p0,ogbn-papers100M,FedAvg,32,42,10000.0,391,validation,0.2642,3.2355,0.2642,3.2355,1173,0.10673046112060547,0.10673046112060547,0.5156071186065674,0.6223375797271729,245.50165677070618,0.5156071186065674,0.6223375797271729,245.50165677070618
nc_papers100m_195trainer_0hop_balanced_local_bs32_800r,20260914_194714_ogbn-papers100M_FedAvg_bs32_seed42_beta10000p0,ogbn-papers100M,FedAvg,32,42,10000.0,392,validation,0.2642,3.2342,0.2642,3.2342,1176,0.10619616508483887,0.10619616508483887,0.5090515613555908,0.6152477264404297,246.1169044971466,0.5090515613555908,0.6152477264404297,246.1169044971466
nc_papers100m_195trainer_0hop_balanced_local_bs32_800r,20260914_194714_ogbn-papers100M_FedAvg_bs32_seed42_beta10000p0,ogbn-papers100M,FedAvg,32,42,10000.0,393,validation,0.2644,3.2329,0.2644,3.2329,1179,0.10225343704223633,0.10225343704223633,0.5181152820587158,0.6203687191009521,246.73727321624756,0.5181152820587158,0.6203687191009521,246.73727321624756
nc_papers100m_195trainer_0hop_balanced_local_bs32_800r,20260914_194714_ogbn-papers100M_FedAvg_bs32_seed42_beta10000p0,ogbn-papers100M,FedAvg,32,42,10000.0,394,validation,0.2647,3.2311,0.2647,3.2311,1182,0.10359764099121094,0.10359764099121094,0.5151708126068115,0.6187684535980225,247.35604166984558,0.5151708126068115,0.6187684535980225,247.35604166984558
nc_papers100m_195trainer_0hop_balanced_local_bs32_800r,20260914_194714_ogbn-papers100M_FedAvg_bs32_seed42_beta10000p0,ogbn-papers100M,FedAvg,32,42,10000.0,395,validation,0.2645,3.23,0.2645,3.23,1185,0.1045835018157959,0.1045835018157959,0.5130891799926758,0.6176726818084717,247.97371435165405,0.5130891799926758,0.6176726818084717,247.97371435165405
nc_papers100m_195trainer_0hop_balanced_local_bs32_800r,20260914_194714_ogbn-papers100M_FedAvg_bs32_seed42_beta10000p0,ogbn-papers100M,FedAvg,32,42,10000.0,396,validation,0.2649,3.2283,0.2649,3.2283,1188,0.10463857650756836,0.10463857650756836,0.5457205772399902,0.6503591537475586,248.6240735054016,0.5457205772399902,0.6503591537475586,248.6240735054016
nc_papers100m_195trainer_0hop_balanced_local_bs32_800r,20260914_194714_ogbn-papers100M_FedAvg_bs32_seed42_beta10000p0,ogbn-papers100M,FedAvg,32,42,10000.0,397,validation,0.2651,3.2277,0.2651,3.2277,1191,0.10415792465209961,0.10415792465209961,0.5124402046203613,0.6165981292724609,249.24067163467407,0.5124402046203613,0.6165981292724609,249.24067163467407
nc_papers100m_195trainer_0hop_balanced_local_bs32_800r,20260914_194714_ogbn-papers100M_FedAvg_bs32_seed42_beta10000p0,ogbn-papers100M,FedAvg,32,42,10000.0,398,validation,0.2653,3.226,0.2653,3.226,1194,0.10563993453979492,0.10563993453979492,0.5129287242889404,0.6185686588287354,249.8592402935028,0.5129287242889404,0.6185686588287354,249.8592402935028
nc_papers100m_195trainer_0hop_balanced_local_bs32_800r,20260914_194714_ogbn-papers100M_FedAvg_bs32_seed42_beta10000p0,ogbn-papers100M,FedAvg,32,42,10000.0,399,validation,0.2654,3.2256,0.2654,3.2256,1197,0.10521531105041504,0.10521531105041504,0.5099318027496338,0.6151471138000488,250.47438740730286,0.5099318027496338,0.6151471138000488,250.47438740730286
nc_papers100m_195trainer_0hop_balanced_local_bs32_800r,20260914_194714_ogbn-papers100M_FedAvg_bs32_seed42_beta10000p0,ogbn-papers100M,FedAvg,32,42,10000.0,400,validation,0.2653,3.2241,0.2653,3.2241,1200,0.10455703735351562,0.10455703735351562,0.5143098831176758,0.6188669204711914,251.09325432777405,0.5143098831176758,0.6188669204711914,251.09325432777405
nc_papers100m_195trainer_0hop_balanced_local_bs32_800r,20260914_194714_ogbn-papers100M_FedAvg_bs32_seed42_beta10000p0,ogbn-papers100M,FedAvg,32,42,10000.0,401,validation,0.2654,3.2219,0.2654,3.2219,1203,0.10761141777038574,0.10761141777038574,0.5251479148864746,0.6327593326568604,251.7260136604309,0.5251479148864746,0.6327593326568604,251.7260136604309
nc_papers100m_195trainer_0hop_balanced_local_bs32_800r,20260914_194714_ogbn-papers100M_FedAvg_bs32_seed42_beta10000p0,ogbn-papers100M,FedAvg,32,42,10000.0,402,validation,0.266,3.2201,0.266,3.2201,1206,0.10652852058410645,0.10652852058410645,0.5246071815490723,0.6311357021331787,252.3571493625641,0.5246071815490723,0.6311357021331787,252.3571493625641
nc_papers100m_195trainer_0hop_balanced_local_bs32_800r,20260914_194714_ogbn-papers100M_FedAvg_bs32_seed42_beta10000p0,ogbn-papers100M,FedAvg,32,42,10000.0,403,validation,0.2661,3.2183,0.2661,3.2183,1209,0.10654425621032715,0.10654425621032715,0.5178709030151367,0.6244151592254639,252.98156452178955,0.5178709030151367,0.6244151592254639,252.98156452178955
nc_papers100m_195trainer_0hop_balanced_local_bs32_800r,20260914_194714_ogbn-papers100M_FedAvg_bs32_seed42_beta10000p0,ogbn-papers100M,FedAvg,32,42,10000.0,404,validation,0.2664,3.217,0.2664,3.217,1212,0.10520076751708984,0.10520076751708984,0.5141046047210693,0.6193053722381592,253.6008698940277,0.5141046047210693,0.6193053722381592,253.6008698940277
nc_papers100m_195trainer_0hop_balanced_local_bs32_800r,20260914_194714_ogbn-papers100M_FedAvg_bs32_seed42_beta10000p0,ogbn-papers100M,FedAvg,32,42,10000.0,405,validation,0.2661,3.216,0.2661,3.216,1215,0.10490846633911133,0.10490846633911133,0.5118956565856934,0.6168041229248047,254.21767401695251,0.5118956565856934,0.6168041229248047,254.21767401695251
nc_papers100m_195trainer_0hop_balanced_local_bs32_800r,20260914_194714_ogbn-papers100M_FedAvg_bs32_seed42_beta10000p0,ogbn-papers100M,FedAvg,32,42,10000.0,406,validation,0.2669,3.2139,0.2669,3.2139,1218,0.10348629951477051,0.10348629951477051,0.5119447708129883,0.6154310703277588,254.83310508728027,0.5119447708129883,0.6154310703277588,254.83310508728027
nc_papers100m_195trainer_0hop_balanced_local_bs32_800r,20260914_194714_ogbn-papers100M_FedAvg_bs32_seed42_beta10000p0,ogbn-papers100M,FedAvg,32,42,10000.0,407,validation,0.2671,3.212,0.2671,3.212,1221,0.1037757396697998,0.1037757396697998,0.512833833694458,0.6166095733642578,255.44971466064453,0.512833833694458,0.6166095733642578,255.44971466064453
nc_papers100m_195trainer_0hop_balanced_local_bs32_800r,20260914_194714_ogbn-papers100M_FedAvg_bs32_seed42_beta10000p0,ogbn-papers100M,FedAvg,32,42,10000.0,408,validation,0.2674,3.2101,0.2674,3.2101,1224,0.10408616065979004,0.10408616065979004,0.5184187889099121,0.6225049495697021,256.07221961021423,0.5184187889099121,0.6225049495697021,256.07221961021423
nc_papers100m_195trainer_0hop_balanced_local_bs32_800r,20260914_194714_ogbn-papers100M_FedAvg_bs32_seed42_beta10000p0,ogbn-papers100M,FedAvg,32,42,10000.0,409,validation,0.2673,3.2098,0.2673,3.2098,1227,0.1067357063293457,0.1067357063293457,0.5162200927734375,0.6229557991027832,256.695175409317,0.5162200927734375,0.6229557991027832,256.695175409317
nc_papers100m_195trainer_0hop_balanced_local_bs32_800r,20260914_194714_ogbn-papers100M_FedAvg_bs32_seed42_beta10000p0,ogbn-papers100M,FedAvg,32,42,10000.0,410,validation,0.2671,3.209,0.2671,3.209,1230,0.10572934150695801,0.10572934150695801,0.5131354331970215,0.6188647747039795,257.314040184021,0.5131354331970215,0.6188647747039795,257.314040184021
nc_papers100m_195trainer_0hop_balanced_local_bs32_800r,20260914_194714_ogbn-papers100M_FedAvg_bs32_seed42_beta10000p0,ogbn-papers100M,FedAvg,32,42,10000.0,411,validation,0.2672,3.2076,0.2672,3.2076,1233,0.10306954383850098,0.10306954383850098,0.5137784481048584,0.6168479919433594,257.93088817596436,0.5137784481048584,0.6168479919433594,257.93088817596436
nc_papers100m_195trainer_0hop_balanced_local_bs32_800r,20260914_194714_ogbn-papers100M_FedAvg_bs32_seed42_beta10000p0,ogbn-papers100M,FedAvg,32,42,10000.0,412,validation,0.2677,3.2063,0.2677,3.2063,1236,0.10558676719665527,0.10558676719665527,0.5066494941711426,0.6122362613677979,258.54312443733215,0.5066494941711426,0.6122362613677979,258.54312443733215
nc_papers100m_195trainer_0hop_balanced_local_bs32_800r,20260914_194714_ogbn-papers100M_FedAvg_bs32_seed42_beta10000p0,ogbn-papers100M,FedAvg,32,42,10000.0,413,validation,0.268,3.2046,0.268,3.2046,1239,0.10417413711547852,0.10417413711547852,0.5206971168518066,0.6248712539672852,259.16799569129944,0.5206971168518066,0.6248712539672852,259.16799569129944
nc_papers100m_195trainer_0hop_balanced_local_bs32_800r,20260914_194714_ogbn-papers100M_FedAvg_bs32_seed42_beta10000p0,ogbn-papers100M,FedAvg,32,42,10000.0,414,validation,0.2681,3.2038,0.2681,3.2038,1242,0.10562586784362793,0.10562586784362793,0.5218374729156494,0.6274633407592773,259.7954590320587,0.5218374729156494,0.6274633407592773,259.7954590320587
nc_papers100m_195trainer_0hop_balanced_local_bs32_800r,20260914_194714_ogbn-papers100M_FedAvg_bs32_seed42_beta10000p0,ogbn-papers100M,FedAvg,32,42,10000.0,415,validation,0.268,3.2036,0.268,3.2036,1245,0.10497069358825684,0.10497069358825684,0.5167365074157715,0.6217072010040283,260.41716623306274,0.5167365074157715,0.6217072010040283,260.41716623306274
nc_papers100m_195trainer_0hop_balanced_local_bs32_800r,20260914_194714_ogbn-papers100M_FedAvg_bs32_seed42_beta10000p0,ogbn-papers100M,FedAvg,32,42,10000.0,416,validation,0.2682,3.2022,0.2682,3.2022,1248,0.1094353199005127,0.1094353199005127,0.5187065601348877,0.6281418800354004,261.04530811309814,0.5187065601348877,0.6281418800354004,261.04530811309814
nc_papers100m_195trainer_0hop_balanced_local_bs32_800r,20260914_194714_ogbn-papers100M_FedAvg_bs32_seed42_beta10000p0,ogbn-papers100M,FedAvg,32,42,10000.0,417,validation,0.2681,3.2007,0.2681,3.2007,1251,0.10393905639648438,0.10393905639648438,0.550161600112915,0.6541006565093994,261.69940876960754,0.550161600112915,0.6541006565093994,261.69940876960754
nc_papers100m_195trainer_0hop_balanced_local_bs32_800r,20260914_194714_ogbn-papers100M_FedAvg_bs32_seed42_beta10000p0,ogbn-papers100M,FedAvg,32,42,10000.0,418,validation,0.2679,3.1987,0.2679,3.1987,1254,0.10412979125976562,0.10412979125976562,0.5216753482818604,0.625805139541626,262.32521390914917,0.5216753482818604,0.625805139541626,262.32521390914917
nc_papers100m_195trainer_0hop_balanced_local_bs32_800r,20260914_194714_ogbn-papers100M_FedAvg_bs32_seed42_beta10000p0,ogbn-papers100M,FedAvg,32,42,10000.0,419,validation,0.2683,3.1976,0.2683,3.1976,1257,0.105316162109375,0.105316162109375,0.524665355682373,0.629981517791748,262.9551954269409,0.524665355682373,0.629981517791748,262.9551954269409
nc_papers100m_195trainer_0hop_balanced_local_bs32_800r,20260914_194714_ogbn-papers100M_FedAvg_bs32_seed42_beta10000p0,ogbn-papers100M,FedAvg,32,42,10000.0,420,validation,0.2689,3.196,0.2689,3.196,1260,0.10474586486816406,0.10474586486816406,0.5151865482330322,0.6199324131011963,263.5751278400421,0.5151865482330322,0.6199324131011963,263.5751278400421
nc_papers100m_195trainer_0hop_balanced_local_bs32_800r,20260914_194714_ogbn-papers100M_FedAvg_bs32_seed42_beta10000p0,ogbn-papers100M,FedAvg,32,42,10000.0,421,validation,0.2692,3.195,0.2692,3.195,1263,0.10259151458740234,0.10259151458740234,0.5203807353973389,0.6229722499847412,264.19810009002686,0.5203807353973389,0.6229722499847412,264.19810009002686
nc_papers100m_195trainer_0hop_balanced_local_bs32_800r,20260914_194714_ogbn-papers100M_FedAvg_bs32_seed42_beta10000p0,ogbn-papers100M,FedAvg,32,42,10000.0,422,validation,0.2693,3.1938,0.2693,3.1938,1266,0.10279130935668945,0.10279130935668945,0.5129551887512207,0.6157464981079102,264.81384658813477,0.5129551887512207,0.6157464981079102,264.81384658813477
nc_papers100m_195trainer_0hop_balanced_local_bs32_800r,20260914_194714_ogbn-papers100M_FedAvg_bs32_seed42_beta10000p0,ogbn-papers100M,FedAvg,32,42,10000.0,423,validation,0.2693,3.1919,0.2693,3.1919,1269,0.10502004623413086,0.10502004623413086,0.5168099403381348,0.6218299865722656,265.43567657470703,0.5168099403381348,0.6218299865722656,265.43567657470703
nc_papers100m_195trainer_0hop_balanced_local_bs32_800r,20260914_194714_ogbn-papers100M_FedAvg_bs32_seed42_beta10000p0,ogbn-papers100M,FedAvg,32,42,10000.0,424,validation,0.2694,3.1903,0.2694,3.1903,1272,0.1064760684967041,0.1064760684967041,0.5129477977752686,0.6194238662719727,266.055100440979,0.5129477977752686,0.6194238662719727,266.055100440979
nc_papers100m_195trainer_0hop_balanced_local_bs32_800r,20260914_194714_ogbn-papers100M_FedAvg_bs32_seed42_beta10000p0,ogbn-papers100M,FedAvg,32,42,10000.0,425,validation,0.2697,3.1894,0.2697,3.1894,1275,0.10504746437072754,0.10504746437072754,0.5117311477661133,0.6167786121368408,266.67187905311584,0.5117311477661133,0.6167786121368408,266.67187905311584
nc_papers100m_195trainer_0hop_balanced_local_bs32_800r,20260914_194714_ogbn-papers100M_FedAvg_bs32_seed42_beta10000p0,ogbn-papers100M,FedAvg,32,42,10000.0,426,validation,0.2698,3.1874,0.2698,3.1874,1278,0.10424995422363281,0.10424995422363281,0.5120589733123779,0.6163089275360107,267.28818798065186,0.5120589733123779,0.6163089275360107,267.28818798065186
nc_papers100m_195trainer_0hop_balanced_local_bs32_800r,20260914_194714_ogbn-papers100M_FedAvg_bs32_seed42_beta10000p0,ogbn-papers100M,FedAvg,32,42,10000.0,427,validation,0.2701,3.1863,0.2701,3.1863,1281,0.10293364524841309,0.10293364524841309,0.5118792057037354,0.6148128509521484,267.903000831604,0.5118792057037354,0.6148128509521484,267.903000831604
nc_papers100m_195trainer_0hop_balanced_local_bs32_800r,20260914_194714_ogbn-papers100M_FedAvg_bs32_seed42_beta10000p0,ogbn-papers100M,FedAvg,32,42,10000.0,428,validation,0.2704,3.1853,0.2704,3.1853,1284,0.10333800315856934,0.10333800315856934,0.5209875106811523,0.6243255138397217,268.5273263454437,0.5209875106811523,0.6243255138397217,268.5273263454437
nc_papers100m_195trainer_0hop_balanced_local_bs32_800r,20260914_194714_ogbn-papers100M_FedAvg_bs32_seed42_beta10000p0,ogbn-papers100M,FedAvg,32,42,10000.0,429,validation,0.2706,3.1844,0.2706,3.1844,1287,0.10338759422302246,0.10338759422302246,0.515815019607544,0.6192026138305664,269.1465289592743,0.515815019607544,0.6192026138305664,269.1465289592743
nc_papers100m_195trainer_0hop_balanced_local_bs32_800r,20260914_194714_ogbn-papers100M_FedAvg_bs32_seed42_beta10000p0,ogbn-papers100M,FedAvg,32,42,10000.0,430,validation,0.2706,3.1832,0.2706,3.1832,1290,0.10496926307678223,0.10496926307678223,0.5191867351531982,0.6241559982299805,269.7706849575043,0.5191867351531982,0.6241559982299805,269.7706849575043
nc_papers100m_195trainer_0hop_balanced_local_bs32_800r,20260914_194714_ogbn-papers100M_FedAvg_bs32_seed42_beta10000p0,ogbn-papers100M,FedAvg,32,42,10000.0,431,validation,0.2707,3.182,0.2707,3.182,1293,0.1075429916381836,0.1075429916381836,0.509636640548706,0.6171796321868896,270.38786458969116,0.509636640548706,0.6171796321868896,270.38786458969116
nc_papers100m_195trainer_0hop_balanced_local_bs32_800r,20260914_194714_ogbn-papers100M_FedAvg_bs32_seed42_beta10000p0,ogbn-papers100M,FedAvg,32,42,10000.0,432,validation,0.2708,3.1809,0.2708,3.1809,1296,0.10532140731811523,0.10532140731811523,0.5058939456939697,0.611215353012085,270.99907994270325,0.5058939456939697,0.611215353012085,270.99907994270325
nc_papers100m_195trainer_0hop_balanced_local_bs32_800r,20260914_194714_ogbn-papers100M_FedAvg_bs32_seed42_beta10000p0,ogbn-papers100M,FedAvg,32,42,10000.0,433,validation,0.2707,3.1793,0.2707,3.1793,1299,0.10562968254089355,0.10562968254089355,0.5137319564819336,0.6193616390228271,271.6184415817261,0.5137319564819336,0.6193616390228271,271.6184415817261
nc_papers100m_195trainer_0hop_balanced_local_bs32_800r,20260914_194714_ogbn-papers100M_FedAvg_bs32_seed42_beta10000p0,ogbn-papers100M,FedAvg,32,42,10000.0,434,validation,0.2708,3.1774,0.2708,3.1774,1302,0.1071176528930664,0.1071176528930664,0.5237119197845459,0.6308295726776123,272.2492711544037,0.5237119197845459,0.6308295726776123,272.2492711544037
nc_papers100m_195trainer_0hop_balanced_local_bs32_800r,20260914_194714_ogbn-papers100M_FedAvg_bs32_seed42_beta10000p0,ogbn-papers100M,FedAvg,32,42,10000.0,435,validation,0.2712,3.1765,0.2712,3.1765,1305,0.10682344436645508,0.10682344436645508,0.5183131694793701,0.6251366138458252,272.8744077682495,0.5183131694793701,0.6251366138458252,272.8744077682495
nc_papers100m_195trainer_0hop_balanced_local_bs32_800r,20260914_194714_ogbn-papers100M_FedAvg_bs32_seed42_beta10000p0,ogbn-papers100M,FedAvg,32,42,10000.0,436,validation,0.2712,3.1757,0.2712,3.1757,1308,0.10810136795043945,0.10810136795043945,0.5137777328491211,0.6218791007995605,273.4962868690491,0.5137777328491211,0.6218791007995605,273.4962868690491
nc_papers100m_195trainer_0hop_balanced_local_bs32_800r,20260914_194714_ogbn-papers100M_FedAvg_bs32_seed42_beta10000p0,ogbn-papers100M,FedAvg,32,42,10000.0,437,validation,0.2714,3.1753,0.2714,3.1753,1311,0.10397624969482422,0.10397624969482422,0.5220909118652344,0.6260671615600586,274.12235403060913,0.5220909118652344,0.6260671615600586,274.12235403060913
nc_papers100m_195trainer_0hop_balanced_local_bs32_800r,20260914_194714_ogbn-papers100M_FedAvg_bs32_seed42_beta10000p0,ogbn-papers100M,FedAvg,32,42,10000.0,438,validation,0.2715,3.1751,0.2715,3.1751,1314,0.10222530364990234,0.10222530364990234,0.5748474597930908,0.6770727634429932,274.7994267940521,0.5748474597930908,0.6770727634429932,274.7994267940521
nc_papers100m_195trainer_0hop_balanced_local_bs32_800r,20260914_194714_ogbn-papers100M_FedAvg_bs32_seed42_beta10000p0,ogbn-papers100M,FedAvg,32,42,10000.0,439,validation,0.2719,3.1726,0.2719,3.1726,1317,0.10442209243774414,0.10442209243774414,0.5206255912780762,0.6250476837158203,275.42447447776794,0.5206255912780762,0.6250476837158203,275.42447447776794
nc_papers100m_195trainer_0hop_balanced_local_bs32_800r,20260914_194714_ogbn-papers100M_FedAvg_bs32_seed42_beta10000p0,ogbn-papers100M,FedAvg,32,42,10000.0,440,validation,0.2722,3.171,0.2722,3.171,1320,0.10565710067749023,0.10565710067749023,0.517509937286377,0.6231670379638672,276.0476415157318,0.517509937286377,0.6231670379638672,276.0476415157318
nc_papers100m_195trainer_0hop_balanced_local_bs32_800r,20260914_194714_ogbn-papers100M_FedAvg_bs32_seed42_beta10000p0,ogbn-papers100M,FedAvg,32,42,10000.0,441,validation,0.2725,3.1689,0.2725,3.1689,1323,0.10807275772094727,0.10807275772094727,0.5226945877075195,0.6307673454284668,276.6784088611603,0.5226945877075195,0.6307673454284668,276.6784088611603
nc_papers100m_195trainer_0hop_balanced_local_bs32_800r,20260914_194714_ogbn-papers100M_FedAvg_bs32_seed42_beta10000p0,ogbn-papers100M,FedAvg,32,42,10000.0,442,validation,0.2726,3.1675,0.2726,3.1675,1326,0.103424072265625,0.103424072265625,0.5184333324432373,0.6218574047088623,277.30026626586914,0.5184333324432373,0.6218574047088623,277.30026626586914
nc_papers100m_195trainer_0hop_balanced_local_bs32_800r,20260914_194714_ogbn-papers100M_FedAvg_bs32_seed42_beta10000p0,ogbn-papers100M,FedAvg,32,42,10000.0,443,validation,0.2723,3.1665,0.2723,3.1665,1329,0.10416126251220703,0.10416126251220703,0.5149061679840088,0.6190674304962158,277.91933369636536,0.5149061679840088,0.6190674304962158,277.91933369636536
nc_papers100m_195trainer_0hop_balanced_local_bs32_800r,20260914_194714_ogbn-papers100M_FedAvg_bs32_seed42_beta10000p0,ogbn-papers100M,FedAvg,32,42,10000.0,444,validation,0.2729,3.1652,0.2729,3.1652,1332,0.10413765907287598,0.10413765907287598,0.5032947063446045,0.6074323654174805,278.52676606178284,0.5032947063446045,0.6074323654174805,278.52676606178284
nc_papers100m_195trainer_0hop_balanced_local_bs32_800r,20260914_194714_ogbn-papers100M_FedAvg_bs32_seed42_beta10000p0,ogbn-papers100M,FedAvg,32,42,10000.0,445,validation,0.2727,3.1643,0.2727,3.1643,1335,0.10299015045166016,0.10299015045166016,0.5083250999450684,0.6113152503967285,279.13808131217957,0.5083250999450684,0.6113152503967285,279.13808131217957
nc_papers100m_195trainer_0hop_balanced_local_bs32_800r,20260914_194714_ogbn-papers100M_FedAvg_bs32_seed42_beta10000p0,ogbn-papers100M,FedAvg,32,42,10000.0,446,validation,0.273,3.1622,0.273,3.1622,1338,0.10748839378356934,0.10748839378356934,0.5119421482086182,0.6194305419921875,279.75751185417175,0.5119421482086182,0.6194305419921875,279.75751185417175
nc_papers100m_195trainer_0hop_balanced_local_bs32_800r,20260914_194714_ogbn-papers100M_FedAvg_bs32_seed42_beta10000p0,ogbn-papers100M,FedAvg,32,42,10000.0,447,validation,0.2733,3.1605,0.2733,3.1605,1341,0.10614681243896484,0.10614681243896484,0.5054547786712646,0.6116015911102295,280.369113445282,0.5054547786712646,0.6116015911102295,280.369113445282
nc_papers100m_195trainer_0hop_balanced_local_bs32_800r,20260914_194714_ogbn-papers100M_FedAvg_bs32_seed42_beta10000p0,ogbn-papers100M,FedAvg,32,42,10000.0,448,validation,0.2735,3.1595,0.2735,3.1595,1344,0.10522174835205078,0.10522174835205078,0.5072886943817139,0.6125104427337646,280.98162388801575,0.5072886943817139,0.6125104427337646,280.98162388801575
nc_papers100m_195trainer_0hop_balanced_local_bs32_800r,20260914_194714_ogbn-papers100M_FedAvg_bs32_seed42_beta10000p0,ogbn-papers100M,FedAvg,32,42,10000.0,449,validation,0.2736,3.158,0.2736,3.158,1347,0.1061089038848877,0.1061089038848877,0.5188519954681396,0.6249608993530273,281.6065847873688,0.5188519954681396,0.6249608993530273,281.6065847873688
nc_papers100m_195trainer_0hop_balanced_local_bs32_800r,20260914_194714_ogbn-papers100M_FedAvg_bs32_seed42_beta10000p0,ogbn-papers100M,FedAvg,32,42,10000.0,450,validation,0.2737,3.1571,0.2737,3.1571,1350,0.10358977317810059,0.10358977317810059,0.5205698013305664,0.624159574508667,282.23074436187744,0.5205698013305664,0.624159574508667,282.23074436187744
nc_papers100m_195trainer_0hop_balanced_local_bs32_800r,20260914_194714_ogbn-papers100M_FedAvg_bs32_seed42_beta10000p0,ogbn-papers100M,FedAvg,32,42,10000.0,451,validation,0.2738,3.1562,0.2738,3.1562,1353,0.10559463500976562,0.10559463500976562,0.5203704833984375,0.6259651184082031,282.85670948028564,0.5203704833984375,0.6259651184082031,282.85670948028564
nc_papers100m_195trainer_0hop_balanced_local_bs32_800r,20260914_194714_ogbn-papers100M_FedAvg_bs32_seed42_beta10000p0,ogbn-papers100M,FedAvg,32,42,10000.0,452,validation,0.2741,3.1549,0.2741,3.1549,1356,0.10342550277709961,0.10342550277709961,0.5134401321411133,0.6168656349182129,283.47357511520386,0.5134401321411133,0.6168656349182129,283.47357511520386
nc_papers100m_195trainer_0hop_balanced_local_bs32_800r,20260914_194714_ogbn-papers100M_FedAvg_bs32_seed42_beta10000p0,ogbn-papers100M,FedAvg,32,42,10000.0,453,validation,0.2742,3.1542,0.2742,3.1542,1359,0.1038060188293457,0.1038060188293457,0.5100357532501221,0.6138417720794678,284.0874168872833,0.5100357532501221,0.6138417720794678,284.0874168872833
nc_papers100m_195trainer_0hop_balanced_local_bs32_800r,20260914_194714_ogbn-papers100M_FedAvg_bs32_seed42_beta10000p0,ogbn-papers100M,FedAvg,32,42,10000.0,454,validation,0.2746,3.1523,0.2746,3.1523,1362,0.10569119453430176,0.10569119453430176,0.5145828723907471,0.6202740669250488,284.7076909542084,0.5145828723907471,0.6202740669250488,284.7076909542084
nc_papers100m_195trainer_0hop_balanced_local_bs32_800r,20260914_194714_ogbn-papers100M_FedAvg_bs32_seed42_beta10000p0,ogbn-papers100M,FedAvg,32,42,10000.0,455,validation,0.2749,3.1511,0.2749,3.1511,1365,0.10372352600097656,0.10372352600097656,0.5167696475982666,0.6204931735992432,285.3281841278076,0.5167696475982666,0.6204931735992432,285.3281841278076
nc_papers100m_195trainer_0hop_balanced_local_bs32_800r,20260914_194714_ogbn-papers100M_FedAvg_bs32_seed42_beta10000p0,ogbn-papers100M,FedAvg,32,42,10000.0,456,validation,0.2749,3.1494,0.2749,3.1494,1368,0.10890793800354004,0.10890793800354004,0.5085792541503906,0.6174871921539307,285.94567131996155,0.5085792541503906,0.6174871921539307,285.94567131996155
nc_papers100m_195trainer_0hop_balanced_local_bs32_800r,20260914_194714_ogbn-papers100M_FedAvg_bs32_seed42_beta10000p0,ogbn-papers100M,FedAvg,32,42,10000.0,457,validation,0.2754,3.1484,0.2754,3.1484,1371,0.10361361503601074,0.10361361503601074,0.5165119171142578,0.6201255321502686,286.5657968521118,0.5165119171142578,0.6201255321502686,286.5657968521118
nc_papers100m_195trainer_0hop_balanced_local_bs32_800r,20260914_194714_ogbn-papers100M_FedAvg_bs32_seed42_beta10000p0,ogbn-papers100M,FedAvg,32,42,10000.0,458,validation,0.2752,3.1473,0.2752,3.1473,1374,0.1024320125579834,0.1024320125579834,0.5065388679504395,0.6089708805084229,287.17476773262024,0.5065388679504395,0.6089708805084229,287.17476773262024
nc_papers100m_195trainer_0hop_balanced_local_bs32_800r,20260914_194714_ogbn-papers100M_FedAvg_bs32_seed42_beta10000p0,ogbn-papers100M,FedAvg,32,42,10000.0,459,validation,0.2752,3.1466,0.2752,3.1466,1377,0.10415506362915039,0.10415506362915039,0.5165083408355713,0.6206634044647217,287.79543113708496,0.5165083408355713,0.6206634044647217,287.79543113708496
nc_papers100m_195trainer_0hop_balanced_local_bs32_800r,20260914_194714_ogbn-papers100M_FedAvg_bs32_seed42_beta10000p0,ogbn-papers100M,FedAvg,32,42,10000.0,460,validation,0.2752,3.145,0.2752,3.145,1380,0.10200667381286621,0.10200667381286621,0.5102307796478271,0.6122374534606934,288.40766859054565,0.5102307796478271,0.6122374534606934,288.40766859054565
nc_papers100m_195trainer_0hop_balanced_local_bs32_800r,20260914_194714_ogbn-papers100M_FedAvg_bs32_seed42_beta10000p0,ogbn-papers100M,FedAvg,32,42,10000.0,461,validation,0.2754,3.1438,0.2754,3.1438,1383,0.10204339027404785,0.10204339027404785,0.5082371234893799,0.6102805137634277,289.0179491043091,0.5082371234893799,0.6102805137634277,289.0179491043091
nc_papers100m_195trainer_0hop_balanced_local_bs32_800r,20260914_194714_ogbn-papers100M_FedAvg_bs32_seed42_beta10000p0,ogbn-papers100M,FedAvg,32,42,10000.0,462,validation,0.2757,3.1427,0.2757,3.1427,1386,0.10744142532348633,0.10744142532348633,0.5106709003448486,0.618112325668335,289.6360614299774,0.5106709003448486,0.618112325668335,289.6360614299774
nc_papers100m_195trainer_0hop_balanced_local_bs32_800r,20260914_194714_ogbn-papers100M_FedAvg_bs32_seed42_beta10000p0,ogbn-papers100M,FedAvg,32,42,10000.0,463,validation,0.2758,3.1419,0.2758,3.1419,1389,0.1066579818725586,0.1066579818725586,0.5057373046875,0.6123952865600586,290.2484567165375,0.5057373046875,0.6123952865600586,290.2484567165375
nc_papers100m_195trainer_0hop_balanced_local_bs32_800r,20260914_194714_ogbn-papers100M_FedAvg_bs32_seed42_beta10000p0,ogbn-papers100M,FedAvg,32,42,10000.0,464,validation,0.2761,3.1404,0.2761,3.1404,1392,0.10655736923217773,0.10655736923217773,0.5169377326965332,0.6234951019287109,290.8719518184662,0.5169377326965332,0.6234951019287109,290.8719518184662
nc_papers100m_195trainer_0hop_balanced_local_bs32_800r,20260914_194714_ogbn-papers100M_FedAvg_bs32_seed42_beta10000p0,ogbn-papers100M,FedAvg,32,42,10000.0,465,validation,0.276,3.1392,0.276,3.1392,1395,0.10328245162963867,0.10328245162963867,0.5233983993530273,0.626680850982666,291.49863266944885,0.5233983993530273,0.626680850982666,291.49863266944885
nc_papers100m_195trainer_0hop_balanced_local_bs32_800r,20260914_194714_ogbn-papers100M_FedAvg_bs32_seed42_beta10000p0,ogbn-papers100M,FedAvg,32,42,10000.0,466,validation,0.2762,3.1387,0.2762,3.1387,1398,0.10349130630493164,0.10349130630493164,0.5190458297729492,0.6225371360778809,292.12116980552673,0.5190458297729492,0.6225371360778809,292.12116980552673
nc_papers100m_195trainer_0hop_balanced_local_bs32_800r,20260914_194714_ogbn-papers100M_FedAvg_bs32_seed42_beta10000p0,ogbn-papers100M,FedAvg,32,42,10000.0,467,validation,0.2764,3.1373,0.2764,3.1373,1401,0.10598611831665039,0.10598611831665039,0.5124003887176514,0.6183865070343018,292.73955631256104,0.5124003887176514,0.6183865070343018,292.73955631256104
nc_papers100m_195trainer_0hop_balanced_local_bs32_800r,20260914_194714_ogbn-papers100M_FedAvg_bs32_seed42_beta10000p0,ogbn-papers100M,FedAvg,32,42,10000.0,468,validation,0.2764,3.1369,0.2764,3.1369,1404,0.10739469528198242,0.10739469528198242,0.5131127834320068,0.6205074787139893,293.360063791275,0.5131127834320068,0.6205074787139893,293.360063791275
nc_papers100m_195trainer_0hop_balanced_local_bs32_800r,20260914_194714_ogbn-papers100M_FedAvg_bs32_seed42_beta10000p0,ogbn-papers100M,FedAvg,32,42,10000.0,469,validation,0.2763,3.1357,0.2763,3.1357,1407,0.1062479019165039,0.1062479019165039,0.5132465362548828,0.6194944381713867,293.9795582294464,0.5132465362548828,0.6194944381713867,293.9795582294464
nc_papers100m_195trainer_0hop_balanced_local_bs32_800r,20260914_194714_ogbn-papers100M_FedAvg_bs32_seed42_beta10000p0,ogbn-papers100M,FedAvg,32,42,10000.0,470,validation,0.277,3.1346,0.277,3.1346,1410,0.10613441467285156,0.10613441467285156,0.5278792381286621,0.6340136528015137,294.6135718822479,0.5278792381286621,0.6340136528015137,294.6135718822479
nc_papers100m_195trainer_0hop_balanced_local_bs32_800r,20260914_194714_ogbn-papers100M_FedAvg_bs32_seed42_beta10000p0,ogbn-papers100M,FedAvg,32,42,10000.0,471,validation,0.2766,3.133,0.2766,3.133,1413,0.10329723358154297,0.10329723358154297,0.5209336280822754,0.6242308616638184,295.23780274391174,0.5209336280822754,0.6242308616638184,295.23780274391174
nc_papers100m_195trainer_0hop_balanced_local_bs32_800r,20260914_194714_ogbn-papers100M_FedAvg_bs32_seed42_beta10000p0,ogbn-papers100M,FedAvg,32,42,10000.0,472,validation,0.277,3.1312,0.277,3.1312,1416,0.10602235794067383,0.10602235794067383,0.5073745250701904,0.6133968830108643,295.8511996269226,0.5073745250701904,0.6133968830108643,295.8511996269226
nc_papers100m_195trainer_0hop_balanced_local_bs32_800r,20260914_194714_ogbn-papers100M_FedAvg_bs32_seed42_beta10000p0,ogbn-papers100M,FedAvg,32,42,10000.0,473,validation,0.2769,3.1302,0.2769,3.1302,1419,0.10540914535522461,0.10540914535522461,0.5104234218597412,0.6158325672149658,296.4670321941376,0.5104234218597412,0.6158325672149658,296.4670321941376
nc_papers100m_195trainer_0hop_balanced_local_bs32_800r,20260914_194714_ogbn-papers100M_FedAvg_bs32_seed42_beta10000p0,ogbn-papers100M,FedAvg,32,42,10000.0,474,validation,0.2773,3.1288,0.2773,3.1288,1422,0.1061549186706543,0.1061549186706543,0.5163347721099854,0.6224896907806396,297.0895218849182,0.5163347721099854,0.6224896907806396,297.0895218849182
nc_papers100m_195trainer_0hop_balanced_local_bs32_800r,20260914_194714_ogbn-papers100M_FedAvg_bs32_seed42_beta10000p0,ogbn-papers100M,FedAvg,32,42,10000.0,475,validation,0.2777,3.1271,0.2777,3.1271,1425,0.10459327697753906,0.10459327697753906,0.5104029178619385,0.6149961948394775,297.7045180797577,0.5104029178619385,0.6149961948394775,297.7045180797577
nc_papers100m_195trainer_0hop_balanced_local_bs32_800r,20260914_194714_ogbn-papers100M_FedAvg_bs32_seed42_beta10000p0,ogbn-papers100M,FedAvg,32,42,10000.0,476,validation,0.278,3.1254,0.278,3.1254,1428,0.10427665710449219,0.10427665710449219,0.5125846862792969,0.6168613433837891,298.3213794231415,0.5125846862792969,0.6168613433837891,298.3213794231415
nc_papers100m_195trainer_0hop_balanced_local_bs32_800r,20260914_194714_ogbn-papers100M_FedAvg_bs32_seed42_beta10000p0,ogbn-papers100M,FedAvg,32,42,10000.0,477,validation,0.2782,3.1243,0.2782,3.1243,1431,0.10440516471862793,0.10440516471862793,0.5110435485839844,0.6154487133026123,298.9368281364441,0.5110435485839844,0.6154487133026123,298.9368281364441
nc_papers100m_195trainer_0hop_balanced_local_bs32_800r,20260914_194714_ogbn-papers100M_FedAvg_bs32_seed42_beta10000p0,ogbn-papers100M,FedAvg,32,42,10000.0,478,validation,0.2784,3.1235,0.2784,3.1235,1434,0.10715699195861816,0.10715699195861816,0.5174038410186768,0.6245608329772949,299.5613889694214,0.5174038410186768,0.6245608329772949,299.5613889694214
nc_papers100m_195trainer_0hop_balanced_local_bs32_800r,20260914_194714_ogbn-papers100M_FedAvg_bs32_seed42_beta10000p0,ogbn-papers100M,FedAvg,32,42,10000.0,479,validation,0.2782,3.1226,0.2782,3.1226,1437,0.10460090637207031,0.10460090637207031,0.5190026760101318,0.6236035823822021,300.1849925518036,0.5190026760101318,0.6236035823822021,300.1849925518036
nc_papers100m_195trainer_0hop_balanced_local_bs32_800r,20260914_194714_ogbn-papers100M_FedAvg_bs32_seed42_beta10000p0,ogbn-papers100M,FedAvg,32,42,10000.0,480,validation,0.278,3.1223,0.278,3.1223,1440,0.1051781177520752,0.1051781177520752,0.5330309867858887,0.6382091045379639,300.82320165634155,0.5330309867858887,0.6382091045379639,300.82320165634155
nc_papers100m_195trainer_0hop_balanced_local_bs32_800r,20260914_194714_ogbn-papers100M_FedAvg_bs32_seed42_beta10000p0,ogbn-papers100M,FedAvg,32,42,10000.0,481,validation,0.2786,3.1212,0.2786,3.1212,1443,0.10135626792907715,0.10135626792907715,0.5129818916320801,0.6143381595611572,301.4375398159027,0.5129818916320801,0.6143381595611572,301.4375398159027
nc_papers100m_195trainer_0hop_balanced_local_bs32_800r,20260914_194714_ogbn-papers100M_FedAvg_bs32_seed42_beta10000p0,ogbn-papers100M,FedAvg,32,42,10000.0,482,validation,0.2786,3.1195,0.2786,3.1195,1446,0.10308837890625,0.10308837890625,0.5157179832458496,0.6188063621520996,302.0563461780548,0.5157179832458496,0.6188063621520996,302.0563461780548
nc_papers100m_195trainer_0hop_balanced_local_bs32_800r,20260914_194714_ogbn-papers100M_FedAvg_bs32_seed42_beta10000p0,ogbn-papers100M,FedAvg,32,42,10000.0,483,validation,0.2787,3.1184,0.2787,3.1184,1449,0.10290932655334473,0.10290932655334473,0.5165798664093018,0.6194891929626465,302.67583537101746,0.5165798664093018,0.6194891929626465,302.67583537101746
nc_papers100m_195trainer_0hop_balanced_local_bs32_800r,20260914_194714_ogbn-papers100M_FedAvg_bs32_seed42_beta10000p0,ogbn-papers100M,FedAvg,32,42,10000.0,484,validation,0.2788,3.1171,0.2788,3.1171,1452,0.10294008255004883,0.10294008255004883,0.5112149715423584,0.6141550540924072,303.28999042510986,0.5112149715423584,0.6141550540924072,303.28999042510986
nc_papers100m_195trainer_0hop_balanced_local_bs32_800r,20260914_194714_ogbn-papers100M_FedAvg_bs32_seed42_beta10000p0,ogbn-papers100M,FedAvg,32,42,10000.0,485,validation,0.2791,3.1162,0.2791,3.1162,1455,0.10792803764343262,0.10792803764343262,0.5115952491760254,0.619523286819458,303.9095137119293,0.5115952491760254,0.619523286819458,303.9095137119293
nc_papers100m_195trainer_0hop_balanced_local_bs32_800r,20260914_194714_ogbn-papers100M_FedAvg_bs32_seed42_beta10000p0,ogbn-papers100M,FedAvg,32,42,10000.0,486,validation,0.2796,3.1149,0.2796,3.1149,1458,0.10260939598083496,0.10260939598083496,0.5095164775848389,0.6121258735656738,304.521639585495,0.5095164775848389,0.6121258735656738,304.521639585495
nc_papers100m_195trainer_0hop_balanced_local_bs32_800r,20260914_194714_ogbn-papers100M_FedAvg_bs32_seed42_beta10000p0,ogbn-papers100M,FedAvg,32,42,10000.0,487,validation,0.2795,3.1141,0.2795,3.1141,1461,0.10401701927185059,0.10401701927185059,0.51204514503479,0.6160621643066406,305.13770174980164,0.51204514503479,0.6160621643066406,305.13770174980164
nc_papers100m_195trainer_0hop_balanced_local_bs32_800r,20260914_194714_ogbn-papers100M_FedAvg_bs32_seed42_beta10000p0,ogbn-papers100M,FedAvg,32,42,10000.0,488,validation,0.2796,3.1134,0.2796,3.1134,1464,0.10272002220153809,0.10272002220153809,0.5095574855804443,0.6122775077819824,305.7499792575836,0.5095574855804443,0.6122775077819824,305.7499792575836
nc_papers100m_195trainer_0hop_balanced_local_bs32_800r,20260914_194714_ogbn-papers100M_FedAvg_bs32_seed42_beta10000p0,ogbn-papers100M,FedAvg,32,42,10000.0,489,validation,0.2794,3.1119,0.2794,3.1119,1467,0.10344648361206055,0.10344648361206055,0.5126175880432129,0.6160640716552734,306.3660433292389,0.5126175880432129,0.6160640716552734,306.3660433292389
nc_papers100m_195trainer_0hop_balanced_local_bs32_800r,20260914_194714_ogbn-papers100M_FedAvg_bs32_seed42_beta10000p0,ogbn-papers100M,FedAvg,32,42,10000.0,490,validation,0.2793,3.1113,0.2793,3.1113,1470,0.10536384582519531,0.10536384582519531,0.5010879039764404,0.6064517498016357,306.9724950790405,0.5010879039764404,0.6064517498016357,306.9724950790405
nc_papers100m_195trainer_0hop_balanced_local_bs32_800r,20260914_194714_ogbn-papers100M_FedAvg_bs32_seed42_beta10000p0,ogbn-papers100M,FedAvg,32,42,10000.0,491,validation,0.2794,3.1102,0.2794,3.1102,1473,0.10428333282470703,0.10428333282470703,0.5187041759490967,0.6229875087738037,307.59548258781433,0.5187041759490967,0.6229875087738037,307.59548258781433
nc_papers100m_195trainer_0hop_balanced_local_bs32_800r,20260914_194714_ogbn-papers100M_FedAvg_bs32_seed42_beta10000p0,ogbn-papers100M,FedAvg,32,42,10000.0,492,validation,0.2798,3.1085,0.2798,3.1085,1476,0.10601115226745605,0.10601115226745605,0.5082290172576904,0.6142401695251465,308.2097227573395,0.5082290172576904,0.6142401695251465,308.2097227573395
nc_papers100m_195trainer_0hop_balanced_local_bs32_800r,20260914_194714_ogbn-papers100M_FedAvg_bs32_seed42_beta10000p0,ogbn-papers100M,FedAvg,32,42,10000.0,493,validation,0.2803,3.1069,0.2803,3.1069,1479,0.10515284538269043,0.10515284538269043,0.505967378616333,0.6111202239990234,308.8208429813385,0.505967378616333,0.6111202239990234,308.8208429813385
nc_papers100m_195trainer_0hop_balanced_local_bs32_800r,20260914_194714_ogbn-papers100M_FedAvg_bs32_seed42_beta10000p0,ogbn-papers100M,FedAvg,32,42,10000.0,494,validation,0.2802,3.1065,0.2802,3.1065,1482,0.10811877250671387,0.10811877250671387,0.5196835994720459,0.6278023719787598,309.44864535331726,0.5196835994720459,0.6278023719787598,309.44864535331726
nc_papers100m_195trainer_0hop_balanced_local_bs32_800r,20260914_194714_ogbn-papers100M_FedAvg_bs32_seed42_beta10000p0,ogbn-papers100M,FedAvg,32,42,10000.0,495,validation,0.2805,3.1046,0.2805,3.1046,1485,0.10602664947509766,0.10602664947509766,0.5197670459747314,0.6257936954498291,310.0744390487671,0.5197670459747314,0.6257936954498291,310.0744390487671
nc_papers100m_195trainer_0hop_balanced_local_bs32_800r,20260914_194714_ogbn-papers100M_FedAvg_bs32_seed42_beta10000p0,ogbn-papers100M,FedAvg,32,42,10000.0,496,validation,0.2805,3.1036,0.2805,3.1036,1488,0.10456585884094238,0.10456585884094238,0.5229668617248535,0.6275327205657959,310.7019717693329,0.5229668617248535,0.6275327205657959,310.7019717693329
nc_papers100m_195trainer_0hop_balanced_local_bs32_800r,20260914_194714_ogbn-papers100M_FedAvg_bs32_seed42_beta10000p0,ogbn-papers100M,FedAvg,32,42,10000.0,497,validation,0.2806,3.1025,0.2806,3.1025,1491,0.10453462600708008,0.10453462600708008,0.5238447189331055,0.6283793449401855,311.33035111427307,0.5238447189331055,0.6283793449401855,311.33035111427307
nc_papers100m_195trainer_0hop_balanced_local_bs32_800r,20260914_194714_ogbn-papers100M_FedAvg_bs32_seed42_beta10000p0,ogbn-papers100M,FedAvg,32,42,10000.0,498,validation,0.2809,3.102,0.2809,3.102,1494,0.10257911682128906,0.10257911682128906,0.5187473297119141,0.6213264465332031,311.9516775608063,0.5187473297119141,0.6213264465332031,311.9516775608063
nc_papers100m_195trainer_0hop_balanced_local_bs32_800r,20260914_194714_ogbn-papers100M_FedAvg_bs32_seed42_beta10000p0,ogbn-papers100M,FedAvg,32,42,10000.0,499,validation,0.2805,3.1006,0.2805,3.1006,1497,0.10388469696044922,0.10388469696044922,0.5199844837188721,0.6238691806793213,312.5755467414856,0.5199844837188721,0.6238691806793213,312.5755467414856
nc_papers100m_195trainer_0hop_balanced_local_bs32_800r,20260914_194714_ogbn-papers100M_FedAvg_bs32_seed42_beta10000p0,ogbn-papers100M,FedAvg,32,42,10000.0,500,validation,0.2814,3.0992,0.2814,3.0992,1500,0.10430622100830078,0.10430622100830078,0.5238001346588135,0.6281063556671143,313.2036530971527,0.5238001346588135,0.6281063556671143,313.2036530971527
nc_papers100m_195trainer_0hop_balanced_local_bs32_800r,20260914_194714_ogbn-papers100M_FedAvg_bs32_seed42_beta10000p0,ogbn-papers100M,FedAvg,32,42,10000.0,501,validation,0.2818,3.0982,0.2818,3.0982,1503,0.10627532005310059,0.10627532005310059,0.5364422798156738,0.6427175998687744,313.8463706970215,0.5364422798156738,0.6427175998687744,313.8463706970215
nc_papers100m_195trainer_0hop_balanced_local_bs32_800r,20260914_194714_ogbn-papers100M_FedAvg_bs32_seed42_beta10000p0,ogbn-papers100M,FedAvg,32,42,10000.0,502,validation,0.2813,3.0979,0.2813,3.0979,1506,0.1047048568725586,0.1047048568725586,0.5276181697845459,0.6323230266571045,314.4786937236786,0.5276181697845459,0.6323230266571045,314.4786937236786
nc_papers100m_195trainer_0hop_balanced_local_bs32_800r,20260914_194714_ogbn-papers100M_FedAvg_bs32_seed42_beta10000p0,ogbn-papers100M,FedAvg,32,42,10000.0,503,validation,0.2815,3.0966,0.2815,3.0966,1509,0.10464215278625488,0.10464215278625488,0.5223281383514404,0.6269702911376953,315.1056640148163,0.5223281383514404,0.6269702911376953,315.1056640148163
nc_papers100m_195trainer_0hop_balanced_local_bs32_800r,20260914_194714_ogbn-papers100M_FedAvg_bs32_seed42_beta10000p0,ogbn-papers100M,FedAvg,32,42,10000.0,504,validation,0.2817,3.0954,0.2817,3.0954,1512,0.10435247421264648,0.10435247421264648,0.5165224075317383,0.6208748817443848,315.72653889656067,0.5165224075317383,0.6208748817443848,315.72653889656067
nc_papers100m_195trainer_0hop_balanced_local_bs32_800r,20260914_194714_ogbn-papers100M_FedAvg_bs32_seed42_beta10000p0,ogbn-papers100M,FedAvg,32,42,10000.0,505,validation,0.282,3.095,0.282,3.095,1515,0.10414409637451172,0.10414409637451172,0.5224244594573975,0.6265685558319092,316.3531074523926,0.5224244594573975,0.6265685558319092,316.3531074523926
nc_papers100m_195trainer_0hop_balanced_local_bs32_800r,20260914_194714_ogbn-papers100M_FedAvg_bs32_seed42_beta10000p0,ogbn-papers100M,FedAvg,32,42,10000.0,506,validation,0.2817,3.0935,0.2817,3.0935,1518,0.10630083084106445,0.10630083084106445,0.5198657512664795,0.626166582107544,316.9792740345001,0.5198657512664795,0.626166582107544,316.9792740345001
nc_papers100m_195trainer_0hop_balanced_local_bs32_800r,20260914_194714_ogbn-papers100M_FedAvg_bs32_seed42_beta10000p0,ogbn-papers100M,FedAvg,32,42,10000.0,507,validation,0.2818,3.0927,0.2818,3.0927,1521,0.10454821586608887,0.10454821586608887,0.5175130367279053,0.6220612525939941,317.6013352870941,0.5175130367279053,0.6220612525939941,317.6013352870941
nc_papers100m_195trainer_0hop_balanced_local_bs32_800r,20260914_194714_ogbn-papers100M_FedAvg_bs32_seed42_beta10000p0,ogbn-papers100M,FedAvg,32,42,10000.0,508,validation,0.2818,3.092,0.2818,3.092,1524,0.10596370697021484,0.10596370697021484,0.5191476345062256,0.6251113414764404,318.22644662857056,0.5191476345062256,0.6251113414764404,318.22644662857056
nc_papers100m_195trainer_0hop_balanced_local_bs32_800r,20260914_194714_ogbn-papers100M_FedAvg_bs32_seed42_beta10000p0,ogbn-papers100M,FedAvg,32,42,10000.0,509,validation,0.2822,3.09,0.2822,3.09,1527,0.10539650917053223,0.10539650917053223,0.5188512802124023,0.6242477893829346,318.8506944179535,0.5188512802124023,0.6242477893829346,318.8506944179535
nc_papers100m_195trainer_0hop_balanced_local_bs32_800r,20260914_194714_ogbn-papers100M_FedAvg_bs32_seed42_beta10000p0,ogbn-papers100M,FedAvg,32,42,10000.0,510,validation,0.2822,3.0897,0.2822,3.0897,1530,0.10799050331115723,0.10799050331115723,0.5197329521179199,0.6277234554290771,319.47841787338257,0.5197329521179199,0.6277234554290771,319.47841787338257
nc_papers100m_195trainer_0hop_balanced_local_bs32_800r,20260914_194714_ogbn-papers100M_FedAvg_bs32_seed42_beta10000p0,ogbn-papers100M,FedAvg,32,42,10000.0,511,validation,0.2828,3.0885,0.2828,3.0885,1533,0.10882568359375,0.10882568359375,0.5189845561981201,0.6278102397918701,320.10622811317444,0.5189845561981201,0.6278102397918701,320.10622811317444
nc_papers100m_195trainer_0hop_balanced_local_bs32_800r,20260914_194714_ogbn-papers100M_FedAvg_bs32_seed42_beta10000p0,ogbn-papers100M,FedAvg,32,42,10000.0,512,validation,0.2827,3.0877,0.2827,3.0877,1536,0.10803961753845215,0.10803961753845215,0.5241560935974121,0.6321957111358643,320.7384238243103,0.5241560935974121,0.6321957111358643,320.7384238243103
nc_papers100m_195trainer_0hop_balanced_local_bs32_800r,20260914_194714_ogbn-papers100M_FedAvg_bs32_seed42_beta10000p0,ogbn-papers100M,FedAvg,32,42,10000.0,513,validation,0.2826,3.0864,0.2826,3.0864,1539,0.10316801071166992,0.10316801071166992,0.5195059776306152,0.6226739883422852,321.3610978126526,0.5195059776306152,0.6226739883422852,321.3610978126526
nc_papers100m_195trainer_0hop_balanced_local_bs32_800r,20260914_194714_ogbn-papers100M_FedAvg_bs32_seed42_beta10000p0,ogbn-papers100M,FedAvg,32,42,10000.0,514,validation,0.283,3.0856,0.283,3.0856,1542,0.10300064086914062,0.10300064086914062,0.5236968994140625,0.6266975402832031,321.9877953529358,0.5236968994140625,0.6266975402832031,321.9877953529358
nc_papers100m_195trainer_0hop_balanced_local_bs32_800r,20260914_194714_ogbn-papers100M_FedAvg_bs32_seed42_beta10000p0,ogbn-papers100M,FedAvg,32,42,10000.0,515,validation,0.2831,3.0848,0.2831,3.0848,1545,0.10362529754638672,0.10362529754638672,0.5201365947723389,0.6237618923187256,322.6115572452545,0.5201365947723389,0.6237618923187256,322.6115572452545
nc_papers100m_195trainer_0hop_balanced_local_bs32_800r,20260914_194714_ogbn-papers100M_FedAvg_bs32_seed42_beta10000p0,ogbn-papers100M,FedAvg,32,42,10000.0,516,validation,0.2837,3.0843,0.2837,3.0843,1548,0.10425996780395508,0.10425996780395508,0.5121865272521973,0.6164464950561523,323.22800374031067,0.5121865272521973,0.6164464950561523,323.22800374031067
nc_papers100m_195trainer_0hop_balanced_local_bs32_800r,20260914_194714_ogbn-papers100M_FedAvg_bs32_seed42_beta10000p0,ogbn-papers100M,FedAvg,32,42,10000.0,517,validation,0.2836,3.0836,0.2836,3.0836,1551,0.10768485069274902,0.10768485069274902,0.5120224952697754,0.6197073459625244,323.8477110862732,0.5120224952697754,0.6197073459625244,323.8477110862732
nc_papers100m_195trainer_0hop_balanced_local_bs32_800r,20260914_194714_ogbn-papers100M_FedAvg_bs32_seed42_beta10000p0,ogbn-papers100M,FedAvg,32,42,10000.0,518,validation,0.2836,3.0827,0.2836,3.0827,1554,0.10368061065673828,0.10368061065673828,0.5270171165466309,0.6306977272033691,324.47840881347656,0.5270171165466309,0.6306977272033691,324.47840881347656
nc_papers100m_195trainer_0hop_balanced_local_bs32_800r,20260914_194714_ogbn-papers100M_FedAvg_bs32_seed42_beta10000p0,ogbn-papers100M,FedAvg,32,42,10000.0,519,validation,0.2834,3.0814,0.2834,3.0814,1557,0.10429906845092773,0.10429906845092773,0.5311787128448486,0.6354777812957764,325.11388659477234,0.5311787128448486,0.6354777812957764,325.11388659477234
nc_papers100m_195trainer_0hop_balanced_local_bs32_800r,20260914_194714_ogbn-papers100M_FedAvg_bs32_seed42_beta10000p0,ogbn-papers100M,FedAvg,32,42,10000.0,520,validation,0.284,3.0799,0.284,3.0799,1560,0.10209465026855469,0.10209465026855469,0.5254502296447754,0.6275448799133301,325.74143147468567,0.5254502296447754,0.6275448799133301,325.74143147468567
nc_papers100m_195trainer_0hop_balanced_local_bs32_800r,20260914_194714_ogbn-papers100M_FedAvg_bs32_seed42_beta10000p0,ogbn-papers100M,FedAvg,32,42,10000.0,521,validation,0.2844,3.0788,0.2844,3.0788,1563,0.10318183898925781,0.10318183898925781,0.5365922451019287,0.6397740840911865,326.38120555877686,0.5365922451019287,0.6397740840911865,326.38120555877686
nc_papers100m_195trainer_0hop_balanced_local_bs32_800r,20260914_194714_ogbn-papers100M_FedAvg_bs32_seed42_beta10000p0,ogbn-papers100M,FedAvg,32,42,10000.0,522,validation,0.2842,3.0784,0.2842,3.0784,1566,0.10690474510192871,0.10690474510192871,0.5556840896606445,0.6625888347625732,327.04379439353943,0.5556840896606445,0.6625888347625732,327.04379439353943
nc_papers100m_195trainer_0hop_balanced_local_bs32_800r,20260914_194714_ogbn-papers100M_FedAvg_bs32_seed42_beta10000p0,ogbn-papers100M,FedAvg,32,42,10000.0,523,validation,0.284,3.0775,0.284,3.0775,1569,0.10469293594360352,0.10469293594360352,0.5313584804534912,0.6360514163970947,327.6798458099365,0.5313584804534912,0.6360514163970947,327.6798458099365
nc_papers100m_195trainer_0hop_balanced_local_bs32_800r,20260914_194714_ogbn-papers100M_FedAvg_bs32_seed42_beta10000p0,ogbn-papers100M,FedAvg,32,42,10000.0,524,validation,0.2842,3.0765,0.2842,3.0765,1572,0.10492420196533203,0.10492420196533203,0.518695592880249,0.623619794845581,328.3034656047821,0.518695592880249,0.623619794845581,328.3034656047821
nc_papers100m_195trainer_0hop_balanced_local_bs32_800r,20260914_194714_ogbn-papers100M_FedAvg_bs32_seed42_beta10000p0,ogbn-papers100M,FedAvg,32,42,10000.0,525,validation,0.2842,3.0761,0.2842,3.0761,1575,0.10412764549255371,0.10412764549255371,0.5228157043457031,0.6269433498382568,328.93040895462036,0.5228157043457031,0.6269433498382568,328.93040895462036
nc_papers100m_195trainer_0hop_balanced_local_bs32_800r,20260914_194714_ogbn-papers100M_FedAvg_bs32_seed42_beta10000p0,ogbn-papers100M,FedAvg,32,42,10000.0,526,validation,0.2846,3.0748,0.2846,3.0748,1578,0.1054542064666748,0.1054542064666748,0.5256767272949219,0.6311309337615967,329.56153988838196,0.5256767272949219,0.6311309337615967,329.56153988838196
nc_papers100m_195trainer_0hop_balanced_local_bs32_800r,20260914_194714_ogbn-papers100M_FedAvg_bs32_seed42_beta10000p0,ogbn-papers100M,FedAvg,32,42,10000.0,527,validation,0.2849,3.074,0.2849,3.074,1581,0.10477089881896973,0.10477089881896973,0.5282316207885742,0.633002519607544,330.1945424079895,0.5282316207885742,0.633002519607544,330.1945424079895
nc_papers100m_195trainer_0hop_balanced_local_bs32_800r,20260914_194714_ogbn-papers100M_FedAvg_bs32_seed42_beta10000p0,ogbn-papers100M,FedAvg,32,42,10000.0,528,validation,0.2851,3.0726,0.2851,3.0726,1584,0.10674524307250977,0.10674524307250977,0.5323045253753662,0.639049768447876,330.8335921764374,0.5323045253753662,0.639049768447876,330.8335921764374
nc_papers100m_195trainer_0hop_balanced_local_bs32_800r,20260914_194714_ogbn-papers100M_FedAvg_bs32_seed42_beta10000p0,ogbn-papers100M,FedAvg,32,42,10000.0,529,validation,0.2856,3.0714,0.2856,3.0714,1587,0.11060810089111328,0.11060810089111328,0.5342206954956055,0.6448287963867188,331.4784209728241,0.5342206954956055,0.6448287963867188,331.4784209728241
nc_papers100m_195trainer_0hop_balanced_local_bs32_800r,20260914_194714_ogbn-papers100M_FedAvg_bs32_seed42_beta10000p0,ogbn-papers100M,FedAvg,32,42,10000.0,530,validation,0.2851,3.0704,0.2851,3.0704,1590,0.10921978950500488,0.10921978950500488,0.5304603576660156,0.6396801471710205,332.1181011199951,0.5304603576660156,0.6396801471710205,332.1181011199951
nc_papers100m_195trainer_0hop_balanced_local_bs32_800r,20260914_194714_ogbn-papers100M_FedAvg_bs32_seed42_beta10000p0,ogbn-papers100M,FedAvg,32,42,10000.0,531,validation,0.2855,3.0688,0.2855,3.0688,1593,0.11039876937866211,0.11039876937866211,0.5247128009796143,0.6351115703582764,332.7532126903534,0.5247128009796143,0.6351115703582764,332.7532126903534
nc_papers100m_195trainer_0hop_balanced_local_bs32_800r,20260914_194714_ogbn-papers100M_FedAvg_bs32_seed42_beta10000p0,ogbn-papers100M,FedAvg,32,42,10000.0,532,validation,0.2857,3.0677,0.2857,3.0677,1596,0.10880255699157715,0.10880255699157715,0.5236189365386963,0.6324214935302734,333.38563418388367,0.5236189365386963,0.6324214935302734,333.38563418388367
nc_papers100m_195trainer_0hop_balanced_local_bs32_800r,20260914_194714_ogbn-papers100M_FedAvg_bs32_seed42_beta10000p0,ogbn-papers100M,FedAvg,32,42,10000.0,533,validation,0.2855,3.0674,0.2855,3.0674,1599,0.10882091522216797,0.10882091522216797,0.5424227714538574,0.6512436866760254,334.0368778705597,0.5424227714538574,0.6512436866760254,334.0368778705597
nc_papers100m_195trainer_0hop_balanced_local_bs32_800r,20260914_194714_ogbn-papers100M_FedAvg_bs32_seed42_beta10000p0,ogbn-papers100M,FedAvg,32,42,10000.0,534,validation,0.2857,3.0666,0.2857,3.0666,1602,0.10475921630859375,0.10475921630859375,0.5280592441558838,0.6328184604644775,334.66969633102417,0.5280592441558838,0.6328184604644775,334.66969633102417
nc_papers100m_195trainer_0hop_balanced_local_bs32_800r,20260914_194714_ogbn-papers100M_FedAvg_bs32_seed42_beta10000p0,ogbn-papers100M,FedAvg,32,42,10000.0,535,validation,0.2861,3.0652,0.2861,3.0652,1605,0.10808205604553223,0.10808205604553223,0.5345849990844727,0.6426670551300049,335.3123633861542,0.5345849990844727,0.6426670551300049,335.3123633861542
nc_papers100m_195trainer_0hop_balanced_local_bs32_800r,20260914_194714_ogbn-papers100M_FedAvg_bs32_seed42_beta10000p0,ogbn-papers100M,FedAvg,32,42,10000.0,536,validation,0.2862,3.0639,0.2862,3.0639,1608,0.10237789154052734,0.10237789154052734,0.5253653526306152,0.6277432441711426,335.9401066303253,0.5253653526306152,0.6277432441711426,335.9401066303253
nc_papers100m_195trainer_0hop_balanced_local_bs32_800r,20260914_194714_ogbn-papers100M_FedAvg_bs32_seed42_beta10000p0,ogbn-papers100M,FedAvg,32,42,10000.0,537,validation,0.2863,3.0632,0.2863,3.0632,1611,0.10275435447692871,0.10275435447692871,0.5304296016693115,0.6331839561462402,336.57329058647156,0.5304296016693115,0.6331839561462402,336.57329058647156
nc_papers100m_195trainer_0hop_balanced_local_bs32_800r,20260914_194714_ogbn-papers100M_FedAvg_bs32_seed42_beta10000p0,ogbn-papers100M,FedAvg,32,42,10000.0,538,validation,0.2868,3.0619,0.2868,3.0619,1614,0.10291814804077148,0.10291814804077148,0.5266292095184326,0.6295473575592041,337.20283794403076,0.5266292095184326,0.6295473575592041,337.20283794403076
nc_papers100m_195trainer_0hop_balanced_local_bs32_800r,20260914_194714_ogbn-papers100M_FedAvg_bs32_seed42_beta10000p0,ogbn-papers100M,FedAvg,32,42,10000.0,539,validation,0.2871,3.0611,0.2871,3.0611,1617,0.1060173511505127,0.1060173511505127,0.5185830593109131,0.6246004104614258,337.8274383544922,0.5185830593109131,0.6246004104614258,337.8274383544922
nc_papers100m_195trainer_0hop_balanced_local_bs32_800r,20260914_194714_ogbn-papers100M_FedAvg_bs32_seed42_beta10000p0,ogbn-papers100M,FedAvg,32,42,10000.0,540,validation,0.2869,3.061,0.2869,3.061,1620,0.10892772674560547,0.10892772674560547,0.5246851444244385,0.633612871170044,338.46105122566223,0.5246851444244385,0.633612871170044,338.46105122566223
nc_papers100m_195trainer_0hop_balanced_local_bs32_800r,20260914_194714_ogbn-papers100M_FedAvg_bs32_seed42_beta10000p0,ogbn-papers100M,FedAvg,32,42,10000.0,541,validation,0.287,3.0596,0.287,3.0596,1623,0.10279035568237305,0.10279035568237305,0.5305979251861572,0.6333882808685303,339.09443950653076,0.5305979251861572,0.6333882808685303,339.09443950653076
nc_papers100m_195trainer_0hop_balanced_local_bs32_800r,20260914_194714_ogbn-papers100M_FedAvg_bs32_seed42_beta10000p0,ogbn-papers100M,FedAvg,32,42,10000.0,542,validation,0.2872,3.0588,0.2872,3.0588,1626,0.10381722450256348,0.10381722450256348,0.5169122219085693,0.6207294464111328,339.7151689529419,0.5169122219085693,0.6207294464111328,339.7151689529419
nc_papers100m_195trainer_0hop_balanced_local_bs32_800r,20260914_194714_ogbn-papers100M_FedAvg_bs32_seed42_beta10000p0,ogbn-papers100M,FedAvg,32,42,10000.0,543,validation,0.2875,3.0574,0.2875,3.0574,1629,0.10672783851623535,0.10672783851623535,0.561591386795044,0.6683192253112793,340.3834881782532,0.561591386795044,0.6683192253112793,340.3834881782532
nc_papers100m_195trainer_0hop_balanced_local_bs32_800r,20260914_194714_ogbn-papers100M_FedAvg_bs32_seed42_beta10000p0,ogbn-papers100M,FedAvg,32,42,10000.0,544,validation,0.2874,3.0558,0.2874,3.0558,1632,0.10476160049438477,0.10476160049438477,0.5248310565948486,0.6295926570892334,341.0130808353424,0.5248310565948486,0.6295926570892334,341.0130808353424
nc_papers100m_195trainer_0hop_balanced_local_bs32_800r,20260914_194714_ogbn-papers100M_FedAvg_bs32_seed42_beta10000p0,ogbn-papers100M,FedAvg,32,42,10000.0,545,validation,0.2879,3.0548,0.2879,3.0548,1635,0.10261130332946777,0.10261130332946777,0.6832127571105957,0.7858240604400635,341.79890489578247,0.6832127571105957,0.7858240604400635,341.79890489578247
nc_papers100m_195trainer_0hop_balanced_local_bs32_800r,20260914_194714_ogbn-papers100M_FedAvg_bs32_seed42_beta10000p0,ogbn-papers100M,FedAvg,32,42,10000.0,546,validation,0.2877,3.0541,0.2877,3.0541,1638,0.10659050941467285,0.10659050941467285,0.5167586803436279,0.6233491897583008,342.42225408554077,0.5167586803436279,0.6233491897583008,342.42225408554077
nc_papers100m_195trainer_0hop_balanced_local_bs32_800r,20260914_194714_ogbn-papers100M_FedAvg_bs32_seed42_beta10000p0,ogbn-papers100M,FedAvg,32,42,10000.0,547,validation,0.2875,3.0535,0.2875,3.0535,1641,0.10360550880432129,0.10360550880432129,0.5207314491271973,0.6243369579315186,343.0465910434723,0.5207314491271973,0.6243369579315186,343.0465910434723
nc_papers100m_195trainer_0hop_balanced_local_bs32_800r,20260914_194714_ogbn-papers100M_FedAvg_bs32_seed42_beta10000p0,ogbn-papers100M,FedAvg,32,42,10000.0,548,validation,0.2878,3.0529,0.2878,3.0529,1644,0.10542154312133789,0.10542154312133789,0.5176746845245361,0.623096227645874,343.66968727111816,0.5176746845245361,0.623096227645874,343.66968727111816
nc_papers100m_195trainer_0hop_balanced_local_bs32_800r,20260914_194714_ogbn-papers100M_FedAvg_bs32_seed42_beta10000p0,ogbn-papers100M,FedAvg,32,42,10000.0,549,validation,0.2878,3.0515,0.2878,3.0515,1647,0.10383415222167969,0.10383415222167969,0.51521897315979,0.6190531253814697,344.28874039649963,0.51521897315979,0.6190531253814697,344.28874039649963
nc_papers100m_195trainer_0hop_balanced_local_bs32_800r,20260914_194714_ogbn-papers100M_FedAvg_bs32_seed42_beta10000p0,ogbn-papers100M,FedAvg,32,42,10000.0,550,validation,0.2881,3.0503,0.2881,3.0503,1650,0.10592913627624512,0.10592913627624512,0.5124144554138184,0.6183435916900635,344.9070839881897,0.5124144554138184,0.6183435916900635,344.9070839881897
nc_papers100m_195trainer_0hop_balanced_local_bs32_800r,20260914_194714_ogbn-papers100M_FedAvg_bs32_seed42_beta10000p0,ogbn-papers100M,FedAvg,32,42,10000.0,551,validation,0.2883,3.0497,0.2883,3.0497,1653,0.10323715209960938,0.10323715209960938,0.5069863796234131,0.6102235317230225,345.5173075199127,0.5069863796234131,0.6102235317230225,345.5173075199127
nc_papers100m_195trainer_0hop_balanced_local_bs32_800r,20260914_194714_ogbn-papers100M_FedAvg_bs32_seed42_beta10000p0,ogbn-papers100M,FedAvg,32,42,10000.0,552,validation,0.2887,3.0483,0.2887,3.0483,1656,0.10533285140991211,0.10533285140991211,0.5153789520263672,0.6207118034362793,346.138019323349,0.5153789520263672,0.6207118034362793,346.138019323349
nc_papers100m_195trainer_0hop_balanced_local_bs32_800r,20260914_194714_ogbn-papers100M_FedAvg_bs32_seed42_beta10000p0,ogbn-papers100M,FedAvg,32,42,10000.0,553,validation,0.2887,3.0476,0.2887,3.0476,1659,0.10286498069763184,0.10286498069763184,0.5356998443603516,0.6385648250579834,346.776584148407,0.5356998443603516,0.6385648250579834,346.776584148407
nc_papers100m_195trainer_0hop_balanced_local_bs32_800r,20260914_194714_ogbn-papers100M_FedAvg_bs32_seed42_beta10000p0,ogbn-papers100M,FedAvg,32,42,10000.0,554,validation,0.2889,3.0467,0.2889,3.0467,1662,0.10439062118530273,0.10439062118530273,0.5253098011016846,0.6297004222869873,347.40628457069397,0.5253098011016846,0.6297004222869873,347.40628457069397
nc_papers100m_195trainer_0hop_balanced_local_bs32_800r,20260914_194714_ogbn-papers100M_FedAvg_bs32_seed42_beta10000p0,ogbn-papers100M,FedAvg,32,42,10000.0,555,validation,0.2893,3.0455,0.2893,3.0455,1665,0.10493850708007812,0.10493850708007812,0.524813175201416,0.6297516822814941,348.03603625297546,0.524813175201416,0.6297516822814941,348.03603625297546
nc_papers100m_195trainer_0hop_balanced_local_bs32_800r,20260914_194714_ogbn-papers100M_FedAvg_bs32_seed42_beta10000p0,ogbn-papers100M,FedAvg,32,42,10000.0,556,validation,0.2891,3.0447,0.2891,3.0447,1668,0.10485553741455078,0.10485553741455078,0.5182185173034668,0.6230740547180176,348.6591103076935,0.5182185173034668,0.6230740547180176,348.6591103076935
nc_papers100m_195trainer_0hop_balanced_local_bs32_800r,20260914_194714_ogbn-papers100M_FedAvg_bs32_seed42_beta10000p0,ogbn-papers100M,FedAvg,32,42,10000.0,557,validation,0.2896,3.0433,0.2896,3.0433,1671,0.10496759414672852,0.10496759414672852,0.5178680419921875,0.622835636138916,349.2819459438324,0.5178680419921875,0.622835636138916,349.2819459438324
nc_papers100m_195trainer_0hop_balanced_local_bs32_800r,20260914_194714_ogbn-papers100M_FedAvg_bs32_seed42_beta10000p0,ogbn-papers100M,FedAvg,32,42,10000.0,558,validation,0.2894,3.0429,0.2894,3.0429,1674,0.10412096977233887,0.10412096977233887,0.5248656272888184,0.6289865970611572,349.91093254089355,0.5248656272888184,0.6289865970611572,349.91093254089355
nc_papers100m_195trainer_0hop_balanced_local_bs32_800r,20260914_194714_ogbn-papers100M_FedAvg_bs32_seed42_beta10000p0,ogbn-papers100M,FedAvg,32,42,10000.0,559,validation,0.2896,3.0428,0.2896,3.0428,1677,0.10376811027526855,0.10376811027526855,0.5227530002593994,0.626521110534668,350.5374536514282,0.5227530002593994,0.626521110534668,350.5374536514282
nc_papers100m_195trainer_0hop_balanced_local_bs32_800r,20260914_194714_ogbn-papers100M_FedAvg_bs32_seed42_beta10000p0,ogbn-papers100M,FedAvg,32,42,10000.0,560,validation,0.2897,3.0418,0.2897,3.0418,1680,0.10313010215759277,0.10313010215759277,0.5167577266693115,0.6198878288269043,351.1573414802551,0.5167577266693115,0.6198878288269043,351.1573414802551
nc_papers100m_195trainer_0hop_balanced_local_bs32_800r,20260914_194714_ogbn-papers100M_FedAvg_bs32_seed42_beta10000p0,ogbn-papers100M,FedAvg,32,42,10000.0,561,validation,0.2893,3.0407,0.2893,3.0407,1683,0.10384988784790039,0.10384988784790039,0.5252113342285156,0.629061222076416,351.78640270233154,0.5252113342285156,0.629061222076416,351.78640270233154
nc_papers100m_195trainer_0hop_balanced_local_bs32_800r,20260914_194714_ogbn-papers100M_FedAvg_bs32_seed42_beta10000p0,ogbn-papers100M,FedAvg,32,42,10000.0,562,validation,0.2897,3.0392,0.2897,3.0392,1686,0.10472750663757324,0.10472750663757324,0.5197312831878662,0.6244587898254395,352.410861492157,0.5197312831878662,0.6244587898254395,352.410861492157
nc_papers100m_195trainer_0hop_balanced_local_bs32_800r,20260914_194714_ogbn-papers100M_FedAvg_bs32_seed42_beta10000p0,ogbn-papers100M,FedAvg,32,42,10000.0,563,validation,0.2899,3.0392,0.2899,3.0392,1689,0.10300970077514648,0.10300970077514648,0.5224525928497314,0.6254622936248779,353.03632378578186,0.5224525928497314,0.6254622936248779,353.03632378578186
nc_papers100m_195trainer_0hop_balanced_local_bs32_800r,20260914_194714_ogbn-papers100M_FedAvg_bs32_seed42_beta10000p0,ogbn-papers100M,FedAvg,32,42,10000.0,564,validation,0.2902,3.0384,0.2902,3.0384,1692,0.10415267944335938,0.10415267944335938,0.5235176086425781,0.6276702880859375,353.6639940738678,0.5235176086425781,0.6276702880859375,353.6639940738678
nc_papers100m_195trainer_0hop_balanced_local_bs32_800r,20260914_194714_ogbn-papers100M_FedAvg_bs32_seed42_beta10000p0,ogbn-papers100M,FedAvg,32,42,10000.0,565,validation,0.2905,3.0373,0.2905,3.0373,1695,0.10517501831054688,0.10517501831054688,0.5215065479278564,0.6266815662384033,354.2906756401062,0.5215065479278564,0.6266815662384033,354.2906756401062
nc_papers100m_195trainer_0hop_balanced_local_bs32_800r,20260914_194714_ogbn-papers100M_FedAvg_bs32_seed42_beta10000p0,ogbn-papers100M,FedAvg,32,42,10000.0,566,validation,0.2906,3.0365,0.2906,3.0365,1698,0.10501861572265625,0.10501861572265625,0.5165891647338867,0.621607780456543,354.91228342056274,0.5165891647338867,0.621607780456543,354.91228342056274
nc_papers100m_195trainer_0hop_balanced_local_bs32_800r,20260914_194714_ogbn-papers100M_FedAvg_bs32_seed42_beta10000p0,ogbn-papers100M,FedAvg,32,42,10000.0,567,validation,0.291,3.0357,0.291,3.0357,1701,0.10448813438415527,0.10448813438415527,0.5137488842010498,0.6182370185852051,355.53052043914795,0.5137488842010498,0.6182370185852051,355.53052043914795
nc_papers100m_195trainer_0hop_balanced_local_bs32_800r,20260914_194714_ogbn-papers100M_FedAvg_bs32_seed42_beta10000p0,ogbn-papers100M,FedAvg,32,42,10000.0,568,validation,0.2909,3.0349,0.2909,3.0349,1704,0.10729789733886719,0.10729789733886719,0.5232706069946289,0.6305685043334961,356.16108894348145,0.5232706069946289,0.6305685043334961,356.16108894348145
nc_papers100m_195trainer_0hop_balanced_local_bs32_800r,20260914_194714_ogbn-papers100M_FedAvg_bs32_seed42_beta10000p0,ogbn-papers100M,FedAvg,32,42,10000.0,569,validation,0.2912,3.0334,0.2912,3.0334,1707,0.10535645484924316,0.10535645484924316,0.5327119827270508,0.638068437576294,356.79915738105774,0.5327119827270508,0.638068437576294,356.79915738105774
nc_papers100m_195trainer_0hop_balanced_local_bs32_800r,20260914_194714_ogbn-papers100M_FedAvg_bs32_seed42_beta10000p0,ogbn-papers100M,FedAvg,32,42,10000.0,570,validation,0.2912,3.0328,0.2912,3.0328,1710,0.10528087615966797,0.10528087615966797,0.537545919418335,0.6428267955780029,357.44198417663574,0.537545919418335,0.6428267955780029,357.44198417663574
nc_papers100m_195trainer_0hop_balanced_local_bs32_800r,20260914_194714_ogbn-papers100M_FedAvg_bs32_seed42_beta10000p0,ogbn-papers100M,FedAvg,32,42,10000.0,571,validation,0.2914,3.0313,0.2914,3.0313,1713,0.10951852798461914,0.10951852798461914,0.531632661819458,0.6411511898040771,358.0831353664398,0.531632661819458,0.6411511898040771,358.0831353664398
nc_papers100m_195trainer_0hop_balanced_local_bs32_800r,20260914_194714_ogbn-papers100M_FedAvg_bs32_seed42_beta10000p0,ogbn-papers100M,FedAvg,32,42,10000.0,572,validation,0.2913,3.0305,0.2913,3.0305,1716,0.10439085960388184,0.10439085960388184,0.5322418212890625,0.6366326808929443,358.71976804733276,0.5322418212890625,0.6366326808929443,358.71976804733276
nc_papers100m_195trainer_0hop_balanced_local_bs32_800r,20260914_194714_ogbn-papers100M_FedAvg_bs32_seed42_beta10000p0,ogbn-papers100M,FedAvg,32,42,10000.0,573,validation,0.2915,3.0293,0.2915,3.0293,1719,0.10383820533752441,0.10383820533752441,0.5483701229095459,0.6522083282470703,359.37197637557983,0.5483701229095459,0.6522083282470703,359.37197637557983
nc_papers100m_195trainer_0hop_balanced_local_bs32_800r,20260914_194714_ogbn-papers100M_FedAvg_bs32_seed42_beta10000p0,ogbn-papers100M,FedAvg,32,42,10000.0,574,validation,0.2919,3.029,0.2919,3.029,1722,0.10367250442504883,0.10367250442504883,0.56392502784729,0.6675975322723389,360.0395739078522,0.56392502784729,0.6675975322723389,360.0395739078522
nc_papers100m_195trainer_0hop_balanced_local_bs32_800r,20260914_194714_ogbn-papers100M_FedAvg_bs32_seed42_beta10000p0,ogbn-papers100M,FedAvg,32,42,10000.0,575,validation,0.2923,3.0276,0.2923,3.0276,1725,0.10637164115905762,0.10637164115905762,0.5317845344543457,0.6381561756134033,360.6777300834656,0.5317845344543457,0.6381561756134033,360.6777300834656
nc_papers100m_195trainer_0hop_balanced_local_bs32_800r,20260914_194714_ogbn-papers100M_FedAvg_bs32_seed42_beta10000p0,ogbn-papers100M,FedAvg,32,42,10000.0,576,validation,0.2922,3.027,0.2922,3.027,1728,0.10650181770324707,0.10650181770324707,0.5301752090454102,0.6366770267486572,361.31440711021423,0.5301752090454102,0.6366770267486572,361.31440711021423
nc_papers100m_195trainer_0hop_balanced_local_bs32_800r,20260914_194714_ogbn-papers100M_FedAvg_bs32_seed42_beta10000p0,ogbn-papers100M,FedAvg,32,42,10000.0,577,validation,0.292,3.0263,0.292,3.0263,1731,0.10762524604797363,0.10762524604797363,0.5329110622406006,0.6405363082885742,361.9549434185028,0.5329110622406006,0.6405363082885742,361.9549434185028
nc_papers100m_195trainer_0hop_balanced_local_bs32_800r,20260914_194714_ogbn-papers100M_FedAvg_bs32_seed42_beta10000p0,ogbn-papers100M,FedAvg,32,42,10000.0,578,validation,0.2924,3.0255,0.2924,3.0255,1734,0.10407900810241699,0.10407900810241699,0.533726692199707,0.637805700302124,362.59274911880493,0.533726692199707,0.637805700302124,362.59274911880493
nc_papers100m_195trainer_0hop_balanced_local_bs32_800r,20260914_194714_ogbn-papers100M_FedAvg_bs32_seed42_beta10000p0,ogbn-papers100M,FedAvg,32,42,10000.0,579,validation,0.2926,3.0247,0.2926,3.0247,1737,0.10392355918884277,0.10392355918884277,0.5283932685852051,0.6323168277740479,363.225065946579,0.5283932685852051,0.6323168277740479,363.225065946579
nc_papers100m_195trainer_0hop_balanced_local_bs32_800r,20260914_194714_ogbn-papers100M_FedAvg_bs32_seed42_beta10000p0,ogbn-papers100M,FedAvg,32,42,10000.0,580,validation,0.2933,3.0232,0.2933,3.0232,1740,0.10314822196960449,0.10314822196960449,0.5389466285705566,0.6420948505401611,363.86716079711914,0.5389466285705566,0.6420948505401611,363.86716079711914
nc_papers100m_195trainer_0hop_balanced_local_bs32_800r,20260914_194714_ogbn-papers100M_FedAvg_bs32_seed42_beta10000p0,ogbn-papers100M,FedAvg,32,42,10000.0,581,validation,0.2932,3.0219,0.2932,3.0219,1743,0.10589480400085449,0.10589480400085449,0.53348708152771,0.6393818855285645,364.5065426826477,0.53348708152771,0.6393818855285645,364.5065426826477
nc_papers100m_195trainer_0hop_balanced_local_bs32_800r,20260914_194714_ogbn-papers100M_FedAvg_bs32_seed42_beta10000p0,ogbn-papers100M,FedAvg,32,42,10000.0,582,validation,0.2934,3.0203,0.2934,3.0203,1746,0.10448074340820312,0.10448074340820312,0.5323665142059326,0.6368472576141357,365.14338994026184,0.5323665142059326,0.6368472576141357,365.14338994026184
nc_papers100m_195trainer_0hop_balanced_local_bs32_800r,20260914_194714_ogbn-papers100M_FedAvg_bs32_seed42_beta10000p0,ogbn-papers100M,FedAvg,32,42,10000.0,583,validation,0.2935,3.0199,0.2935,3.0199,1749,0.10383439064025879,0.10383439064025879,0.5150473117828369,0.6188817024230957,365.76227164268494,0.5150473117828369,0.6188817024230957,365.76227164268494
nc_papers100m_195trainer_0hop_balanced_local_bs32_800r,20260914_194714_ogbn-papers100M_FedAvg_bs32_seed42_beta10000p0,ogbn-papers100M,FedAvg,32,42,10000.0,584,validation,0.2933,3.0192,0.2933,3.0192,1752,0.10317587852478027,0.10317587852478027,0.5286669731140137,0.631842851638794,366.39411449432373,0.5286669731140137,0.631842851638794,366.39411449432373
nc_papers100m_195trainer_0hop_balanced_local_bs32_800r,20260914_194714_ogbn-papers100M_FedAvg_bs32_seed42_beta10000p0,ogbn-papers100M,FedAvg,32,42,10000.0,585,validation,0.2938,3.0184,0.2938,3.0184,1755,0.10303902626037598,0.10303902626037598,0.5231750011444092,0.6262140274047852,367.0203285217285,0.5231750011444092,0.6262140274047852,367.0203285217285
nc_papers100m_195trainer_0hop_balanced_local_bs32_800r,20260914_194714_ogbn-papers100M_FedAvg_bs32_seed42_beta10000p0,ogbn-papers100M,FedAvg,32,42,10000.0,586,validation,0.2936,3.0175,0.2936,3.0175,1758,0.1104285717010498,0.1104285717010498,0.523604154586792,0.6340327262878418,367.65436124801636,0.523604154586792,0.6340327262878418,367.65436124801636
nc_papers100m_195trainer_0hop_balanced_local_bs32_800r,20260914_194714_ogbn-papers100M_FedAvg_bs32_seed42_beta10000p0,ogbn-papers100M,FedAvg,32,42,10000.0,587,validation,0.2935,3.0173,0.2935,3.0173,1761,0.10553956031799316,0.10553956031799316,0.5209510326385498,0.626490592956543,368.2808518409729,0.5209510326385498,0.626490592956543,368.2808518409729
nc_papers100m_195trainer_0hop_balanced_local_bs32_800r,20260914_194714_ogbn-papers100M_FedAvg_bs32_seed42_beta10000p0,ogbn-papers100M,FedAvg,32,42,10000.0,588,validation,0.2935,3.0167,0.2935,3.0167,1764,0.105194091796875,0.105194091796875,0.5127027034759521,0.6178967952728271,368.8987486362457,0.5127027034759521,0.6178967952728271,368.8987486362457
nc_papers100m_195trainer_0hop_balanced_local_bs32_800r,20260914_194714_ogbn-papers100M_FedAvg_bs32_seed42_beta10000p0,ogbn-papers100M,FedAvg,32,42,10000.0,589,validation,0.2938,3.0154,0.2938,3.0154,1767,0.10949969291687012,0.10949969291687012,0.5303652286529541,0.6398649215698242,369.53861355781555,0.5303652286529541,0.6398649215698242,369.53861355781555
nc_papers100m_195trainer_0hop_balanced_local_bs32_800r,20260914_194714_ogbn-papers100M_FedAvg_bs32_seed42_beta10000p0,ogbn-papers100M,FedAvg,32,42,10000.0,590,validation,0.2939,3.0153,0.2939,3.0153,1770,0.10814332962036133,0.10814332962036133,0.5232884883880615,0.6314318180084229,370.170045375824,0.5232884883880615,0.6314318180084229,370.170045375824
nc_papers100m_195trainer_0hop_balanced_local_bs32_800r,20260914_194714_ogbn-papers100M_FedAvg_bs32_seed42_beta10000p0,ogbn-papers100M,FedAvg,32,42,10000.0,591,validation,0.2942,3.0143,0.2942,3.0143,1773,0.10761713981628418,0.10761713981628418,0.5249817371368408,0.632598876953125,370.8026442527771,0.5249817371368408,0.632598876953125,370.8026442527771
nc_papers100m_195trainer_0hop_balanced_local_bs32_800r,20260914_194714_ogbn-papers100M_FedAvg_bs32_seed42_beta10000p0,ogbn-papers100M,FedAvg,32,42,10000.0,592,validation,0.2944,3.0132,0.2944,3.0132,1776,0.10295915603637695,0.10295915603637695,0.5188813209533691,0.6218404769897461,371.42448472976685,0.5188813209533691,0.6218404769897461,371.42448472976685
nc_papers100m_195trainer_0hop_balanced_local_bs32_800r,20260914_194714_ogbn-papers100M_FedAvg_bs32_seed42_beta10000p0,ogbn-papers100M,FedAvg,32,42,10000.0,593,validation,0.2944,3.0123,0.2944,3.0123,1779,0.10573387145996094,0.10573387145996094,0.5261538028717041,0.631887674331665,372.0563724040985,0.5261538028717041,0.631887674331665,372.0563724040985
nc_papers100m_195trainer_0hop_balanced_local_bs32_800r,20260914_194714_ogbn-papers100M_FedAvg_bs32_seed42_beta10000p0,ogbn-papers100M,FedAvg,32,42,10000.0,594,validation,0.2946,3.0124,0.2946,3.0124,1782,0.10598397254943848,0.10598397254943848,0.5303299427032471,0.6363139152526855,372.6926863193512,0.5303299427032471,0.6363139152526855,372.6926863193512
nc_papers100m_195trainer_0hop_balanced_local_bs32_800r,20260914_194714_ogbn-papers100M_FedAvg_bs32_seed42_beta10000p0,ogbn-papers100M,FedAvg,32,42,10000.0,595,validation,0.2946,3.0106,0.2946,3.0106,1785,0.1054837703704834,0.1054837703704834,0.5404386520385742,0.6459224224090576,373.33860874176025,0.5404386520385742,0.6459224224090576,373.33860874176025
nc_papers100m_195trainer_0hop_balanced_local_bs32_800r,20260914_194714_ogbn-papers100M_FedAvg_bs32_seed42_beta10000p0,ogbn-papers100M,FedAvg,32,42,10000.0,596,validation,0.2945,3.0092,0.2945,3.0092,1788,0.10399913787841797,0.10399913787841797,0.5268940925598145,0.6308932304382324,373.9695019721985,0.5268940925598145,0.6308932304382324,373.9695019721985
nc_papers100m_195trainer_0hop_balanced_local_bs32_800r,20260914_194714_ogbn-papers100M_FedAvg_bs32_seed42_beta10000p0,ogbn-papers100M,FedAvg,32,42,10000.0,597,validation,0.2944,3.0084,0.2944,3.0084,1791,0.10510635375976562,0.10510635375976562,0.5218558311462402,0.6269621849060059,374.5964641571045,0.5218558311462402,0.6269621849060059,374.5964641571045
nc_papers100m_195trainer_0hop_balanced_local_bs32_800r,20260914_194714_ogbn-papers100M_FedAvg_bs32_seed42_beta10000p0,ogbn-papers100M,FedAvg,32,42,10000.0,598,validation,0.2948,3.0075,0.2948,3.0075,1794,0.10376548767089844,0.10376548767089844,0.5204432010650635,0.6242086887359619,375.22067284584045,0.5204432010650635,0.6242086887359619,375.22067284584045
nc_papers100m_195trainer_0hop_balanced_local_bs32_800r,20260914_194714_ogbn-papers100M_FedAvg_bs32_seed42_beta10000p0,ogbn-papers100M,FedAvg,32,42,10000.0,599,validation,0.2954,3.0065,0.2954,3.0065,1797,0.10835099220275879,0.10835099220275879,0.5246894359588623,0.6330404281616211,375.8537132740021,0.5246894359588623,0.6330404281616211,375.8537132740021
nc_papers100m_195trainer_0hop_balanced_local_bs32_800r,20260914_194714_ogbn-papers100M_FedAvg_bs32_seed42_beta10000p0,ogbn-papers100M,FedAvg,32,42,10000.0,600,validation,0.2949,3.0056,0.2949,3.0056,1800,0.10716891288757324,0.10716891288757324,0.5236399173736572,0.6308088302612305,376.4845221042633,0.5236399173736572,0.6308088302612305,376.4845221042633
nc_papers100m_195trainer_0hop_balanced_local_bs32_800r,20260914_194714_ogbn-papers100M_FedAvg_bs32_seed42_beta10000p0,ogbn-papers100M,FedAvg,32,42,10000.0,601,validation,0.2947,3.0055,0.2947,3.0055,1803,0.1030275821685791,0.1030275821685791,0.5305557250976562,0.6335833072662354,377.11810541152954,0.5305557250976562,0.6335833072662354,377.11810541152954
nc_papers100m_195trainer_0hop_balanced_local_bs32_800r,20260914_194714_ogbn-papers100M_FedAvg_bs32_seed42_beta10000p0,ogbn-papers100M,FedAvg,32,42,10000.0,602,validation,0.2953,3.0047,0.2953,3.0047,1806,0.10288310050964355,0.10288310050964355,0.5197477340698242,0.6226308345794678,377.740736246109,0.5197477340698242,0.6226308345794678,377.740736246109
nc_papers100m_195trainer_0hop_balanced_local_bs32_800r,20260914_194714_ogbn-papers100M_FedAvg_bs32_seed42_beta10000p0,ogbn-papers100M,FedAvg,32,42,10000.0,603,validation,0.2957,3.0041,0.2957,3.0041,1809,0.1034550666809082,0.1034550666809082,0.5133016109466553,0.6167566776275635,378.3574929237366,0.5133016109466553,0.6167566776275635,378.3574929237366
nc_papers100m_195trainer_0hop_balanced_local_bs32_800r,20260914_194714_ogbn-papers100M_FedAvg_bs32_seed42_beta10000p0,ogbn-papers100M,FedAvg,32,42,10000.0,604,validation,0.2959,3.003,0.2959,3.003,1812,0.10584592819213867,0.10584592819213867,0.5226964950561523,0.628542423248291,378.98603534698486,0.5226964950561523,0.628542423248291,378.98603534698486
nc_papers100m_195trainer_0hop_balanced_local_bs32_800r,20260914_194714_ogbn-papers100M_FedAvg_bs32_seed42_beta10000p0,ogbn-papers100M,FedAvg,32,42,10000.0,605,validation,0.2959,3.0023,0.2959,3.0023,1815,0.10384011268615723,0.10384011268615723,0.5239739418029785,0.6278140544891357,379.613849401474,0.5239739418029785,0.6278140544891357,379.613849401474
nc_papers100m_195trainer_0hop_balanced_local_bs32_800r,20260914_194714_ogbn-papers100M_FedAvg_bs32_seed42_beta10000p0,ogbn-papers100M,FedAvg,32,42,10000.0,606,validation,0.2963,3.0,0.2963,3.0,1818,0.1025228500366211,0.1025228500366211,0.5125036239624023,0.6150264739990234,380.228875875473,0.5125036239624023,0.6150264739990234,380.228875875473
nc_papers100m_195trainer_0hop_balanced_local_bs32_800r,20260914_194714_ogbn-papers100M_FedAvg_bs32_seed42_beta10000p0,ogbn-papers100M,FedAvg,32,42,10000.0,607,validation,0.2963,2.9999,0.2963,2.9999,1821,0.10357904434204102,0.10357904434204102,0.5126619338989258,0.6162409782409668,380.845116853714,0.5126619338989258,0.6162409782409668,380.845116853714
nc_papers100m_195trainer_0hop_balanced_local_bs32_800r,20260914_194714_ogbn-papers100M_FedAvg_bs32_seed42_beta10000p0,ogbn-papers100M,FedAvg,32,42,10000.0,608,validation,0.2965,2.9991,0.2965,2.9991,1824,0.10578036308288574,0.10578036308288574,0.5154571533203125,0.6212375164031982,381.4663543701172,0.5154571533203125,0.6212375164031982,381.4663543701172
nc_papers100m_195trainer_0hop_balanced_local_bs32_800r,20260914_194714_ogbn-papers100M_FedAvg_bs32_seed42_beta10000p0,ogbn-papers100M,FedAvg,32,42,10000.0,609,validation,0.2963,2.9981,0.2963,2.9981,1827,0.10277748107910156,0.10277748107910156,0.5136075019836426,0.6163849830627441,382.08273935317993,0.5136075019836426,0.6163849830627441,382.08273935317993
nc_papers100m_195trainer_0hop_balanced_local_bs32_800r,20260914_194714_ogbn-papers100M_FedAvg_bs32_seed42_beta10000p0,ogbn-papers100M,FedAvg,32,42,10000.0,610,validation,0.2966,2.9976,0.2966,2.9976,1830,0.1069190502166748,0.1069190502166748,0.5201356410980225,0.6270546913146973,382.70979404449463,0.5201356410980225,0.6270546913146973,382.70979404449463
nc_papers100m_195trainer_0hop_balanced_local_bs32_800r,20260914_194714_ogbn-papers100M_FedAvg_bs32_seed42_beta10000p0,ogbn-papers100M,FedAvg,32,42,10000.0,611,validation,0.2968,2.9965,0.2968,2.9965,1833,0.1036536693572998,0.1036536693572998,0.5202503204345703,0.6239039897918701,383.3336980342865,0.5202503204345703,0.6239039897918701,383.3336980342865
nc_papers100m_195trainer_0hop_balanced_local_bs32_800r,20260914_194714_ogbn-papers100M_FedAvg_bs32_seed42_beta10000p0,ogbn-papers100M,FedAvg,32,42,10000.0,612,validation,0.2973,2.9952,0.2973,2.9952,1836,0.10243463516235352,0.10243463516235352,0.5209026336669922,0.6233372688293457,383.95703530311584,0.5209026336669922,0.6233372688293457,383.95703530311584
nc_papers100m_195trainer_0hop_balanced_local_bs32_800r,20260914_194714_ogbn-papers100M_FedAvg_bs32_seed42_beta10000p0,ogbn-papers100M,FedAvg,32,42,10000.0,613,validation,0.2972,2.994,0.2972,2.994,1839,0.1044011116027832,0.1044011116027832,0.5186870098114014,0.6230881214141846,384.58012342453003,0.5186870098114014,0.6230881214141846,384.58012342453003
nc_papers100m_195trainer_0hop_balanced_local_bs32_800r,20260914_194714_ogbn-papers100M_FedAvg_bs32_seed42_beta10000p0,ogbn-papers100M,FedAvg,32,42,10000.0,614,validation,0.2975,2.9929,0.2975,2.9929,1842,0.10324287414550781,0.10324287414550781,0.5152087211608887,0.6184515953063965,385.1985750198364,0.5152087211608887,0.6184515953063965,385.1985750198364
nc_papers100m_195trainer_0hop_balanced_local_bs32_800r,20260914_194714_ogbn-papers100M_FedAvg_bs32_seed42_beta10000p0,ogbn-papers100M,FedAvg,32,42,10000.0,615,validation,0.2976,2.9921,0.2976,2.9921,1845,0.1018526554107666,0.1018526554107666,0.5155205726623535,0.6173732280731201,385.81594824790955,0.5155205726623535,0.6173732280731201,385.81594824790955
nc_papers100m_195trainer_0hop_balanced_local_bs32_800r,20260914_194714_ogbn-papers100M_FedAvg_bs32_seed42_beta10000p0,ogbn-papers100M,FedAvg,32,42,10000.0,616,validation,0.2974,2.9923,0.2974,2.9923,1848,0.10436153411865234,0.10436153411865234,0.5339369773864746,0.638298511505127,386.4542467594147,0.5339369773864746,0.638298511505127,386.4542467594147
nc_papers100m_195trainer_0hop_balanced_local_bs32_800r,20260914_194714_ogbn-papers100M_FedAvg_bs32_seed42_beta10000p0,ogbn-papers100M,FedAvg,32,42,10000.0,617,validation,0.2976,2.992,0.2976,2.992,1851,0.10474133491516113,0.10474133491516113,0.5221326351165771,0.6268739700317383,387.0811207294464,0.5221326351165771,0.6268739700317383,387.0811207294464
nc_papers100m_195trainer_0hop_balanced_local_bs32_800r,20260914_194714_ogbn-papers100M_FedAvg_bs32_seed42_beta10000p0,ogbn-papers100M,FedAvg,32,42,10000.0,618,validation,0.2975,2.9911,0.2975,2.9911,1854,0.10497379302978516,0.10497379302978516,0.5164525508880615,0.6214263439178467,387.70254707336426,0.5164525508880615,0.6214263439178467,387.70254707336426
nc_papers100m_195trainer_0hop_balanced_local_bs32_800r,20260914_194714_ogbn-papers100M_FedAvg_bs32_seed42_beta10000p0,ogbn-papers100M,FedAvg,32,42,10000.0,619,validation,0.2973,2.9898,0.2973,2.9898,1857,0.10456585884094238,0.10456585884094238,0.5121235847473145,0.6166894435882568,388.3192365169525,0.5121235847473145,0.6166894435882568,388.3192365169525
nc_papers100m_195trainer_0hop_balanced_local_bs32_800r,20260914_194714_ogbn-papers100M_FedAvg_bs32_seed42_beta10000p0,ogbn-papers100M,FedAvg,32,42,10000.0,620,validation,0.2976,2.9889,0.2976,2.9889,1860,0.10272550582885742,0.10272550582885742,0.5253198146820068,0.6280453205108643,388.9472818374634,0.5253198146820068,0.6280453205108643,388.9472818374634
nc_papers100m_195trainer_0hop_balanced_local_bs32_800r,20260914_194714_ogbn-papers100M_FedAvg_bs32_seed42_beta10000p0,ogbn-papers100M,FedAvg,32,42,10000.0,621,validation,0.2974,2.9878,0.2974,2.9878,1863,0.10408854484558105,0.10408854484558105,0.5189993381500244,0.6230878829956055,389.570369720459,0.5189993381500244,0.6230878829956055,389.570369720459
nc_papers100m_195trainer_0hop_balanced_local_bs32_800r,20260914_194714_ogbn-papers100M_FedAvg_bs32_seed42_beta10000p0,ogbn-papers100M,FedAvg,32,42,10000.0,622,validation,0.298,2.9867,0.298,2.9867,1866,0.10674691200256348,0.10674691200256348,0.5263125896453857,0.6330595016479492,390.20342922210693,0.5263125896453857,0.6330595016479492,390.20342922210693
nc_papers100m_195trainer_0hop_balanced_local_bs32_800r,20260914_194714_ogbn-papers100M_FedAvg_bs32_seed42_beta10000p0,ogbn-papers100M,FedAvg,32,42,10000.0,623,validation,0.298,2.9867,0.298,2.9867,1869,0.1033627986907959,0.1033627986907959,0.519444465637207,0.6228072643280029,390.82623648643494,0.519444465637207,0.6228072643280029,390.82623648643494
nc_papers100m_195trainer_0hop_balanced_local_bs32_800r,20260914_194714_ogbn-papers100M_FedAvg_bs32_seed42_beta10000p0,ogbn-papers100M,FedAvg,32,42,10000.0,624,validation,0.2977,2.9861,0.2977,2.9861,1872,0.10636329650878906,0.10636329650878906,0.5159425735473633,0.6223058700561523,391.4485423564911,0.5159425735473633,0.6223058700561523,391.4485423564911
nc_papers100m_195trainer_0hop_balanced_local_bs32_800r,20260914_194714_ogbn-papers100M_FedAvg_bs32_seed42_beta10000p0,ogbn-papers100M,FedAvg,32,42,10000.0,625,validation,0.2981,2.9843,0.2981,2.9843,1875,0.10489916801452637,0.10489916801452637,0.5284140110015869,0.6333131790161133,392.0818555355072,0.5284140110015869,0.6333131790161133,392.0818555355072
nc_papers100m_195trainer_0hop_balanced_local_bs32_800r,20260914_194714_ogbn-papers100M_FedAvg_bs32_seed42_beta10000p0,ogbn-papers100M,FedAvg,32,42,10000.0,626,validation,0.2984,2.9833,0.2984,2.9833,1878,0.10856175422668457,0.10856175422668457,0.5424840450286865,0.6510457992553711,392.7329013347626,0.5424840450286865,0.6510457992553711,392.7329013347626
nc_papers100m_195trainer_0hop_balanced_local_bs32_800r,20260914_194714_ogbn-papers100M_FedAvg_bs32_seed42_beta10000p0,ogbn-papers100M,FedAvg,32,42,10000.0,627,validation,0.2984,2.9834,0.2984,2.9834,1881,0.10361504554748535,0.10361504554748535,0.5347931385040283,0.6384081840515137,393.3713095188141,0.5347931385040283,0.6384081840515137,393.3713095188141
nc_papers100m_195trainer_0hop_balanced_local_bs32_800r,20260914_194714_ogbn-papers100M_FedAvg_bs32_seed42_beta10000p0,ogbn-papers100M,FedAvg,32,42,10000.0,628,validation,0.2985,2.9826,0.2985,2.9826,1884,0.10247373580932617,0.10247373580932617,0.5299422740936279,0.6324160099029541,394.00372552871704,0.5299422740936279,0.6324160099029541,394.00372552871704
nc_papers100m_195trainer_0hop_balanced_local_bs32_800r,20260914_194714_ogbn-papers100M_FedAvg_bs32_seed42_beta10000p0,ogbn-papers100M,FedAvg,32,42,10000.0,629,validation,0.2985,2.9821,0.2985,2.9821,1887,0.10353493690490723,0.10353493690490723,0.522728443145752,0.6262633800506592,394.6299889087677,0.522728443145752,0.6262633800506592,394.6299889087677
nc_papers100m_195trainer_0hop_balanced_local_bs32_800r,20260914_194714_ogbn-papers100M_FedAvg_bs32_seed42_beta10000p0,ogbn-papers100M,FedAvg,32,42,10000.0,630,validation,0.299,2.9816,0.299,2.9816,1890,0.1040804386138916,0.1040804386138916,0.5249779224395752,0.6290583610534668,395.25904726982117,0.5249779224395752,0.6290583610534668,395.25904726982117
nc_papers100m_195trainer_0hop_balanced_local_bs32_800r,20260914_194714_ogbn-papers100M_FedAvg_bs32_seed42_beta10000p0,ogbn-papers100M,FedAvg,32,42,10000.0,631,validation,0.2991,2.9807,0.2991,2.9807,1893,0.10480093955993652,0.10480093955993652,0.5257284641265869,0.6305294036865234,395.8895766735077,0.5257284641265869,0.6305294036865234,395.8895766735077
nc_papers100m_195trainer_0hop_balanced_local_bs32_800r,20260914_194714_ogbn-papers100M_FedAvg_bs32_seed42_beta10000p0,ogbn-papers100M,FedAvg,32,42,10000.0,632,validation,0.2995,2.9803,0.2995,2.9803,1896,0.10336804389953613,0.10336804389953613,0.5151181221008301,0.6184861660003662,396.50806283950806,0.5151181221008301,0.6184861660003662,396.50806283950806
nc_papers100m_195trainer_0hop_balanced_local_bs32_800r,20260914_194714_ogbn-papers100M_FedAvg_bs32_seed42_beta10000p0,ogbn-papers100M,FedAvg,32,42,10000.0,633,validation,0.2997,2.9791,0.2997,2.9791,1899,0.10292935371398926,0.10292935371398926,0.5142717361450195,0.6172010898590088,397.12526392936707,0.5142717361450195,0.6172010898590088,397.12526392936707
nc_papers100m_195trainer_0hop_balanced_local_bs32_800r,20260914_194714_ogbn-papers100M_FedAvg_bs32_seed42_beta10000p0,ogbn-papers100M,FedAvg,32,42,10000.0,634,validation,0.2994,2.9777,0.2994,2.9777,1902,0.1043708324432373,0.1043708324432373,0.5151970386505127,0.61956787109375,397.7448318004608,0.5151970386505127,0.61956787109375,397.7448318004608
nc_papers100m_195trainer_0hop_balanced_local_bs32_800r,20260914_194714_ogbn-papers100M_FedAvg_bs32_seed42_beta10000p0,ogbn-papers100M,FedAvg,32,42,10000.0,635,validation,0.2995,2.9771,0.2995,2.9771,1905,0.10525345802307129,0.10525345802307129,0.5122787952423096,0.6175322532653809,398.3623640537262,0.5122787952423096,0.6175322532653809,398.3623640537262
nc_papers100m_195trainer_0hop_balanced_local_bs32_800r,20260914_194714_ogbn-papers100M_FedAvg_bs32_seed42_beta10000p0,ogbn-papers100M,FedAvg,32,42,10000.0,636,validation,0.2995,2.9765,0.2995,2.9765,1908,0.10366964340209961,0.10366964340209961,0.5202195644378662,0.6238892078399658,398.98625326156616,0.5202195644378662,0.6238892078399658,398.98625326156616
nc_papers100m_195trainer_0hop_balanced_local_bs32_800r,20260914_194714_ogbn-papers100M_FedAvg_bs32_seed42_beta10000p0,ogbn-papers100M,FedAvg,32,42,10000.0,637,validation,0.2997,2.9754,0.2997,2.9754,1911,0.10450291633605957,0.10450291633605957,0.5236489772796631,0.6281518936157227,399.6144051551819,0.5236489772796631,0.6281518936157227,399.6144051551819
nc_papers100m_195trainer_0hop_balanced_local_bs32_800r,20260914_194714_ogbn-papers100M_FedAvg_bs32_seed42_beta10000p0,ogbn-papers100M,FedAvg,32,42,10000.0,638,validation,0.3,2.9748,0.3,2.9748,1914,0.10458874702453613,0.10458874702453613,0.5174422264099121,0.6220309734344482,400.23643612861633,0.5174422264099121,0.6220309734344482,400.23643612861633
nc_papers100m_195trainer_0hop_balanced_local_bs32_800r,20260914_194714_ogbn-papers100M_FedAvg_bs32_seed42_beta10000p0,ogbn-papers100M,FedAvg,32,42,10000.0,639,validation,0.3,2.9738,0.3,2.9738,1917,0.10309290885925293,0.10309290885925293,0.5174593925476074,0.6205523014068604,400.8569884300232,0.5174593925476074,0.6205523014068604,400.8569884300232
nc_papers100m_195trainer_0hop_balanced_local_bs32_800r,20260914_194714_ogbn-papers100M_FedAvg_bs32_seed42_beta10000p0,ogbn-papers100M,FedAvg,32,42,10000.0,640,validation,0.3002,2.9733,0.3002,2.9733,1920,0.10428619384765625,0.10428619384765625,0.5243771076202393,0.6286633014678955,401.4856517314911,0.5243771076202393,0.6286633014678955,401.4856517314911
nc_papers100m_195trainer_0hop_balanced_local_bs32_800r,20260914_194714_ogbn-papers100M_FedAvg_bs32_seed42_beta10000p0,ogbn-papers100M,FedAvg,32,42,10000.0,641,validation,0.3004,2.9721,0.3004,2.9721,1923,0.1032257080078125,0.1032257080078125,0.5172817707061768,0.6205074787139893,402.1061592102051,0.5172817707061768,0.6205074787139893,402.1061592102051
nc_papers100m_195trainer_0hop_balanced_local_bs32_800r,20260914_194714_ogbn-papers100M_FedAvg_bs32_seed42_beta10000p0,ogbn-papers100M,FedAvg,32,42,10000.0,642,validation,0.3005,2.9714,0.3005,2.9714,1926,0.10844731330871582,0.10844731330871582,0.525068998336792,0.6335163116455078,402.7396755218506,0.525068998336792,0.6335163116455078,402.7396755218506
nc_papers100m_195trainer_0hop_balanced_local_bs32_800r,20260914_194714_ogbn-papers100M_FedAvg_bs32_seed42_beta10000p0,ogbn-papers100M,FedAvg,32,42,10000.0,643,validation,0.3009,2.9702,0.3009,2.9702,1929,0.10393023490905762,0.10393023490905762,0.5250463485717773,0.628976583480835,403.3686521053314,0.5250463485717773,0.628976583480835,403.3686521053314
nc_papers100m_195trainer_0hop_balanced_local_bs32_800r,20260914_194714_ogbn-papers100M_FedAvg_bs32_seed42_beta10000p0,ogbn-papers100M,FedAvg,32,42,10000.0,644,validation,0.3008,2.9696,0.3008,2.9696,1932,0.10407423973083496,0.10407423973083496,0.5218594074249268,0.6259336471557617,403.9945857524872,0.5218594074249268,0.6259336471557617,403.9945857524872
nc_papers100m_195trainer_0hop_balanced_local_bs32_800r,20260914_194714_ogbn-papers100M_FedAvg_bs32_seed42_beta10000p0,ogbn-papers100M,FedAvg,32,42,10000.0,645,validation,0.301,2.9692,0.301,2.9692,1935,0.1018071174621582,0.1018071174621582,0.5257077217102051,0.6275148391723633,404.62210059165955,0.5257077217102051,0.6275148391723633,404.62210059165955
nc_papers100m_195trainer_0hop_balanced_local_bs32_800r,20260914_194714_ogbn-papers100M_FedAvg_bs32_seed42_beta10000p0,ogbn-papers100M,FedAvg,32,42,10000.0,646,validation,0.3012,2.9681,0.3012,2.9681,1938,0.1049504280090332,0.1049504280090332,0.5212914943695068,0.62624192237854,405.2483425140381,0.5212914943695068,0.62624192237854,405.2483425140381
nc_papers100m_195trainer_0hop_balanced_local_bs32_800r,20260914_194714_ogbn-papers100M_FedAvg_bs32_seed42_beta10000p0,ogbn-papers100M,FedAvg,32,42,10000.0,647,validation,0.3013,2.9675,0.3013,2.9675,1941,0.10268902778625488,0.10268902778625488,0.5445365905761719,0.6472256183624268,405.8955681324005,0.5445365905761719,0.6472256183624268,405.8955681324005
nc_papers100m_195trainer_0hop_balanced_local_bs32_800r,20260914_194714_ogbn-papers100M_FedAvg_bs32_seed42_beta10000p0,ogbn-papers100M,FedAvg,32,42,10000.0,648,validation,0.3012,2.966,0.3012,2.966,1944,0.1029360294342041,0.1029360294342041,0.527517557144165,0.6304535865783691,406.5260217189789,0.527517557144165,0.6304535865783691,406.5260217189789
nc_papers100m_195trainer_0hop_balanced_local_bs32_800r,20260914_194714_ogbn-papers100M_FedAvg_bs32_seed42_beta10000p0,ogbn-papers100M,FedAvg,32,42,10000.0,649,validation,0.3012,2.9656,0.3012,2.9656,1947,0.1090390682220459,0.1090390682220459,0.5203707218170166,0.6294097900390625,407.15543150901794,0.5203707218170166,0.6294097900390625,407.15543150901794
nc_papers100m_195trainer_0hop_balanced_local_bs32_800r,20260914_194714_ogbn-papers100M_FedAvg_bs32_seed42_beta10000p0,ogbn-papers100M,FedAvg,32,42,10000.0,650,validation,0.3015,2.9653,0.3015,2.9653,1950,0.10282325744628906,0.10282325744628906,0.5227880477905273,0.6256113052368164,407.78104281425476,0.5227880477905273,0.6256113052368164,407.78104281425476
nc_papers100m_195trainer_0hop_balanced_local_bs32_800r,20260914_194714_ogbn-papers100M_FedAvg_bs32_seed42_beta10000p0,ogbn-papers100M,FedAvg,32,42,10000.0,651,validation,0.3012,2.9651,0.3012,2.9651,1953,0.10185766220092773,0.10185766220092773,0.5178022384643555,0.6196599006652832,408.40070271492004,0.5178022384643555,0.6196599006652832,408.40070271492004
nc_papers100m_195trainer_0hop_balanced_local_bs32_800r,20260914_194714_ogbn-papers100M_FedAvg_bs32_seed42_beta10000p0,ogbn-papers100M,FedAvg,32,42,10000.0,652,validation,0.3016,2.965,0.3016,2.965,1956,0.10295367240905762,0.10295367240905762,0.5188257694244385,0.6217794418334961,409.02248215675354,0.5188257694244385,0.6217794418334961,409.02248215675354
nc_papers100m_195trainer_0hop_balanced_local_bs32_800r,20260914_194714_ogbn-papers100M_FedAvg_bs32_seed42_beta10000p0,ogbn-papers100M,FedAvg,32,42,10000.0,653,validation,0.3015,2.9646,0.3015,2.9646,1959,0.10701942443847656,0.10701942443847656,0.5148577690124512,0.6218771934509277,409.64435935020447,0.5148577690124512,0.6218771934509277,409.64435935020447
nc_papers100m_195trainer_0hop_balanced_local_bs32_800r,20260914_194714_ogbn-papers100M_FedAvg_bs32_seed42_beta10000p0,ogbn-papers100M,FedAvg,32,42,10000.0,654,validation,0.3021,2.9638,0.3021,2.9638,1962,0.1083683967590332,0.1083683967590332,0.508124589920044,0.6164929866790771,410.26085233688354,0.508124589920044,0.6164929866790771,410.26085233688354
nc_papers100m_195trainer_0hop_balanced_local_bs32_800r,20260914_194714_ogbn-papers100M_FedAvg_bs32_seed42_beta10000p0,ogbn-papers100M,FedAvg,32,42,10000.0,655,validation,0.3026,2.9621,0.3026,2.9621,1965,0.10447478294372559,0.10447478294372559,0.51637864112854,0.6208534240722656,410.8817057609558,0.51637864112854,0.6208534240722656,410.8817057609558
nc_papers100m_195trainer_0hop_balanced_local_bs32_800r,20260914_194714_ogbn-papers100M_FedAvg_bs32_seed42_beta10000p0,ogbn-papers100M,FedAvg,32,42,10000.0,656,validation,0.3024,2.9614,0.3024,2.9614,1968,0.1033473014831543,0.1033473014831543,0.5131669044494629,0.6165142059326172,411.4982199668884,0.5131669044494629,0.6165142059326172,411.4982199668884
nc_papers100m_195trainer_0hop_balanced_local_bs32_800r,20260914_194714_ogbn-papers100M_FedAvg_bs32_seed42_beta10000p0,ogbn-papers100M,FedAvg,32,42,10000.0,657,validation,0.3028,2.9607,0.3028,2.9607,1971,0.10336804389953613,0.10336804389953613,0.5127911567687988,0.616159200668335,412.11437916755676,0.5127911567687988,0.616159200668335,412.11437916755676
nc_papers100m_195trainer_0hop_balanced_local_bs32_800r,20260914_194714_ogbn-papers100M_FedAvg_bs32_seed42_beta10000p0,ogbn-papers100M,FedAvg,32,42,10000.0,658,validation,0.3032,2.9601,0.3032,2.9601,1974,0.1047353744506836,0.1047353744506836,0.5227384567260742,0.6274738311767578,412.7418529987335,0.5227384567260742,0.6274738311767578,412.7418529987335
nc_papers100m_195trainer_0hop_balanced_local_bs32_800r,20260914_194714_ogbn-papers100M_FedAvg_bs32_seed42_beta10000p0,ogbn-papers100M,FedAvg,32,42,10000.0,659,validation,0.3029,2.9596,0.3029,2.9596,1977,0.10626912117004395,0.10626912117004395,0.5150156021118164,0.6212847232818604,413.3631377220154,0.5150156021118164,0.6212847232818604,413.3631377220154
nc_papers100m_195trainer_0hop_balanced_local_bs32_800r,20260914_194714_ogbn-papers100M_FedAvg_bs32_seed42_beta10000p0,ogbn-papers100M,FedAvg,32,42,10000.0,660,validation,0.3028,2.9593,0.3028,2.9593,1980,0.10735440254211426,0.10735440254211426,0.5191142559051514,0.6264686584472656,413.98960638046265,0.5191142559051514,0.6264686584472656,413.98960638046265
nc_papers100m_195trainer_0hop_balanced_local_bs32_800r,20260914_194714_ogbn-papers100M_FedAvg_bs32_seed42_beta10000p0,ogbn-papers100M,FedAvg,32,42,10000.0,661,validation,0.3031,2.9582,0.3031,2.9582,1983,0.10173726081848145,0.10173726081848145,0.5159969329833984,0.6177341938018799,414.6073405742645,0.5159969329833984,0.6177341938018799,414.6073405742645
nc_papers100m_195trainer_0hop_balanced_local_bs32_800r,20260914_194714_ogbn-papers100M_FedAvg_bs32_seed42_beta10000p0,ogbn-papers100M,FedAvg,32,42,10000.0,662,validation,0.303,2.9575,0.303,2.9575,1986,0.10338401794433594,0.10338401794433594,0.5198233127593994,0.6232073307037354,415.23054790496826,0.5198233127593994,0.6232073307037354,415.23054790496826
nc_papers100m_195trainer_0hop_balanced_local_bs32_800r,20260914_194714_ogbn-papers100M_FedAvg_bs32_seed42_beta10000p0,ogbn-papers100M,FedAvg,32,42,10000.0,663,validation,0.3035,2.9564,0.3035,2.9564,1989,0.10587000846862793,0.10587000846862793,0.5183970928192139,0.6242671012878418,415.8548150062561,0.5183970928192139,0.6242671012878418,415.8548150062561
nc_papers100m_195trainer_0hop_balanced_local_bs32_800r,20260914_194714_ogbn-papers100M_FedAvg_bs32_seed42_beta10000p0,ogbn-papers100M,FedAvg,32,42,10000.0,664,validation,0.3035,2.9555,0.3035,2.9555,1992,0.10929632186889648,0.10929632186889648,0.514667272567749,0.6239635944366455,416.47877860069275,0.514667272567749,0.6239635944366455,416.47877860069275
nc_papers100m_195trainer_0hop_balanced_local_bs32_800r,20260914_194714_ogbn-papers100M_FedAvg_bs32_seed42_beta10000p0,ogbn-papers100M,FedAvg,32,42,10000.0,665,validation,0.3036,2.9537,0.3036,2.9537,1995,0.1102139949798584,0.1102139949798584,0.5220305919647217,0.6322445869445801,417.11102318763733,0.5220305919647217,0.6322445869445801,417.11102318763733
nc_papers100m_195trainer_0hop_balanced_local_bs32_800r,20260914_194714_ogbn-papers100M_FedAvg_bs32_seed42_beta10000p0,ogbn-papers100M,FedAvg,32,42,10000.0,666,validation,0.304,2.9536,0.304,2.9536,1998,0.10266470909118652,0.10266470909118652,0.5231754779815674,0.6258401870727539,417.7368633747101,0.5231754779815674,0.6258401870727539,417.7368633747101
nc_papers100m_195trainer_0hop_balanced_local_bs32_800r,20260914_194714_ogbn-papers100M_FedAvg_bs32_seed42_beta10000p0,ogbn-papers100M,FedAvg,32,42,10000.0,667,validation,0.304,2.9529,0.304,2.9529,2001,0.10340309143066406,0.10340309143066406,0.510148286819458,0.6135513782501221,418.3504147529602,0.510148286819458,0.6135513782501221,418.3504147529602
nc_papers100m_195trainer_0hop_balanced_local_bs32_800r,20260914_194714_ogbn-papers100M_FedAvg_bs32_seed42_beta10000p0,ogbn-papers100M,FedAvg,32,42,10000.0,668,validation,0.3041,2.9523,0.3041,2.9523,2004,0.10616374015808105,0.10616374015808105,0.529104471206665,0.6352682113647461,418.98568296432495,0.529104471206665,0.6352682113647461,418.98568296432495
nc_papers100m_195trainer_0hop_balanced_local_bs32_800r,20260914_194714_ogbn-papers100M_FedAvg_bs32_seed42_beta10000p0,ogbn-papers100M,FedAvg,32,42,10000.0,669,validation,0.3044,2.9521,0.3044,2.9521,2007,0.10453414916992188,0.10453414916992188,0.5120470523834229,0.6165812015533447,419.6022641658783,0.5120470523834229,0.6165812015533447,419.6022641658783
nc_papers100m_195trainer_0hop_balanced_local_bs32_800r,20260914_194714_ogbn-papers100M_FedAvg_bs32_seed42_beta10000p0,ogbn-papers100M,FedAvg,32,42,10000.0,670,validation,0.3045,2.9512,0.3045,2.9512,2010,0.10408782958984375,0.10408782958984375,0.5130059719085693,0.6170938014984131,420.2193579673767,0.5130059719085693,0.6170938014984131,420.2193579673767
nc_papers100m_195trainer_0hop_balanced_local_bs32_800r,20260914_194714_ogbn-papers100M_FedAvg_bs32_seed42_beta10000p0,ogbn-papers100M,FedAvg,32,42,10000.0,671,validation,0.3042,2.9511,0.3042,2.9511,2013,0.10592007637023926,0.10592007637023926,0.5096724033355713,0.6155924797058105,420.8349504470825,0.5096724033355713,0.6155924797058105,420.8349504470825
nc_papers100m_195trainer_0hop_balanced_local_bs32_800r,20260914_194714_ogbn-papers100M_FedAvg_bs32_seed42_beta10000p0,ogbn-papers100M,FedAvg,32,42,10000.0,672,validation,0.3043,2.9497,0.3043,2.9497,2016,0.10327863693237305,0.10327863693237305,0.5139071941375732,0.6171858310699463,421.45213627815247,0.5139071941375732,0.6171858310699463,421.45213627815247
nc_papers100m_195trainer_0hop_balanced_local_bs32_800r,20260914_194714_ogbn-papers100M_FedAvg_bs32_seed42_beta10000p0,ogbn-papers100M,FedAvg,32,42,10000.0,673,validation,0.3045,2.9488,0.3045,2.9488,2019,0.10397648811340332,0.10397648811340332,0.5042009353637695,0.6081774234771729,422.06031370162964,0.5042009353637695,0.6081774234771729,422.06031370162964
nc_papers100m_195trainer_0hop_balanced_local_bs32_800r,20260914_194714_ogbn-papers100M_FedAvg_bs32_seed42_beta10000p0,ogbn-papers100M,FedAvg,32,42,10000.0,674,validation,0.3044,2.9488,0.3044,2.9488,2022,0.10579681396484375,0.10579681396484375,0.5083749294281006,0.6141717433929443,422.6744854450226,0.5083749294281006,0.6141717433929443,422.6744854450226
nc_papers100m_195trainer_0hop_balanced_local_bs32_800r,20260914_194714_ogbn-papers100M_FedAvg_bs32_seed42_beta10000p0,ogbn-papers100M,FedAvg,32,42,10000.0,675,validation,0.3047,2.9482,0.3047,2.9482,2025,0.10235881805419922,0.10235881805419922,0.5148558616638184,0.6172146797180176,423.2917001247406,0.5148558616638184,0.6172146797180176,423.2917001247406
nc_papers100m_195trainer_0hop_balanced_local_bs32_800r,20260914_194714_ogbn-papers100M_FedAvg_bs32_seed42_beta10000p0,ogbn-papers100M,FedAvg,32,42,10000.0,676,validation,0.3045,2.948,0.3045,2.948,2028,0.10312414169311523,0.10312414169311523,0.5165665149688721,0.6196906566619873,423.9113907814026,0.5165665149688721,0.6196906566619873,423.9113907814026
nc_papers100m_195trainer_0hop_balanced_local_bs32_800r,20260914_194714_ogbn-papers100M_FedAvg_bs32_seed42_beta10000p0,ogbn-papers100M,FedAvg,32,42,10000.0,677,validation,0.3047,2.9462,0.3047,2.9462,2031,0.10368585586547852,0.10368585586547852,0.5164258480072021,0.6201117038726807,424.53150248527527,0.5164258480072021,0.6201117038726807,424.53150248527527
nc_papers100m_195trainer_0hop_balanced_local_bs32_800r,20260914_194714_ogbn-papers100M_FedAvg_bs32_seed42_beta10000p0,ogbn-papers100M,FedAvg,32,42,10000.0,678,validation,0.3044,2.9452,0.3044,2.9452,2034,0.10368728637695312,0.10368728637695312,0.5096423625946045,0.6133296489715576,425.1448321342468,0.5096423625946045,0.6133296489715576,425.1448321342468
nc_papers100m_195trainer_0hop_balanced_local_bs32_800r,20260914_194714_ogbn-papers100M_FedAvg_bs32_seed42_beta10000p0,ogbn-papers100M,FedAvg,32,42,10000.0,679,validation,0.3048,2.9451,0.3048,2.9451,2037,0.1031041145324707,0.1031041145324707,0.5300958156585693,0.63319993019104,425.77803206443787,0.5300958156585693,0.63319993019104,425.77803206443787
nc_papers100m_195trainer_0hop_balanced_local_bs32_800r,20260914_194714_ogbn-papers100M_FedAvg_bs32_seed42_beta10000p0,ogbn-papers100M,FedAvg,32,42,10000.0,680,validation,0.3048,2.9443,0.3048,2.9443,2040,0.10238885879516602,0.10238885879516602,0.5090823173522949,0.6114711761474609,426.3895032405853,0.5090823173522949,0.6114711761474609,426.3895032405853
nc_papers100m_195trainer_0hop_balanced_local_bs32_800r,20260914_194714_ogbn-papers100M_FedAvg_bs32_seed42_beta10000p0,ogbn-papers100M,FedAvg,32,42,10000.0,681,validation,0.305,2.9437,0.305,2.9437,2043,0.10555529594421387,0.10555529594421387,0.5203852653503418,0.6259405612945557,427.0154438018799,0.5203852653503418,0.6259405612945557,427.0154438018799
nc_papers100m_195trainer_0hop_balanced_local_bs32_800r,20260914_194714_ogbn-papers100M_FedAvg_bs32_seed42_beta10000p0,ogbn-papers100M,FedAvg,32,42,10000.0,682,validation,0.3053,2.9432,0.3053,2.9432,2046,0.10285139083862305,0.10285139083862305,0.512324333190918,0.615175724029541,427.6306195259094,0.512324333190918,0.615175724029541,427.6306195259094
nc_papers100m_195trainer_0hop_balanced_local_bs32_800r,20260914_194714_ogbn-papers100M_FedAvg_bs32_seed42_beta10000p0,ogbn-papers100M,FedAvg,32,42,10000.0,683,validation,0.3055,2.9424,0.3055,2.9424,2049,0.10280823707580566,0.10280823707580566,0.5098936557769775,0.6127018928527832,428.2433214187622,0.5098936557769775,0.6127018928527832,428.2433214187622
nc_papers100m_195trainer_0hop_balanced_local_bs32_800r,20260914_194714_ogbn-papers100M_FedAvg_bs32_seed42_beta10000p0,ogbn-papers100M,FedAvg,32,42,10000.0,684,validation,0.3055,2.9417,0.3055,2.9417,2052,0.1031496524810791,0.1031496524810791,0.5134677886962891,0.6166174411773682,428.8599388599396,0.5134677886962891,0.6166174411773682,428.8599388599396
nc_papers100m_195trainer_0hop_balanced_local_bs32_800r,20260914_194714_ogbn-papers100M_FedAvg_bs32_seed42_beta10000p0,ogbn-papers100M,FedAvg,32,42,10000.0,685,validation,0.3058,2.9405,0.3058,2.9405,2055,0.10379743576049805,0.10379743576049805,0.5160346031188965,0.6198320388793945,429.47977089881897,0.5160346031188965,0.6198320388793945,429.47977089881897
nc_papers100m_195trainer_0hop_balanced_local_bs32_800r,20260914_194714_ogbn-papers100M_FedAvg_bs32_seed42_beta10000p0,ogbn-papers100M,FedAvg,32,42,10000.0,686,validation,0.3061,2.9403,0.3061,2.9403,2058,0.10300660133361816,0.10300660133361816,0.5109498500823975,0.6139564514160156,430.093727350235,0.5109498500823975,0.6139564514160156,430.093727350235
nc_papers100m_195trainer_0hop_balanced_local_bs32_800r,20260914_194714_ogbn-papers100M_FedAvg_bs32_seed42_beta10000p0,ogbn-papers100M,FedAvg,32,42,10000.0,687,validation,0.306,2.9401,0.306,2.9401,2061,0.10360097885131836,0.10360097885131836,0.5134563446044922,0.6170573234558105,430.7107846736908,0.5134563446044922,0.6170573234558105,430.7107846736908
nc_papers100m_195trainer_0hop_balanced_local_bs32_800r,20260914_194714_ogbn-papers100M_FedAvg_bs32_seed42_beta10000p0,ogbn-papers100M,FedAvg,32,42,10000.0,688,validation,0.3061,2.9395,0.3061,2.9395,2064,0.10786032676696777,0.10786032676696777,0.5125410556793213,0.6204013824462891,431.3311860561371,0.5125410556793213,0.6204013824462891,431.3311860561371
nc_papers100m_195trainer_0hop_balanced_local_bs32_800r,20260914_194714_ogbn-papers100M_FedAvg_bs32_seed42_beta10000p0,ogbn-papers100M,FedAvg,32,42,10000.0,689,validation,0.3058,2.939,0.3058,2.939,2067,0.10370302200317383,0.10370302200317383,0.5322916507720947,0.6359946727752686,431.96718072891235,0.5322916507720947,0.6359946727752686,431.96718072891235
nc_papers100m_195trainer_0hop_balanced_local_bs32_800r,20260914_194714_ogbn-papers100M_FedAvg_bs32_seed42_beta10000p0,ogbn-papers100M,FedAvg,32,42,10000.0,690,validation,0.3064,2.9382,0.3064,2.9382,2070,0.10426807403564453,0.10426807403564453,0.5275061130523682,0.6317741870880127,432.59895491600037,0.5275061130523682,0.6317741870880127,432.59895491600037
nc_papers100m_195trainer_0hop_balanced_local_bs32_800r,20260914_194714_ogbn-papers100M_FedAvg_bs32_seed42_beta10000p0,ogbn-papers100M,FedAvg,32,42,10000.0,691,validation,0.3062,2.9391,0.3062,2.9391,2073,0.10461664199829102,0.10461664199829102,0.5163216590881348,0.6209383010864258,433.2198932170868,0.5163216590881348,0.6209383010864258,433.2198932170868
nc_papers100m_195trainer_0hop_balanced_local_bs32_800r,20260914_194714_ogbn-papers100M_FedAvg_bs32_seed42_beta10000p0,ogbn-papers100M,FedAvg,32,42,10000.0,692,validation,0.3063,2.9378,0.3063,2.9378,2076,0.10255980491638184,0.10255980491638184,0.5160386562347412,0.618598461151123,433.8384916782379,0.5160386562347412,0.618598461151123,433.8384916782379
nc_papers100m_195trainer_0hop_balanced_local_bs32_800r,20260914_194714_ogbn-papers100M_FedAvg_bs32_seed42_beta10000p0,ogbn-papers100M,FedAvg,32,42,10000.0,693,validation,0.3068,2.9373,0.3068,2.9373,2079,0.10373735427856445,0.10373735427856445,0.5149350166320801,0.6186723709106445,434.45716404914856,0.5149350166320801,0.6186723709106445,434.45716404914856
nc_papers100m_195trainer_0hop_balanced_local_bs32_800r,20260914_194714_ogbn-papers100M_FedAvg_bs32_seed42_beta10000p0,ogbn-papers100M,FedAvg,32,42,10000.0,694,validation,0.3074,2.9356,0.3074,2.9356,2082,0.10219979286193848,0.10219979286193848,0.5159614086151123,0.6181612014770508,435.0753252506256,0.5159614086151123,0.6181612014770508,435.0753252506256
nc_papers100m_195trainer_0hop_balanced_local_bs32_800r,20260914_194714_ogbn-papers100M_FedAvg_bs32_seed42_beta10000p0,ogbn-papers100M,FedAvg,32,42,10000.0,695,validation,0.3075,2.9344,0.3075,2.9344,2085,0.10551571846008301,0.10551571846008301,0.5225808620452881,0.6280965805053711,435.703421831131,0.5225808620452881,0.6280965805053711,435.703421831131
nc_papers100m_195trainer_0hop_balanced_local_bs32_800r,20260914_194714_ogbn-papers100M_FedAvg_bs32_seed42_beta10000p0,ogbn-papers100M,FedAvg,32,42,10000.0,696,validation,0.3077,2.9338,0.3077,2.9338,2088,0.10392045974731445,0.10392045974731445,0.5148375034332275,0.618757963180542,436.3221797943115,0.5148375034332275,0.618757963180542,436.3221797943115
nc_papers100m_195trainer_0hop_balanced_local_bs32_800r,20260914_194714_ogbn-papers100M_FedAvg_bs32_seed42_beta10000p0,ogbn-papers100M,FedAvg,32,42,10000.0,697,validation,0.3073,2.9332,0.3073,2.9332,2091,0.10694026947021484,0.10694026947021484,0.5062434673309326,0.6131837368011475,436.93536353111267,0.5062434673309326,0.6131837368011475,436.93536353111267
nc_papers100m_195trainer_0hop_balanced_local_bs32_800r,20260914_194714_ogbn-papers100M_FedAvg_bs32_seed42_beta10000p0,ogbn-papers100M,FedAvg,32,42,10000.0,698,validation,0.307,2.9328,0.307,2.9328,2094,0.10533380508422852,0.10533380508422852,0.507885217666626,0.6132190227508545,437.5485825538635,0.507885217666626,0.6132190227508545,437.5485825538635
nc_papers100m_195trainer_0hop_balanced_local_bs32_800r,20260914_194714_ogbn-papers100M_FedAvg_bs32_seed42_beta10000p0,ogbn-papers100M,FedAvg,32,42,10000.0,699,validation,0.3077,2.9313,0.3077,2.9313,2097,0.10250663757324219,0.10250663757324219,0.5038049221038818,0.606311559677124,438.15489411354065,0.5038049221038818,0.606311559677124,438.15489411354065
nc_papers100m_195trainer_0hop_balanced_local_bs32_800r,20260914_194714_ogbn-papers100M_FedAvg_bs32_seed42_beta10000p0,ogbn-papers100M,FedAvg,32,42,10000.0,700,validation,0.3077,2.9302,0.3077,2.9302,2100,0.10392236709594727,0.10392236709594727,0.5218906402587891,0.6258130073547363,438.7807071208954,0.5218906402587891,0.6258130073547363,438.7807071208954
nc_papers100m_195trainer_0hop_balanced_local_bs32_800r,20260914_194714_ogbn-papers100M_FedAvg_bs32_seed42_beta10000p0,ogbn-papers100M,FedAvg,32,42,10000.0,701,validation,0.3081,2.9292,0.3081,2.9292,2103,0.1039896011352539,0.1039896011352539,0.5148463249206543,0.6188359260559082,439.3995430469513,0.5148463249206543,0.6188359260559082,439.3995430469513
nc_papers100m_195trainer_0hop_balanced_local_bs32_800r,20260914_194714_ogbn-papers100M_FedAvg_bs32_seed42_beta10000p0,ogbn-papers100M,FedAvg,32,42,10000.0,702,validation,0.3079,2.9283,0.3079,2.9283,2106,0.10632109642028809,0.10632109642028809,0.5134310722351074,0.6197521686553955,440.0192952156067,0.5134310722351074,0.6197521686553955,440.0192952156067
nc_papers100m_195trainer_0hop_balanced_local_bs32_800r,20260914_194714_ogbn-papers100M_FedAvg_bs32_seed42_beta10000p0,ogbn-papers100M,FedAvg,32,42,10000.0,703,validation,0.3074,2.9281,0.3074,2.9281,2109,0.10388064384460449,0.10388064384460449,0.5108120441436768,0.6146926879882812,440.63398790359497,0.5108120441436768,0.6146926879882812,440.63398790359497
nc_papers100m_195trainer_0hop_balanced_local_bs32_800r,20260914_194714_ogbn-papers100M_FedAvg_bs32_seed42_beta10000p0,ogbn-papers100M,FedAvg,32,42,10000.0,704,validation,0.3078,2.9271,0.3078,2.9271,2112,0.10599422454833984,0.10599422454833984,0.5183732509613037,0.6243674755096436,441.2583553791046,0.5183732509613037,0.6243674755096436,441.2583553791046
nc_papers100m_195trainer_0hop_balanced_local_bs32_800r,20260914_194714_ogbn-papers100M_FedAvg_bs32_seed42_beta10000p0,ogbn-papers100M,FedAvg,32,42,10000.0,705,validation,0.3077,2.9262,0.3077,2.9262,2115,0.10352969169616699,0.10352969169616699,0.519601583480835,0.623131275177002,441.8814866542816,0.519601583480835,0.623131275177002,441.8814866542816
nc_papers100m_195trainer_0hop_balanced_local_bs32_800r,20260914_194714_ogbn-papers100M_FedAvg_bs32_seed42_beta10000p0,ogbn-papers100M,FedAvg,32,42,10000.0,706,validation,0.3078,2.9264,0.3078,2.9264,2118,0.10236144065856934,0.10236144065856934,0.524451494216919,0.6268129348754883,442.5082995891571,0.524451494216919,0.6268129348754883,442.5082995891571
nc_papers100m_195trainer_0hop_balanced_local_bs32_800r,20260914_194714_ogbn-papers100M_FedAvg_bs32_seed42_beta10000p0,ogbn-papers100M,FedAvg,32,42,10000.0,707,validation,0.3082,2.9255,0.3082,2.9255,2121,0.10508060455322266,0.10508060455322266,0.512204647064209,0.6172852516174316,443.12558484077454,0.512204647064209,0.6172852516174316,443.12558484077454
nc_papers100m_195trainer_0hop_balanced_local_bs32_800r,20260914_194714_ogbn-papers100M_FedAvg_bs32_seed42_beta10000p0,ogbn-papers100M,FedAvg,32,42,10000.0,708,validation,0.3086,2.924,0.3086,2.924,2124,0.10440731048583984,0.10440731048583984,0.521946907043457,0.6263542175292969,443.75193905830383,0.521946907043457,0.6263542175292969,443.75193905830383
nc_papers100m_195trainer_0hop_balanced_local_bs32_800r,20260914_194714_ogbn-papers100M_FedAvg_bs32_seed42_beta10000p0,ogbn-papers100M,FedAvg,32,42,10000.0,709,validation,0.3089,2.9231,0.3089,2.9231,2127,0.10422253608703613,0.10422253608703613,0.5184605121612549,0.622683048248291,444.3746221065521,0.5184605121612549,0.622683048248291,444.3746221065521
nc_papers100m_195trainer_0hop_balanced_local_bs32_800r,20260914_194714_ogbn-papers100M_FedAvg_bs32_seed42_beta10000p0,ogbn-papers100M,FedAvg,32,42,10000.0,710,validation,0.3092,2.9227,0.3092,2.9227,2130,0.10304546356201172,0.10304546356201172,0.522951602935791,0.6259970664978027,445.0006191730499,0.522951602935791,0.6259970664978027,445.0006191730499
nc_papers100m_195trainer_0hop_balanced_local_bs32_800r,20260914_194714_ogbn-papers100M_FedAvg_bs32_seed42_beta10000p0,ogbn-papers100M,FedAvg,32,42,10000.0,711,validation,0.3092,2.9219,0.3092,2.9219,2133,0.10285639762878418,0.10285639762878418,0.5137665271759033,0.6166229248046875,445.6172420978546,0.5137665271759033,0.6166229248046875,445.6172420978546
nc_papers100m_195trainer_0hop_balanced_local_bs32_800r,20260914_194714_ogbn-papers100M_FedAvg_bs32_seed42_beta10000p0,ogbn-papers100M,FedAvg,32,42,10000.0,712,validation,0.3092,2.9218,0.3092,2.9218,2136,0.10280632972717285,0.10280632972717285,0.5079286098480225,0.6107349395751953,446.2279770374298,0.5079286098480225,0.6107349395751953,446.2279770374298
nc_papers100m_195trainer_0hop_balanced_local_bs32_800r,20260914_194714_ogbn-papers100M_FedAvg_bs32_seed42_beta10000p0,ogbn-papers100M,FedAvg,32,42,10000.0,713,validation,0.3093,2.9213,0.3093,2.9213,2139,0.10726618766784668,0.10726618766784668,0.5043907165527344,0.611656904220581,446.8396339416504,0.5043907165527344,0.611656904220581,446.8396339416504
nc_papers100m_195trainer_0hop_balanced_local_bs32_800r,20260914_194714_ogbn-papers100M_FedAvg_bs32_seed42_beta10000p0,ogbn-papers100M,FedAvg,32,42,10000.0,714,validation,0.3095,2.9199,0.3095,2.9199,2142,0.10540652275085449,0.10540652275085449,0.5068881511688232,0.6122946739196777,447.45192861557007,0.5068881511688232,0.6122946739196777,447.45192861557007
nc_papers100m_195trainer_0hop_balanced_local_bs32_800r,20260914_194714_ogbn-papers100M_FedAvg_bs32_seed42_beta10000p0,ogbn-papers100M,FedAvg,32,42,10000.0,715,validation,0.3095,2.9187,0.3095,2.9187,2145,0.10629391670227051,0.10629391670227051,0.5085928440093994,0.6148867607116699,448.06681537628174,0.5085928440093994,0.6148867607116699,448.06681537628174
nc_papers100m_195trainer_0hop_balanced_local_bs32_800r,20260914_194714_ogbn-papers100M_FedAvg_bs32_seed42_beta10000p0,ogbn-papers100M,FedAvg,32,42,10000.0,716,validation,0.3096,2.9187,0.3096,2.9187,2148,0.1048743724822998,0.1048743724822998,0.513230562210083,0.6181049346923828,448.6849203109741,0.513230562210083,0.6181049346923828,448.6849203109741
nc_papers100m_195trainer_0hop_balanced_local_bs32_800r,20260914_194714_ogbn-papers100M_FedAvg_bs32_seed42_beta10000p0,ogbn-papers100M,FedAvg,32,42,10000.0,717,validation,0.3097,2.9177,0.3097,2.9177,2151,0.10554265975952148,0.10554265975952148,0.5209090709686279,0.6264517307281494,449.31137204170227,0.5209090709686279,0.6264517307281494,449.31137204170227
nc_papers100m_195trainer_0hop_balanced_local_bs32_800r,20260914_194714_ogbn-papers100M_FedAvg_bs32_seed42_beta10000p0,ogbn-papers100M,FedAvg,32,42,10000.0,718,validation,0.3098,2.9171,0.3098,2.9171,2154,0.1024789810180664,0.1024789810180664,0.5174360275268555,0.6199150085449219,449.9312870502472,0.5174360275268555,0.6199150085449219,449.9312870502472
nc_papers100m_195trainer_0hop_balanced_local_bs32_800r,20260914_194714_ogbn-papers100M_FedAvg_bs32_seed42_beta10000p0,ogbn-papers100M,FedAvg,32,42,10000.0,719,validation,0.3105,2.9173,0.3105,2.9173,2157,0.11172223091125488,0.11172223091125488,0.5118958950042725,0.6236181259155273,450.5549051761627,0.5118958950042725,0.6236181259155273,450.5549051761627
nc_papers100m_195trainer_0hop_balanced_local_bs32_800r,20260914_194714_ogbn-papers100M_FedAvg_bs32_seed42_beta10000p0,ogbn-papers100M,FedAvg,32,42,10000.0,720,validation,0.3106,2.9162,0.3106,2.9162,2160,0.10671281814575195,0.10671281814575195,0.5190677642822266,0.6257805824279785,451.1806857585907,0.5190677642822266,0.6257805824279785,451.1806857585907
nc_papers100m_195trainer_0hop_balanced_local_bs32_800r,20260914_194714_ogbn-papers100M_FedAvg_bs32_seed42_beta10000p0,ogbn-papers100M,FedAvg,32,42,10000.0,721,validation,0.3106,2.9156,0.3106,2.9156,2163,0.10611319541931152,0.10611319541931152,0.5422701835632324,0.648383378982544,451.82906913757324,0.5422701835632324,0.648383378982544,451.82906913757324
nc_papers100m_195trainer_0hop_balanced_local_bs32_800r,20260914_194714_ogbn-papers100M_FedAvg_bs32_seed42_beta10000p0,ogbn-papers100M,FedAvg,32,42,10000.0,722,validation,0.3108,2.9146,0.3108,2.9146,2166,0.10560059547424316,0.10560059547424316,0.523179292678833,0.6287798881530762,452.4578490257263,0.523179292678833,0.6287798881530762,452.4578490257263
nc_papers100m_195trainer_0hop_balanced_local_bs32_800r,20260914_194714_ogbn-papers100M_FedAvg_bs32_seed42_beta10000p0,ogbn-papers100M,FedAvg,32,42,10000.0,723,validation,0.3102,2.9152,0.3102,2.9152,2169,0.10404205322265625,0.10404205322265625,0.5207793712615967,0.6248214244842529,453.08267045021057,0.5207793712615967,0.6248214244842529,453.08267045021057
nc_papers100m_195trainer_0hop_balanced_local_bs32_800r,20260914_194714_ogbn-papers100M_FedAvg_bs32_seed42_beta10000p0,ogbn-papers100M,FedAvg,32,42,10000.0,724,validation,0.3107,2.9149,0.3107,2.9149,2172,0.10554909706115723,0.10554909706115723,0.5200402736663818,0.6255893707275391,453.7082598209381,0.5200402736663818,0.6255893707275391,453.7082598209381
nc_papers100m_195trainer_0hop_balanced_local_bs32_800r,20260914_194714_ogbn-papers100M_FedAvg_bs32_seed42_beta10000p0,ogbn-papers100M,FedAvg,32,42,10000.0,725,validation,0.3106,2.9137,0.3106,2.9137,2175,0.10581684112548828,0.10581684112548828,0.5169105529785156,0.6227273941040039,454.3309872150421,0.5169105529785156,0.6227273941040039,454.3309872150421
nc_papers100m_195trainer_0hop_balanced_local_bs32_800r,20260914_194714_ogbn-papers100M_FedAvg_bs32_seed42_beta10000p0,ogbn-papers100M,FedAvg,32,42,10000.0,726,validation,0.3106,2.9137,0.3106,2.9137,2178,0.10569143295288086,0.10569143295288086,0.5143523216247559,0.6200437545776367,454.95103096961975,0.5143523216247559,0.6200437545776367,454.95103096961975
nc_papers100m_195trainer_0hop_balanced_local_bs32_800r,20260914_194714_ogbn-papers100M_FedAvg_bs32_seed42_beta10000p0,ogbn-papers100M,FedAvg,32,42,10000.0,727,validation,0.3101,2.9135,0.3101,2.9135,2181,0.10372352600097656,0.10372352600097656,0.5144054889678955,0.6181290149688721,455.5691599845886,0.5144054889678955,0.6181290149688721,455.5691599845886
nc_papers100m_195trainer_0hop_balanced_local_bs32_800r,20260914_194714_ogbn-papers100M_FedAvg_bs32_seed42_beta10000p0,ogbn-papers100M,FedAvg,32,42,10000.0,728,validation,0.3107,2.9124,0.3107,2.9124,2184,0.10314559936523438,0.10314559936523438,0.5168817043304443,0.6200273036956787,456.1891872882843,0.5168817043304443,0.6200273036956787,456.1891872882843
nc_papers100m_195trainer_0hop_balanced_local_bs32_800r,20260914_194714_ogbn-papers100M_FedAvg_bs32_seed42_beta10000p0,ogbn-papers100M,FedAvg,32,42,10000.0,729,validation,0.3107,2.9121,0.3107,2.9121,2187,0.1064908504486084,0.1064908504486084,0.5111610889434814,0.6176519393920898,456.8068392276764,0.5111610889434814,0.6176519393920898,456.8068392276764
nc_papers100m_195trainer_0hop_balanced_local_bs32_800r,20260914_194714_ogbn-papers100M_FedAvg_bs32_seed42_beta10000p0,ogbn-papers100M,FedAvg,32,42,10000.0,730,validation,0.3113,2.9112,0.3113,2.9112,2190,0.10717344284057617,0.10717344284057617,0.5153052806854248,0.622478723526001,457.4293179512024,0.5153052806854248,0.622478723526001,457.4293179512024
nc_papers100m_195trainer_0hop_balanced_local_bs32_800r,20260914_194714_ogbn-papers100M_FedAvg_bs32_seed42_beta10000p0,ogbn-papers100M,FedAvg,32,42,10000.0,731,validation,0.3111,2.9102,0.3111,2.9102,2193,0.10411906242370605,0.10411906242370605,0.5197303295135498,0.6238493919372559,458.05316734313965,0.5197303295135498,0.6238493919372559,458.05316734313965
nc_papers100m_195trainer_0hop_balanced_local_bs32_800r,20260914_194714_ogbn-papers100M_FedAvg_bs32_seed42_beta10000p0,ogbn-papers100M,FedAvg,32,42,10000.0,732,validation,0.3112,2.9097,0.3112,2.9097,2196,0.1019587516784668,0.1019587516784668,0.5081908702850342,0.610149621963501,458.66331696510315,0.5081908702850342,0.610149621963501,458.66331696510315
nc_papers100m_195trainer_0hop_balanced_local_bs32_800r,20260914_194714_ogbn-papers100M_FedAvg_bs32_seed42_beta10000p0,ogbn-papers100M,FedAvg,32,42,10000.0,733,validation,0.3114,2.9087,0.3114,2.9087,2199,0.1044607162475586,0.1044607162475586,0.5104465484619141,0.6149072647094727,459.2782242298126,0.5104465484619141,0.6149072647094727,459.2782242298126
nc_papers100m_195trainer_0hop_balanced_local_bs32_800r,20260914_194714_ogbn-papers100M_FedAvg_bs32_seed42_beta10000p0,ogbn-papers100M,FedAvg,32,42,10000.0,734,validation,0.3109,2.9083,0.3109,2.9083,2202,0.10366559028625488,0.10366559028625488,0.5166337490081787,0.6202993392944336,459.89852356910706,0.5166337490081787,0.6202993392944336,459.89852356910706
nc_papers100m_195trainer_0hop_balanced_local_bs32_800r,20260914_194714_ogbn-papers100M_FedAvg_bs32_seed42_beta10000p0,ogbn-papers100M,FedAvg,32,42,10000.0,735,validation,0.3111,2.9076,0.3111,2.9076,2205,0.10406017303466797,0.10406017303466797,0.5081663131713867,0.6122264862060547,460.5107500553131,0.5081663131713867,0.6122264862060547,460.5107500553131
nc_papers100m_195trainer_0hop_balanced_local_bs32_800r,20260914_194714_ogbn-papers100M_FedAvg_bs32_seed42_beta10000p0,ogbn-papers100M,FedAvg,32,42,10000.0,736,validation,0.3109,2.9076,0.3109,2.9076,2208,0.1080620288848877,0.1080620288848877,0.5166428089141846,0.6247048377990723,461.1354548931122,0.5166428089141846,0.6247048377990723,461.1354548931122
nc_papers100m_195trainer_0hop_balanced_local_bs32_800r,20260914_194714_ogbn-papers100M_FedAvg_bs32_seed42_beta10000p0,ogbn-papers100M,FedAvg,32,42,10000.0,737,validation,0.3116,2.9069,0.3116,2.9069,2211,0.10373544692993164,0.10373544692993164,0.5137901306152344,0.617525577545166,461.75298047065735,0.5137901306152344,0.617525577545166,461.75298047065735
nc_papers100m_195trainer_0hop_balanced_local_bs32_800r,20260914_194714_ogbn-papers100M_FedAvg_bs32_seed42_beta10000p0,ogbn-papers100M,FedAvg,32,42,10000.0,738,validation,0.3118,2.9052,0.3118,2.9052,2214,0.10382843017578125,0.10382843017578125,0.5116124153137207,0.615440845489502,462.36842131614685,0.5116124153137207,0.615440845489502,462.36842131614685
nc_papers100m_195trainer_0hop_balanced_local_bs32_800r,20260914_194714_ogbn-papers100M_FedAvg_bs32_seed42_beta10000p0,ogbn-papers100M,FedAvg,32,42,10000.0,739,validation,0.3121,2.9041,0.3121,2.9041,2217,0.10486006736755371,0.10486006736755371,0.5142388343811035,0.6190989017486572,462.9875202178955,0.5142388343811035,0.6190989017486572,462.9875202178955
nc_papers100m_195trainer_0hop_balanced_local_bs32_800r,20260914_194714_ogbn-papers100M_FedAvg_bs32_seed42_beta10000p0,ogbn-papers100M,FedAvg,32,42,10000.0,740,validation,0.3126,2.9031,0.3126,2.9031,2220,0.10491323471069336,0.10491323471069336,0.509993314743042,0.6149065494537354,463.60242676734924,0.509993314743042,0.6149065494537354,463.60242676734924
nc_papers100m_195trainer_0hop_balanced_local_bs32_800r,20260914_194714_ogbn-papers100M_FedAvg_bs32_seed42_beta10000p0,ogbn-papers100M,FedAvg,32,42,10000.0,741,validation,0.3125,2.9034,0.3125,2.9034,2223,0.10330438613891602,0.10330438613891602,0.5120160579681396,0.6153204441070557,464.2177472114563,0.5120160579681396,0.6153204441070557,464.2177472114563
nc_papers100m_195trainer_0hop_balanced_local_bs32_800r,20260914_194714_ogbn-papers100M_FedAvg_bs32_seed42_beta10000p0,ogbn-papers100M,FedAvg,32,42,10000.0,742,validation,0.3126,2.9027,0.3126,2.9027,2226,0.10712432861328125,0.10712432861328125,0.5400285720825195,0.6471529006958008,464.8649001121521,0.5400285720825195,0.6471529006958008,464.8649001121521
nc_papers100m_195trainer_0hop_balanced_local_bs32_800r,20260914_194714_ogbn-papers100M_FedAvg_bs32_seed42_beta10000p0,ogbn-papers100M,FedAvg,32,42,10000.0,743,validation,0.3125,2.9023,0.3125,2.9023,2229,0.10184884071350098,0.10184884071350098,0.513232946395874,0.615081787109375,465.4799818992615,0.513232946395874,0.615081787109375,465.4799818992615
nc_papers100m_195trainer_0hop_balanced_local_bs32_800r,20260914_194714_ogbn-papers100M_FedAvg_bs32_seed42_beta10000p0,ogbn-papers100M,FedAvg,32,42,10000.0,744,validation,0.3123,2.9014,0.3123,2.9014,2232,0.10340309143066406,0.10340309143066406,0.5150496959686279,0.618452787399292,466.09843468666077,0.5150496959686279,0.618452787399292,466.09843468666077
nc_papers100m_195trainer_0hop_balanced_local_bs32_800r,20260914_194714_ogbn-papers100M_FedAvg_bs32_seed42_beta10000p0,ogbn-papers100M,FedAvg,32,42,10000.0,745,validation,0.3123,2.9008,0.3123,2.9008,2235,0.1040198802947998,0.1040198802947998,0.5094056129455566,0.6134254932403564,466.7118601799011,0.5094056129455566,0.6134254932403564,466.7118601799011
nc_papers100m_195trainer_0hop_balanced_local_bs32_800r,20260914_194714_ogbn-papers100M_FedAvg_bs32_seed42_beta10000p0,ogbn-papers100M,FedAvg,32,42,10000.0,746,validation,0.3127,2.8999,0.3127,2.8999,2238,0.10250353813171387,0.10250353813171387,0.5114707946777344,0.6139743328094482,467.32583451271057,0.5114707946777344,0.6139743328094482,467.32583451271057
nc_papers100m_195trainer_0hop_balanced_local_bs32_800r,20260914_194714_ogbn-papers100M_FedAvg_bs32_seed42_beta10000p0,ogbn-papers100M,FedAvg,32,42,10000.0,747,validation,0.3128,2.8988,0.3128,2.8988,2241,0.10529732704162598,0.10529732704162598,0.513279914855957,0.618577241897583,467.94441175460815,0.513279914855957,0.618577241897583,467.94441175460815
nc_papers100m_195trainer_0hop_balanced_local_bs32_800r,20260914_194714_ogbn-papers100M_FedAvg_bs32_seed42_beta10000p0,ogbn-papers100M,FedAvg,32,42,10000.0,748,validation,0.3131,2.8983,0.3131,2.8983,2244,0.10380411148071289,0.10380411148071289,0.5100042819976807,0.6138083934783936,468.55822014808655,0.5100042819976807,0.6138083934783936,468.55822014808655
nc_papers100m_195trainer_0hop_balanced_local_bs32_800r,20260914_194714_ogbn-papers100M_FedAvg_bs32_seed42_beta10000p0,ogbn-papers100M,FedAvg,32,42,10000.0,749,validation,0.3135,2.8977,0.3135,2.8977,2247,0.10342693328857422,0.10342693328857422,0.5095095634460449,0.6129364967346191,469.17115664482117,0.5095095634460449,0.6129364967346191,469.17115664482117
nc_papers100m_195trainer_0hop_balanced_local_bs32_800r,20260914_194714_ogbn-papers100M_FedAvg_bs32_seed42_beta10000p0,ogbn-papers100M,FedAvg,32,42,10000.0,750,validation,0.3133,2.8972,0.3133,2.8972,2250,0.10750102996826172,0.10750102996826172,0.5140628814697266,0.6215639114379883,469.79272055625916,0.5140628814697266,0.6215639114379883,469.79272055625916
nc_papers100m_195trainer_0hop_balanced_local_bs32_800r,20260914_194714_ogbn-papers100M_FedAvg_bs32_seed42_beta10000p0,ogbn-papers100M,FedAvg,32,42,10000.0,751,validation,0.3141,2.8967,0.3141,2.8967,2253,0.10319876670837402,0.10319876670837402,0.512657642364502,0.615856409072876,470.40857696533203,0.512657642364502,0.615856409072876,470.40857696533203
nc_papers100m_195trainer_0hop_balanced_local_bs32_800r,20260914_194714_ogbn-papers100M_FedAvg_bs32_seed42_beta10000p0,ogbn-papers100M,FedAvg,32,42,10000.0,752,validation,0.3138,2.8967,0.3138,2.8967,2256,0.10724520683288574,0.10724520683288574,0.5184361934661865,0.6256814002990723,471.0342583656311,0.5184361934661865,0.6256814002990723,471.0342583656311
nc_papers100m_195trainer_0hop_balanced_local_bs32_800r,20260914_194714_ogbn-papers100M_FedAvg_bs32_seed42_beta10000p0,ogbn-papers100M,FedAvg,32,42,10000.0,753,validation,0.3138,2.896,0.3138,2.896,2259,0.1032247543334961,0.1032247543334961,0.5213212966918945,0.6245460510253906,471.6588044166565,0.5213212966918945,0.6245460510253906,471.6588044166565
nc_papers100m_195trainer_0hop_balanced_local_bs32_800r,20260914_194714_ogbn-papers100M_FedAvg_bs32_seed42_beta10000p0,ogbn-papers100M,FedAvg,32,42,10000.0,754,validation,0.314,2.8953,0.314,2.8953,2262,0.10498332977294922,0.10498332977294922,0.518078088760376,0.6230614185333252,472.2818658351898,0.518078088760376,0.6230614185333252,472.2818658351898
nc_papers100m_195trainer_0hop_balanced_local_bs32_800r,20260914_194714_ogbn-papers100M_FedAvg_bs32_seed42_beta10000p0,ogbn-papers100M,FedAvg,32,42,10000.0,755,validation,0.3138,2.8944,0.3138,2.8944,2265,0.10323023796081543,0.10323023796081543,0.5168721675872803,0.6201024055480957,472.9019682407379,0.5168721675872803,0.6201024055480957,472.9019682407379
nc_papers100m_195trainer_0hop_balanced_local_bs32_800r,20260914_194714_ogbn-papers100M_FedAvg_bs32_seed42_beta10000p0,ogbn-papers100M,FedAvg,32,42,10000.0,756,validation,0.3138,2.8942,0.3138,2.8942,2268,0.10466265678405762,0.10466265678405762,0.507559061050415,0.6122217178344727,473.5141899585724,0.507559061050415,0.6122217178344727,473.5141899585724
nc_papers100m_195trainer_0hop_balanced_local_bs32_800r,20260914_194714_ogbn-papers100M_FedAvg_bs32_seed42_beta10000p0,ogbn-papers100M,FedAvg,32,42,10000.0,757,validation,0.3141,2.8935,0.3141,2.8935,2271,0.1024167537689209,0.1024167537689209,0.5078213214874268,0.6102380752563477,474.12442803382874,0.5078213214874268,0.6102380752563477,474.12442803382874
nc_papers100m_195trainer_0hop_balanced_local_bs32_800r,20260914_194714_ogbn-papers100M_FedAvg_bs32_seed42_beta10000p0,ogbn-papers100M,FedAvg,32,42,10000.0,758,validation,0.3141,2.8935,0.3141,2.8935,2274,0.10266661643981934,0.10266661643981934,0.5108480453491211,0.6135146617889404,474.7379426956177,0.5108480453491211,0.6135146617889404,474.7379426956177
nc_papers100m_195trainer_0hop_balanced_local_bs32_800r,20260914_194714_ogbn-papers100M_FedAvg_bs32_seed42_beta10000p0,ogbn-papers100M,FedAvg,32,42,10000.0,759,validation,0.3144,2.8924,0.3144,2.8924,2277,0.10524272918701172,0.10524272918701172,0.5104436874389648,0.6156864166259766,475.35362911224365,0.5104436874389648,0.6156864166259766,475.35362911224365
nc_papers100m_195trainer_0hop_balanced_local_bs32_800r,20260914_194714_ogbn-papers100M_FedAvg_bs32_seed42_beta10000p0,ogbn-papers100M,FedAvg,32,42,10000.0,760,validation,0.3147,2.8911,0.3147,2.8911,2280,0.10346603393554688,0.10346603393554688,0.5100383758544922,0.6135044097900391,475.9671335220337,0.5100383758544922,0.6135044097900391,475.9671335220337
nc_papers100m_195trainer_0hop_balanced_local_bs32_800r,20260914_194714_ogbn-papers100M_FedAvg_bs32_seed42_beta10000p0,ogbn-papers100M,FedAvg,32,42,10000.0,761,validation,0.315,2.8904,0.315,2.8904,2283,0.10350346565246582,0.10350346565246582,0.5102667808532715,0.6137702465057373,476.58090376853943,0.5102667808532715,0.6137702465057373,476.58090376853943
nc_papers100m_195trainer_0hop_balanced_local_bs32_800r,20260914_194714_ogbn-papers100M_FedAvg_bs32_seed42_beta10000p0,ogbn-papers100M,FedAvg,32,42,10000.0,762,validation,0.3154,2.8901,0.3154,2.8901,2286,0.11025643348693848,0.11025643348693848,0.5089366436004639,0.6191930770874023,477.20009684562683,0.5089366436004639,0.6191930770874023,477.20009684562683
nc_papers100m_195trainer_0hop_balanced_local_bs32_800r,20260914_194714_ogbn-papers100M_FedAvg_bs32_seed42_beta10000p0,ogbn-papers100M,FedAvg,32,42,10000.0,763,validation,0.3154,2.8894,0.3154,2.8894,2289,0.1037290096282959,0.1037290096282959,0.524585485458374,0.6283144950866699,477.8284113407135,0.524585485458374,0.6283144950866699,477.8284113407135
nc_papers100m_195trainer_0hop_balanced_local_bs32_800r,20260914_194714_ogbn-papers100M_FedAvg_bs32_seed42_beta10000p0,ogbn-papers100M,FedAvg,32,42,10000.0,764,validation,0.3154,2.8895,0.3154,2.8895,2292,0.10336685180664062,0.10336685180664062,0.511451005935669,0.6148178577423096,478.4432291984558,0.511451005935669,0.6148178577423096,478.4432291984558
nc_papers100m_195trainer_0hop_balanced_local_bs32_800r,20260914_194714_ogbn-papers100M_FedAvg_bs32_seed42_beta10000p0,ogbn-papers100M,FedAvg,32,42,10000.0,765,validation,0.3151,2.8879,0.3151,2.8879,2295,0.10486888885498047,0.10486888885498047,0.5132296085357666,0.6180984973907471,479.06132769584656,0.5132296085357666,0.6180984973907471,479.06132769584656
nc_papers100m_195trainer_0hop_balanced_local_bs32_800r,20260914_194714_ogbn-papers100M_FedAvg_bs32_seed42_beta10000p0,ogbn-papers100M,FedAvg,32,42,10000.0,766,validation,0.3154,2.8867,0.3154,2.8867,2298,0.10899901390075684,0.10899901390075684,0.5100686550140381,0.6190676689147949,479.68039536476135,0.5100686550140381,0.6190676689147949,479.68039536476135
nc_papers100m_195trainer_0hop_balanced_local_bs32_800r,20260914_194714_ogbn-papers100M_FedAvg_bs32_seed42_beta10000p0,ogbn-papers100M,FedAvg,32,42,10000.0,767,validation,0.3158,2.8858,0.3158,2.8858,2301,0.10327506065368652,0.10327506065368652,0.517329216003418,0.6206042766571045,480.30099964141846,0.517329216003418,0.6206042766571045,480.30099964141846
nc_papers100m_195trainer_0hop_balanced_local_bs32_800r,20260914_194714_ogbn-papers100M_FedAvg_bs32_seed42_beta10000p0,ogbn-papers100M,FedAvg,32,42,10000.0,768,validation,0.3157,2.8856,0.3157,2.8856,2304,0.10428500175476074,0.10428500175476074,0.5165212154388428,0.6208062171936035,480.92180585861206,0.5165212154388428,0.6208062171936035,480.92180585861206
nc_papers100m_195trainer_0hop_balanced_local_bs32_800r,20260914_194714_ogbn-papers100M_FedAvg_bs32_seed42_beta10000p0,ogbn-papers100M,FedAvg,32,42,10000.0,769,validation,0.3158,2.8853,0.3158,2.8853,2307,0.10535931587219238,0.10535931587219238,0.5218503475189209,0.6272096633911133,481.5490155220032,0.5218503475189209,0.6272096633911133,481.5490155220032
nc_papers100m_195trainer_0hop_balanced_local_bs32_800r,20260914_194714_ogbn-papers100M_FedAvg_bs32_seed42_beta10000p0,ogbn-papers100M,FedAvg,32,42,10000.0,770,validation,0.3156,2.8847,0.3156,2.8847,2310,0.10162949562072754,0.10162949562072754,0.5149424076080322,0.6165719032287598,482.16558742523193,0.5149424076080322,0.6165719032287598,482.16558742523193
nc_papers100m_195trainer_0hop_balanced_local_bs32_800r,20260914_194714_ogbn-papers100M_FedAvg_bs32_seed42_beta10000p0,ogbn-papers100M,FedAvg,32,42,10000.0,771,validation,0.3152,2.8847,0.3152,2.8847,2313,0.1045992374420166,0.1045992374420166,0.5209150314331055,0.6255142688751221,482.79110169410706,0.5209150314331055,0.6255142688751221,482.79110169410706
nc_papers100m_195trainer_0hop_balanced_local_bs32_800r,20260914_194714_ogbn-papers100M_FedAvg_bs32_seed42_beta10000p0,ogbn-papers100M,FedAvg,32,42,10000.0,772,validation,0.315,2.8848,0.315,2.8848,2316,0.10219192504882812,0.10219192504882812,0.5216732025146484,0.6238651275634766,483.41496682167053,0.5216732025146484,0.6238651275634766,483.41496682167053
nc_papers100m_195trainer_0hop_balanced_local_bs32_800r,20260914_194714_ogbn-papers100M_FedAvg_bs32_seed42_beta10000p0,ogbn-papers100M,FedAvg,32,42,10000.0,773,validation,0.3154,2.8841,0.3154,2.8841,2319,0.10419273376464844,0.10419273376464844,0.5113492012023926,0.615541934967041,484.0305087566376,0.5113492012023926,0.615541934967041,484.0305087566376
nc_papers100m_195trainer_0hop_balanced_local_bs32_800r,20260914_194714_ogbn-papers100M_FedAvg_bs32_seed42_beta10000p0,ogbn-papers100M,FedAvg,32,42,10000.0,774,validation,0.3161,2.8827,0.3161,2.8827,2322,0.10480856895446777,0.10480856895446777,0.51576828956604,0.6205768585205078,484.6510856151581,0.51576828956604,0.6205768585205078,484.6510856151581
nc_papers100m_195trainer_0hop_balanced_local_bs32_800r,20260914_194714_ogbn-papers100M_FedAvg_bs32_seed42_beta10000p0,ogbn-papers100M,FedAvg,32,42,10000.0,775,validation,0.3157,2.8825,0.3157,2.8825,2325,0.10413575172424316,0.10413575172424316,0.5073001384735107,0.6114358901977539,485.26252150535583,0.5073001384735107,0.6114358901977539,485.26252150535583
nc_papers100m_195trainer_0hop_balanced_local_bs32_800r,20260914_194714_ogbn-papers100M_FedAvg_bs32_seed42_beta10000p0,ogbn-papers100M,FedAvg,32,42,10000.0,776,validation,0.3165,2.8812,0.3165,2.8812,2328,0.10341739654541016,0.10341739654541016,0.5025520324707031,0.6059694290161133,485.86849093437195,0.5025520324707031,0.6059694290161133,485.86849093437195
nc_papers100m_195trainer_0hop_balanced_local_bs32_800r,20260914_194714_ogbn-papers100M_FedAvg_bs32_seed42_beta10000p0,ogbn-papers100M,FedAvg,32,42,10000.0,777,validation,0.3168,2.8804,0.3168,2.8804,2331,0.10298442840576172,0.10298442840576172,0.665086030960083,0.7680704593658447,486.6365613937378,0.665086030960083,0.7680704593658447,486.6365613937378
nc_papers100m_195trainer_0hop_balanced_local_bs32_800r,20260914_194714_ogbn-papers100M_FedAvg_bs32_seed42_beta10000p0,ogbn-papers100M,FedAvg,32,42,10000.0,778,validation,0.3164,2.8799,0.3164,2.8799,2334,0.10472941398620605,0.10472941398620605,0.5012245178222656,0.6059539318084717,487.24251532554626,0.5012245178222656,0.6059539318084717,487.24251532554626
nc_papers100m_195trainer_0hop_balanced_local_bs32_800r,20260914_194714_ogbn-papers100M_FedAvg_bs32_seed42_beta10000p0,ogbn-papers100M,FedAvg,32,42,10000.0,779,validation,0.3164,2.8795,0.3164,2.8795,2337,0.10667204856872559,0.10667204856872559,0.5093371868133545,0.6160092353820801,487.85852456092834,0.5093371868133545,0.6160092353820801,487.85852456092834
nc_papers100m_195trainer_0hop_balanced_local_bs32_800r,20260914_194714_ogbn-papers100M_FedAvg_bs32_seed42_beta10000p0,ogbn-papers100M,FedAvg,32,42,10000.0,780,validation,0.3163,2.8787,0.3163,2.8787,2340,0.10420107841491699,0.10420107841491699,0.5277910232543945,0.6319921016693115,488.49051666259766,0.5277910232543945,0.6319921016693115,488.49051666259766
nc_papers100m_195trainer_0hop_balanced_local_bs32_800r,20260914_194714_ogbn-papers100M_FedAvg_bs32_seed42_beta10000p0,ogbn-papers100M,FedAvg,32,42,10000.0,781,validation,0.3165,2.878,0.3165,2.878,2343,0.10351181030273438,0.10351181030273438,0.5132553577423096,0.616767168045044,489.1072838306427,0.5132553577423096,0.616767168045044,489.1072838306427
nc_papers100m_195trainer_0hop_balanced_local_bs32_800r,20260914_194714_ogbn-papers100M_FedAvg_bs32_seed42_beta10000p0,ogbn-papers100M,FedAvg,32,42,10000.0,782,validation,0.3166,2.8779,0.3166,2.8779,2346,0.10724735260009766,0.10724735260009766,0.5138759613037109,0.6211233139038086,489.7284071445465,0.5138759613037109,0.6211233139038086,489.7284071445465
nc_papers100m_195trainer_0hop_balanced_local_bs32_800r,20260914_194714_ogbn-papers100M_FedAvg_bs32_seed42_beta10000p0,ogbn-papers100M,FedAvg,32,42,10000.0,783,validation,0.3168,2.8772,0.3168,2.8772,2349,0.10275006294250488,0.10275006294250488,0.502629280090332,0.6053793430328369,490.33378648757935,0.502629280090332,0.6053793430328369,490.33378648757935
nc_papers100m_195trainer_0hop_balanced_local_bs32_800r,20260914_194714_ogbn-papers100M_FedAvg_bs32_seed42_beta10000p0,ogbn-papers100M,FedAvg,32,42,10000.0,784,validation,0.317,2.8764,0.317,2.8764,2352,0.10951924324035645,0.10951924324035645,0.526710033416748,0.6362292766571045,490.97001576423645,0.526710033416748,0.6362292766571045,490.97001576423645
nc_papers100m_195trainer_0hop_balanced_local_bs32_800r,20260914_194714_ogbn-papers100M_FedAvg_bs32_seed42_beta10000p0,ogbn-papers100M,FedAvg,32,42,10000.0,785,validation,0.3175,2.8763,0.3175,2.8763,2355,0.10575175285339355,0.10575175285339355,0.5188789367675781,0.6246306896209717,491.5946464538574,0.5188789367675781,0.6246306896209717,491.5946464538574
nc_papers100m_195trainer_0hop_balanced_local_bs32_800r,20260914_194714_ogbn-papers100M_FedAvg_bs32_seed42_beta10000p0,ogbn-papers100M,FedAvg,32,42,10000.0,786,validation,0.3173,2.8754,0.3173,2.8754,2358,0.10276222229003906,0.10276222229003906,0.5206954479217529,0.623457670211792,492.2181041240692,0.5206954479217529,0.623457670211792,492.2181041240692
nc_papers100m_195trainer_0hop_balanced_local_bs32_800r,20260914_194714_ogbn-papers100M_FedAvg_bs32_seed42_beta10000p0,ogbn-papers100M,FedAvg,32,42,10000.0,787,validation,0.3174,2.8747,0.3174,2.8747,2361,0.10440969467163086,0.10440969467163086,0.5212969779968262,0.625706672668457,492.84381079673767,0.5212969779968262,0.625706672668457,492.84381079673767
nc_papers100m_195trainer_0hop_balanced_local_bs32_800r,20260914_194714_ogbn-papers100M_FedAvg_bs32_seed42_beta10000p0,ogbn-papers100M,FedAvg,32,42,10000.0,788,validation,0.3176,2.8734,0.3176,2.8734,2364,0.10384583473205566,0.10384583473205566,0.5145840644836426,0.6184298992156982,493.46224069595337,0.5145840644836426,0.6184298992156982,493.46224069595337
nc_papers100m_195trainer_0hop_balanced_local_bs32_800r,20260914_194714_ogbn-papers100M_FedAvg_bs32_seed42_beta10000p0,ogbn-papers100M,FedAvg,32,42,10000.0,789,validation,0.3177,2.8727,0.3177,2.8727,2367,0.10523796081542969,0.10523796081542969,0.5169293880462646,0.6221673488616943,494.08440804481506,0.5169293880462646,0.6221673488616943,494.08440804481506
nc_papers100m_195trainer_0hop_balanced_local_bs32_800r,20260914_194714_ogbn-papers100M_FedAvg_bs32_seed42_beta10000p0,ogbn-papers100M,FedAvg,32,42,10000.0,790,validation,0.3181,2.8723,0.3181,2.8723,2370,0.10520458221435547,0.10520458221435547,0.5123434066772461,0.6175479888916016,494.70195603370667,0.5123434066772461,0.6175479888916016,494.70195603370667
nc_papers100m_195trainer_0hop_balanced_local_bs32_800r,20260914_194714_ogbn-papers100M_FedAvg_bs32_seed42_beta10000p0,ogbn-papers100M,FedAvg,32,42,10000.0,791,validation,0.3178,2.8721,0.3178,2.8721,2373,0.10478043556213379,0.10478043556213379,0.5268232822418213,0.6316037178039551,495.3335597515106,0.5268232822418213,0.6316037178039551,495.3335597515106
nc_papers100m_195trainer_0hop_balanced_local_bs32_800r,20260914_194714_ogbn-papers100M_FedAvg_bs32_seed42_beta10000p0,ogbn-papers100M,FedAvg,32,42,10000.0,792,validation,0.3178,2.8723,0.3178,2.8723,2376,0.10351395606994629,0.10351395606994629,0.523087739944458,0.6266016960144043,495.960161447525,0.523087739944458,0.6266016960144043,495.960161447525
nc_papers100m_195trainer_0hop_balanced_local_bs32_800r,20260914_194714_ogbn-papers100M_FedAvg_bs32_seed42_beta10000p0,ogbn-papers100M,FedAvg,32,42,10000.0,793,validation,0.3176,2.8716,0.3176,2.8716,2379,0.1036386489868164,0.1036386489868164,0.5159540176391602,0.6195926666259766,496.579754114151,0.5159540176391602,0.6195926666259766,496.579754114151
nc_papers100m_195trainer_0hop_balanced_local_bs32_800r,20260914_194714_ogbn-papers100M_FedAvg_bs32_seed42_beta10000p0,ogbn-papers100M,FedAvg,32,42,10000.0,794,validation,0.3176,2.8714,0.3176,2.8714,2382,0.10452818870544434,0.10452818870544434,0.5146381855010986,0.619166374206543,497.19892048835754,0.5146381855010986,0.619166374206543,497.19892048835754
nc_papers100m_195trainer_0hop_balanced_local_bs32_800r,20260914_194714_ogbn-papers100M_FedAvg_bs32_seed42_beta10000p0,ogbn-papers100M,FedAvg,32,42,10000.0,795,validation,0.3175,2.8713,0.3175,2.8713,2385,0.10659956932067871,0.10659956932067871,0.5092306137084961,0.6158301830291748,497.8147506713867,0.5092306137084961,0.6158301830291748,497.8147506713867
nc_papers100m_195trainer_0hop_balanced_local_bs32_800r,20260914_194714_ogbn-papers100M_FedAvg_bs32_seed42_beta10000p0,ogbn-papers100M,FedAvg,32,42,10000.0,796,validation,0.3178,2.8698,0.3178,2.8698,2388,0.11031365394592285,0.11031365394592285,0.5249700546264648,0.6352837085723877,498.4500343799591,0.5249700546264648,0.6352837085723877,498.4500343799591
nc_papers100m_195trainer_0hop_balanced_local_bs32_800r,20260914_194714_ogbn-papers100M_FedAvg_bs32_seed42_beta10000p0,ogbn-papers100M,FedAvg,32,42,10000.0,797,validation,0.3178,2.8696,0.3178,2.8696,2391,0.10141277313232422,0.10141277313232422,0.5077528953552246,0.6091656684875488,499.05920004844666,0.5077528953552246,0.6091656684875488,499.05920004844666
nc_papers100m_195trainer_0hop_balanced_local_bs32_800r,20260914_194714_ogbn-papers100M_FedAvg_bs32_seed42_beta10000p0,ogbn-papers100M,FedAvg,32,42,10000.0,798,validation,0.318,2.8687,0.318,2.8687,2394,0.10174107551574707,0.10174107551574707,0.5082502365112305,0.6099913120269775,499.66919136047363,0.5082502365112305,0.6099913120269775,499.66919136047363
nc_papers100m_195trainer_0hop_balanced_local_bs32_800r,20260914_194714_ogbn-papers100M_FedAvg_bs32_seed42_beta10000p0,ogbn-papers100M,FedAvg,32,42,10000.0,799,validation,0.3186,2.8674,0.3186,2.8674,2397,0.10634064674377441,0.10634064674377441,0.5173697471618652,0.6237103939056396,500.2929017543793,0.5173697471618652,0.6237103939056396,500.2929017543793
nc_papers100m_195trainer_0hop_balanced_local_bs32_800r,20260914_194714_ogbn-papers100M_FedAvg_bs32_seed42_beta10000p0,ogbn-papers100M,FedAvg,32,42,10000.0,800,validation,0.3189,2.867,0.3189,2.867,2400,0.10132503509521484,0.10132503509521484,0.5154139995574951,0.61673903465271,500.909640789032,0.5154139995574951,0.61673903465271,500.909640789032
